run_id,timestamp,claim_id,experiment_id,workload,variant,adapter_commit,config_hash,seed,repetition,order_index,parameter_set,parameters_json,input_scale,native_work_units,threads,cores_visible,phase,latency_ms,cpu_time_ms,peak_rss_mb,proof_bytes,verify_ok,exit_code,error_type,page_faults,process_read_bytes,process_write_bytes,peak_swap_mb,ram_per_application_unit,process_counter_provider,measurement_scope,energy_joules,energy_source,cold_start,invalid_proof_kind,rejection_latency_ms,metric_unavailable_reason,boundary_reason,evidence_class,result_scope,run_role,recorded,phase_supported,phase_status,phase_metrics_json,constraints,public_inputs,native_relation_size,relation_unit,counter_sampling_interval_ms,counter_samples
8cf44f56-9235-4bc1-88a0-a731dc6f440f,2026-08-20T11:04:47.991921+00:00,PAPER-RQ3-PCAS,paper-pcas-bulletproofs-v1,private_swap,bulletproofs-5.0.0-ristretto,7cdc095c81f873e9684a8d88adf809fac9d1d7be,76a7fd2dd876ffaa0bb633c7b1cb4646e0969bb6325719d255ae6c0d0968cb1f,8638066593605423408,0,0,pcas-paper-r1,"{""ablation"":""full"",""application_units"":2,""hash_rounds"":5,""membership_paths"":2,""merkle_depth"":32,""range_bits"":64,""scale_mode"":""target_native_size"",""time_bits"":32}",65536,65536,16,16,native_execution,8.022854,,,,,,,,,,,,,phase,,,true,,,,,measured,paper-scale PCAS campaign,os_cache_primer,false,true,ok,"{""application_units"":2.0,""r1cs_multipliers"":65536.0}",,,,,,
8cf44f56-9235-4bc1-88a0-a731dc6f440f,2026-08-20T11:04:47.991986+00:00,PAPER-RQ3-PCAS,paper-pcas-bulletproofs-v1,private_swap,bulletproofs-5.0.0-ristretto,7cdc095c81f873e9684a8d88adf809fac9d1d7be,76a7fd2dd876ffaa0bb633c7b1cb4646e0969bb6325719d255ae6c0d0968cb1f,8638066593605423408,0,0,pcas-paper-r1,"{""ablation"":""full"",""application_units"":2,""hash_rounds"":5,""membership_paths"":2,""merkle_depth"":32,""range_bits"":64,""scale_mode"":""target_native_size"",""time_bits"":32}",65536,65536,16,16,setup_or_preprocess,1139.390544,,,,,,,,,,,,,phase,,,true,,,,,measured,paper-scale PCAS campaign,os_cache_primer,false,true,ok,"{""generator_capacity"":65536.0}",,,,,,
8cf44f56-9235-4bc1-88a0-a731dc6f440f,2026-08-20T11:04:47.992008+00:00,PAPER-RQ3-PCAS,paper-pcas-bulletproofs-v1,private_swap,bulletproofs-5.0.0-ristretto,7cdc095c81f873e9684a8d88adf809fac9d1d7be,76a7fd2dd876ffaa0bb633c7b1cb4646e0969bb6325719d255ae6c0d0968cb1f,8638066593605423408,0,0,pcas-paper-r1,"{""ablation"":""full"",""application_units"":2,""hash_rounds"":5,""membership_paths"":2,""merkle_depth"":32,""range_bits"":64,""scale_mode"":""target_native_size"",""time_bits"":32}",65536,65536,16,16,key_load,,,,,,,,,,,,,,phase,,,true,,,Bulletproofs uses deterministic generators and has no proving or verification key,,measured,paper-scale PCAS campaign,os_cache_primer,false,false,unsupported,{},,,,,,
8cf44f56-9235-4bc1-88a0-a731dc6f440f,2026-08-20T11:04:47.992025+00:00,PAPER-RQ3-PCAS,paper-pcas-bulletproofs-v1,private_swap,bulletproofs-5.0.0-ristretto,7cdc095c81f873e9684a8d88adf809fac9d1d7be,76a7fd2dd876ffaa0bb633c7b1cb4646e0969bb6325719d255ae6c0d0968cb1f,8638066593605423408,0,0,pcas-paper-r1,"{""ablation"":""full"",""application_units"":2,""hash_rounds"":5,""membership_paths"":2,""merkle_depth"":32,""range_bits"":64,""scale_mode"":""target_native_size"",""time_bits"":32}",65536,65536,16,16,commitment,0.542540,,,,,,,,,,,,,phase,,,true,,,,,measured,paper-scale PCAS campaign,os_cache_primer,false,true,ok,{},,,,,,
8cf44f56-9235-4bc1-88a0-a731dc6f440f,2026-08-20T11:04:47.992040+00:00,PAPER-RQ3-PCAS,paper-pcas-bulletproofs-v1,private_swap,bulletproofs-5.0.0-ristretto,7cdc095c81f873e9684a8d88adf809fac9d1d7be,76a7fd2dd876ffaa0bb633c7b1cb4646e0969bb6325719d255ae6c0d0968cb1f,8638066593605423408,0,0,pcas-paper-r1,"{""ablation"":""full"",""application_units"":2,""hash_rounds"":5,""membership_paths"":2,""merkle_depth"":32,""range_bits"":64,""scale_mode"":""target_native_size"",""time_bits"":32}",65536,65536,16,16,witness,55.347346,,,,,,,,,,,,,phase,,,true,,,,,measured,paper-scale PCAS campaign,os_cache_primer,false,true,ok,"{""generator_capacity"":65536.0,""r1cs_multipliers"":65536.0}",,,,,,
8cf44f56-9235-4bc1-88a0-a731dc6f440f,2026-08-20T11:04:47.992055+00:00,PAPER-RQ3-PCAS,paper-pcas-bulletproofs-v1,private_swap,bulletproofs-5.0.0-ristretto,7cdc095c81f873e9684a8d88adf809fac9d1d7be,76a7fd2dd876ffaa0bb633c7b1cb4646e0969bb6325719d255ae6c0d0968cb1f,8638066593605423408,0,0,pcas-paper-r1,"{""ablation"":""full"",""application_units"":2,""hash_rounds"":5,""membership_paths"":2,""merkle_depth"":32,""range_bits"":64,""scale_mode"":""target_native_size"",""time_bits"":32}",65536,65536,16,16,prove_total,7595.632240,,,,,,,,,,,,,phase,,,true,,,,,measured,paper-scale PCAS campaign,os_cache_primer,false,true,ok,"{""r1cs_multipliers"":65536.0}",,,,,,
8cf44f56-9235-4bc1-88a0-a731dc6f440f,2026-08-20T11:04:47.992070+00:00,PAPER-RQ3-PCAS,paper-pcas-bulletproofs-v1,private_swap,bulletproofs-5.0.0-ristretto,7cdc095c81f873e9684a8d88adf809fac9d1d7be,76a7fd2dd876ffaa0bb633c7b1cb4646e0969bb6325719d255ae6c0d0968cb1f,8638066593605423408,0,0,pcas-paper-r1,"{""ablation"":""full"",""application_units"":2,""hash_rounds"":5,""membership_paths"":2,""merkle_depth"":32,""range_bits"":64,""scale_mode"":""target_native_size"",""time_bits"":32}",65536,65536,16,16,serialize,0.005720,,,,,,,,,,,,,phase,,,true,,,,,measured,paper-scale PCAS campaign,os_cache_primer,false,true,ok,"{""proof_bytes"":1441.0}",,,,,,
8cf44f56-9235-4bc1-88a0-a731dc6f440f,2026-08-20T11:04:47.992085+00:00,PAPER-RQ3-PCAS,paper-pcas-bulletproofs-v1,private_swap,bulletproofs-5.0.0-ristretto,7cdc095c81f873e9684a8d88adf809fac9d1d7be,76a7fd2dd876ffaa0bb633c7b1cb4646e0969bb6325719d255ae6c0d0968cb1f,8638066593605423408,0,0,pcas-paper-r1,"{""ablation"":""full"",""application_units"":2,""hash_rounds"":5,""membership_paths"":2,""merkle_depth"":32,""range_bits"":64,""scale_mode"":""target_native_size"",""time_bits"":32}",65536,65536,16,16,deserialize,0.002475,,,,,,,,,,,,,phase,,,true,,,,,measured,paper-scale PCAS campaign,os_cache_primer,false,true,ok,"{""proof_bytes"":1441.0}",,,,,,
8cf44f56-9235-4bc1-88a0-a731dc6f440f,2026-08-20T11:04:47.992100+00:00,PAPER-RQ3-PCAS,paper-pcas-bulletproofs-v1,private_swap,bulletproofs-5.0.0-ristretto,7cdc095c81f873e9684a8d88adf809fac9d1d7be,76a7fd2dd876ffaa0bb633c7b1cb4646e0969bb6325719d255ae6c0d0968cb1f,8638066593605423408,0,0,pcas-paper-r1,"{""ablation"":""full"",""application_units"":2,""hash_rounds"":5,""membership_paths"":2,""merkle_depth"":32,""range_bits"":64,""scale_mode"":""target_native_size"",""time_bits"":32}",65536,65536,16,16,fft_ntt,,,,,,,,,,,,,,phase,,,true,,,the Bulletproofs R1CS prover does not use an FFT or NTT phase,,measured,paper-scale PCAS campaign,os_cache_primer,false,false,unsupported,{},,,,,,
8cf44f56-9235-4bc1-88a0-a731dc6f440f,2026-08-20T11:04:47.992115+00:00,PAPER-RQ3-PCAS,paper-pcas-bulletproofs-v1,private_swap,bulletproofs-5.0.0-ristretto,7cdc095c81f873e9684a8d88adf809fac9d1d7be,76a7fd2dd876ffaa0bb633c7b1cb4646e0969bb6325719d255ae6c0d0968cb1f,8638066593605423408,0,0,pcas-paper-r1,"{""ablation"":""full"",""application_units"":2,""hash_rounds"":5,""membership_paths"":2,""merkle_depth"":32,""range_bits"":64,""scale_mode"":""target_native_size"",""time_bits"":32}",65536,65536,16,16,msm,,,,,,,,,,,,,,phase,,,true,,,the library does not expose its internal multiscalar multiplications as a timed phase,,measured,paper-scale PCAS campaign,os_cache_primer,false,false,unsupported,{},,,,,,
8cf44f56-9235-4bc1-88a0-a731dc6f440f,2026-08-20T11:04:47.992129+00:00,PAPER-RQ3-PCAS,paper-pcas-bulletproofs-v1,private_swap,bulletproofs-5.0.0-ristretto,7cdc095c81f873e9684a8d88adf809fac9d1d7be,76a7fd2dd876ffaa0bb633c7b1cb4646e0969bb6325719d255ae6c0d0968cb1f,8638066593605423408,0,0,pcas-paper-r1,"{""ablation"":""full"",""application_units"":2,""hash_rounds"":5,""membership_paths"":2,""merkle_depth"":32,""range_bits"":64,""scale_mode"":""target_native_size"",""time_bits"":32}",65536,65536,16,16,verify_core,524.136384,,,,,,,,,,,,,phase,,,true,,,,,measured,paper-scale PCAS campaign,os_cache_primer,false,true,ok,"{""r1cs_multipliers"":65536.0}",,,,,,
8cf44f56-9235-4bc1-88a0-a731dc6f440f,2026-08-20T11:04:47.992144+00:00,PAPER-RQ3-PCAS,paper-pcas-bulletproofs-v1,private_swap,bulletproofs-5.0.0-ristretto,7cdc095c81f873e9684a8d88adf809fac9d1d7be,76a7fd2dd876ffaa0bb633c7b1cb4646e0969bb6325719d255ae6c0d0968cb1f,8638066593605423408,0,0,pcas-paper-r1,"{""ablation"":""full"",""application_units"":2,""hash_rounds"":5,""membership_paths"":2,""merkle_depth"":32,""range_bits"":64,""scale_mode"":""target_native_size"",""time_bits"":32}",65536,65536,16,16,verify_total,524.136384,,,,,,,,,,,,,phase,,,true,,,,,measured,paper-scale PCAS campaign,os_cache_primer,false,true,ok,{},,,,,,
8cf44f56-9235-4bc1-88a0-a731dc6f440f,2026-08-20T11:04:47.992158+00:00,PAPER-RQ3-PCAS,paper-pcas-bulletproofs-v1,private_swap,bulletproofs-5.0.0-ristretto,7cdc095c81f873e9684a8d88adf809fac9d1d7be,76a7fd2dd876ffaa0bb633c7b1cb4646e0969bb6325719d255ae6c0d0968cb1f,8638066593605423408,0,0,pcas-paper-r1,"{""ablation"":""full"",""application_units"":2,""hash_rounds"":5,""membership_paths"":2,""merkle_depth"":32,""range_bits"":64,""scale_mode"":""target_native_size"",""time_bits"":32}",65536,65536,16,16,adapter_process_wall,9385.731777,9310.000000,229.824219,1441,true,0,,170086,956,,,,linux-procfs,process,,,true,,,"Linux procfs read failed: [Errno 13] Permission denied: '/proc/2573/io'; private commit and per-process swap I/O are unavailable; VmSwap reports allocation, not swap traffic; No documented hardware or OS energy counter is configured in WSL2",,measured,paper-scale PCAS campaign,os_cache_primer,false,true,ok,{},65536,3,65536,r1cs_multipliers,5.0,1725
97a3605f-30da-43c3-a3cf-3d9423f72eec,2026-08-20T11:04:58.375330+00:00,PAPER-RQ3-PCAS,paper-pcas-bulletproofs-v1,private_swap,bulletproofs-5.0.0-ristretto,7cdc095c81f873e9684a8d88adf809fac9d1d7be,76a7fd2dd876ffaa0bb633c7b1cb4646e0969bb6325719d255ae6c0d0968cb1f,5324641559394326928,1,1,pcas-paper-r1,"{""ablation"":""full"",""application_units"":2,""hash_rounds"":5,""membership_paths"":2,""merkle_depth"":32,""range_bits"":64,""scale_mode"":""target_native_size"",""time_bits"":32}",65536,65536,16,16,native_execution,8.065293,,,,,,,,,,,,,phase,,,true,,,,,measured,paper-scale PCAS campaign,os_cache_primer,false,true,ok,"{""application_units"":2.0,""r1cs_multipliers"":65536.0}",,,,,,
97a3605f-30da-43c3-a3cf-3d9423f72eec,2026-08-20T11:04:58.375416+00:00,PAPER-RQ3-PCAS,paper-pcas-bulletproofs-v1,private_swap,bulletproofs-5.0.0-ristretto,7cdc095c81f873e9684a8d88adf809fac9d1d7be,76a7fd2dd876ffaa0bb633c7b1cb4646e0969bb6325719d255ae6c0d0968cb1f,5324641559394326928,1,1,pcas-paper-r1,"{""ablation"":""full"",""application_units"":2,""hash_rounds"":5,""membership_paths"":2,""merkle_depth"":32,""range_bits"":64,""scale_mode"":""target_native_size"",""time_bits"":32}",65536,65536,16,16,setup_or_preprocess,988.140846,,,,,,,,,,,,,phase,,,true,,,,,measured,paper-scale PCAS campaign,os_cache_primer,false,true,ok,"{""generator_capacity"":65536.0}",,,,,,
97a3605f-30da-43c3-a3cf-3d9423f72eec,2026-08-20T11:04:58.375443+00:00,PAPER-RQ3-PCAS,paper-pcas-bulletproofs-v1,private_swap,bulletproofs-5.0.0-ristretto,7cdc095c81f873e9684a8d88adf809fac9d1d7be,76a7fd2dd876ffaa0bb633c7b1cb4646e0969bb6325719d255ae6c0d0968cb1f,5324641559394326928,1,1,pcas-paper-r1,"{""ablation"":""full"",""application_units"":2,""hash_rounds"":5,""membership_paths"":2,""merkle_depth"":32,""range_bits"":64,""scale_mode"":""target_native_size"",""time_bits"":32}",65536,65536,16,16,key_load,,,,,,,,,,,,,,phase,,,true,,,Bulletproofs uses deterministic generators and has no proving or verification key,,measured,paper-scale PCAS campaign,os_cache_primer,false,false,unsupported,{},,,,,,
97a3605f-30da-43c3-a3cf-3d9423f72eec,2026-08-20T11:04:58.375464+00:00,PAPER-RQ3-PCAS,paper-pcas-bulletproofs-v1,private_swap,bulletproofs-5.0.0-ristretto,7cdc095c81f873e9684a8d88adf809fac9d1d7be,76a7fd2dd876ffaa0bb633c7b1cb4646e0969bb6325719d255ae6c0d0968cb1f,5324641559394326928,1,1,pcas-paper-r1,"{""ablation"":""full"",""application_units"":2,""hash_rounds"":5,""membership_paths"":2,""merkle_depth"":32,""range_bits"":64,""scale_mode"":""target_native_size"",""time_bits"":32}",65536,65536,16,16,commitment,0.427255,,,,,,,,,,,,,phase,,,true,,,,,measured,paper-scale PCAS campaign,os_cache_primer,false,true,ok,{},,,,,,
97a3605f-30da-43c3-a3cf-3d9423f72eec,2026-08-20T11:04:58.375483+00:00,PAPER-RQ3-PCAS,paper-pcas-bulletproofs-v1,private_swap,bulletproofs-5.0.0-ristretto,7cdc095c81f873e9684a8d88adf809fac9d1d7be,76a7fd2dd876ffaa0bb633c7b1cb4646e0969bb6325719d255ae6c0d0968cb1f,5324641559394326928,1,1,pcas-paper-r1,"{""ablation"":""full"",""application_units"":2,""hash_rounds"":5,""membership_paths"":2,""merkle_depth"":32,""range_bits"":64,""scale_mode"":""target_native_size"",""time_bits"":32}",65536,65536,16,16,witness,53.132424,,,,,,,,,,,,,phase,,,true,,,,,measured,paper-scale PCAS campaign,os_cache_primer,false,true,ok,"{""generator_capacity"":65536.0,""r1cs_multipliers"":65536.0}",,,,,,
97a3605f-30da-43c3-a3cf-3d9423f72eec,2026-08-20T11:04:58.375502+00:00,PAPER-RQ3-PCAS,paper-pcas-bulletproofs-v1,private_swap,bulletproofs-5.0.0-ristretto,7cdc095c81f873e9684a8d88adf809fac9d1d7be,76a7fd2dd876ffaa0bb633c7b1cb4646e0969bb6325719d255ae6c0d0968cb1f,5324641559394326928,1,1,pcas-paper-r1,"{""ablation"":""full"",""application_units"":2,""hash_rounds"":5,""membership_paths"":2,""merkle_depth"":32,""range_bits"":64,""scale_mode"":""target_native_size"",""time_bits"":32}",65536,65536,16,16,prove_total,8696.649742,,,,,,,,,,,,,phase,,,true,,,,,measured,paper-scale PCAS campaign,os_cache_primer,false,true,ok,"{""r1cs_multipliers"":65536.0}",,,,,,
97a3605f-30da-43c3-a3cf-3d9423f72eec,2026-08-20T11:04:58.375520+00:00,PAPER-RQ3-PCAS,paper-pcas-bulletproofs-v1,private_swap,bulletproofs-5.0.0-ristretto,7cdc095c81f873e9684a8d88adf809fac9d1d7be,76a7fd2dd876ffaa0bb633c7b1cb4646e0969bb6325719d255ae6c0d0968cb1f,5324641559394326928,1,1,pcas-paper-r1,"{""ablation"":""full"",""application_units"":2,""hash_rounds"":5,""membership_paths"":2,""merkle_depth"":32,""range_bits"":64,""scale_mode"":""target_native_size"",""time_bits"":32}",65536,65536,16,16,serialize,0.004008,,,,,,,,,,,,,phase,,,true,,,,,measured,paper-scale PCAS campaign,os_cache_primer,false,true,ok,"{""proof_bytes"":1441.0}",,,,,,
97a3605f-30da-43c3-a3cf-3d9423f72eec,2026-08-20T11:04:58.375537+00:00,PAPER-RQ3-PCAS,paper-pcas-bulletproofs-v1,private_swap,bulletproofs-5.0.0-ristretto,7cdc095c81f873e9684a8d88adf809fac9d1d7be,76a7fd2dd876ffaa0bb633c7b1cb4646e0969bb6325719d255ae6c0d0968cb1f,5324641559394326928,1,1,pcas-paper-r1,"{""ablation"":""full"",""application_units"":2,""hash_rounds"":5,""membership_paths"":2,""merkle_depth"":32,""range_bits"":64,""scale_mode"":""target_native_size"",""time_bits"":32}",65536,65536,16,16,deserialize,0.001744,,,,,,,,,,,,,phase,,,true,,,,,measured,paper-scale PCAS campaign,os_cache_primer,false,true,ok,"{""proof_bytes"":1441.0}",,,,,,
97a3605f-30da-43c3-a3cf-3d9423f72eec,2026-08-20T11:04:58.375555+00:00,PAPER-RQ3-PCAS,paper-pcas-bulletproofs-v1,private_swap,bulletproofs-5.0.0-ristretto,7cdc095c81f873e9684a8d88adf809fac9d1d7be,76a7fd2dd876ffaa0bb633c7b1cb4646e0969bb6325719d255ae6c0d0968cb1f,5324641559394326928,1,1,pcas-paper-r1,"{""ablation"":""full"",""application_units"":2,""hash_rounds"":5,""membership_paths"":2,""merkle_depth"":32,""range_bits"":64,""scale_mode"":""target_native_size"",""time_bits"":32}",65536,65536,16,16,fft_ntt,,,,,,,,,,,,,,phase,,,true,,,the Bulletproofs R1CS prover does not use an FFT or NTT phase,,measured,paper-scale PCAS campaign,os_cache_primer,false,false,unsupported,{},,,,,,
97a3605f-30da-43c3-a3cf-3d9423f72eec,2026-08-20T11:04:58.375572+00:00,PAPER-RQ3-PCAS,paper-pcas-bulletproofs-v1,private_swap,bulletproofs-5.0.0-ristretto,7cdc095c81f873e9684a8d88adf809fac9d1d7be,76a7fd2dd876ffaa0bb633c7b1cb4646e0969bb6325719d255ae6c0d0968cb1f,5324641559394326928,1,1,pcas-paper-r1,"{""ablation"":""full"",""application_units"":2,""hash_rounds"":5,""membership_paths"":2,""merkle_depth"":32,""range_bits"":64,""scale_mode"":""target_native_size"",""time_bits"":32}",65536,65536,16,16,msm,,,,,,,,,,,,,,phase,,,true,,,the library does not expose its internal multiscalar multiplications as a timed phase,,measured,paper-scale PCAS campaign,os_cache_primer,false,false,unsupported,{},,,,,,
97a3605f-30da-43c3-a3cf-3d9423f72eec,2026-08-20T11:04:58.375589+00:00,PAPER-RQ3-PCAS,paper-pcas-bulletproofs-v1,private_swap,bulletproofs-5.0.0-ristretto,7cdc095c81f873e9684a8d88adf809fac9d1d7be,76a7fd2dd876ffaa0bb633c7b1cb4646e0969bb6325719d255ae6c0d0968cb1f,5324641559394326928,1,1,pcas-paper-r1,"{""ablation"":""full"",""application_units"":2,""hash_rounds"":5,""membership_paths"":2,""merkle_depth"":32,""range_bits"":64,""scale_mode"":""target_native_size"",""time_bits"":32}",65536,65536,16,16,verify_core,576.310034,,,,,,,,,,,,,phase,,,true,,,,,measured,paper-scale PCAS campaign,os_cache_primer,false,true,ok,"{""r1cs_multipliers"":65536.0}",,,,,,
97a3605f-30da-43c3-a3cf-3d9423f72eec,2026-08-20T11:04:58.375607+00:00,PAPER-RQ3-PCAS,paper-pcas-bulletproofs-v1,private_swap,bulletproofs-5.0.0-ristretto,7cdc095c81f873e9684a8d88adf809fac9d1d7be,76a7fd2dd876ffaa0bb633c7b1cb4646e0969bb6325719d255ae6c0d0968cb1f,5324641559394326928,1,1,pcas-paper-r1,"{""ablation"":""full"",""application_units"":2,""hash_rounds"":5,""membership_paths"":2,""merkle_depth"":32,""range_bits"":64,""scale_mode"":""target_native_size"",""time_bits"":32}",65536,65536,16,16,verify_total,576.310034,,,,,,,,,,,,,phase,,,true,,,,,measured,paper-scale PCAS campaign,os_cache_primer,false,true,ok,{},,,,,,
97a3605f-30da-43c3-a3cf-3d9423f72eec,2026-08-20T11:04:58.375624+00:00,PAPER-RQ3-PCAS,paper-pcas-bulletproofs-v1,private_swap,bulletproofs-5.0.0-ristretto,7cdc095c81f873e9684a8d88adf809fac9d1d7be,76a7fd2dd876ffaa0bb633c7b1cb4646e0969bb6325719d255ae6c0d0968cb1f,5324641559394326928,1,1,pcas-paper-r1,"{""ablation"":""full"",""application_units"":2,""hash_rounds"":5,""membership_paths"":2,""merkle_depth"":32,""range_bits"":64,""scale_mode"":""target_native_size"",""time_bits"":32}",65536,65536,16,16,adapter_process_wall,10382.186326,10310.000000,229.812500,1441,true,0,,170089,956,,,,linux-procfs,process,,,true,,,"Linux procfs read failed: [Errno 13] Permission denied: '/proc/2575/io'; private commit and per-process swap I/O are unavailable; VmSwap reports allocation, not swap traffic; No documented hardware or OS energy counter is configured in WSL2",,measured,paper-scale PCAS campaign,os_cache_primer,false,true,ok,{},65536,3,65536,r1cs_multipliers,5.0,1901
a87c119f-5e73-4c9e-b38d-85929485d588,2026-08-20T11:05:07.785794+00:00,PAPER-RQ3-PCAS,paper-pcas-bulletproofs-v1,private_swap,bulletproofs-5.0.0-ristretto,7cdc095c81f873e9684a8d88adf809fac9d1d7be,76a7fd2dd876ffaa0bb633c7b1cb4646e0969bb6325719d255ae6c0d0968cb1f,6781604730524529506,9,2,pcas-paper-r1,"{""ablation"":""full"",""application_units"":2,""hash_rounds"":5,""membership_paths"":2,""merkle_depth"":32,""range_bits"":64,""scale_mode"":""target_native_size"",""time_bits"":32}",65536,65536,16,16,native_execution,7.751961,,,,,,,,,,,,,phase,,,true,,,,,measured,paper-scale PCAS campaign,measurement,true,true,ok,"{""application_units"":2.0,""r1cs_multipliers"":65536.0}",,,,,,
a87c119f-5e73-4c9e-b38d-85929485d588,2026-08-20T11:05:07.785896+00:00,PAPER-RQ3-PCAS,paper-pcas-bulletproofs-v1,private_swap,bulletproofs-5.0.0-ristretto,7cdc095c81f873e9684a8d88adf809fac9d1d7be,76a7fd2dd876ffaa0bb633c7b1cb4646e0969bb6325719d255ae6c0d0968cb1f,6781604730524529506,9,2,pcas-paper-r1,"{""ablation"":""full"",""application_units"":2,""hash_rounds"":5,""membership_paths"":2,""merkle_depth"":32,""range_bits"":64,""scale_mode"":""target_native_size"",""time_bits"":32}",65536,65536,16,16,setup_or_preprocess,1105.354313,,,,,,,,,,,,,phase,,,true,,,,,measured,paper-scale PCAS campaign,measurement,true,true,ok,"{""generator_capacity"":65536.0}",,,,,,
a87c119f-5e73-4c9e-b38d-85929485d588,2026-08-20T11:05:07.785917+00:00,PAPER-RQ3-PCAS,paper-pcas-bulletproofs-v1,private_swap,bulletproofs-5.0.0-ristretto,7cdc095c81f873e9684a8d88adf809fac9d1d7be,76a7fd2dd876ffaa0bb633c7b1cb4646e0969bb6325719d255ae6c0d0968cb1f,6781604730524529506,9,2,pcas-paper-r1,"{""ablation"":""full"",""application_units"":2,""hash_rounds"":5,""membership_paths"":2,""merkle_depth"":32,""range_bits"":64,""scale_mode"":""target_native_size"",""time_bits"":32}",65536,65536,16,16,key_load,,,,,,,,,,,,,,phase,,,true,,,Bulletproofs uses deterministic generators and has no proving or verification key,,measured,paper-scale PCAS campaign,measurement,true,false,unsupported,{},,,,,,
a87c119f-5e73-4c9e-b38d-85929485d588,2026-08-20T11:05:07.785935+00:00,PAPER-RQ3-PCAS,paper-pcas-bulletproofs-v1,private_swap,bulletproofs-5.0.0-ristretto,7cdc095c81f873e9684a8d88adf809fac9d1d7be,76a7fd2dd876ffaa0bb633c7b1cb4646e0969bb6325719d255ae6c0d0968cb1f,6781604730524529506,9,2,pcas-paper-r1,"{""ablation"":""full"",""application_units"":2,""hash_rounds"":5,""membership_paths"":2,""merkle_depth"":32,""range_bits"":64,""scale_mode"":""target_native_size"",""time_bits"":32}",65536,65536,16,16,commitment,0.255235,,,,,,,,,,,,,phase,,,true,,,,,measured,paper-scale PCAS campaign,measurement,true,true,ok,{},,,,,,
a87c119f-5e73-4c9e-b38d-85929485d588,2026-08-20T11:05:07.785951+00:00,PAPER-RQ3-PCAS,paper-pcas-bulletproofs-v1,private_swap,bulletproofs-5.0.0-ristretto,7cdc095c81f873e9684a8d88adf809fac9d1d7be,76a7fd2dd876ffaa0bb633c7b1cb4646e0969bb6325719d255ae6c0d0968cb1f,6781604730524529506,9,2,pcas-paper-r1,"{""ablation"":""full"",""application_units"":2,""hash_rounds"":5,""membership_paths"":2,""merkle_depth"":32,""range_bits"":64,""scale_mode"":""target_native_size"",""time_bits"":32}",65536,65536,16,16,witness,53.794637,,,,,,,,,,,,,phase,,,true,,,,,measured,paper-scale PCAS campaign,measurement,true,true,ok,"{""generator_capacity"":65536.0,""r1cs_multipliers"":65536.0}",,,,,,
a87c119f-5e73-4c9e-b38d-85929485d588,2026-08-20T11:05:07.785965+00:00,PAPER-RQ3-PCAS,paper-pcas-bulletproofs-v1,private_swap,bulletproofs-5.0.0-ristretto,7cdc095c81f873e9684a8d88adf809fac9d1d7be,76a7fd2dd876ffaa0bb633c7b1cb4646e0969bb6325719d255ae6c0d0968cb1f,6781604730524529506,9,2,pcas-paper-r1,"{""ablation"":""full"",""application_units"":2,""hash_rounds"":5,""membership_paths"":2,""merkle_depth"":32,""range_bits"":64,""scale_mode"":""target_native_size"",""time_bits"":32}",65536,65536,16,16,prove_total,7658.604626,,,,,,,,,,,,,phase,,,true,,,,,measured,paper-scale PCAS campaign,measurement,true,true,ok,"{""r1cs_multipliers"":65536.0}",,,,,,
a87c119f-5e73-4c9e-b38d-85929485d588,2026-08-20T11:05:07.785980+00:00,PAPER-RQ3-PCAS,paper-pcas-bulletproofs-v1,private_swap,bulletproofs-5.0.0-ristretto,7cdc095c81f873e9684a8d88adf809fac9d1d7be,76a7fd2dd876ffaa0bb633c7b1cb4646e0969bb6325719d255ae6c0d0968cb1f,6781604730524529506,9,2,pcas-paper-r1,"{""ablation"":""full"",""application_units"":2,""hash_rounds"":5,""membership_paths"":2,""merkle_depth"":32,""range_bits"":64,""scale_mode"":""target_native_size"",""time_bits"":32}",65536,65536,16,16,serialize,0.004288,,,,,,,,,,,,,phase,,,true,,,,,measured,paper-scale PCAS campaign,measurement,true,true,ok,"{""proof_bytes"":1441.0}",,,,,,
a87c119f-5e73-4c9e-b38d-85929485d588,2026-08-20T11:05:07.785994+00:00,PAPER-RQ3-PCAS,paper-pcas-bulletproofs-v1,private_swap,bulletproofs-5.0.0-ristretto,7cdc095c81f873e9684a8d88adf809fac9d1d7be,76a7fd2dd876ffaa0bb633c7b1cb4646e0969bb6325719d255ae6c0d0968cb1f,6781604730524529506,9,2,pcas-paper-r1,"{""ablation"":""full"",""application_units"":2,""hash_rounds"":5,""membership_paths"":2,""merkle_depth"":32,""range_bits"":64,""scale_mode"":""target_native_size"",""time_bits"":32}",65536,65536,16,16,deserialize,0.001733,,,,,,,,,,,,,phase,,,true,,,,,measured,paper-scale PCAS campaign,measurement,true,true,ok,"{""proof_bytes"":1441.0}",,,,,,
a87c119f-5e73-4c9e-b38d-85929485d588,2026-08-20T11:05:07.786010+00:00,PAPER-RQ3-PCAS,paper-pcas-bulletproofs-v1,private_swap,bulletproofs-5.0.0-ristretto,7cdc095c81f873e9684a8d88adf809fac9d1d7be,76a7fd2dd876ffaa0bb633c7b1cb4646e0969bb6325719d255ae6c0d0968cb1f,6781604730524529506,9,2,pcas-paper-r1,"{""ablation"":""full"",""application_units"":2,""hash_rounds"":5,""membership_paths"":2,""merkle_depth"":32,""range_bits"":64,""scale_mode"":""target_native_size"",""time_bits"":32}",65536,65536,16,16,fft_ntt,,,,,,,,,,,,,,phase,,,true,,,the Bulletproofs R1CS prover does not use an FFT or NTT phase,,measured,paper-scale PCAS campaign,measurement,true,false,unsupported,{},,,,,,
a87c119f-5e73-4c9e-b38d-85929485d588,2026-08-20T11:05:07.786024+00:00,PAPER-RQ3-PCAS,paper-pcas-bulletproofs-v1,private_swap,bulletproofs-5.0.0-ristretto,7cdc095c81f873e9684a8d88adf809fac9d1d7be,76a7fd2dd876ffaa0bb633c7b1cb4646e0969bb6325719d255ae6c0d0968cb1f,6781604730524529506,9,2,pcas-paper-r1,"{""ablation"":""full"",""application_units"":2,""hash_rounds"":5,""membership_paths"":2,""merkle_depth"":32,""range_bits"":64,""scale_mode"":""target_native_size"",""time_bits"":32}",65536,65536,16,16,msm,,,,,,,,,,,,,,phase,,,true,,,the library does not expose its internal multiscalar multiplications as a timed phase,,measured,paper-scale PCAS campaign,measurement,true,false,unsupported,{},,,,,,
a87c119f-5e73-4c9e-b38d-85929485d588,2026-08-20T11:05:07.786038+00:00,PAPER-RQ3-PCAS,paper-pcas-bulletproofs-v1,private_swap,bulletproofs-5.0.0-ristretto,7cdc095c81f873e9684a8d88adf809fac9d1d7be,76a7fd2dd876ffaa0bb633c7b1cb4646e0969bb6325719d255ae6c0d0968cb1f,6781604730524529506,9,2,pcas-paper-r1,"{""ablation"":""full"",""application_units"":2,""hash_rounds"":5,""membership_paths"":2,""merkle_depth"":32,""range_bits"":64,""scale_mode"":""target_native_size"",""time_bits"":32}",65536,65536,16,16,verify_core,519.148980,,,,,,,,,,,,,phase,,,true,,,,,measured,paper-scale PCAS campaign,measurement,true,true,ok,"{""r1cs_multipliers"":65536.0}",,,,,,
a87c119f-5e73-4c9e-b38d-85929485d588,2026-08-20T11:05:07.786052+00:00,PAPER-RQ3-PCAS,paper-pcas-bulletproofs-v1,private_swap,bulletproofs-5.0.0-ristretto,7cdc095c81f873e9684a8d88adf809fac9d1d7be,76a7fd2dd876ffaa0bb633c7b1cb4646e0969bb6325719d255ae6c0d0968cb1f,6781604730524529506,9,2,pcas-paper-r1,"{""ablation"":""full"",""application_units"":2,""hash_rounds"":5,""membership_paths"":2,""merkle_depth"":32,""range_bits"":64,""scale_mode"":""target_native_size"",""time_bits"":32}",65536,65536,16,16,verify_total,519.148980,,,,,,,,,,,,,phase,,,true,,,,,measured,paper-scale PCAS campaign,measurement,true,true,ok,{},,,,,,
a87c119f-5e73-4c9e-b38d-85929485d588,2026-08-20T11:05:07.786067+00:00,PAPER-RQ3-PCAS,paper-pcas-bulletproofs-v1,private_swap,bulletproofs-5.0.0-ristretto,7cdc095c81f873e9684a8d88adf809fac9d1d7be,76a7fd2dd876ffaa0bb633c7b1cb4646e0969bb6325719d255ae6c0d0968cb1f,6781604730524529506,9,2,pcas-paper-r1,"{""ablation"":""full"",""application_units"":2,""hash_rounds"":5,""membership_paths"":2,""merkle_depth"":32,""range_bits"":64,""scale_mode"":""target_native_size"",""time_bits"":32}",65536,65536,16,16,adapter_process_wall,9409.099855,9330.000000,229.832031,1441,true,0,,170088,956,,,,linux-procfs,process,,,true,,,"Linux procfs read failed: [Errno 13] Permission denied: '/proc/2577/io'; private commit and per-process swap I/O are unavailable; VmSwap reports allocation, not swap traffic; No documented hardware or OS energy counter is configured in WSL2",,measured,paper-scale PCAS campaign,measurement,true,true,ok,{},65536,3,65536,r1cs_multipliers,5.0,1724
7f4e5a47-6dd8-42eb-8d5e-88baa0f591bd,2026-08-20T11:05:17.821388+00:00,PAPER-RQ3-PCAS,paper-pcas-bulletproofs-v1,private_swap,bulletproofs-5.0.0-ristretto,7cdc095c81f873e9684a8d88adf809fac9d1d7be,76a7fd2dd876ffaa0bb633c7b1cb4646e0969bb6325719d255ae6c0d0968cb1f,4234524596755158130,4,3,pcas-paper-r1,"{""ablation"":""full"",""application_units"":2,""hash_rounds"":5,""membership_paths"":2,""merkle_depth"":32,""range_bits"":64,""scale_mode"":""target_native_size"",""time_bits"":32}",65536,65536,16,16,native_execution,8.339093,,,,,,,,,,,,,phase,,,true,,,,,measured,paper-scale PCAS campaign,measurement,true,true,ok,"{""application_units"":2.0,""r1cs_multipliers"":65536.0}",,,,,,
7f4e5a47-6dd8-42eb-8d5e-88baa0f591bd,2026-08-20T11:05:17.821454+00:00,PAPER-RQ3-PCAS,paper-pcas-bulletproofs-v1,private_swap,bulletproofs-5.0.0-ristretto,7cdc095c81f873e9684a8d88adf809fac9d1d7be,76a7fd2dd876ffaa0bb633c7b1cb4646e0969bb6325719d255ae6c0d0968cb1f,4234524596755158130,4,3,pcas-paper-r1,"{""ablation"":""full"",""application_units"":2,""hash_rounds"":5,""membership_paths"":2,""merkle_depth"":32,""range_bits"":64,""scale_mode"":""target_native_size"",""time_bits"":32}",65536,65536,16,16,setup_or_preprocess,1002.867327,,,,,,,,,,,,,phase,,,true,,,,,measured,paper-scale PCAS campaign,measurement,true,true,ok,"{""generator_capacity"":65536.0}",,,,,,
7f4e5a47-6dd8-42eb-8d5e-88baa0f591bd,2026-08-20T11:05:17.821473+00:00,PAPER-RQ3-PCAS,paper-pcas-bulletproofs-v1,private_swap,bulletproofs-5.0.0-ristretto,7cdc095c81f873e9684a8d88adf809fac9d1d7be,76a7fd2dd876ffaa0bb633c7b1cb4646e0969bb6325719d255ae6c0d0968cb1f,4234524596755158130,4,3,pcas-paper-r1,"{""ablation"":""full"",""application_units"":2,""hash_rounds"":5,""membership_paths"":2,""merkle_depth"":32,""range_bits"":64,""scale_mode"":""target_native_size"",""time_bits"":32}",65536,65536,16,16,key_load,,,,,,,,,,,,,,phase,,,true,,,Bulletproofs uses deterministic generators and has no proving or verification key,,measured,paper-scale PCAS campaign,measurement,true,false,unsupported,{},,,,,,
7f4e5a47-6dd8-42eb-8d5e-88baa0f591bd,2026-08-20T11:05:17.821490+00:00,PAPER-RQ3-PCAS,paper-pcas-bulletproofs-v1,private_swap,bulletproofs-5.0.0-ristretto,7cdc095c81f873e9684a8d88adf809fac9d1d7be,76a7fd2dd876ffaa0bb633c7b1cb4646e0969bb6325719d255ae6c0d0968cb1f,4234524596755158130,4,3,pcas-paper-r1,"{""ablation"":""full"",""application_units"":2,""hash_rounds"":5,""membership_paths"":2,""merkle_depth"":32,""range_bits"":64,""scale_mode"":""target_native_size"",""time_bits"":32}",65536,65536,16,16,commitment,0.343048,,,,,,,,,,,,,phase,,,true,,,,,measured,paper-scale PCAS campaign,measurement,true,true,ok,{},,,,,,
7f4e5a47-6dd8-42eb-8d5e-88baa0f591bd,2026-08-20T11:05:17.821505+00:00,PAPER-RQ3-PCAS,paper-pcas-bulletproofs-v1,private_swap,bulletproofs-5.0.0-ristretto,7cdc095c81f873e9684a8d88adf809fac9d1d7be,76a7fd2dd876ffaa0bb633c7b1cb4646e0969bb6325719d255ae6c0d0968cb1f,4234524596755158130,4,3,pcas-paper-r1,"{""ablation"":""full"",""application_units"":2,""hash_rounds"":5,""membership_paths"":2,""merkle_depth"":32,""range_bits"":64,""scale_mode"":""target_native_size"",""time_bits"":32}",65536,65536,16,16,witness,54.135551,,,,,,,,,,,,,phase,,,true,,,,,measured,paper-scale PCAS campaign,measurement,true,true,ok,"{""generator_capacity"":65536.0,""r1cs_multipliers"":65536.0}",,,,,,
7f4e5a47-6dd8-42eb-8d5e-88baa0f591bd,2026-08-20T11:05:17.821519+00:00,PAPER-RQ3-PCAS,paper-pcas-bulletproofs-v1,private_swap,bulletproofs-5.0.0-ristretto,7cdc095c81f873e9684a8d88adf809fac9d1d7be,76a7fd2dd876ffaa0bb633c7b1cb4646e0969bb6325719d255ae6c0d0968cb1f,4234524596755158130,4,3,pcas-paper-r1,"{""ablation"":""full"",""application_units"":2,""hash_rounds"":5,""membership_paths"":2,""merkle_depth"":32,""range_bits"":64,""scale_mode"":""target_native_size"",""time_bits"":32}",65536,65536,16,16,prove_total,8372.960466,,,,,,,,,,,,,phase,,,true,,,,,measured,paper-scale PCAS campaign,measurement,true,true,ok,"{""r1cs_multipliers"":65536.0}",,,,,,
7f4e5a47-6dd8-42eb-8d5e-88baa0f591bd,2026-08-20T11:05:17.821532+00:00,PAPER-RQ3-PCAS,paper-pcas-bulletproofs-v1,private_swap,bulletproofs-5.0.0-ristretto,7cdc095c81f873e9684a8d88adf809fac9d1d7be,76a7fd2dd876ffaa0bb633c7b1cb4646e0969bb6325719d255ae6c0d0968cb1f,4234524596755158130,4,3,pcas-paper-r1,"{""ablation"":""full"",""application_units"":2,""hash_rounds"":5,""membership_paths"":2,""merkle_depth"":32,""range_bits"":64,""scale_mode"":""target_native_size"",""time_bits"":32}",65536,65536,16,16,serialize,0.003857,,,,,,,,,,,,,phase,,,true,,,,,measured,paper-scale PCAS campaign,measurement,true,true,ok,"{""proof_bytes"":1441.0}",,,,,,
7f4e5a47-6dd8-42eb-8d5e-88baa0f591bd,2026-08-20T11:05:17.821546+00:00,PAPER-RQ3-PCAS,paper-pcas-bulletproofs-v1,private_swap,bulletproofs-5.0.0-ristretto,7cdc095c81f873e9684a8d88adf809fac9d1d7be,76a7fd2dd876ffaa0bb633c7b1cb4646e0969bb6325719d255ae6c0d0968cb1f,4234524596755158130,4,3,pcas-paper-r1,"{""ablation"":""full"",""application_units"":2,""hash_rounds"":5,""membership_paths"":2,""merkle_depth"":32,""range_bits"":64,""scale_mode"":""target_native_size"",""time_bits"":32}",65536,65536,16,16,deserialize,0.001623,,,,,,,,,,,,,phase,,,true,,,,,measured,paper-scale PCAS campaign,measurement,true,true,ok,"{""proof_bytes"":1441.0}",,,,,,
7f4e5a47-6dd8-42eb-8d5e-88baa0f591bd,2026-08-20T11:05:17.821560+00:00,PAPER-RQ3-PCAS,paper-pcas-bulletproofs-v1,private_swap,bulletproofs-5.0.0-ristretto,7cdc095c81f873e9684a8d88adf809fac9d1d7be,76a7fd2dd876ffaa0bb633c7b1cb4646e0969bb6325719d255ae6c0d0968cb1f,4234524596755158130,4,3,pcas-paper-r1,"{""ablation"":""full"",""application_units"":2,""hash_rounds"":5,""membership_paths"":2,""merkle_depth"":32,""range_bits"":64,""scale_mode"":""target_native_size"",""time_bits"":32}",65536,65536,16,16,fft_ntt,,,,,,,,,,,,,,phase,,,true,,,the Bulletproofs R1CS prover does not use an FFT or NTT phase,,measured,paper-scale PCAS campaign,measurement,true,false,unsupported,{},,,,,,
7f4e5a47-6dd8-42eb-8d5e-88baa0f591bd,2026-08-20T11:05:17.821573+00:00,PAPER-RQ3-PCAS,paper-pcas-bulletproofs-v1,private_swap,bulletproofs-5.0.0-ristretto,7cdc095c81f873e9684a8d88adf809fac9d1d7be,76a7fd2dd876ffaa0bb633c7b1cb4646e0969bb6325719d255ae6c0d0968cb1f,4234524596755158130,4,3,pcas-paper-r1,"{""ablation"":""full"",""application_units"":2,""hash_rounds"":5,""membership_paths"":2,""merkle_depth"":32,""range_bits"":64,""scale_mode"":""target_native_size"",""time_bits"":32}",65536,65536,16,16,msm,,,,,,,,,,,,,,phase,,,true,,,the library does not expose its internal multiscalar multiplications as a timed phase,,measured,paper-scale PCAS campaign,measurement,true,false,unsupported,{},,,,,,
7f4e5a47-6dd8-42eb-8d5e-88baa0f591bd,2026-08-20T11:05:17.821585+00:00,PAPER-RQ3-PCAS,paper-pcas-bulletproofs-v1,private_swap,bulletproofs-5.0.0-ristretto,7cdc095c81f873e9684a8d88adf809fac9d1d7be,76a7fd2dd876ffaa0bb633c7b1cb4646e0969bb6325719d255ae6c0d0968cb1f,4234524596755158130,4,3,pcas-paper-r1,"{""ablation"":""full"",""application_units"":2,""hash_rounds"":5,""membership_paths"":2,""merkle_depth"":32,""range_bits"":64,""scale_mode"":""target_native_size"",""time_bits"":32}",65536,65536,16,16,verify_core,532.444713,,,,,,,,,,,,,phase,,,true,,,,,measured,paper-scale PCAS campaign,measurement,true,true,ok,"{""r1cs_multipliers"":65536.0}",,,,,,
7f4e5a47-6dd8-42eb-8d5e-88baa0f591bd,2026-08-20T11:05:17.821599+00:00,PAPER-RQ3-PCAS,paper-pcas-bulletproofs-v1,private_swap,bulletproofs-5.0.0-ristretto,7cdc095c81f873e9684a8d88adf809fac9d1d7be,76a7fd2dd876ffaa0bb633c7b1cb4646e0969bb6325719d255ae6c0d0968cb1f,4234524596755158130,4,3,pcas-paper-r1,"{""ablation"":""full"",""application_units"":2,""hash_rounds"":5,""membership_paths"":2,""merkle_depth"":32,""range_bits"":64,""scale_mode"":""target_native_size"",""time_bits"":32}",65536,65536,16,16,verify_total,532.444713,,,,,,,,,,,,,phase,,,true,,,,,measured,paper-scale PCAS campaign,measurement,true,true,ok,{},,,,,,
7f4e5a47-6dd8-42eb-8d5e-88baa0f591bd,2026-08-20T11:05:17.821612+00:00,PAPER-RQ3-PCAS,paper-pcas-bulletproofs-v1,private_swap,bulletproofs-5.0.0-ristretto,7cdc095c81f873e9684a8d88adf809fac9d1d7be,76a7fd2dd876ffaa0bb633c7b1cb4646e0969bb6325719d255ae6c0d0968cb1f,4234524596755158130,4,3,pcas-paper-r1,"{""ablation"":""full"",""application_units"":2,""hash_rounds"":5,""membership_paths"":2,""merkle_depth"":32,""range_bits"":64,""scale_mode"":""target_native_size"",""time_bits"":32}",65536,65536,16,16,adapter_process_wall,10034.228546,9960.000000,229.828125,1441,true,0,,170090,956,,,,linux-procfs,process,,,true,,,"Linux procfs read failed: [Errno 13] Permission denied: '/proc/2579/io'; private commit and per-process swap I/O are unavailable; VmSwap reports allocation, not swap traffic; No documented hardware or OS energy counter is configured in WSL2",,measured,paper-scale PCAS campaign,measurement,true,true,ok,{},65536,3,65536,r1cs_multipliers,5.0,1845
b14ec71f-d1e5-43f5-bd45-61596876792e,2026-08-20T11:05:27.622319+00:00,PAPER-RQ3-PCAS,paper-pcas-bulletproofs-v1,private_swap,bulletproofs-5.0.0-ristretto,7cdc095c81f873e9684a8d88adf809fac9d1d7be,76a7fd2dd876ffaa0bb633c7b1cb4646e0969bb6325719d255ae6c0d0968cb1f,665538893601752950,8,4,pcas-paper-r1,"{""ablation"":""full"",""application_units"":2,""hash_rounds"":5,""membership_paths"":2,""merkle_depth"":32,""range_bits"":64,""scale_mode"":""target_native_size"",""time_bits"":32}",65536,65536,16,16,native_execution,7.460036,,,,,,,,,,,,,phase,,,true,,,,,measured,paper-scale PCAS campaign,measurement,true,true,ok,"{""application_units"":2.0,""r1cs_multipliers"":65536.0}",,,,,,
b14ec71f-d1e5-43f5-bd45-61596876792e,2026-08-20T11:05:27.622397+00:00,PAPER-RQ3-PCAS,paper-pcas-bulletproofs-v1,private_swap,bulletproofs-5.0.0-ristretto,7cdc095c81f873e9684a8d88adf809fac9d1d7be,76a7fd2dd876ffaa0bb633c7b1cb4646e0969bb6325719d255ae6c0d0968cb1f,665538893601752950,8,4,pcas-paper-r1,"{""ablation"":""full"",""application_units"":2,""hash_rounds"":5,""membership_paths"":2,""merkle_depth"":32,""range_bits"":64,""scale_mode"":""target_native_size"",""time_bits"":32}",65536,65536,16,16,setup_or_preprocess,1038.400527,,,,,,,,,,,,,phase,,,true,,,,,measured,paper-scale PCAS campaign,measurement,true,true,ok,"{""generator_capacity"":65536.0}",,,,,,
b14ec71f-d1e5-43f5-bd45-61596876792e,2026-08-20T11:05:27.622424+00:00,PAPER-RQ3-PCAS,paper-pcas-bulletproofs-v1,private_swap,bulletproofs-5.0.0-ristretto,7cdc095c81f873e9684a8d88adf809fac9d1d7be,76a7fd2dd876ffaa0bb633c7b1cb4646e0969bb6325719d255ae6c0d0968cb1f,665538893601752950,8,4,pcas-paper-r1,"{""ablation"":""full"",""application_units"":2,""hash_rounds"":5,""membership_paths"":2,""merkle_depth"":32,""range_bits"":64,""scale_mode"":""target_native_size"",""time_bits"":32}",65536,65536,16,16,key_load,,,,,,,,,,,,,,phase,,,true,,,Bulletproofs uses deterministic generators and has no proving or verification key,,measured,paper-scale PCAS campaign,measurement,true,false,unsupported,{},,,,,,
b14ec71f-d1e5-43f5-bd45-61596876792e,2026-08-20T11:05:27.622445+00:00,PAPER-RQ3-PCAS,paper-pcas-bulletproofs-v1,private_swap,bulletproofs-5.0.0-ristretto,7cdc095c81f873e9684a8d88adf809fac9d1d7be,76a7fd2dd876ffaa0bb633c7b1cb4646e0969bb6325719d255ae6c0d0968cb1f,665538893601752950,8,4,pcas-paper-r1,"{""ablation"":""full"",""application_units"":2,""hash_rounds"":5,""membership_paths"":2,""merkle_depth"":32,""range_bits"":64,""scale_mode"":""target_native_size"",""time_bits"":32}",65536,65536,16,16,commitment,0.287355,,,,,,,,,,,,,phase,,,true,,,,,measured,paper-scale PCAS campaign,measurement,true,true,ok,{},,,,,,
b14ec71f-d1e5-43f5-bd45-61596876792e,2026-08-20T11:05:27.622464+00:00,PAPER-RQ3-PCAS,paper-pcas-bulletproofs-v1,private_swap,bulletproofs-5.0.0-ristretto,7cdc095c81f873e9684a8d88adf809fac9d1d7be,76a7fd2dd876ffaa0bb633c7b1cb4646e0969bb6325719d255ae6c0d0968cb1f,665538893601752950,8,4,pcas-paper-r1,"{""ablation"":""full"",""application_units"":2,""hash_rounds"":5,""membership_paths"":2,""merkle_depth"":32,""range_bits"":64,""scale_mode"":""target_native_size"",""time_bits"":32}",65536,65536,16,16,witness,54.146942,,,,,,,,,,,,,phase,,,true,,,,,measured,paper-scale PCAS campaign,measurement,true,true,ok,"{""generator_capacity"":65536.0,""r1cs_multipliers"":65536.0}",,,,,,
b14ec71f-d1e5-43f5-bd45-61596876792e,2026-08-20T11:05:27.622483+00:00,PAPER-RQ3-PCAS,paper-pcas-bulletproofs-v1,private_swap,bulletproofs-5.0.0-ristretto,7cdc095c81f873e9684a8d88adf809fac9d1d7be,76a7fd2dd876ffaa0bb633c7b1cb4646e0969bb6325719d255ae6c0d0968cb1f,665538893601752950,8,4,pcas-paper-r1,"{""ablation"":""full"",""application_units"":2,""hash_rounds"":5,""membership_paths"":2,""merkle_depth"":32,""range_bits"":64,""scale_mode"":""target_native_size"",""time_bits"":32}",65536,65536,16,16,prove_total,7994.324363,,,,,,,,,,,,,phase,,,true,,,,,measured,paper-scale PCAS campaign,measurement,true,true,ok,"{""r1cs_multipliers"":65536.0}",,,,,,
b14ec71f-d1e5-43f5-bd45-61596876792e,2026-08-20T11:05:27.622501+00:00,PAPER-RQ3-PCAS,paper-pcas-bulletproofs-v1,private_swap,bulletproofs-5.0.0-ristretto,7cdc095c81f873e9684a8d88adf809fac9d1d7be,76a7fd2dd876ffaa0bb633c7b1cb4646e0969bb6325719d255ae6c0d0968cb1f,665538893601752950,8,4,pcas-paper-r1,"{""ablation"":""full"",""application_units"":2,""hash_rounds"":5,""membership_paths"":2,""merkle_depth"":32,""range_bits"":64,""scale_mode"":""target_native_size"",""time_bits"":32}",65536,65536,16,16,serialize,0.004218,,,,,,,,,,,,,phase,,,true,,,,,measured,paper-scale PCAS campaign,measurement,true,true,ok,"{""proof_bytes"":1441.0}",,,,,,
b14ec71f-d1e5-43f5-bd45-61596876792e,2026-08-20T11:05:27.622519+00:00,PAPER-RQ3-PCAS,paper-pcas-bulletproofs-v1,private_swap,bulletproofs-5.0.0-ristretto,7cdc095c81f873e9684a8d88adf809fac9d1d7be,76a7fd2dd876ffaa0bb633c7b1cb4646e0969bb6325719d255ae6c0d0968cb1f,665538893601752950,8,4,pcas-paper-r1,"{""ablation"":""full"",""application_units"":2,""hash_rounds"":5,""membership_paths"":2,""merkle_depth"":32,""range_bits"":64,""scale_mode"":""target_native_size"",""time_bits"":32}",65536,65536,16,16,deserialize,0.001523,,,,,,,,,,,,,phase,,,true,,,,,measured,paper-scale PCAS campaign,measurement,true,true,ok,"{""proof_bytes"":1441.0}",,,,,,
b14ec71f-d1e5-43f5-bd45-61596876792e,2026-08-20T11:05:27.622536+00:00,PAPER-RQ3-PCAS,paper-pcas-bulletproofs-v1,private_swap,bulletproofs-5.0.0-ristretto,7cdc095c81f873e9684a8d88adf809fac9d1d7be,76a7fd2dd876ffaa0bb633c7b1cb4646e0969bb6325719d255ae6c0d0968cb1f,665538893601752950,8,4,pcas-paper-r1,"{""ablation"":""full"",""application_units"":2,""hash_rounds"":5,""membership_paths"":2,""merkle_depth"":32,""range_bits"":64,""scale_mode"":""target_native_size"",""time_bits"":32}",65536,65536,16,16,fft_ntt,,,,,,,,,,,,,,phase,,,true,,,the Bulletproofs R1CS prover does not use an FFT or NTT phase,,measured,paper-scale PCAS campaign,measurement,true,false,unsupported,{},,,,,,
b14ec71f-d1e5-43f5-bd45-61596876792e,2026-08-20T11:05:27.622553+00:00,PAPER-RQ3-PCAS,paper-pcas-bulletproofs-v1,private_swap,bulletproofs-5.0.0-ristretto,7cdc095c81f873e9684a8d88adf809fac9d1d7be,76a7fd2dd876ffaa0bb633c7b1cb4646e0969bb6325719d255ae6c0d0968cb1f,665538893601752950,8,4,pcas-paper-r1,"{""ablation"":""full"",""application_units"":2,""hash_rounds"":5,""membership_paths"":2,""merkle_depth"":32,""range_bits"":64,""scale_mode"":""target_native_size"",""time_bits"":32}",65536,65536,16,16,msm,,,,,,,,,,,,,,phase,,,true,,,the library does not expose its internal multiscalar multiplications as a timed phase,,measured,paper-scale PCAS campaign,measurement,true,false,unsupported,{},,,,,,
b14ec71f-d1e5-43f5-bd45-61596876792e,2026-08-20T11:05:27.622569+00:00,PAPER-RQ3-PCAS,paper-pcas-bulletproofs-v1,private_swap,bulletproofs-5.0.0-ristretto,7cdc095c81f873e9684a8d88adf809fac9d1d7be,76a7fd2dd876ffaa0bb633c7b1cb4646e0969bb6325719d255ae6c0d0968cb1f,665538893601752950,8,4,pcas-paper-r1,"{""ablation"":""full"",""application_units"":2,""hash_rounds"":5,""membership_paths"":2,""merkle_depth"":32,""range_bits"":64,""scale_mode"":""target_native_size"",""time_bits"":32}",65536,65536,16,16,verify_core,647.589921,,,,,,,,,,,,,phase,,,true,,,,,measured,paper-scale PCAS campaign,measurement,true,true,ok,"{""r1cs_multipliers"":65536.0}",,,,,,
b14ec71f-d1e5-43f5-bd45-61596876792e,2026-08-20T11:05:27.622586+00:00,PAPER-RQ3-PCAS,paper-pcas-bulletproofs-v1,private_swap,bulletproofs-5.0.0-ristretto,7cdc095c81f873e9684a8d88adf809fac9d1d7be,76a7fd2dd876ffaa0bb633c7b1cb4646e0969bb6325719d255ae6c0d0968cb1f,665538893601752950,8,4,pcas-paper-r1,"{""ablation"":""full"",""application_units"":2,""hash_rounds"":5,""membership_paths"":2,""merkle_depth"":32,""range_bits"":64,""scale_mode"":""target_native_size"",""time_bits"":32}",65536,65536,16,16,verify_total,647.589921,,,,,,,,,,,,,phase,,,true,,,,,measured,paper-scale PCAS campaign,measurement,true,true,ok,{},,,,,,
b14ec71f-d1e5-43f5-bd45-61596876792e,2026-08-20T11:05:27.622604+00:00,PAPER-RQ3-PCAS,paper-pcas-bulletproofs-v1,private_swap,bulletproofs-5.0.0-ristretto,7cdc095c81f873e9684a8d88adf809fac9d1d7be,76a7fd2dd876ffaa0bb633c7b1cb4646e0969bb6325719d255ae6c0d0968cb1f,665538893601752950,8,4,pcas-paper-r1,"{""ablation"":""full"",""application_units"":2,""hash_rounds"":5,""membership_paths"":2,""merkle_depth"":32,""range_bits"":64,""scale_mode"":""target_native_size"",""time_bits"":32}",65536,65536,16,16,adapter_process_wall,9799.654557,9730.000000,229.812500,1441,true,0,,170086,956,,,,linux-procfs,process,,,true,,,"Linux procfs read failed: [Errno 13] Permission denied: '/proc/2617/io'; private commit and per-process swap I/O are unavailable; VmSwap reports allocation, not swap traffic; No documented hardware or OS energy counter is configured in WSL2",,measured,paper-scale PCAS campaign,measurement,true,true,ok,{},65536,3,65536,r1cs_multipliers,5.0,1803
1b447ce6-6cfb-4305-ad85-3985bc63b64c,2026-08-20T11:05:37.173720+00:00,PAPER-RQ3-PCAS,paper-pcas-bulletproofs-v1,private_swap,bulletproofs-5.0.0-ristretto,7cdc095c81f873e9684a8d88adf809fac9d1d7be,76a7fd2dd876ffaa0bb633c7b1cb4646e0969bb6325719d255ae6c0d0968cb1f,1784594039837697164,2,5,pcas-paper-r1,"{""ablation"":""full"",""application_units"":2,""hash_rounds"":5,""membership_paths"":2,""merkle_depth"":32,""range_bits"":64,""scale_mode"":""target_native_size"",""time_bits"":32}",65536,65536,16,16,native_execution,7.717225,,,,,,,,,,,,,phase,,,true,wrong_public_input,,,,measured,paper-scale PCAS campaign,measurement,true,true,ok,"{""application_units"":2.0,""r1cs_multipliers"":65536.0}",,,,,,
1b447ce6-6cfb-4305-ad85-3985bc63b64c,2026-08-20T11:05:37.173820+00:00,PAPER-RQ3-PCAS,paper-pcas-bulletproofs-v1,private_swap,bulletproofs-5.0.0-ristretto,7cdc095c81f873e9684a8d88adf809fac9d1d7be,76a7fd2dd876ffaa0bb633c7b1cb4646e0969bb6325719d255ae6c0d0968cb1f,1784594039837697164,2,5,pcas-paper-r1,"{""ablation"":""full"",""application_units"":2,""hash_rounds"":5,""membership_paths"":2,""merkle_depth"":32,""range_bits"":64,""scale_mode"":""target_native_size"",""time_bits"":32}",65536,65536,16,16,setup_or_preprocess,990.583528,,,,,,,,,,,,,phase,,,true,wrong_public_input,,,,measured,paper-scale PCAS campaign,measurement,true,true,ok,"{""generator_capacity"":65536.0}",,,,,,
1b447ce6-6cfb-4305-ad85-3985bc63b64c,2026-08-20T11:05:37.173843+00:00,PAPER-RQ3-PCAS,paper-pcas-bulletproofs-v1,private_swap,bulletproofs-5.0.0-ristretto,7cdc095c81f873e9684a8d88adf809fac9d1d7be,76a7fd2dd876ffaa0bb633c7b1cb4646e0969bb6325719d255ae6c0d0968cb1f,1784594039837697164,2,5,pcas-paper-r1,"{""ablation"":""full"",""application_units"":2,""hash_rounds"":5,""membership_paths"":2,""merkle_depth"":32,""range_bits"":64,""scale_mode"":""target_native_size"",""time_bits"":32}",65536,65536,16,16,key_load,,,,,,,,,,,,,,phase,,,true,wrong_public_input,,Bulletproofs uses deterministic generators and has no proving or verification key,,measured,paper-scale PCAS campaign,measurement,true,false,unsupported,{},,,,,,
1b447ce6-6cfb-4305-ad85-3985bc63b64c,2026-08-20T11:05:37.173861+00:00,PAPER-RQ3-PCAS,paper-pcas-bulletproofs-v1,private_swap,bulletproofs-5.0.0-ristretto,7cdc095c81f873e9684a8d88adf809fac9d1d7be,76a7fd2dd876ffaa0bb633c7b1cb4646e0969bb6325719d255ae6c0d0968cb1f,1784594039837697164,2,5,pcas-paper-r1,"{""ablation"":""full"",""application_units"":2,""hash_rounds"":5,""membership_paths"":2,""merkle_depth"":32,""range_bits"":64,""scale_mode"":""target_native_size"",""time_bits"":32}",65536,65536,16,16,commitment,0.406196,,,,,,,,,,,,,phase,,,true,wrong_public_input,,,,measured,paper-scale PCAS campaign,measurement,true,true,ok,{},,,,,,
1b447ce6-6cfb-4305-ad85-3985bc63b64c,2026-08-20T11:05:37.173876+00:00,PAPER-RQ3-PCAS,paper-pcas-bulletproofs-v1,private_swap,bulletproofs-5.0.0-ristretto,7cdc095c81f873e9684a8d88adf809fac9d1d7be,76a7fd2dd876ffaa0bb633c7b1cb4646e0969bb6325719d255ae6c0d0968cb1f,1784594039837697164,2,5,pcas-paper-r1,"{""ablation"":""full"",""application_units"":2,""hash_rounds"":5,""membership_paths"":2,""merkle_depth"":32,""range_bits"":64,""scale_mode"":""target_native_size"",""time_bits"":32}",65536,65536,16,16,witness,53.304573,,,,,,,,,,,,,phase,,,true,wrong_public_input,,,,measured,paper-scale PCAS campaign,measurement,true,true,ok,"{""generator_capacity"":65536.0,""r1cs_multipliers"":65536.0}",,,,,,
1b447ce6-6cfb-4305-ad85-3985bc63b64c,2026-08-20T11:05:37.173892+00:00,PAPER-RQ3-PCAS,paper-pcas-bulletproofs-v1,private_swap,bulletproofs-5.0.0-ristretto,7cdc095c81f873e9684a8d88adf809fac9d1d7be,76a7fd2dd876ffaa0bb633c7b1cb4646e0969bb6325719d255ae6c0d0968cb1f,1784594039837697164,2,5,pcas-paper-r1,"{""ablation"":""full"",""application_units"":2,""hash_rounds"":5,""membership_paths"":2,""merkle_depth"":32,""range_bits"":64,""scale_mode"":""target_native_size"",""time_bits"":32}",65536,65536,16,16,prove_total,7890.902901,,,,,,,,,,,,,phase,,,true,wrong_public_input,,,,measured,paper-scale PCAS campaign,measurement,true,true,ok,"{""r1cs_multipliers"":65536.0}",,,,,,
1b447ce6-6cfb-4305-ad85-3985bc63b64c,2026-08-20T11:05:37.173908+00:00,PAPER-RQ3-PCAS,paper-pcas-bulletproofs-v1,private_swap,bulletproofs-5.0.0-ristretto,7cdc095c81f873e9684a8d88adf809fac9d1d7be,76a7fd2dd876ffaa0bb633c7b1cb4646e0969bb6325719d255ae6c0d0968cb1f,1784594039837697164,2,5,pcas-paper-r1,"{""ablation"":""full"",""application_units"":2,""hash_rounds"":5,""membership_paths"":2,""merkle_depth"":32,""range_bits"":64,""scale_mode"":""target_native_size"",""time_bits"":32}",65536,65536,16,16,serialize,0.004098,,,,,,,,,,,,,phase,,,true,wrong_public_input,,,,measured,paper-scale PCAS campaign,measurement,true,true,ok,"{""proof_bytes"":1441.0}",,,,,,
1b447ce6-6cfb-4305-ad85-3985bc63b64c,2026-08-20T11:05:37.173924+00:00,PAPER-RQ3-PCAS,paper-pcas-bulletproofs-v1,private_swap,bulletproofs-5.0.0-ristretto,7cdc095c81f873e9684a8d88adf809fac9d1d7be,76a7fd2dd876ffaa0bb633c7b1cb4646e0969bb6325719d255ae6c0d0968cb1f,1784594039837697164,2,5,pcas-paper-r1,"{""ablation"":""full"",""application_units"":2,""hash_rounds"":5,""membership_paths"":2,""merkle_depth"":32,""range_bits"":64,""scale_mode"":""target_native_size"",""time_bits"":32}",65536,65536,16,16,deserialize,0.001823,,,,,,,,,,,,,phase,,,true,wrong_public_input,,,,measured,paper-scale PCAS campaign,measurement,true,true,ok,"{""proof_bytes"":1441.0}",,,,,,
1b447ce6-6cfb-4305-ad85-3985bc63b64c,2026-08-20T11:05:37.173939+00:00,PAPER-RQ3-PCAS,paper-pcas-bulletproofs-v1,private_swap,bulletproofs-5.0.0-ristretto,7cdc095c81f873e9684a8d88adf809fac9d1d7be,76a7fd2dd876ffaa0bb633c7b1cb4646e0969bb6325719d255ae6c0d0968cb1f,1784594039837697164,2,5,pcas-paper-r1,"{""ablation"":""full"",""application_units"":2,""hash_rounds"":5,""membership_paths"":2,""merkle_depth"":32,""range_bits"":64,""scale_mode"":""target_native_size"",""time_bits"":32}",65536,65536,16,16,fft_ntt,,,,,,,,,,,,,,phase,,,true,wrong_public_input,,the Bulletproofs R1CS prover does not use an FFT or NTT phase,,measured,paper-scale PCAS campaign,measurement,true,false,unsupported,{},,,,,,
1b447ce6-6cfb-4305-ad85-3985bc63b64c,2026-08-20T11:05:37.173953+00:00,PAPER-RQ3-PCAS,paper-pcas-bulletproofs-v1,private_swap,bulletproofs-5.0.0-ristretto,7cdc095c81f873e9684a8d88adf809fac9d1d7be,76a7fd2dd876ffaa0bb633c7b1cb4646e0969bb6325719d255ae6c0d0968cb1f,1784594039837697164,2,5,pcas-paper-r1,"{""ablation"":""full"",""application_units"":2,""hash_rounds"":5,""membership_paths"":2,""merkle_depth"":32,""range_bits"":64,""scale_mode"":""target_native_size"",""time_bits"":32}",65536,65536,16,16,msm,,,,,,,,,,,,,,phase,,,true,wrong_public_input,,the library does not expose its internal multiscalar multiplications as a timed phase,,measured,paper-scale PCAS campaign,measurement,true,false,unsupported,{},,,,,,
1b447ce6-6cfb-4305-ad85-3985bc63b64c,2026-08-20T11:05:37.173966+00:00,PAPER-RQ3-PCAS,paper-pcas-bulletproofs-v1,private_swap,bulletproofs-5.0.0-ristretto,7cdc095c81f873e9684a8d88adf809fac9d1d7be,76a7fd2dd876ffaa0bb633c7b1cb4646e0969bb6325719d255ae6c0d0968cb1f,1784594039837697164,2,5,pcas-paper-r1,"{""ablation"":""full"",""application_units"":2,""hash_rounds"":5,""membership_paths"":2,""merkle_depth"":32,""range_bits"":64,""scale_mode"":""target_native_size"",""time_bits"":32}",65536,65536,16,16,verify_core,543.887595,,,,,,,,,,,,,phase,,,true,wrong_public_input,543.887595,,,measured,paper-scale PCAS campaign,measurement,true,true,ok,"{""r1cs_multipliers"":65536.0}",,,,,,
1b447ce6-6cfb-4305-ad85-3985bc63b64c,2026-08-20T11:05:37.173981+00:00,PAPER-RQ3-PCAS,paper-pcas-bulletproofs-v1,private_swap,bulletproofs-5.0.0-ristretto,7cdc095c81f873e9684a8d88adf809fac9d1d7be,76a7fd2dd876ffaa0bb633c7b1cb4646e0969bb6325719d255ae6c0d0968cb1f,1784594039837697164,2,5,pcas-paper-r1,"{""ablation"":""full"",""application_units"":2,""hash_rounds"":5,""membership_paths"":2,""merkle_depth"":32,""range_bits"":64,""scale_mode"":""target_native_size"",""time_bits"":32}",65536,65536,16,16,verify_total,543.887595,,,,,,,,,,,,,phase,,,true,wrong_public_input,,,,measured,paper-scale PCAS campaign,measurement,true,true,ok,{},,,,,,
1b447ce6-6cfb-4305-ad85-3985bc63b64c,2026-08-20T11:05:37.173995+00:00,PAPER-RQ3-PCAS,paper-pcas-bulletproofs-v1,private_swap,bulletproofs-5.0.0-ristretto,7cdc095c81f873e9684a8d88adf809fac9d1d7be,76a7fd2dd876ffaa0bb633c7b1cb4646e0969bb6325719d255ae6c0d0968cb1f,1784594039837697164,2,5,pcas-paper-r1,"{""ablation"":""full"",""application_units"":2,""hash_rounds"":5,""membership_paths"":2,""merkle_depth"":32,""range_bits"":64,""scale_mode"":""target_native_size"",""time_bits"":32}",65536,65536,16,16,invalid_reject,543.887595,,,,,,,,,,,,,phase,,,true,wrong_public_input,,,,measured,paper-scale PCAS campaign,measurement,true,true,ok,"{""r1cs_multipliers"":65536.0}",,,,,,
1b447ce6-6cfb-4305-ad85-3985bc63b64c,2026-08-20T11:05:37.174009+00:00,PAPER-RQ3-PCAS,paper-pcas-bulletproofs-v1,private_swap,bulletproofs-5.0.0-ristretto,7cdc095c81f873e9684a8d88adf809fac9d1d7be,76a7fd2dd876ffaa0bb633c7b1cb4646e0969bb6325719d255ae6c0d0968cb1f,1784594039837697164,2,5,pcas-paper-r1,"{""ablation"":""full"",""application_units"":2,""hash_rounds"":5,""membership_paths"":2,""merkle_depth"":32,""range_bits"":64,""scale_mode"":""target_native_size"",""time_bits"":32}",65536,65536,16,16,adapter_process_wall,9550.210769,9470.000000,229.816406,1441,false,0,cryptographic_rejection,170088,956,,,,linux-procfs,process,,,true,wrong_public_input,,"Linux procfs read failed: [Errno 13] Permission denied: '/proc/2619/io'; private commit and per-process swap I/O are unavailable; VmSwap reports allocation, not swap traffic; No documented hardware or OS energy counter is configured in WSL2",,measured,paper-scale PCAS campaign,measurement,true,true,ok,{},65536,3,65536,r1cs_multipliers,5.0,1752
54f9f0bd-9809-4052-bd04-07736e1c0a07,2026-08-20T11:05:47.577287+00:00,PAPER-RQ3-PCAS,paper-pcas-bulletproofs-v1,private_swap,bulletproofs-5.0.0-ristretto,7cdc095c81f873e9684a8d88adf809fac9d1d7be,76a7fd2dd876ffaa0bb633c7b1cb4646e0969bb6325719d255ae6c0d0968cb1f,6039244185045548109,0,6,pcas-paper-r1,"{""ablation"":""full"",""application_units"":2,""hash_rounds"":5,""membership_paths"":2,""merkle_depth"":32,""range_bits"":64,""scale_mode"":""target_native_size"",""time_bits"":32}",65536,65536,16,16,native_execution,9.895780,,,,,,,,,,,,,phase,,,true,wrong_public_input,,,,measured,paper-scale PCAS campaign,measurement,true,true,ok,"{""application_units"":2.0,""r1cs_multipliers"":65536.0}",,,,,,
54f9f0bd-9809-4052-bd04-07736e1c0a07,2026-08-20T11:05:47.577378+00:00,PAPER-RQ3-PCAS,paper-pcas-bulletproofs-v1,private_swap,bulletproofs-5.0.0-ristretto,7cdc095c81f873e9684a8d88adf809fac9d1d7be,76a7fd2dd876ffaa0bb633c7b1cb4646e0969bb6325719d255ae6c0d0968cb1f,6039244185045548109,0,6,pcas-paper-r1,"{""ablation"":""full"",""application_units"":2,""hash_rounds"":5,""membership_paths"":2,""merkle_depth"":32,""range_bits"":64,""scale_mode"":""target_native_size"",""time_bits"":32}",65536,65536,16,16,setup_or_preprocess,1002.570139,,,,,,,,,,,,,phase,,,true,wrong_public_input,,,,measured,paper-scale PCAS campaign,measurement,true,true,ok,"{""generator_capacity"":65536.0}",,,,,,
54f9f0bd-9809-4052-bd04-07736e1c0a07,2026-08-20T11:05:47.577414+00:00,PAPER-RQ3-PCAS,paper-pcas-bulletproofs-v1,private_swap,bulletproofs-5.0.0-ristretto,7cdc095c81f873e9684a8d88adf809fac9d1d7be,76a7fd2dd876ffaa0bb633c7b1cb4646e0969bb6325719d255ae6c0d0968cb1f,6039244185045548109,0,6,pcas-paper-r1,"{""ablation"":""full"",""application_units"":2,""hash_rounds"":5,""membership_paths"":2,""merkle_depth"":32,""range_bits"":64,""scale_mode"":""target_native_size"",""time_bits"":32}",65536,65536,16,16,key_load,,,,,,,,,,,,,,phase,,,true,wrong_public_input,,Bulletproofs uses deterministic generators and has no proving or verification key,,measured,paper-scale PCAS campaign,measurement,true,false,unsupported,{},,,,,,
54f9f0bd-9809-4052-bd04-07736e1c0a07,2026-08-20T11:05:47.577434+00:00,PAPER-RQ3-PCAS,paper-pcas-bulletproofs-v1,private_swap,bulletproofs-5.0.0-ristretto,7cdc095c81f873e9684a8d88adf809fac9d1d7be,76a7fd2dd876ffaa0bb633c7b1cb4646e0969bb6325719d255ae6c0d0968cb1f,6039244185045548109,0,6,pcas-paper-r1,"{""ablation"":""full"",""application_units"":2,""hash_rounds"":5,""membership_paths"":2,""merkle_depth"":32,""range_bits"":64,""scale_mode"":""target_native_size"",""time_bits"":32}",65536,65536,16,16,commitment,0.276444,,,,,,,,,,,,,phase,,,true,wrong_public_input,,,,measured,paper-scale PCAS campaign,measurement,true,true,ok,{},,,,,,
54f9f0bd-9809-4052-bd04-07736e1c0a07,2026-08-20T11:05:47.577451+00:00,PAPER-RQ3-PCAS,paper-pcas-bulletproofs-v1,private_swap,bulletproofs-5.0.0-ristretto,7cdc095c81f873e9684a8d88adf809fac9d1d7be,76a7fd2dd876ffaa0bb633c7b1cb4646e0969bb6325719d255ae6c0d0968cb1f,6039244185045548109,0,6,pcas-paper-r1,"{""ablation"":""full"",""application_units"":2,""hash_rounds"":5,""membership_paths"":2,""merkle_depth"":32,""range_bits"":64,""scale_mode"":""target_native_size"",""time_bits"":32}",65536,65536,16,16,witness,56.582075,,,,,,,,,,,,,phase,,,true,wrong_public_input,,,,measured,paper-scale PCAS campaign,measurement,true,true,ok,"{""generator_capacity"":65536.0,""r1cs_multipliers"":65536.0}",,,,,,
54f9f0bd-9809-4052-bd04-07736e1c0a07,2026-08-20T11:05:47.577467+00:00,PAPER-RQ3-PCAS,paper-pcas-bulletproofs-v1,private_swap,bulletproofs-5.0.0-ristretto,7cdc095c81f873e9684a8d88adf809fac9d1d7be,76a7fd2dd876ffaa0bb633c7b1cb4646e0969bb6325719d255ae6c0d0968cb1f,6039244185045548109,0,6,pcas-paper-r1,"{""ablation"":""full"",""application_units"":2,""hash_rounds"":5,""membership_paths"":2,""merkle_depth"":32,""range_bits"":64,""scale_mode"":""target_native_size"",""time_bits"":32}",65536,65536,16,16,prove_total,8574.088153,,,,,,,,,,,,,phase,,,true,wrong_public_input,,,,measured,paper-scale PCAS campaign,measurement,true,true,ok,"{""r1cs_multipliers"":65536.0}",,,,,,
54f9f0bd-9809-4052-bd04-07736e1c0a07,2026-08-20T11:05:47.577482+00:00,PAPER-RQ3-PCAS,paper-pcas-bulletproofs-v1,private_swap,bulletproofs-5.0.0-ristretto,7cdc095c81f873e9684a8d88adf809fac9d1d7be,76a7fd2dd876ffaa0bb633c7b1cb4646e0969bb6325719d255ae6c0d0968cb1f,6039244185045548109,0,6,pcas-paper-r1,"{""ablation"":""full"",""application_units"":2,""hash_rounds"":5,""membership_paths"":2,""merkle_depth"":32,""range_bits"":64,""scale_mode"":""target_native_size"",""time_bits"":32}",65536,65536,16,16,serialize,0.005590,,,,,,,,,,,,,phase,,,true,wrong_public_input,,,,measured,paper-scale PCAS campaign,measurement,true,true,ok,"{""proof_bytes"":1441.0}",,,,,,
54f9f0bd-9809-4052-bd04-07736e1c0a07,2026-08-20T11:05:47.577498+00:00,PAPER-RQ3-PCAS,paper-pcas-bulletproofs-v1,private_swap,bulletproofs-5.0.0-ristretto,7cdc095c81f873e9684a8d88adf809fac9d1d7be,76a7fd2dd876ffaa0bb633c7b1cb4646e0969bb6325719d255ae6c0d0968cb1f,6039244185045548109,0,6,pcas-paper-r1,"{""ablation"":""full"",""application_units"":2,""hash_rounds"":5,""membership_paths"":2,""merkle_depth"":32,""range_bits"":64,""scale_mode"":""target_native_size"",""time_bits"":32}",65536,65536,16,16,deserialize,0.002405,,,,,,,,,,,,,phase,,,true,wrong_public_input,,,,measured,paper-scale PCAS campaign,measurement,true,true,ok,"{""proof_bytes"":1441.0}",,,,,,
54f9f0bd-9809-4052-bd04-07736e1c0a07,2026-08-20T11:05:47.577512+00:00,PAPER-RQ3-PCAS,paper-pcas-bulletproofs-v1,private_swap,bulletproofs-5.0.0-ristretto,7cdc095c81f873e9684a8d88adf809fac9d1d7be,76a7fd2dd876ffaa0bb633c7b1cb4646e0969bb6325719d255ae6c0d0968cb1f,6039244185045548109,0,6,pcas-paper-r1,"{""ablation"":""full"",""application_units"":2,""hash_rounds"":5,""membership_paths"":2,""merkle_depth"":32,""range_bits"":64,""scale_mode"":""target_native_size"",""time_bits"":32}",65536,65536,16,16,fft_ntt,,,,,,,,,,,,,,phase,,,true,wrong_public_input,,the Bulletproofs R1CS prover does not use an FFT or NTT phase,,measured,paper-scale PCAS campaign,measurement,true,false,unsupported,{},,,,,,
54f9f0bd-9809-4052-bd04-07736e1c0a07,2026-08-20T11:05:47.577526+00:00,PAPER-RQ3-PCAS,paper-pcas-bulletproofs-v1,private_swap,bulletproofs-5.0.0-ristretto,7cdc095c81f873e9684a8d88adf809fac9d1d7be,76a7fd2dd876ffaa0bb633c7b1cb4646e0969bb6325719d255ae6c0d0968cb1f,6039244185045548109,0,6,pcas-paper-r1,"{""ablation"":""full"",""application_units"":2,""hash_rounds"":5,""membership_paths"":2,""merkle_depth"":32,""range_bits"":64,""scale_mode"":""target_native_size"",""time_bits"":32}",65536,65536,16,16,msm,,,,,,,,,,,,,,phase,,,true,wrong_public_input,,the library does not expose its internal multiscalar multiplications as a timed phase,,measured,paper-scale PCAS campaign,measurement,true,false,unsupported,{},,,,,,
54f9f0bd-9809-4052-bd04-07736e1c0a07,2026-08-20T11:05:47.577540+00:00,PAPER-RQ3-PCAS,paper-pcas-bulletproofs-v1,private_swap,bulletproofs-5.0.0-ristretto,7cdc095c81f873e9684a8d88adf809fac9d1d7be,76a7fd2dd876ffaa0bb633c7b1cb4646e0969bb6325719d255ae6c0d0968cb1f,6039244185045548109,0,6,pcas-paper-r1,"{""ablation"":""full"",""application_units"":2,""hash_rounds"":5,""membership_paths"":2,""merkle_depth"":32,""range_bits"":64,""scale_mode"":""target_native_size"",""time_bits"":32}",65536,65536,16,16,verify_core,676.933591,,,,,,,,,,,,,phase,,,true,wrong_public_input,676.933591,,,measured,paper-scale PCAS campaign,measurement,true,true,ok,"{""r1cs_multipliers"":65536.0}",,,,,,
54f9f0bd-9809-4052-bd04-07736e1c0a07,2026-08-20T11:05:47.577555+00:00,PAPER-RQ3-PCAS,paper-pcas-bulletproofs-v1,private_swap,bulletproofs-5.0.0-ristretto,7cdc095c81f873e9684a8d88adf809fac9d1d7be,76a7fd2dd876ffaa0bb633c7b1cb4646e0969bb6325719d255ae6c0d0968cb1f,6039244185045548109,0,6,pcas-paper-r1,"{""ablation"":""full"",""application_units"":2,""hash_rounds"":5,""membership_paths"":2,""merkle_depth"":32,""range_bits"":64,""scale_mode"":""target_native_size"",""time_bits"":32}",65536,65536,16,16,verify_total,676.933591,,,,,,,,,,,,,phase,,,true,wrong_public_input,,,,measured,paper-scale PCAS campaign,measurement,true,true,ok,{},,,,,,
54f9f0bd-9809-4052-bd04-07736e1c0a07,2026-08-20T11:05:47.577588+00:00,PAPER-RQ3-PCAS,paper-pcas-bulletproofs-v1,private_swap,bulletproofs-5.0.0-ristretto,7cdc095c81f873e9684a8d88adf809fac9d1d7be,76a7fd2dd876ffaa0bb633c7b1cb4646e0969bb6325719d255ae6c0d0968cb1f,6039244185045548109,0,6,pcas-paper-r1,"{""ablation"":""full"",""application_units"":2,""hash_rounds"":5,""membership_paths"":2,""merkle_depth"":32,""range_bits"":64,""scale_mode"":""target_native_size"",""time_bits"":32}",65536,65536,16,16,invalid_reject,676.933591,,,,,,,,,,,,,phase,,,true,wrong_public_input,,,,measured,paper-scale PCAS campaign,measurement,true,true,ok,"{""r1cs_multipliers"":65536.0}",,,,,,
54f9f0bd-9809-4052-bd04-07736e1c0a07,2026-08-20T11:05:47.577621+00:00,PAPER-RQ3-PCAS,paper-pcas-bulletproofs-v1,private_swap,bulletproofs-5.0.0-ristretto,7cdc095c81f873e9684a8d88adf809fac9d1d7be,76a7fd2dd876ffaa0bb633c7b1cb4646e0969bb6325719d255ae6c0d0968cb1f,6039244185045548109,0,6,pcas-paper-r1,"{""ablation"":""full"",""application_units"":2,""hash_rounds"":5,""membership_paths"":2,""merkle_depth"":32,""range_bits"":64,""scale_mode"":""target_native_size"",""time_bits"":32}",65536,65536,16,16,adapter_process_wall,10402.048650,10300.000000,229.808594,1441,false,0,cryptographic_rejection,170089,956,,,,linux-procfs,process,,,true,wrong_public_input,,"Linux procfs read failed: [Errno 13] Permission denied: '/proc/2621/io'; private commit and per-process swap I/O are unavailable; VmSwap reports allocation, not swap traffic; No documented hardware or OS energy counter is configured in WSL2",,measured,paper-scale PCAS campaign,measurement,true,true,ok,{},65536,3,65536,r1cs_multipliers,5.0,1888
1b2fe4f7-b4e6-430f-bbd2-48e95d880e0d,2026-08-20T11:05:57.769281+00:00,PAPER-RQ3-PCAS,paper-pcas-bulletproofs-v1,private_swap,bulletproofs-5.0.0-ristretto,7cdc095c81f873e9684a8d88adf809fac9d1d7be,76a7fd2dd876ffaa0bb633c7b1cb4646e0969bb6325719d255ae6c0d0968cb1f,2297522346246331568,0,7,pcas-paper-r1,"{""ablation"":""full"",""application_units"":2,""hash_rounds"":5,""membership_paths"":2,""merkle_depth"":32,""range_bits"":64,""scale_mode"":""target_native_size"",""time_bits"":32}",65536,65536,16,16,native_execution,8.835125,,,,,,,,,,,,,phase,,,true,,,,,measured,paper-scale PCAS campaign,measurement,true,true,ok,"{""application_units"":2.0,""r1cs_multipliers"":65536.0}",,,,,,
1b2fe4f7-b4e6-430f-bbd2-48e95d880e0d,2026-08-20T11:05:57.769362+00:00,PAPER-RQ3-PCAS,paper-pcas-bulletproofs-v1,private_swap,bulletproofs-5.0.0-ristretto,7cdc095c81f873e9684a8d88adf809fac9d1d7be,76a7fd2dd876ffaa0bb633c7b1cb4646e0969bb6325719d255ae6c0d0968cb1f,2297522346246331568,0,7,pcas-paper-r1,"{""ablation"":""full"",""application_units"":2,""hash_rounds"":5,""membership_paths"":2,""merkle_depth"":32,""range_bits"":64,""scale_mode"":""target_native_size"",""time_bits"":32}",65536,65536,16,16,setup_or_preprocess,1049.582675,,,,,,,,,,,,,phase,,,true,,,,,measured,paper-scale PCAS campaign,measurement,true,true,ok,"{""generator_capacity"":65536.0}",,,,,,
1b2fe4f7-b4e6-430f-bbd2-48e95d880e0d,2026-08-20T11:05:57.769389+00:00,PAPER-RQ3-PCAS,paper-pcas-bulletproofs-v1,private_swap,bulletproofs-5.0.0-ristretto,7cdc095c81f873e9684a8d88adf809fac9d1d7be,76a7fd2dd876ffaa0bb633c7b1cb4646e0969bb6325719d255ae6c0d0968cb1f,2297522346246331568,0,7,pcas-paper-r1,"{""ablation"":""full"",""application_units"":2,""hash_rounds"":5,""membership_paths"":2,""merkle_depth"":32,""range_bits"":64,""scale_mode"":""target_native_size"",""time_bits"":32}",65536,65536,16,16,key_load,,,,,,,,,,,,,,phase,,,true,,,Bulletproofs uses deterministic generators and has no proving or verification key,,measured,paper-scale PCAS campaign,measurement,true,false,unsupported,{},,,,,,
1b2fe4f7-b4e6-430f-bbd2-48e95d880e0d,2026-08-20T11:05:57.769409+00:00,PAPER-RQ3-PCAS,paper-pcas-bulletproofs-v1,private_swap,bulletproofs-5.0.0-ristretto,7cdc095c81f873e9684a8d88adf809fac9d1d7be,76a7fd2dd876ffaa0bb633c7b1cb4646e0969bb6325719d255ae6c0d0968cb1f,2297522346246331568,0,7,pcas-paper-r1,"{""ablation"":""full"",""application_units"":2,""hash_rounds"":5,""membership_paths"":2,""merkle_depth"":32,""range_bits"":64,""scale_mode"":""target_native_size"",""time_bits"":32}",65536,65536,16,16,commitment,0.365411,,,,,,,,,,,,,phase,,,true,,,,,measured,paper-scale PCAS campaign,measurement,true,true,ok,{},,,,,,
1b2fe4f7-b4e6-430f-bbd2-48e95d880e0d,2026-08-20T11:05:57.769428+00:00,PAPER-RQ3-PCAS,paper-pcas-bulletproofs-v1,private_swap,bulletproofs-5.0.0-ristretto,7cdc095c81f873e9684a8d88adf809fac9d1d7be,76a7fd2dd876ffaa0bb633c7b1cb4646e0969bb6325719d255ae6c0d0968cb1f,2297522346246331568,0,7,pcas-paper-r1,"{""ablation"":""full"",""application_units"":2,""hash_rounds"":5,""membership_paths"":2,""merkle_depth"":32,""range_bits"":64,""scale_mode"":""target_native_size"",""time_bits"":32}",65536,65536,16,16,witness,57.377194,,,,,,,,,,,,,phase,,,true,,,,,measured,paper-scale PCAS campaign,measurement,true,true,ok,"{""generator_capacity"":65536.0,""r1cs_multipliers"":65536.0}",,,,,,
1b2fe4f7-b4e6-430f-bbd2-48e95d880e0d,2026-08-20T11:05:57.769448+00:00,PAPER-RQ3-PCAS,paper-pcas-bulletproofs-v1,private_swap,bulletproofs-5.0.0-ristretto,7cdc095c81f873e9684a8d88adf809fac9d1d7be,76a7fd2dd876ffaa0bb633c7b1cb4646e0969bb6325719d255ae6c0d0968cb1f,2297522346246331568,0,7,pcas-paper-r1,"{""ablation"":""full"",""application_units"":2,""hash_rounds"":5,""membership_paths"":2,""merkle_depth"":32,""range_bits"":64,""scale_mode"":""target_native_size"",""time_bits"":32}",65536,65536,16,16,prove_total,8417.923570,,,,,,,,,,,,,phase,,,true,,,,,measured,paper-scale PCAS campaign,measurement,true,true,ok,"{""r1cs_multipliers"":65536.0}",,,,,,
1b2fe4f7-b4e6-430f-bbd2-48e95d880e0d,2026-08-20T11:05:57.769467+00:00,PAPER-RQ3-PCAS,paper-pcas-bulletproofs-v1,private_swap,bulletproofs-5.0.0-ristretto,7cdc095c81f873e9684a8d88adf809fac9d1d7be,76a7fd2dd876ffaa0bb633c7b1cb4646e0969bb6325719d255ae6c0d0968cb1f,2297522346246331568,0,7,pcas-paper-r1,"{""ablation"":""full"",""application_units"":2,""hash_rounds"":5,""membership_paths"":2,""merkle_depth"":32,""range_bits"":64,""scale_mode"":""target_native_size"",""time_bits"":32}",65536,65536,16,16,serialize,0.005350,,,,,,,,,,,,,phase,,,true,,,,,measured,paper-scale PCAS campaign,measurement,true,true,ok,"{""proof_bytes"":1441.0}",,,,,,
1b2fe4f7-b4e6-430f-bbd2-48e95d880e0d,2026-08-20T11:05:57.769485+00:00,PAPER-RQ3-PCAS,paper-pcas-bulletproofs-v1,private_swap,bulletproofs-5.0.0-ristretto,7cdc095c81f873e9684a8d88adf809fac9d1d7be,76a7fd2dd876ffaa0bb633c7b1cb4646e0969bb6325719d255ae6c0d0968cb1f,2297522346246331568,0,7,pcas-paper-r1,"{""ablation"":""full"",""application_units"":2,""hash_rounds"":5,""membership_paths"":2,""merkle_depth"":32,""range_bits"":64,""scale_mode"":""target_native_size"",""time_bits"":32}",65536,65536,16,16,deserialize,0.002344,,,,,,,,,,,,,phase,,,true,,,,,measured,paper-scale PCAS campaign,measurement,true,true,ok,"{""proof_bytes"":1441.0}",,,,,,
1b2fe4f7-b4e6-430f-bbd2-48e95d880e0d,2026-08-20T11:05:57.769503+00:00,PAPER-RQ3-PCAS,paper-pcas-bulletproofs-v1,private_swap,bulletproofs-5.0.0-ristretto,7cdc095c81f873e9684a8d88adf809fac9d1d7be,76a7fd2dd876ffaa0bb633c7b1cb4646e0969bb6325719d255ae6c0d0968cb1f,2297522346246331568,0,7,pcas-paper-r1,"{""ablation"":""full"",""application_units"":2,""hash_rounds"":5,""membership_paths"":2,""merkle_depth"":32,""range_bits"":64,""scale_mode"":""target_native_size"",""time_bits"":32}",65536,65536,16,16,fft_ntt,,,,,,,,,,,,,,phase,,,true,,,the Bulletproofs R1CS prover does not use an FFT or NTT phase,,measured,paper-scale PCAS campaign,measurement,true,false,unsupported,{},,,,,,
1b2fe4f7-b4e6-430f-bbd2-48e95d880e0d,2026-08-20T11:05:57.769519+00:00,PAPER-RQ3-PCAS,paper-pcas-bulletproofs-v1,private_swap,bulletproofs-5.0.0-ristretto,7cdc095c81f873e9684a8d88adf809fac9d1d7be,76a7fd2dd876ffaa0bb633c7b1cb4646e0969bb6325719d255ae6c0d0968cb1f,2297522346246331568,0,7,pcas-paper-r1,"{""ablation"":""full"",""application_units"":2,""hash_rounds"":5,""membership_paths"":2,""merkle_depth"":32,""range_bits"":64,""scale_mode"":""target_native_size"",""time_bits"":32}",65536,65536,16,16,msm,,,,,,,,,,,,,,phase,,,true,,,the library does not expose its internal multiscalar multiplications as a timed phase,,measured,paper-scale PCAS campaign,measurement,true,false,unsupported,{},,,,,,
1b2fe4f7-b4e6-430f-bbd2-48e95d880e0d,2026-08-20T11:05:57.769536+00:00,PAPER-RQ3-PCAS,paper-pcas-bulletproofs-v1,private_swap,bulletproofs-5.0.0-ristretto,7cdc095c81f873e9684a8d88adf809fac9d1d7be,76a7fd2dd876ffaa0bb633c7b1cb4646e0969bb6325719d255ae6c0d0968cb1f,2297522346246331568,0,7,pcas-paper-r1,"{""ablation"":""full"",""application_units"":2,""hash_rounds"":5,""membership_paths"":2,""merkle_depth"":32,""range_bits"":64,""scale_mode"":""target_native_size"",""time_bits"":32}",65536,65536,16,16,verify_core,585.828043,,,,,,,,,,,,,phase,,,true,,,,,measured,paper-scale PCAS campaign,measurement,true,true,ok,"{""r1cs_multipliers"":65536.0}",,,,,,
1b2fe4f7-b4e6-430f-bbd2-48e95d880e0d,2026-08-20T11:05:57.769553+00:00,PAPER-RQ3-PCAS,paper-pcas-bulletproofs-v1,private_swap,bulletproofs-5.0.0-ristretto,7cdc095c81f873e9684a8d88adf809fac9d1d7be,76a7fd2dd876ffaa0bb633c7b1cb4646e0969bb6325719d255ae6c0d0968cb1f,2297522346246331568,0,7,pcas-paper-r1,"{""ablation"":""full"",""application_units"":2,""hash_rounds"":5,""membership_paths"":2,""merkle_depth"":32,""range_bits"":64,""scale_mode"":""target_native_size"",""time_bits"":32}",65536,65536,16,16,verify_total,585.828043,,,,,,,,,,,,,phase,,,true,,,,,measured,paper-scale PCAS campaign,measurement,true,true,ok,{},,,,,,
1b2fe4f7-b4e6-430f-bbd2-48e95d880e0d,2026-08-20T11:05:57.769570+00:00,PAPER-RQ3-PCAS,paper-pcas-bulletproofs-v1,private_swap,bulletproofs-5.0.0-ristretto,7cdc095c81f873e9684a8d88adf809fac9d1d7be,76a7fd2dd876ffaa0bb633c7b1cb4646e0969bb6325719d255ae6c0d0968cb1f,2297522346246331568,0,7,pcas-paper-r1,"{""ablation"":""full"",""application_units"":2,""hash_rounds"":5,""membership_paths"":2,""merkle_depth"":32,""range_bits"":64,""scale_mode"":""target_native_size"",""time_bits"":32}",65536,65536,16,16,adapter_process_wall,10190.762661,10110.000000,229.832031,1441,true,0,,170091,956,,,,linux-procfs,process,,,true,,,"Linux procfs read failed: [Errno 13] Permission denied: '/proc/2623/io'; private commit and per-process swap I/O are unavailable; VmSwap reports allocation, not swap traffic; No documented hardware or OS energy counter is configured in WSL2",,measured,paper-scale PCAS campaign,measurement,true,true,ok,{},65536,3,65536,r1cs_multipliers,5.0,1854
e82dc460-9ef4-4976-98f2-a0c73895e044,2026-08-20T11:06:07.611131+00:00,PAPER-RQ3-PCAS,paper-pcas-bulletproofs-v1,private_swap,bulletproofs-5.0.0-ristretto,7cdc095c81f873e9684a8d88adf809fac9d1d7be,76a7fd2dd876ffaa0bb633c7b1cb4646e0969bb6325719d255ae6c0d0968cb1f,6098141672118378916,3,8,pcas-paper-r1,"{""ablation"":""full"",""application_units"":2,""hash_rounds"":5,""membership_paths"":2,""merkle_depth"":32,""range_bits"":64,""scale_mode"":""target_native_size"",""time_bits"":32}",65536,65536,16,16,native_execution,10.065285,,,,,,,,,,,,,phase,,,true,,,,,measured,paper-scale PCAS campaign,measurement,true,true,ok,"{""application_units"":2.0,""r1cs_multipliers"":65536.0}",,,,,,
e82dc460-9ef4-4976-98f2-a0c73895e044,2026-08-20T11:06:07.611231+00:00,PAPER-RQ3-PCAS,paper-pcas-bulletproofs-v1,private_swap,bulletproofs-5.0.0-ristretto,7cdc095c81f873e9684a8d88adf809fac9d1d7be,76a7fd2dd876ffaa0bb633c7b1cb4646e0969bb6325719d255ae6c0d0968cb1f,6098141672118378916,3,8,pcas-paper-r1,"{""ablation"":""full"",""application_units"":2,""hash_rounds"":5,""membership_paths"":2,""merkle_depth"":32,""range_bits"":64,""scale_mode"":""target_native_size"",""time_bits"":32}",65536,65536,16,16,setup_or_preprocess,1065.675552,,,,,,,,,,,,,phase,,,true,,,,,measured,paper-scale PCAS campaign,measurement,true,true,ok,"{""generator_capacity"":65536.0}",,,,,,
e82dc460-9ef4-4976-98f2-a0c73895e044,2026-08-20T11:06:07.611259+00:00,PAPER-RQ3-PCAS,paper-pcas-bulletproofs-v1,private_swap,bulletproofs-5.0.0-ristretto,7cdc095c81f873e9684a8d88adf809fac9d1d7be,76a7fd2dd876ffaa0bb633c7b1cb4646e0969bb6325719d255ae6c0d0968cb1f,6098141672118378916,3,8,pcas-paper-r1,"{""ablation"":""full"",""application_units"":2,""hash_rounds"":5,""membership_paths"":2,""merkle_depth"":32,""range_bits"":64,""scale_mode"":""target_native_size"",""time_bits"":32}",65536,65536,16,16,key_load,,,,,,,,,,,,,,phase,,,true,,,Bulletproofs uses deterministic generators and has no proving or verification key,,measured,paper-scale PCAS campaign,measurement,true,false,unsupported,{},,,,,,
e82dc460-9ef4-4976-98f2-a0c73895e044,2026-08-20T11:06:07.611281+00:00,PAPER-RQ3-PCAS,paper-pcas-bulletproofs-v1,private_swap,bulletproofs-5.0.0-ristretto,7cdc095c81f873e9684a8d88adf809fac9d1d7be,76a7fd2dd876ffaa0bb633c7b1cb4646e0969bb6325719d255ae6c0d0968cb1f,6098141672118378916,3,8,pcas-paper-r1,"{""ablation"":""full"",""application_units"":2,""hash_rounds"":5,""membership_paths"":2,""merkle_depth"":32,""range_bits"":64,""scale_mode"":""target_native_size"",""time_bits"":32}",65536,65536,16,16,commitment,0.307482,,,,,,,,,,,,,phase,,,true,,,,,measured,paper-scale PCAS campaign,measurement,true,true,ok,{},,,,,,
e82dc460-9ef4-4976-98f2-a0c73895e044,2026-08-20T11:06:07.611301+00:00,PAPER-RQ3-PCAS,paper-pcas-bulletproofs-v1,private_swap,bulletproofs-5.0.0-ristretto,7cdc095c81f873e9684a8d88adf809fac9d1d7be,76a7fd2dd876ffaa0bb633c7b1cb4646e0969bb6325719d255ae6c0d0968cb1f,6098141672118378916,3,8,pcas-paper-r1,"{""ablation"":""full"",""application_units"":2,""hash_rounds"":5,""membership_paths"":2,""merkle_depth"":32,""range_bits"":64,""scale_mode"":""target_native_size"",""time_bits"":32}",65536,65536,16,16,witness,57.079590,,,,,,,,,,,,,phase,,,true,,,,,measured,paper-scale PCAS campaign,measurement,true,true,ok,"{""generator_capacity"":65536.0,""r1cs_multipliers"":65536.0}",,,,,,
e82dc460-9ef4-4976-98f2-a0c73895e044,2026-08-20T11:06:07.611320+00:00,PAPER-RQ3-PCAS,paper-pcas-bulletproofs-v1,private_swap,bulletproofs-5.0.0-ristretto,7cdc095c81f873e9684a8d88adf809fac9d1d7be,76a7fd2dd876ffaa0bb633c7b1cb4646e0969bb6325719d255ae6c0d0968cb1f,6098141672118378916,3,8,pcas-paper-r1,"{""ablation"":""full"",""application_units"":2,""hash_rounds"":5,""membership_paths"":2,""merkle_depth"":32,""range_bits"":64,""scale_mode"":""target_native_size"",""time_bits"":32}",65536,65536,16,16,prove_total,8040.950723,,,,,,,,,,,,,phase,,,true,,,,,measured,paper-scale PCAS campaign,measurement,true,true,ok,"{""r1cs_multipliers"":65536.0}",,,,,,
e82dc460-9ef4-4976-98f2-a0c73895e044,2026-08-20T11:06:07.611339+00:00,PAPER-RQ3-PCAS,paper-pcas-bulletproofs-v1,private_swap,bulletproofs-5.0.0-ristretto,7cdc095c81f873e9684a8d88adf809fac9d1d7be,76a7fd2dd876ffaa0bb633c7b1cb4646e0969bb6325719d255ae6c0d0968cb1f,6098141672118378916,3,8,pcas-paper-r1,"{""ablation"":""full"",""application_units"":2,""hash_rounds"":5,""membership_paths"":2,""merkle_depth"":32,""range_bits"":64,""scale_mode"":""target_native_size"",""time_bits"":32}",65536,65536,16,16,serialize,0.004849,,,,,,,,,,,,,phase,,,true,,,,,measured,paper-scale PCAS campaign,measurement,true,true,ok,"{""proof_bytes"":1441.0}",,,,,,
e82dc460-9ef4-4976-98f2-a0c73895e044,2026-08-20T11:06:07.611407+00:00,PAPER-RQ3-PCAS,paper-pcas-bulletproofs-v1,private_swap,bulletproofs-5.0.0-ristretto,7cdc095c81f873e9684a8d88adf809fac9d1d7be,76a7fd2dd876ffaa0bb633c7b1cb4646e0969bb6325719d255ae6c0d0968cb1f,6098141672118378916,3,8,pcas-paper-r1,"{""ablation"":""full"",""application_units"":2,""hash_rounds"":5,""membership_paths"":2,""merkle_depth"":32,""range_bits"":64,""scale_mode"":""target_native_size"",""time_bits"":32}",65536,65536,16,16,deserialize,0.001844,,,,,,,,,,,,,phase,,,true,,,,,measured,paper-scale PCAS campaign,measurement,true,true,ok,"{""proof_bytes"":1441.0}",,,,,,
e82dc460-9ef4-4976-98f2-a0c73895e044,2026-08-20T11:06:07.611446+00:00,PAPER-RQ3-PCAS,paper-pcas-bulletproofs-v1,private_swap,bulletproofs-5.0.0-ristretto,7cdc095c81f873e9684a8d88adf809fac9d1d7be,76a7fd2dd876ffaa0bb633c7b1cb4646e0969bb6325719d255ae6c0d0968cb1f,6098141672118378916,3,8,pcas-paper-r1,"{""ablation"":""full"",""application_units"":2,""hash_rounds"":5,""membership_paths"":2,""merkle_depth"":32,""range_bits"":64,""scale_mode"":""target_native_size"",""time_bits"":32}",65536,65536,16,16,fft_ntt,,,,,,,,,,,,,,phase,,,true,,,the Bulletproofs R1CS prover does not use an FFT or NTT phase,,measured,paper-scale PCAS campaign,measurement,true,false,unsupported,{},,,,,,
e82dc460-9ef4-4976-98f2-a0c73895e044,2026-08-20T11:06:07.611466+00:00,PAPER-RQ3-PCAS,paper-pcas-bulletproofs-v1,private_swap,bulletproofs-5.0.0-ristretto,7cdc095c81f873e9684a8d88adf809fac9d1d7be,76a7fd2dd876ffaa0bb633c7b1cb4646e0969bb6325719d255ae6c0d0968cb1f,6098141672118378916,3,8,pcas-paper-r1,"{""ablation"":""full"",""application_units"":2,""hash_rounds"":5,""membership_paths"":2,""merkle_depth"":32,""range_bits"":64,""scale_mode"":""target_native_size"",""time_bits"":32}",65536,65536,16,16,msm,,,,,,,,,,,,,,phase,,,true,,,the library does not expose its internal multiscalar multiplications as a timed phase,,measured,paper-scale PCAS campaign,measurement,true,false,unsupported,{},,,,,,
e82dc460-9ef4-4976-98f2-a0c73895e044,2026-08-20T11:06:07.611482+00:00,PAPER-RQ3-PCAS,paper-pcas-bulletproofs-v1,private_swap,bulletproofs-5.0.0-ristretto,7cdc095c81f873e9684a8d88adf809fac9d1d7be,76a7fd2dd876ffaa0bb633c7b1cb4646e0969bb6325719d255ae6c0d0968cb1f,6098141672118378916,3,8,pcas-paper-r1,"{""ablation"":""full"",""application_units"":2,""hash_rounds"":5,""membership_paths"":2,""merkle_depth"":32,""range_bits"":64,""scale_mode"":""target_native_size"",""time_bits"":32}",65536,65536,16,16,verify_core,605.222808,,,,,,,,,,,,,phase,,,true,,,,,measured,paper-scale PCAS campaign,measurement,true,true,ok,"{""r1cs_multipliers"":65536.0}",,,,,,
e82dc460-9ef4-4976-98f2-a0c73895e044,2026-08-20T11:06:07.611498+00:00,PAPER-RQ3-PCAS,paper-pcas-bulletproofs-v1,private_swap,bulletproofs-5.0.0-ristretto,7cdc095c81f873e9684a8d88adf809fac9d1d7be,76a7fd2dd876ffaa0bb633c7b1cb4646e0969bb6325719d255ae6c0d0968cb1f,6098141672118378916,3,8,pcas-paper-r1,"{""ablation"":""full"",""application_units"":2,""hash_rounds"":5,""membership_paths"":2,""merkle_depth"":32,""range_bits"":64,""scale_mode"":""target_native_size"",""time_bits"":32}",65536,65536,16,16,verify_total,605.222808,,,,,,,,,,,,,phase,,,true,,,,,measured,paper-scale PCAS campaign,measurement,true,true,ok,{},,,,,,
e82dc460-9ef4-4976-98f2-a0c73895e044,2026-08-20T11:06:07.611513+00:00,PAPER-RQ3-PCAS,paper-pcas-bulletproofs-v1,private_swap,bulletproofs-5.0.0-ristretto,7cdc095c81f873e9684a8d88adf809fac9d1d7be,76a7fd2dd876ffaa0bb633c7b1cb4646e0969bb6325719d255ae6c0d0968cb1f,6098141672118378916,3,8,pcas-paper-r1,"{""ablation"":""full"",""application_units"":2,""hash_rounds"":5,""membership_paths"":2,""merkle_depth"":32,""range_bits"":64,""scale_mode"":""target_native_size"",""time_bits"":32}",65536,65536,16,16,adapter_process_wall,9840.487764,9760.000000,229.832031,1441,true,0,,170091,956,,,,linux-procfs,process,,,true,,,"Linux procfs read failed: [Errno 13] Permission denied: '/proc/2625/io'; private commit and per-process swap I/O are unavailable; VmSwap reports allocation, not swap traffic; No documented hardware or OS energy counter is configured in WSL2",,measured,paper-scale PCAS campaign,measurement,true,true,ok,{},65536,3,65536,r1cs_multipliers,5.0,1793
7c54f543-a440-4edb-b935-a47b6a1db28e,2026-08-20T11:06:17.716605+00:00,PAPER-RQ3-PCAS,paper-pcas-bulletproofs-v1,private_swap,bulletproofs-5.0.0-ristretto,7cdc095c81f873e9684a8d88adf809fac9d1d7be,76a7fd2dd876ffaa0bb633c7b1cb4646e0969bb6325719d255ae6c0d0968cb1f,3570870013956905177,6,9,pcas-paper-r1,"{""ablation"":""full"",""application_units"":2,""hash_rounds"":5,""membership_paths"":2,""merkle_depth"":32,""range_bits"":64,""scale_mode"":""target_native_size"",""time_bits"":32}",65536,65536,16,16,native_execution,8.839514,,,,,,,,,,,,,phase,,,true,,,,,measured,paper-scale PCAS campaign,measurement,true,true,ok,"{""application_units"":2.0,""r1cs_multipliers"":65536.0}",,,,,,
7c54f543-a440-4edb-b935-a47b6a1db28e,2026-08-20T11:06:17.716687+00:00,PAPER-RQ3-PCAS,paper-pcas-bulletproofs-v1,private_swap,bulletproofs-5.0.0-ristretto,7cdc095c81f873e9684a8d88adf809fac9d1d7be,76a7fd2dd876ffaa0bb633c7b1cb4646e0969bb6325719d255ae6c0d0968cb1f,3570870013956905177,6,9,pcas-paper-r1,"{""ablation"":""full"",""application_units"":2,""hash_rounds"":5,""membership_paths"":2,""merkle_depth"":32,""range_bits"":64,""scale_mode"":""target_native_size"",""time_bits"":32}",65536,65536,16,16,setup_or_preprocess,1062.331218,,,,,,,,,,,,,phase,,,true,,,,,measured,paper-scale PCAS campaign,measurement,true,true,ok,"{""generator_capacity"":65536.0}",,,,,,
7c54f543-a440-4edb-b935-a47b6a1db28e,2026-08-20T11:06:17.716710+00:00,PAPER-RQ3-PCAS,paper-pcas-bulletproofs-v1,private_swap,bulletproofs-5.0.0-ristretto,7cdc095c81f873e9684a8d88adf809fac9d1d7be,76a7fd2dd876ffaa0bb633c7b1cb4646e0969bb6325719d255ae6c0d0968cb1f,3570870013956905177,6,9,pcas-paper-r1,"{""ablation"":""full"",""application_units"":2,""hash_rounds"":5,""membership_paths"":2,""merkle_depth"":32,""range_bits"":64,""scale_mode"":""target_native_size"",""time_bits"":32}",65536,65536,16,16,key_load,,,,,,,,,,,,,,phase,,,true,,,Bulletproofs uses deterministic generators and has no proving or verification key,,measured,paper-scale PCAS campaign,measurement,true,false,unsupported,{},,,,,,
7c54f543-a440-4edb-b935-a47b6a1db28e,2026-08-20T11:06:17.716726+00:00,PAPER-RQ3-PCAS,paper-pcas-bulletproofs-v1,private_swap,bulletproofs-5.0.0-ristretto,7cdc095c81f873e9684a8d88adf809fac9d1d7be,76a7fd2dd876ffaa0bb633c7b1cb4646e0969bb6325719d255ae6c0d0968cb1f,3570870013956905177,6,9,pcas-paper-r1,"{""ablation"":""full"",""application_units"":2,""hash_rounds"":5,""membership_paths"":2,""merkle_depth"":32,""range_bits"":64,""scale_mode"":""target_native_size"",""time_bits"":32}",65536,65536,16,16,commitment,0.361233,,,,,,,,,,,,,phase,,,true,,,,,measured,paper-scale PCAS campaign,measurement,true,true,ok,{},,,,,,
7c54f543-a440-4edb-b935-a47b6a1db28e,2026-08-20T11:06:17.716745+00:00,PAPER-RQ3-PCAS,paper-pcas-bulletproofs-v1,private_swap,bulletproofs-5.0.0-ristretto,7cdc095c81f873e9684a8d88adf809fac9d1d7be,76a7fd2dd876ffaa0bb633c7b1cb4646e0969bb6325719d255ae6c0d0968cb1f,3570870013956905177,6,9,pcas-paper-r1,"{""ablation"":""full"",""application_units"":2,""hash_rounds"":5,""membership_paths"":2,""merkle_depth"":32,""range_bits"":64,""scale_mode"":""target_native_size"",""time_bits"":32}",65536,65536,16,16,witness,56.160410,,,,,,,,,,,,,phase,,,true,,,,,measured,paper-scale PCAS campaign,measurement,true,true,ok,"{""generator_capacity"":65536.0,""r1cs_multipliers"":65536.0}",,,,,,
7c54f543-a440-4edb-b935-a47b6a1db28e,2026-08-20T11:06:17.716771+00:00,PAPER-RQ3-PCAS,paper-pcas-bulletproofs-v1,private_swap,bulletproofs-5.0.0-ristretto,7cdc095c81f873e9684a8d88adf809fac9d1d7be,76a7fd2dd876ffaa0bb633c7b1cb4646e0969bb6325719d255ae6c0d0968cb1f,3570870013956905177,6,9,pcas-paper-r1,"{""ablation"":""full"",""application_units"":2,""hash_rounds"":5,""membership_paths"":2,""merkle_depth"":32,""range_bits"":64,""scale_mode"":""target_native_size"",""time_bits"":32}",65536,65536,16,16,prove_total,8326.083531,,,,,,,,,,,,,phase,,,true,,,,,measured,paper-scale PCAS campaign,measurement,true,true,ok,"{""r1cs_multipliers"":65536.0}",,,,,,
7c54f543-a440-4edb-b935-a47b6a1db28e,2026-08-20T11:06:17.716789+00:00,PAPER-RQ3-PCAS,paper-pcas-bulletproofs-v1,private_swap,bulletproofs-5.0.0-ristretto,7cdc095c81f873e9684a8d88adf809fac9d1d7be,76a7fd2dd876ffaa0bb633c7b1cb4646e0969bb6325719d255ae6c0d0968cb1f,3570870013956905177,6,9,pcas-paper-r1,"{""ablation"":""full"",""application_units"":2,""hash_rounds"":5,""membership_paths"":2,""merkle_depth"":32,""range_bits"":64,""scale_mode"":""target_native_size"",""time_bits"":32}",65536,65536,16,16,serialize,0.005009,,,,,,,,,,,,,phase,,,true,,,,,measured,paper-scale PCAS campaign,measurement,true,true,ok,"{""proof_bytes"":1441.0}",,,,,,
7c54f543-a440-4edb-b935-a47b6a1db28e,2026-08-20T11:06:17.716805+00:00,PAPER-RQ3-PCAS,paper-pcas-bulletproofs-v1,private_swap,bulletproofs-5.0.0-ristretto,7cdc095c81f873e9684a8d88adf809fac9d1d7be,76a7fd2dd876ffaa0bb633c7b1cb4646e0969bb6325719d255ae6c0d0968cb1f,3570870013956905177,6,9,pcas-paper-r1,"{""ablation"":""full"",""application_units"":2,""hash_rounds"":5,""membership_paths"":2,""merkle_depth"":32,""range_bits"":64,""scale_mode"":""target_native_size"",""time_bits"":32}",65536,65536,16,16,deserialize,0.002214,,,,,,,,,,,,,phase,,,true,,,,,measured,paper-scale PCAS campaign,measurement,true,true,ok,"{""proof_bytes"":1441.0}",,,,,,
7c54f543-a440-4edb-b935-a47b6a1db28e,2026-08-20T11:06:17.716820+00:00,PAPER-RQ3-PCAS,paper-pcas-bulletproofs-v1,private_swap,bulletproofs-5.0.0-ristretto,7cdc095c81f873e9684a8d88adf809fac9d1d7be,76a7fd2dd876ffaa0bb633c7b1cb4646e0969bb6325719d255ae6c0d0968cb1f,3570870013956905177,6,9,pcas-paper-r1,"{""ablation"":""full"",""application_units"":2,""hash_rounds"":5,""membership_paths"":2,""merkle_depth"":32,""range_bits"":64,""scale_mode"":""target_native_size"",""time_bits"":32}",65536,65536,16,16,fft_ntt,,,,,,,,,,,,,,phase,,,true,,,the Bulletproofs R1CS prover does not use an FFT or NTT phase,,measured,paper-scale PCAS campaign,measurement,true,false,unsupported,{},,,,,,
7c54f543-a440-4edb-b935-a47b6a1db28e,2026-08-20T11:06:17.716835+00:00,PAPER-RQ3-PCAS,paper-pcas-bulletproofs-v1,private_swap,bulletproofs-5.0.0-ristretto,7cdc095c81f873e9684a8d88adf809fac9d1d7be,76a7fd2dd876ffaa0bb633c7b1cb4646e0969bb6325719d255ae6c0d0968cb1f,3570870013956905177,6,9,pcas-paper-r1,"{""ablation"":""full"",""application_units"":2,""hash_rounds"":5,""membership_paths"":2,""merkle_depth"":32,""range_bits"":64,""scale_mode"":""target_native_size"",""time_bits"":32}",65536,65536,16,16,msm,,,,,,,,,,,,,,phase,,,true,,,the library does not expose its internal multiscalar multiplications as a timed phase,,measured,paper-scale PCAS campaign,measurement,true,false,unsupported,{},,,,,,
7c54f543-a440-4edb-b935-a47b6a1db28e,2026-08-20T11:06:17.716848+00:00,PAPER-RQ3-PCAS,paper-pcas-bulletproofs-v1,private_swap,bulletproofs-5.0.0-ristretto,7cdc095c81f873e9684a8d88adf809fac9d1d7be,76a7fd2dd876ffaa0bb633c7b1cb4646e0969bb6325719d255ae6c0d0968cb1f,3570870013956905177,6,9,pcas-paper-r1,"{""ablation"":""full"",""application_units"":2,""hash_rounds"":5,""membership_paths"":2,""merkle_depth"":32,""range_bits"":64,""scale_mode"":""target_native_size"",""time_bits"":32}",65536,65536,16,16,verify_core,578.242217,,,,,,,,,,,,,phase,,,true,,,,,measured,paper-scale PCAS campaign,measurement,true,true,ok,"{""r1cs_multipliers"":65536.0}",,,,,,
7c54f543-a440-4edb-b935-a47b6a1db28e,2026-08-20T11:06:17.716862+00:00,PAPER-RQ3-PCAS,paper-pcas-bulletproofs-v1,private_swap,bulletproofs-5.0.0-ristretto,7cdc095c81f873e9684a8d88adf809fac9d1d7be,76a7fd2dd876ffaa0bb633c7b1cb4646e0969bb6325719d255ae6c0d0968cb1f,3570870013956905177,6,9,pcas-paper-r1,"{""ablation"":""full"",""application_units"":2,""hash_rounds"":5,""membership_paths"":2,""merkle_depth"":32,""range_bits"":64,""scale_mode"":""target_native_size"",""time_bits"":32}",65536,65536,16,16,verify_total,578.242217,,,,,,,,,,,,,phase,,,true,,,,,measured,paper-scale PCAS campaign,measurement,true,true,ok,{},,,,,,
7c54f543-a440-4edb-b935-a47b6a1db28e,2026-08-20T11:06:17.716877+00:00,PAPER-RQ3-PCAS,paper-pcas-bulletproofs-v1,private_swap,bulletproofs-5.0.0-ristretto,7cdc095c81f873e9684a8d88adf809fac9d1d7be,76a7fd2dd876ffaa0bb633c7b1cb4646e0969bb6325719d255ae6c0d0968cb1f,3570870013956905177,6,9,pcas-paper-r1,"{""ablation"":""full"",""application_units"":2,""hash_rounds"":5,""membership_paths"":2,""merkle_depth"":32,""range_bits"":64,""scale_mode"":""target_native_size"",""time_bits"":32}",65536,65536,16,16,adapter_process_wall,10104.148220,10020.000000,229.828125,1441,true,0,,170089,956,,,,linux-procfs,process,,,true,,,"Linux procfs read failed: [Errno 13] Permission denied: '/proc/2627/io'; private commit and per-process swap I/O are unavailable; VmSwap reports allocation, not swap traffic; No documented hardware or OS energy counter is configured in WSL2",,measured,paper-scale PCAS campaign,measurement,true,true,ok,{},65536,3,65536,r1cs_multipliers,5.0,1849
0bb7ce8a-f83d-4f2d-9e73-0622cc336bab,2026-08-20T11:06:27.681318+00:00,PAPER-RQ3-PCAS,paper-pcas-bulletproofs-v1,private_swap,bulletproofs-5.0.0-ristretto,7cdc095c81f873e9684a8d88adf809fac9d1d7be,76a7fd2dd876ffaa0bb633c7b1cb4646e0969bb6325719d255ae6c0d0968cb1f,6094916126361708721,1,10,pcas-paper-r1,"{""ablation"":""full"",""application_units"":2,""hash_rounds"":5,""membership_paths"":2,""merkle_depth"":32,""range_bits"":64,""scale_mode"":""target_native_size"",""time_bits"":32}",65536,65536,16,16,native_execution,8.327059,,,,,,,,,,,,,phase,,,true,wrong_public_input,,,,measured,paper-scale PCAS campaign,measurement,true,true,ok,"{""application_units"":2.0,""r1cs_multipliers"":65536.0}",,,,,,
0bb7ce8a-f83d-4f2d-9e73-0622cc336bab,2026-08-20T11:06:27.681397+00:00,PAPER-RQ3-PCAS,paper-pcas-bulletproofs-v1,private_swap,bulletproofs-5.0.0-ristretto,7cdc095c81f873e9684a8d88adf809fac9d1d7be,76a7fd2dd876ffaa0bb633c7b1cb4646e0969bb6325719d255ae6c0d0968cb1f,6094916126361708721,1,10,pcas-paper-r1,"{""ablation"":""full"",""application_units"":2,""hash_rounds"":5,""membership_paths"":2,""merkle_depth"":32,""range_bits"":64,""scale_mode"":""target_native_size"",""time_bits"":32}",65536,65536,16,16,setup_or_preprocess,1005.248306,,,,,,,,,,,,,phase,,,true,wrong_public_input,,,,measured,paper-scale PCAS campaign,measurement,true,true,ok,"{""generator_capacity"":65536.0}",,,,,,
0bb7ce8a-f83d-4f2d-9e73-0622cc336bab,2026-08-20T11:06:27.681423+00:00,PAPER-RQ3-PCAS,paper-pcas-bulletproofs-v1,private_swap,bulletproofs-5.0.0-ristretto,7cdc095c81f873e9684a8d88adf809fac9d1d7be,76a7fd2dd876ffaa0bb633c7b1cb4646e0969bb6325719d255ae6c0d0968cb1f,6094916126361708721,1,10,pcas-paper-r1,"{""ablation"":""full"",""application_units"":2,""hash_rounds"":5,""membership_paths"":2,""merkle_depth"":32,""range_bits"":64,""scale_mode"":""target_native_size"",""time_bits"":32}",65536,65536,16,16,key_load,,,,,,,,,,,,,,phase,,,true,wrong_public_input,,Bulletproofs uses deterministic generators and has no proving or verification key,,measured,paper-scale PCAS campaign,measurement,true,false,unsupported,{},,,,,,
0bb7ce8a-f83d-4f2d-9e73-0622cc336bab,2026-08-20T11:06:27.681442+00:00,PAPER-RQ3-PCAS,paper-pcas-bulletproofs-v1,private_swap,bulletproofs-5.0.0-ristretto,7cdc095c81f873e9684a8d88adf809fac9d1d7be,76a7fd2dd876ffaa0bb633c7b1cb4646e0969bb6325719d255ae6c0d0968cb1f,6094916126361708721,1,10,pcas-paper-r1,"{""ablation"":""full"",""application_units"":2,""hash_rounds"":5,""membership_paths"":2,""merkle_depth"":32,""range_bits"":64,""scale_mode"":""target_native_size"",""time_bits"":32}",65536,65536,16,16,commitment,0.295220,,,,,,,,,,,,,phase,,,true,wrong_public_input,,,,measured,paper-scale PCAS campaign,measurement,true,true,ok,{},,,,,,
0bb7ce8a-f83d-4f2d-9e73-0622cc336bab,2026-08-20T11:06:27.681460+00:00,PAPER-RQ3-PCAS,paper-pcas-bulletproofs-v1,private_swap,bulletproofs-5.0.0-ristretto,7cdc095c81f873e9684a8d88adf809fac9d1d7be,76a7fd2dd876ffaa0bb633c7b1cb4646e0969bb6325719d255ae6c0d0968cb1f,6094916126361708721,1,10,pcas-paper-r1,"{""ablation"":""full"",""application_units"":2,""hash_rounds"":5,""membership_paths"":2,""merkle_depth"":32,""range_bits"":64,""scale_mode"":""target_native_size"",""time_bits"":32}",65536,65536,16,16,witness,52.998754,,,,,,,,,,,,,phase,,,true,wrong_public_input,,,,measured,paper-scale PCAS campaign,measurement,true,true,ok,"{""generator_capacity"":65536.0,""r1cs_multipliers"":65536.0}",,,,,,
0bb7ce8a-f83d-4f2d-9e73-0622cc336bab,2026-08-20T11:06:27.681478+00:00,PAPER-RQ3-PCAS,paper-pcas-bulletproofs-v1,private_swap,bulletproofs-5.0.0-ristretto,7cdc095c81f873e9684a8d88adf809fac9d1d7be,76a7fd2dd876ffaa0bb633c7b1cb4646e0969bb6325719d255ae6c0d0968cb1f,6094916126361708721,1,10,pcas-paper-r1,"{""ablation"":""full"",""application_units"":2,""hash_rounds"":5,""membership_paths"":2,""merkle_depth"":32,""range_bits"":64,""scale_mode"":""target_native_size"",""time_bits"":32}",65536,65536,16,16,prove_total,8226.693696,,,,,,,,,,,,,phase,,,true,wrong_public_input,,,,measured,paper-scale PCAS campaign,measurement,true,true,ok,"{""r1cs_multipliers"":65536.0}",,,,,,
0bb7ce8a-f83d-4f2d-9e73-0622cc336bab,2026-08-20T11:06:27.681495+00:00,PAPER-RQ3-PCAS,paper-pcas-bulletproofs-v1,private_swap,bulletproofs-5.0.0-ristretto,7cdc095c81f873e9684a8d88adf809fac9d1d7be,76a7fd2dd876ffaa0bb633c7b1cb4646e0969bb6325719d255ae6c0d0968cb1f,6094916126361708721,1,10,pcas-paper-r1,"{""ablation"":""full"",""application_units"":2,""hash_rounds"":5,""membership_paths"":2,""merkle_depth"":32,""range_bits"":64,""scale_mode"":""target_native_size"",""time_bits"":32}",65536,65536,16,16,serialize,0.004258,,,,,,,,,,,,,phase,,,true,wrong_public_input,,,,measured,paper-scale PCAS campaign,measurement,true,true,ok,"{""proof_bytes"":1441.0}",,,,,,
0bb7ce8a-f83d-4f2d-9e73-0622cc336bab,2026-08-20T11:06:27.681514+00:00,PAPER-RQ3-PCAS,paper-pcas-bulletproofs-v1,private_swap,bulletproofs-5.0.0-ristretto,7cdc095c81f873e9684a8d88adf809fac9d1d7be,76a7fd2dd876ffaa0bb633c7b1cb4646e0969bb6325719d255ae6c0d0968cb1f,6094916126361708721,1,10,pcas-paper-r1,"{""ablation"":""full"",""application_units"":2,""hash_rounds"":5,""membership_paths"":2,""merkle_depth"":32,""range_bits"":64,""scale_mode"":""target_native_size"",""time_bits"":32}",65536,65536,16,16,deserialize,0.001854,,,,,,,,,,,,,phase,,,true,wrong_public_input,,,,measured,paper-scale PCAS campaign,measurement,true,true,ok,"{""proof_bytes"":1441.0}",,,,,,
0bb7ce8a-f83d-4f2d-9e73-0622cc336bab,2026-08-20T11:06:27.681531+00:00,PAPER-RQ3-PCAS,paper-pcas-bulletproofs-v1,private_swap,bulletproofs-5.0.0-ristretto,7cdc095c81f873e9684a8d88adf809fac9d1d7be,76a7fd2dd876ffaa0bb633c7b1cb4646e0969bb6325719d255ae6c0d0968cb1f,6094916126361708721,1,10,pcas-paper-r1,"{""ablation"":""full"",""application_units"":2,""hash_rounds"":5,""membership_paths"":2,""merkle_depth"":32,""range_bits"":64,""scale_mode"":""target_native_size"",""time_bits"":32}",65536,65536,16,16,fft_ntt,,,,,,,,,,,,,,phase,,,true,wrong_public_input,,the Bulletproofs R1CS prover does not use an FFT or NTT phase,,measured,paper-scale PCAS campaign,measurement,true,false,unsupported,{},,,,,,
0bb7ce8a-f83d-4f2d-9e73-0622cc336bab,2026-08-20T11:06:27.681547+00:00,PAPER-RQ3-PCAS,paper-pcas-bulletproofs-v1,private_swap,bulletproofs-5.0.0-ristretto,7cdc095c81f873e9684a8d88adf809fac9d1d7be,76a7fd2dd876ffaa0bb633c7b1cb4646e0969bb6325719d255ae6c0d0968cb1f,6094916126361708721,1,10,pcas-paper-r1,"{""ablation"":""full"",""application_units"":2,""hash_rounds"":5,""membership_paths"":2,""merkle_depth"":32,""range_bits"":64,""scale_mode"":""target_native_size"",""time_bits"":32}",65536,65536,16,16,msm,,,,,,,,,,,,,,phase,,,true,wrong_public_input,,the library does not expose its internal multiscalar multiplications as a timed phase,,measured,paper-scale PCAS campaign,measurement,true,false,unsupported,{},,,,,,
0bb7ce8a-f83d-4f2d-9e73-0622cc336bab,2026-08-20T11:06:27.681595+00:00,PAPER-RQ3-PCAS,paper-pcas-bulletproofs-v1,private_swap,bulletproofs-5.0.0-ristretto,7cdc095c81f873e9684a8d88adf809fac9d1d7be,76a7fd2dd876ffaa0bb633c7b1cb4646e0969bb6325719d255ae6c0d0968cb1f,6094916126361708721,1,10,pcas-paper-r1,"{""ablation"":""full"",""application_units"":2,""hash_rounds"":5,""membership_paths"":2,""merkle_depth"":32,""range_bits"":64,""scale_mode"":""target_native_size"",""time_bits"":32}",65536,65536,16,16,verify_core,600.374662,,,,,,,,,,,,,phase,,,true,wrong_public_input,600.374662,,,measured,paper-scale PCAS campaign,measurement,true,true,ok,"{""r1cs_multipliers"":65536.0}",,,,,,
0bb7ce8a-f83d-4f2d-9e73-0622cc336bab,2026-08-20T11:06:27.681626+00:00,PAPER-RQ3-PCAS,paper-pcas-bulletproofs-v1,private_swap,bulletproofs-5.0.0-ristretto,7cdc095c81f873e9684a8d88adf809fac9d1d7be,76a7fd2dd876ffaa0bb633c7b1cb4646e0969bb6325719d255ae6c0d0968cb1f,6094916126361708721,1,10,pcas-paper-r1,"{""ablation"":""full"",""application_units"":2,""hash_rounds"":5,""membership_paths"":2,""merkle_depth"":32,""range_bits"":64,""scale_mode"":""target_native_size"",""time_bits"":32}",65536,65536,16,16,verify_total,600.374662,,,,,,,,,,,,,phase,,,true,wrong_public_input,,,,measured,paper-scale PCAS campaign,measurement,true,true,ok,{},,,,,,
0bb7ce8a-f83d-4f2d-9e73-0622cc336bab,2026-08-20T11:06:27.681647+00:00,PAPER-RQ3-PCAS,paper-pcas-bulletproofs-v1,private_swap,bulletproofs-5.0.0-ristretto,7cdc095c81f873e9684a8d88adf809fac9d1d7be,76a7fd2dd876ffaa0bb633c7b1cb4646e0969bb6325719d255ae6c0d0968cb1f,6094916126361708721,1,10,pcas-paper-r1,"{""ablation"":""full"",""application_units"":2,""hash_rounds"":5,""membership_paths"":2,""merkle_depth"":32,""range_bits"":64,""scale_mode"":""target_native_size"",""time_bits"":32}",65536,65536,16,16,invalid_reject,600.374662,,,,,,,,,,,,,phase,,,true,wrong_public_input,,,,measured,paper-scale PCAS campaign,measurement,true,true,ok,"{""r1cs_multipliers"":65536.0}",,,,,,
0bb7ce8a-f83d-4f2d-9e73-0622cc336bab,2026-08-20T11:06:27.681666+00:00,PAPER-RQ3-PCAS,paper-pcas-bulletproofs-v1,private_swap,bulletproofs-5.0.0-ristretto,7cdc095c81f873e9684a8d88adf809fac9d1d7be,76a7fd2dd876ffaa0bb633c7b1cb4646e0969bb6325719d255ae6c0d0968cb1f,6094916126361708721,1,10,pcas-paper-r1,"{""ablation"":""full"",""application_units"":2,""hash_rounds"":5,""membership_paths"":2,""merkle_depth"":32,""range_bits"":64,""scale_mode"":""target_native_size"",""time_bits"":32}",65536,65536,16,16,adapter_process_wall,9963.467474,9880.000000,229.824219,1441,false,0,cryptographic_rejection,170092,956,,,,linux-procfs,process,,,true,wrong_public_input,,"Linux procfs read failed: [Errno 13] Permission denied: '/proc/2629/io'; private commit and per-process swap I/O are unavailable; VmSwap reports allocation, not swap traffic; No documented hardware or OS energy counter is configured in WSL2",,measured,paper-scale PCAS campaign,measurement,true,true,ok,{},65536,3,65536,r1cs_multipliers,5.0,1821
e909e984-31c8-44d7-a22a-420ca81fb96d,2026-08-20T11:06:38.048510+00:00,PAPER-RQ3-PCAS,paper-pcas-bulletproofs-v1,private_swap,bulletproofs-5.0.0-ristretto,7cdc095c81f873e9684a8d88adf809fac9d1d7be,76a7fd2dd876ffaa0bb633c7b1cb4646e0969bb6325719d255ae6c0d0968cb1f,4870126228983892004,7,11,pcas-paper-r1,"{""ablation"":""full"",""application_units"":2,""hash_rounds"":5,""membership_paths"":2,""merkle_depth"":32,""range_bits"":64,""scale_mode"":""target_native_size"",""time_bits"":32}",65536,65536,16,16,native_execution,7.987918,,,,,,,,,,,,,phase,,,true,,,,,measured,paper-scale PCAS campaign,measurement,true,true,ok,"{""application_units"":2.0,""r1cs_multipliers"":65536.0}",,,,,,
e909e984-31c8-44d7-a22a-420ca81fb96d,2026-08-20T11:06:38.048619+00:00,PAPER-RQ3-PCAS,paper-pcas-bulletproofs-v1,private_swap,bulletproofs-5.0.0-ristretto,7cdc095c81f873e9684a8d88adf809fac9d1d7be,76a7fd2dd876ffaa0bb633c7b1cb4646e0969bb6325719d255ae6c0d0968cb1f,4870126228983892004,7,11,pcas-paper-r1,"{""ablation"":""full"",""application_units"":2,""hash_rounds"":5,""membership_paths"":2,""merkle_depth"":32,""range_bits"":64,""scale_mode"":""target_native_size"",""time_bits"":32}",65536,65536,16,16,setup_or_preprocess,990.878895,,,,,,,,,,,,,phase,,,true,,,,,measured,paper-scale PCAS campaign,measurement,true,true,ok,"{""generator_capacity"":65536.0}",,,,,,
e909e984-31c8-44d7-a22a-420ca81fb96d,2026-08-20T11:06:38.048648+00:00,PAPER-RQ3-PCAS,paper-pcas-bulletproofs-v1,private_swap,bulletproofs-5.0.0-ristretto,7cdc095c81f873e9684a8d88adf809fac9d1d7be,76a7fd2dd876ffaa0bb633c7b1cb4646e0969bb6325719d255ae6c0d0968cb1f,4870126228983892004,7,11,pcas-paper-r1,"{""ablation"":""full"",""application_units"":2,""hash_rounds"":5,""membership_paths"":2,""merkle_depth"":32,""range_bits"":64,""scale_mode"":""target_native_size"",""time_bits"":32}",65536,65536,16,16,key_load,,,,,,,,,,,,,,phase,,,true,,,Bulletproofs uses deterministic generators and has no proving or verification key,,measured,paper-scale PCAS campaign,measurement,true,false,unsupported,{},,,,,,
e909e984-31c8-44d7-a22a-420ca81fb96d,2026-08-20T11:06:38.048665+00:00,PAPER-RQ3-PCAS,paper-pcas-bulletproofs-v1,private_swap,bulletproofs-5.0.0-ristretto,7cdc095c81f873e9684a8d88adf809fac9d1d7be,76a7fd2dd876ffaa0bb633c7b1cb4646e0969bb6325719d255ae6c0d0968cb1f,4870126228983892004,7,11,pcas-paper-r1,"{""ablation"":""full"",""application_units"":2,""hash_rounds"":5,""membership_paths"":2,""merkle_depth"":32,""range_bits"":64,""scale_mode"":""target_native_size"",""time_bits"":32}",65536,65536,16,16,commitment,0.310458,,,,,,,,,,,,,phase,,,true,,,,,measured,paper-scale PCAS campaign,measurement,true,true,ok,{},,,,,,
e909e984-31c8-44d7-a22a-420ca81fb96d,2026-08-20T11:06:38.048680+00:00,PAPER-RQ3-PCAS,paper-pcas-bulletproofs-v1,private_swap,bulletproofs-5.0.0-ristretto,7cdc095c81f873e9684a8d88adf809fac9d1d7be,76a7fd2dd876ffaa0bb633c7b1cb4646e0969bb6325719d255ae6c0d0968cb1f,4870126228983892004,7,11,pcas-paper-r1,"{""ablation"":""full"",""application_units"":2,""hash_rounds"":5,""membership_paths"":2,""merkle_depth"":32,""range_bits"":64,""scale_mode"":""target_native_size"",""time_bits"":32}",65536,65536,16,16,witness,55.743432,,,,,,,,,,,,,phase,,,true,,,,,measured,paper-scale PCAS campaign,measurement,true,true,ok,"{""generator_capacity"":65536.0,""r1cs_multipliers"":65536.0}",,,,,,
e909e984-31c8-44d7-a22a-420ca81fb96d,2026-08-20T11:06:38.048694+00:00,PAPER-RQ3-PCAS,paper-pcas-bulletproofs-v1,private_swap,bulletproofs-5.0.0-ristretto,7cdc095c81f873e9684a8d88adf809fac9d1d7be,76a7fd2dd876ffaa0bb633c7b1cb4646e0969bb6325719d255ae6c0d0968cb1f,4870126228983892004,7,11,pcas-paper-r1,"{""ablation"":""full"",""application_units"":2,""hash_rounds"":5,""membership_paths"":2,""merkle_depth"":32,""range_bits"":64,""scale_mode"":""target_native_size"",""time_bits"":32}",65536,65536,16,16,prove_total,8656.234602,,,,,,,,,,,,,phase,,,true,,,,,measured,paper-scale PCAS campaign,measurement,true,true,ok,"{""r1cs_multipliers"":65536.0}",,,,,,
e909e984-31c8-44d7-a22a-420ca81fb96d,2026-08-20T11:06:38.048709+00:00,PAPER-RQ3-PCAS,paper-pcas-bulletproofs-v1,private_swap,bulletproofs-5.0.0-ristretto,7cdc095c81f873e9684a8d88adf809fac9d1d7be,76a7fd2dd876ffaa0bb633c7b1cb4646e0969bb6325719d255ae6c0d0968cb1f,4870126228983892004,7,11,pcas-paper-r1,"{""ablation"":""full"",""application_units"":2,""hash_rounds"":5,""membership_paths"":2,""merkle_depth"":32,""range_bits"":64,""scale_mode"":""target_native_size"",""time_bits"":32}",65536,65536,16,16,serialize,0.008435,,,,,,,,,,,,,phase,,,true,,,,,measured,paper-scale PCAS campaign,measurement,true,true,ok,"{""proof_bytes"":1441.0}",,,,,,
e909e984-31c8-44d7-a22a-420ca81fb96d,2026-08-20T11:06:38.048723+00:00,PAPER-RQ3-PCAS,paper-pcas-bulletproofs-v1,private_swap,bulletproofs-5.0.0-ristretto,7cdc095c81f873e9684a8d88adf809fac9d1d7be,76a7fd2dd876ffaa0bb633c7b1cb4646e0969bb6325719d255ae6c0d0968cb1f,4870126228983892004,7,11,pcas-paper-r1,"{""ablation"":""full"",""application_units"":2,""hash_rounds"":5,""membership_paths"":2,""merkle_depth"":32,""range_bits"":64,""scale_mode"":""target_native_size"",""time_bits"":32}",65536,65536,16,16,deserialize,0.003126,,,,,,,,,,,,,phase,,,true,,,,,measured,paper-scale PCAS campaign,measurement,true,true,ok,"{""proof_bytes"":1441.0}",,,,,,
e909e984-31c8-44d7-a22a-420ca81fb96d,2026-08-20T11:06:38.048738+00:00,PAPER-RQ3-PCAS,paper-pcas-bulletproofs-v1,private_swap,bulletproofs-5.0.0-ristretto,7cdc095c81f873e9684a8d88adf809fac9d1d7be,76a7fd2dd876ffaa0bb633c7b1cb4646e0969bb6325719d255ae6c0d0968cb1f,4870126228983892004,7,11,pcas-paper-r1,"{""ablation"":""full"",""application_units"":2,""hash_rounds"":5,""membership_paths"":2,""merkle_depth"":32,""range_bits"":64,""scale_mode"":""target_native_size"",""time_bits"":32}",65536,65536,16,16,fft_ntt,,,,,,,,,,,,,,phase,,,true,,,the Bulletproofs R1CS prover does not use an FFT or NTT phase,,measured,paper-scale PCAS campaign,measurement,true,false,unsupported,{},,,,,,
e909e984-31c8-44d7-a22a-420ca81fb96d,2026-08-20T11:06:38.048751+00:00,PAPER-RQ3-PCAS,paper-pcas-bulletproofs-v1,private_swap,bulletproofs-5.0.0-ristretto,7cdc095c81f873e9684a8d88adf809fac9d1d7be,76a7fd2dd876ffaa0bb633c7b1cb4646e0969bb6325719d255ae6c0d0968cb1f,4870126228983892004,7,11,pcas-paper-r1,"{""ablation"":""full"",""application_units"":2,""hash_rounds"":5,""membership_paths"":2,""merkle_depth"":32,""range_bits"":64,""scale_mode"":""target_native_size"",""time_bits"":32}",65536,65536,16,16,msm,,,,,,,,,,,,,,phase,,,true,,,the library does not expose its internal multiscalar multiplications as a timed phase,,measured,paper-scale PCAS campaign,measurement,true,false,unsupported,{},,,,,,
e909e984-31c8-44d7-a22a-420ca81fb96d,2026-08-20T11:06:38.048765+00:00,PAPER-RQ3-PCAS,paper-pcas-bulletproofs-v1,private_swap,bulletproofs-5.0.0-ristretto,7cdc095c81f873e9684a8d88adf809fac9d1d7be,76a7fd2dd876ffaa0bb633c7b1cb4646e0969bb6325719d255ae6c0d0968cb1f,4870126228983892004,7,11,pcas-paper-r1,"{""ablation"":""full"",""application_units"":2,""hash_rounds"":5,""membership_paths"":2,""merkle_depth"":32,""range_bits"":64,""scale_mode"":""target_native_size"",""time_bits"":32}",65536,65536,16,16,verify_core,592.658248,,,,,,,,,,,,,phase,,,true,,,,,measured,paper-scale PCAS campaign,measurement,true,true,ok,"{""r1cs_multipliers"":65536.0}",,,,,,
e909e984-31c8-44d7-a22a-420ca81fb96d,2026-08-20T11:06:38.048779+00:00,PAPER-RQ3-PCAS,paper-pcas-bulletproofs-v1,private_swap,bulletproofs-5.0.0-ristretto,7cdc095c81f873e9684a8d88adf809fac9d1d7be,76a7fd2dd876ffaa0bb633c7b1cb4646e0969bb6325719d255ae6c0d0968cb1f,4870126228983892004,7,11,pcas-paper-r1,"{""ablation"":""full"",""application_units"":2,""hash_rounds"":5,""membership_paths"":2,""merkle_depth"":32,""range_bits"":64,""scale_mode"":""target_native_size"",""time_bits"":32}",65536,65536,16,16,verify_total,592.658248,,,,,,,,,,,,,phase,,,true,,,,,measured,paper-scale PCAS campaign,measurement,true,true,ok,{},,,,,,
e909e984-31c8-44d7-a22a-420ca81fb96d,2026-08-20T11:06:38.048792+00:00,PAPER-RQ3-PCAS,paper-pcas-bulletproofs-v1,private_swap,bulletproofs-5.0.0-ristretto,7cdc095c81f873e9684a8d88adf809fac9d1d7be,76a7fd2dd876ffaa0bb633c7b1cb4646e0969bb6325719d255ae6c0d0968cb1f,4870126228983892004,7,11,pcas-paper-r1,"{""ablation"":""full"",""application_units"":2,""hash_rounds"":5,""membership_paths"":2,""merkle_depth"":32,""range_bits"":64,""scale_mode"":""target_native_size"",""time_bits"":32}",65536,65536,16,16,adapter_process_wall,10365.778849,10280.000000,229.816406,1441,true,0,,170088,956,,,,linux-procfs,process,,,true,,,"Linux procfs read failed: [Errno 13] Permission denied: '/proc/2631/io'; private commit and per-process swap I/O are unavailable; VmSwap reports allocation, not swap traffic; No documented hardware or OS energy counter is configured in WSL2",,measured,paper-scale PCAS campaign,measurement,true,true,ok,{},65536,3,65536,r1cs_multipliers,5.0,1908
19edba8f-37c9-4269-8c4e-fffba3287e73,2026-08-20T11:06:48.008185+00:00,PAPER-RQ3-PCAS,paper-pcas-bulletproofs-v1,private_swap,bulletproofs-5.0.0-ristretto,7cdc095c81f873e9684a8d88adf809fac9d1d7be,76a7fd2dd876ffaa0bb633c7b1cb4646e0969bb6325719d255ae6c0d0968cb1f,8471575727644802935,2,12,pcas-paper-r1,"{""ablation"":""full"",""application_units"":2,""hash_rounds"":5,""membership_paths"":2,""merkle_depth"":32,""range_bits"":64,""scale_mode"":""target_native_size"",""time_bits"":32}",65536,65536,16,16,native_execution,10.169459,,,,,,,,,,,,,phase,,,true,,,,,measured,paper-scale PCAS campaign,measurement,true,true,ok,"{""application_units"":2.0,""r1cs_multipliers"":65536.0}",,,,,,
19edba8f-37c9-4269-8c4e-fffba3287e73,2026-08-20T11:06:48.008313+00:00,PAPER-RQ3-PCAS,paper-pcas-bulletproofs-v1,private_swap,bulletproofs-5.0.0-ristretto,7cdc095c81f873e9684a8d88adf809fac9d1d7be,76a7fd2dd876ffaa0bb633c7b1cb4646e0969bb6325719d255ae6c0d0968cb1f,8471575727644802935,2,12,pcas-paper-r1,"{""ablation"":""full"",""application_units"":2,""hash_rounds"":5,""membership_paths"":2,""merkle_depth"":32,""range_bits"":64,""scale_mode"":""target_native_size"",""time_bits"":32}",65536,65536,16,16,setup_or_preprocess,970.963573,,,,,,,,,,,,,phase,,,true,,,,,measured,paper-scale PCAS campaign,measurement,true,true,ok,"{""generator_capacity"":65536.0}",,,,,,
19edba8f-37c9-4269-8c4e-fffba3287e73,2026-08-20T11:06:48.008340+00:00,PAPER-RQ3-PCAS,paper-pcas-bulletproofs-v1,private_swap,bulletproofs-5.0.0-ristretto,7cdc095c81f873e9684a8d88adf809fac9d1d7be,76a7fd2dd876ffaa0bb633c7b1cb4646e0969bb6325719d255ae6c0d0968cb1f,8471575727644802935,2,12,pcas-paper-r1,"{""ablation"":""full"",""application_units"":2,""hash_rounds"":5,""membership_paths"":2,""merkle_depth"":32,""range_bits"":64,""scale_mode"":""target_native_size"",""time_bits"":32}",65536,65536,16,16,key_load,,,,,,,,,,,,,,phase,,,true,,,Bulletproofs uses deterministic generators and has no proving or verification key,,measured,paper-scale PCAS campaign,measurement,true,false,unsupported,{},,,,,,
19edba8f-37c9-4269-8c4e-fffba3287e73,2026-08-20T11:06:48.008362+00:00,PAPER-RQ3-PCAS,paper-pcas-bulletproofs-v1,private_swap,bulletproofs-5.0.0-ristretto,7cdc095c81f873e9684a8d88adf809fac9d1d7be,76a7fd2dd876ffaa0bb633c7b1cb4646e0969bb6325719d255ae6c0d0968cb1f,8471575727644802935,2,12,pcas-paper-r1,"{""ablation"":""full"",""application_units"":2,""hash_rounds"":5,""membership_paths"":2,""merkle_depth"":32,""range_bits"":64,""scale_mode"":""target_native_size"",""time_bits"":32}",65536,65536,16,16,commitment,0.363908,,,,,,,,,,,,,phase,,,true,,,,,measured,paper-scale PCAS campaign,measurement,true,true,ok,{},,,,,,
19edba8f-37c9-4269-8c4e-fffba3287e73,2026-08-20T11:06:48.008382+00:00,PAPER-RQ3-PCAS,paper-pcas-bulletproofs-v1,private_swap,bulletproofs-5.0.0-ristretto,7cdc095c81f873e9684a8d88adf809fac9d1d7be,76a7fd2dd876ffaa0bb633c7b1cb4646e0969bb6325719d255ae6c0d0968cb1f,8471575727644802935,2,12,pcas-paper-r1,"{""ablation"":""full"",""application_units"":2,""hash_rounds"":5,""membership_paths"":2,""merkle_depth"":32,""range_bits"":64,""scale_mode"":""target_native_size"",""time_bits"":32}",65536,65536,16,16,witness,53.948921,,,,,,,,,,,,,phase,,,true,,,,,measured,paper-scale PCAS campaign,measurement,true,true,ok,"{""generator_capacity"":65536.0,""r1cs_multipliers"":65536.0}",,,,,,
19edba8f-37c9-4269-8c4e-fffba3287e73,2026-08-20T11:06:48.008402+00:00,PAPER-RQ3-PCAS,paper-pcas-bulletproofs-v1,private_swap,bulletproofs-5.0.0-ristretto,7cdc095c81f873e9684a8d88adf809fac9d1d7be,76a7fd2dd876ffaa0bb633c7b1cb4646e0969bb6325719d255ae6c0d0968cb1f,8471575727644802935,2,12,pcas-paper-r1,"{""ablation"":""full"",""application_units"":2,""hash_rounds"":5,""membership_paths"":2,""merkle_depth"":32,""range_bits"":64,""scale_mode"":""target_native_size"",""time_bits"":32}",65536,65536,16,16,prove_total,8304.500720,,,,,,,,,,,,,phase,,,true,,,,,measured,paper-scale PCAS campaign,measurement,true,true,ok,"{""r1cs_multipliers"":65536.0}",,,,,,
19edba8f-37c9-4269-8c4e-fffba3287e73,2026-08-20T11:06:48.008422+00:00,PAPER-RQ3-PCAS,paper-pcas-bulletproofs-v1,private_swap,bulletproofs-5.0.0-ristretto,7cdc095c81f873e9684a8d88adf809fac9d1d7be,76a7fd2dd876ffaa0bb633c7b1cb4646e0969bb6325719d255ae6c0d0968cb1f,8471575727644802935,2,12,pcas-paper-r1,"{""ablation"":""full"",""application_units"":2,""hash_rounds"":5,""membership_paths"":2,""merkle_depth"":32,""range_bits"":64,""scale_mode"":""target_native_size"",""time_bits"":32}",65536,65536,16,16,serialize,0.004799,,,,,,,,,,,,,phase,,,true,,,,,measured,paper-scale PCAS campaign,measurement,true,true,ok,"{""proof_bytes"":1441.0}",,,,,,
19edba8f-37c9-4269-8c4e-fffba3287e73,2026-08-20T11:06:48.008441+00:00,PAPER-RQ3-PCAS,paper-pcas-bulletproofs-v1,private_swap,bulletproofs-5.0.0-ristretto,7cdc095c81f873e9684a8d88adf809fac9d1d7be,76a7fd2dd876ffaa0bb633c7b1cb4646e0969bb6325719d255ae6c0d0968cb1f,8471575727644802935,2,12,pcas-paper-r1,"{""ablation"":""full"",""application_units"":2,""hash_rounds"":5,""membership_paths"":2,""merkle_depth"":32,""range_bits"":64,""scale_mode"":""target_native_size"",""time_bits"":32}",65536,65536,16,16,deserialize,0.001883,,,,,,,,,,,,,phase,,,true,,,,,measured,paper-scale PCAS campaign,measurement,true,true,ok,"{""proof_bytes"":1441.0}",,,,,,
19edba8f-37c9-4269-8c4e-fffba3287e73,2026-08-20T11:06:48.008460+00:00,PAPER-RQ3-PCAS,paper-pcas-bulletproofs-v1,private_swap,bulletproofs-5.0.0-ristretto,7cdc095c81f873e9684a8d88adf809fac9d1d7be,76a7fd2dd876ffaa0bb633c7b1cb4646e0969bb6325719d255ae6c0d0968cb1f,8471575727644802935,2,12,pcas-paper-r1,"{""ablation"":""full"",""application_units"":2,""hash_rounds"":5,""membership_paths"":2,""merkle_depth"":32,""range_bits"":64,""scale_mode"":""target_native_size"",""time_bits"":32}",65536,65536,16,16,fft_ntt,,,,,,,,,,,,,,phase,,,true,,,the Bulletproofs R1CS prover does not use an FFT or NTT phase,,measured,paper-scale PCAS campaign,measurement,true,false,unsupported,{},,,,,,
19edba8f-37c9-4269-8c4e-fffba3287e73,2026-08-20T11:06:48.008477+00:00,PAPER-RQ3-PCAS,paper-pcas-bulletproofs-v1,private_swap,bulletproofs-5.0.0-ristretto,7cdc095c81f873e9684a8d88adf809fac9d1d7be,76a7fd2dd876ffaa0bb633c7b1cb4646e0969bb6325719d255ae6c0d0968cb1f,8471575727644802935,2,12,pcas-paper-r1,"{""ablation"":""full"",""application_units"":2,""hash_rounds"":5,""membership_paths"":2,""merkle_depth"":32,""range_bits"":64,""scale_mode"":""target_native_size"",""time_bits"":32}",65536,65536,16,16,msm,,,,,,,,,,,,,,phase,,,true,,,the library does not expose its internal multiscalar multiplications as a timed phase,,measured,paper-scale PCAS campaign,measurement,true,false,unsupported,{},,,,,,
19edba8f-37c9-4269-8c4e-fffba3287e73,2026-08-20T11:06:48.008495+00:00,PAPER-RQ3-PCAS,paper-pcas-bulletproofs-v1,private_swap,bulletproofs-5.0.0-ristretto,7cdc095c81f873e9684a8d88adf809fac9d1d7be,76a7fd2dd876ffaa0bb633c7b1cb4646e0969bb6325719d255ae6c0d0968cb1f,8471575727644802935,2,12,pcas-paper-r1,"{""ablation"":""full"",""application_units"":2,""hash_rounds"":5,""membership_paths"":2,""merkle_depth"":32,""range_bits"":64,""scale_mode"":""target_native_size"",""time_bits"":32}",65536,65536,16,16,verify_core,553.771977,,,,,,,,,,,,,phase,,,true,,,,,measured,paper-scale PCAS campaign,measurement,true,true,ok,"{""r1cs_multipliers"":65536.0}",,,,,,
19edba8f-37c9-4269-8c4e-fffba3287e73,2026-08-20T11:06:48.008513+00:00,PAPER-RQ3-PCAS,paper-pcas-bulletproofs-v1,private_swap,bulletproofs-5.0.0-ristretto,7cdc095c81f873e9684a8d88adf809fac9d1d7be,76a7fd2dd876ffaa0bb633c7b1cb4646e0969bb6325719d255ae6c0d0968cb1f,8471575727644802935,2,12,pcas-paper-r1,"{""ablation"":""full"",""application_units"":2,""hash_rounds"":5,""membership_paths"":2,""merkle_depth"":32,""range_bits"":64,""scale_mode"":""target_native_size"",""time_bits"":32}",65536,65536,16,16,verify_total,553.771977,,,,,,,,,,,,,phase,,,true,,,,,measured,paper-scale PCAS campaign,measurement,true,true,ok,{},,,,,,
19edba8f-37c9-4269-8c4e-fffba3287e73,2026-08-20T11:06:48.008530+00:00,PAPER-RQ3-PCAS,paper-pcas-bulletproofs-v1,private_swap,bulletproofs-5.0.0-ristretto,7cdc095c81f873e9684a8d88adf809fac9d1d7be,76a7fd2dd876ffaa0bb633c7b1cb4646e0969bb6325719d255ae6c0d0968cb1f,8471575727644802935,2,12,pcas-paper-r1,"{""ablation"":""full"",""application_units"":2,""hash_rounds"":5,""membership_paths"":2,""merkle_depth"":32,""range_bits"":64,""scale_mode"":""target_native_size"",""time_bits"":32}",65536,65536,16,16,adapter_process_wall,9958.074032,9870.000000,229.832031,1441,true,0,,170089,956,,,,linux-procfs,process,,,true,,,"Linux procfs read failed: [Errno 13] Permission denied: '/proc/2633/io'; private commit and per-process swap I/O are unavailable; VmSwap reports allocation, not swap traffic; No documented hardware or OS energy counter is configured in WSL2",,measured,paper-scale PCAS campaign,measurement,true,true,ok,{},65536,3,65536,r1cs_multipliers,5.0,1822
7ead677b-8a24-4508-bdc9-b7902752d6f2,2026-08-20T11:06:57.362462+00:00,PAPER-RQ3-PCAS,paper-pcas-bulletproofs-v1,private_swap,bulletproofs-5.0.0-ristretto,7cdc095c81f873e9684a8d88adf809fac9d1d7be,76a7fd2dd876ffaa0bb633c7b1cb4646e0969bb6325719d255ae6c0d0968cb1f,6488715382394076367,1,13,pcas-paper-r1,"{""ablation"":""full"",""application_units"":2,""hash_rounds"":5,""membership_paths"":2,""merkle_depth"":32,""range_bits"":64,""scale_mode"":""target_native_size"",""time_bits"":32}",65536,65536,16,16,native_execution,8.739930,,,,,,,,,,,,,phase,,,true,,,,,measured,paper-scale PCAS campaign,measurement,true,true,ok,"{""application_units"":2.0,""r1cs_multipliers"":65536.0}",,,,,,
7ead677b-8a24-4508-bdc9-b7902752d6f2,2026-08-20T11:06:57.362575+00:00,PAPER-RQ3-PCAS,paper-pcas-bulletproofs-v1,private_swap,bulletproofs-5.0.0-ristretto,7cdc095c81f873e9684a8d88adf809fac9d1d7be,76a7fd2dd876ffaa0bb633c7b1cb4646e0969bb6325719d255ae6c0d0968cb1f,6488715382394076367,1,13,pcas-paper-r1,"{""ablation"":""full"",""application_units"":2,""hash_rounds"":5,""membership_paths"":2,""merkle_depth"":32,""range_bits"":64,""scale_mode"":""target_native_size"",""time_bits"":32}",65536,65536,16,16,setup_or_preprocess,984.832453,,,,,,,,,,,,,phase,,,true,,,,,measured,paper-scale PCAS campaign,measurement,true,true,ok,"{""generator_capacity"":65536.0}",,,,,,
7ead677b-8a24-4508-bdc9-b7902752d6f2,2026-08-20T11:06:57.362598+00:00,PAPER-RQ3-PCAS,paper-pcas-bulletproofs-v1,private_swap,bulletproofs-5.0.0-ristretto,7cdc095c81f873e9684a8d88adf809fac9d1d7be,76a7fd2dd876ffaa0bb633c7b1cb4646e0969bb6325719d255ae6c0d0968cb1f,6488715382394076367,1,13,pcas-paper-r1,"{""ablation"":""full"",""application_units"":2,""hash_rounds"":5,""membership_paths"":2,""merkle_depth"":32,""range_bits"":64,""scale_mode"":""target_native_size"",""time_bits"":32}",65536,65536,16,16,key_load,,,,,,,,,,,,,,phase,,,true,,,Bulletproofs uses deterministic generators and has no proving or verification key,,measured,paper-scale PCAS campaign,measurement,true,false,unsupported,{},,,,,,
7ead677b-8a24-4508-bdc9-b7902752d6f2,2026-08-20T11:06:57.362614+00:00,PAPER-RQ3-PCAS,paper-pcas-bulletproofs-v1,private_swap,bulletproofs-5.0.0-ristretto,7cdc095c81f873e9684a8d88adf809fac9d1d7be,76a7fd2dd876ffaa0bb633c7b1cb4646e0969bb6325719d255ae6c0d0968cb1f,6488715382394076367,1,13,pcas-paper-r1,"{""ablation"":""full"",""application_units"":2,""hash_rounds"":5,""membership_paths"":2,""merkle_depth"":32,""range_bits"":64,""scale_mode"":""target_native_size"",""time_bits"":32}",65536,65536,16,16,commitment,0.296752,,,,,,,,,,,,,phase,,,true,,,,,measured,paper-scale PCAS campaign,measurement,true,true,ok,{},,,,,,
7ead677b-8a24-4508-bdc9-b7902752d6f2,2026-08-20T11:06:57.362630+00:00,PAPER-RQ3-PCAS,paper-pcas-bulletproofs-v1,private_swap,bulletproofs-5.0.0-ristretto,7cdc095c81f873e9684a8d88adf809fac9d1d7be,76a7fd2dd876ffaa0bb633c7b1cb4646e0969bb6325719d255ae6c0d0968cb1f,6488715382394076367,1,13,pcas-paper-r1,"{""ablation"":""full"",""application_units"":2,""hash_rounds"":5,""membership_paths"":2,""merkle_depth"":32,""range_bits"":64,""scale_mode"":""target_native_size"",""time_bits"":32}",65536,65536,16,16,witness,51.598828,,,,,,,,,,,,,phase,,,true,,,,,measured,paper-scale PCAS campaign,measurement,true,true,ok,"{""generator_capacity"":65536.0,""r1cs_multipliers"":65536.0}",,,,,,
7ead677b-8a24-4508-bdc9-b7902752d6f2,2026-08-20T11:06:57.362646+00:00,PAPER-RQ3-PCAS,paper-pcas-bulletproofs-v1,private_swap,bulletproofs-5.0.0-ristretto,7cdc095c81f873e9684a8d88adf809fac9d1d7be,76a7fd2dd876ffaa0bb633c7b1cb4646e0969bb6325719d255ae6c0d0968cb1f,6488715382394076367,1,13,pcas-paper-r1,"{""ablation"":""full"",""application_units"":2,""hash_rounds"":5,""membership_paths"":2,""merkle_depth"":32,""range_bits"":64,""scale_mode"":""target_native_size"",""time_bits"":32}",65536,65536,16,16,prove_total,7643.371960,,,,,,,,,,,,,phase,,,true,,,,,measured,paper-scale PCAS campaign,measurement,true,true,ok,"{""r1cs_multipliers"":65536.0}",,,,,,
7ead677b-8a24-4508-bdc9-b7902752d6f2,2026-08-20T11:06:57.362661+00:00,PAPER-RQ3-PCAS,paper-pcas-bulletproofs-v1,private_swap,bulletproofs-5.0.0-ristretto,7cdc095c81f873e9684a8d88adf809fac9d1d7be,76a7fd2dd876ffaa0bb633c7b1cb4646e0969bb6325719d255ae6c0d0968cb1f,6488715382394076367,1,13,pcas-paper-r1,"{""ablation"":""full"",""application_units"":2,""hash_rounds"":5,""membership_paths"":2,""merkle_depth"":32,""range_bits"":64,""scale_mode"":""target_native_size"",""time_bits"":32}",65536,65536,16,16,serialize,0.006632,,,,,,,,,,,,,phase,,,true,,,,,measured,paper-scale PCAS campaign,measurement,true,true,ok,"{""proof_bytes"":1441.0}",,,,,,
7ead677b-8a24-4508-bdc9-b7902752d6f2,2026-08-20T11:06:57.362676+00:00,PAPER-RQ3-PCAS,paper-pcas-bulletproofs-v1,private_swap,bulletproofs-5.0.0-ristretto,7cdc095c81f873e9684a8d88adf809fac9d1d7be,76a7fd2dd876ffaa0bb633c7b1cb4646e0969bb6325719d255ae6c0d0968cb1f,6488715382394076367,1,13,pcas-paper-r1,"{""ablation"":""full"",""application_units"":2,""hash_rounds"":5,""membership_paths"":2,""merkle_depth"":32,""range_bits"":64,""scale_mode"":""target_native_size"",""time_bits"":32}",65536,65536,16,16,deserialize,0.002435,,,,,,,,,,,,,phase,,,true,,,,,measured,paper-scale PCAS campaign,measurement,true,true,ok,"{""proof_bytes"":1441.0}",,,,,,
7ead677b-8a24-4508-bdc9-b7902752d6f2,2026-08-20T11:06:57.362691+00:00,PAPER-RQ3-PCAS,paper-pcas-bulletproofs-v1,private_swap,bulletproofs-5.0.0-ristretto,7cdc095c81f873e9684a8d88adf809fac9d1d7be,76a7fd2dd876ffaa0bb633c7b1cb4646e0969bb6325719d255ae6c0d0968cb1f,6488715382394076367,1,13,pcas-paper-r1,"{""ablation"":""full"",""application_units"":2,""hash_rounds"":5,""membership_paths"":2,""merkle_depth"":32,""range_bits"":64,""scale_mode"":""target_native_size"",""time_bits"":32}",65536,65536,16,16,fft_ntt,,,,,,,,,,,,,,phase,,,true,,,the Bulletproofs R1CS prover does not use an FFT or NTT phase,,measured,paper-scale PCAS campaign,measurement,true,false,unsupported,{},,,,,,
7ead677b-8a24-4508-bdc9-b7902752d6f2,2026-08-20T11:06:57.362706+00:00,PAPER-RQ3-PCAS,paper-pcas-bulletproofs-v1,private_swap,bulletproofs-5.0.0-ristretto,7cdc095c81f873e9684a8d88adf809fac9d1d7be,76a7fd2dd876ffaa0bb633c7b1cb4646e0969bb6325719d255ae6c0d0968cb1f,6488715382394076367,1,13,pcas-paper-r1,"{""ablation"":""full"",""application_units"":2,""hash_rounds"":5,""membership_paths"":2,""merkle_depth"":32,""range_bits"":64,""scale_mode"":""target_native_size"",""time_bits"":32}",65536,65536,16,16,msm,,,,,,,,,,,,,,phase,,,true,,,the library does not expose its internal multiscalar multiplications as a timed phase,,measured,paper-scale PCAS campaign,measurement,true,false,unsupported,{},,,,,,
7ead677b-8a24-4508-bdc9-b7902752d6f2,2026-08-20T11:06:57.362720+00:00,PAPER-RQ3-PCAS,paper-pcas-bulletproofs-v1,private_swap,bulletproofs-5.0.0-ristretto,7cdc095c81f873e9684a8d88adf809fac9d1d7be,76a7fd2dd876ffaa0bb633c7b1cb4646e0969bb6325719d255ae6c0d0968cb1f,6488715382394076367,1,13,pcas-paper-r1,"{""ablation"":""full"",""application_units"":2,""hash_rounds"":5,""membership_paths"":2,""merkle_depth"":32,""range_bits"":64,""scale_mode"":""target_native_size"",""time_bits"":32}",65536,65536,16,16,verify_core,593.826947,,,,,,,,,,,,,phase,,,true,,,,,measured,paper-scale PCAS campaign,measurement,true,true,ok,"{""r1cs_multipliers"":65536.0}",,,,,,
7ead677b-8a24-4508-bdc9-b7902752d6f2,2026-08-20T11:06:57.362736+00:00,PAPER-RQ3-PCAS,paper-pcas-bulletproofs-v1,private_swap,bulletproofs-5.0.0-ristretto,7cdc095c81f873e9684a8d88adf809fac9d1d7be,76a7fd2dd876ffaa0bb633c7b1cb4646e0969bb6325719d255ae6c0d0968cb1f,6488715382394076367,1,13,pcas-paper-r1,"{""ablation"":""full"",""application_units"":2,""hash_rounds"":5,""membership_paths"":2,""merkle_depth"":32,""range_bits"":64,""scale_mode"":""target_native_size"",""time_bits"":32}",65536,65536,16,16,verify_total,593.826947,,,,,,,,,,,,,phase,,,true,,,,,measured,paper-scale PCAS campaign,measurement,true,true,ok,{},,,,,,
7ead677b-8a24-4508-bdc9-b7902752d6f2,2026-08-20T11:06:57.362751+00:00,PAPER-RQ3-PCAS,paper-pcas-bulletproofs-v1,private_swap,bulletproofs-5.0.0-ristretto,7cdc095c81f873e9684a8d88adf809fac9d1d7be,76a7fd2dd876ffaa0bb633c7b1cb4646e0969bb6325719d255ae6c0d0968cb1f,6488715382394076367,1,13,pcas-paper-r1,"{""ablation"":""full"",""application_units"":2,""hash_rounds"":5,""membership_paths"":2,""merkle_depth"":32,""range_bits"":64,""scale_mode"":""target_native_size"",""time_bits"":32}",65536,65536,16,16,adapter_process_wall,9352.577125,9250.000000,229.808594,1441,true,0,,170089,956,,,,linux-procfs,process,,,true,,,"Linux procfs read failed: [Errno 13] Permission denied: '/proc/2635/io'; private commit and per-process swap I/O are unavailable; VmSwap reports allocation, not swap traffic; No documented hardware or OS energy counter is configured in WSL2",,measured,paper-scale PCAS campaign,measurement,true,true,ok,{},65536,3,65536,r1cs_multipliers,5.0,1708
b7e26eeb-d200-405e-91a5-73e8fd13541a,2026-08-20T11:07:06.810809+00:00,PAPER-RQ3-PCAS,paper-pcas-bulletproofs-v1,private_swap,bulletproofs-5.0.0-ristretto,7cdc095c81f873e9684a8d88adf809fac9d1d7be,76a7fd2dd876ffaa0bb633c7b1cb4646e0969bb6325719d255ae6c0d0968cb1f,6939152004548754034,5,14,pcas-paper-r1,"{""ablation"":""full"",""application_units"":2,""hash_rounds"":5,""membership_paths"":2,""merkle_depth"":32,""range_bits"":64,""scale_mode"":""target_native_size"",""time_bits"":32}",65536,65536,16,16,native_execution,8.195545,,,,,,,,,,,,,phase,,,true,,,,,measured,paper-scale PCAS campaign,measurement,true,true,ok,"{""application_units"":2.0,""r1cs_multipliers"":65536.0}",,,,,,
b7e26eeb-d200-405e-91a5-73e8fd13541a,2026-08-20T11:07:06.810882+00:00,PAPER-RQ3-PCAS,paper-pcas-bulletproofs-v1,private_swap,bulletproofs-5.0.0-ristretto,7cdc095c81f873e9684a8d88adf809fac9d1d7be,76a7fd2dd876ffaa0bb633c7b1cb4646e0969bb6325719d255ae6c0d0968cb1f,6939152004548754034,5,14,pcas-paper-r1,"{""ablation"":""full"",""application_units"":2,""hash_rounds"":5,""membership_paths"":2,""merkle_depth"":32,""range_bits"":64,""scale_mode"":""target_native_size"",""time_bits"":32}",65536,65536,16,16,setup_or_preprocess,1021.348467,,,,,,,,,,,,,phase,,,true,,,,,measured,paper-scale PCAS campaign,measurement,true,true,ok,"{""generator_capacity"":65536.0}",,,,,,
b7e26eeb-d200-405e-91a5-73e8fd13541a,2026-08-20T11:07:06.810902+00:00,PAPER-RQ3-PCAS,paper-pcas-bulletproofs-v1,private_swap,bulletproofs-5.0.0-ristretto,7cdc095c81f873e9684a8d88adf809fac9d1d7be,76a7fd2dd876ffaa0bb633c7b1cb4646e0969bb6325719d255ae6c0d0968cb1f,6939152004548754034,5,14,pcas-paper-r1,"{""ablation"":""full"",""application_units"":2,""hash_rounds"":5,""membership_paths"":2,""merkle_depth"":32,""range_bits"":64,""scale_mode"":""target_native_size"",""time_bits"":32}",65536,65536,16,16,key_load,,,,,,,,,,,,,,phase,,,true,,,Bulletproofs uses deterministic generators and has no proving or verification key,,measured,paper-scale PCAS campaign,measurement,true,false,unsupported,{},,,,,,
b7e26eeb-d200-405e-91a5-73e8fd13541a,2026-08-20T11:07:06.810919+00:00,PAPER-RQ3-PCAS,paper-pcas-bulletproofs-v1,private_swap,bulletproofs-5.0.0-ristretto,7cdc095c81f873e9684a8d88adf809fac9d1d7be,76a7fd2dd876ffaa0bb633c7b1cb4646e0969bb6325719d255ae6c0d0968cb1f,6939152004548754034,5,14,pcas-paper-r1,"{""ablation"":""full"",""application_units"":2,""hash_rounds"":5,""membership_paths"":2,""merkle_depth"":32,""range_bits"":64,""scale_mode"":""target_native_size"",""time_bits"":32}",65536,65536,16,16,commitment,0.306150,,,,,,,,,,,,,phase,,,true,,,,,measured,paper-scale PCAS campaign,measurement,true,true,ok,{},,,,,,
b7e26eeb-d200-405e-91a5-73e8fd13541a,2026-08-20T11:07:06.810934+00:00,PAPER-RQ3-PCAS,paper-pcas-bulletproofs-v1,private_swap,bulletproofs-5.0.0-ristretto,7cdc095c81f873e9684a8d88adf809fac9d1d7be,76a7fd2dd876ffaa0bb633c7b1cb4646e0969bb6325719d255ae6c0d0968cb1f,6939152004548754034,5,14,pcas-paper-r1,"{""ablation"":""full"",""application_units"":2,""hash_rounds"":5,""membership_paths"":2,""merkle_depth"":32,""range_bits"":64,""scale_mode"":""target_native_size"",""time_bits"":32}",65536,65536,16,16,witness,54.676858,,,,,,,,,,,,,phase,,,true,,,,,measured,paper-scale PCAS campaign,measurement,true,true,ok,"{""generator_capacity"":65536.0,""r1cs_multipliers"":65536.0}",,,,,,
b7e26eeb-d200-405e-91a5-73e8fd13541a,2026-08-20T11:07:06.810950+00:00,PAPER-RQ3-PCAS,paper-pcas-bulletproofs-v1,private_swap,bulletproofs-5.0.0-ristretto,7cdc095c81f873e9684a8d88adf809fac9d1d7be,76a7fd2dd876ffaa0bb633c7b1cb4646e0969bb6325719d255ae6c0d0968cb1f,6939152004548754034,5,14,pcas-paper-r1,"{""ablation"":""full"",""application_units"":2,""hash_rounds"":5,""membership_paths"":2,""merkle_depth"":32,""range_bits"":64,""scale_mode"":""target_native_size"",""time_bits"":32}",65536,65536,16,16,prove_total,7683.675866,,,,,,,,,,,,,phase,,,true,,,,,measured,paper-scale PCAS campaign,measurement,true,true,ok,"{""r1cs_multipliers"":65536.0}",,,,,,
b7e26eeb-d200-405e-91a5-73e8fd13541a,2026-08-20T11:07:06.810965+00:00,PAPER-RQ3-PCAS,paper-pcas-bulletproofs-v1,private_swap,bulletproofs-5.0.0-ristretto,7cdc095c81f873e9684a8d88adf809fac9d1d7be,76a7fd2dd876ffaa0bb633c7b1cb4646e0969bb6325719d255ae6c0d0968cb1f,6939152004548754034,5,14,pcas-paper-r1,"{""ablation"":""full"",""application_units"":2,""hash_rounds"":5,""membership_paths"":2,""merkle_depth"":32,""range_bits"":64,""scale_mode"":""target_native_size"",""time_bits"":32}",65536,65536,16,16,serialize,0.004238,,,,,,,,,,,,,phase,,,true,,,,,measured,paper-scale PCAS campaign,measurement,true,true,ok,"{""proof_bytes"":1441.0}",,,,,,
b7e26eeb-d200-405e-91a5-73e8fd13541a,2026-08-20T11:07:06.810979+00:00,PAPER-RQ3-PCAS,paper-pcas-bulletproofs-v1,private_swap,bulletproofs-5.0.0-ristretto,7cdc095c81f873e9684a8d88adf809fac9d1d7be,76a7fd2dd876ffaa0bb633c7b1cb4646e0969bb6325719d255ae6c0d0968cb1f,6939152004548754034,5,14,pcas-paper-r1,"{""ablation"":""full"",""application_units"":2,""hash_rounds"":5,""membership_paths"":2,""merkle_depth"":32,""range_bits"":64,""scale_mode"":""target_native_size"",""time_bits"":32}",65536,65536,16,16,deserialize,0.001764,,,,,,,,,,,,,phase,,,true,,,,,measured,paper-scale PCAS campaign,measurement,true,true,ok,"{""proof_bytes"":1441.0}",,,,,,
b7e26eeb-d200-405e-91a5-73e8fd13541a,2026-08-20T11:07:06.810993+00:00,PAPER-RQ3-PCAS,paper-pcas-bulletproofs-v1,private_swap,bulletproofs-5.0.0-ristretto,7cdc095c81f873e9684a8d88adf809fac9d1d7be,76a7fd2dd876ffaa0bb633c7b1cb4646e0969bb6325719d255ae6c0d0968cb1f,6939152004548754034,5,14,pcas-paper-r1,"{""ablation"":""full"",""application_units"":2,""hash_rounds"":5,""membership_paths"":2,""merkle_depth"":32,""range_bits"":64,""scale_mode"":""target_native_size"",""time_bits"":32}",65536,65536,16,16,fft_ntt,,,,,,,,,,,,,,phase,,,true,,,the Bulletproofs R1CS prover does not use an FFT or NTT phase,,measured,paper-scale PCAS campaign,measurement,true,false,unsupported,{},,,,,,
b7e26eeb-d200-405e-91a5-73e8fd13541a,2026-08-20T11:07:06.811007+00:00,PAPER-RQ3-PCAS,paper-pcas-bulletproofs-v1,private_swap,bulletproofs-5.0.0-ristretto,7cdc095c81f873e9684a8d88adf809fac9d1d7be,76a7fd2dd876ffaa0bb633c7b1cb4646e0969bb6325719d255ae6c0d0968cb1f,6939152004548754034,5,14,pcas-paper-r1,"{""ablation"":""full"",""application_units"":2,""hash_rounds"":5,""membership_paths"":2,""merkle_depth"":32,""range_bits"":64,""scale_mode"":""target_native_size"",""time_bits"":32}",65536,65536,16,16,msm,,,,,,,,,,,,,,phase,,,true,,,the library does not expose its internal multiscalar multiplications as a timed phase,,measured,paper-scale PCAS campaign,measurement,true,false,unsupported,{},,,,,,
b7e26eeb-d200-405e-91a5-73e8fd13541a,2026-08-20T11:07:06.811021+00:00,PAPER-RQ3-PCAS,paper-pcas-bulletproofs-v1,private_swap,bulletproofs-5.0.0-ristretto,7cdc095c81f873e9684a8d88adf809fac9d1d7be,76a7fd2dd876ffaa0bb633c7b1cb4646e0969bb6325719d255ae6c0d0968cb1f,6939152004548754034,5,14,pcas-paper-r1,"{""ablation"":""full"",""application_units"":2,""hash_rounds"":5,""membership_paths"":2,""merkle_depth"":32,""range_bits"":64,""scale_mode"":""target_native_size"",""time_bits"":32}",65536,65536,16,16,verify_core,616.969888,,,,,,,,,,,,,phase,,,true,,,,,measured,paper-scale PCAS campaign,measurement,true,true,ok,"{""r1cs_multipliers"":65536.0}",,,,,,
b7e26eeb-d200-405e-91a5-73e8fd13541a,2026-08-20T11:07:06.811035+00:00,PAPER-RQ3-PCAS,paper-pcas-bulletproofs-v1,private_swap,bulletproofs-5.0.0-ristretto,7cdc095c81f873e9684a8d88adf809fac9d1d7be,76a7fd2dd876ffaa0bb633c7b1cb4646e0969bb6325719d255ae6c0d0968cb1f,6939152004548754034,5,14,pcas-paper-r1,"{""ablation"":""full"",""application_units"":2,""hash_rounds"":5,""membership_paths"":2,""merkle_depth"":32,""range_bits"":64,""scale_mode"":""target_native_size"",""time_bits"":32}",65536,65536,16,16,verify_total,616.969888,,,,,,,,,,,,,phase,,,true,,,,,measured,paper-scale PCAS campaign,measurement,true,true,ok,{},,,,,,
b7e26eeb-d200-405e-91a5-73e8fd13541a,2026-08-20T11:07:06.811049+00:00,PAPER-RQ3-PCAS,paper-pcas-bulletproofs-v1,private_swap,bulletproofs-5.0.0-ristretto,7cdc095c81f873e9684a8d88adf809fac9d1d7be,76a7fd2dd876ffaa0bb633c7b1cb4646e0969bb6325719d255ae6c0d0968cb1f,6939152004548754034,5,14,pcas-paper-r1,"{""ablation"":""full"",""application_units"":2,""hash_rounds"":5,""membership_paths"":2,""merkle_depth"":32,""range_bits"":64,""scale_mode"":""target_native_size"",""time_bits"":32}",65536,65536,16,16,adapter_process_wall,9447.006656,9370.000000,229.828125,1441,true,0,,170090,956,,,,linux-procfs,process,,,true,,,"Linux procfs read failed: [Errno 13] Permission denied: '/proc/2637/io'; private commit and per-process swap I/O are unavailable; VmSwap reports allocation, not swap traffic; No documented hardware or OS energy counter is configured in WSL2",,measured,paper-scale PCAS campaign,measurement,true,true,ok,{},65536,3,65536,r1cs_multipliers,5.0,1725
