run_id,timestamp,claim_id,experiment_id,workload,variant,adapter_commit,config_hash,seed,repetition,order_index,parameter_set,parameters_json,input_scale,native_work_units,threads,cores_visible,phase,latency_ms,cpu_time_ms,peak_rss_mb,proof_bytes,verify_ok,exit_code,error_type,page_faults,process_read_bytes,process_write_bytes,peak_swap_mb,ram_per_application_unit,process_counter_provider,measurement_scope,energy_joules,energy_source,cold_start,invalid_proof_kind,rejection_latency_ms,metric_unavailable_reason,boundary_reason,evidence_class,result_scope,run_role,recorded,phase_supported,phase_status,phase_metrics_json,constraints,public_inputs,native_relation_size,relation_unit,counter_sampling_interval_ms,counter_samples
4b4777f4-40e6-43c1-b070-d496a8b307a1,2026-08-09T03:32:16.716901+00:00,C7-TRANSPARENT-STARK,winterfell-stark-pilot-v1,controlled_kernel,winterfell-0.13.1-f128,045609f7c669d9c8addd833c007ceab666099814,294bad57ed211ce5f668890c93845dca664b6897d4ff1a7011a5c837b0436472,4974802403425822671,0,0,default,{},16,16,1,16,native_execution,0.198044,,,,,,,,,,,,,phase,,,true,,,,,measured,Winterfell transparent STARK pilot; matched vector only,os_cache_primer,false,true,ok,"{""native_work_units"":16.0}",,,,,,
4b4777f4-40e6-43c1-b070-d496a8b307a1,2026-08-09T03:32:16.716977+00:00,C7-TRANSPARENT-STARK,winterfell-stark-pilot-v1,controlled_kernel,winterfell-0.13.1-f128,045609f7c669d9c8addd833c007ceab666099814,294bad57ed211ce5f668890c93845dca664b6897d4ff1a7011a5c837b0436472,4974802403425822671,0,0,default,{},16,16,1,16,witness,0.610546,,,,,,,,,,,,,phase,,,true,,,,,measured,Winterfell transparent STARK pilot; matched vector only,os_cache_primer,false,true,ok,"{""trace_rows"":16.0,""transition_constraints"":2.0}",,,,,,
4b4777f4-40e6-43c1-b070-d496a8b307a1,2026-08-09T03:32:16.717001+00:00,C7-TRANSPARENT-STARK,winterfell-stark-pilot-v1,controlled_kernel,winterfell-0.13.1-f128,045609f7c669d9c8addd833c007ceab666099814,294bad57ed211ce5f668890c93845dca664b6897d4ff1a7011a5c837b0436472,4974802403425822671,0,0,default,{},16,16,1,16,setup_or_preprocess,,,,,,,,,,,,,,phase,,,true,,,Winterfell exposes transparent trace/AIR proofing; no trusted setup or KZG commitment phase,,measured,Winterfell transparent STARK pilot; matched vector only,os_cache_primer,false,false,unsupported,{},,,,,,
4b4777f4-40e6-43c1-b070-d496a8b307a1,2026-08-09T03:32:16.717017+00:00,C7-TRANSPARENT-STARK,winterfell-stark-pilot-v1,controlled_kernel,winterfell-0.13.1-f128,045609f7c669d9c8addd833c007ceab666099814,294bad57ed211ce5f668890c93845dca664b6897d4ff1a7011a5c837b0436472,4974802403425822671,0,0,default,{},16,16,1,16,key_load,,,,,,,,,,,,,,phase,,,true,,,Winterfell exposes transparent trace/AIR proofing; no trusted setup or KZG commitment phase,,measured,Winterfell transparent STARK pilot; matched vector only,os_cache_primer,false,false,unsupported,{},,,,,,
4b4777f4-40e6-43c1-b070-d496a8b307a1,2026-08-09T03:32:16.717030+00:00,C7-TRANSPARENT-STARK,winterfell-stark-pilot-v1,controlled_kernel,winterfell-0.13.1-f128,045609f7c669d9c8addd833c007ceab666099814,294bad57ed211ce5f668890c93845dca664b6897d4ff1a7011a5c837b0436472,4974802403425822671,0,0,default,{},16,16,1,16,msm,,,,,,,,,,,,,,phase,,,true,,,Winterfell exposes transparent trace/AIR proofing; no trusted setup or KZG commitment phase,,measured,Winterfell transparent STARK pilot; matched vector only,os_cache_primer,false,false,unsupported,{},,,,,,
4b4777f4-40e6-43c1-b070-d496a8b307a1,2026-08-09T03:32:16.717043+00:00,C7-TRANSPARENT-STARK,winterfell-stark-pilot-v1,controlled_kernel,winterfell-0.13.1-f128,045609f7c669d9c8addd833c007ceab666099814,294bad57ed211ce5f668890c93845dca664b6897d4ff1a7011a5c837b0436472,4974802403425822671,0,0,default,{},16,16,1,16,fft_ntt,,,,,,,,,,,,,,phase,,,true,,,Winterfell exposes transparent trace/AIR proofing; no trusted setup or KZG commitment phase,,measured,Winterfell transparent STARK pilot; matched vector only,os_cache_primer,false,false,unsupported,{},,,,,,
4b4777f4-40e6-43c1-b070-d496a8b307a1,2026-08-09T03:32:16.717055+00:00,C7-TRANSPARENT-STARK,winterfell-stark-pilot-v1,controlled_kernel,winterfell-0.13.1-f128,045609f7c669d9c8addd833c007ceab666099814,294bad57ed211ce5f668890c93845dca664b6897d4ff1a7011a5c837b0436472,4974802403425822671,0,0,default,{},16,16,1,16,prove_total,5.457933,,,,,,,,,,,,,phase,,,true,,,,,measured,Winterfell transparent STARK pilot; matched vector only,os_cache_primer,false,true,ok,"{""trace_rows"":16.0}",,,,,,
4b4777f4-40e6-43c1-b070-d496a8b307a1,2026-08-09T03:32:16.717070+00:00,C7-TRANSPARENT-STARK,winterfell-stark-pilot-v1,controlled_kernel,winterfell-0.13.1-f128,045609f7c669d9c8addd833c007ceab666099814,294bad57ed211ce5f668890c93845dca664b6897d4ff1a7011a5c837b0436472,4974802403425822671,0,0,default,{},16,16,1,16,serialize,0.006362,,,,,,,,,,,,,phase,,,true,,,,,measured,Winterfell transparent STARK pilot; matched vector only,os_cache_primer,false,true,ok,"{""proof_bytes"":4853.0}",,,,,,
4b4777f4-40e6-43c1-b070-d496a8b307a1,2026-08-09T03:32:16.717104+00:00,C7-TRANSPARENT-STARK,winterfell-stark-pilot-v1,controlled_kernel,winterfell-0.13.1-f128,045609f7c669d9c8addd833c007ceab666099814,294bad57ed211ce5f668890c93845dca664b6897d4ff1a7011a5c837b0436472,4974802403425822671,0,0,default,{},16,16,1,16,deserialize,0.005269,,,,,,,,,,,,,phase,,,true,,,,,measured,Winterfell transparent STARK pilot; matched vector only,os_cache_primer,false,true,ok,"{""proof_bytes"":4853.0}",,,,,,
4b4777f4-40e6-43c1-b070-d496a8b307a1,2026-08-09T03:32:16.717139+00:00,C7-TRANSPARENT-STARK,winterfell-stark-pilot-v1,controlled_kernel,winterfell-0.13.1-f128,045609f7c669d9c8addd833c007ceab666099814,294bad57ed211ce5f668890c93845dca664b6897d4ff1a7011a5c837b0436472,4974802403425822671,0,0,default,{},16,16,1,16,verify_total,0.642911,,,,,,,,,,,,,phase,,,true,,,,,measured,Winterfell transparent STARK pilot; matched vector only,os_cache_primer,false,true,ok,"{""trace_rows"":16.0}",,,,,,
4b4777f4-40e6-43c1-b070-d496a8b307a1,2026-08-09T03:32:16.717159+00:00,C7-TRANSPARENT-STARK,winterfell-stark-pilot-v1,controlled_kernel,winterfell-0.13.1-f128,045609f7c669d9c8addd833c007ceab666099814,294bad57ed211ce5f668890c93845dca664b6897d4ff1a7011a5c837b0436472,4974802403425822671,0,0,default,{},16,16,1,16,adapter_process_wall,67.360308,,3.699219,4853,true,0,,148,956,,,,linux-procfs,process,,,true,,,"private commit and per-process swap I/O are unavailable; VmSwap reports allocation, not swap traffic; No documented hardware or OS energy counter is configured in WSL2",,measured,Winterfell transparent STARK pilot; matched vector only,os_cache_primer,false,true,ok,{},2,3,2,transition_constraints,5.0,12
90af9725-6c89-4ac9-9629-e424fa9413d3,2026-08-09T03:32:16.785150+00:00,C7-TRANSPARENT-STARK,winterfell-stark-pilot-v1,controlled_kernel,winterfell-0.13.1-f128,045609f7c669d9c8addd833c007ceab666099814,294bad57ed211ce5f668890c93845dca664b6897d4ff1a7011a5c837b0436472,7355116779987170304,1,1,default,{},16,16,1,16,native_execution,0.188456,,,,,,,,,,,,,phase,,,true,,,,,measured,Winterfell transparent STARK pilot; matched vector only,os_cache_primer,false,true,ok,"{""native_work_units"":16.0}",,,,,,
90af9725-6c89-4ac9-9629-e424fa9413d3,2026-08-09T03:32:16.785292+00:00,C7-TRANSPARENT-STARK,winterfell-stark-pilot-v1,controlled_kernel,winterfell-0.13.1-f128,045609f7c669d9c8addd833c007ceab666099814,294bad57ed211ce5f668890c93845dca664b6897d4ff1a7011a5c837b0436472,7355116779987170304,1,1,default,{},16,16,1,16,witness,0.800370,,,,,,,,,,,,,phase,,,true,,,,,measured,Winterfell transparent STARK pilot; matched vector only,os_cache_primer,false,true,ok,"{""trace_rows"":16.0,""transition_constraints"":2.0}",,,,,,
90af9725-6c89-4ac9-9629-e424fa9413d3,2026-08-09T03:32:16.785315+00:00,C7-TRANSPARENT-STARK,winterfell-stark-pilot-v1,controlled_kernel,winterfell-0.13.1-f128,045609f7c669d9c8addd833c007ceab666099814,294bad57ed211ce5f668890c93845dca664b6897d4ff1a7011a5c837b0436472,7355116779987170304,1,1,default,{},16,16,1,16,setup_or_preprocess,,,,,,,,,,,,,,phase,,,true,,,Winterfell exposes transparent trace/AIR proofing; no trusted setup or KZG commitment phase,,measured,Winterfell transparent STARK pilot; matched vector only,os_cache_primer,false,false,unsupported,{},,,,,,
90af9725-6c89-4ac9-9629-e424fa9413d3,2026-08-09T03:32:16.785331+00:00,C7-TRANSPARENT-STARK,winterfell-stark-pilot-v1,controlled_kernel,winterfell-0.13.1-f128,045609f7c669d9c8addd833c007ceab666099814,294bad57ed211ce5f668890c93845dca664b6897d4ff1a7011a5c837b0436472,7355116779987170304,1,1,default,{},16,16,1,16,key_load,,,,,,,,,,,,,,phase,,,true,,,Winterfell exposes transparent trace/AIR proofing; no trusted setup or KZG commitment phase,,measured,Winterfell transparent STARK pilot; matched vector only,os_cache_primer,false,false,unsupported,{},,,,,,
90af9725-6c89-4ac9-9629-e424fa9413d3,2026-08-09T03:32:16.785344+00:00,C7-TRANSPARENT-STARK,winterfell-stark-pilot-v1,controlled_kernel,winterfell-0.13.1-f128,045609f7c669d9c8addd833c007ceab666099814,294bad57ed211ce5f668890c93845dca664b6897d4ff1a7011a5c837b0436472,7355116779987170304,1,1,default,{},16,16,1,16,msm,,,,,,,,,,,,,,phase,,,true,,,Winterfell exposes transparent trace/AIR proofing; no trusted setup or KZG commitment phase,,measured,Winterfell transparent STARK pilot; matched vector only,os_cache_primer,false,false,unsupported,{},,,,,,
90af9725-6c89-4ac9-9629-e424fa9413d3,2026-08-09T03:32:16.785382+00:00,C7-TRANSPARENT-STARK,winterfell-stark-pilot-v1,controlled_kernel,winterfell-0.13.1-f128,045609f7c669d9c8addd833c007ceab666099814,294bad57ed211ce5f668890c93845dca664b6897d4ff1a7011a5c837b0436472,7355116779987170304,1,1,default,{},16,16,1,16,fft_ntt,,,,,,,,,,,,,,phase,,,true,,,Winterfell exposes transparent trace/AIR proofing; no trusted setup or KZG commitment phase,,measured,Winterfell transparent STARK pilot; matched vector only,os_cache_primer,false,false,unsupported,{},,,,,,
90af9725-6c89-4ac9-9629-e424fa9413d3,2026-08-09T03:32:16.785408+00:00,C7-TRANSPARENT-STARK,winterfell-stark-pilot-v1,controlled_kernel,winterfell-0.13.1-f128,045609f7c669d9c8addd833c007ceab666099814,294bad57ed211ce5f668890c93845dca664b6897d4ff1a7011a5c837b0436472,7355116779987170304,1,1,default,{},16,16,1,16,prove_total,5.496188,,,,,,,,,,,,,phase,,,true,,,,,measured,Winterfell transparent STARK pilot; matched vector only,os_cache_primer,false,true,ok,"{""trace_rows"":16.0}",,,,,,
90af9725-6c89-4ac9-9629-e424fa9413d3,2026-08-09T03:32:16.785428+00:00,C7-TRANSPARENT-STARK,winterfell-stark-pilot-v1,controlled_kernel,winterfell-0.13.1-f128,045609f7c669d9c8addd833c007ceab666099814,294bad57ed211ce5f668890c93845dca664b6897d4ff1a7011a5c837b0436472,7355116779987170304,1,1,default,{},16,16,1,16,serialize,0.005651,,,,,,,,,,,,,phase,,,true,,,,,measured,Winterfell transparent STARK pilot; matched vector only,os_cache_primer,false,true,ok,"{""proof_bytes"":5095.0}",,,,,,
90af9725-6c89-4ac9-9629-e424fa9413d3,2026-08-09T03:32:16.785445+00:00,C7-TRANSPARENT-STARK,winterfell-stark-pilot-v1,controlled_kernel,winterfell-0.13.1-f128,045609f7c669d9c8addd833c007ceab666099814,294bad57ed211ce5f668890c93845dca664b6897d4ff1a7011a5c837b0436472,7355116779987170304,1,1,default,{},16,16,1,16,deserialize,0.008426,,,,,,,,,,,,,phase,,,true,,,,,measured,Winterfell transparent STARK pilot; matched vector only,os_cache_primer,false,true,ok,"{""proof_bytes"":5095.0}",,,,,,
90af9725-6c89-4ac9-9629-e424fa9413d3,2026-08-09T03:32:16.785460+00:00,C7-TRANSPARENT-STARK,winterfell-stark-pilot-v1,controlled_kernel,winterfell-0.13.1-f128,045609f7c669d9c8addd833c007ceab666099814,294bad57ed211ce5f668890c93845dca664b6897d4ff1a7011a5c837b0436472,7355116779987170304,1,1,default,{},16,16,1,16,verify_total,0.799077,,,,,,,,,,,,,phase,,,true,,,,,measured,Winterfell transparent STARK pilot; matched vector only,os_cache_primer,false,true,ok,"{""trace_rows"":16.0}",,,,,,
90af9725-6c89-4ac9-9629-e424fa9413d3,2026-08-09T03:32:16.785476+00:00,C7-TRANSPARENT-STARK,winterfell-stark-pilot-v1,controlled_kernel,winterfell-0.13.1-f128,045609f7c669d9c8addd833c007ceab666099814,294bad57ed211ce5f668890c93845dca664b6897d4ff1a7011a5c837b0436472,7355116779987170304,1,1,default,{},16,16,1,16,adapter_process_wall,66.946628,,3.710938,5095,true,0,,151,956,,,,linux-procfs,process,,,true,,,"private commit and per-process swap I/O are unavailable; VmSwap reports allocation, not swap traffic; No documented hardware or OS energy counter is configured in WSL2",,measured,Winterfell transparent STARK pilot; matched vector only,os_cache_primer,false,true,ok,{},2,3,2,transition_constraints,5.0,12
6701bacd-25fe-49b8-b8f6-e5a4db193f4d,2026-08-09T03:32:16.855772+00:00,C7-TRANSPARENT-STARK,winterfell-stark-pilot-v1,controlled_kernel,winterfell-0.13.1-f128,045609f7c669d9c8addd833c007ceab666099814,294bad57ed211ce5f668890c93845dca664b6897d4ff1a7011a5c837b0436472,2240514580956145390,0,2,default,{},16,16,2,16,native_execution,0.247752,,,,,,,,,,,,,phase,,,true,,,,,measured,Winterfell transparent STARK pilot; matched vector only,os_cache_primer,false,true,ok,"{""native_work_units"":16.0}",,,,,,
6701bacd-25fe-49b8-b8f6-e5a4db193f4d,2026-08-09T03:32:16.855879+00:00,C7-TRANSPARENT-STARK,winterfell-stark-pilot-v1,controlled_kernel,winterfell-0.13.1-f128,045609f7c669d9c8addd833c007ceab666099814,294bad57ed211ce5f668890c93845dca664b6897d4ff1a7011a5c837b0436472,2240514580956145390,0,2,default,{},16,16,2,16,witness,0.720370,,,,,,,,,,,,,phase,,,true,,,,,measured,Winterfell transparent STARK pilot; matched vector only,os_cache_primer,false,true,ok,"{""trace_rows"":16.0,""transition_constraints"":2.0}",,,,,,
6701bacd-25fe-49b8-b8f6-e5a4db193f4d,2026-08-09T03:32:16.855901+00:00,C7-TRANSPARENT-STARK,winterfell-stark-pilot-v1,controlled_kernel,winterfell-0.13.1-f128,045609f7c669d9c8addd833c007ceab666099814,294bad57ed211ce5f668890c93845dca664b6897d4ff1a7011a5c837b0436472,2240514580956145390,0,2,default,{},16,16,2,16,setup_or_preprocess,,,,,,,,,,,,,,phase,,,true,,,Winterfell exposes transparent trace/AIR proofing; no trusted setup or KZG commitment phase,,measured,Winterfell transparent STARK pilot; matched vector only,os_cache_primer,false,false,unsupported,{},,,,,,
6701bacd-25fe-49b8-b8f6-e5a4db193f4d,2026-08-09T03:32:16.855916+00:00,C7-TRANSPARENT-STARK,winterfell-stark-pilot-v1,controlled_kernel,winterfell-0.13.1-f128,045609f7c669d9c8addd833c007ceab666099814,294bad57ed211ce5f668890c93845dca664b6897d4ff1a7011a5c837b0436472,2240514580956145390,0,2,default,{},16,16,2,16,key_load,,,,,,,,,,,,,,phase,,,true,,,Winterfell exposes transparent trace/AIR proofing; no trusted setup or KZG commitment phase,,measured,Winterfell transparent STARK pilot; matched vector only,os_cache_primer,false,false,unsupported,{},,,,,,
6701bacd-25fe-49b8-b8f6-e5a4db193f4d,2026-08-09T03:32:16.855929+00:00,C7-TRANSPARENT-STARK,winterfell-stark-pilot-v1,controlled_kernel,winterfell-0.13.1-f128,045609f7c669d9c8addd833c007ceab666099814,294bad57ed211ce5f668890c93845dca664b6897d4ff1a7011a5c837b0436472,2240514580956145390,0,2,default,{},16,16,2,16,msm,,,,,,,,,,,,,,phase,,,true,,,Winterfell exposes transparent trace/AIR proofing; no trusted setup or KZG commitment phase,,measured,Winterfell transparent STARK pilot; matched vector only,os_cache_primer,false,false,unsupported,{},,,,,,
6701bacd-25fe-49b8-b8f6-e5a4db193f4d,2026-08-09T03:32:16.855942+00:00,C7-TRANSPARENT-STARK,winterfell-stark-pilot-v1,controlled_kernel,winterfell-0.13.1-f128,045609f7c669d9c8addd833c007ceab666099814,294bad57ed211ce5f668890c93845dca664b6897d4ff1a7011a5c837b0436472,2240514580956145390,0,2,default,{},16,16,2,16,fft_ntt,,,,,,,,,,,,,,phase,,,true,,,Winterfell exposes transparent trace/AIR proofing; no trusted setup or KZG commitment phase,,measured,Winterfell transparent STARK pilot; matched vector only,os_cache_primer,false,false,unsupported,{},,,,,,
6701bacd-25fe-49b8-b8f6-e5a4db193f4d,2026-08-09T03:32:16.855954+00:00,C7-TRANSPARENT-STARK,winterfell-stark-pilot-v1,controlled_kernel,winterfell-0.13.1-f128,045609f7c669d9c8addd833c007ceab666099814,294bad57ed211ce5f668890c93845dca664b6897d4ff1a7011a5c837b0436472,2240514580956145390,0,2,default,{},16,16,2,16,prove_total,5.961669,,,,,,,,,,,,,phase,,,true,,,,,measured,Winterfell transparent STARK pilot; matched vector only,os_cache_primer,false,true,ok,"{""trace_rows"":16.0}",,,,,,
6701bacd-25fe-49b8-b8f6-e5a4db193f4d,2026-08-09T03:32:16.855968+00:00,C7-TRANSPARENT-STARK,winterfell-stark-pilot-v1,controlled_kernel,winterfell-0.13.1-f128,045609f7c669d9c8addd833c007ceab666099814,294bad57ed211ce5f668890c93845dca664b6897d4ff1a7011a5c837b0436472,2240514580956145390,0,2,default,{},16,16,2,16,serialize,0.005490,,,,,,,,,,,,,phase,,,true,,,,,measured,Winterfell transparent STARK pilot; matched vector only,os_cache_primer,false,true,ok,"{""proof_bytes"":4981.0}",,,,,,
6701bacd-25fe-49b8-b8f6-e5a4db193f4d,2026-08-09T03:32:16.855982+00:00,C7-TRANSPARENT-STARK,winterfell-stark-pilot-v1,controlled_kernel,winterfell-0.13.1-f128,045609f7c669d9c8addd833c007ceab666099814,294bad57ed211ce5f668890c93845dca664b6897d4ff1a7011a5c837b0436472,2240514580956145390,0,2,default,{},16,16,2,16,deserialize,0.008185,,,,,,,,,,,,,phase,,,true,,,,,measured,Winterfell transparent STARK pilot; matched vector only,os_cache_primer,false,true,ok,"{""proof_bytes"":4981.0}",,,,,,
6701bacd-25fe-49b8-b8f6-e5a4db193f4d,2026-08-09T03:32:16.855994+00:00,C7-TRANSPARENT-STARK,winterfell-stark-pilot-v1,controlled_kernel,winterfell-0.13.1-f128,045609f7c669d9c8addd833c007ceab666099814,294bad57ed211ce5f668890c93845dca664b6897d4ff1a7011a5c837b0436472,2240514580956145390,0,2,default,{},16,16,2,16,verify_total,0.783283,,,,,,,,,,,,,phase,,,true,,,,,measured,Winterfell transparent STARK pilot; matched vector only,os_cache_primer,false,true,ok,"{""trace_rows"":16.0}",,,,,,
6701bacd-25fe-49b8-b8f6-e5a4db193f4d,2026-08-09T03:32:16.856008+00:00,C7-TRANSPARENT-STARK,winterfell-stark-pilot-v1,controlled_kernel,winterfell-0.13.1-f128,045609f7c669d9c8addd833c007ceab666099814,294bad57ed211ce5f668890c93845dca664b6897d4ff1a7011a5c837b0436472,2240514580956145390,0,2,default,{},16,16,2,16,adapter_process_wall,68.938115,,3.613281,4981,true,0,,148,956,,,,linux-procfs,process,,,true,,,"Linux procfs read failed: [Errno 13] Permission denied: '/proc/445/io'; private commit and per-process swap I/O are unavailable; VmSwap reports allocation, not swap traffic; No documented hardware or OS energy counter is configured in WSL2",,measured,Winterfell transparent STARK pilot; matched vector only,os_cache_primer,false,true,ok,{},2,3,2,transition_constraints,5.0,12
25b39dff-5215-4b1f-8e25-31cea6dc9f54,2026-08-09T03:32:16.929716+00:00,C7-TRANSPARENT-STARK,winterfell-stark-pilot-v1,controlled_kernel,winterfell-0.13.1-f128,045609f7c669d9c8addd833c007ceab666099814,294bad57ed211ce5f668890c93845dca664b6897d4ff1a7011a5c837b0436472,8935785969092143510,1,3,default,{},16,16,2,16,native_execution,0.216664,,,,,,,,,,,,,phase,,,true,,,,,measured,Winterfell transparent STARK pilot; matched vector only,os_cache_primer,false,true,ok,"{""native_work_units"":16.0}",,,,,,
25b39dff-5215-4b1f-8e25-31cea6dc9f54,2026-08-09T03:32:16.929788+00:00,C7-TRANSPARENT-STARK,winterfell-stark-pilot-v1,controlled_kernel,winterfell-0.13.1-f128,045609f7c669d9c8addd833c007ceab666099814,294bad57ed211ce5f668890c93845dca664b6897d4ff1a7011a5c837b0436472,8935785969092143510,1,3,default,{},16,16,2,16,witness,0.490803,,,,,,,,,,,,,phase,,,true,,,,,measured,Winterfell transparent STARK pilot; matched vector only,os_cache_primer,false,true,ok,"{""trace_rows"":16.0,""transition_constraints"":2.0}",,,,,,
25b39dff-5215-4b1f-8e25-31cea6dc9f54,2026-08-09T03:32:16.929809+00:00,C7-TRANSPARENT-STARK,winterfell-stark-pilot-v1,controlled_kernel,winterfell-0.13.1-f128,045609f7c669d9c8addd833c007ceab666099814,294bad57ed211ce5f668890c93845dca664b6897d4ff1a7011a5c837b0436472,8935785969092143510,1,3,default,{},16,16,2,16,setup_or_preprocess,,,,,,,,,,,,,,phase,,,true,,,Winterfell exposes transparent trace/AIR proofing; no trusted setup or KZG commitment phase,,measured,Winterfell transparent STARK pilot; matched vector only,os_cache_primer,false,false,unsupported,{},,,,,,
25b39dff-5215-4b1f-8e25-31cea6dc9f54,2026-08-09T03:32:16.929823+00:00,C7-TRANSPARENT-STARK,winterfell-stark-pilot-v1,controlled_kernel,winterfell-0.13.1-f128,045609f7c669d9c8addd833c007ceab666099814,294bad57ed211ce5f668890c93845dca664b6897d4ff1a7011a5c837b0436472,8935785969092143510,1,3,default,{},16,16,2,16,key_load,,,,,,,,,,,,,,phase,,,true,,,Winterfell exposes transparent trace/AIR proofing; no trusted setup or KZG commitment phase,,measured,Winterfell transparent STARK pilot; matched vector only,os_cache_primer,false,false,unsupported,{},,,,,,
25b39dff-5215-4b1f-8e25-31cea6dc9f54,2026-08-09T03:32:16.929837+00:00,C7-TRANSPARENT-STARK,winterfell-stark-pilot-v1,controlled_kernel,winterfell-0.13.1-f128,045609f7c669d9c8addd833c007ceab666099814,294bad57ed211ce5f668890c93845dca664b6897d4ff1a7011a5c837b0436472,8935785969092143510,1,3,default,{},16,16,2,16,msm,,,,,,,,,,,,,,phase,,,true,,,Winterfell exposes transparent trace/AIR proofing; no trusted setup or KZG commitment phase,,measured,Winterfell transparent STARK pilot; matched vector only,os_cache_primer,false,false,unsupported,{},,,,,,
25b39dff-5215-4b1f-8e25-31cea6dc9f54,2026-08-09T03:32:16.929850+00:00,C7-TRANSPARENT-STARK,winterfell-stark-pilot-v1,controlled_kernel,winterfell-0.13.1-f128,045609f7c669d9c8addd833c007ceab666099814,294bad57ed211ce5f668890c93845dca664b6897d4ff1a7011a5c837b0436472,8935785969092143510,1,3,default,{},16,16,2,16,fft_ntt,,,,,,,,,,,,,,phase,,,true,,,Winterfell exposes transparent trace/AIR proofing; no trusted setup or KZG commitment phase,,measured,Winterfell transparent STARK pilot; matched vector only,os_cache_primer,false,false,unsupported,{},,,,,,
25b39dff-5215-4b1f-8e25-31cea6dc9f54,2026-08-09T03:32:16.929862+00:00,C7-TRANSPARENT-STARK,winterfell-stark-pilot-v1,controlled_kernel,winterfell-0.13.1-f128,045609f7c669d9c8addd833c007ceab666099814,294bad57ed211ce5f668890c93845dca664b6897d4ff1a7011a5c837b0436472,8935785969092143510,1,3,default,{},16,16,2,16,prove_total,5.350689,,,,,,,,,,,,,phase,,,true,,,,,measured,Winterfell transparent STARK pilot; matched vector only,os_cache_primer,false,true,ok,"{""trace_rows"":16.0}",,,,,,
25b39dff-5215-4b1f-8e25-31cea6dc9f54,2026-08-09T03:32:16.929876+00:00,C7-TRANSPARENT-STARK,winterfell-stark-pilot-v1,controlled_kernel,winterfell-0.13.1-f128,045609f7c669d9c8addd833c007ceab666099814,294bad57ed211ce5f668890c93845dca664b6897d4ff1a7011a5c837b0436472,8935785969092143510,1,3,default,{},16,16,2,16,serialize,0.004088,,,,,,,,,,,,,phase,,,true,,,,,measured,Winterfell transparent STARK pilot; matched vector only,os_cache_primer,false,true,ok,"{""proof_bytes"":5161.0}",,,,,,
25b39dff-5215-4b1f-8e25-31cea6dc9f54,2026-08-09T03:32:16.929890+00:00,C7-TRANSPARENT-STARK,winterfell-stark-pilot-v1,controlled_kernel,winterfell-0.13.1-f128,045609f7c669d9c8addd833c007ceab666099814,294bad57ed211ce5f668890c93845dca664b6897d4ff1a7011a5c837b0436472,8935785969092143510,1,3,default,{},16,16,2,16,deserialize,0.006041,,,,,,,,,,,,,phase,,,true,,,,,measured,Winterfell transparent STARK pilot; matched vector only,os_cache_primer,false,true,ok,"{""proof_bytes"":5161.0}",,,,,,
25b39dff-5215-4b1f-8e25-31cea6dc9f54,2026-08-09T03:32:16.929903+00:00,C7-TRANSPARENT-STARK,winterfell-stark-pilot-v1,controlled_kernel,winterfell-0.13.1-f128,045609f7c669d9c8addd833c007ceab666099814,294bad57ed211ce5f668890c93845dca664b6897d4ff1a7011a5c837b0436472,8935785969092143510,1,3,default,{},16,16,2,16,verify_total,0.616552,,,,,,,,,,,,,phase,,,true,,,,,measured,Winterfell transparent STARK pilot; matched vector only,os_cache_primer,false,true,ok,"{""trace_rows"":16.0}",,,,,,
25b39dff-5215-4b1f-8e25-31cea6dc9f54,2026-08-09T03:32:16.929916+00:00,C7-TRANSPARENT-STARK,winterfell-stark-pilot-v1,controlled_kernel,winterfell-0.13.1-f128,045609f7c669d9c8addd833c007ceab666099814,294bad57ed211ce5f668890c93845dca664b6897d4ff1a7011a5c837b0436472,8935785969092143510,1,3,default,{},16,16,2,16,adapter_process_wall,72.551337,,3.734375,5161,true,0,,160,956,,,,linux-procfs,process,,,true,,,"private commit and per-process swap I/O are unavailable; VmSwap reports allocation, not swap traffic; No documented hardware or OS energy counter is configured in WSL2",,measured,Winterfell transparent STARK pilot; matched vector only,os_cache_primer,false,true,ok,{},2,3,2,transition_constraints,5.0,13
4f704a43-9bdc-4b36-b232-6ebdb1c9be94,2026-08-09T03:32:17.000791+00:00,C7-TRANSPARENT-STARK,winterfell-stark-pilot-v1,controlled_kernel,winterfell-0.13.1-f128,045609f7c669d9c8addd833c007ceab666099814,294bad57ed211ce5f668890c93845dca664b6897d4ff1a7011a5c837b0436472,1245694919169637858,0,4,default,{},16,16,4,16,native_execution,0.213688,,,,,,,,,,,,,phase,,,true,,,,,measured,Winterfell transparent STARK pilot; matched vector only,os_cache_primer,false,true,ok,"{""native_work_units"":16.0}",,,,,,
4f704a43-9bdc-4b36-b232-6ebdb1c9be94,2026-08-09T03:32:17.000867+00:00,C7-TRANSPARENT-STARK,winterfell-stark-pilot-v1,controlled_kernel,winterfell-0.13.1-f128,045609f7c669d9c8addd833c007ceab666099814,294bad57ed211ce5f668890c93845dca664b6897d4ff1a7011a5c837b0436472,1245694919169637858,0,4,default,{},16,16,4,16,witness,0.526440,,,,,,,,,,,,,phase,,,true,,,,,measured,Winterfell transparent STARK pilot; matched vector only,os_cache_primer,false,true,ok,"{""trace_rows"":16.0,""transition_constraints"":2.0}",,,,,,
4f704a43-9bdc-4b36-b232-6ebdb1c9be94,2026-08-09T03:32:17.000894+00:00,C7-TRANSPARENT-STARK,winterfell-stark-pilot-v1,controlled_kernel,winterfell-0.13.1-f128,045609f7c669d9c8addd833c007ceab666099814,294bad57ed211ce5f668890c93845dca664b6897d4ff1a7011a5c837b0436472,1245694919169637858,0,4,default,{},16,16,4,16,setup_or_preprocess,,,,,,,,,,,,,,phase,,,true,,,Winterfell exposes transparent trace/AIR proofing; no trusted setup or KZG commitment phase,,measured,Winterfell transparent STARK pilot; matched vector only,os_cache_primer,false,false,unsupported,{},,,,,,
4f704a43-9bdc-4b36-b232-6ebdb1c9be94,2026-08-09T03:32:17.000911+00:00,C7-TRANSPARENT-STARK,winterfell-stark-pilot-v1,controlled_kernel,winterfell-0.13.1-f128,045609f7c669d9c8addd833c007ceab666099814,294bad57ed211ce5f668890c93845dca664b6897d4ff1a7011a5c837b0436472,1245694919169637858,0,4,default,{},16,16,4,16,key_load,,,,,,,,,,,,,,phase,,,true,,,Winterfell exposes transparent trace/AIR proofing; no trusted setup or KZG commitment phase,,measured,Winterfell transparent STARK pilot; matched vector only,os_cache_primer,false,false,unsupported,{},,,,,,
4f704a43-9bdc-4b36-b232-6ebdb1c9be94,2026-08-09T03:32:17.000928+00:00,C7-TRANSPARENT-STARK,winterfell-stark-pilot-v1,controlled_kernel,winterfell-0.13.1-f128,045609f7c669d9c8addd833c007ceab666099814,294bad57ed211ce5f668890c93845dca664b6897d4ff1a7011a5c837b0436472,1245694919169637858,0,4,default,{},16,16,4,16,msm,,,,,,,,,,,,,,phase,,,true,,,Winterfell exposes transparent trace/AIR proofing; no trusted setup or KZG commitment phase,,measured,Winterfell transparent STARK pilot; matched vector only,os_cache_primer,false,false,unsupported,{},,,,,,
4f704a43-9bdc-4b36-b232-6ebdb1c9be94,2026-08-09T03:32:17.000943+00:00,C7-TRANSPARENT-STARK,winterfell-stark-pilot-v1,controlled_kernel,winterfell-0.13.1-f128,045609f7c669d9c8addd833c007ceab666099814,294bad57ed211ce5f668890c93845dca664b6897d4ff1a7011a5c837b0436472,1245694919169637858,0,4,default,{},16,16,4,16,fft_ntt,,,,,,,,,,,,,,phase,,,true,,,Winterfell exposes transparent trace/AIR proofing; no trusted setup or KZG commitment phase,,measured,Winterfell transparent STARK pilot; matched vector only,os_cache_primer,false,false,unsupported,{},,,,,,
4f704a43-9bdc-4b36-b232-6ebdb1c9be94,2026-08-09T03:32:17.000958+00:00,C7-TRANSPARENT-STARK,winterfell-stark-pilot-v1,controlled_kernel,winterfell-0.13.1-f128,045609f7c669d9c8addd833c007ceab666099814,294bad57ed211ce5f668890c93845dca664b6897d4ff1a7011a5c837b0436472,1245694919169637858,0,4,default,{},16,16,4,16,prove_total,7.883050,,,,,,,,,,,,,phase,,,true,,,,,measured,Winterfell transparent STARK pilot; matched vector only,os_cache_primer,false,true,ok,"{""trace_rows"":16.0}",,,,,,
4f704a43-9bdc-4b36-b232-6ebdb1c9be94,2026-08-09T03:32:17.000976+00:00,C7-TRANSPARENT-STARK,winterfell-stark-pilot-v1,controlled_kernel,winterfell-0.13.1-f128,045609f7c669d9c8addd833c007ceab666099814,294bad57ed211ce5f668890c93845dca664b6897d4ff1a7011a5c837b0436472,1245694919169637858,0,4,default,{},16,16,4,16,serialize,0.004458,,,,,,,,,,,,,phase,,,true,,,,,measured,Winterfell transparent STARK pilot; matched vector only,os_cache_primer,false,true,ok,"{""proof_bytes"":4903.0}",,,,,,
4f704a43-9bdc-4b36-b232-6ebdb1c9be94,2026-08-09T03:32:17.000992+00:00,C7-TRANSPARENT-STARK,winterfell-stark-pilot-v1,controlled_kernel,winterfell-0.13.1-f128,045609f7c669d9c8addd833c007ceab666099814,294bad57ed211ce5f668890c93845dca664b6897d4ff1a7011a5c837b0436472,1245694919169637858,0,4,default,{},16,16,4,16,deserialize,0.006793,,,,,,,,,,,,,phase,,,true,,,,,measured,Winterfell transparent STARK pilot; matched vector only,os_cache_primer,false,true,ok,"{""proof_bytes"":4903.0}",,,,,,
4f704a43-9bdc-4b36-b232-6ebdb1c9be94,2026-08-09T03:32:17.001008+00:00,C7-TRANSPARENT-STARK,winterfell-stark-pilot-v1,controlled_kernel,winterfell-0.13.1-f128,045609f7c669d9c8addd833c007ceab666099814,294bad57ed211ce5f668890c93845dca664b6897d4ff1a7011a5c837b0436472,1245694919169637858,0,4,default,{},16,16,4,16,verify_total,0.617489,,,,,,,,,,,,,phase,,,true,,,,,measured,Winterfell transparent STARK pilot; matched vector only,os_cache_primer,false,true,ok,"{""trace_rows"":16.0}",,,,,,
4f704a43-9bdc-4b36-b232-6ebdb1c9be94,2026-08-09T03:32:17.001024+00:00,C7-TRANSPARENT-STARK,winterfell-stark-pilot-v1,controlled_kernel,winterfell-0.13.1-f128,045609f7c669d9c8addd833c007ceab666099814,294bad57ed211ce5f668890c93845dca664b6897d4ff1a7011a5c837b0436472,1245694919169637858,0,4,default,{},16,16,4,16,adapter_process_wall,70.091442,10.000000,4.066406,4903,true,0,,197,956,,,,linux-procfs,process,,,true,,,"private commit and per-process swap I/O are unavailable; VmSwap reports allocation, not swap traffic; No documented hardware or OS energy counter is configured in WSL2",,measured,Winterfell transparent STARK pilot; matched vector only,os_cache_primer,false,true,ok,{},2,3,2,transition_constraints,5.0,13
d69fc989-94c5-41ac-a45d-986416382519,2026-08-09T03:32:17.072212+00:00,C7-TRANSPARENT-STARK,winterfell-stark-pilot-v1,controlled_kernel,winterfell-0.13.1-f128,045609f7c669d9c8addd833c007ceab666099814,294bad57ed211ce5f668890c93845dca664b6897d4ff1a7011a5c837b0436472,7424136994082813856,1,5,default,{},16,16,4,16,native_execution,0.210542,,,,,,,,,,,,,phase,,,true,,,,,measured,Winterfell transparent STARK pilot; matched vector only,os_cache_primer,false,true,ok,"{""native_work_units"":16.0}",,,,,,
d69fc989-94c5-41ac-a45d-986416382519,2026-08-09T03:32:17.072333+00:00,C7-TRANSPARENT-STARK,winterfell-stark-pilot-v1,controlled_kernel,winterfell-0.13.1-f128,045609f7c669d9c8addd833c007ceab666099814,294bad57ed211ce5f668890c93845dca664b6897d4ff1a7011a5c837b0436472,7424136994082813856,1,5,default,{},16,16,4,16,witness,0.590809,,,,,,,,,,,,,phase,,,true,,,,,measured,Winterfell transparent STARK pilot; matched vector only,os_cache_primer,false,true,ok,"{""trace_rows"":16.0,""transition_constraints"":2.0}",,,,,,
d69fc989-94c5-41ac-a45d-986416382519,2026-08-09T03:32:17.072358+00:00,C7-TRANSPARENT-STARK,winterfell-stark-pilot-v1,controlled_kernel,winterfell-0.13.1-f128,045609f7c669d9c8addd833c007ceab666099814,294bad57ed211ce5f668890c93845dca664b6897d4ff1a7011a5c837b0436472,7424136994082813856,1,5,default,{},16,16,4,16,setup_or_preprocess,,,,,,,,,,,,,,phase,,,true,,,Winterfell exposes transparent trace/AIR proofing; no trusted setup or KZG commitment phase,,measured,Winterfell transparent STARK pilot; matched vector only,os_cache_primer,false,false,unsupported,{},,,,,,
d69fc989-94c5-41ac-a45d-986416382519,2026-08-09T03:32:17.072378+00:00,C7-TRANSPARENT-STARK,winterfell-stark-pilot-v1,controlled_kernel,winterfell-0.13.1-f128,045609f7c669d9c8addd833c007ceab666099814,294bad57ed211ce5f668890c93845dca664b6897d4ff1a7011a5c837b0436472,7424136994082813856,1,5,default,{},16,16,4,16,key_load,,,,,,,,,,,,,,phase,,,true,,,Winterfell exposes transparent trace/AIR proofing; no trusted setup or KZG commitment phase,,measured,Winterfell transparent STARK pilot; matched vector only,os_cache_primer,false,false,unsupported,{},,,,,,
d69fc989-94c5-41ac-a45d-986416382519,2026-08-09T03:32:17.072394+00:00,C7-TRANSPARENT-STARK,winterfell-stark-pilot-v1,controlled_kernel,winterfell-0.13.1-f128,045609f7c669d9c8addd833c007ceab666099814,294bad57ed211ce5f668890c93845dca664b6897d4ff1a7011a5c837b0436472,7424136994082813856,1,5,default,{},16,16,4,16,msm,,,,,,,,,,,,,,phase,,,true,,,Winterfell exposes transparent trace/AIR proofing; no trusted setup or KZG commitment phase,,measured,Winterfell transparent STARK pilot; matched vector only,os_cache_primer,false,false,unsupported,{},,,,,,
d69fc989-94c5-41ac-a45d-986416382519,2026-08-09T03:32:17.072410+00:00,C7-TRANSPARENT-STARK,winterfell-stark-pilot-v1,controlled_kernel,winterfell-0.13.1-f128,045609f7c669d9c8addd833c007ceab666099814,294bad57ed211ce5f668890c93845dca664b6897d4ff1a7011a5c837b0436472,7424136994082813856,1,5,default,{},16,16,4,16,fft_ntt,,,,,,,,,,,,,,phase,,,true,,,Winterfell exposes transparent trace/AIR proofing; no trusted setup or KZG commitment phase,,measured,Winterfell transparent STARK pilot; matched vector only,os_cache_primer,false,false,unsupported,{},,,,,,
d69fc989-94c5-41ac-a45d-986416382519,2026-08-09T03:32:17.072425+00:00,C7-TRANSPARENT-STARK,winterfell-stark-pilot-v1,controlled_kernel,winterfell-0.13.1-f128,045609f7c669d9c8addd833c007ceab666099814,294bad57ed211ce5f668890c93845dca664b6897d4ff1a7011a5c837b0436472,7424136994082813856,1,5,default,{},16,16,4,16,prove_total,8.128077,,,,,,,,,,,,,phase,,,true,,,,,measured,Winterfell transparent STARK pilot; matched vector only,os_cache_primer,false,true,ok,"{""trace_rows"":16.0}",,,,,,
d69fc989-94c5-41ac-a45d-986416382519,2026-08-09T03:32:17.072442+00:00,C7-TRANSPARENT-STARK,winterfell-stark-pilot-v1,controlled_kernel,winterfell-0.13.1-f128,045609f7c669d9c8addd833c007ceab666099814,294bad57ed211ce5f668890c93845dca664b6897d4ff1a7011a5c837b0436472,7424136994082813856,1,5,default,{},16,16,4,16,serialize,0.005470,,,,,,,,,,,,,phase,,,true,,,,,measured,Winterfell transparent STARK pilot; matched vector only,os_cache_primer,false,true,ok,"{""proof_bytes"":5017.0}",,,,,,
d69fc989-94c5-41ac-a45d-986416382519,2026-08-09T03:32:17.072460+00:00,C7-TRANSPARENT-STARK,winterfell-stark-pilot-v1,controlled_kernel,winterfell-0.13.1-f128,045609f7c669d9c8addd833c007ceab666099814,294bad57ed211ce5f668890c93845dca664b6897d4ff1a7011a5c837b0436472,7424136994082813856,1,5,default,{},16,16,4,16,deserialize,0.007273,,,,,,,,,,,,,phase,,,true,,,,,measured,Winterfell transparent STARK pilot; matched vector only,os_cache_primer,false,true,ok,"{""proof_bytes"":5017.0}",,,,,,
d69fc989-94c5-41ac-a45d-986416382519,2026-08-09T03:32:17.072538+00:00,C7-TRANSPARENT-STARK,winterfell-stark-pilot-v1,controlled_kernel,winterfell-0.13.1-f128,045609f7c669d9c8addd833c007ceab666099814,294bad57ed211ce5f668890c93845dca664b6897d4ff1a7011a5c837b0436472,7424136994082813856,1,5,default,{},16,16,4,16,verify_total,0.703149,,,,,,,,,,,,,phase,,,true,,,,,measured,Winterfell transparent STARK pilot; matched vector only,os_cache_primer,false,true,ok,"{""trace_rows"":16.0}",,,,,,
d69fc989-94c5-41ac-a45d-986416382519,2026-08-09T03:32:17.072569+00:00,C7-TRANSPARENT-STARK,winterfell-stark-pilot-v1,controlled_kernel,winterfell-0.13.1-f128,045609f7c669d9c8addd833c007ceab666099814,294bad57ed211ce5f668890c93845dca664b6897d4ff1a7011a5c837b0436472,7424136994082813856,1,5,default,{},16,16,4,16,adapter_process_wall,70.200749,10.000000,4.058594,5017,true,0,,203,956,,,,linux-procfs,process,,,true,,,"private commit and per-process swap I/O are unavailable; VmSwap reports allocation, not swap traffic; No documented hardware or OS energy counter is configured in WSL2",,measured,Winterfell transparent STARK pilot; matched vector only,os_cache_primer,false,true,ok,{},2,3,2,transition_constraints,5.0,13
bd387989-3e95-401b-b927-231a0277e7f2,2026-08-09T03:32:17.141486+00:00,C7-TRANSPARENT-STARK,winterfell-stark-pilot-v1,controlled_kernel,winterfell-0.13.1-f128,045609f7c669d9c8addd833c007ceab666099814,294bad57ed211ce5f668890c93845dca664b6897d4ff1a7011a5c837b0436472,3312480326441268333,0,6,default,{},64,64,1,16,native_execution,0.179173,,,,,,,,,,,,,phase,,,true,,,,,measured,Winterfell transparent STARK pilot; matched vector only,os_cache_primer,false,true,ok,"{""native_work_units"":64.0}",,,,,,
bd387989-3e95-401b-b927-231a0277e7f2,2026-08-09T03:32:17.141567+00:00,C7-TRANSPARENT-STARK,winterfell-stark-pilot-v1,controlled_kernel,winterfell-0.13.1-f128,045609f7c669d9c8addd833c007ceab666099814,294bad57ed211ce5f668890c93845dca664b6897d4ff1a7011a5c837b0436472,3312480326441268333,0,6,default,{},64,64,1,16,witness,0.646643,,,,,,,,,,,,,phase,,,true,,,,,measured,Winterfell transparent STARK pilot; matched vector only,os_cache_primer,false,true,ok,"{""trace_rows"":64.0,""transition_constraints"":2.0}",,,,,,
bd387989-3e95-401b-b927-231a0277e7f2,2026-08-09T03:32:17.141592+00:00,C7-TRANSPARENT-STARK,winterfell-stark-pilot-v1,controlled_kernel,winterfell-0.13.1-f128,045609f7c669d9c8addd833c007ceab666099814,294bad57ed211ce5f668890c93845dca664b6897d4ff1a7011a5c837b0436472,3312480326441268333,0,6,default,{},64,64,1,16,setup_or_preprocess,,,,,,,,,,,,,,phase,,,true,,,Winterfell exposes transparent trace/AIR proofing; no trusted setup or KZG commitment phase,,measured,Winterfell transparent STARK pilot; matched vector only,os_cache_primer,false,false,unsupported,{},,,,,,
bd387989-3e95-401b-b927-231a0277e7f2,2026-08-09T03:32:17.141610+00:00,C7-TRANSPARENT-STARK,winterfell-stark-pilot-v1,controlled_kernel,winterfell-0.13.1-f128,045609f7c669d9c8addd833c007ceab666099814,294bad57ed211ce5f668890c93845dca664b6897d4ff1a7011a5c837b0436472,3312480326441268333,0,6,default,{},64,64,1,16,key_load,,,,,,,,,,,,,,phase,,,true,,,Winterfell exposes transparent trace/AIR proofing; no trusted setup or KZG commitment phase,,measured,Winterfell transparent STARK pilot; matched vector only,os_cache_primer,false,false,unsupported,{},,,,,,
bd387989-3e95-401b-b927-231a0277e7f2,2026-08-09T03:32:17.141626+00:00,C7-TRANSPARENT-STARK,winterfell-stark-pilot-v1,controlled_kernel,winterfell-0.13.1-f128,045609f7c669d9c8addd833c007ceab666099814,294bad57ed211ce5f668890c93845dca664b6897d4ff1a7011a5c837b0436472,3312480326441268333,0,6,default,{},64,64,1,16,msm,,,,,,,,,,,,,,phase,,,true,,,Winterfell exposes transparent trace/AIR proofing; no trusted setup or KZG commitment phase,,measured,Winterfell transparent STARK pilot; matched vector only,os_cache_primer,false,false,unsupported,{},,,,,,
bd387989-3e95-401b-b927-231a0277e7f2,2026-08-09T03:32:17.141641+00:00,C7-TRANSPARENT-STARK,winterfell-stark-pilot-v1,controlled_kernel,winterfell-0.13.1-f128,045609f7c669d9c8addd833c007ceab666099814,294bad57ed211ce5f668890c93845dca664b6897d4ff1a7011a5c837b0436472,3312480326441268333,0,6,default,{},64,64,1,16,fft_ntt,,,,,,,,,,,,,,phase,,,true,,,Winterfell exposes transparent trace/AIR proofing; no trusted setup or KZG commitment phase,,measured,Winterfell transparent STARK pilot; matched vector only,os_cache_primer,false,false,unsupported,{},,,,,,
bd387989-3e95-401b-b927-231a0277e7f2,2026-08-09T03:32:17.141656+00:00,C7-TRANSPARENT-STARK,winterfell-stark-pilot-v1,controlled_kernel,winterfell-0.13.1-f128,045609f7c669d9c8addd833c007ceab666099814,294bad57ed211ce5f668890c93845dca664b6897d4ff1a7011a5c837b0436472,3312480326441268333,0,6,default,{},64,64,1,16,prove_total,6.589203,,,,,,,,,,,,,phase,,,true,,,,,measured,Winterfell transparent STARK pilot; matched vector only,os_cache_primer,false,true,ok,"{""trace_rows"":64.0}",,,,,,
bd387989-3e95-401b-b927-231a0277e7f2,2026-08-09T03:32:17.141672+00:00,C7-TRANSPARENT-STARK,winterfell-stark-pilot-v1,controlled_kernel,winterfell-0.13.1-f128,045609f7c669d9c8addd833c007ceab666099814,294bad57ed211ce5f668890c93845dca664b6897d4ff1a7011a5c837b0436472,3312480326441268333,0,6,default,{},64,64,1,16,serialize,0.008816,,,,,,,,,,,,,phase,,,true,,,,,measured,Winterfell transparent STARK pilot; matched vector only,os_cache_primer,false,true,ok,"{""proof_bytes"":13423.0}",,,,,,
bd387989-3e95-401b-b927-231a0277e7f2,2026-08-09T03:32:17.141689+00:00,C7-TRANSPARENT-STARK,winterfell-stark-pilot-v1,controlled_kernel,winterfell-0.13.1-f128,045609f7c669d9c8addd833c007ceab666099814,294bad57ed211ce5f668890c93845dca664b6897d4ff1a7011a5c837b0436472,3312480326441268333,0,6,default,{},64,64,1,16,deserialize,0.013345,,,,,,,,,,,,,phase,,,true,,,,,measured,Winterfell transparent STARK pilot; matched vector only,os_cache_primer,false,true,ok,"{""proof_bytes"":13423.0}",,,,,,
bd387989-3e95-401b-b927-231a0277e7f2,2026-08-09T03:32:17.141705+00:00,C7-TRANSPARENT-STARK,winterfell-stark-pilot-v1,controlled_kernel,winterfell-0.13.1-f128,045609f7c669d9c8addd833c007ceab666099814,294bad57ed211ce5f668890c93845dca664b6897d4ff1a7011a5c837b0436472,3312480326441268333,0,6,default,{},64,64,1,16,verify_total,0.825266,,,,,,,,,,,,,phase,,,true,,,,,measured,Winterfell transparent STARK pilot; matched vector only,os_cache_primer,false,true,ok,"{""trace_rows"":64.0}",,,,,,
bd387989-3e95-401b-b927-231a0277e7f2,2026-08-09T03:32:17.141769+00:00,C7-TRANSPARENT-STARK,winterfell-stark-pilot-v1,controlled_kernel,winterfell-0.13.1-f128,045609f7c669d9c8addd833c007ceab666099814,294bad57ed211ce5f668890c93845dca664b6897d4ff1a7011a5c837b0436472,3312480326441268333,0,6,default,{},64,64,1,16,adapter_process_wall,67.861756,,3.734375,13423,true,0,,153,956,,,,linux-procfs,process,,,true,,,"Linux procfs read failed: [Errno 3] No such process; private commit and per-process swap I/O are unavailable; VmSwap reports allocation, not swap traffic; No documented hardware or OS energy counter is configured in WSL2",,measured,Winterfell transparent STARK pilot; matched vector only,os_cache_primer,false,true,ok,{},2,3,2,transition_constraints,5.0,12
411b6989-ad84-4602-9dcb-8c8eb16abf83,2026-08-09T03:32:17.211540+00:00,C7-TRANSPARENT-STARK,winterfell-stark-pilot-v1,controlled_kernel,winterfell-0.13.1-f128,045609f7c669d9c8addd833c007ceab666099814,294bad57ed211ce5f668890c93845dca664b6897d4ff1a7011a5c837b0436472,6280486048177271491,1,7,default,{},64,64,1,16,native_execution,0.195419,,,,,,,,,,,,,phase,,,true,,,,,measured,Winterfell transparent STARK pilot; matched vector only,os_cache_primer,false,true,ok,"{""native_work_units"":64.0}",,,,,,
411b6989-ad84-4602-9dcb-8c8eb16abf83,2026-08-09T03:32:17.211641+00:00,C7-TRANSPARENT-STARK,winterfell-stark-pilot-v1,controlled_kernel,winterfell-0.13.1-f128,045609f7c669d9c8addd833c007ceab666099814,294bad57ed211ce5f668890c93845dca664b6897d4ff1a7011a5c837b0436472,6280486048177271491,1,7,default,{},64,64,1,16,witness,0.528268,,,,,,,,,,,,,phase,,,true,,,,,measured,Winterfell transparent STARK pilot; matched vector only,os_cache_primer,false,true,ok,"{""trace_rows"":64.0,""transition_constraints"":2.0}",,,,,,
411b6989-ad84-4602-9dcb-8c8eb16abf83,2026-08-09T03:32:17.211663+00:00,C7-TRANSPARENT-STARK,winterfell-stark-pilot-v1,controlled_kernel,winterfell-0.13.1-f128,045609f7c669d9c8addd833c007ceab666099814,294bad57ed211ce5f668890c93845dca664b6897d4ff1a7011a5c837b0436472,6280486048177271491,1,7,default,{},64,64,1,16,setup_or_preprocess,,,,,,,,,,,,,,phase,,,true,,,Winterfell exposes transparent trace/AIR proofing; no trusted setup or KZG commitment phase,,measured,Winterfell transparent STARK pilot; matched vector only,os_cache_primer,false,false,unsupported,{},,,,,,
411b6989-ad84-4602-9dcb-8c8eb16abf83,2026-08-09T03:32:17.211678+00:00,C7-TRANSPARENT-STARK,winterfell-stark-pilot-v1,controlled_kernel,winterfell-0.13.1-f128,045609f7c669d9c8addd833c007ceab666099814,294bad57ed211ce5f668890c93845dca664b6897d4ff1a7011a5c837b0436472,6280486048177271491,1,7,default,{},64,64,1,16,key_load,,,,,,,,,,,,,,phase,,,true,,,Winterfell exposes transparent trace/AIR proofing; no trusted setup or KZG commitment phase,,measured,Winterfell transparent STARK pilot; matched vector only,os_cache_primer,false,false,unsupported,{},,,,,,
411b6989-ad84-4602-9dcb-8c8eb16abf83,2026-08-09T03:32:17.211691+00:00,C7-TRANSPARENT-STARK,winterfell-stark-pilot-v1,controlled_kernel,winterfell-0.13.1-f128,045609f7c669d9c8addd833c007ceab666099814,294bad57ed211ce5f668890c93845dca664b6897d4ff1a7011a5c837b0436472,6280486048177271491,1,7,default,{},64,64,1,16,msm,,,,,,,,,,,,,,phase,,,true,,,Winterfell exposes transparent trace/AIR proofing; no trusted setup or KZG commitment phase,,measured,Winterfell transparent STARK pilot; matched vector only,os_cache_primer,false,false,unsupported,{},,,,,,
411b6989-ad84-4602-9dcb-8c8eb16abf83,2026-08-09T03:32:17.211704+00:00,C7-TRANSPARENT-STARK,winterfell-stark-pilot-v1,controlled_kernel,winterfell-0.13.1-f128,045609f7c669d9c8addd833c007ceab666099814,294bad57ed211ce5f668890c93845dca664b6897d4ff1a7011a5c837b0436472,6280486048177271491,1,7,default,{},64,64,1,16,fft_ntt,,,,,,,,,,,,,,phase,,,true,,,Winterfell exposes transparent trace/AIR proofing; no trusted setup or KZG commitment phase,,measured,Winterfell transparent STARK pilot; matched vector only,os_cache_primer,false,false,unsupported,{},,,,,,
411b6989-ad84-4602-9dcb-8c8eb16abf83,2026-08-09T03:32:17.211716+00:00,C7-TRANSPARENT-STARK,winterfell-stark-pilot-v1,controlled_kernel,winterfell-0.13.1-f128,045609f7c669d9c8addd833c007ceab666099814,294bad57ed211ce5f668890c93845dca664b6897d4ff1a7011a5c837b0436472,6280486048177271491,1,7,default,{},64,64,1,16,prove_total,6.622564,,,,,,,,,,,,,phase,,,true,,,,,measured,Winterfell transparent STARK pilot; matched vector only,os_cache_primer,false,true,ok,"{""trace_rows"":64.0}",,,,,,
411b6989-ad84-4602-9dcb-8c8eb16abf83,2026-08-09T03:32:17.211730+00:00,C7-TRANSPARENT-STARK,winterfell-stark-pilot-v1,controlled_kernel,winterfell-0.13.1-f128,045609f7c669d9c8addd833c007ceab666099814,294bad57ed211ce5f668890c93845dca664b6897d4ff1a7011a5c837b0436472,6280486048177271491,1,7,default,{},64,64,1,16,serialize,0.007233,,,,,,,,,,,,,phase,,,true,,,,,measured,Winterfell transparent STARK pilot; matched vector only,os_cache_primer,false,true,ok,"{""proof_bytes"":13411.0}",,,,,,
411b6989-ad84-4602-9dcb-8c8eb16abf83,2026-08-09T03:32:17.211743+00:00,C7-TRANSPARENT-STARK,winterfell-stark-pilot-v1,controlled_kernel,winterfell-0.13.1-f128,045609f7c669d9c8addd833c007ceab666099814,294bad57ed211ce5f668890c93845dca664b6897d4ff1a7011a5c837b0436472,6280486048177271491,1,7,default,{},64,64,1,16,deserialize,0.010910,,,,,,,,,,,,,phase,,,true,,,,,measured,Winterfell transparent STARK pilot; matched vector only,os_cache_primer,false,true,ok,"{""proof_bytes"":13411.0}",,,,,,
411b6989-ad84-4602-9dcb-8c8eb16abf83,2026-08-09T03:32:17.211759+00:00,C7-TRANSPARENT-STARK,winterfell-stark-pilot-v1,controlled_kernel,winterfell-0.13.1-f128,045609f7c669d9c8addd833c007ceab666099814,294bad57ed211ce5f668890c93845dca664b6897d4ff1a7011a5c837b0436472,6280486048177271491,1,7,default,{},64,64,1,16,verify_total,0.874483,,,,,,,,,,,,,phase,,,true,,,,,measured,Winterfell transparent STARK pilot; matched vector only,os_cache_primer,false,true,ok,"{""trace_rows"":64.0}",,,,,,
411b6989-ad84-4602-9dcb-8c8eb16abf83,2026-08-09T03:32:17.211789+00:00,C7-TRANSPARENT-STARK,winterfell-stark-pilot-v1,controlled_kernel,winterfell-0.13.1-f128,045609f7c669d9c8addd833c007ceab666099814,294bad57ed211ce5f668890c93845dca664b6897d4ff1a7011a5c837b0436472,6280486048177271491,1,7,default,{},64,64,1,16,adapter_process_wall,68.684518,,3.847656,13411,true,0,,153,956,,,,linux-procfs,process,,,true,,,"Linux procfs read failed: [Errno 13] Permission denied: '/proc/468/io'; private commit and per-process swap I/O are unavailable; VmSwap reports allocation, not swap traffic; No documented hardware or OS energy counter is configured in WSL2",,measured,Winterfell transparent STARK pilot; matched vector only,os_cache_primer,false,true,ok,{},2,3,2,transition_constraints,5.0,12
aaa6d68d-e59b-44c4-ae87-1dbcaa42adfb,2026-08-09T03:32:17.279956+00:00,C7-TRANSPARENT-STARK,winterfell-stark-pilot-v1,controlled_kernel,winterfell-0.13.1-f128,045609f7c669d9c8addd833c007ceab666099814,294bad57ed211ce5f668890c93845dca664b6897d4ff1a7011a5c837b0436472,2699401010016181909,0,8,default,{},64,64,2,16,native_execution,0.197939,,,,,,,,,,,,,phase,,,true,,,,,measured,Winterfell transparent STARK pilot; matched vector only,os_cache_primer,false,true,ok,"{""native_work_units"":64.0}",,,,,,
aaa6d68d-e59b-44c4-ae87-1dbcaa42adfb,2026-08-09T03:32:17.280055+00:00,C7-TRANSPARENT-STARK,winterfell-stark-pilot-v1,controlled_kernel,winterfell-0.13.1-f128,045609f7c669d9c8addd833c007ceab666099814,294bad57ed211ce5f668890c93845dca664b6897d4ff1a7011a5c837b0436472,2699401010016181909,0,8,default,{},64,64,2,16,witness,0.649343,,,,,,,,,,,,,phase,,,true,,,,,measured,Winterfell transparent STARK pilot; matched vector only,os_cache_primer,false,true,ok,"{""trace_rows"":64.0,""transition_constraints"":2.0}",,,,,,
aaa6d68d-e59b-44c4-ae87-1dbcaa42adfb,2026-08-09T03:32:17.280077+00:00,C7-TRANSPARENT-STARK,winterfell-stark-pilot-v1,controlled_kernel,winterfell-0.13.1-f128,045609f7c669d9c8addd833c007ceab666099814,294bad57ed211ce5f668890c93845dca664b6897d4ff1a7011a5c837b0436472,2699401010016181909,0,8,default,{},64,64,2,16,setup_or_preprocess,,,,,,,,,,,,,,phase,,,true,,,Winterfell exposes transparent trace/AIR proofing; no trusted setup or KZG commitment phase,,measured,Winterfell transparent STARK pilot; matched vector only,os_cache_primer,false,false,unsupported,{},,,,,,
aaa6d68d-e59b-44c4-ae87-1dbcaa42adfb,2026-08-09T03:32:17.280092+00:00,C7-TRANSPARENT-STARK,winterfell-stark-pilot-v1,controlled_kernel,winterfell-0.13.1-f128,045609f7c669d9c8addd833c007ceab666099814,294bad57ed211ce5f668890c93845dca664b6897d4ff1a7011a5c837b0436472,2699401010016181909,0,8,default,{},64,64,2,16,key_load,,,,,,,,,,,,,,phase,,,true,,,Winterfell exposes transparent trace/AIR proofing; no trusted setup or KZG commitment phase,,measured,Winterfell transparent STARK pilot; matched vector only,os_cache_primer,false,false,unsupported,{},,,,,,
aaa6d68d-e59b-44c4-ae87-1dbcaa42adfb,2026-08-09T03:32:17.280105+00:00,C7-TRANSPARENT-STARK,winterfell-stark-pilot-v1,controlled_kernel,winterfell-0.13.1-f128,045609f7c669d9c8addd833c007ceab666099814,294bad57ed211ce5f668890c93845dca664b6897d4ff1a7011a5c837b0436472,2699401010016181909,0,8,default,{},64,64,2,16,msm,,,,,,,,,,,,,,phase,,,true,,,Winterfell exposes transparent trace/AIR proofing; no trusted setup or KZG commitment phase,,measured,Winterfell transparent STARK pilot; matched vector only,os_cache_primer,false,false,unsupported,{},,,,,,
aaa6d68d-e59b-44c4-ae87-1dbcaa42adfb,2026-08-09T03:32:17.280118+00:00,C7-TRANSPARENT-STARK,winterfell-stark-pilot-v1,controlled_kernel,winterfell-0.13.1-f128,045609f7c669d9c8addd833c007ceab666099814,294bad57ed211ce5f668890c93845dca664b6897d4ff1a7011a5c837b0436472,2699401010016181909,0,8,default,{},64,64,2,16,fft_ntt,,,,,,,,,,,,,,phase,,,true,,,Winterfell exposes transparent trace/AIR proofing; no trusted setup or KZG commitment phase,,measured,Winterfell transparent STARK pilot; matched vector only,os_cache_primer,false,false,unsupported,{},,,,,,
aaa6d68d-e59b-44c4-ae87-1dbcaa42adfb,2026-08-09T03:32:17.280130+00:00,C7-TRANSPARENT-STARK,winterfell-stark-pilot-v1,controlled_kernel,winterfell-0.13.1-f128,045609f7c669d9c8addd833c007ceab666099814,294bad57ed211ce5f668890c93845dca664b6897d4ff1a7011a5c837b0436472,2699401010016181909,0,8,default,{},64,64,2,16,prove_total,7.685937,,,,,,,,,,,,,phase,,,true,,,,,measured,Winterfell transparent STARK pilot; matched vector only,os_cache_primer,false,true,ok,"{""trace_rows"":64.0}",,,,,,
aaa6d68d-e59b-44c4-ae87-1dbcaa42adfb,2026-08-09T03:32:17.280144+00:00,C7-TRANSPARENT-STARK,winterfell-stark-pilot-v1,controlled_kernel,winterfell-0.13.1-f128,045609f7c669d9c8addd833c007ceab666099814,294bad57ed211ce5f668890c93845dca664b6897d4ff1a7011a5c837b0436472,2699401010016181909,0,8,default,{},64,64,2,16,serialize,0.008706,,,,,,,,,,,,,phase,,,true,,,,,measured,Winterfell transparent STARK pilot; matched vector only,os_cache_primer,false,true,ok,"{""proof_bytes"":13005.0}",,,,,,
aaa6d68d-e59b-44c4-ae87-1dbcaa42adfb,2026-08-09T03:32:17.280157+00:00,C7-TRANSPARENT-STARK,winterfell-stark-pilot-v1,controlled_kernel,winterfell-0.13.1-f128,045609f7c669d9c8addd833c007ceab666099814,294bad57ed211ce5f668890c93845dca664b6897d4ff1a7011a5c837b0436472,2699401010016181909,0,8,default,{},64,64,2,16,deserialize,0.013916,,,,,,,,,,,,,phase,,,true,,,,,measured,Winterfell transparent STARK pilot; matched vector only,os_cache_primer,false,true,ok,"{""proof_bytes"":13005.0}",,,,,,
aaa6d68d-e59b-44c4-ae87-1dbcaa42adfb,2026-08-09T03:32:17.280171+00:00,C7-TRANSPARENT-STARK,winterfell-stark-pilot-v1,controlled_kernel,winterfell-0.13.1-f128,045609f7c669d9c8addd833c007ceab666099814,294bad57ed211ce5f668890c93845dca664b6897d4ff1a7011a5c837b0436472,2699401010016181909,0,8,default,{},64,64,2,16,verify_total,0.866583,,,,,,,,,,,,,phase,,,true,,,,,measured,Winterfell transparent STARK pilot; matched vector only,os_cache_primer,false,true,ok,"{""trace_rows"":64.0}",,,,,,
aaa6d68d-e59b-44c4-ae87-1dbcaa42adfb,2026-08-09T03:32:17.280184+00:00,C7-TRANSPARENT-STARK,winterfell-stark-pilot-v1,controlled_kernel,winterfell-0.13.1-f128,045609f7c669d9c8addd833c007ceab666099814,294bad57ed211ce5f668890c93845dca664b6897d4ff1a7011a5c837b0436472,2699401010016181909,0,8,default,{},64,64,2,16,adapter_process_wall,67.137899,,4.031250,13005,true,0,,198,956,,,,linux-procfs,process,,,true,,,"private commit and per-process swap I/O are unavailable; VmSwap reports allocation, not swap traffic; No documented hardware or OS energy counter is configured in WSL2",,measured,Winterfell transparent STARK pilot; matched vector only,os_cache_primer,false,true,ok,{},2,3,2,transition_constraints,5.0,12
072c923d-7763-41f2-9b6e-e7d8ccbca932,2026-08-09T03:32:17.352902+00:00,C7-TRANSPARENT-STARK,winterfell-stark-pilot-v1,controlled_kernel,winterfell-0.13.1-f128,045609f7c669d9c8addd833c007ceab666099814,294bad57ed211ce5f668890c93845dca664b6897d4ff1a7011a5c837b0436472,8227474683159953243,1,9,default,{},64,64,2,16,native_execution,0.227944,,,,,,,,,,,,,phase,,,true,,,,,measured,Winterfell transparent STARK pilot; matched vector only,os_cache_primer,false,true,ok,"{""native_work_units"":64.0}",,,,,,
072c923d-7763-41f2-9b6e-e7d8ccbca932,2026-08-09T03:32:17.353007+00:00,C7-TRANSPARENT-STARK,winterfell-stark-pilot-v1,controlled_kernel,winterfell-0.13.1-f128,045609f7c669d9c8addd833c007ceab666099814,294bad57ed211ce5f668890c93845dca664b6897d4ff1a7011a5c837b0436472,8227474683159953243,1,9,default,{},64,64,2,16,witness,0.672973,,,,,,,,,,,,,phase,,,true,,,,,measured,Winterfell transparent STARK pilot; matched vector only,os_cache_primer,false,true,ok,"{""trace_rows"":64.0,""transition_constraints"":2.0}",,,,,,
072c923d-7763-41f2-9b6e-e7d8ccbca932,2026-08-09T03:32:17.353029+00:00,C7-TRANSPARENT-STARK,winterfell-stark-pilot-v1,controlled_kernel,winterfell-0.13.1-f128,045609f7c669d9c8addd833c007ceab666099814,294bad57ed211ce5f668890c93845dca664b6897d4ff1a7011a5c837b0436472,8227474683159953243,1,9,default,{},64,64,2,16,setup_or_preprocess,,,,,,,,,,,,,,phase,,,true,,,Winterfell exposes transparent trace/AIR proofing; no trusted setup or KZG commitment phase,,measured,Winterfell transparent STARK pilot; matched vector only,os_cache_primer,false,false,unsupported,{},,,,,,
072c923d-7763-41f2-9b6e-e7d8ccbca932,2026-08-09T03:32:17.353044+00:00,C7-TRANSPARENT-STARK,winterfell-stark-pilot-v1,controlled_kernel,winterfell-0.13.1-f128,045609f7c669d9c8addd833c007ceab666099814,294bad57ed211ce5f668890c93845dca664b6897d4ff1a7011a5c837b0436472,8227474683159953243,1,9,default,{},64,64,2,16,key_load,,,,,,,,,,,,,,phase,,,true,,,Winterfell exposes transparent trace/AIR proofing; no trusted setup or KZG commitment phase,,measured,Winterfell transparent STARK pilot; matched vector only,os_cache_primer,false,false,unsupported,{},,,,,,
072c923d-7763-41f2-9b6e-e7d8ccbca932,2026-08-09T03:32:17.353058+00:00,C7-TRANSPARENT-STARK,winterfell-stark-pilot-v1,controlled_kernel,winterfell-0.13.1-f128,045609f7c669d9c8addd833c007ceab666099814,294bad57ed211ce5f668890c93845dca664b6897d4ff1a7011a5c837b0436472,8227474683159953243,1,9,default,{},64,64,2,16,msm,,,,,,,,,,,,,,phase,,,true,,,Winterfell exposes transparent trace/AIR proofing; no trusted setup or KZG commitment phase,,measured,Winterfell transparent STARK pilot; matched vector only,os_cache_primer,false,false,unsupported,{},,,,,,
072c923d-7763-41f2-9b6e-e7d8ccbca932,2026-08-09T03:32:17.353070+00:00,C7-TRANSPARENT-STARK,winterfell-stark-pilot-v1,controlled_kernel,winterfell-0.13.1-f128,045609f7c669d9c8addd833c007ceab666099814,294bad57ed211ce5f668890c93845dca664b6897d4ff1a7011a5c837b0436472,8227474683159953243,1,9,default,{},64,64,2,16,fft_ntt,,,,,,,,,,,,,,phase,,,true,,,Winterfell exposes transparent trace/AIR proofing; no trusted setup or KZG commitment phase,,measured,Winterfell transparent STARK pilot; matched vector only,os_cache_primer,false,false,unsupported,{},,,,,,
072c923d-7763-41f2-9b6e-e7d8ccbca932,2026-08-09T03:32:17.353084+00:00,C7-TRANSPARENT-STARK,winterfell-stark-pilot-v1,controlled_kernel,winterfell-0.13.1-f128,045609f7c669d9c8addd833c007ceab666099814,294bad57ed211ce5f668890c93845dca664b6897d4ff1a7011a5c837b0436472,8227474683159953243,1,9,default,{},64,64,2,16,prove_total,7.794325,,,,,,,,,,,,,phase,,,true,,,,,measured,Winterfell transparent STARK pilot; matched vector only,os_cache_primer,false,true,ok,"{""trace_rows"":64.0}",,,,,,
072c923d-7763-41f2-9b6e-e7d8ccbca932,2026-08-09T03:32:17.353097+00:00,C7-TRANSPARENT-STARK,winterfell-stark-pilot-v1,controlled_kernel,winterfell-0.13.1-f128,045609f7c669d9c8addd833c007ceab666099814,294bad57ed211ce5f668890c93845dca664b6897d4ff1a7011a5c837b0436472,8227474683159953243,1,9,default,{},64,64,2,16,serialize,0.006743,,,,,,,,,,,,,phase,,,true,,,,,measured,Winterfell transparent STARK pilot; matched vector only,os_cache_primer,false,true,ok,"{""proof_bytes"":12891.0}",,,,,,
072c923d-7763-41f2-9b6e-e7d8ccbca932,2026-08-09T03:32:17.353112+00:00,C7-TRANSPARENT-STARK,winterfell-stark-pilot-v1,controlled_kernel,winterfell-0.13.1-f128,045609f7c669d9c8addd833c007ceab666099814,294bad57ed211ce5f668890c93845dca664b6897d4ff1a7011a5c837b0436472,8227474683159953243,1,9,default,{},64,64,2,16,deserialize,0.010149,,,,,,,,,,,,,phase,,,true,,,,,measured,Winterfell transparent STARK pilot; matched vector only,os_cache_primer,false,true,ok,"{""proof_bytes"":12891.0}",,,,,,
072c923d-7763-41f2-9b6e-e7d8ccbca932,2026-08-09T03:32:17.353125+00:00,C7-TRANSPARENT-STARK,winterfell-stark-pilot-v1,controlled_kernel,winterfell-0.13.1-f128,045609f7c669d9c8addd833c007ceab666099814,294bad57ed211ce5f668890c93845dca664b6897d4ff1a7011a5c837b0436472,8227474683159953243,1,9,default,{},64,64,2,16,verify_total,0.872233,,,,,,,,,,,,,phase,,,true,,,,,measured,Winterfell transparent STARK pilot; matched vector only,os_cache_primer,false,true,ok,"{""trace_rows"":64.0}",,,,,,
072c923d-7763-41f2-9b6e-e7d8ccbca932,2026-08-09T03:32:17.353161+00:00,C7-TRANSPARENT-STARK,winterfell-stark-pilot-v1,controlled_kernel,winterfell-0.13.1-f128,045609f7c669d9c8addd833c007ceab666099814,294bad57ed211ce5f668890c93845dca664b6897d4ff1a7011a5c837b0436472,8227474683159953243,1,9,default,{},64,64,2,16,adapter_process_wall,71.654474,,4.183594,12891,true,0,,227,956,,,,linux-procfs,process,,,true,,,"private commit and per-process swap I/O are unavailable; VmSwap reports allocation, not swap traffic; No documented hardware or OS energy counter is configured in WSL2",,measured,Winterfell transparent STARK pilot; matched vector only,os_cache_primer,false,true,ok,{},2,3,2,transition_constraints,5.0,13
b3315250-3b94-4556-a437-a1c9f1abc1ee,2026-08-09T03:32:17.424361+00:00,C7-TRANSPARENT-STARK,winterfell-stark-pilot-v1,controlled_kernel,winterfell-0.13.1-f128,045609f7c669d9c8addd833c007ceab666099814,294bad57ed211ce5f668890c93845dca664b6897d4ff1a7011a5c837b0436472,2185465384295682369,0,10,default,{},64,64,4,16,native_execution,0.201404,,,,,,,,,,,,,phase,,,true,,,,,measured,Winterfell transparent STARK pilot; matched vector only,os_cache_primer,false,true,ok,"{""native_work_units"":64.0}",,,,,,
b3315250-3b94-4556-a437-a1c9f1abc1ee,2026-08-09T03:32:17.424439+00:00,C7-TRANSPARENT-STARK,winterfell-stark-pilot-v1,controlled_kernel,winterfell-0.13.1-f128,045609f7c669d9c8addd833c007ceab666099814,294bad57ed211ce5f668890c93845dca664b6897d4ff1a7011a5c837b0436472,2185465384295682369,0,10,default,{},64,64,4,16,witness,0.637697,,,,,,,,,,,,,phase,,,true,,,,,measured,Winterfell transparent STARK pilot; matched vector only,os_cache_primer,false,true,ok,"{""trace_rows"":64.0,""transition_constraints"":2.0}",,,,,,
b3315250-3b94-4556-a437-a1c9f1abc1ee,2026-08-09T03:32:17.424508+00:00,C7-TRANSPARENT-STARK,winterfell-stark-pilot-v1,controlled_kernel,winterfell-0.13.1-f128,045609f7c669d9c8addd833c007ceab666099814,294bad57ed211ce5f668890c93845dca664b6897d4ff1a7011a5c837b0436472,2185465384295682369,0,10,default,{},64,64,4,16,setup_or_preprocess,,,,,,,,,,,,,,phase,,,true,,,Winterfell exposes transparent trace/AIR proofing; no trusted setup or KZG commitment phase,,measured,Winterfell transparent STARK pilot; matched vector only,os_cache_primer,false,false,unsupported,{},,,,,,
b3315250-3b94-4556-a437-a1c9f1abc1ee,2026-08-09T03:32:17.424563+00:00,C7-TRANSPARENT-STARK,winterfell-stark-pilot-v1,controlled_kernel,winterfell-0.13.1-f128,045609f7c669d9c8addd833c007ceab666099814,294bad57ed211ce5f668890c93845dca664b6897d4ff1a7011a5c837b0436472,2185465384295682369,0,10,default,{},64,64,4,16,key_load,,,,,,,,,,,,,,phase,,,true,,,Winterfell exposes transparent trace/AIR proofing; no trusted setup or KZG commitment phase,,measured,Winterfell transparent STARK pilot; matched vector only,os_cache_primer,false,false,unsupported,{},,,,,,
b3315250-3b94-4556-a437-a1c9f1abc1ee,2026-08-09T03:32:17.424586+00:00,C7-TRANSPARENT-STARK,winterfell-stark-pilot-v1,controlled_kernel,winterfell-0.13.1-f128,045609f7c669d9c8addd833c007ceab666099814,294bad57ed211ce5f668890c93845dca664b6897d4ff1a7011a5c837b0436472,2185465384295682369,0,10,default,{},64,64,4,16,msm,,,,,,,,,,,,,,phase,,,true,,,Winterfell exposes transparent trace/AIR proofing; no trusted setup or KZG commitment phase,,measured,Winterfell transparent STARK pilot; matched vector only,os_cache_primer,false,false,unsupported,{},,,,,,
b3315250-3b94-4556-a437-a1c9f1abc1ee,2026-08-09T03:32:17.424604+00:00,C7-TRANSPARENT-STARK,winterfell-stark-pilot-v1,controlled_kernel,winterfell-0.13.1-f128,045609f7c669d9c8addd833c007ceab666099814,294bad57ed211ce5f668890c93845dca664b6897d4ff1a7011a5c837b0436472,2185465384295682369,0,10,default,{},64,64,4,16,fft_ntt,,,,,,,,,,,,,,phase,,,true,,,Winterfell exposes transparent trace/AIR proofing; no trusted setup or KZG commitment phase,,measured,Winterfell transparent STARK pilot; matched vector only,os_cache_primer,false,false,unsupported,{},,,,,,
b3315250-3b94-4556-a437-a1c9f1abc1ee,2026-08-09T03:32:17.424619+00:00,C7-TRANSPARENT-STARK,winterfell-stark-pilot-v1,controlled_kernel,winterfell-0.13.1-f128,045609f7c669d9c8addd833c007ceab666099814,294bad57ed211ce5f668890c93845dca664b6897d4ff1a7011a5c837b0436472,2185465384295682369,0,10,default,{},64,64,4,16,prove_total,9.056694,,,,,,,,,,,,,phase,,,true,,,,,measured,Winterfell transparent STARK pilot; matched vector only,os_cache_primer,false,true,ok,"{""trace_rows"":64.0}",,,,,,
b3315250-3b94-4556-a437-a1c9f1abc1ee,2026-08-09T03:32:17.424641+00:00,C7-TRANSPARENT-STARK,winterfell-stark-pilot-v1,controlled_kernel,winterfell-0.13.1-f128,045609f7c669d9c8addd833c007ceab666099814,294bad57ed211ce5f668890c93845dca664b6897d4ff1a7011a5c837b0436472,2185465384295682369,0,10,default,{},64,64,4,16,serialize,0.006572,,,,,,,,,,,,,phase,,,true,,,,,measured,Winterfell transparent STARK pilot; matched vector only,os_cache_primer,false,true,ok,"{""proof_bytes"":13118.0}",,,,,,
b3315250-3b94-4556-a437-a1c9f1abc1ee,2026-08-09T03:32:17.424660+00:00,C7-TRANSPARENT-STARK,winterfell-stark-pilot-v1,controlled_kernel,winterfell-0.13.1-f128,045609f7c669d9c8addd833c007ceab666099814,294bad57ed211ce5f668890c93845dca664b6897d4ff1a7011a5c837b0436472,2185465384295682369,0,10,default,{},64,64,4,16,deserialize,0.009869,,,,,,,,,,,,,phase,,,true,,,,,measured,Winterfell transparent STARK pilot; matched vector only,os_cache_primer,false,true,ok,"{""proof_bytes"":13118.0}",,,,,,
b3315250-3b94-4556-a437-a1c9f1abc1ee,2026-08-09T03:32:17.424677+00:00,C7-TRANSPARENT-STARK,winterfell-stark-pilot-v1,controlled_kernel,winterfell-0.13.1-f128,045609f7c669d9c8addd833c007ceab666099814,294bad57ed211ce5f668890c93845dca664b6897d4ff1a7011a5c837b0436472,2185465384295682369,0,10,default,{},64,64,4,16,verify_total,0.754579,,,,,,,,,,,,,phase,,,true,,,,,measured,Winterfell transparent STARK pilot; matched vector only,os_cache_primer,false,true,ok,"{""trace_rows"":64.0}",,,,,,
b3315250-3b94-4556-a437-a1c9f1abc1ee,2026-08-09T03:32:17.424694+00:00,C7-TRANSPARENT-STARK,winterfell-stark-pilot-v1,controlled_kernel,winterfell-0.13.1-f128,045609f7c669d9c8addd833c007ceab666099814,294bad57ed211ce5f668890c93845dca664b6897d4ff1a7011a5c837b0436472,2185465384295682369,0,10,default,{},64,64,4,16,adapter_process_wall,70.292416,10.000000,4.253906,13118,true,0,,245,956,,,,linux-procfs,process,,,true,,,"private commit and per-process swap I/O are unavailable; VmSwap reports allocation, not swap traffic; No documented hardware or OS energy counter is configured in WSL2",,measured,Winterfell transparent STARK pilot; matched vector only,os_cache_primer,false,true,ok,{},2,3,2,transition_constraints,5.0,13
9c3c937d-5dfe-4459-a651-a4cd4754ae89,2026-08-09T03:32:17.496933+00:00,C7-TRANSPARENT-STARK,winterfell-stark-pilot-v1,controlled_kernel,winterfell-0.13.1-f128,045609f7c669d9c8addd833c007ceab666099814,294bad57ed211ce5f668890c93845dca664b6897d4ff1a7011a5c837b0436472,5028297252739470935,1,11,default,{},64,64,4,16,native_execution,0.187398,,,,,,,,,,,,,phase,,,true,,,,,measured,Winterfell transparent STARK pilot; matched vector only,os_cache_primer,false,true,ok,"{""native_work_units"":64.0}",,,,,,
9c3c937d-5dfe-4459-a651-a4cd4754ae89,2026-08-09T03:32:17.496995+00:00,C7-TRANSPARENT-STARK,winterfell-stark-pilot-v1,controlled_kernel,winterfell-0.13.1-f128,045609f7c669d9c8addd833c007ceab666099814,294bad57ed211ce5f668890c93845dca664b6897d4ff1a7011a5c837b0436472,5028297252739470935,1,11,default,{},64,64,4,16,witness,0.720150,,,,,,,,,,,,,phase,,,true,,,,,measured,Winterfell transparent STARK pilot; matched vector only,os_cache_primer,false,true,ok,"{""trace_rows"":64.0,""transition_constraints"":2.0}",,,,,,
9c3c937d-5dfe-4459-a651-a4cd4754ae89,2026-08-09T03:32:17.497016+00:00,C7-TRANSPARENT-STARK,winterfell-stark-pilot-v1,controlled_kernel,winterfell-0.13.1-f128,045609f7c669d9c8addd833c007ceab666099814,294bad57ed211ce5f668890c93845dca664b6897d4ff1a7011a5c837b0436472,5028297252739470935,1,11,default,{},64,64,4,16,setup_or_preprocess,,,,,,,,,,,,,,phase,,,true,,,Winterfell exposes transparent trace/AIR proofing; no trusted setup or KZG commitment phase,,measured,Winterfell transparent STARK pilot; matched vector only,os_cache_primer,false,false,unsupported,{},,,,,,
9c3c937d-5dfe-4459-a651-a4cd4754ae89,2026-08-09T03:32:17.497031+00:00,C7-TRANSPARENT-STARK,winterfell-stark-pilot-v1,controlled_kernel,winterfell-0.13.1-f128,045609f7c669d9c8addd833c007ceab666099814,294bad57ed211ce5f668890c93845dca664b6897d4ff1a7011a5c837b0436472,5028297252739470935,1,11,default,{},64,64,4,16,key_load,,,,,,,,,,,,,,phase,,,true,,,Winterfell exposes transparent trace/AIR proofing; no trusted setup or KZG commitment phase,,measured,Winterfell transparent STARK pilot; matched vector only,os_cache_primer,false,false,unsupported,{},,,,,,
9c3c937d-5dfe-4459-a651-a4cd4754ae89,2026-08-09T03:32:17.497043+00:00,C7-TRANSPARENT-STARK,winterfell-stark-pilot-v1,controlled_kernel,winterfell-0.13.1-f128,045609f7c669d9c8addd833c007ceab666099814,294bad57ed211ce5f668890c93845dca664b6897d4ff1a7011a5c837b0436472,5028297252739470935,1,11,default,{},64,64,4,16,msm,,,,,,,,,,,,,,phase,,,true,,,Winterfell exposes transparent trace/AIR proofing; no trusted setup or KZG commitment phase,,measured,Winterfell transparent STARK pilot; matched vector only,os_cache_primer,false,false,unsupported,{},,,,,,
9c3c937d-5dfe-4459-a651-a4cd4754ae89,2026-08-09T03:32:17.497055+00:00,C7-TRANSPARENT-STARK,winterfell-stark-pilot-v1,controlled_kernel,winterfell-0.13.1-f128,045609f7c669d9c8addd833c007ceab666099814,294bad57ed211ce5f668890c93845dca664b6897d4ff1a7011a5c837b0436472,5028297252739470935,1,11,default,{},64,64,4,16,fft_ntt,,,,,,,,,,,,,,phase,,,true,,,Winterfell exposes transparent trace/AIR proofing; no trusted setup or KZG commitment phase,,measured,Winterfell transparent STARK pilot; matched vector only,os_cache_primer,false,false,unsupported,{},,,,,,
9c3c937d-5dfe-4459-a651-a4cd4754ae89,2026-08-09T03:32:17.497067+00:00,C7-TRANSPARENT-STARK,winterfell-stark-pilot-v1,controlled_kernel,winterfell-0.13.1-f128,045609f7c669d9c8addd833c007ceab666099814,294bad57ed211ce5f668890c93845dca664b6897d4ff1a7011a5c837b0436472,5028297252739470935,1,11,default,{},64,64,4,16,prove_total,9.663694,,,,,,,,,,,,,phase,,,true,,,,,measured,Winterfell transparent STARK pilot; matched vector only,os_cache_primer,false,true,ok,"{""trace_rows"":64.0}",,,,,,
9c3c937d-5dfe-4459-a651-a4cd4754ae89,2026-08-09T03:32:17.497081+00:00,C7-TRANSPARENT-STARK,winterfell-stark-pilot-v1,controlled_kernel,winterfell-0.13.1-f128,045609f7c669d9c8addd833c007ceab666099814,294bad57ed211ce5f668890c93845dca664b6897d4ff1a7011a5c837b0436472,5028297252739470935,1,11,default,{},64,64,4,16,serialize,0.007013,,,,,,,,,,,,,phase,,,true,,,,,measured,Winterfell transparent STARK pilot; matched vector only,os_cache_primer,false,true,ok,"{""proof_bytes"":12750.0}",,,,,,
9c3c937d-5dfe-4459-a651-a4cd4754ae89,2026-08-09T03:32:17.497094+00:00,C7-TRANSPARENT-STARK,winterfell-stark-pilot-v1,controlled_kernel,winterfell-0.13.1-f128,045609f7c669d9c8addd833c007ceab666099814,294bad57ed211ce5f668890c93845dca664b6897d4ff1a7011a5c837b0436472,5028297252739470935,1,11,default,{},64,64,4,16,deserialize,0.009828,,,,,,,,,,,,,phase,,,true,,,,,measured,Winterfell transparent STARK pilot; matched vector only,os_cache_primer,false,true,ok,"{""proof_bytes"":12750.0}",,,,,,
9c3c937d-5dfe-4459-a651-a4cd4754ae89,2026-08-09T03:32:17.497107+00:00,C7-TRANSPARENT-STARK,winterfell-stark-pilot-v1,controlled_kernel,winterfell-0.13.1-f128,045609f7c669d9c8addd833c007ceab666099814,294bad57ed211ce5f668890c93845dca664b6897d4ff1a7011a5c837b0436472,5028297252739470935,1,11,default,{},64,64,4,16,verify_total,0.738284,,,,,,,,,,,,,phase,,,true,,,,,measured,Winterfell transparent STARK pilot; matched vector only,os_cache_primer,false,true,ok,"{""trace_rows"":64.0}",,,,,,
9c3c937d-5dfe-4459-a651-a4cd4754ae89,2026-08-09T03:32:17.497120+00:00,C7-TRANSPARENT-STARK,winterfell-stark-pilot-v1,controlled_kernel,winterfell-0.13.1-f128,045609f7c669d9c8addd833c007ceab666099814,294bad57ed211ce5f668890c93845dca664b6897d4ff1a7011a5c837b0436472,5028297252739470935,1,11,default,{},64,64,4,16,adapter_process_wall,71.429826,10.000000,4.218750,12750,true,0,,245,956,,,,linux-procfs,process,,,true,,,"private commit and per-process swap I/O are unavailable; VmSwap reports allocation, not swap traffic; No documented hardware or OS energy counter is configured in WSL2",,measured,Winterfell transparent STARK pilot; matched vector only,os_cache_primer,false,true,ok,{},2,3,2,transition_constraints,5.0,13
ea97b8a5-1be1-4cbf-ab8a-3d21a0bd6b8d,2026-08-09T03:32:17.567814+00:00,C7-TRANSPARENT-STARK,winterfell-stark-pilot-v1,controlled_kernel,winterfell-0.13.1-f128,045609f7c669d9c8addd833c007ceab666099814,294bad57ed211ce5f668890c93845dca664b6897d4ff1a7011a5c837b0436472,4096637795167601835,0,12,default,{},256,256,1,16,native_execution,0.233122,,,,,,,,,,,,,phase,,,true,,,,,measured,Winterfell transparent STARK pilot; matched vector only,os_cache_primer,false,true,ok,"{""native_work_units"":256.0}",,,,,,
ea97b8a5-1be1-4cbf-ab8a-3d21a0bd6b8d,2026-08-09T03:32:17.567919+00:00,C7-TRANSPARENT-STARK,winterfell-stark-pilot-v1,controlled_kernel,winterfell-0.13.1-f128,045609f7c669d9c8addd833c007ceab666099814,294bad57ed211ce5f668890c93845dca664b6897d4ff1a7011a5c837b0436472,4096637795167601835,0,12,default,{},256,256,1,16,witness,0.661225,,,,,,,,,,,,,phase,,,true,,,,,measured,Winterfell transparent STARK pilot; matched vector only,os_cache_primer,false,true,ok,"{""trace_rows"":256.0,""transition_constraints"":2.0}",,,,,,
ea97b8a5-1be1-4cbf-ab8a-3d21a0bd6b8d,2026-08-09T03:32:17.567945+00:00,C7-TRANSPARENT-STARK,winterfell-stark-pilot-v1,controlled_kernel,winterfell-0.13.1-f128,045609f7c669d9c8addd833c007ceab666099814,294bad57ed211ce5f668890c93845dca664b6897d4ff1a7011a5c837b0436472,4096637795167601835,0,12,default,{},256,256,1,16,setup_or_preprocess,,,,,,,,,,,,,,phase,,,true,,,Winterfell exposes transparent trace/AIR proofing; no trusted setup or KZG commitment phase,,measured,Winterfell transparent STARK pilot; matched vector only,os_cache_primer,false,false,unsupported,{},,,,,,
ea97b8a5-1be1-4cbf-ab8a-3d21a0bd6b8d,2026-08-09T03:32:17.567962+00:00,C7-TRANSPARENT-STARK,winterfell-stark-pilot-v1,controlled_kernel,winterfell-0.13.1-f128,045609f7c669d9c8addd833c007ceab666099814,294bad57ed211ce5f668890c93845dca664b6897d4ff1a7011a5c837b0436472,4096637795167601835,0,12,default,{},256,256,1,16,key_load,,,,,,,,,,,,,,phase,,,true,,,Winterfell exposes transparent trace/AIR proofing; no trusted setup or KZG commitment phase,,measured,Winterfell transparent STARK pilot; matched vector only,os_cache_primer,false,false,unsupported,{},,,,,,
ea97b8a5-1be1-4cbf-ab8a-3d21a0bd6b8d,2026-08-09T03:32:17.567978+00:00,C7-TRANSPARENT-STARK,winterfell-stark-pilot-v1,controlled_kernel,winterfell-0.13.1-f128,045609f7c669d9c8addd833c007ceab666099814,294bad57ed211ce5f668890c93845dca664b6897d4ff1a7011a5c837b0436472,4096637795167601835,0,12,default,{},256,256,1,16,msm,,,,,,,,,,,,,,phase,,,true,,,Winterfell exposes transparent trace/AIR proofing; no trusted setup or KZG commitment phase,,measured,Winterfell transparent STARK pilot; matched vector only,os_cache_primer,false,false,unsupported,{},,,,,,
ea97b8a5-1be1-4cbf-ab8a-3d21a0bd6b8d,2026-08-09T03:32:17.567993+00:00,C7-TRANSPARENT-STARK,winterfell-stark-pilot-v1,controlled_kernel,winterfell-0.13.1-f128,045609f7c669d9c8addd833c007ceab666099814,294bad57ed211ce5f668890c93845dca664b6897d4ff1a7011a5c837b0436472,4096637795167601835,0,12,default,{},256,256,1,16,fft_ntt,,,,,,,,,,,,,,phase,,,true,,,Winterfell exposes transparent trace/AIR proofing; no trusted setup or KZG commitment phase,,measured,Winterfell transparent STARK pilot; matched vector only,os_cache_primer,false,false,unsupported,{},,,,,,
ea97b8a5-1be1-4cbf-ab8a-3d21a0bd6b8d,2026-08-09T03:32:17.568008+00:00,C7-TRANSPARENT-STARK,winterfell-stark-pilot-v1,controlled_kernel,winterfell-0.13.1-f128,045609f7c669d9c8addd833c007ceab666099814,294bad57ed211ce5f668890c93845dca664b6897d4ff1a7011a5c837b0436472,4096637795167601835,0,12,default,{},256,256,1,16,prove_total,9.434622,,,,,,,,,,,,,phase,,,true,,,,,measured,Winterfell transparent STARK pilot; matched vector only,os_cache_primer,false,true,ok,"{""trace_rows"":256.0}",,,,,,
ea97b8a5-1be1-4cbf-ab8a-3d21a0bd6b8d,2026-08-09T03:32:17.568024+00:00,C7-TRANSPARENT-STARK,winterfell-stark-pilot-v1,controlled_kernel,winterfell-0.13.1-f128,045609f7c669d9c8addd833c007ceab666099814,294bad57ed211ce5f668890c93845dca664b6897d4ff1a7011a5c837b0436472,4096637795167601835,0,12,default,{},256,256,1,16,serialize,0.008636,,,,,,,,,,,,,phase,,,true,,,,,measured,Winterfell transparent STARK pilot; matched vector only,os_cache_primer,false,true,ok,"{""proof_bytes"":19529.0}",,,,,,
ea97b8a5-1be1-4cbf-ab8a-3d21a0bd6b8d,2026-08-09T03:32:17.568040+00:00,C7-TRANSPARENT-STARK,winterfell-stark-pilot-v1,controlled_kernel,winterfell-0.13.1-f128,045609f7c669d9c8addd833c007ceab666099814,294bad57ed211ce5f668890c93845dca664b6897d4ff1a7011a5c837b0436472,4096637795167601835,0,12,default,{},256,256,1,16,deserialize,0.014317,,,,,,,,,,,,,phase,,,true,,,,,measured,Winterfell transparent STARK pilot; matched vector only,os_cache_primer,false,true,ok,"{""proof_bytes"":19529.0}",,,,,,
ea97b8a5-1be1-4cbf-ab8a-3d21a0bd6b8d,2026-08-09T03:32:17.568056+00:00,C7-TRANSPARENT-STARK,winterfell-stark-pilot-v1,controlled_kernel,winterfell-0.13.1-f128,045609f7c669d9c8addd833c007ceab666099814,294bad57ed211ce5f668890c93845dca664b6897d4ff1a7011a5c837b0436472,4096637795167601835,0,12,default,{},256,256,1,16,verify_total,0.768981,,,,,,,,,,,,,phase,,,true,,,,,measured,Winterfell transparent STARK pilot; matched vector only,os_cache_primer,false,true,ok,"{""trace_rows"":256.0}",,,,,,
ea97b8a5-1be1-4cbf-ab8a-3d21a0bd6b8d,2026-08-09T03:32:17.568073+00:00,C7-TRANSPARENT-STARK,winterfell-stark-pilot-v1,controlled_kernel,winterfell-0.13.1-f128,045609f7c669d9c8addd833c007ceab666099814,294bad57ed211ce5f668890c93845dca664b6897d4ff1a7011a5c837b0436472,4096637795167601835,0,12,default,{},256,256,1,16,adapter_process_wall,69.869887,10.000000,4.855469,19529,true,0,,389,956,,,,linux-procfs,process,,,true,,,"private commit and per-process swap I/O are unavailable; VmSwap reports allocation, not swap traffic; No documented hardware or OS energy counter is configured in WSL2",,measured,Winterfell transparent STARK pilot; matched vector only,os_cache_primer,false,true,ok,{},2,3,2,transition_constraints,5.0,13
de6f5384-0386-465f-bfee-aaf39a7c89b3,2026-08-09T03:32:17.639293+00:00,C7-TRANSPARENT-STARK,winterfell-stark-pilot-v1,controlled_kernel,winterfell-0.13.1-f128,045609f7c669d9c8addd833c007ceab666099814,294bad57ed211ce5f668890c93845dca664b6897d4ff1a7011a5c837b0436472,3121132508496181812,1,13,default,{},256,256,1,16,native_execution,0.201285,,,,,,,,,,,,,phase,,,true,,,,,measured,Winterfell transparent STARK pilot; matched vector only,os_cache_primer,false,true,ok,"{""native_work_units"":256.0}",,,,,,
de6f5384-0386-465f-bfee-aaf39a7c89b3,2026-08-09T03:32:17.639421+00:00,C7-TRANSPARENT-STARK,winterfell-stark-pilot-v1,controlled_kernel,winterfell-0.13.1-f128,045609f7c669d9c8addd833c007ceab666099814,294bad57ed211ce5f668890c93845dca664b6897d4ff1a7011a5c837b0436472,3121132508496181812,1,13,default,{},256,256,1,16,witness,0.516200,,,,,,,,,,,,,phase,,,true,,,,,measured,Winterfell transparent STARK pilot; matched vector only,os_cache_primer,false,true,ok,"{""trace_rows"":256.0,""transition_constraints"":2.0}",,,,,,
de6f5384-0386-465f-bfee-aaf39a7c89b3,2026-08-09T03:32:17.639442+00:00,C7-TRANSPARENT-STARK,winterfell-stark-pilot-v1,controlled_kernel,winterfell-0.13.1-f128,045609f7c669d9c8addd833c007ceab666099814,294bad57ed211ce5f668890c93845dca664b6897d4ff1a7011a5c837b0436472,3121132508496181812,1,13,default,{},256,256,1,16,setup_or_preprocess,,,,,,,,,,,,,,phase,,,true,,,Winterfell exposes transparent trace/AIR proofing; no trusted setup or KZG commitment phase,,measured,Winterfell transparent STARK pilot; matched vector only,os_cache_primer,false,false,unsupported,{},,,,,,
de6f5384-0386-465f-bfee-aaf39a7c89b3,2026-08-09T03:32:17.639456+00:00,C7-TRANSPARENT-STARK,winterfell-stark-pilot-v1,controlled_kernel,winterfell-0.13.1-f128,045609f7c669d9c8addd833c007ceab666099814,294bad57ed211ce5f668890c93845dca664b6897d4ff1a7011a5c837b0436472,3121132508496181812,1,13,default,{},256,256,1,16,key_load,,,,,,,,,,,,,,phase,,,true,,,Winterfell exposes transparent trace/AIR proofing; no trusted setup or KZG commitment phase,,measured,Winterfell transparent STARK pilot; matched vector only,os_cache_primer,false,false,unsupported,{},,,,,,
de6f5384-0386-465f-bfee-aaf39a7c89b3,2026-08-09T03:32:17.639469+00:00,C7-TRANSPARENT-STARK,winterfell-stark-pilot-v1,controlled_kernel,winterfell-0.13.1-f128,045609f7c669d9c8addd833c007ceab666099814,294bad57ed211ce5f668890c93845dca664b6897d4ff1a7011a5c837b0436472,3121132508496181812,1,13,default,{},256,256,1,16,msm,,,,,,,,,,,,,,phase,,,true,,,Winterfell exposes transparent trace/AIR proofing; no trusted setup or KZG commitment phase,,measured,Winterfell transparent STARK pilot; matched vector only,os_cache_primer,false,false,unsupported,{},,,,,,
de6f5384-0386-465f-bfee-aaf39a7c89b3,2026-08-09T03:32:17.639482+00:00,C7-TRANSPARENT-STARK,winterfell-stark-pilot-v1,controlled_kernel,winterfell-0.13.1-f128,045609f7c669d9c8addd833c007ceab666099814,294bad57ed211ce5f668890c93845dca664b6897d4ff1a7011a5c837b0436472,3121132508496181812,1,13,default,{},256,256,1,16,fft_ntt,,,,,,,,,,,,,,phase,,,true,,,Winterfell exposes transparent trace/AIR proofing; no trusted setup or KZG commitment phase,,measured,Winterfell transparent STARK pilot; matched vector only,os_cache_primer,false,false,unsupported,{},,,,,,
de6f5384-0386-465f-bfee-aaf39a7c89b3,2026-08-09T03:32:17.639494+00:00,C7-TRANSPARENT-STARK,winterfell-stark-pilot-v1,controlled_kernel,winterfell-0.13.1-f128,045609f7c669d9c8addd833c007ceab666099814,294bad57ed211ce5f668890c93845dca664b6897d4ff1a7011a5c837b0436472,3121132508496181812,1,13,default,{},256,256,1,16,prove_total,9.712546,,,,,,,,,,,,,phase,,,true,,,,,measured,Winterfell transparent STARK pilot; matched vector only,os_cache_primer,false,true,ok,"{""trace_rows"":256.0}",,,,,,
de6f5384-0386-465f-bfee-aaf39a7c89b3,2026-08-09T03:32:17.639507+00:00,C7-TRANSPARENT-STARK,winterfell-stark-pilot-v1,controlled_kernel,winterfell-0.13.1-f128,045609f7c669d9c8addd833c007ceab666099814,294bad57ed211ce5f668890c93845dca664b6897d4ff1a7011a5c837b0436472,3121132508496181812,1,13,default,{},256,256,1,16,serialize,0.008656,,,,,,,,,,,,,phase,,,true,,,,,measured,Winterfell transparent STARK pilot; matched vector only,os_cache_primer,false,true,ok,"{""proof_bytes"":18902.0}",,,,,,
de6f5384-0386-465f-bfee-aaf39a7c89b3,2026-08-09T03:32:17.639521+00:00,C7-TRANSPARENT-STARK,winterfell-stark-pilot-v1,controlled_kernel,winterfell-0.13.1-f128,045609f7c669d9c8addd833c007ceab666099814,294bad57ed211ce5f668890c93845dca664b6897d4ff1a7011a5c837b0436472,3121132508496181812,1,13,default,{},256,256,1,16,deserialize,0.013806,,,,,,,,,,,,,phase,,,true,,,,,measured,Winterfell transparent STARK pilot; matched vector only,os_cache_primer,false,true,ok,"{""proof_bytes"":18902.0}",,,,,,
de6f5384-0386-465f-bfee-aaf39a7c89b3,2026-08-09T03:32:17.639567+00:00,C7-TRANSPARENT-STARK,winterfell-stark-pilot-v1,controlled_kernel,winterfell-0.13.1-f128,045609f7c669d9c8addd833c007ceab666099814,294bad57ed211ce5f668890c93845dca664b6897d4ff1a7011a5c837b0436472,3121132508496181812,1,13,default,{},256,256,1,16,verify_total,0.825010,,,,,,,,,,,,,phase,,,true,,,,,measured,Winterfell transparent STARK pilot; matched vector only,os_cache_primer,false,true,ok,"{""trace_rows"":256.0}",,,,,,
de6f5384-0386-465f-bfee-aaf39a7c89b3,2026-08-09T03:32:17.639587+00:00,C7-TRANSPARENT-STARK,winterfell-stark-pilot-v1,controlled_kernel,winterfell-0.13.1-f128,045609f7c669d9c8addd833c007ceab666099814,294bad57ed211ce5f668890c93845dca664b6897d4ff1a7011a5c837b0436472,3121132508496181812,1,13,default,{},256,256,1,16,adapter_process_wall,70.130684,10.000000,4.886719,18902,true,0,,391,956,,,,linux-procfs,process,,,true,,,"private commit and per-process swap I/O are unavailable; VmSwap reports allocation, not swap traffic; No documented hardware or OS energy counter is configured in WSL2",,measured,Winterfell transparent STARK pilot; matched vector only,os_cache_primer,false,true,ok,{},2,3,2,transition_constraints,5.0,13
5d66c1df-de37-4075-b113-3df282e74ca8,2026-08-09T03:32:17.714167+00:00,C7-TRANSPARENT-STARK,winterfell-stark-pilot-v1,controlled_kernel,winterfell-0.13.1-f128,045609f7c669d9c8addd833c007ceab666099814,294bad57ed211ce5f668890c93845dca664b6897d4ff1a7011a5c837b0436472,1279141511105370523,0,14,default,{},256,256,2,16,native_execution,0.199967,,,,,,,,,,,,,phase,,,true,,,,,measured,Winterfell transparent STARK pilot; matched vector only,os_cache_primer,false,true,ok,"{""native_work_units"":256.0}",,,,,,
5d66c1df-de37-4075-b113-3df282e74ca8,2026-08-09T03:32:17.714229+00:00,C7-TRANSPARENT-STARK,winterfell-stark-pilot-v1,controlled_kernel,winterfell-0.13.1-f128,045609f7c669d9c8addd833c007ceab666099814,294bad57ed211ce5f668890c93845dca664b6897d4ff1a7011a5c837b0436472,1279141511105370523,0,14,default,{},256,256,2,16,witness,0.532691,,,,,,,,,,,,,phase,,,true,,,,,measured,Winterfell transparent STARK pilot; matched vector only,os_cache_primer,false,true,ok,"{""trace_rows"":256.0,""transition_constraints"":2.0}",,,,,,
5d66c1df-de37-4075-b113-3df282e74ca8,2026-08-09T03:32:17.714250+00:00,C7-TRANSPARENT-STARK,winterfell-stark-pilot-v1,controlled_kernel,winterfell-0.13.1-f128,045609f7c669d9c8addd833c007ceab666099814,294bad57ed211ce5f668890c93845dca664b6897d4ff1a7011a5c837b0436472,1279141511105370523,0,14,default,{},256,256,2,16,setup_or_preprocess,,,,,,,,,,,,,,phase,,,true,,,Winterfell exposes transparent trace/AIR proofing; no trusted setup or KZG commitment phase,,measured,Winterfell transparent STARK pilot; matched vector only,os_cache_primer,false,false,unsupported,{},,,,,,
5d66c1df-de37-4075-b113-3df282e74ca8,2026-08-09T03:32:17.714265+00:00,C7-TRANSPARENT-STARK,winterfell-stark-pilot-v1,controlled_kernel,winterfell-0.13.1-f128,045609f7c669d9c8addd833c007ceab666099814,294bad57ed211ce5f668890c93845dca664b6897d4ff1a7011a5c837b0436472,1279141511105370523,0,14,default,{},256,256,2,16,key_load,,,,,,,,,,,,,,phase,,,true,,,Winterfell exposes transparent trace/AIR proofing; no trusted setup or KZG commitment phase,,measured,Winterfell transparent STARK pilot; matched vector only,os_cache_primer,false,false,unsupported,{},,,,,,
5d66c1df-de37-4075-b113-3df282e74ca8,2026-08-09T03:32:17.714278+00:00,C7-TRANSPARENT-STARK,winterfell-stark-pilot-v1,controlled_kernel,winterfell-0.13.1-f128,045609f7c669d9c8addd833c007ceab666099814,294bad57ed211ce5f668890c93845dca664b6897d4ff1a7011a5c837b0436472,1279141511105370523,0,14,default,{},256,256,2,16,msm,,,,,,,,,,,,,,phase,,,true,,,Winterfell exposes transparent trace/AIR proofing; no trusted setup or KZG commitment phase,,measured,Winterfell transparent STARK pilot; matched vector only,os_cache_primer,false,false,unsupported,{},,,,,,
5d66c1df-de37-4075-b113-3df282e74ca8,2026-08-09T03:32:17.714290+00:00,C7-TRANSPARENT-STARK,winterfell-stark-pilot-v1,controlled_kernel,winterfell-0.13.1-f128,045609f7c669d9c8addd833c007ceab666099814,294bad57ed211ce5f668890c93845dca664b6897d4ff1a7011a5c837b0436472,1279141511105370523,0,14,default,{},256,256,2,16,fft_ntt,,,,,,,,,,,,,,phase,,,true,,,Winterfell exposes transparent trace/AIR proofing; no trusted setup or KZG commitment phase,,measured,Winterfell transparent STARK pilot; matched vector only,os_cache_primer,false,false,unsupported,{},,,,,,
5d66c1df-de37-4075-b113-3df282e74ca8,2026-08-09T03:32:17.714303+00:00,C7-TRANSPARENT-STARK,winterfell-stark-pilot-v1,controlled_kernel,winterfell-0.13.1-f128,045609f7c669d9c8addd833c007ceab666099814,294bad57ed211ce5f668890c93845dca664b6897d4ff1a7011a5c837b0436472,1279141511105370523,0,14,default,{},256,256,2,16,prove_total,10.814556,,,,,,,,,,,,,phase,,,true,,,,,measured,Winterfell transparent STARK pilot; matched vector only,os_cache_primer,false,true,ok,"{""trace_rows"":256.0}",,,,,,
5d66c1df-de37-4075-b113-3df282e74ca8,2026-08-09T03:32:17.714316+00:00,C7-TRANSPARENT-STARK,winterfell-stark-pilot-v1,controlled_kernel,winterfell-0.13.1-f128,045609f7c669d9c8addd833c007ceab666099814,294bad57ed211ce5f668890c93845dca664b6897d4ff1a7011a5c837b0436472,1279141511105370523,0,14,default,{},256,256,2,16,serialize,0.009167,,,,,,,,,,,,,phase,,,true,,,,,measured,Winterfell transparent STARK pilot; matched vector only,os_cache_primer,false,true,ok,"{""proof_bytes"":19112.0}",,,,,,
5d66c1df-de37-4075-b113-3df282e74ca8,2026-08-09T03:32:17.714329+00:00,C7-TRANSPARENT-STARK,winterfell-stark-pilot-v1,controlled_kernel,winterfell-0.13.1-f128,045609f7c669d9c8addd833c007ceab666099814,294bad57ed211ce5f668890c93845dca664b6897d4ff1a7011a5c837b0436472,1279141511105370523,0,14,default,{},256,256,2,16,deserialize,0.013846,,,,,,,,,,,,,phase,,,true,,,,,measured,Winterfell transparent STARK pilot; matched vector only,os_cache_primer,false,true,ok,"{""proof_bytes"":19112.0}",,,,,,
5d66c1df-de37-4075-b113-3df282e74ca8,2026-08-09T03:32:17.714342+00:00,C7-TRANSPARENT-STARK,winterfell-stark-pilot-v1,controlled_kernel,winterfell-0.13.1-f128,045609f7c669d9c8addd833c007ceab666099814,294bad57ed211ce5f668890c93845dca664b6897d4ff1a7011a5c837b0436472,1279141511105370523,0,14,default,{},256,256,2,16,verify_total,0.720335,,,,,,,,,,,,,phase,,,true,,,,,measured,Winterfell transparent STARK pilot; matched vector only,os_cache_primer,false,true,ok,"{""trace_rows"":256.0}",,,,,,
5d66c1df-de37-4075-b113-3df282e74ca8,2026-08-09T03:32:17.714355+00:00,C7-TRANSPARENT-STARK,winterfell-stark-pilot-v1,controlled_kernel,winterfell-0.13.1-f128,045609f7c669d9c8addd833c007ceab666099814,294bad57ed211ce5f668890c93845dca664b6897d4ff1a7011a5c837b0436472,1279141511105370523,0,14,default,{},256,256,2,16,adapter_process_wall,73.865263,10.000000,4.281250,19112,true,0,,251,956,,,,linux-procfs,process,,,true,,,"Linux procfs read failed: [Errno 13] Permission denied: '/proc/497/io'; private commit and per-process swap I/O are unavailable; VmSwap reports allocation, not swap traffic; No documented hardware or OS energy counter is configured in WSL2",,measured,Winterfell transparent STARK pilot; matched vector only,os_cache_primer,false,true,ok,{},2,3,2,transition_constraints,5.0,13
0caa3ac7-e000-4bb2-a1e8-ac586c806032,2026-08-09T03:32:17.786890+00:00,C7-TRANSPARENT-STARK,winterfell-stark-pilot-v1,controlled_kernel,winterfell-0.13.1-f128,045609f7c669d9c8addd833c007ceab666099814,294bad57ed211ce5f668890c93845dca664b6897d4ff1a7011a5c837b0436472,711704219960756649,1,15,default,{},256,256,2,16,native_execution,0.215343,,,,,,,,,,,,,phase,,,true,,,,,measured,Winterfell transparent STARK pilot; matched vector only,os_cache_primer,false,true,ok,"{""native_work_units"":256.0}",,,,,,
0caa3ac7-e000-4bb2-a1e8-ac586c806032,2026-08-09T03:32:17.787012+00:00,C7-TRANSPARENT-STARK,winterfell-stark-pilot-v1,controlled_kernel,winterfell-0.13.1-f128,045609f7c669d9c8addd833c007ceab666099814,294bad57ed211ce5f668890c93845dca664b6897d4ff1a7011a5c837b0436472,711704219960756649,1,15,default,{},256,256,2,16,witness,0.686237,,,,,,,,,,,,,phase,,,true,,,,,measured,Winterfell transparent STARK pilot; matched vector only,os_cache_primer,false,true,ok,"{""trace_rows"":256.0,""transition_constraints"":2.0}",,,,,,
0caa3ac7-e000-4bb2-a1e8-ac586c806032,2026-08-09T03:32:17.787035+00:00,C7-TRANSPARENT-STARK,winterfell-stark-pilot-v1,controlled_kernel,winterfell-0.13.1-f128,045609f7c669d9c8addd833c007ceab666099814,294bad57ed211ce5f668890c93845dca664b6897d4ff1a7011a5c837b0436472,711704219960756649,1,15,default,{},256,256,2,16,setup_or_preprocess,,,,,,,,,,,,,,phase,,,true,,,Winterfell exposes transparent trace/AIR proofing; no trusted setup or KZG commitment phase,,measured,Winterfell transparent STARK pilot; matched vector only,os_cache_primer,false,false,unsupported,{},,,,,,
0caa3ac7-e000-4bb2-a1e8-ac586c806032,2026-08-09T03:32:17.787049+00:00,C7-TRANSPARENT-STARK,winterfell-stark-pilot-v1,controlled_kernel,winterfell-0.13.1-f128,045609f7c669d9c8addd833c007ceab666099814,294bad57ed211ce5f668890c93845dca664b6897d4ff1a7011a5c837b0436472,711704219960756649,1,15,default,{},256,256,2,16,key_load,,,,,,,,,,,,,,phase,,,true,,,Winterfell exposes transparent trace/AIR proofing; no trusted setup or KZG commitment phase,,measured,Winterfell transparent STARK pilot; matched vector only,os_cache_primer,false,false,unsupported,{},,,,,,
0caa3ac7-e000-4bb2-a1e8-ac586c806032,2026-08-09T03:32:17.787063+00:00,C7-TRANSPARENT-STARK,winterfell-stark-pilot-v1,controlled_kernel,winterfell-0.13.1-f128,045609f7c669d9c8addd833c007ceab666099814,294bad57ed211ce5f668890c93845dca664b6897d4ff1a7011a5c837b0436472,711704219960756649,1,15,default,{},256,256,2,16,msm,,,,,,,,,,,,,,phase,,,true,,,Winterfell exposes transparent trace/AIR proofing; no trusted setup or KZG commitment phase,,measured,Winterfell transparent STARK pilot; matched vector only,os_cache_primer,false,false,unsupported,{},,,,,,
0caa3ac7-e000-4bb2-a1e8-ac586c806032,2026-08-09T03:32:17.787076+00:00,C7-TRANSPARENT-STARK,winterfell-stark-pilot-v1,controlled_kernel,winterfell-0.13.1-f128,045609f7c669d9c8addd833c007ceab666099814,294bad57ed211ce5f668890c93845dca664b6897d4ff1a7011a5c837b0436472,711704219960756649,1,15,default,{},256,256,2,16,fft_ntt,,,,,,,,,,,,,,phase,,,true,,,Winterfell exposes transparent trace/AIR proofing; no trusted setup or KZG commitment phase,,measured,Winterfell transparent STARK pilot; matched vector only,os_cache_primer,false,false,unsupported,{},,,,,,
0caa3ac7-e000-4bb2-a1e8-ac586c806032,2026-08-09T03:32:17.787088+00:00,C7-TRANSPARENT-STARK,winterfell-stark-pilot-v1,controlled_kernel,winterfell-0.13.1-f128,045609f7c669d9c8addd833c007ceab666099814,294bad57ed211ce5f668890c93845dca664b6897d4ff1a7011a5c837b0436472,711704219960756649,1,15,default,{},256,256,2,16,prove_total,10.122558,,,,,,,,,,,,,phase,,,true,,,,,measured,Winterfell transparent STARK pilot; matched vector only,os_cache_primer,false,true,ok,"{""trace_rows"":256.0}",,,,,,
0caa3ac7-e000-4bb2-a1e8-ac586c806032,2026-08-09T03:32:17.787102+00:00,C7-TRANSPARENT-STARK,winterfell-stark-pilot-v1,controlled_kernel,winterfell-0.13.1-f128,045609f7c669d9c8addd833c007ceab666099814,294bad57ed211ce5f668890c93845dca664b6897d4ff1a7011a5c837b0436472,711704219960756649,1,15,default,{},256,256,2,16,serialize,0.009328,,,,,,,,,,,,,phase,,,true,,,,,measured,Winterfell transparent STARK pilot; matched vector only,os_cache_primer,false,true,ok,"{""proof_bytes"":19221.0}",,,,,,
0caa3ac7-e000-4bb2-a1e8-ac586c806032,2026-08-09T03:32:17.787116+00:00,C7-TRANSPARENT-STARK,winterfell-stark-pilot-v1,controlled_kernel,winterfell-0.13.1-f128,045609f7c669d9c8addd833c007ceab666099814,294bad57ed211ce5f668890c93845dca664b6897d4ff1a7011a5c837b0436472,711704219960756649,1,15,default,{},256,256,2,16,deserialize,0.013475,,,,,,,,,,,,,phase,,,true,,,,,measured,Winterfell transparent STARK pilot; matched vector only,os_cache_primer,false,true,ok,"{""proof_bytes"":19221.0}",,,,,,
0caa3ac7-e000-4bb2-a1e8-ac586c806032,2026-08-09T03:32:17.787130+00:00,C7-TRANSPARENT-STARK,winterfell-stark-pilot-v1,controlled_kernel,winterfell-0.13.1-f128,045609f7c669d9c8addd833c007ceab666099814,294bad57ed211ce5f668890c93845dca664b6897d4ff1a7011a5c837b0436472,711704219960756649,1,15,default,{},256,256,2,16,verify_total,0.904583,,,,,,,,,,,,,phase,,,true,,,,,measured,Winterfell transparent STARK pilot; matched vector only,os_cache_primer,false,true,ok,"{""trace_rows"":256.0}",,,,,,
0caa3ac7-e000-4bb2-a1e8-ac586c806032,2026-08-09T03:32:17.787144+00:00,C7-TRANSPARENT-STARK,winterfell-stark-pilot-v1,controlled_kernel,winterfell-0.13.1-f128,045609f7c669d9c8addd833c007ceab666099814,294bad57ed211ce5f668890c93845dca664b6897d4ff1a7011a5c837b0436472,711704219960756649,1,15,default,{},256,256,2,16,adapter_process_wall,71.580482,10.000000,4.804688,19221,true,0,,380,956,,,,linux-procfs,process,,,true,,,"private commit and per-process swap I/O are unavailable; VmSwap reports allocation, not swap traffic; No documented hardware or OS energy counter is configured in WSL2",,measured,Winterfell transparent STARK pilot; matched vector only,os_cache_primer,false,true,ok,{},2,3,2,transition_constraints,5.0,13
556febe5-232d-4c99-8d76-62adf2785a86,2026-08-09T03:32:17.866616+00:00,C7-TRANSPARENT-STARK,winterfell-stark-pilot-v1,controlled_kernel,winterfell-0.13.1-f128,045609f7c669d9c8addd833c007ceab666099814,294bad57ed211ce5f668890c93845dca664b6897d4ff1a7011a5c837b0436472,299263543106873331,0,16,default,{},256,256,4,16,native_execution,0.212530,,,,,,,,,,,,,phase,,,true,,,,,measured,Winterfell transparent STARK pilot; matched vector only,os_cache_primer,false,true,ok,"{""native_work_units"":256.0}",,,,,,
556febe5-232d-4c99-8d76-62adf2785a86,2026-08-09T03:32:17.866697+00:00,C7-TRANSPARENT-STARK,winterfell-stark-pilot-v1,controlled_kernel,winterfell-0.13.1-f128,045609f7c669d9c8addd833c007ceab666099814,294bad57ed211ce5f668890c93845dca664b6897d4ff1a7011a5c837b0436472,299263543106873331,0,16,default,{},256,256,4,16,witness,0.568300,,,,,,,,,,,,,phase,,,true,,,,,measured,Winterfell transparent STARK pilot; matched vector only,os_cache_primer,false,true,ok,"{""trace_rows"":256.0,""transition_constraints"":2.0}",,,,,,
556febe5-232d-4c99-8d76-62adf2785a86,2026-08-09T03:32:17.866723+00:00,C7-TRANSPARENT-STARK,winterfell-stark-pilot-v1,controlled_kernel,winterfell-0.13.1-f128,045609f7c669d9c8addd833c007ceab666099814,294bad57ed211ce5f668890c93845dca664b6897d4ff1a7011a5c837b0436472,299263543106873331,0,16,default,{},256,256,4,16,setup_or_preprocess,,,,,,,,,,,,,,phase,,,true,,,Winterfell exposes transparent trace/AIR proofing; no trusted setup or KZG commitment phase,,measured,Winterfell transparent STARK pilot; matched vector only,os_cache_primer,false,false,unsupported,{},,,,,,
556febe5-232d-4c99-8d76-62adf2785a86,2026-08-09T03:32:17.866741+00:00,C7-TRANSPARENT-STARK,winterfell-stark-pilot-v1,controlled_kernel,winterfell-0.13.1-f128,045609f7c669d9c8addd833c007ceab666099814,294bad57ed211ce5f668890c93845dca664b6897d4ff1a7011a5c837b0436472,299263543106873331,0,16,default,{},256,256,4,16,key_load,,,,,,,,,,,,,,phase,,,true,,,Winterfell exposes transparent trace/AIR proofing; no trusted setup or KZG commitment phase,,measured,Winterfell transparent STARK pilot; matched vector only,os_cache_primer,false,false,unsupported,{},,,,,,
556febe5-232d-4c99-8d76-62adf2785a86,2026-08-09T03:32:17.866757+00:00,C7-TRANSPARENT-STARK,winterfell-stark-pilot-v1,controlled_kernel,winterfell-0.13.1-f128,045609f7c669d9c8addd833c007ceab666099814,294bad57ed211ce5f668890c93845dca664b6897d4ff1a7011a5c837b0436472,299263543106873331,0,16,default,{},256,256,4,16,msm,,,,,,,,,,,,,,phase,,,true,,,Winterfell exposes transparent trace/AIR proofing; no trusted setup or KZG commitment phase,,measured,Winterfell transparent STARK pilot; matched vector only,os_cache_primer,false,false,unsupported,{},,,,,,
556febe5-232d-4c99-8d76-62adf2785a86,2026-08-09T03:32:17.866773+00:00,C7-TRANSPARENT-STARK,winterfell-stark-pilot-v1,controlled_kernel,winterfell-0.13.1-f128,045609f7c669d9c8addd833c007ceab666099814,294bad57ed211ce5f668890c93845dca664b6897d4ff1a7011a5c837b0436472,299263543106873331,0,16,default,{},256,256,4,16,fft_ntt,,,,,,,,,,,,,,phase,,,true,,,Winterfell exposes transparent trace/AIR proofing; no trusted setup or KZG commitment phase,,measured,Winterfell transparent STARK pilot; matched vector only,os_cache_primer,false,false,unsupported,{},,,,,,
556febe5-232d-4c99-8d76-62adf2785a86,2026-08-09T03:32:17.866788+00:00,C7-TRANSPARENT-STARK,winterfell-stark-pilot-v1,controlled_kernel,winterfell-0.13.1-f128,045609f7c669d9c8addd833c007ceab666099814,294bad57ed211ce5f668890c93845dca664b6897d4ff1a7011a5c837b0436472,299263543106873331,0,16,default,{},256,256,4,16,prove_total,13.022064,,,,,,,,,,,,,phase,,,true,,,,,measured,Winterfell transparent STARK pilot; matched vector only,os_cache_primer,false,true,ok,"{""trace_rows"":256.0}",,,,,,
556febe5-232d-4c99-8d76-62adf2785a86,2026-08-09T03:32:17.866805+00:00,C7-TRANSPARENT-STARK,winterfell-stark-pilot-v1,controlled_kernel,winterfell-0.13.1-f128,045609f7c669d9c8addd833c007ceab666099814,294bad57ed211ce5f668890c93845dca664b6897d4ff1a7011a5c837b0436472,299263543106873331,0,16,default,{},256,256,4,16,serialize,0.009117,,,,,,,,,,,,,phase,,,true,,,,,measured,Winterfell transparent STARK pilot; matched vector only,os_cache_primer,false,true,ok,"{""proof_bytes"":19403.0}",,,,,,
556febe5-232d-4c99-8d76-62adf2785a86,2026-08-09T03:32:17.866822+00:00,C7-TRANSPARENT-STARK,winterfell-stark-pilot-v1,controlled_kernel,winterfell-0.13.1-f128,045609f7c669d9c8addd833c007ceab666099814,294bad57ed211ce5f668890c93845dca664b6897d4ff1a7011a5c837b0436472,299263543106873331,0,16,default,{},256,256,4,16,deserialize,0.013625,,,,,,,,,,,,,phase,,,true,,,,,measured,Winterfell transparent STARK pilot; matched vector only,os_cache_primer,false,true,ok,"{""proof_bytes"":19403.0}",,,,,,
556febe5-232d-4c99-8d76-62adf2785a86,2026-08-09T03:32:17.866838+00:00,C7-TRANSPARENT-STARK,winterfell-stark-pilot-v1,controlled_kernel,winterfell-0.13.1-f128,045609f7c669d9c8addd833c007ceab666099814,294bad57ed211ce5f668890c93845dca664b6897d4ff1a7011a5c837b0436472,299263543106873331,0,16,default,{},256,256,4,16,verify_total,0.889565,,,,,,,,,,,,,phase,,,true,,,,,measured,Winterfell transparent STARK pilot; matched vector only,os_cache_primer,false,true,ok,"{""trace_rows"":256.0}",,,,,,
556febe5-232d-4c99-8d76-62adf2785a86,2026-08-09T03:32:17.866855+00:00,C7-TRANSPARENT-STARK,winterfell-stark-pilot-v1,controlled_kernel,winterfell-0.13.1-f128,045609f7c669d9c8addd833c007ceab666099814,294bad57ed211ce5f668890c93845dca664b6897d4ff1a7011a5c837b0436472,299263543106873331,0,16,default,{},256,256,4,16,adapter_process_wall,78.379575,10.000000,4.921875,19403,true,0,,418,956,,,,linux-procfs,process,,,true,,,"private commit and per-process swap I/O are unavailable; VmSwap reports allocation, not swap traffic; No documented hardware or OS energy counter is configured in WSL2",,measured,Winterfell transparent STARK pilot; matched vector only,os_cache_primer,false,true,ok,{},2,3,2,transition_constraints,5.0,14
c0e7534e-9466-49e6-87c8-60e74d5fe06f,2026-08-09T03:32:17.943777+00:00,C7-TRANSPARENT-STARK,winterfell-stark-pilot-v1,controlled_kernel,winterfell-0.13.1-f128,045609f7c669d9c8addd833c007ceab666099814,294bad57ed211ce5f668890c93845dca664b6897d4ff1a7011a5c837b0436472,6166398298352676263,1,17,default,{},256,256,4,16,native_execution,0.184804,,,,,,,,,,,,,phase,,,true,,,,,measured,Winterfell transparent STARK pilot; matched vector only,os_cache_primer,false,true,ok,"{""native_work_units"":256.0}",,,,,,
c0e7534e-9466-49e6-87c8-60e74d5fe06f,2026-08-09T03:32:17.943891+00:00,C7-TRANSPARENT-STARK,winterfell-stark-pilot-v1,controlled_kernel,winterfell-0.13.1-f128,045609f7c669d9c8addd833c007ceab666099814,294bad57ed211ce5f668890c93845dca664b6897d4ff1a7011a5c837b0436472,6166398298352676263,1,17,default,{},256,256,4,16,witness,0.593254,,,,,,,,,,,,,phase,,,true,,,,,measured,Winterfell transparent STARK pilot; matched vector only,os_cache_primer,false,true,ok,"{""trace_rows"":256.0,""transition_constraints"":2.0}",,,,,,
c0e7534e-9466-49e6-87c8-60e74d5fe06f,2026-08-09T03:32:17.943913+00:00,C7-TRANSPARENT-STARK,winterfell-stark-pilot-v1,controlled_kernel,winterfell-0.13.1-f128,045609f7c669d9c8addd833c007ceab666099814,294bad57ed211ce5f668890c93845dca664b6897d4ff1a7011a5c837b0436472,6166398298352676263,1,17,default,{},256,256,4,16,setup_or_preprocess,,,,,,,,,,,,,,phase,,,true,,,Winterfell exposes transparent trace/AIR proofing; no trusted setup or KZG commitment phase,,measured,Winterfell transparent STARK pilot; matched vector only,os_cache_primer,false,false,unsupported,{},,,,,,
c0e7534e-9466-49e6-87c8-60e74d5fe06f,2026-08-09T03:32:17.943928+00:00,C7-TRANSPARENT-STARK,winterfell-stark-pilot-v1,controlled_kernel,winterfell-0.13.1-f128,045609f7c669d9c8addd833c007ceab666099814,294bad57ed211ce5f668890c93845dca664b6897d4ff1a7011a5c837b0436472,6166398298352676263,1,17,default,{},256,256,4,16,key_load,,,,,,,,,,,,,,phase,,,true,,,Winterfell exposes transparent trace/AIR proofing; no trusted setup or KZG commitment phase,,measured,Winterfell transparent STARK pilot; matched vector only,os_cache_primer,false,false,unsupported,{},,,,,,
c0e7534e-9466-49e6-87c8-60e74d5fe06f,2026-08-09T03:32:17.943941+00:00,C7-TRANSPARENT-STARK,winterfell-stark-pilot-v1,controlled_kernel,winterfell-0.13.1-f128,045609f7c669d9c8addd833c007ceab666099814,294bad57ed211ce5f668890c93845dca664b6897d4ff1a7011a5c837b0436472,6166398298352676263,1,17,default,{},256,256,4,16,msm,,,,,,,,,,,,,,phase,,,true,,,Winterfell exposes transparent trace/AIR proofing; no trusted setup or KZG commitment phase,,measured,Winterfell transparent STARK pilot; matched vector only,os_cache_primer,false,false,unsupported,{},,,,,,
c0e7534e-9466-49e6-87c8-60e74d5fe06f,2026-08-09T03:32:17.943953+00:00,C7-TRANSPARENT-STARK,winterfell-stark-pilot-v1,controlled_kernel,winterfell-0.13.1-f128,045609f7c669d9c8addd833c007ceab666099814,294bad57ed211ce5f668890c93845dca664b6897d4ff1a7011a5c837b0436472,6166398298352676263,1,17,default,{},256,256,4,16,fft_ntt,,,,,,,,,,,,,,phase,,,true,,,Winterfell exposes transparent trace/AIR proofing; no trusted setup or KZG commitment phase,,measured,Winterfell transparent STARK pilot; matched vector only,os_cache_primer,false,false,unsupported,{},,,,,,
c0e7534e-9466-49e6-87c8-60e74d5fe06f,2026-08-09T03:32:17.943965+00:00,C7-TRANSPARENT-STARK,winterfell-stark-pilot-v1,controlled_kernel,winterfell-0.13.1-f128,045609f7c669d9c8addd833c007ceab666099814,294bad57ed211ce5f668890c93845dca664b6897d4ff1a7011a5c837b0436472,6166398298352676263,1,17,default,{},256,256,4,16,prove_total,12.555607,,,,,,,,,,,,,phase,,,true,,,,,measured,Winterfell transparent STARK pilot; matched vector only,os_cache_primer,false,true,ok,"{""trace_rows"":256.0}",,,,,,
c0e7534e-9466-49e6-87c8-60e74d5fe06f,2026-08-09T03:32:17.943979+00:00,C7-TRANSPARENT-STARK,winterfell-stark-pilot-v1,controlled_kernel,winterfell-0.13.1-f128,045609f7c669d9c8addd833c007ceab666099814,294bad57ed211ce5f668890c93845dca664b6897d4ff1a7011a5c837b0436472,6166398298352676263,1,17,default,{},256,256,4,16,serialize,0.009588,,,,,,,,,,,,,phase,,,true,,,,,measured,Winterfell transparent STARK pilot; matched vector only,os_cache_primer,false,true,ok,"{""proof_bytes"":19192.0}",,,,,,
c0e7534e-9466-49e6-87c8-60e74d5fe06f,2026-08-09T03:32:17.943993+00:00,C7-TRANSPARENT-STARK,winterfell-stark-pilot-v1,controlled_kernel,winterfell-0.13.1-f128,045609f7c669d9c8addd833c007ceab666099814,294bad57ed211ce5f668890c93845dca664b6897d4ff1a7011a5c837b0436472,6166398298352676263,1,17,default,{},256,256,4,16,deserialize,0.014928,,,,,,,,,,,,,phase,,,true,,,,,measured,Winterfell transparent STARK pilot; matched vector only,os_cache_primer,false,true,ok,"{""proof_bytes"":19192.0}",,,,,,
c0e7534e-9466-49e6-87c8-60e74d5fe06f,2026-08-09T03:32:17.944007+00:00,C7-TRANSPARENT-STARK,winterfell-stark-pilot-v1,controlled_kernel,winterfell-0.13.1-f128,045609f7c669d9c8addd833c007ceab666099814,294bad57ed211ce5f668890c93845dca664b6897d4ff1a7011a5c837b0436472,6166398298352676263,1,17,default,{},256,256,4,16,verify_total,0.979372,,,,,,,,,,,,,phase,,,true,,,,,measured,Winterfell transparent STARK pilot; matched vector only,os_cache_primer,false,true,ok,"{""trace_rows"":256.0}",,,,,,
c0e7534e-9466-49e6-87c8-60e74d5fe06f,2026-08-09T03:32:17.944054+00:00,C7-TRANSPARENT-STARK,winterfell-stark-pilot-v1,controlled_kernel,winterfell-0.13.1-f128,045609f7c669d9c8addd833c007ceab666099814,294bad57ed211ce5f668890c93845dca664b6897d4ff1a7011a5c837b0436472,6166398298352676263,1,17,default,{},256,256,4,16,adapter_process_wall,75.957723,10.000000,4.480469,19192,true,0,,437,956,,,,linux-procfs,process,,,true,,,"private commit and per-process swap I/O are unavailable; VmSwap reports allocation, not swap traffic; No documented hardware or OS energy counter is configured in WSL2",,measured,Winterfell transparent STARK pilot; matched vector only,os_cache_primer,false,true,ok,{},2,3,2,transition_constraints,5.0,14
de5211e4-fbfc-4338-b211-44c83312fb52,2026-08-09T03:32:18.026920+00:00,C7-TRANSPARENT-STARK,winterfell-stark-pilot-v1,controlled_kernel,winterfell-0.13.1-f128,045609f7c669d9c8addd833c007ceab666099814,294bad57ed211ce5f668890c93845dca664b6897d4ff1a7011a5c837b0436472,3251151853647299055,0,18,default,{},1024,1024,1,16,native_execution,0.248904,,,,,,,,,,,,,phase,,,true,,,,,measured,Winterfell transparent STARK pilot; matched vector only,os_cache_primer,false,true,ok,"{""native_work_units"":1024.0}",,,,,,
de5211e4-fbfc-4338-b211-44c83312fb52,2026-08-09T03:32:18.027034+00:00,C7-TRANSPARENT-STARK,winterfell-stark-pilot-v1,controlled_kernel,winterfell-0.13.1-f128,045609f7c669d9c8addd833c007ceab666099814,294bad57ed211ce5f668890c93845dca664b6897d4ff1a7011a5c837b0436472,3251151853647299055,0,18,default,{},1024,1024,1,16,witness,0.592851,,,,,,,,,,,,,phase,,,true,,,,,measured,Winterfell transparent STARK pilot; matched vector only,os_cache_primer,false,true,ok,"{""trace_rows"":1024.0,""transition_constraints"":2.0}",,,,,,
de5211e4-fbfc-4338-b211-44c83312fb52,2026-08-09T03:32:18.027059+00:00,C7-TRANSPARENT-STARK,winterfell-stark-pilot-v1,controlled_kernel,winterfell-0.13.1-f128,045609f7c669d9c8addd833c007ceab666099814,294bad57ed211ce5f668890c93845dca664b6897d4ff1a7011a5c837b0436472,3251151853647299055,0,18,default,{},1024,1024,1,16,setup_or_preprocess,,,,,,,,,,,,,,phase,,,true,,,Winterfell exposes transparent trace/AIR proofing; no trusted setup or KZG commitment phase,,measured,Winterfell transparent STARK pilot; matched vector only,os_cache_primer,false,false,unsupported,{},,,,,,
de5211e4-fbfc-4338-b211-44c83312fb52,2026-08-09T03:32:18.027078+00:00,C7-TRANSPARENT-STARK,winterfell-stark-pilot-v1,controlled_kernel,winterfell-0.13.1-f128,045609f7c669d9c8addd833c007ceab666099814,294bad57ed211ce5f668890c93845dca664b6897d4ff1a7011a5c837b0436472,3251151853647299055,0,18,default,{},1024,1024,1,16,key_load,,,,,,,,,,,,,,phase,,,true,,,Winterfell exposes transparent trace/AIR proofing; no trusted setup or KZG commitment phase,,measured,Winterfell transparent STARK pilot; matched vector only,os_cache_primer,false,false,unsupported,{},,,,,,
de5211e4-fbfc-4338-b211-44c83312fb52,2026-08-09T03:32:18.027094+00:00,C7-TRANSPARENT-STARK,winterfell-stark-pilot-v1,controlled_kernel,winterfell-0.13.1-f128,045609f7c669d9c8addd833c007ceab666099814,294bad57ed211ce5f668890c93845dca664b6897d4ff1a7011a5c837b0436472,3251151853647299055,0,18,default,{},1024,1024,1,16,msm,,,,,,,,,,,,,,phase,,,true,,,Winterfell exposes transparent trace/AIR proofing; no trusted setup or KZG commitment phase,,measured,Winterfell transparent STARK pilot; matched vector only,os_cache_primer,false,false,unsupported,{},,,,,,
de5211e4-fbfc-4338-b211-44c83312fb52,2026-08-09T03:32:18.027110+00:00,C7-TRANSPARENT-STARK,winterfell-stark-pilot-v1,controlled_kernel,winterfell-0.13.1-f128,045609f7c669d9c8addd833c007ceab666099814,294bad57ed211ce5f668890c93845dca664b6897d4ff1a7011a5c837b0436472,3251151853647299055,0,18,default,{},1024,1024,1,16,fft_ntt,,,,,,,,,,,,,,phase,,,true,,,Winterfell exposes transparent trace/AIR proofing; no trusted setup or KZG commitment phase,,measured,Winterfell transparent STARK pilot; matched vector only,os_cache_primer,false,false,unsupported,{},,,,,,
de5211e4-fbfc-4338-b211-44c83312fb52,2026-08-09T03:32:18.027125+00:00,C7-TRANSPARENT-STARK,winterfell-stark-pilot-v1,controlled_kernel,winterfell-0.13.1-f128,045609f7c669d9c8addd833c007ceab666099814,294bad57ed211ce5f668890c93845dca664b6897d4ff1a7011a5c837b0436472,3251151853647299055,0,18,default,{},1024,1024,1,16,prove_total,19.916383,,,,,,,,,,,,,phase,,,true,,,,,measured,Winterfell transparent STARK pilot; matched vector only,os_cache_primer,false,true,ok,"{""trace_rows"":1024.0}",,,,,,
de5211e4-fbfc-4338-b211-44c83312fb52,2026-08-09T03:32:18.027143+00:00,C7-TRANSPARENT-STARK,winterfell-stark-pilot-v1,controlled_kernel,winterfell-0.13.1-f128,045609f7c669d9c8addd833c007ceab666099814,294bad57ed211ce5f668890c93845dca664b6897d4ff1a7011a5c837b0436472,3251151853647299055,0,18,default,{},1024,1024,1,16,serialize,0.016331,,,,,,,,,,,,,phase,,,true,,,,,measured,Winterfell transparent STARK pilot; matched vector only,os_cache_primer,false,true,ok,"{""proof_bytes"":28827.0}",,,,,,
de5211e4-fbfc-4338-b211-44c83312fb52,2026-08-09T03:32:18.027160+00:00,C7-TRANSPARENT-STARK,winterfell-stark-pilot-v1,controlled_kernel,winterfell-0.13.1-f128,045609f7c669d9c8addd833c007ceab666099814,294bad57ed211ce5f668890c93845dca664b6897d4ff1a7011a5c837b0436472,3251151853647299055,0,18,default,{},1024,1024,1,16,deserialize,0.020989,,,,,,,,,,,,,phase,,,true,,,,,measured,Winterfell transparent STARK pilot; matched vector only,os_cache_primer,false,true,ok,"{""proof_bytes"":28827.0}",,,,,,
de5211e4-fbfc-4338-b211-44c83312fb52,2026-08-09T03:32:18.027177+00:00,C7-TRANSPARENT-STARK,winterfell-stark-pilot-v1,controlled_kernel,winterfell-0.13.1-f128,045609f7c669d9c8addd833c007ceab666099814,294bad57ed211ce5f668890c93845dca664b6897d4ff1a7011a5c837b0436472,3251151853647299055,0,18,default,{},1024,1024,1,16,verify_total,1.034841,,,,,,,,,,,,,phase,,,true,,,,,measured,Winterfell transparent STARK pilot; matched vector only,os_cache_primer,false,true,ok,"{""trace_rows"":1024.0}",,,,,,
de5211e4-fbfc-4338-b211-44c83312fb52,2026-08-09T03:32:18.027193+00:00,C7-TRANSPARENT-STARK,winterfell-stark-pilot-v1,controlled_kernel,winterfell-0.13.1-f128,045609f7c669d9c8addd833c007ceab666099814,294bad57ed211ce5f668890c93845dca664b6897d4ff1a7011a5c837b0436472,3251151853647299055,0,18,default,{},1024,1024,1,16,adapter_process_wall,81.640764,20.000000,7.187500,28827,true,0,,1083,956,,,,linux-procfs,process,,,true,,,"private commit and per-process swap I/O are unavailable; VmSwap reports allocation, not swap traffic; No documented hardware or OS energy counter is configured in WSL2",,measured,Winterfell transparent STARK pilot; matched vector only,os_cache_primer,false,true,ok,{},2,3,2,transition_constraints,5.0,15
e1a899a7-bad7-4c3c-aae2-f21a4908bc34,2026-08-09T03:32:18.116205+00:00,C7-TRANSPARENT-STARK,winterfell-stark-pilot-v1,controlled_kernel,winterfell-0.13.1-f128,045609f7c669d9c8addd833c007ceab666099814,294bad57ed211ce5f668890c93845dca664b6897d4ff1a7011a5c837b0436472,8971260524329520491,1,19,default,{},1024,1024,1,16,native_execution,0.223448,,,,,,,,,,,,,phase,,,true,,,,,measured,Winterfell transparent STARK pilot; matched vector only,os_cache_primer,false,true,ok,"{""native_work_units"":1024.0}",,,,,,
e1a899a7-bad7-4c3c-aae2-f21a4908bc34,2026-08-09T03:32:18.116268+00:00,C7-TRANSPARENT-STARK,winterfell-stark-pilot-v1,controlled_kernel,winterfell-0.13.1-f128,045609f7c669d9c8addd833c007ceab666099814,294bad57ed211ce5f668890c93845dca664b6897d4ff1a7011a5c837b0436472,8971260524329520491,1,19,default,{},1024,1024,1,16,witness,0.591721,,,,,,,,,,,,,phase,,,true,,,,,measured,Winterfell transparent STARK pilot; matched vector only,os_cache_primer,false,true,ok,"{""trace_rows"":1024.0,""transition_constraints"":2.0}",,,,,,
e1a899a7-bad7-4c3c-aae2-f21a4908bc34,2026-08-09T03:32:18.116288+00:00,C7-TRANSPARENT-STARK,winterfell-stark-pilot-v1,controlled_kernel,winterfell-0.13.1-f128,045609f7c669d9c8addd833c007ceab666099814,294bad57ed211ce5f668890c93845dca664b6897d4ff1a7011a5c837b0436472,8971260524329520491,1,19,default,{},1024,1024,1,16,setup_or_preprocess,,,,,,,,,,,,,,phase,,,true,,,Winterfell exposes transparent trace/AIR proofing; no trusted setup or KZG commitment phase,,measured,Winterfell transparent STARK pilot; matched vector only,os_cache_primer,false,false,unsupported,{},,,,,,
e1a899a7-bad7-4c3c-aae2-f21a4908bc34,2026-08-09T03:32:18.116303+00:00,C7-TRANSPARENT-STARK,winterfell-stark-pilot-v1,controlled_kernel,winterfell-0.13.1-f128,045609f7c669d9c8addd833c007ceab666099814,294bad57ed211ce5f668890c93845dca664b6897d4ff1a7011a5c837b0436472,8971260524329520491,1,19,default,{},1024,1024,1,16,key_load,,,,,,,,,,,,,,phase,,,true,,,Winterfell exposes transparent trace/AIR proofing; no trusted setup or KZG commitment phase,,measured,Winterfell transparent STARK pilot; matched vector only,os_cache_primer,false,false,unsupported,{},,,,,,
e1a899a7-bad7-4c3c-aae2-f21a4908bc34,2026-08-09T03:32:18.116316+00:00,C7-TRANSPARENT-STARK,winterfell-stark-pilot-v1,controlled_kernel,winterfell-0.13.1-f128,045609f7c669d9c8addd833c007ceab666099814,294bad57ed211ce5f668890c93845dca664b6897d4ff1a7011a5c837b0436472,8971260524329520491,1,19,default,{},1024,1024,1,16,msm,,,,,,,,,,,,,,phase,,,true,,,Winterfell exposes transparent trace/AIR proofing; no trusted setup or KZG commitment phase,,measured,Winterfell transparent STARK pilot; matched vector only,os_cache_primer,false,false,unsupported,{},,,,,,
e1a899a7-bad7-4c3c-aae2-f21a4908bc34,2026-08-09T03:32:18.116328+00:00,C7-TRANSPARENT-STARK,winterfell-stark-pilot-v1,controlled_kernel,winterfell-0.13.1-f128,045609f7c669d9c8addd833c007ceab666099814,294bad57ed211ce5f668890c93845dca664b6897d4ff1a7011a5c837b0436472,8971260524329520491,1,19,default,{},1024,1024,1,16,fft_ntt,,,,,,,,,,,,,,phase,,,true,,,Winterfell exposes transparent trace/AIR proofing; no trusted setup or KZG commitment phase,,measured,Winterfell transparent STARK pilot; matched vector only,os_cache_primer,false,false,unsupported,{},,,,,,
e1a899a7-bad7-4c3c-aae2-f21a4908bc34,2026-08-09T03:32:18.116339+00:00,C7-TRANSPARENT-STARK,winterfell-stark-pilot-v1,controlled_kernel,winterfell-0.13.1-f128,045609f7c669d9c8addd833c007ceab666099814,294bad57ed211ce5f668890c93845dca664b6897d4ff1a7011a5c837b0436472,8971260524329520491,1,19,default,{},1024,1024,1,16,prove_total,18.658856,,,,,,,,,,,,,phase,,,true,,,,,measured,Winterfell transparent STARK pilot; matched vector only,os_cache_primer,false,true,ok,"{""trace_rows"":1024.0}",,,,,,
e1a899a7-bad7-4c3c-aae2-f21a4908bc34,2026-08-09T03:32:18.116358+00:00,C7-TRANSPARENT-STARK,winterfell-stark-pilot-v1,controlled_kernel,winterfell-0.13.1-f128,045609f7c669d9c8addd833c007ceab666099814,294bad57ed211ce5f668890c93845dca664b6897d4ff1a7011a5c837b0436472,8971260524329520491,1,19,default,{},1024,1024,1,16,serialize,0.011732,,,,,,,,,,,,,phase,,,true,,,,,measured,Winterfell transparent STARK pilot; matched vector only,os_cache_primer,false,true,ok,"{""proof_bytes"":31185.0}",,,,,,
e1a899a7-bad7-4c3c-aae2-f21a4908bc34,2026-08-09T03:32:18.116378+00:00,C7-TRANSPARENT-STARK,winterfell-stark-pilot-v1,controlled_kernel,winterfell-0.13.1-f128,045609f7c669d9c8addd833c007ceab666099814,294bad57ed211ce5f668890c93845dca664b6897d4ff1a7011a5c837b0436472,8971260524329520491,1,19,default,{},1024,1024,1,16,deserialize,0.017182,,,,,,,,,,,,,phase,,,true,,,,,measured,Winterfell transparent STARK pilot; matched vector only,os_cache_primer,false,true,ok,"{""proof_bytes"":31185.0}",,,,,,
e1a899a7-bad7-4c3c-aae2-f21a4908bc34,2026-08-09T03:32:18.116392+00:00,C7-TRANSPARENT-STARK,winterfell-stark-pilot-v1,controlled_kernel,winterfell-0.13.1-f128,045609f7c669d9c8addd833c007ceab666099814,294bad57ed211ce5f668890c93845dca664b6897d4ff1a7011a5c837b0436472,8971260524329520491,1,19,default,{},1024,1024,1,16,verify_total,0.851394,,,,,,,,,,,,,phase,,,true,,,,,measured,Winterfell transparent STARK pilot; matched vector only,os_cache_primer,false,true,ok,"{""trace_rows"":1024.0}",,,,,,
e1a899a7-bad7-4c3c-aae2-f21a4908bc34,2026-08-09T03:32:18.116405+00:00,C7-TRANSPARENT-STARK,winterfell-stark-pilot-v1,controlled_kernel,winterfell-0.13.1-f128,045609f7c669d9c8addd833c007ceab666099814,294bad57ed211ce5f668890c93845dca664b6897d4ff1a7011a5c837b0436472,8971260524329520491,1,19,default,{},1024,1024,1,16,adapter_process_wall,87.984956,10.000000,7.332031,31185,true,0,,1068,956,,,,linux-procfs,process,,,true,,,"private commit and per-process swap I/O are unavailable; VmSwap reports allocation, not swap traffic; No documented hardware or OS energy counter is configured in WSL2",,measured,Winterfell transparent STARK pilot; matched vector only,os_cache_primer,false,true,ok,{},2,3,2,transition_constraints,5.0,16
d0903b59-5ef2-4b3c-8549-ce18d30c2477,2026-08-09T03:32:18.193088+00:00,C7-TRANSPARENT-STARK,winterfell-stark-pilot-v1,controlled_kernel,winterfell-0.13.1-f128,045609f7c669d9c8addd833c007ceab666099814,294bad57ed211ce5f668890c93845dca664b6897d4ff1a7011a5c837b0436472,7879067012079843507,0,20,default,{},1024,1024,2,16,native_execution,0.194532,,,,,,,,,,,,,phase,,,true,,,,,measured,Winterfell transparent STARK pilot; matched vector only,os_cache_primer,false,true,ok,"{""native_work_units"":1024.0}",,,,,,
d0903b59-5ef2-4b3c-8549-ce18d30c2477,2026-08-09T03:32:18.193190+00:00,C7-TRANSPARENT-STARK,winterfell-stark-pilot-v1,controlled_kernel,winterfell-0.13.1-f128,045609f7c669d9c8addd833c007ceab666099814,294bad57ed211ce5f668890c93845dca664b6897d4ff1a7011a5c837b0436472,7879067012079843507,0,20,default,{},1024,1024,2,16,witness,0.525568,,,,,,,,,,,,,phase,,,true,,,,,measured,Winterfell transparent STARK pilot; matched vector only,os_cache_primer,false,true,ok,"{""trace_rows"":1024.0,""transition_constraints"":2.0}",,,,,,
d0903b59-5ef2-4b3c-8549-ce18d30c2477,2026-08-09T03:32:18.193217+00:00,C7-TRANSPARENT-STARK,winterfell-stark-pilot-v1,controlled_kernel,winterfell-0.13.1-f128,045609f7c669d9c8addd833c007ceab666099814,294bad57ed211ce5f668890c93845dca664b6897d4ff1a7011a5c837b0436472,7879067012079843507,0,20,default,{},1024,1024,2,16,setup_or_preprocess,,,,,,,,,,,,,,phase,,,true,,,Winterfell exposes transparent trace/AIR proofing; no trusted setup or KZG commitment phase,,measured,Winterfell transparent STARK pilot; matched vector only,os_cache_primer,false,false,unsupported,{},,,,,,
d0903b59-5ef2-4b3c-8549-ce18d30c2477,2026-08-09T03:32:18.193236+00:00,C7-TRANSPARENT-STARK,winterfell-stark-pilot-v1,controlled_kernel,winterfell-0.13.1-f128,045609f7c669d9c8addd833c007ceab666099814,294bad57ed211ce5f668890c93845dca664b6897d4ff1a7011a5c837b0436472,7879067012079843507,0,20,default,{},1024,1024,2,16,key_load,,,,,,,,,,,,,,phase,,,true,,,Winterfell exposes transparent trace/AIR proofing; no trusted setup or KZG commitment phase,,measured,Winterfell transparent STARK pilot; matched vector only,os_cache_primer,false,false,unsupported,{},,,,,,
d0903b59-5ef2-4b3c-8549-ce18d30c2477,2026-08-09T03:32:18.193253+00:00,C7-TRANSPARENT-STARK,winterfell-stark-pilot-v1,controlled_kernel,winterfell-0.13.1-f128,045609f7c669d9c8addd833c007ceab666099814,294bad57ed211ce5f668890c93845dca664b6897d4ff1a7011a5c837b0436472,7879067012079843507,0,20,default,{},1024,1024,2,16,msm,,,,,,,,,,,,,,phase,,,true,,,Winterfell exposes transparent trace/AIR proofing; no trusted setup or KZG commitment phase,,measured,Winterfell transparent STARK pilot; matched vector only,os_cache_primer,false,false,unsupported,{},,,,,,
d0903b59-5ef2-4b3c-8549-ce18d30c2477,2026-08-09T03:32:18.193269+00:00,C7-TRANSPARENT-STARK,winterfell-stark-pilot-v1,controlled_kernel,winterfell-0.13.1-f128,045609f7c669d9c8addd833c007ceab666099814,294bad57ed211ce5f668890c93845dca664b6897d4ff1a7011a5c837b0436472,7879067012079843507,0,20,default,{},1024,1024,2,16,fft_ntt,,,,,,,,,,,,,,phase,,,true,,,Winterfell exposes transparent trace/AIR proofing; no trusted setup or KZG commitment phase,,measured,Winterfell transparent STARK pilot; matched vector only,os_cache_primer,false,false,unsupported,{},,,,,,
d0903b59-5ef2-4b3c-8549-ce18d30c2477,2026-08-09T03:32:18.193283+00:00,C7-TRANSPARENT-STARK,winterfell-stark-pilot-v1,controlled_kernel,winterfell-0.13.1-f128,045609f7c669d9c8addd833c007ceab666099814,294bad57ed211ce5f668890c93845dca664b6897d4ff1a7011a5c837b0436472,7879067012079843507,0,20,default,{},1024,1024,2,16,prove_total,15.324229,,,,,,,,,,,,,phase,,,true,,,,,measured,Winterfell transparent STARK pilot; matched vector only,os_cache_primer,false,true,ok,"{""trace_rows"":1024.0}",,,,,,
d0903b59-5ef2-4b3c-8549-ce18d30c2477,2026-08-09T03:32:18.193301+00:00,C7-TRANSPARENT-STARK,winterfell-stark-pilot-v1,controlled_kernel,winterfell-0.13.1-f128,045609f7c669d9c8addd833c007ceab666099814,294bad57ed211ce5f668890c93845dca664b6897d4ff1a7011a5c837b0436472,7879067012079843507,0,20,default,{},1024,1024,2,16,serialize,0.012233,,,,,,,,,,,,,phase,,,true,,,,,measured,Winterfell transparent STARK pilot; matched vector only,os_cache_primer,false,true,ok,"{""proof_bytes"":29997.0}",,,,,,
d0903b59-5ef2-4b3c-8549-ce18d30c2477,2026-08-09T03:32:18.193318+00:00,C7-TRANSPARENT-STARK,winterfell-stark-pilot-v1,controlled_kernel,winterfell-0.13.1-f128,045609f7c669d9c8addd833c007ceab666099814,294bad57ed211ce5f668890c93845dca664b6897d4ff1a7011a5c837b0436472,7879067012079843507,0,20,default,{},1024,1024,2,16,deserialize,0.017372,,,,,,,,,,,,,phase,,,true,,,,,measured,Winterfell transparent STARK pilot; matched vector only,os_cache_primer,false,true,ok,"{""proof_bytes"":29997.0}",,,,,,
d0903b59-5ef2-4b3c-8549-ce18d30c2477,2026-08-09T03:32:18.193335+00:00,C7-TRANSPARENT-STARK,winterfell-stark-pilot-v1,controlled_kernel,winterfell-0.13.1-f128,045609f7c669d9c8addd833c007ceab666099814,294bad57ed211ce5f668890c93845dca664b6897d4ff1a7011a5c837b0436472,7879067012079843507,0,20,default,{},1024,1024,2,16,verify_total,0.878164,,,,,,,,,,,,,phase,,,true,,,,,measured,Winterfell transparent STARK pilot; matched vector only,os_cache_primer,false,true,ok,"{""trace_rows"":1024.0}",,,,,,
d0903b59-5ef2-4b3c-8549-ce18d30c2477,2026-08-09T03:32:18.193386+00:00,C7-TRANSPARENT-STARK,winterfell-stark-pilot-v1,controlled_kernel,winterfell-0.13.1-f128,045609f7c669d9c8addd833c007ceab666099814,294bad57ed211ce5f668890c93845dca664b6897d4ff1a7011a5c837b0436472,7879067012079843507,0,20,default,{},1024,1024,2,16,adapter_process_wall,75.857076,20.000000,7.468750,29997,true,0,,1093,956,,,,linux-procfs,process,,,true,,,"private commit and per-process swap I/O are unavailable; VmSwap reports allocation, not swap traffic; No documented hardware or OS energy counter is configured in WSL2",,measured,Winterfell transparent STARK pilot; matched vector only,os_cache_primer,false,true,ok,{},2,3,2,transition_constraints,5.0,14
cc2394dd-ec9b-40a7-baca-8d4b20f0c701,2026-08-09T03:32:18.272717+00:00,C7-TRANSPARENT-STARK,winterfell-stark-pilot-v1,controlled_kernel,winterfell-0.13.1-f128,045609f7c669d9c8addd833c007ceab666099814,294bad57ed211ce5f668890c93845dca664b6897d4ff1a7011a5c837b0436472,5440635209878698489,1,21,default,{},1024,1024,2,16,native_execution,0.246154,,,,,,,,,,,,,phase,,,true,,,,,measured,Winterfell transparent STARK pilot; matched vector only,os_cache_primer,false,true,ok,"{""native_work_units"":1024.0}",,,,,,
cc2394dd-ec9b-40a7-baca-8d4b20f0c701,2026-08-09T03:32:18.272790+00:00,C7-TRANSPARENT-STARK,winterfell-stark-pilot-v1,controlled_kernel,winterfell-0.13.1-f128,045609f7c669d9c8addd833c007ceab666099814,294bad57ed211ce5f668890c93845dca664b6897d4ff1a7011a5c837b0436472,5440635209878698489,1,21,default,{},1024,1024,2,16,witness,0.604861,,,,,,,,,,,,,phase,,,true,,,,,measured,Winterfell transparent STARK pilot; matched vector only,os_cache_primer,false,true,ok,"{""trace_rows"":1024.0,""transition_constraints"":2.0}",,,,,,
cc2394dd-ec9b-40a7-baca-8d4b20f0c701,2026-08-09T03:32:18.272815+00:00,C7-TRANSPARENT-STARK,winterfell-stark-pilot-v1,controlled_kernel,winterfell-0.13.1-f128,045609f7c669d9c8addd833c007ceab666099814,294bad57ed211ce5f668890c93845dca664b6897d4ff1a7011a5c837b0436472,5440635209878698489,1,21,default,{},1024,1024,2,16,setup_or_preprocess,,,,,,,,,,,,,,phase,,,true,,,Winterfell exposes transparent trace/AIR proofing; no trusted setup or KZG commitment phase,,measured,Winterfell transparent STARK pilot; matched vector only,os_cache_primer,false,false,unsupported,{},,,,,,
cc2394dd-ec9b-40a7-baca-8d4b20f0c701,2026-08-09T03:32:18.272833+00:00,C7-TRANSPARENT-STARK,winterfell-stark-pilot-v1,controlled_kernel,winterfell-0.13.1-f128,045609f7c669d9c8addd833c007ceab666099814,294bad57ed211ce5f668890c93845dca664b6897d4ff1a7011a5c837b0436472,5440635209878698489,1,21,default,{},1024,1024,2,16,key_load,,,,,,,,,,,,,,phase,,,true,,,Winterfell exposes transparent trace/AIR proofing; no trusted setup or KZG commitment phase,,measured,Winterfell transparent STARK pilot; matched vector only,os_cache_primer,false,false,unsupported,{},,,,,,
cc2394dd-ec9b-40a7-baca-8d4b20f0c701,2026-08-09T03:32:18.272849+00:00,C7-TRANSPARENT-STARK,winterfell-stark-pilot-v1,controlled_kernel,winterfell-0.13.1-f128,045609f7c669d9c8addd833c007ceab666099814,294bad57ed211ce5f668890c93845dca664b6897d4ff1a7011a5c837b0436472,5440635209878698489,1,21,default,{},1024,1024,2,16,msm,,,,,,,,,,,,,,phase,,,true,,,Winterfell exposes transparent trace/AIR proofing; no trusted setup or KZG commitment phase,,measured,Winterfell transparent STARK pilot; matched vector only,os_cache_primer,false,false,unsupported,{},,,,,,
cc2394dd-ec9b-40a7-baca-8d4b20f0c701,2026-08-09T03:32:18.272864+00:00,C7-TRANSPARENT-STARK,winterfell-stark-pilot-v1,controlled_kernel,winterfell-0.13.1-f128,045609f7c669d9c8addd833c007ceab666099814,294bad57ed211ce5f668890c93845dca664b6897d4ff1a7011a5c837b0436472,5440635209878698489,1,21,default,{},1024,1024,2,16,fft_ntt,,,,,,,,,,,,,,phase,,,true,,,Winterfell exposes transparent trace/AIR proofing; no trusted setup or KZG commitment phase,,measured,Winterfell transparent STARK pilot; matched vector only,os_cache_primer,false,false,unsupported,{},,,,,,
cc2394dd-ec9b-40a7-baca-8d4b20f0c701,2026-08-09T03:32:18.272879+00:00,C7-TRANSPARENT-STARK,winterfell-stark-pilot-v1,controlled_kernel,winterfell-0.13.1-f128,045609f7c669d9c8addd833c007ceab666099814,294bad57ed211ce5f668890c93845dca664b6897d4ff1a7011a5c837b0436472,5440635209878698489,1,21,default,{},1024,1024,2,16,prove_total,15.278749,,,,,,,,,,,,,phase,,,true,,,,,measured,Winterfell transparent STARK pilot; matched vector only,os_cache_primer,false,true,ok,"{""trace_rows"":1024.0}",,,,,,
cc2394dd-ec9b-40a7-baca-8d4b20f0c701,2026-08-09T03:32:18.272896+00:00,C7-TRANSPARENT-STARK,winterfell-stark-pilot-v1,controlled_kernel,winterfell-0.13.1-f128,045609f7c669d9c8addd833c007ceab666099814,294bad57ed211ce5f668890c93845dca664b6897d4ff1a7011a5c837b0436472,5440635209878698489,1,21,default,{},1024,1024,2,16,serialize,0.016070,,,,,,,,,,,,,phase,,,true,,,,,measured,Winterfell transparent STARK pilot; matched vector only,os_cache_primer,false,true,ok,"{""proof_bytes"":31057.0}",,,,,,
cc2394dd-ec9b-40a7-baca-8d4b20f0c701,2026-08-09T03:32:18.272912+00:00,C7-TRANSPARENT-STARK,winterfell-stark-pilot-v1,controlled_kernel,winterfell-0.13.1-f128,045609f7c669d9c8addd833c007ceab666099814,294bad57ed211ce5f668890c93845dca664b6897d4ff1a7011a5c837b0436472,5440635209878698489,1,21,default,{},1024,1024,2,16,deserialize,0.018825,,,,,,,,,,,,,phase,,,true,,,,,measured,Winterfell transparent STARK pilot; matched vector only,os_cache_primer,false,true,ok,"{""proof_bytes"":31057.0}",,,,,,
cc2394dd-ec9b-40a7-baca-8d4b20f0c701,2026-08-09T03:32:18.272929+00:00,C7-TRANSPARENT-STARK,winterfell-stark-pilot-v1,controlled_kernel,winterfell-0.13.1-f128,045609f7c669d9c8addd833c007ceab666099814,294bad57ed211ce5f668890c93845dca664b6897d4ff1a7011a5c837b0436472,5440635209878698489,1,21,default,{},1024,1024,2,16,verify_total,1.008122,,,,,,,,,,,,,phase,,,true,,,,,measured,Winterfell transparent STARK pilot; matched vector only,os_cache_primer,false,true,ok,"{""trace_rows"":1024.0}",,,,,,
cc2394dd-ec9b-40a7-baca-8d4b20f0c701,2026-08-09T03:32:18.272945+00:00,C7-TRANSPARENT-STARK,winterfell-stark-pilot-v1,controlled_kernel,winterfell-0.13.1-f128,045609f7c669d9c8addd833c007ceab666099814,294bad57ed211ce5f668890c93845dca664b6897d4ff1a7011a5c837b0436472,5440635209878698489,1,21,default,{},1024,1024,2,16,adapter_process_wall,78.358809,10.000000,7.265625,31057,true,0,,1052,956,,,,linux-procfs,process,,,true,,,"Linux procfs read failed: [Errno 2] No such file or directory: '/proc/527/io'; private commit and per-process swap I/O are unavailable; VmSwap reports allocation, not swap traffic; No documented hardware or OS energy counter is configured in WSL2",,measured,Winterfell transparent STARK pilot; matched vector only,os_cache_primer,false,true,ok,{},2,3,2,transition_constraints,5.0,14
da60a7e3-9c52-45bc-9a59-99369f2b3977,2026-08-09T03:32:18.352105+00:00,C7-TRANSPARENT-STARK,winterfell-stark-pilot-v1,controlled_kernel,winterfell-0.13.1-f128,045609f7c669d9c8addd833c007ceab666099814,294bad57ed211ce5f668890c93845dca664b6897d4ff1a7011a5c837b0436472,1229770378214408386,0,22,default,{},1024,1024,4,16,native_execution,0.197287,,,,,,,,,,,,,phase,,,true,,,,,measured,Winterfell transparent STARK pilot; matched vector only,os_cache_primer,false,true,ok,"{""native_work_units"":1024.0}",,,,,,
da60a7e3-9c52-45bc-9a59-99369f2b3977,2026-08-09T03:32:18.352237+00:00,C7-TRANSPARENT-STARK,winterfell-stark-pilot-v1,controlled_kernel,winterfell-0.13.1-f128,045609f7c669d9c8addd833c007ceab666099814,294bad57ed211ce5f668890c93845dca664b6897d4ff1a7011a5c837b0436472,1229770378214408386,0,22,default,{},1024,1024,4,16,witness,0.643578,,,,,,,,,,,,,phase,,,true,,,,,measured,Winterfell transparent STARK pilot; matched vector only,os_cache_primer,false,true,ok,"{""trace_rows"":1024.0,""transition_constraints"":2.0}",,,,,,
da60a7e3-9c52-45bc-9a59-99369f2b3977,2026-08-09T03:32:18.352261+00:00,C7-TRANSPARENT-STARK,winterfell-stark-pilot-v1,controlled_kernel,winterfell-0.13.1-f128,045609f7c669d9c8addd833c007ceab666099814,294bad57ed211ce5f668890c93845dca664b6897d4ff1a7011a5c837b0436472,1229770378214408386,0,22,default,{},1024,1024,4,16,setup_or_preprocess,,,,,,,,,,,,,,phase,,,true,,,Winterfell exposes transparent trace/AIR proofing; no trusted setup or KZG commitment phase,,measured,Winterfell transparent STARK pilot; matched vector only,os_cache_primer,false,false,unsupported,{},,,,,,
da60a7e3-9c52-45bc-9a59-99369f2b3977,2026-08-09T03:32:18.352276+00:00,C7-TRANSPARENT-STARK,winterfell-stark-pilot-v1,controlled_kernel,winterfell-0.13.1-f128,045609f7c669d9c8addd833c007ceab666099814,294bad57ed211ce5f668890c93845dca664b6897d4ff1a7011a5c837b0436472,1229770378214408386,0,22,default,{},1024,1024,4,16,key_load,,,,,,,,,,,,,,phase,,,true,,,Winterfell exposes transparent trace/AIR proofing; no trusted setup or KZG commitment phase,,measured,Winterfell transparent STARK pilot; matched vector only,os_cache_primer,false,false,unsupported,{},,,,,,
da60a7e3-9c52-45bc-9a59-99369f2b3977,2026-08-09T03:32:18.352289+00:00,C7-TRANSPARENT-STARK,winterfell-stark-pilot-v1,controlled_kernel,winterfell-0.13.1-f128,045609f7c669d9c8addd833c007ceab666099814,294bad57ed211ce5f668890c93845dca664b6897d4ff1a7011a5c837b0436472,1229770378214408386,0,22,default,{},1024,1024,4,16,msm,,,,,,,,,,,,,,phase,,,true,,,Winterfell exposes transparent trace/AIR proofing; no trusted setup or KZG commitment phase,,measured,Winterfell transparent STARK pilot; matched vector only,os_cache_primer,false,false,unsupported,{},,,,,,
da60a7e3-9c52-45bc-9a59-99369f2b3977,2026-08-09T03:32:18.352303+00:00,C7-TRANSPARENT-STARK,winterfell-stark-pilot-v1,controlled_kernel,winterfell-0.13.1-f128,045609f7c669d9c8addd833c007ceab666099814,294bad57ed211ce5f668890c93845dca664b6897d4ff1a7011a5c837b0436472,1229770378214408386,0,22,default,{},1024,1024,4,16,fft_ntt,,,,,,,,,,,,,,phase,,,true,,,Winterfell exposes transparent trace/AIR proofing; no trusted setup or KZG commitment phase,,measured,Winterfell transparent STARK pilot; matched vector only,os_cache_primer,false,false,unsupported,{},,,,,,
da60a7e3-9c52-45bc-9a59-99369f2b3977,2026-08-09T03:32:18.352316+00:00,C7-TRANSPARENT-STARK,winterfell-stark-pilot-v1,controlled_kernel,winterfell-0.13.1-f128,045609f7c669d9c8addd833c007ceab666099814,294bad57ed211ce5f668890c93845dca664b6897d4ff1a7011a5c837b0436472,1229770378214408386,0,22,default,{},1024,1024,4,16,prove_total,17.622155,,,,,,,,,,,,,phase,,,true,,,,,measured,Winterfell transparent STARK pilot; matched vector only,os_cache_primer,false,true,ok,"{""trace_rows"":1024.0}",,,,,,
da60a7e3-9c52-45bc-9a59-99369f2b3977,2026-08-09T03:32:18.352330+00:00,C7-TRANSPARENT-STARK,winterfell-stark-pilot-v1,controlled_kernel,winterfell-0.13.1-f128,045609f7c669d9c8addd833c007ceab666099814,294bad57ed211ce5f668890c93845dca664b6897d4ff1a7011a5c837b0436472,1229770378214408386,0,22,default,{},1024,1024,4,16,serialize,0.011953,,,,,,,,,,,,,phase,,,true,,,,,measured,Winterfell transparent STARK pilot; matched vector only,os_cache_primer,false,true,ok,"{""proof_bytes"":30639.0}",,,,,,
da60a7e3-9c52-45bc-9a59-99369f2b3977,2026-08-09T03:32:18.352345+00:00,C7-TRANSPARENT-STARK,winterfell-stark-pilot-v1,controlled_kernel,winterfell-0.13.1-f128,045609f7c669d9c8addd833c007ceab666099814,294bad57ed211ce5f668890c93845dca664b6897d4ff1a7011a5c837b0436472,1229770378214408386,0,22,default,{},1024,1024,4,16,deserialize,0.016931,,,,,,,,,,,,,phase,,,true,,,,,measured,Winterfell transparent STARK pilot; matched vector only,os_cache_primer,false,true,ok,"{""proof_bytes"":30639.0}",,,,,,
da60a7e3-9c52-45bc-9a59-99369f2b3977,2026-08-09T03:32:18.352358+00:00,C7-TRANSPARENT-STARK,winterfell-stark-pilot-v1,controlled_kernel,winterfell-0.13.1-f128,045609f7c669d9c8addd833c007ceab666099814,294bad57ed211ce5f668890c93845dca664b6897d4ff1a7011a5c837b0436472,1229770378214408386,0,22,default,{},1024,1024,4,16,verify_total,0.895576,,,,,,,,,,,,,phase,,,true,,,,,measured,Winterfell transparent STARK pilot; matched vector only,os_cache_primer,false,true,ok,"{""trace_rows"":1024.0}",,,,,,
da60a7e3-9c52-45bc-9a59-99369f2b3977,2026-08-09T03:32:18.352372+00:00,C7-TRANSPARENT-STARK,winterfell-stark-pilot-v1,controlled_kernel,winterfell-0.13.1-f128,045609f7c669d9c8addd833c007ceab666099814,294bad57ed211ce5f668890c93845dca664b6897d4ff1a7011a5c837b0436472,1229770378214408386,0,22,default,{},1024,1024,4,16,adapter_process_wall,78.057536,20.000000,7.394531,30639,true,0,,1097,956,,,,linux-procfs,process,,,true,,,"private commit and per-process swap I/O are unavailable; VmSwap reports allocation, not swap traffic; No documented hardware or OS energy counter is configured in WSL2",,measured,Winterfell transparent STARK pilot; matched vector only,os_cache_primer,false,true,ok,{},2,3,2,transition_constraints,5.0,14
e1c494a1-e939-4936-bc86-c8be911c0339,2026-08-09T03:32:18.434103+00:00,C7-TRANSPARENT-STARK,winterfell-stark-pilot-v1,controlled_kernel,winterfell-0.13.1-f128,045609f7c669d9c8addd833c007ceab666099814,294bad57ed211ce5f668890c93845dca664b6897d4ff1a7011a5c837b0436472,430668593953995588,1,23,default,{},1024,1024,4,16,native_execution,0.299558,,,,,,,,,,,,,phase,,,true,,,,,measured,Winterfell transparent STARK pilot; matched vector only,os_cache_primer,false,true,ok,"{""native_work_units"":1024.0}",,,,,,
e1c494a1-e939-4936-bc86-c8be911c0339,2026-08-09T03:32:18.434164+00:00,C7-TRANSPARENT-STARK,winterfell-stark-pilot-v1,controlled_kernel,winterfell-0.13.1-f128,045609f7c669d9c8addd833c007ceab666099814,294bad57ed211ce5f668890c93845dca664b6897d4ff1a7011a5c837b0436472,430668593953995588,1,23,default,{},1024,1024,4,16,witness,0.583185,,,,,,,,,,,,,phase,,,true,,,,,measured,Winterfell transparent STARK pilot; matched vector only,os_cache_primer,false,true,ok,"{""trace_rows"":1024.0,""transition_constraints"":2.0}",,,,,,
e1c494a1-e939-4936-bc86-c8be911c0339,2026-08-09T03:32:18.434185+00:00,C7-TRANSPARENT-STARK,winterfell-stark-pilot-v1,controlled_kernel,winterfell-0.13.1-f128,045609f7c669d9c8addd833c007ceab666099814,294bad57ed211ce5f668890c93845dca664b6897d4ff1a7011a5c837b0436472,430668593953995588,1,23,default,{},1024,1024,4,16,setup_or_preprocess,,,,,,,,,,,,,,phase,,,true,,,Winterfell exposes transparent trace/AIR proofing; no trusted setup or KZG commitment phase,,measured,Winterfell transparent STARK pilot; matched vector only,os_cache_primer,false,false,unsupported,{},,,,,,
e1c494a1-e939-4936-bc86-c8be911c0339,2026-08-09T03:32:18.434200+00:00,C7-TRANSPARENT-STARK,winterfell-stark-pilot-v1,controlled_kernel,winterfell-0.13.1-f128,045609f7c669d9c8addd833c007ceab666099814,294bad57ed211ce5f668890c93845dca664b6897d4ff1a7011a5c837b0436472,430668593953995588,1,23,default,{},1024,1024,4,16,key_load,,,,,,,,,,,,,,phase,,,true,,,Winterfell exposes transparent trace/AIR proofing; no trusted setup or KZG commitment phase,,measured,Winterfell transparent STARK pilot; matched vector only,os_cache_primer,false,false,unsupported,{},,,,,,
e1c494a1-e939-4936-bc86-c8be911c0339,2026-08-09T03:32:18.434212+00:00,C7-TRANSPARENT-STARK,winterfell-stark-pilot-v1,controlled_kernel,winterfell-0.13.1-f128,045609f7c669d9c8addd833c007ceab666099814,294bad57ed211ce5f668890c93845dca664b6897d4ff1a7011a5c837b0436472,430668593953995588,1,23,default,{},1024,1024,4,16,msm,,,,,,,,,,,,,,phase,,,true,,,Winterfell exposes transparent trace/AIR proofing; no trusted setup or KZG commitment phase,,measured,Winterfell transparent STARK pilot; matched vector only,os_cache_primer,false,false,unsupported,{},,,,,,
e1c494a1-e939-4936-bc86-c8be911c0339,2026-08-09T03:32:18.434224+00:00,C7-TRANSPARENT-STARK,winterfell-stark-pilot-v1,controlled_kernel,winterfell-0.13.1-f128,045609f7c669d9c8addd833c007ceab666099814,294bad57ed211ce5f668890c93845dca664b6897d4ff1a7011a5c837b0436472,430668593953995588,1,23,default,{},1024,1024,4,16,fft_ntt,,,,,,,,,,,,,,phase,,,true,,,Winterfell exposes transparent trace/AIR proofing; no trusted setup or KZG commitment phase,,measured,Winterfell transparent STARK pilot; matched vector only,os_cache_primer,false,false,unsupported,{},,,,,,
e1c494a1-e939-4936-bc86-c8be911c0339,2026-08-09T03:32:18.434237+00:00,C7-TRANSPARENT-STARK,winterfell-stark-pilot-v1,controlled_kernel,winterfell-0.13.1-f128,045609f7c669d9c8addd833c007ceab666099814,294bad57ed211ce5f668890c93845dca664b6897d4ff1a7011a5c837b0436472,430668593953995588,1,23,default,{},1024,1024,4,16,prove_total,17.040908,,,,,,,,,,,,,phase,,,true,,,,,measured,Winterfell transparent STARK pilot; matched vector only,os_cache_primer,false,true,ok,"{""trace_rows"":1024.0}",,,,,,
e1c494a1-e939-4936-bc86-c8be911c0339,2026-08-09T03:32:18.434251+00:00,C7-TRANSPARENT-STARK,winterfell-stark-pilot-v1,controlled_kernel,winterfell-0.13.1-f128,045609f7c669d9c8addd833c007ceab666099814,294bad57ed211ce5f668890c93845dca664b6897d4ff1a7011a5c837b0436472,430668593953995588,1,23,default,{},1024,1024,4,16,serialize,0.014667,,,,,,,,,,,,,phase,,,true,,,,,measured,Winterfell transparent STARK pilot; matched vector only,os_cache_primer,false,true,ok,"{""proof_bytes"":31122.0}",,,,,,
e1c494a1-e939-4936-bc86-c8be911c0339,2026-08-09T03:32:18.434265+00:00,C7-TRANSPARENT-STARK,winterfell-stark-pilot-v1,controlled_kernel,winterfell-0.13.1-f128,045609f7c669d9c8addd833c007ceab666099814,294bad57ed211ce5f668890c93845dca664b6897d4ff1a7011a5c837b0436472,430668593953995588,1,23,default,{},1024,1024,4,16,deserialize,0.020348,,,,,,,,,,,,,phase,,,true,,,,,measured,Winterfell transparent STARK pilot; matched vector only,os_cache_primer,false,true,ok,"{""proof_bytes"":31122.0}",,,,,,
e1c494a1-e939-4936-bc86-c8be911c0339,2026-08-09T03:32:18.434278+00:00,C7-TRANSPARENT-STARK,winterfell-stark-pilot-v1,controlled_kernel,winterfell-0.13.1-f128,045609f7c669d9c8addd833c007ceab666099814,294bad57ed211ce5f668890c93845dca664b6897d4ff1a7011a5c837b0436472,430668593953995588,1,23,default,{},1024,1024,4,16,verify_total,0.882622,,,,,,,,,,,,,phase,,,true,,,,,measured,Winterfell transparent STARK pilot; matched vector only,os_cache_primer,false,true,ok,"{""trace_rows"":1024.0}",,,,,,
e1c494a1-e939-4936-bc86-c8be911c0339,2026-08-09T03:32:18.434291+00:00,C7-TRANSPARENT-STARK,winterfell-stark-pilot-v1,controlled_kernel,winterfell-0.13.1-f128,045609f7c669d9c8addd833c007ceab666099814,294bad57ed211ce5f668890c93845dca664b6897d4ff1a7011a5c837b0436472,430668593953995588,1,23,default,{},1024,1024,4,16,adapter_process_wall,80.467530,20.000000,7.375000,31122,true,0,,1088,956,,,,linux-procfs,process,,,true,,,"Linux procfs read failed: [Errno 13] Permission denied: '/proc/537/io'; private commit and per-process swap I/O are unavailable; VmSwap reports allocation, not swap traffic; No documented hardware or OS energy counter is configured in WSL2",,measured,Winterfell transparent STARK pilot; matched vector only,os_cache_primer,false,true,ok,{},2,3,2,transition_constraints,5.0,14
e6cf6673-cee9-4b08-868b-33044b671698,2026-08-09T03:32:18.505179+00:00,C7-TRANSPARENT-STARK,winterfell-stark-pilot-v1,controlled_kernel,winterfell-0.13.1-f128,045609f7c669d9c8addd833c007ceab666099814,294bad57ed211ce5f668890c93845dca664b6897d4ff1a7011a5c837b0436472,1569482761156363752,0,24,default,{},256,256,1,16,native_execution,0.195273,,,,,,,,,,,,,phase,,,true,wrong_public_input,,,,measured,Winterfell transparent STARK pilot; matched vector only,measurement,true,true,ok,"{""native_work_units"":256.0}",,,,,,
e6cf6673-cee9-4b08-868b-33044b671698,2026-08-09T03:32:18.505260+00:00,C7-TRANSPARENT-STARK,winterfell-stark-pilot-v1,controlled_kernel,winterfell-0.13.1-f128,045609f7c669d9c8addd833c007ceab666099814,294bad57ed211ce5f668890c93845dca664b6897d4ff1a7011a5c837b0436472,1569482761156363752,0,24,default,{},256,256,1,16,witness,0.505290,,,,,,,,,,,,,phase,,,true,wrong_public_input,,,,measured,Winterfell transparent STARK pilot; matched vector only,measurement,true,true,ok,"{""trace_rows"":256.0,""transition_constraints"":2.0}",,,,,,
e6cf6673-cee9-4b08-868b-33044b671698,2026-08-09T03:32:18.505286+00:00,C7-TRANSPARENT-STARK,winterfell-stark-pilot-v1,controlled_kernel,winterfell-0.13.1-f128,045609f7c669d9c8addd833c007ceab666099814,294bad57ed211ce5f668890c93845dca664b6897d4ff1a7011a5c837b0436472,1569482761156363752,0,24,default,{},256,256,1,16,setup_or_preprocess,,,,,,,,,,,,,,phase,,,true,wrong_public_input,,Winterfell exposes transparent trace/AIR proofing; no trusted setup or KZG commitment phase,,measured,Winterfell transparent STARK pilot; matched vector only,measurement,true,false,unsupported,{},,,,,,
e6cf6673-cee9-4b08-868b-33044b671698,2026-08-09T03:32:18.505305+00:00,C7-TRANSPARENT-STARK,winterfell-stark-pilot-v1,controlled_kernel,winterfell-0.13.1-f128,045609f7c669d9c8addd833c007ceab666099814,294bad57ed211ce5f668890c93845dca664b6897d4ff1a7011a5c837b0436472,1569482761156363752,0,24,default,{},256,256,1,16,key_load,,,,,,,,,,,,,,phase,,,true,wrong_public_input,,Winterfell exposes transparent trace/AIR proofing; no trusted setup or KZG commitment phase,,measured,Winterfell transparent STARK pilot; matched vector only,measurement,true,false,unsupported,{},,,,,,
e6cf6673-cee9-4b08-868b-33044b671698,2026-08-09T03:32:18.505321+00:00,C7-TRANSPARENT-STARK,winterfell-stark-pilot-v1,controlled_kernel,winterfell-0.13.1-f128,045609f7c669d9c8addd833c007ceab666099814,294bad57ed211ce5f668890c93845dca664b6897d4ff1a7011a5c837b0436472,1569482761156363752,0,24,default,{},256,256,1,16,msm,,,,,,,,,,,,,,phase,,,true,wrong_public_input,,Winterfell exposes transparent trace/AIR proofing; no trusted setup or KZG commitment phase,,measured,Winterfell transparent STARK pilot; matched vector only,measurement,true,false,unsupported,{},,,,,,
e6cf6673-cee9-4b08-868b-33044b671698,2026-08-09T03:32:18.505336+00:00,C7-TRANSPARENT-STARK,winterfell-stark-pilot-v1,controlled_kernel,winterfell-0.13.1-f128,045609f7c669d9c8addd833c007ceab666099814,294bad57ed211ce5f668890c93845dca664b6897d4ff1a7011a5c837b0436472,1569482761156363752,0,24,default,{},256,256,1,16,fft_ntt,,,,,,,,,,,,,,phase,,,true,wrong_public_input,,Winterfell exposes transparent trace/AIR proofing; no trusted setup or KZG commitment phase,,measured,Winterfell transparent STARK pilot; matched vector only,measurement,true,false,unsupported,{},,,,,,
e6cf6673-cee9-4b08-868b-33044b671698,2026-08-09T03:32:18.505351+00:00,C7-TRANSPARENT-STARK,winterfell-stark-pilot-v1,controlled_kernel,winterfell-0.13.1-f128,045609f7c669d9c8addd833c007ceab666099814,294bad57ed211ce5f668890c93845dca664b6897d4ff1a7011a5c837b0436472,1569482761156363752,0,24,default,{},256,256,1,16,prove_total,9.603372,,,,,,,,,,,,,phase,,,true,wrong_public_input,,,,measured,Winterfell transparent STARK pilot; matched vector only,measurement,true,true,ok,"{""trace_rows"":256.0}",,,,,,
e6cf6673-cee9-4b08-868b-33044b671698,2026-08-09T03:32:18.505369+00:00,C7-TRANSPARENT-STARK,winterfell-stark-pilot-v1,controlled_kernel,winterfell-0.13.1-f128,045609f7c669d9c8addd833c007ceab666099814,294bad57ed211ce5f668890c93845dca664b6897d4ff1a7011a5c837b0436472,1569482761156363752,0,24,default,{},256,256,1,16,serialize,0.008305,,,,,,,,,,,,,phase,,,true,wrong_public_input,,,,measured,Winterfell transparent STARK pilot; matched vector only,measurement,true,true,ok,"{""proof_bytes"":18775.0}",,,,,,
e6cf6673-cee9-4b08-868b-33044b671698,2026-08-09T03:32:18.505385+00:00,C7-TRANSPARENT-STARK,winterfell-stark-pilot-v1,controlled_kernel,winterfell-0.13.1-f128,045609f7c669d9c8addd833c007ceab666099814,294bad57ed211ce5f668890c93845dca664b6897d4ff1a7011a5c837b0436472,1569482761156363752,0,24,default,{},256,256,1,16,deserialize,0.012924,,,,,,,,,,,,,phase,,,true,wrong_public_input,,,,measured,Winterfell transparent STARK pilot; matched vector only,measurement,true,true,ok,"{""proof_bytes"":18775.0}",,,,,,
e6cf6673-cee9-4b08-868b-33044b671698,2026-08-09T03:32:18.505402+00:00,C7-TRANSPARENT-STARK,winterfell-stark-pilot-v1,controlled_kernel,winterfell-0.13.1-f128,045609f7c669d9c8addd833c007ceab666099814,294bad57ed211ce5f668890c93845dca664b6897d4ff1a7011a5c837b0436472,1569482761156363752,0,24,default,{},256,256,1,16,verify_total,0.449436,,,,,,,,,,,,,phase,,,true,wrong_public_input,,,,measured,Winterfell transparent STARK pilot; matched vector only,measurement,true,true,ok,"{""trace_rows"":256.0}",,,,,,
e6cf6673-cee9-4b08-868b-33044b671698,2026-08-09T03:32:18.505418+00:00,C7-TRANSPARENT-STARK,winterfell-stark-pilot-v1,controlled_kernel,winterfell-0.13.1-f128,045609f7c669d9c8addd833c007ceab666099814,294bad57ed211ce5f668890c93845dca664b6897d4ff1a7011a5c837b0436472,1569482761156363752,0,24,default,{},256,256,1,16,invalid_reject,0.449436,,,,,,,,,,,,,phase,,,true,wrong_public_input,,,,measured,Winterfell transparent STARK pilot; matched vector only,measurement,true,true,ok,"{""trace_rows"":256.0}",,,,,,
e6cf6673-cee9-4b08-868b-33044b671698,2026-08-09T03:32:18.505435+00:00,C7-TRANSPARENT-STARK,winterfell-stark-pilot-v1,controlled_kernel,winterfell-0.13.1-f128,045609f7c669d9c8addd833c007ceab666099814,294bad57ed211ce5f668890c93845dca664b6897d4ff1a7011a5c837b0436472,1569482761156363752,0,24,default,{},256,256,1,16,adapter_process_wall,69.948855,,4.859375,18775,false,0,cryptographic_rejection,387,956,,,,linux-procfs,process,,,true,wrong_public_input,,"private commit and per-process swap I/O are unavailable; VmSwap reports allocation, not swap traffic; No documented hardware or OS energy counter is configured in WSL2",,measured,Winterfell transparent STARK pilot; matched vector only,measurement,true,true,ok,{},2,3,2,transition_constraints,5.0,13
2af9808d-6024-4202-8c3b-48489c579518,2026-08-09T03:32:18.578788+00:00,C7-TRANSPARENT-STARK,winterfell-stark-pilot-v1,controlled_kernel,winterfell-0.13.1-f128,045609f7c669d9c8addd833c007ceab666099814,294bad57ed211ce5f668890c93845dca664b6897d4ff1a7011a5c837b0436472,161003701442815894,1,25,default,{},64,64,4,16,native_execution,0.215662,,,,,,,,,,,,,phase,,,true,,,,,measured,Winterfell transparent STARK pilot; matched vector only,measurement,true,true,ok,"{""native_work_units"":64.0}",,,,,,
2af9808d-6024-4202-8c3b-48489c579518,2026-08-09T03:32:18.578877+00:00,C7-TRANSPARENT-STARK,winterfell-stark-pilot-v1,controlled_kernel,winterfell-0.13.1-f128,045609f7c669d9c8addd833c007ceab666099814,294bad57ed211ce5f668890c93845dca664b6897d4ff1a7011a5c837b0436472,161003701442815894,1,25,default,{},64,64,4,16,witness,0.486665,,,,,,,,,,,,,phase,,,true,,,,,measured,Winterfell transparent STARK pilot; matched vector only,measurement,true,true,ok,"{""trace_rows"":64.0,""transition_constraints"":2.0}",,,,,,
2af9808d-6024-4202-8c3b-48489c579518,2026-08-09T03:32:18.578904+00:00,C7-TRANSPARENT-STARK,winterfell-stark-pilot-v1,controlled_kernel,winterfell-0.13.1-f128,045609f7c669d9c8addd833c007ceab666099814,294bad57ed211ce5f668890c93845dca664b6897d4ff1a7011a5c837b0436472,161003701442815894,1,25,default,{},64,64,4,16,setup_or_preprocess,,,,,,,,,,,,,,phase,,,true,,,Winterfell exposes transparent trace/AIR proofing; no trusted setup or KZG commitment phase,,measured,Winterfell transparent STARK pilot; matched vector only,measurement,true,false,unsupported,{},,,,,,
2af9808d-6024-4202-8c3b-48489c579518,2026-08-09T03:32:18.578923+00:00,C7-TRANSPARENT-STARK,winterfell-stark-pilot-v1,controlled_kernel,winterfell-0.13.1-f128,045609f7c669d9c8addd833c007ceab666099814,294bad57ed211ce5f668890c93845dca664b6897d4ff1a7011a5c837b0436472,161003701442815894,1,25,default,{},64,64,4,16,key_load,,,,,,,,,,,,,,phase,,,true,,,Winterfell exposes transparent trace/AIR proofing; no trusted setup or KZG commitment phase,,measured,Winterfell transparent STARK pilot; matched vector only,measurement,true,false,unsupported,{},,,,,,
2af9808d-6024-4202-8c3b-48489c579518,2026-08-09T03:32:18.578940+00:00,C7-TRANSPARENT-STARK,winterfell-stark-pilot-v1,controlled_kernel,winterfell-0.13.1-f128,045609f7c669d9c8addd833c007ceab666099814,294bad57ed211ce5f668890c93845dca664b6897d4ff1a7011a5c837b0436472,161003701442815894,1,25,default,{},64,64,4,16,msm,,,,,,,,,,,,,,phase,,,true,,,Winterfell exposes transparent trace/AIR proofing; no trusted setup or KZG commitment phase,,measured,Winterfell transparent STARK pilot; matched vector only,measurement,true,false,unsupported,{},,,,,,
2af9808d-6024-4202-8c3b-48489c579518,2026-08-09T03:32:18.578972+00:00,C7-TRANSPARENT-STARK,winterfell-stark-pilot-v1,controlled_kernel,winterfell-0.13.1-f128,045609f7c669d9c8addd833c007ceab666099814,294bad57ed211ce5f668890c93845dca664b6897d4ff1a7011a5c837b0436472,161003701442815894,1,25,default,{},64,64,4,16,fft_ntt,,,,,,,,,,,,,,phase,,,true,,,Winterfell exposes transparent trace/AIR proofing; no trusted setup or KZG commitment phase,,measured,Winterfell transparent STARK pilot; matched vector only,measurement,true,false,unsupported,{},,,,,,
2af9808d-6024-4202-8c3b-48489c579518,2026-08-09T03:32:18.578989+00:00,C7-TRANSPARENT-STARK,winterfell-stark-pilot-v1,controlled_kernel,winterfell-0.13.1-f128,045609f7c669d9c8addd833c007ceab666099814,294bad57ed211ce5f668890c93845dca664b6897d4ff1a7011a5c837b0436472,161003701442815894,1,25,default,{},64,64,4,16,prove_total,10.247652,,,,,,,,,,,,,phase,,,true,,,,,measured,Winterfell transparent STARK pilot; matched vector only,measurement,true,true,ok,"{""trace_rows"":64.0}",,,,,,
2af9808d-6024-4202-8c3b-48489c579518,2026-08-09T03:32:18.579006+00:00,C7-TRANSPARENT-STARK,winterfell-stark-pilot-v1,controlled_kernel,winterfell-0.13.1-f128,045609f7c669d9c8addd833c007ceab666099814,294bad57ed211ce5f668890c93845dca664b6897d4ff1a7011a5c837b0436472,161003701442815894,1,25,default,{},64,64,4,16,serialize,0.007894,,,,,,,,,,,,,phase,,,true,,,,,measured,Winterfell transparent STARK pilot; matched vector only,measurement,true,true,ok,"{""proof_bytes"":12544.0}",,,,,,
2af9808d-6024-4202-8c3b-48489c579518,2026-08-09T03:32:18.579023+00:00,C7-TRANSPARENT-STARK,winterfell-stark-pilot-v1,controlled_kernel,winterfell-0.13.1-f128,045609f7c669d9c8addd833c007ceab666099814,294bad57ed211ce5f668890c93845dca664b6897d4ff1a7011a5c837b0436472,161003701442815894,1,25,default,{},64,64,4,16,deserialize,0.012092,,,,,,,,,,,,,phase,,,true,,,,,measured,Winterfell transparent STARK pilot; matched vector only,measurement,true,true,ok,"{""proof_bytes"":12544.0}",,,,,,
2af9808d-6024-4202-8c3b-48489c579518,2026-08-09T03:32:18.579041+00:00,C7-TRANSPARENT-STARK,winterfell-stark-pilot-v1,controlled_kernel,winterfell-0.13.1-f128,045609f7c669d9c8addd833c007ceab666099814,294bad57ed211ce5f668890c93845dca664b6897d4ff1a7011a5c837b0436472,161003701442815894,1,25,default,{},64,64,4,16,verify_total,0.768390,,,,,,,,,,,,,phase,,,true,,,,,measured,Winterfell transparent STARK pilot; matched vector only,measurement,true,true,ok,"{""trace_rows"":64.0}",,,,,,
2af9808d-6024-4202-8c3b-48489c579518,2026-08-09T03:32:18.579061+00:00,C7-TRANSPARENT-STARK,winterfell-stark-pilot-v1,controlled_kernel,winterfell-0.13.1-f128,045609f7c669d9c8addd833c007ceab666099814,294bad57ed211ce5f668890c93845dca664b6897d4ff1a7011a5c837b0436472,161003701442815894,1,25,default,{},64,64,4,16,adapter_process_wall,72.476305,10.000000,4.238281,12544,true,0,,243,956,,,,linux-procfs,process,,,true,,,"private commit and per-process swap I/O are unavailable; VmSwap reports allocation, not swap traffic; No documented hardware or OS energy counter is configured in WSL2",,measured,Winterfell transparent STARK pilot; matched vector only,measurement,true,true,ok,{},2,3,2,transition_constraints,5.0,13
038cc0a6-4cdd-49cc-99d2-8ed8d8440615,2026-08-09T03:32:18.647169+00:00,C7-TRANSPARENT-STARK,winterfell-stark-pilot-v1,controlled_kernel,winterfell-0.13.1-f128,045609f7c669d9c8addd833c007ceab666099814,294bad57ed211ce5f668890c93845dca664b6897d4ff1a7011a5c837b0436472,635979645228819535,0,26,default,{},16,16,4,16,native_execution,0.198400,,,,,,,,,,,,,phase,,,true,wrong_public_input,,,,measured,Winterfell transparent STARK pilot; matched vector only,measurement,true,true,ok,"{""native_work_units"":16.0}",,,,,,
038cc0a6-4cdd-49cc-99d2-8ed8d8440615,2026-08-09T03:32:18.647275+00:00,C7-TRANSPARENT-STARK,winterfell-stark-pilot-v1,controlled_kernel,winterfell-0.13.1-f128,045609f7c669d9c8addd833c007ceab666099814,294bad57ed211ce5f668890c93845dca664b6897d4ff1a7011a5c837b0436472,635979645228819535,0,26,default,{},16,16,4,16,witness,0.554522,,,,,,,,,,,,,phase,,,true,wrong_public_input,,,,measured,Winterfell transparent STARK pilot; matched vector only,measurement,true,true,ok,"{""trace_rows"":16.0,""transition_constraints"":2.0}",,,,,,
038cc0a6-4cdd-49cc-99d2-8ed8d8440615,2026-08-09T03:32:18.647297+00:00,C7-TRANSPARENT-STARK,winterfell-stark-pilot-v1,controlled_kernel,winterfell-0.13.1-f128,045609f7c669d9c8addd833c007ceab666099814,294bad57ed211ce5f668890c93845dca664b6897d4ff1a7011a5c837b0436472,635979645228819535,0,26,default,{},16,16,4,16,setup_or_preprocess,,,,,,,,,,,,,,phase,,,true,wrong_public_input,,Winterfell exposes transparent trace/AIR proofing; no trusted setup or KZG commitment phase,,measured,Winterfell transparent STARK pilot; matched vector only,measurement,true,false,unsupported,{},,,,,,
038cc0a6-4cdd-49cc-99d2-8ed8d8440615,2026-08-09T03:32:18.647312+00:00,C7-TRANSPARENT-STARK,winterfell-stark-pilot-v1,controlled_kernel,winterfell-0.13.1-f128,045609f7c669d9c8addd833c007ceab666099814,294bad57ed211ce5f668890c93845dca664b6897d4ff1a7011a5c837b0436472,635979645228819535,0,26,default,{},16,16,4,16,key_load,,,,,,,,,,,,,,phase,,,true,wrong_public_input,,Winterfell exposes transparent trace/AIR proofing; no trusted setup or KZG commitment phase,,measured,Winterfell transparent STARK pilot; matched vector only,measurement,true,false,unsupported,{},,,,,,
038cc0a6-4cdd-49cc-99d2-8ed8d8440615,2026-08-09T03:32:18.647325+00:00,C7-TRANSPARENT-STARK,winterfell-stark-pilot-v1,controlled_kernel,winterfell-0.13.1-f128,045609f7c669d9c8addd833c007ceab666099814,294bad57ed211ce5f668890c93845dca664b6897d4ff1a7011a5c837b0436472,635979645228819535,0,26,default,{},16,16,4,16,msm,,,,,,,,,,,,,,phase,,,true,wrong_public_input,,Winterfell exposes transparent trace/AIR proofing; no trusted setup or KZG commitment phase,,measured,Winterfell transparent STARK pilot; matched vector only,measurement,true,false,unsupported,{},,,,,,
038cc0a6-4cdd-49cc-99d2-8ed8d8440615,2026-08-09T03:32:18.647338+00:00,C7-TRANSPARENT-STARK,winterfell-stark-pilot-v1,controlled_kernel,winterfell-0.13.1-f128,045609f7c669d9c8addd833c007ceab666099814,294bad57ed211ce5f668890c93845dca664b6897d4ff1a7011a5c837b0436472,635979645228819535,0,26,default,{},16,16,4,16,fft_ntt,,,,,,,,,,,,,,phase,,,true,wrong_public_input,,Winterfell exposes transparent trace/AIR proofing; no trusted setup or KZG commitment phase,,measured,Winterfell transparent STARK pilot; matched vector only,measurement,true,false,unsupported,{},,,,,,
038cc0a6-4cdd-49cc-99d2-8ed8d8440615,2026-08-09T03:32:18.647351+00:00,C7-TRANSPARENT-STARK,winterfell-stark-pilot-v1,controlled_kernel,winterfell-0.13.1-f128,045609f7c669d9c8addd833c007ceab666099814,294bad57ed211ce5f668890c93845dca664b6897d4ff1a7011a5c837b0436472,635979645228819535,0,26,default,{},16,16,4,16,prove_total,8.499318,,,,,,,,,,,,,phase,,,true,wrong_public_input,,,,measured,Winterfell transparent STARK pilot; matched vector only,measurement,true,true,ok,"{""trace_rows"":16.0}",,,,,,
038cc0a6-4cdd-49cc-99d2-8ed8d8440615,2026-08-09T03:32:18.647364+00:00,C7-TRANSPARENT-STARK,winterfell-stark-pilot-v1,controlled_kernel,winterfell-0.13.1-f128,045609f7c669d9c8addd833c007ceab666099814,294bad57ed211ce5f668890c93845dca664b6897d4ff1a7011a5c837b0436472,635979645228819535,0,26,default,{},16,16,4,16,serialize,0.005901,,,,,,,,,,,,,phase,,,true,wrong_public_input,,,,measured,Winterfell transparent STARK pilot; matched vector only,measurement,true,true,ok,"{""proof_bytes"":4899.0}",,,,,,
038cc0a6-4cdd-49cc-99d2-8ed8d8440615,2026-08-09T03:32:18.647401+00:00,C7-TRANSPARENT-STARK,winterfell-stark-pilot-v1,controlled_kernel,winterfell-0.13.1-f128,045609f7c669d9c8addd833c007ceab666099814,294bad57ed211ce5f668890c93845dca664b6897d4ff1a7011a5c837b0436472,635979645228819535,0,26,default,{},16,16,4,16,deserialize,0.007945,,,,,,,,,,,,,phase,,,true,wrong_public_input,,,,measured,Winterfell transparent STARK pilot; matched vector only,measurement,true,true,ok,"{""proof_bytes"":4899.0}",,,,,,
038cc0a6-4cdd-49cc-99d2-8ed8d8440615,2026-08-09T03:32:18.647429+00:00,C7-TRANSPARENT-STARK,winterfell-stark-pilot-v1,controlled_kernel,winterfell-0.13.1-f128,045609f7c669d9c8addd833c007ceab666099814,294bad57ed211ce5f668890c93845dca664b6897d4ff1a7011a5c837b0436472,635979645228819535,0,26,default,{},16,16,4,16,verify_total,0.462711,,,,,,,,,,,,,phase,,,true,wrong_public_input,,,,measured,Winterfell transparent STARK pilot; matched vector only,measurement,true,true,ok,"{""trace_rows"":16.0}",,,,,,
038cc0a6-4cdd-49cc-99d2-8ed8d8440615,2026-08-09T03:32:18.647446+00:00,C7-TRANSPARENT-STARK,winterfell-stark-pilot-v1,controlled_kernel,winterfell-0.13.1-f128,045609f7c669d9c8addd833c007ceab666099814,294bad57ed211ce5f668890c93845dca664b6897d4ff1a7011a5c837b0436472,635979645228819535,0,26,default,{},16,16,4,16,invalid_reject,0.462711,,,,,,,,,,,,,phase,,,true,wrong_public_input,,,,measured,Winterfell transparent STARK pilot; matched vector only,measurement,true,true,ok,"{""trace_rows"":16.0}",,,,,,
038cc0a6-4cdd-49cc-99d2-8ed8d8440615,2026-08-09T03:32:18.647461+00:00,C7-TRANSPARENT-STARK,winterfell-stark-pilot-v1,controlled_kernel,winterfell-0.13.1-f128,045609f7c669d9c8addd833c007ceab666099814,294bad57ed211ce5f668890c93845dca664b6897d4ff1a7011a5c837b0436472,635979645228819535,0,26,default,{},16,16,4,16,adapter_process_wall,66.967397,10.000000,4.027344,4899,false,0,cryptographic_rejection,197,956,,,,linux-procfs,process,,,true,wrong_public_input,,"private commit and per-process swap I/O are unavailable; VmSwap reports allocation, not swap traffic; No documented hardware or OS energy counter is configured in WSL2",,measured,Winterfell transparent STARK pilot; matched vector only,measurement,true,true,ok,{},2,3,2,transition_constraints,5.0,12
4a1b9b44-712f-4d49-9091-0ee39844c37f,2026-08-09T03:32:18.720811+00:00,C7-TRANSPARENT-STARK,winterfell-stark-pilot-v1,controlled_kernel,winterfell-0.13.1-f128,045609f7c669d9c8addd833c007ceab666099814,294bad57ed211ce5f668890c93845dca664b6897d4ff1a7011a5c837b0436472,5802834939146026925,0,27,default,{},64,64,4,16,native_execution,0.218977,,,,,,,,,,,,,phase,,,true,,,,,measured,Winterfell transparent STARK pilot; matched vector only,measurement,true,true,ok,"{""native_work_units"":64.0}",,,,,,
4a1b9b44-712f-4d49-9091-0ee39844c37f,2026-08-09T03:32:18.720878+00:00,C7-TRANSPARENT-STARK,winterfell-stark-pilot-v1,controlled_kernel,winterfell-0.13.1-f128,045609f7c669d9c8addd833c007ceab666099814,294bad57ed211ce5f668890c93845dca664b6897d4ff1a7011a5c837b0436472,5802834939146026925,0,27,default,{},64,64,4,16,witness,0.510200,,,,,,,,,,,,,phase,,,true,,,,,measured,Winterfell transparent STARK pilot; matched vector only,measurement,true,true,ok,"{""trace_rows"":64.0,""transition_constraints"":2.0}",,,,,,
4a1b9b44-712f-4d49-9091-0ee39844c37f,2026-08-09T03:32:18.720898+00:00,C7-TRANSPARENT-STARK,winterfell-stark-pilot-v1,controlled_kernel,winterfell-0.13.1-f128,045609f7c669d9c8addd833c007ceab666099814,294bad57ed211ce5f668890c93845dca664b6897d4ff1a7011a5c837b0436472,5802834939146026925,0,27,default,{},64,64,4,16,setup_or_preprocess,,,,,,,,,,,,,,phase,,,true,,,Winterfell exposes transparent trace/AIR proofing; no trusted setup or KZG commitment phase,,measured,Winterfell transparent STARK pilot; matched vector only,measurement,true,false,unsupported,{},,,,,,
4a1b9b44-712f-4d49-9091-0ee39844c37f,2026-08-09T03:32:18.720912+00:00,C7-TRANSPARENT-STARK,winterfell-stark-pilot-v1,controlled_kernel,winterfell-0.13.1-f128,045609f7c669d9c8addd833c007ceab666099814,294bad57ed211ce5f668890c93845dca664b6897d4ff1a7011a5c837b0436472,5802834939146026925,0,27,default,{},64,64,4,16,key_load,,,,,,,,,,,,,,phase,,,true,,,Winterfell exposes transparent trace/AIR proofing; no trusted setup or KZG commitment phase,,measured,Winterfell transparent STARK pilot; matched vector only,measurement,true,false,unsupported,{},,,,,,
4a1b9b44-712f-4d49-9091-0ee39844c37f,2026-08-09T03:32:18.720925+00:00,C7-TRANSPARENT-STARK,winterfell-stark-pilot-v1,controlled_kernel,winterfell-0.13.1-f128,045609f7c669d9c8addd833c007ceab666099814,294bad57ed211ce5f668890c93845dca664b6897d4ff1a7011a5c837b0436472,5802834939146026925,0,27,default,{},64,64,4,16,msm,,,,,,,,,,,,,,phase,,,true,,,Winterfell exposes transparent trace/AIR proofing; no trusted setup or KZG commitment phase,,measured,Winterfell transparent STARK pilot; matched vector only,measurement,true,false,unsupported,{},,,,,,
4a1b9b44-712f-4d49-9091-0ee39844c37f,2026-08-09T03:32:18.720937+00:00,C7-TRANSPARENT-STARK,winterfell-stark-pilot-v1,controlled_kernel,winterfell-0.13.1-f128,045609f7c669d9c8addd833c007ceab666099814,294bad57ed211ce5f668890c93845dca664b6897d4ff1a7011a5c837b0436472,5802834939146026925,0,27,default,{},64,64,4,16,fft_ntt,,,,,,,,,,,,,,phase,,,true,,,Winterfell exposes transparent trace/AIR proofing; no trusted setup or KZG commitment phase,,measured,Winterfell transparent STARK pilot; matched vector only,measurement,true,false,unsupported,{},,,,,,
4a1b9b44-712f-4d49-9091-0ee39844c37f,2026-08-09T03:32:18.720949+00:00,C7-TRANSPARENT-STARK,winterfell-stark-pilot-v1,controlled_kernel,winterfell-0.13.1-f128,045609f7c669d9c8addd833c007ceab666099814,294bad57ed211ce5f668890c93845dca664b6897d4ff1a7011a5c837b0436472,5802834939146026925,0,27,default,{},64,64,4,16,prove_total,9.828760,,,,,,,,,,,,,phase,,,true,,,,,measured,Winterfell transparent STARK pilot; matched vector only,measurement,true,true,ok,"{""trace_rows"":64.0}",,,,,,
4a1b9b44-712f-4d49-9091-0ee39844c37f,2026-08-09T03:32:18.720962+00:00,C7-TRANSPARENT-STARK,winterfell-stark-pilot-v1,controlled_kernel,winterfell-0.13.1-f128,045609f7c669d9c8addd833c007ceab666099814,294bad57ed211ce5f668890c93845dca664b6897d4ff1a7011a5c837b0436472,5802834939146026925,0,27,default,{},64,64,4,16,serialize,0.006802,,,,,,,,,,,,,phase,,,true,,,,,measured,Winterfell transparent STARK pilot; matched vector only,measurement,true,true,ok,"{""proof_bytes"":12749.0}",,,,,,
4a1b9b44-712f-4d49-9091-0ee39844c37f,2026-08-09T03:32:18.720976+00:00,C7-TRANSPARENT-STARK,winterfell-stark-pilot-v1,controlled_kernel,winterfell-0.13.1-f128,045609f7c669d9c8addd833c007ceab666099814,294bad57ed211ce5f668890c93845dca664b6897d4ff1a7011a5c837b0436472,5802834939146026925,0,27,default,{},64,64,4,16,deserialize,0.011080,,,,,,,,,,,,,phase,,,true,,,,,measured,Winterfell transparent STARK pilot; matched vector only,measurement,true,true,ok,"{""proof_bytes"":12749.0}",,,,,,
4a1b9b44-712f-4d49-9091-0ee39844c37f,2026-08-09T03:32:18.720989+00:00,C7-TRANSPARENT-STARK,winterfell-stark-pilot-v1,controlled_kernel,winterfell-0.13.1-f128,045609f7c669d9c8addd833c007ceab666099814,294bad57ed211ce5f668890c93845dca664b6897d4ff1a7011a5c837b0436472,5802834939146026925,0,27,default,{},64,64,4,16,verify_total,0.721918,,,,,,,,,,,,,phase,,,true,,,,,measured,Winterfell transparent STARK pilot; matched vector only,measurement,true,true,ok,"{""trace_rows"":64.0}",,,,,,
4a1b9b44-712f-4d49-9091-0ee39844c37f,2026-08-09T03:32:18.721001+00:00,C7-TRANSPARENT-STARK,winterfell-stark-pilot-v1,controlled_kernel,winterfell-0.13.1-f128,045609f7c669d9c8addd833c007ceab666099814,294bad57ed211ce5f668890c93845dca664b6897d4ff1a7011a5c837b0436472,5802834939146026925,0,27,default,{},64,64,4,16,adapter_process_wall,72.548342,10.000000,4.226562,12749,true,0,,241,956,,,,linux-procfs,process,,,true,,,"private commit and per-process swap I/O are unavailable; VmSwap reports allocation, not swap traffic; No documented hardware or OS energy counter is configured in WSL2",,measured,Winterfell transparent STARK pilot; matched vector only,measurement,true,true,ok,{},2,3,2,transition_constraints,5.0,13
6f41c780-8b93-4539-b6c9-a46c082b8d23,2026-08-09T03:32:18.792719+00:00,C7-TRANSPARENT-STARK,winterfell-stark-pilot-v1,controlled_kernel,winterfell-0.13.1-f128,045609f7c669d9c8addd833c007ceab666099814,294bad57ed211ce5f668890c93845dca664b6897d4ff1a7011a5c837b0436472,3201852985147024953,1,28,default,{},64,64,4,16,native_execution,0.180906,,,,,,,,,,,,,phase,,,true,wrong_public_input,,,,measured,Winterfell transparent STARK pilot; matched vector only,measurement,true,true,ok,"{""native_work_units"":64.0}",,,,,,
6f41c780-8b93-4539-b6c9-a46c082b8d23,2026-08-09T03:32:18.792846+00:00,C7-TRANSPARENT-STARK,winterfell-stark-pilot-v1,controlled_kernel,winterfell-0.13.1-f128,045609f7c669d9c8addd833c007ceab666099814,294bad57ed211ce5f668890c93845dca664b6897d4ff1a7011a5c837b0436472,3201852985147024953,1,28,default,{},64,64,4,16,witness,0.628529,,,,,,,,,,,,,phase,,,true,wrong_public_input,,,,measured,Winterfell transparent STARK pilot; matched vector only,measurement,true,true,ok,"{""trace_rows"":64.0,""transition_constraints"":2.0}",,,,,,
6f41c780-8b93-4539-b6c9-a46c082b8d23,2026-08-09T03:32:18.792873+00:00,C7-TRANSPARENT-STARK,winterfell-stark-pilot-v1,controlled_kernel,winterfell-0.13.1-f128,045609f7c669d9c8addd833c007ceab666099814,294bad57ed211ce5f668890c93845dca664b6897d4ff1a7011a5c837b0436472,3201852985147024953,1,28,default,{},64,64,4,16,setup_or_preprocess,,,,,,,,,,,,,,phase,,,true,wrong_public_input,,Winterfell exposes transparent trace/AIR proofing; no trusted setup or KZG commitment phase,,measured,Winterfell transparent STARK pilot; matched vector only,measurement,true,false,unsupported,{},,,,,,
6f41c780-8b93-4539-b6c9-a46c082b8d23,2026-08-09T03:32:18.792893+00:00,C7-TRANSPARENT-STARK,winterfell-stark-pilot-v1,controlled_kernel,winterfell-0.13.1-f128,045609f7c669d9c8addd833c007ceab666099814,294bad57ed211ce5f668890c93845dca664b6897d4ff1a7011a5c837b0436472,3201852985147024953,1,28,default,{},64,64,4,16,key_load,,,,,,,,,,,,,,phase,,,true,wrong_public_input,,Winterfell exposes transparent trace/AIR proofing; no trusted setup or KZG commitment phase,,measured,Winterfell transparent STARK pilot; matched vector only,measurement,true,false,unsupported,{},,,,,,
6f41c780-8b93-4539-b6c9-a46c082b8d23,2026-08-09T03:32:18.792910+00:00,C7-TRANSPARENT-STARK,winterfell-stark-pilot-v1,controlled_kernel,winterfell-0.13.1-f128,045609f7c669d9c8addd833c007ceab666099814,294bad57ed211ce5f668890c93845dca664b6897d4ff1a7011a5c837b0436472,3201852985147024953,1,28,default,{},64,64,4,16,msm,,,,,,,,,,,,,,phase,,,true,wrong_public_input,,Winterfell exposes transparent trace/AIR proofing; no trusted setup or KZG commitment phase,,measured,Winterfell transparent STARK pilot; matched vector only,measurement,true,false,unsupported,{},,,,,,
6f41c780-8b93-4539-b6c9-a46c082b8d23,2026-08-09T03:32:18.792926+00:00,C7-TRANSPARENT-STARK,winterfell-stark-pilot-v1,controlled_kernel,winterfell-0.13.1-f128,045609f7c669d9c8addd833c007ceab666099814,294bad57ed211ce5f668890c93845dca664b6897d4ff1a7011a5c837b0436472,3201852985147024953,1,28,default,{},64,64,4,16,fft_ntt,,,,,,,,,,,,,,phase,,,true,wrong_public_input,,Winterfell exposes transparent trace/AIR proofing; no trusted setup or KZG commitment phase,,measured,Winterfell transparent STARK pilot; matched vector only,measurement,true,false,unsupported,{},,,,,,
6f41c780-8b93-4539-b6c9-a46c082b8d23,2026-08-09T03:32:18.792942+00:00,C7-TRANSPARENT-STARK,winterfell-stark-pilot-v1,controlled_kernel,winterfell-0.13.1-f128,045609f7c669d9c8addd833c007ceab666099814,294bad57ed211ce5f668890c93845dca664b6897d4ff1a7011a5c837b0436472,3201852985147024953,1,28,default,{},64,64,4,16,prove_total,8.837137,,,,,,,,,,,,,phase,,,true,wrong_public_input,,,,measured,Winterfell transparent STARK pilot; matched vector only,measurement,true,true,ok,"{""trace_rows"":64.0}",,,,,,
6f41c780-8b93-4539-b6c9-a46c082b8d23,2026-08-09T03:32:18.792960+00:00,C7-TRANSPARENT-STARK,winterfell-stark-pilot-v1,controlled_kernel,winterfell-0.13.1-f128,045609f7c669d9c8addd833c007ceab666099814,294bad57ed211ce5f668890c93845dca664b6897d4ff1a7011a5c837b0436472,3201852985147024953,1,28,default,{},64,64,4,16,serialize,0.008265,,,,,,,,,,,,,phase,,,true,wrong_public_input,,,,measured,Winterfell transparent STARK pilot; matched vector only,measurement,true,true,ok,"{""proof_bytes"":12782.0}",,,,,,
6f41c780-8b93-4539-b6c9-a46c082b8d23,2026-08-09T03:32:18.792977+00:00,C7-TRANSPARENT-STARK,winterfell-stark-pilot-v1,controlled_kernel,winterfell-0.13.1-f128,045609f7c669d9c8addd833c007ceab666099814,294bad57ed211ce5f668890c93845dca664b6897d4ff1a7011a5c837b0436472,3201852985147024953,1,28,default,{},64,64,4,16,deserialize,0.010911,,,,,,,,,,,,,phase,,,true,wrong_public_input,,,,measured,Winterfell transparent STARK pilot; matched vector only,measurement,true,true,ok,"{""proof_bytes"":12782.0}",,,,,,
6f41c780-8b93-4539-b6c9-a46c082b8d23,2026-08-09T03:32:18.792994+00:00,C7-TRANSPARENT-STARK,winterfell-stark-pilot-v1,controlled_kernel,winterfell-0.13.1-f128,045609f7c669d9c8addd833c007ceab666099814,294bad57ed211ce5f668890c93845dca664b6897d4ff1a7011a5c837b0436472,3201852985147024953,1,28,default,{},64,64,4,16,verify_total,0.419275,,,,,,,,,,,,,phase,,,true,wrong_public_input,,,,measured,Winterfell transparent STARK pilot; matched vector only,measurement,true,true,ok,"{""trace_rows"":64.0}",,,,,,
6f41c780-8b93-4539-b6c9-a46c082b8d23,2026-08-09T03:32:18.793010+00:00,C7-TRANSPARENT-STARK,winterfell-stark-pilot-v1,controlled_kernel,winterfell-0.13.1-f128,045609f7c669d9c8addd833c007ceab666099814,294bad57ed211ce5f668890c93845dca664b6897d4ff1a7011a5c837b0436472,3201852985147024953,1,28,default,{},64,64,4,16,invalid_reject,0.419275,,,,,,,,,,,,,phase,,,true,wrong_public_input,,,,measured,Winterfell transparent STARK pilot; matched vector only,measurement,true,true,ok,"{""trace_rows"":64.0}",,,,,,
6f41c780-8b93-4539-b6c9-a46c082b8d23,2026-08-09T03:32:18.793032+00:00,C7-TRANSPARENT-STARK,winterfell-stark-pilot-v1,controlled_kernel,winterfell-0.13.1-f128,045609f7c669d9c8addd833c007ceab666099814,294bad57ed211ce5f668890c93845dca664b6897d4ff1a7011a5c837b0436472,3201852985147024953,1,28,default,{},64,64,4,16,adapter_process_wall,70.702018,10.000000,4.292969,12782,false,0,cryptographic_rejection,243,956,,,,linux-procfs,process,,,true,wrong_public_input,,"private commit and per-process swap I/O are unavailable; VmSwap reports allocation, not swap traffic; No documented hardware or OS energy counter is configured in WSL2",,measured,Winterfell transparent STARK pilot; matched vector only,measurement,true,true,ok,{},2,3,2,transition_constraints,5.0,13
a632f40b-6d4a-4801-b144-c1aacfbdb739,2026-08-09T03:32:18.863272+00:00,C7-TRANSPARENT-STARK,winterfell-stark-pilot-v1,controlled_kernel,winterfell-0.13.1-f128,045609f7c669d9c8addd833c007ceab666099814,294bad57ed211ce5f668890c93845dca664b6897d4ff1a7011a5c837b0436472,7182257550837830735,2,29,default,{},16,16,4,16,native_execution,0.199862,,,,,,,,,,,,,phase,,,true,wrong_public_input,,,,measured,Winterfell transparent STARK pilot; matched vector only,measurement,true,true,ok,"{""native_work_units"":16.0}",,,,,,
a632f40b-6d4a-4801-b144-c1aacfbdb739,2026-08-09T03:32:18.863335+00:00,C7-TRANSPARENT-STARK,winterfell-stark-pilot-v1,controlled_kernel,winterfell-0.13.1-f128,045609f7c669d9c8addd833c007ceab666099814,294bad57ed211ce5f668890c93845dca664b6897d4ff1a7011a5c837b0436472,7182257550837830735,2,29,default,{},16,16,4,16,witness,0.572585,,,,,,,,,,,,,phase,,,true,wrong_public_input,,,,measured,Winterfell transparent STARK pilot; matched vector only,measurement,true,true,ok,"{""trace_rows"":16.0,""transition_constraints"":2.0}",,,,,,
a632f40b-6d4a-4801-b144-c1aacfbdb739,2026-08-09T03:32:18.863356+00:00,C7-TRANSPARENT-STARK,winterfell-stark-pilot-v1,controlled_kernel,winterfell-0.13.1-f128,045609f7c669d9c8addd833c007ceab666099814,294bad57ed211ce5f668890c93845dca664b6897d4ff1a7011a5c837b0436472,7182257550837830735,2,29,default,{},16,16,4,16,setup_or_preprocess,,,,,,,,,,,,,,phase,,,true,wrong_public_input,,Winterfell exposes transparent trace/AIR proofing; no trusted setup or KZG commitment phase,,measured,Winterfell transparent STARK pilot; matched vector only,measurement,true,false,unsupported,{},,,,,,
a632f40b-6d4a-4801-b144-c1aacfbdb739,2026-08-09T03:32:18.863371+00:00,C7-TRANSPARENT-STARK,winterfell-stark-pilot-v1,controlled_kernel,winterfell-0.13.1-f128,045609f7c669d9c8addd833c007ceab666099814,294bad57ed211ce5f668890c93845dca664b6897d4ff1a7011a5c837b0436472,7182257550837830735,2,29,default,{},16,16,4,16,key_load,,,,,,,,,,,,,,phase,,,true,wrong_public_input,,Winterfell exposes transparent trace/AIR proofing; no trusted setup or KZG commitment phase,,measured,Winterfell transparent STARK pilot; matched vector only,measurement,true,false,unsupported,{},,,,,,
a632f40b-6d4a-4801-b144-c1aacfbdb739,2026-08-09T03:32:18.863383+00:00,C7-TRANSPARENT-STARK,winterfell-stark-pilot-v1,controlled_kernel,winterfell-0.13.1-f128,045609f7c669d9c8addd833c007ceab666099814,294bad57ed211ce5f668890c93845dca664b6897d4ff1a7011a5c837b0436472,7182257550837830735,2,29,default,{},16,16,4,16,msm,,,,,,,,,,,,,,phase,,,true,wrong_public_input,,Winterfell exposes transparent trace/AIR proofing; no trusted setup or KZG commitment phase,,measured,Winterfell transparent STARK pilot; matched vector only,measurement,true,false,unsupported,{},,,,,,
a632f40b-6d4a-4801-b144-c1aacfbdb739,2026-08-09T03:32:18.863395+00:00,C7-TRANSPARENT-STARK,winterfell-stark-pilot-v1,controlled_kernel,winterfell-0.13.1-f128,045609f7c669d9c8addd833c007ceab666099814,294bad57ed211ce5f668890c93845dca664b6897d4ff1a7011a5c837b0436472,7182257550837830735,2,29,default,{},16,16,4,16,fft_ntt,,,,,,,,,,,,,,phase,,,true,wrong_public_input,,Winterfell exposes transparent trace/AIR proofing; no trusted setup or KZG commitment phase,,measured,Winterfell transparent STARK pilot; matched vector only,measurement,true,false,unsupported,{},,,,,,
a632f40b-6d4a-4801-b144-c1aacfbdb739,2026-08-09T03:32:18.863407+00:00,C7-TRANSPARENT-STARK,winterfell-stark-pilot-v1,controlled_kernel,winterfell-0.13.1-f128,045609f7c669d9c8addd833c007ceab666099814,294bad57ed211ce5f668890c93845dca664b6897d4ff1a7011a5c837b0436472,7182257550837830735,2,29,default,{},16,16,4,16,prove_total,7.583012,,,,,,,,,,,,,phase,,,true,wrong_public_input,,,,measured,Winterfell transparent STARK pilot; matched vector only,measurement,true,true,ok,"{""trace_rows"":16.0}",,,,,,
a632f40b-6d4a-4801-b144-c1aacfbdb739,2026-08-09T03:32:18.863420+00:00,C7-TRANSPARENT-STARK,winterfell-stark-pilot-v1,controlled_kernel,winterfell-0.13.1-f128,045609f7c669d9c8addd833c007ceab666099814,294bad57ed211ce5f668890c93845dca664b6897d4ff1a7011a5c837b0436472,7182257550837830735,2,29,default,{},16,16,4,16,serialize,0.004449,,,,,,,,,,,,,phase,,,true,wrong_public_input,,,,measured,Winterfell transparent STARK pilot; matched vector only,measurement,true,true,ok,"{""proof_bytes"":5175.0}",,,,,,
a632f40b-6d4a-4801-b144-c1aacfbdb739,2026-08-09T03:32:18.863433+00:00,C7-TRANSPARENT-STARK,winterfell-stark-pilot-v1,controlled_kernel,winterfell-0.13.1-f128,045609f7c669d9c8addd833c007ceab666099814,294bad57ed211ce5f668890c93845dca664b6897d4ff1a7011a5c837b0436472,7182257550837830735,2,29,default,{},16,16,4,16,deserialize,0.006301,,,,,,,,,,,,,phase,,,true,wrong_public_input,,,,measured,Winterfell transparent STARK pilot; matched vector only,measurement,true,true,ok,"{""proof_bytes"":5175.0}",,,,,,
a632f40b-6d4a-4801-b144-c1aacfbdb739,2026-08-09T03:32:18.863446+00:00,C7-TRANSPARENT-STARK,winterfell-stark-pilot-v1,controlled_kernel,winterfell-0.13.1-f128,045609f7c669d9c8addd833c007ceab666099814,294bad57ed211ce5f668890c93845dca664b6897d4ff1a7011a5c837b0436472,7182257550837830735,2,29,default,{},16,16,4,16,verify_total,0.391990,,,,,,,,,,,,,phase,,,true,wrong_public_input,,,,measured,Winterfell transparent STARK pilot; matched vector only,measurement,true,true,ok,"{""trace_rows"":16.0}",,,,,,
a632f40b-6d4a-4801-b144-c1aacfbdb739,2026-08-09T03:32:18.863458+00:00,C7-TRANSPARENT-STARK,winterfell-stark-pilot-v1,controlled_kernel,winterfell-0.13.1-f128,045609f7c669d9c8addd833c007ceab666099814,294bad57ed211ce5f668890c93845dca664b6897d4ff1a7011a5c837b0436472,7182257550837830735,2,29,default,{},16,16,4,16,invalid_reject,0.391990,,,,,,,,,,,,,phase,,,true,wrong_public_input,,,,measured,Winterfell transparent STARK pilot; matched vector only,measurement,true,true,ok,"{""trace_rows"":16.0}",,,,,,
a632f40b-6d4a-4801-b144-c1aacfbdb739,2026-08-09T03:32:18.863471+00:00,C7-TRANSPARENT-STARK,winterfell-stark-pilot-v1,controlled_kernel,winterfell-0.13.1-f128,045609f7c669d9c8addd833c007ceab666099814,294bad57ed211ce5f668890c93845dca664b6897d4ff1a7011a5c837b0436472,7182257550837830735,2,29,default,{},16,16,4,16,adapter_process_wall,69.276774,10.000000,4.082031,5175,false,0,cryptographic_rejection,205,956,,,,linux-procfs,process,,,true,wrong_public_input,,"private commit and per-process swap I/O are unavailable; VmSwap reports allocation, not swap traffic; No documented hardware or OS energy counter is configured in WSL2",,measured,Winterfell transparent STARK pilot; matched vector only,measurement,true,true,ok,{},2,3,2,transition_constraints,5.0,13
540865a1-cd7b-482b-9763-84e9bb06da72,2026-08-09T03:32:18.943309+00:00,C7-TRANSPARENT-STARK,winterfell-stark-pilot-v1,controlled_kernel,winterfell-0.13.1-f128,045609f7c669d9c8addd833c007ceab666099814,294bad57ed211ce5f668890c93845dca664b6897d4ff1a7011a5c837b0436472,2825107923742681271,1,30,default,{},256,256,4,16,native_execution,0.229026,,,,,,,,,,,,,phase,,,true,,,,,measured,Winterfell transparent STARK pilot; matched vector only,measurement,true,true,ok,"{""native_work_units"":256.0}",,,,,,
540865a1-cd7b-482b-9763-84e9bb06da72,2026-08-09T03:32:18.943375+00:00,C7-TRANSPARENT-STARK,winterfell-stark-pilot-v1,controlled_kernel,winterfell-0.13.1-f128,045609f7c669d9c8addd833c007ceab666099814,294bad57ed211ce5f668890c93845dca664b6897d4ff1a7011a5c837b0436472,2825107923742681271,1,30,default,{},256,256,4,16,witness,0.622598,,,,,,,,,,,,,phase,,,true,,,,,measured,Winterfell transparent STARK pilot; matched vector only,measurement,true,true,ok,"{""trace_rows"":256.0,""transition_constraints"":2.0}",,,,,,
540865a1-cd7b-482b-9763-84e9bb06da72,2026-08-09T03:32:18.943395+00:00,C7-TRANSPARENT-STARK,winterfell-stark-pilot-v1,controlled_kernel,winterfell-0.13.1-f128,045609f7c669d9c8addd833c007ceab666099814,294bad57ed211ce5f668890c93845dca664b6897d4ff1a7011a5c837b0436472,2825107923742681271,1,30,default,{},256,256,4,16,setup_or_preprocess,,,,,,,,,,,,,,phase,,,true,,,Winterfell exposes transparent trace/AIR proofing; no trusted setup or KZG commitment phase,,measured,Winterfell transparent STARK pilot; matched vector only,measurement,true,false,unsupported,{},,,,,,
540865a1-cd7b-482b-9763-84e9bb06da72,2026-08-09T03:32:18.943410+00:00,C7-TRANSPARENT-STARK,winterfell-stark-pilot-v1,controlled_kernel,winterfell-0.13.1-f128,045609f7c669d9c8addd833c007ceab666099814,294bad57ed211ce5f668890c93845dca664b6897d4ff1a7011a5c837b0436472,2825107923742681271,1,30,default,{},256,256,4,16,key_load,,,,,,,,,,,,,,phase,,,true,,,Winterfell exposes transparent trace/AIR proofing; no trusted setup or KZG commitment phase,,measured,Winterfell transparent STARK pilot; matched vector only,measurement,true,false,unsupported,{},,,,,,
540865a1-cd7b-482b-9763-84e9bb06da72,2026-08-09T03:32:18.943423+00:00,C7-TRANSPARENT-STARK,winterfell-stark-pilot-v1,controlled_kernel,winterfell-0.13.1-f128,045609f7c669d9c8addd833c007ceab666099814,294bad57ed211ce5f668890c93845dca664b6897d4ff1a7011a5c837b0436472,2825107923742681271,1,30,default,{},256,256,4,16,msm,,,,,,,,,,,,,,phase,,,true,,,Winterfell exposes transparent trace/AIR proofing; no trusted setup or KZG commitment phase,,measured,Winterfell transparent STARK pilot; matched vector only,measurement,true,false,unsupported,{},,,,,,
540865a1-cd7b-482b-9763-84e9bb06da72,2026-08-09T03:32:18.943435+00:00,C7-TRANSPARENT-STARK,winterfell-stark-pilot-v1,controlled_kernel,winterfell-0.13.1-f128,045609f7c669d9c8addd833c007ceab666099814,294bad57ed211ce5f668890c93845dca664b6897d4ff1a7011a5c837b0436472,2825107923742681271,1,30,default,{},256,256,4,16,fft_ntt,,,,,,,,,,,,,,phase,,,true,,,Winterfell exposes transparent trace/AIR proofing; no trusted setup or KZG commitment phase,,measured,Winterfell transparent STARK pilot; matched vector only,measurement,true,false,unsupported,{},,,,,,
540865a1-cd7b-482b-9763-84e9bb06da72,2026-08-09T03:32:18.943447+00:00,C7-TRANSPARENT-STARK,winterfell-stark-pilot-v1,controlled_kernel,winterfell-0.13.1-f128,045609f7c669d9c8addd833c007ceab666099814,294bad57ed211ce5f668890c93845dca664b6897d4ff1a7011a5c837b0436472,2825107923742681271,1,30,default,{},256,256,4,16,prove_total,13.288920,,,,,,,,,,,,,phase,,,true,,,,,measured,Winterfell transparent STARK pilot; matched vector only,measurement,true,true,ok,"{""trace_rows"":256.0}",,,,,,
540865a1-cd7b-482b-9763-84e9bb06da72,2026-08-09T03:32:18.943461+00:00,C7-TRANSPARENT-STARK,winterfell-stark-pilot-v1,controlled_kernel,winterfell-0.13.1-f128,045609f7c669d9c8addd833c007ceab666099814,294bad57ed211ce5f668890c93845dca664b6897d4ff1a7011a5c837b0436472,2825107923742681271,1,30,default,{},256,256,4,16,serialize,0.009067,,,,,,,,,,,,,phase,,,true,,,,,measured,Winterfell transparent STARK pilot; matched vector only,measurement,true,true,ok,"{""proof_bytes"":19126.0}",,,,,,
540865a1-cd7b-482b-9763-84e9bb06da72,2026-08-09T03:32:18.943474+00:00,C7-TRANSPARENT-STARK,winterfell-stark-pilot-v1,controlled_kernel,winterfell-0.13.1-f128,045609f7c669d9c8addd833c007ceab666099814,294bad57ed211ce5f668890c93845dca664b6897d4ff1a7011a5c837b0436472,2825107923742681271,1,30,default,{},256,256,4,16,deserialize,0.013835,,,,,,,,,,,,,phase,,,true,,,,,measured,Winterfell transparent STARK pilot; matched vector only,measurement,true,true,ok,"{""proof_bytes"":19126.0}",,,,,,
540865a1-cd7b-482b-9763-84e9bb06da72,2026-08-09T03:32:18.943487+00:00,C7-TRANSPARENT-STARK,winterfell-stark-pilot-v1,controlled_kernel,winterfell-0.13.1-f128,045609f7c669d9c8addd833c007ceab666099814,294bad57ed211ce5f668890c93845dca664b6897d4ff1a7011a5c837b0436472,2825107923742681271,1,30,default,{},256,256,4,16,verify_total,0.999761,,,,,,,,,,,,,phase,,,true,,,,,measured,Winterfell transparent STARK pilot; matched vector only,measurement,true,true,ok,"{""trace_rows"":256.0}",,,,,,
540865a1-cd7b-482b-9763-84e9bb06da72,2026-08-09T03:32:18.943500+00:00,C7-TRANSPARENT-STARK,winterfell-stark-pilot-v1,controlled_kernel,winterfell-0.13.1-f128,045609f7c669d9c8addd833c007ceab666099814,294bad57ed211ce5f668890c93845dca664b6897d4ff1a7011a5c837b0436472,2825107923742681271,1,30,default,{},256,256,4,16,adapter_process_wall,79.074247,10.000000,4.757812,19126,true,0,,401,956,,,,linux-procfs,process,,,true,,,"Linux procfs read failed: [Errno 13] Permission denied: '/proc/576/io'; private commit and per-process swap I/O are unavailable; VmSwap reports allocation, not swap traffic; No documented hardware or OS energy counter is configured in WSL2",,measured,Winterfell transparent STARK pilot; matched vector only,measurement,true,true,ok,{},2,3,2,transition_constraints,5.0,14
83623de2-9a3b-41c4-9236-7d5abc2a5afb,2026-08-09T03:32:19.027780+00:00,C7-TRANSPARENT-STARK,winterfell-stark-pilot-v1,controlled_kernel,winterfell-0.13.1-f128,045609f7c669d9c8addd833c007ceab666099814,294bad57ed211ce5f668890c93845dca664b6897d4ff1a7011a5c837b0436472,5675886304548072762,1,31,default,{},1024,1024,2,16,native_execution,0.228029,,,,,,,,,,,,,phase,,,true,,,,,measured,Winterfell transparent STARK pilot; matched vector only,measurement,true,true,ok,"{""native_work_units"":1024.0}",,,,,,
83623de2-9a3b-41c4-9236-7d5abc2a5afb,2026-08-09T03:32:19.027862+00:00,C7-TRANSPARENT-STARK,winterfell-stark-pilot-v1,controlled_kernel,winterfell-0.13.1-f128,045609f7c669d9c8addd833c007ceab666099814,294bad57ed211ce5f668890c93845dca664b6897d4ff1a7011a5c837b0436472,5675886304548072762,1,31,default,{},1024,1024,2,16,witness,0.591835,,,,,,,,,,,,,phase,,,true,,,,,measured,Winterfell transparent STARK pilot; matched vector only,measurement,true,true,ok,"{""trace_rows"":1024.0,""transition_constraints"":2.0}",,,,,,
83623de2-9a3b-41c4-9236-7d5abc2a5afb,2026-08-09T03:32:19.027888+00:00,C7-TRANSPARENT-STARK,winterfell-stark-pilot-v1,controlled_kernel,winterfell-0.13.1-f128,045609f7c669d9c8addd833c007ceab666099814,294bad57ed211ce5f668890c93845dca664b6897d4ff1a7011a5c837b0436472,5675886304548072762,1,31,default,{},1024,1024,2,16,setup_or_preprocess,,,,,,,,,,,,,,phase,,,true,,,Winterfell exposes transparent trace/AIR proofing; no trusted setup or KZG commitment phase,,measured,Winterfell transparent STARK pilot; matched vector only,measurement,true,false,unsupported,{},,,,,,
83623de2-9a3b-41c4-9236-7d5abc2a5afb,2026-08-09T03:32:19.027906+00:00,C7-TRANSPARENT-STARK,winterfell-stark-pilot-v1,controlled_kernel,winterfell-0.13.1-f128,045609f7c669d9c8addd833c007ceab666099814,294bad57ed211ce5f668890c93845dca664b6897d4ff1a7011a5c837b0436472,5675886304548072762,1,31,default,{},1024,1024,2,16,key_load,,,,,,,,,,,,,,phase,,,true,,,Winterfell exposes transparent trace/AIR proofing; no trusted setup or KZG commitment phase,,measured,Winterfell transparent STARK pilot; matched vector only,measurement,true,false,unsupported,{},,,,,,
83623de2-9a3b-41c4-9236-7d5abc2a5afb,2026-08-09T03:32:19.027923+00:00,C7-TRANSPARENT-STARK,winterfell-stark-pilot-v1,controlled_kernel,winterfell-0.13.1-f128,045609f7c669d9c8addd833c007ceab666099814,294bad57ed211ce5f668890c93845dca664b6897d4ff1a7011a5c837b0436472,5675886304548072762,1,31,default,{},1024,1024,2,16,msm,,,,,,,,,,,,,,phase,,,true,,,Winterfell exposes transparent trace/AIR proofing; no trusted setup or KZG commitment phase,,measured,Winterfell transparent STARK pilot; matched vector only,measurement,true,false,unsupported,{},,,,,,
83623de2-9a3b-41c4-9236-7d5abc2a5afb,2026-08-09T03:32:19.027939+00:00,C7-TRANSPARENT-STARK,winterfell-stark-pilot-v1,controlled_kernel,winterfell-0.13.1-f128,045609f7c669d9c8addd833c007ceab666099814,294bad57ed211ce5f668890c93845dca664b6897d4ff1a7011a5c837b0436472,5675886304548072762,1,31,default,{},1024,1024,2,16,fft_ntt,,,,,,,,,,,,,,phase,,,true,,,Winterfell exposes transparent trace/AIR proofing; no trusted setup or KZG commitment phase,,measured,Winterfell transparent STARK pilot; matched vector only,measurement,true,false,unsupported,{},,,,,,
83623de2-9a3b-41c4-9236-7d5abc2a5afb,2026-08-09T03:32:19.027954+00:00,C7-TRANSPARENT-STARK,winterfell-stark-pilot-v1,controlled_kernel,winterfell-0.13.1-f128,045609f7c669d9c8addd833c007ceab666099814,294bad57ed211ce5f668890c93845dca664b6897d4ff1a7011a5c837b0436472,5675886304548072762,1,31,default,{},1024,1024,2,16,prove_total,15.830625,,,,,,,,,,,,,phase,,,true,,,,,measured,Winterfell transparent STARK pilot; matched vector only,measurement,true,true,ok,"{""trace_rows"":1024.0}",,,,,,
83623de2-9a3b-41c4-9236-7d5abc2a5afb,2026-08-09T03:32:19.027971+00:00,C7-TRANSPARENT-STARK,winterfell-stark-pilot-v1,controlled_kernel,winterfell-0.13.1-f128,045609f7c669d9c8addd833c007ceab666099814,294bad57ed211ce5f668890c93845dca664b6897d4ff1a7011a5c837b0436472,5675886304548072762,1,31,default,{},1024,1024,2,16,serialize,0.015549,,,,,,,,,,,,,phase,,,true,,,,,measured,Winterfell transparent STARK pilot; matched vector only,measurement,true,true,ok,"{""proof_bytes"":30640.0}",,,,,,
83623de2-9a3b-41c4-9236-7d5abc2a5afb,2026-08-09T03:32:19.027988+00:00,C7-TRANSPARENT-STARK,winterfell-stark-pilot-v1,controlled_kernel,winterfell-0.13.1-f128,045609f7c669d9c8addd833c007ceab666099814,294bad57ed211ce5f668890c93845dca664b6897d4ff1a7011a5c837b0436472,5675886304548072762,1,31,default,{},1024,1024,2,16,deserialize,0.021369,,,,,,,,,,,,,phase,,,true,,,,,measured,Winterfell transparent STARK pilot; matched vector only,measurement,true,true,ok,"{""proof_bytes"":30640.0}",,,,,,
83623de2-9a3b-41c4-9236-7d5abc2a5afb,2026-08-09T03:32:19.028004+00:00,C7-TRANSPARENT-STARK,winterfell-stark-pilot-v1,controlled_kernel,winterfell-0.13.1-f128,045609f7c669d9c8addd833c007ceab666099814,294bad57ed211ce5f668890c93845dca664b6897d4ff1a7011a5c837b0436472,5675886304548072762,1,31,default,{},1024,1024,2,16,verify_total,1.149975,,,,,,,,,,,,,phase,,,true,,,,,measured,Winterfell transparent STARK pilot; matched vector only,measurement,true,true,ok,"{""trace_rows"":1024.0}",,,,,,
83623de2-9a3b-41c4-9236-7d5abc2a5afb,2026-08-09T03:32:19.028021+00:00,C7-TRANSPARENT-STARK,winterfell-stark-pilot-v1,controlled_kernel,winterfell-0.13.1-f128,045609f7c669d9c8addd833c007ceab666099814,294bad57ed211ce5f668890c93845dca664b6897d4ff1a7011a5c837b0436472,5675886304548072762,1,31,default,{},1024,1024,2,16,adapter_process_wall,83.328166,20.000000,7.113281,30640,true,0,,1100,956,,,,linux-procfs,process,,,true,,,"private commit and per-process swap I/O are unavailable; VmSwap reports allocation, not swap traffic; No documented hardware or OS energy counter is configured in WSL2",,measured,Winterfell transparent STARK pilot; matched vector only,measurement,true,true,ok,{},2,3,2,transition_constraints,5.0,15
67ad4081-6eda-427d-915d-26e4e3b1947f,2026-08-09T03:32:19.096600+00:00,C7-TRANSPARENT-STARK,winterfell-stark-pilot-v1,controlled_kernel,winterfell-0.13.1-f128,045609f7c669d9c8addd833c007ceab666099814,294bad57ed211ce5f668890c93845dca664b6897d4ff1a7011a5c837b0436472,6771074320967286088,2,32,default,{},64,64,1,16,native_execution,0.210890,,,,,,,,,,,,,phase,,,true,,,,,measured,Winterfell transparent STARK pilot; matched vector only,measurement,true,true,ok,"{""native_work_units"":64.0}",,,,,,
67ad4081-6eda-427d-915d-26e4e3b1947f,2026-08-09T03:32:19.096665+00:00,C7-TRANSPARENT-STARK,winterfell-stark-pilot-v1,controlled_kernel,winterfell-0.13.1-f128,045609f7c669d9c8addd833c007ceab666099814,294bad57ed211ce5f668890c93845dca664b6897d4ff1a7011a5c837b0436472,6771074320967286088,2,32,default,{},64,64,1,16,witness,0.565443,,,,,,,,,,,,,phase,,,true,,,,,measured,Winterfell transparent STARK pilot; matched vector only,measurement,true,true,ok,"{""trace_rows"":64.0,""transition_constraints"":2.0}",,,,,,
67ad4081-6eda-427d-915d-26e4e3b1947f,2026-08-09T03:32:19.096685+00:00,C7-TRANSPARENT-STARK,winterfell-stark-pilot-v1,controlled_kernel,winterfell-0.13.1-f128,045609f7c669d9c8addd833c007ceab666099814,294bad57ed211ce5f668890c93845dca664b6897d4ff1a7011a5c837b0436472,6771074320967286088,2,32,default,{},64,64,1,16,setup_or_preprocess,,,,,,,,,,,,,,phase,,,true,,,Winterfell exposes transparent trace/AIR proofing; no trusted setup or KZG commitment phase,,measured,Winterfell transparent STARK pilot; matched vector only,measurement,true,false,unsupported,{},,,,,,
67ad4081-6eda-427d-915d-26e4e3b1947f,2026-08-09T03:32:19.096700+00:00,C7-TRANSPARENT-STARK,winterfell-stark-pilot-v1,controlled_kernel,winterfell-0.13.1-f128,045609f7c669d9c8addd833c007ceab666099814,294bad57ed211ce5f668890c93845dca664b6897d4ff1a7011a5c837b0436472,6771074320967286088,2,32,default,{},64,64,1,16,key_load,,,,,,,,,,,,,,phase,,,true,,,Winterfell exposes transparent trace/AIR proofing; no trusted setup or KZG commitment phase,,measured,Winterfell transparent STARK pilot; matched vector only,measurement,true,false,unsupported,{},,,,,,
67ad4081-6eda-427d-915d-26e4e3b1947f,2026-08-09T03:32:19.096713+00:00,C7-TRANSPARENT-STARK,winterfell-stark-pilot-v1,controlled_kernel,winterfell-0.13.1-f128,045609f7c669d9c8addd833c007ceab666099814,294bad57ed211ce5f668890c93845dca664b6897d4ff1a7011a5c837b0436472,6771074320967286088,2,32,default,{},64,64,1,16,msm,,,,,,,,,,,,,,phase,,,true,,,Winterfell exposes transparent trace/AIR proofing; no trusted setup or KZG commitment phase,,measured,Winterfell transparent STARK pilot; matched vector only,measurement,true,false,unsupported,{},,,,,,
67ad4081-6eda-427d-915d-26e4e3b1947f,2026-08-09T03:32:19.096725+00:00,C7-TRANSPARENT-STARK,winterfell-stark-pilot-v1,controlled_kernel,winterfell-0.13.1-f128,045609f7c669d9c8addd833c007ceab666099814,294bad57ed211ce5f668890c93845dca664b6897d4ff1a7011a5c837b0436472,6771074320967286088,2,32,default,{},64,64,1,16,fft_ntt,,,,,,,,,,,,,,phase,,,true,,,Winterfell exposes transparent trace/AIR proofing; no trusted setup or KZG commitment phase,,measured,Winterfell transparent STARK pilot; matched vector only,measurement,true,false,unsupported,{},,,,,,
67ad4081-6eda-427d-915d-26e4e3b1947f,2026-08-09T03:32:19.096737+00:00,C7-TRANSPARENT-STARK,winterfell-stark-pilot-v1,controlled_kernel,winterfell-0.13.1-f128,045609f7c669d9c8addd833c007ceab666099814,294bad57ed211ce5f668890c93845dca664b6897d4ff1a7011a5c837b0436472,6771074320967286088,2,32,default,{},64,64,1,16,prove_total,6.136742,,,,,,,,,,,,,phase,,,true,,,,,measured,Winterfell transparent STARK pilot; matched vector only,measurement,true,true,ok,"{""trace_rows"":64.0}",,,,,,
67ad4081-6eda-427d-915d-26e4e3b1947f,2026-08-09T03:32:19.096751+00:00,C7-TRANSPARENT-STARK,winterfell-stark-pilot-v1,controlled_kernel,winterfell-0.13.1-f128,045609f7c669d9c8addd833c007ceab666099814,294bad57ed211ce5f668890c93845dca664b6897d4ff1a7011a5c837b0436472,6771074320967286088,2,32,default,{},64,64,1,16,serialize,0.007815,,,,,,,,,,,,,phase,,,true,,,,,measured,Winterfell transparent STARK pilot; matched vector only,measurement,true,true,ok,"{""proof_bytes"":12783.0}",,,,,,
67ad4081-6eda-427d-915d-26e4e3b1947f,2026-08-09T03:32:19.096765+00:00,C7-TRANSPARENT-STARK,winterfell-stark-pilot-v1,controlled_kernel,winterfell-0.13.1-f128,045609f7c669d9c8addd833c007ceab666099814,294bad57ed211ce5f668890c93845dca664b6897d4ff1a7011a5c837b0436472,6771074320967286088,2,32,default,{},64,64,1,16,deserialize,0.011632,,,,,,,,,,,,,phase,,,true,,,,,measured,Winterfell transparent STARK pilot; matched vector only,measurement,true,true,ok,"{""proof_bytes"":12783.0}",,,,,,
67ad4081-6eda-427d-915d-26e4e3b1947f,2026-08-09T03:32:19.096777+00:00,C7-TRANSPARENT-STARK,winterfell-stark-pilot-v1,controlled_kernel,winterfell-0.13.1-f128,045609f7c669d9c8addd833c007ceab666099814,294bad57ed211ce5f668890c93845dca664b6897d4ff1a7011a5c837b0436472,6771074320967286088,2,32,default,{},64,64,1,16,verify_total,0.746183,,,,,,,,,,,,,phase,,,true,,,,,measured,Winterfell transparent STARK pilot; matched vector only,measurement,true,true,ok,"{""trace_rows"":64.0}",,,,,,
67ad4081-6eda-427d-915d-26e4e3b1947f,2026-08-09T03:32:19.096790+00:00,C7-TRANSPARENT-STARK,winterfell-stark-pilot-v1,controlled_kernel,winterfell-0.13.1-f128,045609f7c669d9c8addd833c007ceab666099814,294bad57ed211ce5f668890c93845dca664b6897d4ff1a7011a5c837b0436472,6771074320967286088,2,32,default,{},64,64,1,16,adapter_process_wall,67.749301,,3.589844,12783,true,0,,148,956,,,,linux-procfs,process,,,true,,,"Linux procfs read failed: [Errno 13] Permission denied: '/proc/586/io'; private commit and per-process swap I/O are unavailable; VmSwap reports allocation, not swap traffic; No documented hardware or OS energy counter is configured in WSL2",,measured,Winterfell transparent STARK pilot; matched vector only,measurement,true,true,ok,{},2,3,2,transition_constraints,5.0,12
ca076e6f-9073-49c1-8de5-23c48b47a936,2026-08-09T03:32:19.162050+00:00,C7-TRANSPARENT-STARK,winterfell-stark-pilot-v1,controlled_kernel,winterfell-0.13.1-f128,045609f7c669d9c8addd833c007ceab666099814,294bad57ed211ce5f668890c93845dca664b6897d4ff1a7011a5c837b0436472,250144483650823317,2,33,default,{},16,16,1,16,native_execution,0.188290,,,,,,,,,,,,,phase,,,true,,,,,measured,Winterfell transparent STARK pilot; matched vector only,measurement,true,true,ok,"{""native_work_units"":16.0}",,,,,,
ca076e6f-9073-49c1-8de5-23c48b47a936,2026-08-09T03:32:19.162144+00:00,C7-TRANSPARENT-STARK,winterfell-stark-pilot-v1,controlled_kernel,winterfell-0.13.1-f128,045609f7c669d9c8addd833c007ceab666099814,294bad57ed211ce5f668890c93845dca664b6897d4ff1a7011a5c837b0436472,250144483650823317,2,33,default,{},16,16,1,16,witness,0.607640,,,,,,,,,,,,,phase,,,true,,,,,measured,Winterfell transparent STARK pilot; matched vector only,measurement,true,true,ok,"{""trace_rows"":16.0,""transition_constraints"":2.0}",,,,,,
ca076e6f-9073-49c1-8de5-23c48b47a936,2026-08-09T03:32:19.162166+00:00,C7-TRANSPARENT-STARK,winterfell-stark-pilot-v1,controlled_kernel,winterfell-0.13.1-f128,045609f7c669d9c8addd833c007ceab666099814,294bad57ed211ce5f668890c93845dca664b6897d4ff1a7011a5c837b0436472,250144483650823317,2,33,default,{},16,16,1,16,setup_or_preprocess,,,,,,,,,,,,,,phase,,,true,,,Winterfell exposes transparent trace/AIR proofing; no trusted setup or KZG commitment phase,,measured,Winterfell transparent STARK pilot; matched vector only,measurement,true,false,unsupported,{},,,,,,
ca076e6f-9073-49c1-8de5-23c48b47a936,2026-08-09T03:32:19.162181+00:00,C7-TRANSPARENT-STARK,winterfell-stark-pilot-v1,controlled_kernel,winterfell-0.13.1-f128,045609f7c669d9c8addd833c007ceab666099814,294bad57ed211ce5f668890c93845dca664b6897d4ff1a7011a5c837b0436472,250144483650823317,2,33,default,{},16,16,1,16,key_load,,,,,,,,,,,,,,phase,,,true,,,Winterfell exposes transparent trace/AIR proofing; no trusted setup or KZG commitment phase,,measured,Winterfell transparent STARK pilot; matched vector only,measurement,true,false,unsupported,{},,,,,,
ca076e6f-9073-49c1-8de5-23c48b47a936,2026-08-09T03:32:19.162193+00:00,C7-TRANSPARENT-STARK,winterfell-stark-pilot-v1,controlled_kernel,winterfell-0.13.1-f128,045609f7c669d9c8addd833c007ceab666099814,294bad57ed211ce5f668890c93845dca664b6897d4ff1a7011a5c837b0436472,250144483650823317,2,33,default,{},16,16,1,16,msm,,,,,,,,,,,,,,phase,,,true,,,Winterfell exposes transparent trace/AIR proofing; no trusted setup or KZG commitment phase,,measured,Winterfell transparent STARK pilot; matched vector only,measurement,true,false,unsupported,{},,,,,,
ca076e6f-9073-49c1-8de5-23c48b47a936,2026-08-09T03:32:19.162206+00:00,C7-TRANSPARENT-STARK,winterfell-stark-pilot-v1,controlled_kernel,winterfell-0.13.1-f128,045609f7c669d9c8addd833c007ceab666099814,294bad57ed211ce5f668890c93845dca664b6897d4ff1a7011a5c837b0436472,250144483650823317,2,33,default,{},16,16,1,16,fft_ntt,,,,,,,,,,,,,,phase,,,true,,,Winterfell exposes transparent trace/AIR proofing; no trusted setup or KZG commitment phase,,measured,Winterfell transparent STARK pilot; matched vector only,measurement,true,false,unsupported,{},,,,,,
ca076e6f-9073-49c1-8de5-23c48b47a936,2026-08-09T03:32:19.162218+00:00,C7-TRANSPARENT-STARK,winterfell-stark-pilot-v1,controlled_kernel,winterfell-0.13.1-f128,045609f7c669d9c8addd833c007ceab666099814,294bad57ed211ce5f668890c93845dca664b6897d4ff1a7011a5c837b0436472,250144483650823317,2,33,default,{},16,16,1,16,prove_total,4.709094,,,,,,,,,,,,,phase,,,true,,,,,measured,Winterfell transparent STARK pilot; matched vector only,measurement,true,true,ok,"{""trace_rows"":16.0}",,,,,,
ca076e6f-9073-49c1-8de5-23c48b47a936,2026-08-09T03:32:19.162232+00:00,C7-TRANSPARENT-STARK,winterfell-stark-pilot-v1,controlled_kernel,winterfell-0.13.1-f128,045609f7c669d9c8addd833c007ceab666099814,294bad57ed211ce5f668890c93845dca664b6897d4ff1a7011a5c837b0436472,250144483650823317,2,33,default,{},16,16,1,16,serialize,0.004277,,,,,,,,,,,,,phase,,,true,,,,,measured,Winterfell transparent STARK pilot; matched vector only,measurement,true,true,ok,"{""proof_bytes"":4221.0}",,,,,,
ca076e6f-9073-49c1-8de5-23c48b47a936,2026-08-09T03:32:19.162245+00:00,C7-TRANSPARENT-STARK,winterfell-stark-pilot-v1,controlled_kernel,winterfell-0.13.1-f128,045609f7c669d9c8addd833c007ceab666099814,294bad57ed211ce5f668890c93845dca664b6897d4ff1a7011a5c837b0436472,250144483650823317,2,33,default,{},16,16,1,16,deserialize,0.005911,,,,,,,,,,,,,phase,,,true,,,,,measured,Winterfell transparent STARK pilot; matched vector only,measurement,true,true,ok,"{""proof_bytes"":4221.0}",,,,,,
ca076e6f-9073-49c1-8de5-23c48b47a936,2026-08-09T03:32:19.162258+00:00,C7-TRANSPARENT-STARK,winterfell-stark-pilot-v1,controlled_kernel,winterfell-0.13.1-f128,045609f7c669d9c8addd833c007ceab666099814,294bad57ed211ce5f668890c93845dca664b6897d4ff1a7011a5c837b0436472,250144483650823317,2,33,default,{},16,16,1,16,verify_total,0.752270,,,,,,,,,,,,,phase,,,true,,,,,measured,Winterfell transparent STARK pilot; matched vector only,measurement,true,true,ok,"{""trace_rows"":16.0}",,,,,,
ca076e6f-9073-49c1-8de5-23c48b47a936,2026-08-09T03:32:19.162272+00:00,C7-TRANSPARENT-STARK,winterfell-stark-pilot-v1,controlled_kernel,winterfell-0.13.1-f128,045609f7c669d9c8addd833c007ceab666099814,294bad57ed211ce5f668890c93845dca664b6897d4ff1a7011a5c837b0436472,250144483650823317,2,33,default,{},16,16,1,16,adapter_process_wall,64.393111,,3.921875,4221,true,0,,173,956,,,,linux-procfs,process,,,true,,,"private commit and per-process swap I/O are unavailable; VmSwap reports allocation, not swap traffic; No documented hardware or OS energy counter is configured in WSL2",,measured,Winterfell transparent STARK pilot; matched vector only,measurement,true,true,ok,{},2,3,2,transition_constraints,5.0,12
d2178256-d631-4798-8b59-f1ddd0ff0e09,2026-08-09T03:32:19.229602+00:00,C7-TRANSPARENT-STARK,winterfell-stark-pilot-v1,controlled_kernel,winterfell-0.13.1-f128,045609f7c669d9c8addd833c007ceab666099814,294bad57ed211ce5f668890c93845dca664b6897d4ff1a7011a5c837b0436472,6386509135355503178,0,34,default,{},64,64,1,16,native_execution,0.220270,,,,,,,,,,,,,phase,,,true,wrong_public_input,,,,measured,Winterfell transparent STARK pilot; matched vector only,measurement,true,true,ok,"{""native_work_units"":64.0}",,,,,,
d2178256-d631-4798-8b59-f1ddd0ff0e09,2026-08-09T03:32:19.229705+00:00,C7-TRANSPARENT-STARK,winterfell-stark-pilot-v1,controlled_kernel,winterfell-0.13.1-f128,045609f7c669d9c8addd833c007ceab666099814,294bad57ed211ce5f668890c93845dca664b6897d4ff1a7011a5c837b0436472,6386509135355503178,0,34,default,{},64,64,1,16,witness,0.538062,,,,,,,,,,,,,phase,,,true,wrong_public_input,,,,measured,Winterfell transparent STARK pilot; matched vector only,measurement,true,true,ok,"{""trace_rows"":64.0,""transition_constraints"":2.0}",,,,,,
d2178256-d631-4798-8b59-f1ddd0ff0e09,2026-08-09T03:32:19.229726+00:00,C7-TRANSPARENT-STARK,winterfell-stark-pilot-v1,controlled_kernel,winterfell-0.13.1-f128,045609f7c669d9c8addd833c007ceab666099814,294bad57ed211ce5f668890c93845dca664b6897d4ff1a7011a5c837b0436472,6386509135355503178,0,34,default,{},64,64,1,16,setup_or_preprocess,,,,,,,,,,,,,,phase,,,true,wrong_public_input,,Winterfell exposes transparent trace/AIR proofing; no trusted setup or KZG commitment phase,,measured,Winterfell transparent STARK pilot; matched vector only,measurement,true,false,unsupported,{},,,,,,
d2178256-d631-4798-8b59-f1ddd0ff0e09,2026-08-09T03:32:19.229741+00:00,C7-TRANSPARENT-STARK,winterfell-stark-pilot-v1,controlled_kernel,winterfell-0.13.1-f128,045609f7c669d9c8addd833c007ceab666099814,294bad57ed211ce5f668890c93845dca664b6897d4ff1a7011a5c837b0436472,6386509135355503178,0,34,default,{},64,64,1,16,key_load,,,,,,,,,,,,,,phase,,,true,wrong_public_input,,Winterfell exposes transparent trace/AIR proofing; no trusted setup or KZG commitment phase,,measured,Winterfell transparent STARK pilot; matched vector only,measurement,true,false,unsupported,{},,,,,,
d2178256-d631-4798-8b59-f1ddd0ff0e09,2026-08-09T03:32:19.229755+00:00,C7-TRANSPARENT-STARK,winterfell-stark-pilot-v1,controlled_kernel,winterfell-0.13.1-f128,045609f7c669d9c8addd833c007ceab666099814,294bad57ed211ce5f668890c93845dca664b6897d4ff1a7011a5c837b0436472,6386509135355503178,0,34,default,{},64,64,1,16,msm,,,,,,,,,,,,,,phase,,,true,wrong_public_input,,Winterfell exposes transparent trace/AIR proofing; no trusted setup or KZG commitment phase,,measured,Winterfell transparent STARK pilot; matched vector only,measurement,true,false,unsupported,{},,,,,,
d2178256-d631-4798-8b59-f1ddd0ff0e09,2026-08-09T03:32:19.229768+00:00,C7-TRANSPARENT-STARK,winterfell-stark-pilot-v1,controlled_kernel,winterfell-0.13.1-f128,045609f7c669d9c8addd833c007ceab666099814,294bad57ed211ce5f668890c93845dca664b6897d4ff1a7011a5c837b0436472,6386509135355503178,0,34,default,{},64,64,1,16,fft_ntt,,,,,,,,,,,,,,phase,,,true,wrong_public_input,,Winterfell exposes transparent trace/AIR proofing; no trusted setup or KZG commitment phase,,measured,Winterfell transparent STARK pilot; matched vector only,measurement,true,false,unsupported,{},,,,,,
d2178256-d631-4798-8b59-f1ddd0ff0e09,2026-08-09T03:32:19.229809+00:00,C7-TRANSPARENT-STARK,winterfell-stark-pilot-v1,controlled_kernel,winterfell-0.13.1-f128,045609f7c669d9c8addd833c007ceab666099814,294bad57ed211ce5f668890c93845dca664b6897d4ff1a7011a5c837b0436472,6386509135355503178,0,34,default,{},64,64,1,16,prove_total,5.847913,,,,,,,,,,,,,phase,,,true,wrong_public_input,,,,measured,Winterfell transparent STARK pilot; matched vector only,measurement,true,true,ok,"{""trace_rows"":64.0}",,,,,,
d2178256-d631-4798-8b59-f1ddd0ff0e09,2026-08-09T03:32:19.229834+00:00,C7-TRANSPARENT-STARK,winterfell-stark-pilot-v1,controlled_kernel,winterfell-0.13.1-f128,045609f7c669d9c8addd833c007ceab666099814,294bad57ed211ce5f668890c93845dca664b6897d4ff1a7011a5c837b0436472,6386509135355503178,0,34,default,{},64,64,1,16,serialize,0.007124,,,,,,,,,,,,,phase,,,true,wrong_public_input,,,,measured,Winterfell transparent STARK pilot; matched vector only,measurement,true,true,ok,"{""proof_bytes"":13137.0}",,,,,,
d2178256-d631-4798-8b59-f1ddd0ff0e09,2026-08-09T03:32:19.229852+00:00,C7-TRANSPARENT-STARK,winterfell-stark-pilot-v1,controlled_kernel,winterfell-0.13.1-f128,045609f7c669d9c8addd833c007ceab666099814,294bad57ed211ce5f668890c93845dca664b6897d4ff1a7011a5c837b0436472,6386509135355503178,0,34,default,{},64,64,1,16,deserialize,0.011171,,,,,,,,,,,,,phase,,,true,wrong_public_input,,,,measured,Winterfell transparent STARK pilot; matched vector only,measurement,true,true,ok,"{""proof_bytes"":13137.0}",,,,,,
d2178256-d631-4798-8b59-f1ddd0ff0e09,2026-08-09T03:32:19.229867+00:00,C7-TRANSPARENT-STARK,winterfell-stark-pilot-v1,controlled_kernel,winterfell-0.13.1-f128,045609f7c669d9c8addd833c007ceab666099814,294bad57ed211ce5f668890c93845dca664b6897d4ff1a7011a5c837b0436472,6386509135355503178,0,34,default,{},64,64,1,16,verify_total,0.452131,,,,,,,,,,,,,phase,,,true,wrong_public_input,,,,measured,Winterfell transparent STARK pilot; matched vector only,measurement,true,true,ok,"{""trace_rows"":64.0}",,,,,,
d2178256-d631-4798-8b59-f1ddd0ff0e09,2026-08-09T03:32:19.229881+00:00,C7-TRANSPARENT-STARK,winterfell-stark-pilot-v1,controlled_kernel,winterfell-0.13.1-f128,045609f7c669d9c8addd833c007ceab666099814,294bad57ed211ce5f668890c93845dca664b6897d4ff1a7011a5c837b0436472,6386509135355503178,0,34,default,{},64,64,1,16,invalid_reject,0.452131,,,,,,,,,,,,,phase,,,true,wrong_public_input,,,,measured,Winterfell transparent STARK pilot; matched vector only,measurement,true,true,ok,"{""trace_rows"":64.0}",,,,,,
d2178256-d631-4798-8b59-f1ddd0ff0e09,2026-08-09T03:32:19.229896+00:00,C7-TRANSPARENT-STARK,winterfell-stark-pilot-v1,controlled_kernel,winterfell-0.13.1-f128,045609f7c669d9c8addd833c007ceab666099814,294bad57ed211ce5f668890c93845dca664b6897d4ff1a7011a5c837b0436472,6386509135355503178,0,34,default,{},64,64,1,16,adapter_process_wall,66.415544,,3.960938,13137,false,0,cryptographic_rejection,180,956,,,,linux-procfs,process,,,true,wrong_public_input,,"private commit and per-process swap I/O are unavailable; VmSwap reports allocation, not swap traffic; No documented hardware or OS energy counter is configured in WSL2",,measured,Winterfell transparent STARK pilot; matched vector only,measurement,true,true,ok,{},2,3,2,transition_constraints,5.0,12
e4b4082e-5196-4019-9a25-d45b80a1e526,2026-08-09T03:32:19.304147+00:00,C7-TRANSPARENT-STARK,winterfell-stark-pilot-v1,controlled_kernel,winterfell-0.13.1-f128,045609f7c669d9c8addd833c007ceab666099814,294bad57ed211ce5f668890c93845dca664b6897d4ff1a7011a5c837b0436472,5252562353427593457,0,35,default,{},256,256,4,16,native_execution,0.242737,,,,,,,,,,,,,phase,,,true,,,,,measured,Winterfell transparent STARK pilot; matched vector only,measurement,true,true,ok,"{""native_work_units"":256.0}",,,,,,
e4b4082e-5196-4019-9a25-d45b80a1e526,2026-08-09T03:32:19.304209+00:00,C7-TRANSPARENT-STARK,winterfell-stark-pilot-v1,controlled_kernel,winterfell-0.13.1-f128,045609f7c669d9c8addd833c007ceab666099814,294bad57ed211ce5f668890c93845dca664b6897d4ff1a7011a5c837b0436472,5252562353427593457,0,35,default,{},256,256,4,16,witness,0.522899,,,,,,,,,,,,,phase,,,true,,,,,measured,Winterfell transparent STARK pilot; matched vector only,measurement,true,true,ok,"{""trace_rows"":256.0,""transition_constraints"":2.0}",,,,,,
e4b4082e-5196-4019-9a25-d45b80a1e526,2026-08-09T03:32:19.304229+00:00,C7-TRANSPARENT-STARK,winterfell-stark-pilot-v1,controlled_kernel,winterfell-0.13.1-f128,045609f7c669d9c8addd833c007ceab666099814,294bad57ed211ce5f668890c93845dca664b6897d4ff1a7011a5c837b0436472,5252562353427593457,0,35,default,{},256,256,4,16,setup_or_preprocess,,,,,,,,,,,,,,phase,,,true,,,Winterfell exposes transparent trace/AIR proofing; no trusted setup or KZG commitment phase,,measured,Winterfell transparent STARK pilot; matched vector only,measurement,true,false,unsupported,{},,,,,,
e4b4082e-5196-4019-9a25-d45b80a1e526,2026-08-09T03:32:19.304245+00:00,C7-TRANSPARENT-STARK,winterfell-stark-pilot-v1,controlled_kernel,winterfell-0.13.1-f128,045609f7c669d9c8addd833c007ceab666099814,294bad57ed211ce5f668890c93845dca664b6897d4ff1a7011a5c837b0436472,5252562353427593457,0,35,default,{},256,256,4,16,key_load,,,,,,,,,,,,,,phase,,,true,,,Winterfell exposes transparent trace/AIR proofing; no trusted setup or KZG commitment phase,,measured,Winterfell transparent STARK pilot; matched vector only,measurement,true,false,unsupported,{},,,,,,
e4b4082e-5196-4019-9a25-d45b80a1e526,2026-08-09T03:32:19.304258+00:00,C7-TRANSPARENT-STARK,winterfell-stark-pilot-v1,controlled_kernel,winterfell-0.13.1-f128,045609f7c669d9c8addd833c007ceab666099814,294bad57ed211ce5f668890c93845dca664b6897d4ff1a7011a5c837b0436472,5252562353427593457,0,35,default,{},256,256,4,16,msm,,,,,,,,,,,,,,phase,,,true,,,Winterfell exposes transparent trace/AIR proofing; no trusted setup or KZG commitment phase,,measured,Winterfell transparent STARK pilot; matched vector only,measurement,true,false,unsupported,{},,,,,,
e4b4082e-5196-4019-9a25-d45b80a1e526,2026-08-09T03:32:19.304270+00:00,C7-TRANSPARENT-STARK,winterfell-stark-pilot-v1,controlled_kernel,winterfell-0.13.1-f128,045609f7c669d9c8addd833c007ceab666099814,294bad57ed211ce5f668890c93845dca664b6897d4ff1a7011a5c837b0436472,5252562353427593457,0,35,default,{},256,256,4,16,fft_ntt,,,,,,,,,,,,,,phase,,,true,,,Winterfell exposes transparent trace/AIR proofing; no trusted setup or KZG commitment phase,,measured,Winterfell transparent STARK pilot; matched vector only,measurement,true,false,unsupported,{},,,,,,
e4b4082e-5196-4019-9a25-d45b80a1e526,2026-08-09T03:32:19.304282+00:00,C7-TRANSPARENT-STARK,winterfell-stark-pilot-v1,controlled_kernel,winterfell-0.13.1-f128,045609f7c669d9c8addd833c007ceab666099814,294bad57ed211ce5f668890c93845dca664b6897d4ff1a7011a5c837b0436472,5252562353427593457,0,35,default,{},256,256,4,16,prove_total,11.622885,,,,,,,,,,,,,phase,,,true,,,,,measured,Winterfell transparent STARK pilot; matched vector only,measurement,true,true,ok,"{""trace_rows"":256.0}",,,,,,
e4b4082e-5196-4019-9a25-d45b80a1e526,2026-08-09T03:32:19.304295+00:00,C7-TRANSPARENT-STARK,winterfell-stark-pilot-v1,controlled_kernel,winterfell-0.13.1-f128,045609f7c669d9c8addd833c007ceab666099814,294bad57ed211ce5f668890c93845dca664b6897d4ff1a7011a5c837b0436472,5252562353427593457,0,35,default,{},256,256,4,16,serialize,0.010549,,,,,,,,,,,,,phase,,,true,,,,,measured,Winterfell transparent STARK pilot; matched vector only,measurement,true,true,ok,"{""proof_bytes"":19689.0}",,,,,,
e4b4082e-5196-4019-9a25-d45b80a1e526,2026-08-09T03:32:19.304308+00:00,C7-TRANSPARENT-STARK,winterfell-stark-pilot-v1,controlled_kernel,winterfell-0.13.1-f128,045609f7c669d9c8addd833c007ceab666099814,294bad57ed211ce5f668890c93845dca664b6897d4ff1a7011a5c837b0436472,5252562353427593457,0,35,default,{},256,256,4,16,deserialize,0.013936,,,,,,,,,,,,,phase,,,true,,,,,measured,Winterfell transparent STARK pilot; matched vector only,measurement,true,true,ok,"{""proof_bytes"":19689.0}",,,,,,
e4b4082e-5196-4019-9a25-d45b80a1e526,2026-08-09T03:32:19.304321+00:00,C7-TRANSPARENT-STARK,winterfell-stark-pilot-v1,controlled_kernel,winterfell-0.13.1-f128,045609f7c669d9c8addd833c007ceab666099814,294bad57ed211ce5f668890c93845dca664b6897d4ff1a7011a5c837b0436472,5252562353427593457,0,35,default,{},256,256,4,16,verify_total,0.821599,,,,,,,,,,,,,phase,,,true,,,,,measured,Winterfell transparent STARK pilot; matched vector only,measurement,true,true,ok,"{""trace_rows"":256.0}",,,,,,
e4b4082e-5196-4019-9a25-d45b80a1e526,2026-08-09T03:32:19.304334+00:00,C7-TRANSPARENT-STARK,winterfell-stark-pilot-v1,controlled_kernel,winterfell-0.13.1-f128,045609f7c669d9c8addd833c007ceab666099814,294bad57ed211ce5f668890c93845dca664b6897d4ff1a7011a5c837b0436472,5252562353427593457,0,35,default,{},256,256,4,16,adapter_process_wall,73.348167,10.000000,4.777344,19689,true,0,,384,956,,,,linux-procfs,process,,,true,,,"Linux procfs read failed: [Errno 13] Permission denied: '/proc/595/io'; private commit and per-process swap I/O are unavailable; VmSwap reports allocation, not swap traffic; No documented hardware or OS energy counter is configured in WSL2",,measured,Winterfell transparent STARK pilot; matched vector only,measurement,true,true,ok,{},2,3,2,transition_constraints,5.0,13
324ca4ca-6acf-492e-ae74-781e7b7f18ee,2026-08-09T03:32:19.376785+00:00,C7-TRANSPARENT-STARK,winterfell-stark-pilot-v1,controlled_kernel,winterfell-0.13.1-f128,045609f7c669d9c8addd833c007ceab666099814,294bad57ed211ce5f668890c93845dca664b6897d4ff1a7011a5c837b0436472,9092276393379105946,2,36,default,{},256,256,1,16,native_execution,0.180345,,,,,,,,,,,,,phase,,,true,,,,,measured,Winterfell transparent STARK pilot; matched vector only,measurement,true,true,ok,"{""native_work_units"":256.0}",,,,,,
324ca4ca-6acf-492e-ae74-781e7b7f18ee,2026-08-09T03:32:19.376854+00:00,C7-TRANSPARENT-STARK,winterfell-stark-pilot-v1,controlled_kernel,winterfell-0.13.1-f128,045609f7c669d9c8addd833c007ceab666099814,294bad57ed211ce5f668890c93845dca664b6897d4ff1a7011a5c837b0436472,9092276393379105946,2,36,default,{},256,256,1,16,witness,0.538126,,,,,,,,,,,,,phase,,,true,,,,,measured,Winterfell transparent STARK pilot; matched vector only,measurement,true,true,ok,"{""trace_rows"":256.0,""transition_constraints"":2.0}",,,,,,
324ca4ca-6acf-492e-ae74-781e7b7f18ee,2026-08-09T03:32:19.376879+00:00,C7-TRANSPARENT-STARK,winterfell-stark-pilot-v1,controlled_kernel,winterfell-0.13.1-f128,045609f7c669d9c8addd833c007ceab666099814,294bad57ed211ce5f668890c93845dca664b6897d4ff1a7011a5c837b0436472,9092276393379105946,2,36,default,{},256,256,1,16,setup_or_preprocess,,,,,,,,,,,,,,phase,,,true,,,Winterfell exposes transparent trace/AIR proofing; no trusted setup or KZG commitment phase,,measured,Winterfell transparent STARK pilot; matched vector only,measurement,true,false,unsupported,{},,,,,,
324ca4ca-6acf-492e-ae74-781e7b7f18ee,2026-08-09T03:32:19.376896+00:00,C7-TRANSPARENT-STARK,winterfell-stark-pilot-v1,controlled_kernel,winterfell-0.13.1-f128,045609f7c669d9c8addd833c007ceab666099814,294bad57ed211ce5f668890c93845dca664b6897d4ff1a7011a5c837b0436472,9092276393379105946,2,36,default,{},256,256,1,16,key_load,,,,,,,,,,,,,,phase,,,true,,,Winterfell exposes transparent trace/AIR proofing; no trusted setup or KZG commitment phase,,measured,Winterfell transparent STARK pilot; matched vector only,measurement,true,false,unsupported,{},,,,,,
324ca4ca-6acf-492e-ae74-781e7b7f18ee,2026-08-09T03:32:19.376912+00:00,C7-TRANSPARENT-STARK,winterfell-stark-pilot-v1,controlled_kernel,winterfell-0.13.1-f128,045609f7c669d9c8addd833c007ceab666099814,294bad57ed211ce5f668890c93845dca664b6897d4ff1a7011a5c837b0436472,9092276393379105946,2,36,default,{},256,256,1,16,msm,,,,,,,,,,,,,,phase,,,true,,,Winterfell exposes transparent trace/AIR proofing; no trusted setup or KZG commitment phase,,measured,Winterfell transparent STARK pilot; matched vector only,measurement,true,false,unsupported,{},,,,,,
324ca4ca-6acf-492e-ae74-781e7b7f18ee,2026-08-09T03:32:19.376928+00:00,C7-TRANSPARENT-STARK,winterfell-stark-pilot-v1,controlled_kernel,winterfell-0.13.1-f128,045609f7c669d9c8addd833c007ceab666099814,294bad57ed211ce5f668890c93845dca664b6897d4ff1a7011a5c837b0436472,9092276393379105946,2,36,default,{},256,256,1,16,fft_ntt,,,,,,,,,,,,,,phase,,,true,,,Winterfell exposes transparent trace/AIR proofing; no trusted setup or KZG commitment phase,,measured,Winterfell transparent STARK pilot; matched vector only,measurement,true,false,unsupported,{},,,,,,
324ca4ca-6acf-492e-ae74-781e7b7f18ee,2026-08-09T03:32:19.376943+00:00,C7-TRANSPARENT-STARK,winterfell-stark-pilot-v1,controlled_kernel,winterfell-0.13.1-f128,045609f7c669d9c8addd833c007ceab666099814,294bad57ed211ce5f668890c93845dca664b6897d4ff1a7011a5c837b0436472,9092276393379105946,2,36,default,{},256,256,1,16,prove_total,8.990357,,,,,,,,,,,,,phase,,,true,,,,,measured,Winterfell transparent STARK pilot; matched vector only,measurement,true,true,ok,"{""trace_rows"":256.0}",,,,,,
324ca4ca-6acf-492e-ae74-781e7b7f18ee,2026-08-09T03:32:19.376959+00:00,C7-TRANSPARENT-STARK,winterfell-stark-pilot-v1,controlled_kernel,winterfell-0.13.1-f128,045609f7c669d9c8addd833c007ceab666099814,294bad57ed211ce5f668890c93845dca664b6897d4ff1a7011a5c837b0436472,9092276393379105946,2,36,default,{},256,256,1,16,serialize,0.008696,,,,,,,,,,,,,phase,,,true,,,,,measured,Winterfell transparent STARK pilot; matched vector only,measurement,true,true,ok,"{""proof_bytes"":19432.0}",,,,,,
324ca4ca-6acf-492e-ae74-781e7b7f18ee,2026-08-09T03:32:19.376976+00:00,C7-TRANSPARENT-STARK,winterfell-stark-pilot-v1,controlled_kernel,winterfell-0.13.1-f128,045609f7c669d9c8addd833c007ceab666099814,294bad57ed211ce5f668890c93845dca664b6897d4ff1a7011a5c837b0436472,9092276393379105946,2,36,default,{},256,256,1,16,deserialize,0.012844,,,,,,,,,,,,,phase,,,true,,,,,measured,Winterfell transparent STARK pilot; matched vector only,measurement,true,true,ok,"{""proof_bytes"":19432.0}",,,,,,
324ca4ca-6acf-492e-ae74-781e7b7f18ee,2026-08-09T03:32:19.376992+00:00,C7-TRANSPARENT-STARK,winterfell-stark-pilot-v1,controlled_kernel,winterfell-0.13.1-f128,045609f7c669d9c8addd833c007ceab666099814,294bad57ed211ce5f668890c93845dca664b6897d4ff1a7011a5c837b0436472,9092276393379105946,2,36,default,{},256,256,1,16,verify_total,0.765780,,,,,,,,,,,,,phase,,,true,,,,,measured,Winterfell transparent STARK pilot; matched vector only,measurement,true,true,ok,"{""trace_rows"":256.0}",,,,,,
324ca4ca-6acf-492e-ae74-781e7b7f18ee,2026-08-09T03:32:19.377008+00:00,C7-TRANSPARENT-STARK,winterfell-stark-pilot-v1,controlled_kernel,winterfell-0.13.1-f128,045609f7c669d9c8addd833c007ceab666099814,294bad57ed211ce5f668890c93845dca664b6897d4ff1a7011a5c837b0436472,9092276393379105946,2,36,default,{},256,256,1,16,adapter_process_wall,71.679856,,4.378906,19432,true,0,,270,956,,,,linux-procfs,process,,,true,,,"private commit and per-process swap I/O are unavailable; VmSwap reports allocation, not swap traffic; No documented hardware or OS energy counter is configured in WSL2",,measured,Winterfell transparent STARK pilot; matched vector only,measurement,true,true,ok,{},2,3,2,transition_constraints,5.0,13
de77f581-1a0c-49b5-8035-ad70cc5d3319,2026-08-09T03:32:19.445565+00:00,C7-TRANSPARENT-STARK,winterfell-stark-pilot-v1,controlled_kernel,winterfell-0.13.1-f128,045609f7c669d9c8addd833c007ceab666099814,294bad57ed211ce5f668890c93845dca664b6897d4ff1a7011a5c837b0436472,8401108501530052147,2,37,default,{},16,16,4,16,native_execution,0.201598,,,,,,,,,,,,,phase,,,true,,,,,measured,Winterfell transparent STARK pilot; matched vector only,measurement,true,true,ok,"{""native_work_units"":16.0}",,,,,,
de77f581-1a0c-49b5-8035-ad70cc5d3319,2026-08-09T03:32:19.445658+00:00,C7-TRANSPARENT-STARK,winterfell-stark-pilot-v1,controlled_kernel,winterfell-0.13.1-f128,045609f7c669d9c8addd833c007ceab666099814,294bad57ed211ce5f668890c93845dca664b6897d4ff1a7011a5c837b0436472,8401108501530052147,2,37,default,{},16,16,4,16,witness,0.565816,,,,,,,,,,,,,phase,,,true,,,,,measured,Winterfell transparent STARK pilot; matched vector only,measurement,true,true,ok,"{""trace_rows"":16.0,""transition_constraints"":2.0}",,,,,,
de77f581-1a0c-49b5-8035-ad70cc5d3319,2026-08-09T03:32:19.445679+00:00,C7-TRANSPARENT-STARK,winterfell-stark-pilot-v1,controlled_kernel,winterfell-0.13.1-f128,045609f7c669d9c8addd833c007ceab666099814,294bad57ed211ce5f668890c93845dca664b6897d4ff1a7011a5c837b0436472,8401108501530052147,2,37,default,{},16,16,4,16,setup_or_preprocess,,,,,,,,,,,,,,phase,,,true,,,Winterfell exposes transparent trace/AIR proofing; no trusted setup or KZG commitment phase,,measured,Winterfell transparent STARK pilot; matched vector only,measurement,true,false,unsupported,{},,,,,,
de77f581-1a0c-49b5-8035-ad70cc5d3319,2026-08-09T03:32:19.445695+00:00,C7-TRANSPARENT-STARK,winterfell-stark-pilot-v1,controlled_kernel,winterfell-0.13.1-f128,045609f7c669d9c8addd833c007ceab666099814,294bad57ed211ce5f668890c93845dca664b6897d4ff1a7011a5c837b0436472,8401108501530052147,2,37,default,{},16,16,4,16,key_load,,,,,,,,,,,,,,phase,,,true,,,Winterfell exposes transparent trace/AIR proofing; no trusted setup or KZG commitment phase,,measured,Winterfell transparent STARK pilot; matched vector only,measurement,true,false,unsupported,{},,,,,,
de77f581-1a0c-49b5-8035-ad70cc5d3319,2026-08-09T03:32:19.445709+00:00,C7-TRANSPARENT-STARK,winterfell-stark-pilot-v1,controlled_kernel,winterfell-0.13.1-f128,045609f7c669d9c8addd833c007ceab666099814,294bad57ed211ce5f668890c93845dca664b6897d4ff1a7011a5c837b0436472,8401108501530052147,2,37,default,{},16,16,4,16,msm,,,,,,,,,,,,,,phase,,,true,,,Winterfell exposes transparent trace/AIR proofing; no trusted setup or KZG commitment phase,,measured,Winterfell transparent STARK pilot; matched vector only,measurement,true,false,unsupported,{},,,,,,
de77f581-1a0c-49b5-8035-ad70cc5d3319,2026-08-09T03:32:19.445721+00:00,C7-TRANSPARENT-STARK,winterfell-stark-pilot-v1,controlled_kernel,winterfell-0.13.1-f128,045609f7c669d9c8addd833c007ceab666099814,294bad57ed211ce5f668890c93845dca664b6897d4ff1a7011a5c837b0436472,8401108501530052147,2,37,default,{},16,16,4,16,fft_ntt,,,,,,,,,,,,,,phase,,,true,,,Winterfell exposes transparent trace/AIR proofing; no trusted setup or KZG commitment phase,,measured,Winterfell transparent STARK pilot; matched vector only,measurement,true,false,unsupported,{},,,,,,
de77f581-1a0c-49b5-8035-ad70cc5d3319,2026-08-09T03:32:19.445733+00:00,C7-TRANSPARENT-STARK,winterfell-stark-pilot-v1,controlled_kernel,winterfell-0.13.1-f128,045609f7c669d9c8addd833c007ceab666099814,294bad57ed211ce5f668890c93845dca664b6897d4ff1a7011a5c837b0436472,8401108501530052147,2,37,default,{},16,16,4,16,prove_total,7.681695,,,,,,,,,,,,,phase,,,true,,,,,measured,Winterfell transparent STARK pilot; matched vector only,measurement,true,true,ok,"{""trace_rows"":16.0}",,,,,,
de77f581-1a0c-49b5-8035-ad70cc5d3319,2026-08-09T03:32:19.445770+00:00,C7-TRANSPARENT-STARK,winterfell-stark-pilot-v1,controlled_kernel,winterfell-0.13.1-f128,045609f7c669d9c8addd833c007ceab666099814,294bad57ed211ce5f668890c93845dca664b6897d4ff1a7011a5c837b0436472,8401108501530052147,2,37,default,{},16,16,4,16,serialize,0.004037,,,,,,,,,,,,,phase,,,true,,,,,measured,Winterfell transparent STARK pilot; matched vector only,measurement,true,true,ok,"{""proof_bytes"":5143.0}",,,,,,
de77f581-1a0c-49b5-8035-ad70cc5d3319,2026-08-09T03:32:19.445794+00:00,C7-TRANSPARENT-STARK,winterfell-stark-pilot-v1,controlled_kernel,winterfell-0.13.1-f128,045609f7c669d9c8addd833c007ceab666099814,294bad57ed211ce5f668890c93845dca664b6897d4ff1a7011a5c837b0436472,8401108501530052147,2,37,default,{},16,16,4,16,deserialize,0.010109,,,,,,,,,,,,,phase,,,true,,,,,measured,Winterfell transparent STARK pilot; matched vector only,measurement,true,true,ok,"{""proof_bytes"":5143.0}",,,,,,
de77f581-1a0c-49b5-8035-ad70cc5d3319,2026-08-09T03:32:19.445831+00:00,C7-TRANSPARENT-STARK,winterfell-stark-pilot-v1,controlled_kernel,winterfell-0.13.1-f128,045609f7c669d9c8addd833c007ceab666099814,294bad57ed211ce5f668890c93845dca664b6897d4ff1a7011a5c837b0436472,8401108501530052147,2,37,default,{},16,16,4,16,verify_total,0.602726,,,,,,,,,,,,,phase,,,true,,,,,measured,Winterfell transparent STARK pilot; matched vector only,measurement,true,true,ok,"{""trace_rows"":16.0}",,,,,,
de77f581-1a0c-49b5-8035-ad70cc5d3319,2026-08-09T03:32:19.445856+00:00,C7-TRANSPARENT-STARK,winterfell-stark-pilot-v1,controlled_kernel,winterfell-0.13.1-f128,045609f7c669d9c8addd833c007ceab666099814,294bad57ed211ce5f668890c93845dca664b6897d4ff1a7011a5c837b0436472,8401108501530052147,2,37,default,{},16,16,4,16,adapter_process_wall,67.628653,10.000000,3.800781,5143,true,0,,174,956,,,,linux-procfs,process,,,true,,,"Linux procfs read failed: [Errno 13] Permission denied: '/proc/604/io'; private commit and per-process swap I/O are unavailable; VmSwap reports allocation, not swap traffic; No documented hardware or OS energy counter is configured in WSL2",,measured,Winterfell transparent STARK pilot; matched vector only,measurement,true,true,ok,{},2,3,2,transition_constraints,5.0,12
8ce169c5-b0da-491a-8ab0-38a54ea2694a,2026-08-09T03:32:19.513222+00:00,C7-TRANSPARENT-STARK,winterfell-stark-pilot-v1,controlled_kernel,winterfell-0.13.1-f128,045609f7c669d9c8addd833c007ceab666099814,294bad57ed211ce5f668890c93845dca664b6897d4ff1a7011a5c837b0436472,9128954858619084102,0,38,default,{},16,16,1,16,native_execution,0.199386,,,,,,,,,,,,,phase,,,true,wrong_public_input,,,,measured,Winterfell transparent STARK pilot; matched vector only,measurement,true,true,ok,"{""native_work_units"":16.0}",,,,,,
8ce169c5-b0da-491a-8ab0-38a54ea2694a,2026-08-09T03:32:19.513331+00:00,C7-TRANSPARENT-STARK,winterfell-stark-pilot-v1,controlled_kernel,winterfell-0.13.1-f128,045609f7c669d9c8addd833c007ceab666099814,294bad57ed211ce5f668890c93845dca664b6897d4ff1a7011a5c837b0436472,9128954858619084102,0,38,default,{},16,16,1,16,witness,0.722900,,,,,,,,,,,,,phase,,,true,wrong_public_input,,,,measured,Winterfell transparent STARK pilot; matched vector only,measurement,true,true,ok,"{""trace_rows"":16.0,""transition_constraints"":2.0}",,,,,,
8ce169c5-b0da-491a-8ab0-38a54ea2694a,2026-08-09T03:32:19.513353+00:00,C7-TRANSPARENT-STARK,winterfell-stark-pilot-v1,controlled_kernel,winterfell-0.13.1-f128,045609f7c669d9c8addd833c007ceab666099814,294bad57ed211ce5f668890c93845dca664b6897d4ff1a7011a5c837b0436472,9128954858619084102,0,38,default,{},16,16,1,16,setup_or_preprocess,,,,,,,,,,,,,,phase,,,true,wrong_public_input,,Winterfell exposes transparent trace/AIR proofing; no trusted setup or KZG commitment phase,,measured,Winterfell transparent STARK pilot; matched vector only,measurement,true,false,unsupported,{},,,,,,
8ce169c5-b0da-491a-8ab0-38a54ea2694a,2026-08-09T03:32:19.513367+00:00,C7-TRANSPARENT-STARK,winterfell-stark-pilot-v1,controlled_kernel,winterfell-0.13.1-f128,045609f7c669d9c8addd833c007ceab666099814,294bad57ed211ce5f668890c93845dca664b6897d4ff1a7011a5c837b0436472,9128954858619084102,0,38,default,{},16,16,1,16,key_load,,,,,,,,,,,,,,phase,,,true,wrong_public_input,,Winterfell exposes transparent trace/AIR proofing; no trusted setup or KZG commitment phase,,measured,Winterfell transparent STARK pilot; matched vector only,measurement,true,false,unsupported,{},,,,,,
8ce169c5-b0da-491a-8ab0-38a54ea2694a,2026-08-09T03:32:19.513380+00:00,C7-TRANSPARENT-STARK,winterfell-stark-pilot-v1,controlled_kernel,winterfell-0.13.1-f128,045609f7c669d9c8addd833c007ceab666099814,294bad57ed211ce5f668890c93845dca664b6897d4ff1a7011a5c837b0436472,9128954858619084102,0,38,default,{},16,16,1,16,msm,,,,,,,,,,,,,,phase,,,true,wrong_public_input,,Winterfell exposes transparent trace/AIR proofing; no trusted setup or KZG commitment phase,,measured,Winterfell transparent STARK pilot; matched vector only,measurement,true,false,unsupported,{},,,,,,
8ce169c5-b0da-491a-8ab0-38a54ea2694a,2026-08-09T03:32:19.513392+00:00,C7-TRANSPARENT-STARK,winterfell-stark-pilot-v1,controlled_kernel,winterfell-0.13.1-f128,045609f7c669d9c8addd833c007ceab666099814,294bad57ed211ce5f668890c93845dca664b6897d4ff1a7011a5c837b0436472,9128954858619084102,0,38,default,{},16,16,1,16,fft_ntt,,,,,,,,,,,,,,phase,,,true,wrong_public_input,,Winterfell exposes transparent trace/AIR proofing; no trusted setup or KZG commitment phase,,measured,Winterfell transparent STARK pilot; matched vector only,measurement,true,false,unsupported,{},,,,,,
8ce169c5-b0da-491a-8ab0-38a54ea2694a,2026-08-09T03:32:19.513404+00:00,C7-TRANSPARENT-STARK,winterfell-stark-pilot-v1,controlled_kernel,winterfell-0.13.1-f128,045609f7c669d9c8addd833c007ceab666099814,294bad57ed211ce5f668890c93845dca664b6897d4ff1a7011a5c837b0436472,9128954858619084102,0,38,default,{},16,16,1,16,prove_total,5.239710,,,,,,,,,,,,,phase,,,true,wrong_public_input,,,,measured,Winterfell transparent STARK pilot; matched vector only,measurement,true,true,ok,"{""trace_rows"":16.0}",,,,,,
8ce169c5-b0da-491a-8ab0-38a54ea2694a,2026-08-09T03:32:19.513418+00:00,C7-TRANSPARENT-STARK,winterfell-stark-pilot-v1,controlled_kernel,winterfell-0.13.1-f128,045609f7c669d9c8addd833c007ceab666099814,294bad57ed211ce5f668890c93845dca664b6897d4ff1a7011a5c837b0436472,9128954858619084102,0,38,default,{},16,16,1,16,serialize,0.005630,,,,,,,,,,,,,phase,,,true,wrong_public_input,,,,measured,Winterfell transparent STARK pilot; matched vector only,measurement,true,true,ok,"{""proof_bytes"":5209.0}",,,,,,
8ce169c5-b0da-491a-8ab0-38a54ea2694a,2026-08-09T03:32:19.513431+00:00,C7-TRANSPARENT-STARK,winterfell-stark-pilot-v1,controlled_kernel,winterfell-0.13.1-f128,045609f7c669d9c8addd833c007ceab666099814,294bad57ed211ce5f668890c93845dca664b6897d4ff1a7011a5c837b0436472,9128954858619084102,0,38,default,{},16,16,1,16,deserialize,0.010489,,,,,,,,,,,,,phase,,,true,wrong_public_input,,,,measured,Winterfell transparent STARK pilot; matched vector only,measurement,true,true,ok,"{""proof_bytes"":5209.0}",,,,,,
8ce169c5-b0da-491a-8ab0-38a54ea2694a,2026-08-09T03:32:19.513445+00:00,C7-TRANSPARENT-STARK,winterfell-stark-pilot-v1,controlled_kernel,winterfell-0.13.1-f128,045609f7c669d9c8addd833c007ceab666099814,294bad57ed211ce5f668890c93845dca664b6897d4ff1a7011a5c837b0436472,9128954858619084102,0,38,default,{},16,16,1,16,verify_total,0.523965,,,,,,,,,,,,,phase,,,true,wrong_public_input,,,,measured,Winterfell transparent STARK pilot; matched vector only,measurement,true,true,ok,"{""trace_rows"":16.0}",,,,,,
8ce169c5-b0da-491a-8ab0-38a54ea2694a,2026-08-09T03:32:19.513494+00:00,C7-TRANSPARENT-STARK,winterfell-stark-pilot-v1,controlled_kernel,winterfell-0.13.1-f128,045609f7c669d9c8addd833c007ceab666099814,294bad57ed211ce5f668890c93845dca664b6897d4ff1a7011a5c837b0436472,9128954858619084102,0,38,default,{},16,16,1,16,invalid_reject,0.523965,,,,,,,,,,,,,phase,,,true,wrong_public_input,,,,measured,Winterfell transparent STARK pilot; matched vector only,measurement,true,true,ok,"{""trace_rows"":16.0}",,,,,,
8ce169c5-b0da-491a-8ab0-38a54ea2694a,2026-08-09T03:32:19.513518+00:00,C7-TRANSPARENT-STARK,winterfell-stark-pilot-v1,controlled_kernel,winterfell-0.13.1-f128,045609f7c669d9c8addd833c007ceab666099814,294bad57ed211ce5f668890c93845dca664b6897d4ff1a7011a5c837b0436472,9128954858619084102,0,38,default,{},16,16,1,16,adapter_process_wall,66.451130,,3.753906,5209,false,0,cryptographic_rejection,151,956,,,,linux-procfs,process,,,true,wrong_public_input,,"private commit and per-process swap I/O are unavailable; VmSwap reports allocation, not swap traffic; No documented hardware or OS energy counter is configured in WSL2",,measured,Winterfell transparent STARK pilot; matched vector only,measurement,true,true,ok,{},2,3,2,transition_constraints,5.0,12
c4c811cb-0e4d-4203-8e3b-5f5959cbabbb,2026-08-09T03:32:19.579425+00:00,C7-TRANSPARENT-STARK,winterfell-stark-pilot-v1,controlled_kernel,winterfell-0.13.1-f128,045609f7c669d9c8addd833c007ceab666099814,294bad57ed211ce5f668890c93845dca664b6897d4ff1a7011a5c837b0436472,5719504506698901745,1,39,default,{},16,16,1,16,native_execution,0.205487,,,,,,,,,,,,,phase,,,true,,,,,measured,Winterfell transparent STARK pilot; matched vector only,measurement,true,true,ok,"{""native_work_units"":16.0}",,,,,,
c4c811cb-0e4d-4203-8e3b-5f5959cbabbb,2026-08-09T03:32:19.579499+00:00,C7-TRANSPARENT-STARK,winterfell-stark-pilot-v1,controlled_kernel,winterfell-0.13.1-f128,045609f7c669d9c8addd833c007ceab666099814,294bad57ed211ce5f668890c93845dca664b6897d4ff1a7011a5c837b0436472,5719504506698901745,1,39,default,{},16,16,1,16,witness,0.583521,,,,,,,,,,,,,phase,,,true,,,,,measured,Winterfell transparent STARK pilot; matched vector only,measurement,true,true,ok,"{""trace_rows"":16.0,""transition_constraints"":2.0}",,,,,,
c4c811cb-0e4d-4203-8e3b-5f5959cbabbb,2026-08-09T03:32:19.579524+00:00,C7-TRANSPARENT-STARK,winterfell-stark-pilot-v1,controlled_kernel,winterfell-0.13.1-f128,045609f7c669d9c8addd833c007ceab666099814,294bad57ed211ce5f668890c93845dca664b6897d4ff1a7011a5c837b0436472,5719504506698901745,1,39,default,{},16,16,1,16,setup_or_preprocess,,,,,,,,,,,,,,phase,,,true,,,Winterfell exposes transparent trace/AIR proofing; no trusted setup or KZG commitment phase,,measured,Winterfell transparent STARK pilot; matched vector only,measurement,true,false,unsupported,{},,,,,,
c4c811cb-0e4d-4203-8e3b-5f5959cbabbb,2026-08-09T03:32:19.579540+00:00,C7-TRANSPARENT-STARK,winterfell-stark-pilot-v1,controlled_kernel,winterfell-0.13.1-f128,045609f7c669d9c8addd833c007ceab666099814,294bad57ed211ce5f668890c93845dca664b6897d4ff1a7011a5c837b0436472,5719504506698901745,1,39,default,{},16,16,1,16,key_load,,,,,,,,,,,,,,phase,,,true,,,Winterfell exposes transparent trace/AIR proofing; no trusted setup or KZG commitment phase,,measured,Winterfell transparent STARK pilot; matched vector only,measurement,true,false,unsupported,{},,,,,,
c4c811cb-0e4d-4203-8e3b-5f5959cbabbb,2026-08-09T03:32:19.579553+00:00,C7-TRANSPARENT-STARK,winterfell-stark-pilot-v1,controlled_kernel,winterfell-0.13.1-f128,045609f7c669d9c8addd833c007ceab666099814,294bad57ed211ce5f668890c93845dca664b6897d4ff1a7011a5c837b0436472,5719504506698901745,1,39,default,{},16,16,1,16,msm,,,,,,,,,,,,,,phase,,,true,,,Winterfell exposes transparent trace/AIR proofing; no trusted setup or KZG commitment phase,,measured,Winterfell transparent STARK pilot; matched vector only,measurement,true,false,unsupported,{},,,,,,
c4c811cb-0e4d-4203-8e3b-5f5959cbabbb,2026-08-09T03:32:19.579565+00:00,C7-TRANSPARENT-STARK,winterfell-stark-pilot-v1,controlled_kernel,winterfell-0.13.1-f128,045609f7c669d9c8addd833c007ceab666099814,294bad57ed211ce5f668890c93845dca664b6897d4ff1a7011a5c837b0436472,5719504506698901745,1,39,default,{},16,16,1,16,fft_ntt,,,,,,,,,,,,,,phase,,,true,,,Winterfell exposes transparent trace/AIR proofing; no trusted setup or KZG commitment phase,,measured,Winterfell transparent STARK pilot; matched vector only,measurement,true,false,unsupported,{},,,,,,
c4c811cb-0e4d-4203-8e3b-5f5959cbabbb,2026-08-09T03:32:19.579577+00:00,C7-TRANSPARENT-STARK,winterfell-stark-pilot-v1,controlled_kernel,winterfell-0.13.1-f128,045609f7c669d9c8addd833c007ceab666099814,294bad57ed211ce5f668890c93845dca664b6897d4ff1a7011a5c837b0436472,5719504506698901745,1,39,default,{},16,16,1,16,prove_total,4.673628,,,,,,,,,,,,,phase,,,true,,,,,measured,Winterfell transparent STARK pilot; matched vector only,measurement,true,true,ok,"{""trace_rows"":16.0}",,,,,,
c4c811cb-0e4d-4203-8e3b-5f5959cbabbb,2026-08-09T03:32:19.579590+00:00,C7-TRANSPARENT-STARK,winterfell-stark-pilot-v1,controlled_kernel,winterfell-0.13.1-f128,045609f7c669d9c8addd833c007ceab666099814,294bad57ed211ce5f668890c93845dca664b6897d4ff1a7011a5c837b0436472,5719504506698901745,1,39,default,{},16,16,1,16,serialize,0.004448,,,,,,,,,,,,,phase,,,true,,,,,measured,Winterfell transparent STARK pilot; matched vector only,measurement,true,true,ok,"{""proof_bytes"":4867.0}",,,,,,
c4c811cb-0e4d-4203-8e3b-5f5959cbabbb,2026-08-09T03:32:19.579603+00:00,C7-TRANSPARENT-STARK,winterfell-stark-pilot-v1,controlled_kernel,winterfell-0.13.1-f128,045609f7c669d9c8addd833c007ceab666099814,294bad57ed211ce5f668890c93845dca664b6897d4ff1a7011a5c837b0436472,5719504506698901745,1,39,default,{},16,16,1,16,deserialize,0.006803,,,,,,,,,,,,,phase,,,true,,,,,measured,Winterfell transparent STARK pilot; matched vector only,measurement,true,true,ok,"{""proof_bytes"":4867.0}",,,,,,
c4c811cb-0e4d-4203-8e3b-5f5959cbabbb,2026-08-09T03:32:19.579616+00:00,C7-TRANSPARENT-STARK,winterfell-stark-pilot-v1,controlled_kernel,winterfell-0.13.1-f128,045609f7c669d9c8addd833c007ceab666099814,294bad57ed211ce5f668890c93845dca664b6897d4ff1a7011a5c837b0436472,5719504506698901745,1,39,default,{},16,16,1,16,verify_total,0.634004,,,,,,,,,,,,,phase,,,true,,,,,measured,Winterfell transparent STARK pilot; matched vector only,measurement,true,true,ok,"{""trace_rows"":16.0}",,,,,,
c4c811cb-0e4d-4203-8e3b-5f5959cbabbb,2026-08-09T03:32:19.579628+00:00,C7-TRANSPARENT-STARK,winterfell-stark-pilot-v1,controlled_kernel,winterfell-0.13.1-f128,045609f7c669d9c8addd833c007ceab666099814,294bad57ed211ce5f668890c93845dca664b6897d4ff1a7011a5c837b0436472,5719504506698901745,1,39,default,{},16,16,1,16,adapter_process_wall,65.069314,,3.921875,4867,true,0,,174,956,,,,linux-procfs,process,,,true,,,"private commit and per-process swap I/O are unavailable; VmSwap reports allocation, not swap traffic; No documented hardware or OS energy counter is configured in WSL2",,measured,Winterfell transparent STARK pilot; matched vector only,measurement,true,true,ok,{},2,3,2,transition_constraints,5.0,12
6375c386-1c91-470c-a087-c563ee009bd5,2026-08-09T03:32:19.651595+00:00,C7-TRANSPARENT-STARK,winterfell-stark-pilot-v1,controlled_kernel,winterfell-0.13.1-f128,045609f7c669d9c8addd833c007ceab666099814,294bad57ed211ce5f668890c93845dca664b6897d4ff1a7011a5c837b0436472,5657675289357611829,1,40,default,{},16,16,2,16,native_execution,0.300640,,,,,,,,,,,,,phase,,,true,,,,,measured,Winterfell transparent STARK pilot; matched vector only,measurement,true,true,ok,"{""native_work_units"":16.0}",,,,,,
6375c386-1c91-470c-a087-c563ee009bd5,2026-08-09T03:32:19.651667+00:00,C7-TRANSPARENT-STARK,winterfell-stark-pilot-v1,controlled_kernel,winterfell-0.13.1-f128,045609f7c669d9c8addd833c007ceab666099814,294bad57ed211ce5f668890c93845dca664b6897d4ff1a7011a5c837b0436472,5657675289357611829,1,40,default,{},16,16,2,16,witness,2.521016,,,,,,,,,,,,,phase,,,true,,,,,measured,Winterfell transparent STARK pilot; matched vector only,measurement,true,true,ok,"{""trace_rows"":16.0,""transition_constraints"":2.0}",,,,,,
6375c386-1c91-470c-a087-c563ee009bd5,2026-08-09T03:32:19.651688+00:00,C7-TRANSPARENT-STARK,winterfell-stark-pilot-v1,controlled_kernel,winterfell-0.13.1-f128,045609f7c669d9c8addd833c007ceab666099814,294bad57ed211ce5f668890c93845dca664b6897d4ff1a7011a5c837b0436472,5657675289357611829,1,40,default,{},16,16,2,16,setup_or_preprocess,,,,,,,,,,,,,,phase,,,true,,,Winterfell exposes transparent trace/AIR proofing; no trusted setup or KZG commitment phase,,measured,Winterfell transparent STARK pilot; matched vector only,measurement,true,false,unsupported,{},,,,,,
6375c386-1c91-470c-a087-c563ee009bd5,2026-08-09T03:32:19.651703+00:00,C7-TRANSPARENT-STARK,winterfell-stark-pilot-v1,controlled_kernel,winterfell-0.13.1-f128,045609f7c669d9c8addd833c007ceab666099814,294bad57ed211ce5f668890c93845dca664b6897d4ff1a7011a5c837b0436472,5657675289357611829,1,40,default,{},16,16,2,16,key_load,,,,,,,,,,,,,,phase,,,true,,,Winterfell exposes transparent trace/AIR proofing; no trusted setup or KZG commitment phase,,measured,Winterfell transparent STARK pilot; matched vector only,measurement,true,false,unsupported,{},,,,,,
6375c386-1c91-470c-a087-c563ee009bd5,2026-08-09T03:32:19.651715+00:00,C7-TRANSPARENT-STARK,winterfell-stark-pilot-v1,controlled_kernel,winterfell-0.13.1-f128,045609f7c669d9c8addd833c007ceab666099814,294bad57ed211ce5f668890c93845dca664b6897d4ff1a7011a5c837b0436472,5657675289357611829,1,40,default,{},16,16,2,16,msm,,,,,,,,,,,,,,phase,,,true,,,Winterfell exposes transparent trace/AIR proofing; no trusted setup or KZG commitment phase,,measured,Winterfell transparent STARK pilot; matched vector only,measurement,true,false,unsupported,{},,,,,,
6375c386-1c91-470c-a087-c563ee009bd5,2026-08-09T03:32:19.651727+00:00,C7-TRANSPARENT-STARK,winterfell-stark-pilot-v1,controlled_kernel,winterfell-0.13.1-f128,045609f7c669d9c8addd833c007ceab666099814,294bad57ed211ce5f668890c93845dca664b6897d4ff1a7011a5c837b0436472,5657675289357611829,1,40,default,{},16,16,2,16,fft_ntt,,,,,,,,,,,,,,phase,,,true,,,Winterfell exposes transparent trace/AIR proofing; no trusted setup or KZG commitment phase,,measured,Winterfell transparent STARK pilot; matched vector only,measurement,true,false,unsupported,{},,,,,,
6375c386-1c91-470c-a087-c563ee009bd5,2026-08-09T03:32:19.651786+00:00,C7-TRANSPARENT-STARK,winterfell-stark-pilot-v1,controlled_kernel,winterfell-0.13.1-f128,045609f7c669d9c8addd833c007ceab666099814,294bad57ed211ce5f668890c93845dca664b6897d4ff1a7011a5c837b0436472,5657675289357611829,1,40,default,{},16,16,2,16,prove_total,5.572426,,,,,,,,,,,,,phase,,,true,,,,,measured,Winterfell transparent STARK pilot; matched vector only,measurement,true,true,ok,"{""trace_rows"":16.0}",,,,,,
6375c386-1c91-470c-a087-c563ee009bd5,2026-08-09T03:32:19.651812+00:00,C7-TRANSPARENT-STARK,winterfell-stark-pilot-v1,controlled_kernel,winterfell-0.13.1-f128,045609f7c669d9c8addd833c007ceab666099814,294bad57ed211ce5f668890c93845dca664b6897d4ff1a7011a5c837b0436472,5657675289357611829,1,40,default,{},16,16,2,16,serialize,0.006131,,,,,,,,,,,,,phase,,,true,,,,,measured,Winterfell transparent STARK pilot; matched vector only,measurement,true,true,ok,"{""proof_bytes"":4803.0}",,,,,,
6375c386-1c91-470c-a087-c563ee009bd5,2026-08-09T03:32:19.651830+00:00,C7-TRANSPARENT-STARK,winterfell-stark-pilot-v1,controlled_kernel,winterfell-0.13.1-f128,045609f7c669d9c8addd833c007ceab666099814,294bad57ed211ce5f668890c93845dca664b6897d4ff1a7011a5c837b0436472,5657675289357611829,1,40,default,{},16,16,2,16,deserialize,0.005240,,,,,,,,,,,,,phase,,,true,,,,,measured,Winterfell transparent STARK pilot; matched vector only,measurement,true,true,ok,"{""proof_bytes"":4803.0}",,,,,,
6375c386-1c91-470c-a087-c563ee009bd5,2026-08-09T03:32:19.651845+00:00,C7-TRANSPARENT-STARK,winterfell-stark-pilot-v1,controlled_kernel,winterfell-0.13.1-f128,045609f7c669d9c8addd833c007ceab666099814,294bad57ed211ce5f668890c93845dca664b6897d4ff1a7011a5c837b0436472,5657675289357611829,1,40,default,{},16,16,2,16,verify_total,1.200699,,,,,,,,,,,,,phase,,,true,,,,,measured,Winterfell transparent STARK pilot; matched vector only,measurement,true,true,ok,"{""trace_rows"":16.0}",,,,,,
6375c386-1c91-470c-a087-c563ee009bd5,2026-08-09T03:32:19.651858+00:00,C7-TRANSPARENT-STARK,winterfell-stark-pilot-v1,controlled_kernel,winterfell-0.13.1-f128,045609f7c669d9c8addd833c007ceab666099814,294bad57ed211ce5f668890c93845dca664b6897d4ff1a7011a5c837b0436472,5657675289357611829,1,40,default,{},16,16,2,16,adapter_process_wall,71.226133,10.000000,3.910156,4803,true,0,,181,956,,,,linux-procfs,process,,,true,,,"private commit and per-process swap I/O are unavailable; VmSwap reports allocation, not swap traffic; No documented hardware or OS energy counter is configured in WSL2",,measured,Winterfell transparent STARK pilot; matched vector only,measurement,true,true,ok,{},2,3,2,transition_constraints,5.0,13
e182a5f5-6e17-4347-bd18-d59fe7d193b6,2026-08-09T03:32:19.718437+00:00,C7-TRANSPARENT-STARK,winterfell-stark-pilot-v1,controlled_kernel,winterfell-0.13.1-f128,045609f7c669d9c8addd833c007ceab666099814,294bad57ed211ce5f668890c93845dca664b6897d4ff1a7011a5c837b0436472,7228908686290771902,0,41,default,{},16,16,1,16,native_execution,0.190530,,,,,,,,,,,,,phase,,,true,,,,,measured,Winterfell transparent STARK pilot; matched vector only,measurement,true,true,ok,"{""native_work_units"":16.0}",,,,,,
e182a5f5-6e17-4347-bd18-d59fe7d193b6,2026-08-09T03:32:19.718556+00:00,C7-TRANSPARENT-STARK,winterfell-stark-pilot-v1,controlled_kernel,winterfell-0.13.1-f128,045609f7c669d9c8addd833c007ceab666099814,294bad57ed211ce5f668890c93845dca664b6897d4ff1a7011a5c837b0436472,7228908686290771902,0,41,default,{},16,16,1,16,witness,0.627380,,,,,,,,,,,,,phase,,,true,,,,,measured,Winterfell transparent STARK pilot; matched vector only,measurement,true,true,ok,"{""trace_rows"":16.0,""transition_constraints"":2.0}",,,,,,
e182a5f5-6e17-4347-bd18-d59fe7d193b6,2026-08-09T03:32:19.718579+00:00,C7-TRANSPARENT-STARK,winterfell-stark-pilot-v1,controlled_kernel,winterfell-0.13.1-f128,045609f7c669d9c8addd833c007ceab666099814,294bad57ed211ce5f668890c93845dca664b6897d4ff1a7011a5c837b0436472,7228908686290771902,0,41,default,{},16,16,1,16,setup_or_preprocess,,,,,,,,,,,,,,phase,,,true,,,Winterfell exposes transparent trace/AIR proofing; no trusted setup or KZG commitment phase,,measured,Winterfell transparent STARK pilot; matched vector only,measurement,true,false,unsupported,{},,,,,,
e182a5f5-6e17-4347-bd18-d59fe7d193b6,2026-08-09T03:32:19.718595+00:00,C7-TRANSPARENT-STARK,winterfell-stark-pilot-v1,controlled_kernel,winterfell-0.13.1-f128,045609f7c669d9c8addd833c007ceab666099814,294bad57ed211ce5f668890c93845dca664b6897d4ff1a7011a5c837b0436472,7228908686290771902,0,41,default,{},16,16,1,16,key_load,,,,,,,,,,,,,,phase,,,true,,,Winterfell exposes transparent trace/AIR proofing; no trusted setup or KZG commitment phase,,measured,Winterfell transparent STARK pilot; matched vector only,measurement,true,false,unsupported,{},,,,,,
e182a5f5-6e17-4347-bd18-d59fe7d193b6,2026-08-09T03:32:19.718607+00:00,C7-TRANSPARENT-STARK,winterfell-stark-pilot-v1,controlled_kernel,winterfell-0.13.1-f128,045609f7c669d9c8addd833c007ceab666099814,294bad57ed211ce5f668890c93845dca664b6897d4ff1a7011a5c837b0436472,7228908686290771902,0,41,default,{},16,16,1,16,msm,,,,,,,,,,,,,,phase,,,true,,,Winterfell exposes transparent trace/AIR proofing; no trusted setup or KZG commitment phase,,measured,Winterfell transparent STARK pilot; matched vector only,measurement,true,false,unsupported,{},,,,,,
e182a5f5-6e17-4347-bd18-d59fe7d193b6,2026-08-09T03:32:19.718620+00:00,C7-TRANSPARENT-STARK,winterfell-stark-pilot-v1,controlled_kernel,winterfell-0.13.1-f128,045609f7c669d9c8addd833c007ceab666099814,294bad57ed211ce5f668890c93845dca664b6897d4ff1a7011a5c837b0436472,7228908686290771902,0,41,default,{},16,16,1,16,fft_ntt,,,,,,,,,,,,,,phase,,,true,,,Winterfell exposes transparent trace/AIR proofing; no trusted setup or KZG commitment phase,,measured,Winterfell transparent STARK pilot; matched vector only,measurement,true,false,unsupported,{},,,,,,
e182a5f5-6e17-4347-bd18-d59fe7d193b6,2026-08-09T03:32:19.718633+00:00,C7-TRANSPARENT-STARK,winterfell-stark-pilot-v1,controlled_kernel,winterfell-0.13.1-f128,045609f7c669d9c8addd833c007ceab666099814,294bad57ed211ce5f668890c93845dca664b6897d4ff1a7011a5c837b0436472,7228908686290771902,0,41,default,{},16,16,1,16,prove_total,4.933344,,,,,,,,,,,,,phase,,,true,,,,,measured,Winterfell transparent STARK pilot; matched vector only,measurement,true,true,ok,"{""trace_rows"":16.0}",,,,,,
e182a5f5-6e17-4347-bd18-d59fe7d193b6,2026-08-09T03:32:19.718647+00:00,C7-TRANSPARENT-STARK,winterfell-stark-pilot-v1,controlled_kernel,winterfell-0.13.1-f128,045609f7c669d9c8addd833c007ceab666099814,294bad57ed211ce5f668890c93845dca664b6897d4ff1a7011a5c837b0436472,7228908686290771902,0,41,default,{},16,16,1,16,serialize,0.004598,,,,,,,,,,,,,phase,,,true,,,,,measured,Winterfell transparent STARK pilot; matched vector only,measurement,true,true,ok,"{""proof_bytes"":4753.0}",,,,,,
e182a5f5-6e17-4347-bd18-d59fe7d193b6,2026-08-09T03:32:19.718660+00:00,C7-TRANSPARENT-STARK,winterfell-stark-pilot-v1,controlled_kernel,winterfell-0.13.1-f128,045609f7c669d9c8addd833c007ceab666099814,294bad57ed211ce5f668890c93845dca664b6897d4ff1a7011a5c837b0436472,7228908686290771902,0,41,default,{},16,16,1,16,deserialize,0.007103,,,,,,,,,,,,,phase,,,true,,,,,measured,Winterfell transparent STARK pilot; matched vector only,measurement,true,true,ok,"{""proof_bytes"":4753.0}",,,,,,
e182a5f5-6e17-4347-bd18-d59fe7d193b6,2026-08-09T03:32:19.718674+00:00,C7-TRANSPARENT-STARK,winterfell-stark-pilot-v1,controlled_kernel,winterfell-0.13.1-f128,045609f7c669d9c8addd833c007ceab666099814,294bad57ed211ce5f668890c93845dca664b6897d4ff1a7011a5c837b0436472,7228908686290771902,0,41,default,{},16,16,1,16,verify_total,0.656552,,,,,,,,,,,,,phase,,,true,,,,,measured,Winterfell transparent STARK pilot; matched vector only,measurement,true,true,ok,"{""trace_rows"":16.0}",,,,,,
e182a5f5-6e17-4347-bd18-d59fe7d193b6,2026-08-09T03:32:19.718713+00:00,C7-TRANSPARENT-STARK,winterfell-stark-pilot-v1,controlled_kernel,winterfell-0.13.1-f128,045609f7c669d9c8addd833c007ceab666099814,294bad57ed211ce5f668890c93845dca664b6897d4ff1a7011a5c837b0436472,7228908686290771902,0,41,default,{},16,16,1,16,adapter_process_wall,65.762865,,3.734375,4753,true,0,,150,956,,,,linux-procfs,process,,,true,,,"private commit and per-process swap I/O are unavailable; VmSwap reports allocation, not swap traffic; No documented hardware or OS energy counter is configured in WSL2",,measured,Winterfell transparent STARK pilot; matched vector only,measurement,true,true,ok,{},2,3,2,transition_constraints,5.0,12
56feabf5-a0e4-45e2-acee-bcc843105afb,2026-08-09T03:32:19.795841+00:00,C7-TRANSPARENT-STARK,winterfell-stark-pilot-v1,controlled_kernel,winterfell-0.13.1-f128,045609f7c669d9c8addd833c007ceab666099814,294bad57ed211ce5f668890c93845dca664b6897d4ff1a7011a5c837b0436472,7556948447768315252,0,42,default,{},1024,1024,2,16,native_execution,0.200627,,,,,,,,,,,,,phase,,,true,,,,,measured,Winterfell transparent STARK pilot; matched vector only,measurement,true,true,ok,"{""native_work_units"":1024.0}",,,,,,
56feabf5-a0e4-45e2-acee-bcc843105afb,2026-08-09T03:32:19.795906+00:00,C7-TRANSPARENT-STARK,winterfell-stark-pilot-v1,controlled_kernel,winterfell-0.13.1-f128,045609f7c669d9c8addd833c007ceab666099814,294bad57ed211ce5f668890c93845dca664b6897d4ff1a7011a5c837b0436472,7556948447768315252,0,42,default,{},1024,1024,2,16,witness,0.565021,,,,,,,,,,,,,phase,,,true,,,,,measured,Winterfell transparent STARK pilot; matched vector only,measurement,true,true,ok,"{""trace_rows"":1024.0,""transition_constraints"":2.0}",,,,,,
56feabf5-a0e4-45e2-acee-bcc843105afb,2026-08-09T03:32:19.795927+00:00,C7-TRANSPARENT-STARK,winterfell-stark-pilot-v1,controlled_kernel,winterfell-0.13.1-f128,045609f7c669d9c8addd833c007ceab666099814,294bad57ed211ce5f668890c93845dca664b6897d4ff1a7011a5c837b0436472,7556948447768315252,0,42,default,{},1024,1024,2,16,setup_or_preprocess,,,,,,,,,,,,,,phase,,,true,,,Winterfell exposes transparent trace/AIR proofing; no trusted setup or KZG commitment phase,,measured,Winterfell transparent STARK pilot; matched vector only,measurement,true,false,unsupported,{},,,,,,
56feabf5-a0e4-45e2-acee-bcc843105afb,2026-08-09T03:32:19.795942+00:00,C7-TRANSPARENT-STARK,winterfell-stark-pilot-v1,controlled_kernel,winterfell-0.13.1-f128,045609f7c669d9c8addd833c007ceab666099814,294bad57ed211ce5f668890c93845dca664b6897d4ff1a7011a5c837b0436472,7556948447768315252,0,42,default,{},1024,1024,2,16,key_load,,,,,,,,,,,,,,phase,,,true,,,Winterfell exposes transparent trace/AIR proofing; no trusted setup or KZG commitment phase,,measured,Winterfell transparent STARK pilot; matched vector only,measurement,true,false,unsupported,{},,,,,,
56feabf5-a0e4-45e2-acee-bcc843105afb,2026-08-09T03:32:19.795954+00:00,C7-TRANSPARENT-STARK,winterfell-stark-pilot-v1,controlled_kernel,winterfell-0.13.1-f128,045609f7c669d9c8addd833c007ceab666099814,294bad57ed211ce5f668890c93845dca664b6897d4ff1a7011a5c837b0436472,7556948447768315252,0,42,default,{},1024,1024,2,16,msm,,,,,,,,,,,,,,phase,,,true,,,Winterfell exposes transparent trace/AIR proofing; no trusted setup or KZG commitment phase,,measured,Winterfell transparent STARK pilot; matched vector only,measurement,true,false,unsupported,{},,,,,,
56feabf5-a0e4-45e2-acee-bcc843105afb,2026-08-09T03:32:19.795966+00:00,C7-TRANSPARENT-STARK,winterfell-stark-pilot-v1,controlled_kernel,winterfell-0.13.1-f128,045609f7c669d9c8addd833c007ceab666099814,294bad57ed211ce5f668890c93845dca664b6897d4ff1a7011a5c837b0436472,7556948447768315252,0,42,default,{},1024,1024,2,16,fft_ntt,,,,,,,,,,,,,,phase,,,true,,,Winterfell exposes transparent trace/AIR proofing; no trusted setup or KZG commitment phase,,measured,Winterfell transparent STARK pilot; matched vector only,measurement,true,false,unsupported,{},,,,,,
56feabf5-a0e4-45e2-acee-bcc843105afb,2026-08-09T03:32:19.795979+00:00,C7-TRANSPARENT-STARK,winterfell-stark-pilot-v1,controlled_kernel,winterfell-0.13.1-f128,045609f7c669d9c8addd833c007ceab666099814,294bad57ed211ce5f668890c93845dca664b6897d4ff1a7011a5c837b0436472,7556948447768315252,0,42,default,{},1024,1024,2,16,prove_total,14.646669,,,,,,,,,,,,,phase,,,true,,,,,measured,Winterfell transparent STARK pilot; matched vector only,measurement,true,true,ok,"{""trace_rows"":1024.0}",,,,,,
56feabf5-a0e4-45e2-acee-bcc843105afb,2026-08-09T03:32:19.795992+00:00,C7-TRANSPARENT-STARK,winterfell-stark-pilot-v1,controlled_kernel,winterfell-0.13.1-f128,045609f7c669d9c8addd833c007ceab666099814,294bad57ed211ce5f668890c93845dca664b6897d4ff1a7011a5c837b0436472,7556948447768315252,0,42,default,{},1024,1024,2,16,serialize,0.014677,,,,,,,,,,,,,phase,,,true,,,,,measured,Winterfell transparent STARK pilot; matched vector only,measurement,true,true,ok,"{""proof_bytes"":30803.0}",,,,,,
56feabf5-a0e4-45e2-acee-bcc843105afb,2026-08-09T03:32:19.796005+00:00,C7-TRANSPARENT-STARK,winterfell-stark-pilot-v1,controlled_kernel,winterfell-0.13.1-f128,045609f7c669d9c8addd833c007ceab666099814,294bad57ed211ce5f668890c93845dca664b6897d4ff1a7011a5c837b0436472,7556948447768315252,0,42,default,{},1024,1024,2,16,deserialize,0.020358,,,,,,,,,,,,,phase,,,true,,,,,measured,Winterfell transparent STARK pilot; matched vector only,measurement,true,true,ok,"{""proof_bytes"":30803.0}",,,,,,
56feabf5-a0e4-45e2-acee-bcc843105afb,2026-08-09T03:32:19.796018+00:00,C7-TRANSPARENT-STARK,winterfell-stark-pilot-v1,controlled_kernel,winterfell-0.13.1-f128,045609f7c669d9c8addd833c007ceab666099814,294bad57ed211ce5f668890c93845dca664b6897d4ff1a7011a5c837b0436472,7556948447768315252,0,42,default,{},1024,1024,2,16,verify_total,0.889863,,,,,,,,,,,,,phase,,,true,,,,,measured,Winterfell transparent STARK pilot; matched vector only,measurement,true,true,ok,"{""trace_rows"":1024.0}",,,,,,
56feabf5-a0e4-45e2-acee-bcc843105afb,2026-08-09T03:32:19.796031+00:00,C7-TRANSPARENT-STARK,winterfell-stark-pilot-v1,controlled_kernel,winterfell-0.13.1-f128,045609f7c669d9c8addd833c007ceab666099814,294bad57ed211ce5f668890c93845dca664b6897d4ff1a7011a5c837b0436472,7556948447768315252,0,42,default,{},1024,1024,2,16,adapter_process_wall,76.210087,20.000000,7.339844,30803,true,0,,1092,956,,,,linux-procfs,process,,,true,,,"private commit and per-process swap I/O are unavailable; VmSwap reports allocation, not swap traffic; No documented hardware or OS energy counter is configured in WSL2",,measured,Winterfell transparent STARK pilot; matched vector only,measurement,true,true,ok,{},2,3,2,transition_constraints,5.0,14
9aceec96-b058-4d12-83c8-7278facce7d5,2026-08-09T03:32:19.864148+00:00,C7-TRANSPARENT-STARK,winterfell-stark-pilot-v1,controlled_kernel,winterfell-0.13.1-f128,045609f7c669d9c8addd833c007ceab666099814,294bad57ed211ce5f668890c93845dca664b6897d4ff1a7011a5c837b0436472,8813020074806135212,1,43,default,{},16,16,4,16,native_execution,0.223626,,,,,,,,,,,,,phase,,,true,wrong_public_input,,,,measured,Winterfell transparent STARK pilot; matched vector only,measurement,true,true,ok,"{""native_work_units"":16.0}",,,,,,
9aceec96-b058-4d12-83c8-7278facce7d5,2026-08-09T03:32:19.864220+00:00,C7-TRANSPARENT-STARK,winterfell-stark-pilot-v1,controlled_kernel,winterfell-0.13.1-f128,045609f7c669d9c8addd833c007ceab666099814,294bad57ed211ce5f668890c93845dca664b6897d4ff1a7011a5c837b0436472,8813020074806135212,1,43,default,{},16,16,4,16,witness,0.525758,,,,,,,,,,,,,phase,,,true,wrong_public_input,,,,measured,Winterfell transparent STARK pilot; matched vector only,measurement,true,true,ok,"{""trace_rows"":16.0,""transition_constraints"":2.0}",,,,,,
9aceec96-b058-4d12-83c8-7278facce7d5,2026-08-09T03:32:19.864244+00:00,C7-TRANSPARENT-STARK,winterfell-stark-pilot-v1,controlled_kernel,winterfell-0.13.1-f128,045609f7c669d9c8addd833c007ceab666099814,294bad57ed211ce5f668890c93845dca664b6897d4ff1a7011a5c837b0436472,8813020074806135212,1,43,default,{},16,16,4,16,setup_or_preprocess,,,,,,,,,,,,,,phase,,,true,wrong_public_input,,Winterfell exposes transparent trace/AIR proofing; no trusted setup or KZG commitment phase,,measured,Winterfell transparent STARK pilot; matched vector only,measurement,true,false,unsupported,{},,,,,,
9aceec96-b058-4d12-83c8-7278facce7d5,2026-08-09T03:32:19.864261+00:00,C7-TRANSPARENT-STARK,winterfell-stark-pilot-v1,controlled_kernel,winterfell-0.13.1-f128,045609f7c669d9c8addd833c007ceab666099814,294bad57ed211ce5f668890c93845dca664b6897d4ff1a7011a5c837b0436472,8813020074806135212,1,43,default,{},16,16,4,16,key_load,,,,,,,,,,,,,,phase,,,true,wrong_public_input,,Winterfell exposes transparent trace/AIR proofing; no trusted setup or KZG commitment phase,,measured,Winterfell transparent STARK pilot; matched vector only,measurement,true,false,unsupported,{},,,,,,
9aceec96-b058-4d12-83c8-7278facce7d5,2026-08-09T03:32:19.864277+00:00,C7-TRANSPARENT-STARK,winterfell-stark-pilot-v1,controlled_kernel,winterfell-0.13.1-f128,045609f7c669d9c8addd833c007ceab666099814,294bad57ed211ce5f668890c93845dca664b6897d4ff1a7011a5c837b0436472,8813020074806135212,1,43,default,{},16,16,4,16,msm,,,,,,,,,,,,,,phase,,,true,wrong_public_input,,Winterfell exposes transparent trace/AIR proofing; no trusted setup or KZG commitment phase,,measured,Winterfell transparent STARK pilot; matched vector only,measurement,true,false,unsupported,{},,,,,,
9aceec96-b058-4d12-83c8-7278facce7d5,2026-08-09T03:32:19.864291+00:00,C7-TRANSPARENT-STARK,winterfell-stark-pilot-v1,controlled_kernel,winterfell-0.13.1-f128,045609f7c669d9c8addd833c007ceab666099814,294bad57ed211ce5f668890c93845dca664b6897d4ff1a7011a5c837b0436472,8813020074806135212,1,43,default,{},16,16,4,16,fft_ntt,,,,,,,,,,,,,,phase,,,true,wrong_public_input,,Winterfell exposes transparent trace/AIR proofing; no trusted setup or KZG commitment phase,,measured,Winterfell transparent STARK pilot; matched vector only,measurement,true,false,unsupported,{},,,,,,
9aceec96-b058-4d12-83c8-7278facce7d5,2026-08-09T03:32:19.864306+00:00,C7-TRANSPARENT-STARK,winterfell-stark-pilot-v1,controlled_kernel,winterfell-0.13.1-f128,045609f7c669d9c8addd833c007ceab666099814,294bad57ed211ce5f668890c93845dca664b6897d4ff1a7011a5c837b0436472,8813020074806135212,1,43,default,{},16,16,4,16,prove_total,7.913578,,,,,,,,,,,,,phase,,,true,wrong_public_input,,,,measured,Winterfell transparent STARK pilot; matched vector only,measurement,true,true,ok,"{""trace_rows"":16.0}",,,,,,
9aceec96-b058-4d12-83c8-7278facce7d5,2026-08-09T03:32:19.864322+00:00,C7-TRANSPARENT-STARK,winterfell-stark-pilot-v1,controlled_kernel,winterfell-0.13.1-f128,045609f7c669d9c8addd833c007ceab666099814,294bad57ed211ce5f668890c93845dca664b6897d4ff1a7011a5c837b0436472,8813020074806135212,1,43,default,{},16,16,4,16,serialize,0.004078,,,,,,,,,,,,,phase,,,true,wrong_public_input,,,,measured,Winterfell transparent STARK pilot; matched vector only,measurement,true,true,ok,"{""proof_bytes"":4657.0}",,,,,,
9aceec96-b058-4d12-83c8-7278facce7d5,2026-08-09T03:32:19.864338+00:00,C7-TRANSPARENT-STARK,winterfell-stark-pilot-v1,controlled_kernel,winterfell-0.13.1-f128,045609f7c669d9c8addd833c007ceab666099814,294bad57ed211ce5f668890c93845dca664b6897d4ff1a7011a5c837b0436472,8813020074806135212,1,43,default,{},16,16,4,16,deserialize,0.005971,,,,,,,,,,,,,phase,,,true,wrong_public_input,,,,measured,Winterfell transparent STARK pilot; matched vector only,measurement,true,true,ok,"{""proof_bytes"":4657.0}",,,,,,
9aceec96-b058-4d12-83c8-7278facce7d5,2026-08-09T03:32:19.864354+00:00,C7-TRANSPARENT-STARK,winterfell-stark-pilot-v1,controlled_kernel,winterfell-0.13.1-f128,045609f7c669d9c8addd833c007ceab666099814,294bad57ed211ce5f668890c93845dca664b6897d4ff1a7011a5c837b0436472,8813020074806135212,1,43,default,{},16,16,4,16,verify_total,0.412703,,,,,,,,,,,,,phase,,,true,wrong_public_input,,,,measured,Winterfell transparent STARK pilot; matched vector only,measurement,true,true,ok,"{""trace_rows"":16.0}",,,,,,
9aceec96-b058-4d12-83c8-7278facce7d5,2026-08-09T03:32:19.864370+00:00,C7-TRANSPARENT-STARK,winterfell-stark-pilot-v1,controlled_kernel,winterfell-0.13.1-f128,045609f7c669d9c8addd833c007ceab666099814,294bad57ed211ce5f668890c93845dca664b6897d4ff1a7011a5c837b0436472,8813020074806135212,1,43,default,{},16,16,4,16,invalid_reject,0.412703,,,,,,,,,,,,,phase,,,true,wrong_public_input,,,,measured,Winterfell transparent STARK pilot; matched vector only,measurement,true,true,ok,"{""trace_rows"":16.0}",,,,,,
9aceec96-b058-4d12-83c8-7278facce7d5,2026-08-09T03:32:19.864385+00:00,C7-TRANSPARENT-STARK,winterfell-stark-pilot-v1,controlled_kernel,winterfell-0.13.1-f128,045609f7c669d9c8addd833c007ceab666099814,294bad57ed211ce5f668890c93845dca664b6897d4ff1a7011a5c837b0436472,8813020074806135212,1,43,default,{},16,16,4,16,adapter_process_wall,67.345304,10.000000,3.976562,4657,false,0,cryptographic_rejection,181,956,,,,linux-procfs,process,,,true,wrong_public_input,,"Linux procfs read failed: [Errno 13] Permission denied: '/proc/627/io'; private commit and per-process swap I/O are unavailable; VmSwap reports allocation, not swap traffic; No documented hardware or OS energy counter is configured in WSL2",,measured,Winterfell transparent STARK pilot; matched vector only,measurement,true,true,ok,{},2,3,2,transition_constraints,5.0,12
8af52195-1d97-4947-95a9-144a8d6d9b3b,2026-08-09T03:32:19.940762+00:00,C7-TRANSPARENT-STARK,winterfell-stark-pilot-v1,controlled_kernel,winterfell-0.13.1-f128,045609f7c669d9c8addd833c007ceab666099814,294bad57ed211ce5f668890c93845dca664b6897d4ff1a7011a5c837b0436472,2016232163414177361,2,44,default,{},1024,1024,2,16,native_execution,0.200233,,,,,,,,,,,,,phase,,,true,,,,,measured,Winterfell transparent STARK pilot; matched vector only,measurement,true,true,ok,"{""native_work_units"":1024.0}",,,,,,
8af52195-1d97-4947-95a9-144a8d6d9b3b,2026-08-09T03:32:19.940828+00:00,C7-TRANSPARENT-STARK,winterfell-stark-pilot-v1,controlled_kernel,winterfell-0.13.1-f128,045609f7c669d9c8addd833c007ceab666099814,294bad57ed211ce5f668890c93845dca664b6897d4ff1a7011a5c837b0436472,2016232163414177361,2,44,default,{},1024,1024,2,16,witness,0.484452,,,,,,,,,,,,,phase,,,true,,,,,measured,Winterfell transparent STARK pilot; matched vector only,measurement,true,true,ok,"{""trace_rows"":1024.0,""transition_constraints"":2.0}",,,,,,
8af52195-1d97-4947-95a9-144a8d6d9b3b,2026-08-09T03:32:19.940849+00:00,C7-TRANSPARENT-STARK,winterfell-stark-pilot-v1,controlled_kernel,winterfell-0.13.1-f128,045609f7c669d9c8addd833c007ceab666099814,294bad57ed211ce5f668890c93845dca664b6897d4ff1a7011a5c837b0436472,2016232163414177361,2,44,default,{},1024,1024,2,16,setup_or_preprocess,,,,,,,,,,,,,,phase,,,true,,,Winterfell exposes transparent trace/AIR proofing; no trusted setup or KZG commitment phase,,measured,Winterfell transparent STARK pilot; matched vector only,measurement,true,false,unsupported,{},,,,,,
8af52195-1d97-4947-95a9-144a8d6d9b3b,2026-08-09T03:32:19.940864+00:00,C7-TRANSPARENT-STARK,winterfell-stark-pilot-v1,controlled_kernel,winterfell-0.13.1-f128,045609f7c669d9c8addd833c007ceab666099814,294bad57ed211ce5f668890c93845dca664b6897d4ff1a7011a5c837b0436472,2016232163414177361,2,44,default,{},1024,1024,2,16,key_load,,,,,,,,,,,,,,phase,,,true,,,Winterfell exposes transparent trace/AIR proofing; no trusted setup or KZG commitment phase,,measured,Winterfell transparent STARK pilot; matched vector only,measurement,true,false,unsupported,{},,,,,,
8af52195-1d97-4947-95a9-144a8d6d9b3b,2026-08-09T03:32:19.940877+00:00,C7-TRANSPARENT-STARK,winterfell-stark-pilot-v1,controlled_kernel,winterfell-0.13.1-f128,045609f7c669d9c8addd833c007ceab666099814,294bad57ed211ce5f668890c93845dca664b6897d4ff1a7011a5c837b0436472,2016232163414177361,2,44,default,{},1024,1024,2,16,msm,,,,,,,,,,,,,,phase,,,true,,,Winterfell exposes transparent trace/AIR proofing; no trusted setup or KZG commitment phase,,measured,Winterfell transparent STARK pilot; matched vector only,measurement,true,false,unsupported,{},,,,,,
8af52195-1d97-4947-95a9-144a8d6d9b3b,2026-08-09T03:32:19.940889+00:00,C7-TRANSPARENT-STARK,winterfell-stark-pilot-v1,controlled_kernel,winterfell-0.13.1-f128,045609f7c669d9c8addd833c007ceab666099814,294bad57ed211ce5f668890c93845dca664b6897d4ff1a7011a5c837b0436472,2016232163414177361,2,44,default,{},1024,1024,2,16,fft_ntt,,,,,,,,,,,,,,phase,,,true,,,Winterfell exposes transparent trace/AIR proofing; no trusted setup or KZG commitment phase,,measured,Winterfell transparent STARK pilot; matched vector only,measurement,true,false,unsupported,{},,,,,,
8af52195-1d97-4947-95a9-144a8d6d9b3b,2026-08-09T03:32:19.940901+00:00,C7-TRANSPARENT-STARK,winterfell-stark-pilot-v1,controlled_kernel,winterfell-0.13.1-f128,045609f7c669d9c8addd833c007ceab666099814,294bad57ed211ce5f668890c93845dca664b6897d4ff1a7011a5c837b0436472,2016232163414177361,2,44,default,{},1024,1024,2,16,prove_total,13.939783,,,,,,,,,,,,,phase,,,true,,,,,measured,Winterfell transparent STARK pilot; matched vector only,measurement,true,true,ok,"{""trace_rows"":1024.0}",,,,,,
8af52195-1d97-4947-95a9-144a8d6d9b3b,2026-08-09T03:32:19.940914+00:00,C7-TRANSPARENT-STARK,winterfell-stark-pilot-v1,controlled_kernel,winterfell-0.13.1-f128,045609f7c669d9c8addd833c007ceab666099814,294bad57ed211ce5f668890c93845dca664b6897d4ff1a7011a5c837b0436472,2016232163414177361,2,44,default,{},1024,1024,2,16,serialize,0.037029,,,,,,,,,,,,,phase,,,true,,,,,measured,Winterfell transparent STARK pilot; matched vector only,measurement,true,true,ok,"{""proof_bytes"":30832.0}",,,,,,
8af52195-1d97-4947-95a9-144a8d6d9b3b,2026-08-09T03:32:19.940927+00:00,C7-TRANSPARENT-STARK,winterfell-stark-pilot-v1,controlled_kernel,winterfell-0.13.1-f128,045609f7c669d9c8addd833c007ceab666099814,294bad57ed211ce5f668890c93845dca664b6897d4ff1a7011a5c837b0436472,2016232163414177361,2,44,default,{},1024,1024,2,16,deserialize,0.018274,,,,,,,,,,,,,phase,,,true,,,,,measured,Winterfell transparent STARK pilot; matched vector only,measurement,true,true,ok,"{""proof_bytes"":30832.0}",,,,,,
8af52195-1d97-4947-95a9-144a8d6d9b3b,2026-08-09T03:32:19.940941+00:00,C7-TRANSPARENT-STARK,winterfell-stark-pilot-v1,controlled_kernel,winterfell-0.13.1-f128,045609f7c669d9c8addd833c007ceab666099814,294bad57ed211ce5f668890c93845dca664b6897d4ff1a7011a5c837b0436472,2016232163414177361,2,44,default,{},1024,1024,2,16,verify_total,0.935587,,,,,,,,,,,,,phase,,,true,,,,,measured,Winterfell transparent STARK pilot; matched vector only,measurement,true,true,ok,"{""trace_rows"":1024.0}",,,,,,
8af52195-1d97-4947-95a9-144a8d6d9b3b,2026-08-09T03:32:19.940954+00:00,C7-TRANSPARENT-STARK,winterfell-stark-pilot-v1,controlled_kernel,winterfell-0.13.1-f128,045609f7c669d9c8addd833c007ceab666099814,294bad57ed211ce5f668890c93845dca664b6897d4ff1a7011a5c837b0436472,2016232163414177361,2,44,default,{},1024,1024,2,16,adapter_process_wall,75.416181,20.000000,6.992188,30832,true,0,,1103,956,,,,linux-procfs,process,,,true,,,"private commit and per-process swap I/O are unavailable; VmSwap reports allocation, not swap traffic; No documented hardware or OS energy counter is configured in WSL2",,measured,Winterfell transparent STARK pilot; matched vector only,measurement,true,true,ok,{},2,3,2,transition_constraints,5.0,14
30efeb01-acb7-4dd3-b8d5-88215c64550e,2026-08-09T03:32:20.014329+00:00,C7-TRANSPARENT-STARK,winterfell-stark-pilot-v1,controlled_kernel,winterfell-0.13.1-f128,045609f7c669d9c8addd833c007ceab666099814,294bad57ed211ce5f668890c93845dca664b6897d4ff1a7011a5c837b0436472,70613135104426526,1,45,default,{},256,256,4,16,native_execution,0.192068,,,,,,,,,,,,,phase,,,true,wrong_public_input,,,,measured,Winterfell transparent STARK pilot; matched vector only,measurement,true,true,ok,"{""native_work_units"":256.0}",,,,,,
30efeb01-acb7-4dd3-b8d5-88215c64550e,2026-08-09T03:32:20.014408+00:00,C7-TRANSPARENT-STARK,winterfell-stark-pilot-v1,controlled_kernel,winterfell-0.13.1-f128,045609f7c669d9c8addd833c007ceab666099814,294bad57ed211ce5f668890c93845dca664b6897d4ff1a7011a5c837b0436472,70613135104426526,1,45,default,{},256,256,4,16,witness,0.571323,,,,,,,,,,,,,phase,,,true,wrong_public_input,,,,measured,Winterfell transparent STARK pilot; matched vector only,measurement,true,true,ok,"{""trace_rows"":256.0,""transition_constraints"":2.0}",,,,,,
30efeb01-acb7-4dd3-b8d5-88215c64550e,2026-08-09T03:32:20.014433+00:00,C7-TRANSPARENT-STARK,winterfell-stark-pilot-v1,controlled_kernel,winterfell-0.13.1-f128,045609f7c669d9c8addd833c007ceab666099814,294bad57ed211ce5f668890c93845dca664b6897d4ff1a7011a5c837b0436472,70613135104426526,1,45,default,{},256,256,4,16,setup_or_preprocess,,,,,,,,,,,,,,phase,,,true,wrong_public_input,,Winterfell exposes transparent trace/AIR proofing; no trusted setup or KZG commitment phase,,measured,Winterfell transparent STARK pilot; matched vector only,measurement,true,false,unsupported,{},,,,,,
30efeb01-acb7-4dd3-b8d5-88215c64550e,2026-08-09T03:32:20.014451+00:00,C7-TRANSPARENT-STARK,winterfell-stark-pilot-v1,controlled_kernel,winterfell-0.13.1-f128,045609f7c669d9c8addd833c007ceab666099814,294bad57ed211ce5f668890c93845dca664b6897d4ff1a7011a5c837b0436472,70613135104426526,1,45,default,{},256,256,4,16,key_load,,,,,,,,,,,,,,phase,,,true,wrong_public_input,,Winterfell exposes transparent trace/AIR proofing; no trusted setup or KZG commitment phase,,measured,Winterfell transparent STARK pilot; matched vector only,measurement,true,false,unsupported,{},,,,,,
30efeb01-acb7-4dd3-b8d5-88215c64550e,2026-08-09T03:32:20.014468+00:00,C7-TRANSPARENT-STARK,winterfell-stark-pilot-v1,controlled_kernel,winterfell-0.13.1-f128,045609f7c669d9c8addd833c007ceab666099814,294bad57ed211ce5f668890c93845dca664b6897d4ff1a7011a5c837b0436472,70613135104426526,1,45,default,{},256,256,4,16,msm,,,,,,,,,,,,,,phase,,,true,wrong_public_input,,Winterfell exposes transparent trace/AIR proofing; no trusted setup or KZG commitment phase,,measured,Winterfell transparent STARK pilot; matched vector only,measurement,true,false,unsupported,{},,,,,,
30efeb01-acb7-4dd3-b8d5-88215c64550e,2026-08-09T03:32:20.014483+00:00,C7-TRANSPARENT-STARK,winterfell-stark-pilot-v1,controlled_kernel,winterfell-0.13.1-f128,045609f7c669d9c8addd833c007ceab666099814,294bad57ed211ce5f668890c93845dca664b6897d4ff1a7011a5c837b0436472,70613135104426526,1,45,default,{},256,256,4,16,fft_ntt,,,,,,,,,,,,,,phase,,,true,wrong_public_input,,Winterfell exposes transparent trace/AIR proofing; no trusted setup or KZG commitment phase,,measured,Winterfell transparent STARK pilot; matched vector only,measurement,true,false,unsupported,{},,,,,,
30efeb01-acb7-4dd3-b8d5-88215c64550e,2026-08-09T03:32:20.014498+00:00,C7-TRANSPARENT-STARK,winterfell-stark-pilot-v1,controlled_kernel,winterfell-0.13.1-f128,045609f7c669d9c8addd833c007ceab666099814,294bad57ed211ce5f668890c93845dca664b6897d4ff1a7011a5c837b0436472,70613135104426526,1,45,default,{},256,256,4,16,prove_total,13.204042,,,,,,,,,,,,,phase,,,true,wrong_public_input,,,,measured,Winterfell transparent STARK pilot; matched vector only,measurement,true,true,ok,"{""trace_rows"":256.0}",,,,,,
30efeb01-acb7-4dd3-b8d5-88215c64550e,2026-08-09T03:32:20.014515+00:00,C7-TRANSPARENT-STARK,winterfell-stark-pilot-v1,controlled_kernel,winterfell-0.13.1-f128,045609f7c669d9c8addd833c007ceab666099814,294bad57ed211ce5f668890c93845dca664b6897d4ff1a7011a5c837b0436472,70613135104426526,1,45,default,{},256,256,4,16,serialize,0.009107,,,,,,,,,,,,,phase,,,true,wrong_public_input,,,,measured,Winterfell transparent STARK pilot; matched vector only,measurement,true,true,ok,"{""proof_bytes"":19273.0}",,,,,,
30efeb01-acb7-4dd3-b8d5-88215c64550e,2026-08-09T03:32:20.014531+00:00,C7-TRANSPARENT-STARK,winterfell-stark-pilot-v1,controlled_kernel,winterfell-0.13.1-f128,045609f7c669d9c8addd833c007ceab666099814,294bad57ed211ce5f668890c93845dca664b6897d4ff1a7011a5c837b0436472,70613135104426526,1,45,default,{},256,256,4,16,deserialize,0.013606,,,,,,,,,,,,,phase,,,true,wrong_public_input,,,,measured,Winterfell transparent STARK pilot; matched vector only,measurement,true,true,ok,"{""proof_bytes"":19273.0}",,,,,,
30efeb01-acb7-4dd3-b8d5-88215c64550e,2026-08-09T03:32:20.014548+00:00,C7-TRANSPARENT-STARK,winterfell-stark-pilot-v1,controlled_kernel,winterfell-0.13.1-f128,045609f7c669d9c8addd833c007ceab666099814,294bad57ed211ce5f668890c93845dca664b6897d4ff1a7011a5c837b0436472,70613135104426526,1,45,default,{},256,256,4,16,verify_total,0.436011,,,,,,,,,,,,,phase,,,true,wrong_public_input,,,,measured,Winterfell transparent STARK pilot; matched vector only,measurement,true,true,ok,"{""trace_rows"":256.0}",,,,,,
30efeb01-acb7-4dd3-b8d5-88215c64550e,2026-08-09T03:32:20.014564+00:00,C7-TRANSPARENT-STARK,winterfell-stark-pilot-v1,controlled_kernel,winterfell-0.13.1-f128,045609f7c669d9c8addd833c007ceab666099814,294bad57ed211ce5f668890c93845dca664b6897d4ff1a7011a5c837b0436472,70613135104426526,1,45,default,{},256,256,4,16,invalid_reject,0.436011,,,,,,,,,,,,,phase,,,true,wrong_public_input,,,,measured,Winterfell transparent STARK pilot; matched vector only,measurement,true,true,ok,"{""trace_rows"":256.0}",,,,,,
30efeb01-acb7-4dd3-b8d5-88215c64550e,2026-08-09T03:32:20.014580+00:00,C7-TRANSPARENT-STARK,winterfell-stark-pilot-v1,controlled_kernel,winterfell-0.13.1-f128,045609f7c669d9c8addd833c007ceab666099814,294bad57ed211ce5f668890c93845dca664b6897d4ff1a7011a5c837b0436472,70613135104426526,1,45,default,{},256,256,4,16,adapter_process_wall,72.633606,10.000000,4.890625,19273,false,0,cryptographic_rejection,422,956,,,,linux-procfs,process,,,true,wrong_public_input,,"Linux procfs read failed: [Errno 2] No such file or directory: '/proc/637/status'; private commit and per-process swap I/O are unavailable; VmSwap reports allocation, not swap traffic; No documented hardware or OS energy counter is configured in WSL2",,measured,Winterfell transparent STARK pilot; matched vector only,measurement,true,true,ok,{},2,3,2,transition_constraints,5.0,13
cbdcf876-9ca6-4e4c-9979-1e2e121a4e62,2026-08-09T03:32:20.081111+00:00,C7-TRANSPARENT-STARK,winterfell-stark-pilot-v1,controlled_kernel,winterfell-0.13.1-f128,045609f7c669d9c8addd833c007ceab666099814,294bad57ed211ce5f668890c93845dca664b6897d4ff1a7011a5c837b0436472,5845920643315209213,2,46,default,{},16,16,1,16,native_execution,0.186903,,,,,,,,,,,,,phase,,,true,wrong_public_input,,,,measured,Winterfell transparent STARK pilot; matched vector only,measurement,true,true,ok,"{""native_work_units"":16.0}",,,,,,
cbdcf876-9ca6-4e4c-9979-1e2e121a4e62,2026-08-09T03:32:20.081182+00:00,C7-TRANSPARENT-STARK,winterfell-stark-pilot-v1,controlled_kernel,winterfell-0.13.1-f128,045609f7c669d9c8addd833c007ceab666099814,294bad57ed211ce5f668890c93845dca664b6897d4ff1a7011a5c837b0436472,5845920643315209213,2,46,default,{},16,16,1,16,witness,0.604891,,,,,,,,,,,,,phase,,,true,wrong_public_input,,,,measured,Winterfell transparent STARK pilot; matched vector only,measurement,true,true,ok,"{""trace_rows"":16.0,""transition_constraints"":2.0}",,,,,,
cbdcf876-9ca6-4e4c-9979-1e2e121a4e62,2026-08-09T03:32:20.081207+00:00,C7-TRANSPARENT-STARK,winterfell-stark-pilot-v1,controlled_kernel,winterfell-0.13.1-f128,045609f7c669d9c8addd833c007ceab666099814,294bad57ed211ce5f668890c93845dca664b6897d4ff1a7011a5c837b0436472,5845920643315209213,2,46,default,{},16,16,1,16,setup_or_preprocess,,,,,,,,,,,,,,phase,,,true,wrong_public_input,,Winterfell exposes transparent trace/AIR proofing; no trusted setup or KZG commitment phase,,measured,Winterfell transparent STARK pilot; matched vector only,measurement,true,false,unsupported,{},,,,,,
cbdcf876-9ca6-4e4c-9979-1e2e121a4e62,2026-08-09T03:32:20.081226+00:00,C7-TRANSPARENT-STARK,winterfell-stark-pilot-v1,controlled_kernel,winterfell-0.13.1-f128,045609f7c669d9c8addd833c007ceab666099814,294bad57ed211ce5f668890c93845dca664b6897d4ff1a7011a5c837b0436472,5845920643315209213,2,46,default,{},16,16,1,16,key_load,,,,,,,,,,,,,,phase,,,true,wrong_public_input,,Winterfell exposes transparent trace/AIR proofing; no trusted setup or KZG commitment phase,,measured,Winterfell transparent STARK pilot; matched vector only,measurement,true,false,unsupported,{},,,,,,
cbdcf876-9ca6-4e4c-9979-1e2e121a4e62,2026-08-09T03:32:20.081241+00:00,C7-TRANSPARENT-STARK,winterfell-stark-pilot-v1,controlled_kernel,winterfell-0.13.1-f128,045609f7c669d9c8addd833c007ceab666099814,294bad57ed211ce5f668890c93845dca664b6897d4ff1a7011a5c837b0436472,5845920643315209213,2,46,default,{},16,16,1,16,msm,,,,,,,,,,,,,,phase,,,true,wrong_public_input,,Winterfell exposes transparent trace/AIR proofing; no trusted setup or KZG commitment phase,,measured,Winterfell transparent STARK pilot; matched vector only,measurement,true,false,unsupported,{},,,,,,
cbdcf876-9ca6-4e4c-9979-1e2e121a4e62,2026-08-09T03:32:20.081256+00:00,C7-TRANSPARENT-STARK,winterfell-stark-pilot-v1,controlled_kernel,winterfell-0.13.1-f128,045609f7c669d9c8addd833c007ceab666099814,294bad57ed211ce5f668890c93845dca664b6897d4ff1a7011a5c837b0436472,5845920643315209213,2,46,default,{},16,16,1,16,fft_ntt,,,,,,,,,,,,,,phase,,,true,wrong_public_input,,Winterfell exposes transparent trace/AIR proofing; no trusted setup or KZG commitment phase,,measured,Winterfell transparent STARK pilot; matched vector only,measurement,true,false,unsupported,{},,,,,,
cbdcf876-9ca6-4e4c-9979-1e2e121a4e62,2026-08-09T03:32:20.081271+00:00,C7-TRANSPARENT-STARK,winterfell-stark-pilot-v1,controlled_kernel,winterfell-0.13.1-f128,045609f7c669d9c8addd833c007ceab666099814,294bad57ed211ce5f668890c93845dca664b6897d4ff1a7011a5c837b0436472,5845920643315209213,2,46,default,{},16,16,1,16,prove_total,5.032514,,,,,,,,,,,,,phase,,,true,wrong_public_input,,,,measured,Winterfell transparent STARK pilot; matched vector only,measurement,true,true,ok,"{""trace_rows"":16.0}",,,,,,
cbdcf876-9ca6-4e4c-9979-1e2e121a4e62,2026-08-09T03:32:20.081288+00:00,C7-TRANSPARENT-STARK,winterfell-stark-pilot-v1,controlled_kernel,winterfell-0.13.1-f128,045609f7c669d9c8addd833c007ceab666099814,294bad57ed211ce5f668890c93845dca664b6897d4ff1a7011a5c837b0436472,5845920643315209213,2,46,default,{},16,16,1,16,serialize,0.004969,,,,,,,,,,,,,phase,,,true,wrong_public_input,,,,measured,Winterfell transparent STARK pilot; matched vector only,measurement,true,true,ok,"{""proof_bytes"":4289.0}",,,,,,
cbdcf876-9ca6-4e4c-9979-1e2e121a4e62,2026-08-09T03:32:20.081304+00:00,C7-TRANSPARENT-STARK,winterfell-stark-pilot-v1,controlled_kernel,winterfell-0.13.1-f128,045609f7c669d9c8addd833c007ceab666099814,294bad57ed211ce5f668890c93845dca664b6897d4ff1a7011a5c837b0436472,5845920643315209213,2,46,default,{},16,16,1,16,deserialize,0.006432,,,,,,,,,,,,,phase,,,true,wrong_public_input,,,,measured,Winterfell transparent STARK pilot; matched vector only,measurement,true,true,ok,"{""proof_bytes"":4289.0}",,,,,,
cbdcf876-9ca6-4e4c-9979-1e2e121a4e62,2026-08-09T03:32:20.081320+00:00,C7-TRANSPARENT-STARK,winterfell-stark-pilot-v1,controlled_kernel,winterfell-0.13.1-f128,045609f7c669d9c8addd833c007ceab666099814,294bad57ed211ce5f668890c93845dca664b6897d4ff1a7011a5c837b0436472,5845920643315209213,2,46,default,{},16,16,1,16,verify_total,0.409793,,,,,,,,,,,,,phase,,,true,wrong_public_input,,,,measured,Winterfell transparent STARK pilot; matched vector only,measurement,true,true,ok,"{""trace_rows"":16.0}",,,,,,
cbdcf876-9ca6-4e4c-9979-1e2e121a4e62,2026-08-09T03:32:20.081336+00:00,C7-TRANSPARENT-STARK,winterfell-stark-pilot-v1,controlled_kernel,winterfell-0.13.1-f128,045609f7c669d9c8addd833c007ceab666099814,294bad57ed211ce5f668890c93845dca664b6897d4ff1a7011a5c837b0436472,5845920643315209213,2,46,default,{},16,16,1,16,invalid_reject,0.409793,,,,,,,,,,,,,phase,,,true,wrong_public_input,,,,measured,Winterfell transparent STARK pilot; matched vector only,measurement,true,true,ok,"{""trace_rows"":16.0}",,,,,,
cbdcf876-9ca6-4e4c-9979-1e2e121a4e62,2026-08-09T03:32:20.081351+00:00,C7-TRANSPARENT-STARK,winterfell-stark-pilot-v1,controlled_kernel,winterfell-0.13.1-f128,045609f7c669d9c8addd833c007ceab666099814,294bad57ed211ce5f668890c93845dca664b6897d4ff1a7011a5c837b0436472,5845920643315209213,2,46,default,{},16,16,1,16,adapter_process_wall,65.638398,,3.753906,4289,false,0,cryptographic_rejection,149,956,,,,linux-procfs,process,,,true,wrong_public_input,,"private commit and per-process swap I/O are unavailable; VmSwap reports allocation, not swap traffic; No documented hardware or OS energy counter is configured in WSL2",,measured,Winterfell transparent STARK pilot; matched vector only,measurement,true,true,ok,{},2,3,2,transition_constraints,5.0,12
b7ca07f2-ba18-46f1-b9cb-35a7fc23eb02,2026-08-09T03:32:20.148754+00:00,C7-TRANSPARENT-STARK,winterfell-stark-pilot-v1,controlled_kernel,winterfell-0.13.1-f128,045609f7c669d9c8addd833c007ceab666099814,294bad57ed211ce5f668890c93845dca664b6897d4ff1a7011a5c837b0436472,5472514969598872868,0,47,default,{},16,16,4,16,native_execution,0.177970,,,,,,,,,,,,,phase,,,true,,,,,measured,Winterfell transparent STARK pilot; matched vector only,measurement,true,true,ok,"{""native_work_units"":16.0}",,,,,,
b7ca07f2-ba18-46f1-b9cb-35a7fc23eb02,2026-08-09T03:32:20.148835+00:00,C7-TRANSPARENT-STARK,winterfell-stark-pilot-v1,controlled_kernel,winterfell-0.13.1-f128,045609f7c669d9c8addd833c007ceab666099814,294bad57ed211ce5f668890c93845dca664b6897d4ff1a7011a5c837b0436472,5472514969598872868,0,47,default,{},16,16,4,16,witness,0.554322,,,,,,,,,,,,,phase,,,true,,,,,measured,Winterfell transparent STARK pilot; matched vector only,measurement,true,true,ok,"{""trace_rows"":16.0,""transition_constraints"":2.0}",,,,,,
b7ca07f2-ba18-46f1-b9cb-35a7fc23eb02,2026-08-09T03:32:20.148860+00:00,C7-TRANSPARENT-STARK,winterfell-stark-pilot-v1,controlled_kernel,winterfell-0.13.1-f128,045609f7c669d9c8addd833c007ceab666099814,294bad57ed211ce5f668890c93845dca664b6897d4ff1a7011a5c837b0436472,5472514969598872868,0,47,default,{},16,16,4,16,setup_or_preprocess,,,,,,,,,,,,,,phase,,,true,,,Winterfell exposes transparent trace/AIR proofing; no trusted setup or KZG commitment phase,,measured,Winterfell transparent STARK pilot; matched vector only,measurement,true,false,unsupported,{},,,,,,
b7ca07f2-ba18-46f1-b9cb-35a7fc23eb02,2026-08-09T03:32:20.148879+00:00,C7-TRANSPARENT-STARK,winterfell-stark-pilot-v1,controlled_kernel,winterfell-0.13.1-f128,045609f7c669d9c8addd833c007ceab666099814,294bad57ed211ce5f668890c93845dca664b6897d4ff1a7011a5c837b0436472,5472514969598872868,0,47,default,{},16,16,4,16,key_load,,,,,,,,,,,,,,phase,,,true,,,Winterfell exposes transparent trace/AIR proofing; no trusted setup or KZG commitment phase,,measured,Winterfell transparent STARK pilot; matched vector only,measurement,true,false,unsupported,{},,,,,,
b7ca07f2-ba18-46f1-b9cb-35a7fc23eb02,2026-08-09T03:32:20.148895+00:00,C7-TRANSPARENT-STARK,winterfell-stark-pilot-v1,controlled_kernel,winterfell-0.13.1-f128,045609f7c669d9c8addd833c007ceab666099814,294bad57ed211ce5f668890c93845dca664b6897d4ff1a7011a5c837b0436472,5472514969598872868,0,47,default,{},16,16,4,16,msm,,,,,,,,,,,,,,phase,,,true,,,Winterfell exposes transparent trace/AIR proofing; no trusted setup or KZG commitment phase,,measured,Winterfell transparent STARK pilot; matched vector only,measurement,true,false,unsupported,{},,,,,,
b7ca07f2-ba18-46f1-b9cb-35a7fc23eb02,2026-08-09T03:32:20.148911+00:00,C7-TRANSPARENT-STARK,winterfell-stark-pilot-v1,controlled_kernel,winterfell-0.13.1-f128,045609f7c669d9c8addd833c007ceab666099814,294bad57ed211ce5f668890c93845dca664b6897d4ff1a7011a5c837b0436472,5472514969598872868,0,47,default,{},16,16,4,16,fft_ntt,,,,,,,,,,,,,,phase,,,true,,,Winterfell exposes transparent trace/AIR proofing; no trusted setup or KZG commitment phase,,measured,Winterfell transparent STARK pilot; matched vector only,measurement,true,false,unsupported,{},,,,,,
b7ca07f2-ba18-46f1-b9cb-35a7fc23eb02,2026-08-09T03:32:20.148926+00:00,C7-TRANSPARENT-STARK,winterfell-stark-pilot-v1,controlled_kernel,winterfell-0.13.1-f128,045609f7c669d9c8addd833c007ceab666099814,294bad57ed211ce5f668890c93845dca664b6897d4ff1a7011a5c837b0436472,5472514969598872868,0,47,default,{},16,16,4,16,prove_total,7.435227,,,,,,,,,,,,,phase,,,true,,,,,measured,Winterfell transparent STARK pilot; matched vector only,measurement,true,true,ok,"{""trace_rows"":16.0}",,,,,,
b7ca07f2-ba18-46f1-b9cb-35a7fc23eb02,2026-08-09T03:32:20.148959+00:00,C7-TRANSPARENT-STARK,winterfell-stark-pilot-v1,controlled_kernel,winterfell-0.13.1-f128,045609f7c669d9c8addd833c007ceab666099814,294bad57ed211ce5f668890c93845dca664b6897d4ff1a7011a5c837b0436472,5472514969598872868,0,47,default,{},16,16,4,16,serialize,0.003526,,,,,,,,,,,,,phase,,,true,,,,,measured,Winterfell transparent STARK pilot; matched vector only,measurement,true,true,ok,"{""proof_bytes"":4753.0}",,,,,,
b7ca07f2-ba18-46f1-b9cb-35a7fc23eb02,2026-08-09T03:32:20.149001+00:00,C7-TRANSPARENT-STARK,winterfell-stark-pilot-v1,controlled_kernel,winterfell-0.13.1-f128,045609f7c669d9c8addd833c007ceab666099814,294bad57ed211ce5f668890c93845dca664b6897d4ff1a7011a5c837b0436472,5472514969598872868,0,47,default,{},16,16,4,16,deserialize,0.005240,,,,,,,,,,,,,phase,,,true,,,,,measured,Winterfell transparent STARK pilot; matched vector only,measurement,true,true,ok,"{""proof_bytes"":4753.0}",,,,,,
b7ca07f2-ba18-46f1-b9cb-35a7fc23eb02,2026-08-09T03:32:20.149026+00:00,C7-TRANSPARENT-STARK,winterfell-stark-pilot-v1,controlled_kernel,winterfell-0.13.1-f128,045609f7c669d9c8addd833c007ceab666099814,294bad57ed211ce5f668890c93845dca664b6897d4ff1a7011a5c837b0436472,5472514969598872868,0,47,default,{},16,16,4,16,verify_total,0.578246,,,,,,,,,,,,,phase,,,true,,,,,measured,Winterfell transparent STARK pilot; matched vector only,measurement,true,true,ok,"{""trace_rows"":16.0}",,,,,,
b7ca07f2-ba18-46f1-b9cb-35a7fc23eb02,2026-08-09T03:32:20.149044+00:00,C7-TRANSPARENT-STARK,winterfell-stark-pilot-v1,controlled_kernel,winterfell-0.13.1-f128,045609f7c669d9c8addd833c007ceab666099814,294bad57ed211ce5f668890c93845dca664b6897d4ff1a7011a5c837b0436472,5472514969598872868,0,47,default,{},16,16,4,16,adapter_process_wall,66.609465,10.000000,3.992188,4753,true,0,,190,956,,,,linux-procfs,process,,,true,,,"private commit and per-process swap I/O are unavailable; VmSwap reports allocation, not swap traffic; No documented hardware or OS energy counter is configured in WSL2",,measured,Winterfell transparent STARK pilot; matched vector only,measurement,true,true,ok,{},2,3,2,transition_constraints,5.0,12
f7d9981d-6ab5-43b6-869c-3c458e2fe04f,2026-08-09T03:32:20.216653+00:00,C7-TRANSPARENT-STARK,winterfell-stark-pilot-v1,controlled_kernel,winterfell-0.13.1-f128,045609f7c669d9c8addd833c007ceab666099814,294bad57ed211ce5f668890c93845dca664b6897d4ff1a7011a5c837b0436472,4599917784243926458,2,48,default,{},64,64,1,16,native_execution,0.175767,,,,,,,,,,,,,phase,,,true,wrong_public_input,,,,measured,Winterfell transparent STARK pilot; matched vector only,measurement,true,true,ok,"{""native_work_units"":64.0}",,,,,,
f7d9981d-6ab5-43b6-869c-3c458e2fe04f,2026-08-09T03:32:20.216723+00:00,C7-TRANSPARENT-STARK,winterfell-stark-pilot-v1,controlled_kernel,winterfell-0.13.1-f128,045609f7c669d9c8addd833c007ceab666099814,294bad57ed211ce5f668890c93845dca664b6897d4ff1a7011a5c837b0436472,4599917784243926458,2,48,default,{},64,64,1,16,witness,0.565548,,,,,,,,,,,,,phase,,,true,wrong_public_input,,,,measured,Winterfell transparent STARK pilot; matched vector only,measurement,true,true,ok,"{""trace_rows"":64.0,""transition_constraints"":2.0}",,,,,,
f7d9981d-6ab5-43b6-869c-3c458e2fe04f,2026-08-09T03:32:20.216744+00:00,C7-TRANSPARENT-STARK,winterfell-stark-pilot-v1,controlled_kernel,winterfell-0.13.1-f128,045609f7c669d9c8addd833c007ceab666099814,294bad57ed211ce5f668890c93845dca664b6897d4ff1a7011a5c837b0436472,4599917784243926458,2,48,default,{},64,64,1,16,setup_or_preprocess,,,,,,,,,,,,,,phase,,,true,wrong_public_input,,Winterfell exposes transparent trace/AIR proofing; no trusted setup or KZG commitment phase,,measured,Winterfell transparent STARK pilot; matched vector only,measurement,true,false,unsupported,{},,,,,,
f7d9981d-6ab5-43b6-869c-3c458e2fe04f,2026-08-09T03:32:20.216758+00:00,C7-TRANSPARENT-STARK,winterfell-stark-pilot-v1,controlled_kernel,winterfell-0.13.1-f128,045609f7c669d9c8addd833c007ceab666099814,294bad57ed211ce5f668890c93845dca664b6897d4ff1a7011a5c837b0436472,4599917784243926458,2,48,default,{},64,64,1,16,key_load,,,,,,,,,,,,,,phase,,,true,wrong_public_input,,Winterfell exposes transparent trace/AIR proofing; no trusted setup or KZG commitment phase,,measured,Winterfell transparent STARK pilot; matched vector only,measurement,true,false,unsupported,{},,,,,,
f7d9981d-6ab5-43b6-869c-3c458e2fe04f,2026-08-09T03:32:20.216771+00:00,C7-TRANSPARENT-STARK,winterfell-stark-pilot-v1,controlled_kernel,winterfell-0.13.1-f128,045609f7c669d9c8addd833c007ceab666099814,294bad57ed211ce5f668890c93845dca664b6897d4ff1a7011a5c837b0436472,4599917784243926458,2,48,default,{},64,64,1,16,msm,,,,,,,,,,,,,,phase,,,true,wrong_public_input,,Winterfell exposes transparent trace/AIR proofing; no trusted setup or KZG commitment phase,,measured,Winterfell transparent STARK pilot; matched vector only,measurement,true,false,unsupported,{},,,,,,
f7d9981d-6ab5-43b6-869c-3c458e2fe04f,2026-08-09T03:32:20.216783+00:00,C7-TRANSPARENT-STARK,winterfell-stark-pilot-v1,controlled_kernel,winterfell-0.13.1-f128,045609f7c669d9c8addd833c007ceab666099814,294bad57ed211ce5f668890c93845dca664b6897d4ff1a7011a5c837b0436472,4599917784243926458,2,48,default,{},64,64,1,16,fft_ntt,,,,,,,,,,,,,,phase,,,true,wrong_public_input,,Winterfell exposes transparent trace/AIR proofing; no trusted setup or KZG commitment phase,,measured,Winterfell transparent STARK pilot; matched vector only,measurement,true,false,unsupported,{},,,,,,
f7d9981d-6ab5-43b6-869c-3c458e2fe04f,2026-08-09T03:32:20.216795+00:00,C7-TRANSPARENT-STARK,winterfell-stark-pilot-v1,controlled_kernel,winterfell-0.13.1-f128,045609f7c669d9c8addd833c007ceab666099814,294bad57ed211ce5f668890c93845dca664b6897d4ff1a7011a5c837b0436472,4599917784243926458,2,48,default,{},64,64,1,16,prove_total,6.276355,,,,,,,,,,,,,phase,,,true,wrong_public_input,,,,measured,Winterfell transparent STARK pilot; matched vector only,measurement,true,true,ok,"{""trace_rows"":64.0}",,,,,,
f7d9981d-6ab5-43b6-869c-3c458e2fe04f,2026-08-09T03:32:20.216809+00:00,C7-TRANSPARENT-STARK,winterfell-stark-pilot-v1,controlled_kernel,winterfell-0.13.1-f128,045609f7c669d9c8addd833c007ceab666099814,294bad57ed211ce5f668890c93845dca664b6897d4ff1a7011a5c837b0436472,4599917784243926458,2,48,default,{},64,64,1,16,serialize,0.006752,,,,,,,,,,,,,phase,,,true,wrong_public_input,,,,measured,Winterfell transparent STARK pilot; matched vector only,measurement,true,true,ok,"{""proof_bytes"":13088.0}",,,,,,
f7d9981d-6ab5-43b6-869c-3c458e2fe04f,2026-08-09T03:32:20.216823+00:00,C7-TRANSPARENT-STARK,winterfell-stark-pilot-v1,controlled_kernel,winterfell-0.13.1-f128,045609f7c669d9c8addd833c007ceab666099814,294bad57ed211ce5f668890c93845dca664b6897d4ff1a7011a5c837b0436472,4599917784243926458,2,48,default,{},64,64,1,16,deserialize,0.009849,,,,,,,,,,,,,phase,,,true,wrong_public_input,,,,measured,Winterfell transparent STARK pilot; matched vector only,measurement,true,true,ok,"{""proof_bytes"":13088.0}",,,,,,
f7d9981d-6ab5-43b6-869c-3c458e2fe04f,2026-08-09T03:32:20.216836+00:00,C7-TRANSPARENT-STARK,winterfell-stark-pilot-v1,controlled_kernel,winterfell-0.13.1-f128,045609f7c669d9c8addd833c007ceab666099814,294bad57ed211ce5f668890c93845dca664b6897d4ff1a7011a5c837b0436472,4599917784243926458,2,48,default,{},64,64,1,16,verify_total,0.430874,,,,,,,,,,,,,phase,,,true,wrong_public_input,,,,measured,Winterfell transparent STARK pilot; matched vector only,measurement,true,true,ok,"{""trace_rows"":64.0}",,,,,,
f7d9981d-6ab5-43b6-869c-3c458e2fe04f,2026-08-09T03:32:20.216848+00:00,C7-TRANSPARENT-STARK,winterfell-stark-pilot-v1,controlled_kernel,winterfell-0.13.1-f128,045609f7c669d9c8addd833c007ceab666099814,294bad57ed211ce5f668890c93845dca664b6897d4ff1a7011a5c837b0436472,4599917784243926458,2,48,default,{},64,64,1,16,invalid_reject,0.430874,,,,,,,,,,,,,phase,,,true,wrong_public_input,,,,measured,Winterfell transparent STARK pilot; matched vector only,measurement,true,true,ok,"{""trace_rows"":64.0}",,,,,,
f7d9981d-6ab5-43b6-869c-3c458e2fe04f,2026-08-09T03:32:20.216861+00:00,C7-TRANSPARENT-STARK,winterfell-stark-pilot-v1,controlled_kernel,winterfell-0.13.1-f128,045609f7c669d9c8addd833c007ceab666099814,294bad57ed211ce5f668890c93845dca664b6897d4ff1a7011a5c837b0436472,4599917784243926458,2,48,default,{},64,64,1,16,adapter_process_wall,66.688458,,3.687500,13088,false,0,cryptographic_rejection,153,956,,,,linux-procfs,process,,,true,wrong_public_input,,"private commit and per-process swap I/O are unavailable; VmSwap reports allocation, not swap traffic; No documented hardware or OS energy counter is configured in WSL2",,measured,Winterfell transparent STARK pilot; matched vector only,measurement,true,true,ok,{},2,3,2,transition_constraints,5.0,12
c8834cdd-f38f-4b87-9531-d297a27f49c0,2026-08-09T03:32:20.290958+00:00,C7-TRANSPARENT-STARK,winterfell-stark-pilot-v1,controlled_kernel,winterfell-0.13.1-f128,045609f7c669d9c8addd833c007ceab666099814,294bad57ed211ce5f668890c93845dca664b6897d4ff1a7011a5c837b0436472,3621201156728334337,2,49,default,{},256,256,4,16,native_execution,0.208388,,,,,,,,,,,,,phase,,,true,wrong_public_input,,,,measured,Winterfell transparent STARK pilot; matched vector only,measurement,true,true,ok,"{""native_work_units"":256.0}",,,,,,
c8834cdd-f38f-4b87-9531-d297a27f49c0,2026-08-09T03:32:20.291023+00:00,C7-TRANSPARENT-STARK,winterfell-stark-pilot-v1,controlled_kernel,winterfell-0.13.1-f128,045609f7c669d9c8addd833c007ceab666099814,294bad57ed211ce5f668890c93845dca664b6897d4ff1a7011a5c837b0436472,3621201156728334337,2,49,default,{},256,256,4,16,witness,0.554322,,,,,,,,,,,,,phase,,,true,wrong_public_input,,,,measured,Winterfell transparent STARK pilot; matched vector only,measurement,true,true,ok,"{""trace_rows"":256.0,""transition_constraints"":2.0}",,,,,,
c8834cdd-f38f-4b87-9531-d297a27f49c0,2026-08-09T03:32:20.291043+00:00,C7-TRANSPARENT-STARK,winterfell-stark-pilot-v1,controlled_kernel,winterfell-0.13.1-f128,045609f7c669d9c8addd833c007ceab666099814,294bad57ed211ce5f668890c93845dca664b6897d4ff1a7011a5c837b0436472,3621201156728334337,2,49,default,{},256,256,4,16,setup_or_preprocess,,,,,,,,,,,,,,phase,,,true,wrong_public_input,,Winterfell exposes transparent trace/AIR proofing; no trusted setup or KZG commitment phase,,measured,Winterfell transparent STARK pilot; matched vector only,measurement,true,false,unsupported,{},,,,,,
c8834cdd-f38f-4b87-9531-d297a27f49c0,2026-08-09T03:32:20.291057+00:00,C7-TRANSPARENT-STARK,winterfell-stark-pilot-v1,controlled_kernel,winterfell-0.13.1-f128,045609f7c669d9c8addd833c007ceab666099814,294bad57ed211ce5f668890c93845dca664b6897d4ff1a7011a5c837b0436472,3621201156728334337,2,49,default,{},256,256,4,16,key_load,,,,,,,,,,,,,,phase,,,true,wrong_public_input,,Winterfell exposes transparent trace/AIR proofing; no trusted setup or KZG commitment phase,,measured,Winterfell transparent STARK pilot; matched vector only,measurement,true,false,unsupported,{},,,,,,
c8834cdd-f38f-4b87-9531-d297a27f49c0,2026-08-09T03:32:20.291071+00:00,C7-TRANSPARENT-STARK,winterfell-stark-pilot-v1,controlled_kernel,winterfell-0.13.1-f128,045609f7c669d9c8addd833c007ceab666099814,294bad57ed211ce5f668890c93845dca664b6897d4ff1a7011a5c837b0436472,3621201156728334337,2,49,default,{},256,256,4,16,msm,,,,,,,,,,,,,,phase,,,true,wrong_public_input,,Winterfell exposes transparent trace/AIR proofing; no trusted setup or KZG commitment phase,,measured,Winterfell transparent STARK pilot; matched vector only,measurement,true,false,unsupported,{},,,,,,
c8834cdd-f38f-4b87-9531-d297a27f49c0,2026-08-09T03:32:20.291083+00:00,C7-TRANSPARENT-STARK,winterfell-stark-pilot-v1,controlled_kernel,winterfell-0.13.1-f128,045609f7c669d9c8addd833c007ceab666099814,294bad57ed211ce5f668890c93845dca664b6897d4ff1a7011a5c837b0436472,3621201156728334337,2,49,default,{},256,256,4,16,fft_ntt,,,,,,,,,,,,,,phase,,,true,wrong_public_input,,Winterfell exposes transparent trace/AIR proofing; no trusted setup or KZG commitment phase,,measured,Winterfell transparent STARK pilot; matched vector only,measurement,true,false,unsupported,{},,,,,,
c8834cdd-f38f-4b87-9531-d297a27f49c0,2026-08-09T03:32:20.291095+00:00,C7-TRANSPARENT-STARK,winterfell-stark-pilot-v1,controlled_kernel,winterfell-0.13.1-f128,045609f7c669d9c8addd833c007ceab666099814,294bad57ed211ce5f668890c93845dca664b6897d4ff1a7011a5c837b0436472,3621201156728334337,2,49,default,{},256,256,4,16,prove_total,12.295071,,,,,,,,,,,,,phase,,,true,wrong_public_input,,,,measured,Winterfell transparent STARK pilot; matched vector only,measurement,true,true,ok,"{""trace_rows"":256.0}",,,,,,
c8834cdd-f38f-4b87-9531-d297a27f49c0,2026-08-09T03:32:20.291108+00:00,C7-TRANSPARENT-STARK,winterfell-stark-pilot-v1,controlled_kernel,winterfell-0.13.1-f128,045609f7c669d9c8addd833c007ceab666099814,294bad57ed211ce5f668890c93845dca664b6897d4ff1a7011a5c837b0436472,3621201156728334337,2,49,default,{},256,256,4,16,serialize,0.010539,,,,,,,,,,,,,phase,,,true,wrong_public_input,,,,measured,Winterfell transparent STARK pilot; matched vector only,measurement,true,true,ok,"{""proof_bytes"":19400.0}",,,,,,
c8834cdd-f38f-4b87-9531-d297a27f49c0,2026-08-09T03:32:20.291121+00:00,C7-TRANSPARENT-STARK,winterfell-stark-pilot-v1,controlled_kernel,winterfell-0.13.1-f128,045609f7c669d9c8addd833c007ceab666099814,294bad57ed211ce5f668890c93845dca664b6897d4ff1a7011a5c837b0436472,3621201156728334337,2,49,default,{},256,256,4,16,deserialize,0.013375,,,,,,,,,,,,,phase,,,true,wrong_public_input,,,,measured,Winterfell transparent STARK pilot; matched vector only,measurement,true,true,ok,"{""proof_bytes"":19400.0}",,,,,,
c8834cdd-f38f-4b87-9531-d297a27f49c0,2026-08-09T03:32:20.291134+00:00,C7-TRANSPARENT-STARK,winterfell-stark-pilot-v1,controlled_kernel,winterfell-0.13.1-f128,045609f7c669d9c8addd833c007ceab666099814,294bad57ed211ce5f668890c93845dca664b6897d4ff1a7011a5c837b0436472,3621201156728334337,2,49,default,{},256,256,4,16,verify_total,0.471166,,,,,,,,,,,,,phase,,,true,wrong_public_input,,,,measured,Winterfell transparent STARK pilot; matched vector only,measurement,true,true,ok,"{""trace_rows"":256.0}",,,,,,
c8834cdd-f38f-4b87-9531-d297a27f49c0,2026-08-09T03:32:20.291147+00:00,C7-TRANSPARENT-STARK,winterfell-stark-pilot-v1,controlled_kernel,winterfell-0.13.1-f128,045609f7c669d9c8addd833c007ceab666099814,294bad57ed211ce5f668890c93845dca664b6897d4ff1a7011a5c837b0436472,3621201156728334337,2,49,default,{},256,256,4,16,invalid_reject,0.471166,,,,,,,,,,,,,phase,,,true,wrong_public_input,,,,measured,Winterfell transparent STARK pilot; matched vector only,measurement,true,true,ok,"{""trace_rows"":256.0}",,,,,,
c8834cdd-f38f-4b87-9531-d297a27f49c0,2026-08-09T03:32:20.291160+00:00,C7-TRANSPARENT-STARK,winterfell-stark-pilot-v1,controlled_kernel,winterfell-0.13.1-f128,045609f7c669d9c8addd833c007ceab666099814,294bad57ed211ce5f668890c93845dca664b6897d4ff1a7011a5c837b0436472,3621201156728334337,2,49,default,{},256,256,4,16,adapter_process_wall,73.365973,10.000000,4.753906,19400,false,0,cryptographic_rejection,387,956,,,,linux-procfs,process,,,true,wrong_public_input,,"Linux procfs read failed: [Errno 13] Permission denied: '/proc/655/io'; private commit and per-process swap I/O are unavailable; VmSwap reports allocation, not swap traffic; No documented hardware or OS energy counter is configured in WSL2",,measured,Winterfell transparent STARK pilot; matched vector only,measurement,true,true,ok,{},2,3,2,transition_constraints,5.0,13
f95c27d6-709b-4da0-af4e-841725439387,2026-08-09T03:32:20.365754+00:00,C7-TRANSPARENT-STARK,winterfell-stark-pilot-v1,controlled_kernel,winterfell-0.13.1-f128,045609f7c669d9c8addd833c007ceab666099814,294bad57ed211ce5f668890c93845dca664b6897d4ff1a7011a5c837b0436472,7804881988330036269,2,50,default,{},256,256,4,16,native_execution,0.278964,,,,,,,,,,,,,phase,,,true,,,,,measured,Winterfell transparent STARK pilot; matched vector only,measurement,true,true,ok,"{""native_work_units"":256.0}",,,,,,
f95c27d6-709b-4da0-af4e-841725439387,2026-08-09T03:32:20.365861+00:00,C7-TRANSPARENT-STARK,winterfell-stark-pilot-v1,controlled_kernel,winterfell-0.13.1-f128,045609f7c669d9c8addd833c007ceab666099814,294bad57ed211ce5f668890c93845dca664b6897d4ff1a7011a5c837b0436472,7804881988330036269,2,50,default,{},256,256,4,16,witness,0.612941,,,,,,,,,,,,,phase,,,true,,,,,measured,Winterfell transparent STARK pilot; matched vector only,measurement,true,true,ok,"{""trace_rows"":256.0,""transition_constraints"":2.0}",,,,,,
f95c27d6-709b-4da0-af4e-841725439387,2026-08-09T03:32:20.365888+00:00,C7-TRANSPARENT-STARK,winterfell-stark-pilot-v1,controlled_kernel,winterfell-0.13.1-f128,045609f7c669d9c8addd833c007ceab666099814,294bad57ed211ce5f668890c93845dca664b6897d4ff1a7011a5c837b0436472,7804881988330036269,2,50,default,{},256,256,4,16,setup_or_preprocess,,,,,,,,,,,,,,phase,,,true,,,Winterfell exposes transparent trace/AIR proofing; no trusted setup or KZG commitment phase,,measured,Winterfell transparent STARK pilot; matched vector only,measurement,true,false,unsupported,{},,,,,,
f95c27d6-709b-4da0-af4e-841725439387,2026-08-09T03:32:20.365906+00:00,C7-TRANSPARENT-STARK,winterfell-stark-pilot-v1,controlled_kernel,winterfell-0.13.1-f128,045609f7c669d9c8addd833c007ceab666099814,294bad57ed211ce5f668890c93845dca664b6897d4ff1a7011a5c837b0436472,7804881988330036269,2,50,default,{},256,256,4,16,key_load,,,,,,,,,,,,,,phase,,,true,,,Winterfell exposes transparent trace/AIR proofing; no trusted setup or KZG commitment phase,,measured,Winterfell transparent STARK pilot; matched vector only,measurement,true,false,unsupported,{},,,,,,
f95c27d6-709b-4da0-af4e-841725439387,2026-08-09T03:32:20.365924+00:00,C7-TRANSPARENT-STARK,winterfell-stark-pilot-v1,controlled_kernel,winterfell-0.13.1-f128,045609f7c669d9c8addd833c007ceab666099814,294bad57ed211ce5f668890c93845dca664b6897d4ff1a7011a5c837b0436472,7804881988330036269,2,50,default,{},256,256,4,16,msm,,,,,,,,,,,,,,phase,,,true,,,Winterfell exposes transparent trace/AIR proofing; no trusted setup or KZG commitment phase,,measured,Winterfell transparent STARK pilot; matched vector only,measurement,true,false,unsupported,{},,,,,,
f95c27d6-709b-4da0-af4e-841725439387,2026-08-09T03:32:20.365939+00:00,C7-TRANSPARENT-STARK,winterfell-stark-pilot-v1,controlled_kernel,winterfell-0.13.1-f128,045609f7c669d9c8addd833c007ceab666099814,294bad57ed211ce5f668890c93845dca664b6897d4ff1a7011a5c837b0436472,7804881988330036269,2,50,default,{},256,256,4,16,fft_ntt,,,,,,,,,,,,,,phase,,,true,,,Winterfell exposes transparent trace/AIR proofing; no trusted setup or KZG commitment phase,,measured,Winterfell transparent STARK pilot; matched vector only,measurement,true,false,unsupported,{},,,,,,
f95c27d6-709b-4da0-af4e-841725439387,2026-08-09T03:32:20.365955+00:00,C7-TRANSPARENT-STARK,winterfell-stark-pilot-v1,controlled_kernel,winterfell-0.13.1-f128,045609f7c669d9c8addd833c007ceab666099814,294bad57ed211ce5f668890c93845dca664b6897d4ff1a7011a5c837b0436472,7804881988330036269,2,50,default,{},256,256,4,16,prove_total,12.457022,,,,,,,,,,,,,phase,,,true,,,,,measured,Winterfell transparent STARK pilot; matched vector only,measurement,true,true,ok,"{""trace_rows"":256.0}",,,,,,
f95c27d6-709b-4da0-af4e-841725439387,2026-08-09T03:32:20.365972+00:00,C7-TRANSPARENT-STARK,winterfell-stark-pilot-v1,controlled_kernel,winterfell-0.13.1-f128,045609f7c669d9c8addd833c007ceab666099814,294bad57ed211ce5f668890c93845dca664b6897d4ff1a7011a5c837b0436472,7804881988330036269,2,50,default,{},256,256,4,16,serialize,0.010951,,,,,,,,,,,,,phase,,,true,,,,,measured,Winterfell transparent STARK pilot; matched vector only,measurement,true,true,ok,"{""proof_bytes"":19659.0}",,,,,,
f95c27d6-709b-4da0-af4e-841725439387,2026-08-09T03:32:20.365989+00:00,C7-TRANSPARENT-STARK,winterfell-stark-pilot-v1,controlled_kernel,winterfell-0.13.1-f128,045609f7c669d9c8addd833c007ceab666099814,294bad57ed211ce5f668890c93845dca664b6897d4ff1a7011a5c837b0436472,7804881988330036269,2,50,default,{},256,256,4,16,deserialize,0.017422,,,,,,,,,,,,,phase,,,true,,,,,measured,Winterfell transparent STARK pilot; matched vector only,measurement,true,true,ok,"{""proof_bytes"":19659.0}",,,,,,
f95c27d6-709b-4da0-af4e-841725439387,2026-08-09T03:32:20.366005+00:00,C7-TRANSPARENT-STARK,winterfell-stark-pilot-v1,controlled_kernel,winterfell-0.13.1-f128,045609f7c669d9c8addd833c007ceab666099814,294bad57ed211ce5f668890c93845dca664b6897d4ff1a7011a5c837b0436472,7804881988330036269,2,50,default,{},256,256,4,16,verify_total,0.843330,,,,,,,,,,,,,phase,,,true,,,,,measured,Winterfell transparent STARK pilot; matched vector only,measurement,true,true,ok,"{""trace_rows"":256.0}",,,,,,
f95c27d6-709b-4da0-af4e-841725439387,2026-08-09T03:32:20.366022+00:00,C7-TRANSPARENT-STARK,winterfell-stark-pilot-v1,controlled_kernel,winterfell-0.13.1-f128,045609f7c669d9c8addd833c007ceab666099814,294bad57ed211ce5f668890c93845dca664b6897d4ff1a7011a5c837b0436472,7804881988330036269,2,50,default,{},256,256,4,16,adapter_process_wall,73.769749,,4.648438,19659,true,0,,386,956,,,,linux-procfs,process,,,true,,,"Linux procfs read failed: [Errno 13] Permission denied: '/proc/661/io'; private commit and per-process swap I/O are unavailable; VmSwap reports allocation, not swap traffic; No documented hardware or OS energy counter is configured in WSL2",,measured,Winterfell transparent STARK pilot; matched vector only,measurement,true,true,ok,{},2,3,2,transition_constraints,5.0,13
5dbdce67-db29-4ea1-bb82-57a6d30be20f,2026-08-09T03:32:20.443569+00:00,C7-TRANSPARENT-STARK,winterfell-stark-pilot-v1,controlled_kernel,winterfell-0.13.1-f128,045609f7c669d9c8addd833c007ceab666099814,294bad57ed211ce5f668890c93845dca664b6897d4ff1a7011a5c837b0436472,5493141777099367956,1,51,default,{},1024,1024,4,16,native_execution,0.215361,,,,,,,,,,,,,phase,,,true,,,,,measured,Winterfell transparent STARK pilot; matched vector only,measurement,true,true,ok,"{""native_work_units"":1024.0}",,,,,,
5dbdce67-db29-4ea1-bb82-57a6d30be20f,2026-08-09T03:32:20.443643+00:00,C7-TRANSPARENT-STARK,winterfell-stark-pilot-v1,controlled_kernel,winterfell-0.13.1-f128,045609f7c669d9c8addd833c007ceab666099814,294bad57ed211ce5f668890c93845dca664b6897d4ff1a7011a5c837b0436472,5493141777099367956,1,51,default,{},1024,1024,4,16,witness,0.525538,,,,,,,,,,,,,phase,,,true,,,,,measured,Winterfell transparent STARK pilot; matched vector only,measurement,true,true,ok,"{""trace_rows"":1024.0,""transition_constraints"":2.0}",,,,,,
5dbdce67-db29-4ea1-bb82-57a6d30be20f,2026-08-09T03:32:20.443668+00:00,C7-TRANSPARENT-STARK,winterfell-stark-pilot-v1,controlled_kernel,winterfell-0.13.1-f128,045609f7c669d9c8addd833c007ceab666099814,294bad57ed211ce5f668890c93845dca664b6897d4ff1a7011a5c837b0436472,5493141777099367956,1,51,default,{},1024,1024,4,16,setup_or_preprocess,,,,,,,,,,,,,,phase,,,true,,,Winterfell exposes transparent trace/AIR proofing; no trusted setup or KZG commitment phase,,measured,Winterfell transparent STARK pilot; matched vector only,measurement,true,false,unsupported,{},,,,,,
5dbdce67-db29-4ea1-bb82-57a6d30be20f,2026-08-09T03:32:20.443684+00:00,C7-TRANSPARENT-STARK,winterfell-stark-pilot-v1,controlled_kernel,winterfell-0.13.1-f128,045609f7c669d9c8addd833c007ceab666099814,294bad57ed211ce5f668890c93845dca664b6897d4ff1a7011a5c837b0436472,5493141777099367956,1,51,default,{},1024,1024,4,16,key_load,,,,,,,,,,,,,,phase,,,true,,,Winterfell exposes transparent trace/AIR proofing; no trusted setup or KZG commitment phase,,measured,Winterfell transparent STARK pilot; matched vector only,measurement,true,false,unsupported,{},,,,,,
5dbdce67-db29-4ea1-bb82-57a6d30be20f,2026-08-09T03:32:20.443700+00:00,C7-TRANSPARENT-STARK,winterfell-stark-pilot-v1,controlled_kernel,winterfell-0.13.1-f128,045609f7c669d9c8addd833c007ceab666099814,294bad57ed211ce5f668890c93845dca664b6897d4ff1a7011a5c837b0436472,5493141777099367956,1,51,default,{},1024,1024,4,16,msm,,,,,,,,,,,,,,phase,,,true,,,Winterfell exposes transparent trace/AIR proofing; no trusted setup or KZG commitment phase,,measured,Winterfell transparent STARK pilot; matched vector only,measurement,true,false,unsupported,{},,,,,,
5dbdce67-db29-4ea1-bb82-57a6d30be20f,2026-08-09T03:32:20.443715+00:00,C7-TRANSPARENT-STARK,winterfell-stark-pilot-v1,controlled_kernel,winterfell-0.13.1-f128,045609f7c669d9c8addd833c007ceab666099814,294bad57ed211ce5f668890c93845dca664b6897d4ff1a7011a5c837b0436472,5493141777099367956,1,51,default,{},1024,1024,4,16,fft_ntt,,,,,,,,,,,,,,phase,,,true,,,Winterfell exposes transparent trace/AIR proofing; no trusted setup or KZG commitment phase,,measured,Winterfell transparent STARK pilot; matched vector only,measurement,true,false,unsupported,{},,,,,,
5dbdce67-db29-4ea1-bb82-57a6d30be20f,2026-08-09T03:32:20.443729+00:00,C7-TRANSPARENT-STARK,winterfell-stark-pilot-v1,controlled_kernel,winterfell-0.13.1-f128,045609f7c669d9c8addd833c007ceab666099814,294bad57ed211ce5f668890c93845dca664b6897d4ff1a7011a5c837b0436472,5493141777099367956,1,51,default,{},1024,1024,4,16,prove_total,16.448956,,,,,,,,,,,,,phase,,,true,,,,,measured,Winterfell transparent STARK pilot; matched vector only,measurement,true,true,ok,"{""trace_rows"":1024.0}",,,,,,
5dbdce67-db29-4ea1-bb82-57a6d30be20f,2026-08-09T03:32:20.443745+00:00,C7-TRANSPARENT-STARK,winterfell-stark-pilot-v1,controlled_kernel,winterfell-0.13.1-f128,045609f7c669d9c8addd833c007ceab666099814,294bad57ed211ce5f668890c93845dca664b6897d4ff1a7011a5c837b0436472,5493141777099367956,1,51,default,{},1024,1024,4,16,serialize,0.013104,,,,,,,,,,,,,phase,,,true,,,,,measured,Winterfell transparent STARK pilot; matched vector only,measurement,true,true,ok,"{""proof_bytes"":30606.0}",,,,,,
5dbdce67-db29-4ea1-bb82-57a6d30be20f,2026-08-09T03:32:20.443761+00:00,C7-TRANSPARENT-STARK,winterfell-stark-pilot-v1,controlled_kernel,winterfell-0.13.1-f128,045609f7c669d9c8addd833c007ceab666099814,294bad57ed211ce5f668890c93845dca664b6897d4ff1a7011a5c837b0436472,5493141777099367956,1,51,default,{},1024,1024,4,16,deserialize,0.017121,,,,,,,,,,,,,phase,,,true,,,,,measured,Winterfell transparent STARK pilot; matched vector only,measurement,true,true,ok,"{""proof_bytes"":30606.0}",,,,,,
5dbdce67-db29-4ea1-bb82-57a6d30be20f,2026-08-09T03:32:20.443777+00:00,C7-TRANSPARENT-STARK,winterfell-stark-pilot-v1,controlled_kernel,winterfell-0.13.1-f128,045609f7c669d9c8addd833c007ceab666099814,294bad57ed211ce5f668890c93845dca664b6897d4ff1a7011a5c837b0436472,5493141777099367956,1,51,default,{},1024,1024,4,16,verify_total,0.858708,,,,,,,,,,,,,phase,,,true,,,,,measured,Winterfell transparent STARK pilot; matched vector only,measurement,true,true,ok,"{""trace_rows"":1024.0}",,,,,,
5dbdce67-db29-4ea1-bb82-57a6d30be20f,2026-08-09T03:32:20.443793+00:00,C7-TRANSPARENT-STARK,winterfell-stark-pilot-v1,controlled_kernel,winterfell-0.13.1-f128,045609f7c669d9c8addd833c007ceab666099814,294bad57ed211ce5f668890c93845dca664b6897d4ff1a7011a5c837b0436472,5493141777099367956,1,51,default,{},1024,1024,4,16,adapter_process_wall,76.575166,20.000000,7.507812,30606,true,0,,1129,956,,,,linux-procfs,process,,,true,,,"private commit and per-process swap I/O are unavailable; VmSwap reports allocation, not swap traffic; No documented hardware or OS energy counter is configured in WSL2",,measured,Winterfell transparent STARK pilot; matched vector only,measurement,true,true,ok,{},2,3,2,transition_constraints,5.0,14
400b4001-20db-492f-9f73-af0cf6b029a9,2026-08-09T03:32:20.512023+00:00,C7-TRANSPARENT-STARK,winterfell-stark-pilot-v1,controlled_kernel,winterfell-0.13.1-f128,045609f7c669d9c8addd833c007ceab666099814,294bad57ed211ce5f668890c93845dca664b6897d4ff1a7011a5c837b0436472,2565007839452761046,2,52,default,{},64,64,4,16,native_execution,0.189077,,,,,,,,,,,,,phase,,,true,,,,,measured,Winterfell transparent STARK pilot; matched vector only,measurement,true,true,ok,"{""native_work_units"":64.0}",,,,,,
400b4001-20db-492f-9f73-af0cf6b029a9,2026-08-09T03:32:20.512133+00:00,C7-TRANSPARENT-STARK,winterfell-stark-pilot-v1,controlled_kernel,winterfell-0.13.1-f128,045609f7c669d9c8addd833c007ceab666099814,294bad57ed211ce5f668890c93845dca664b6897d4ff1a7011a5c837b0436472,2565007839452761046,2,52,default,{},64,64,4,16,witness,0.563394,,,,,,,,,,,,,phase,,,true,,,,,measured,Winterfell transparent STARK pilot; matched vector only,measurement,true,true,ok,"{""trace_rows"":64.0,""transition_constraints"":2.0}",,,,,,
400b4001-20db-492f-9f73-af0cf6b029a9,2026-08-09T03:32:20.512159+00:00,C7-TRANSPARENT-STARK,winterfell-stark-pilot-v1,controlled_kernel,winterfell-0.13.1-f128,045609f7c669d9c8addd833c007ceab666099814,294bad57ed211ce5f668890c93845dca664b6897d4ff1a7011a5c837b0436472,2565007839452761046,2,52,default,{},64,64,4,16,setup_or_preprocess,,,,,,,,,,,,,,phase,,,true,,,Winterfell exposes transparent trace/AIR proofing; no trusted setup or KZG commitment phase,,measured,Winterfell transparent STARK pilot; matched vector only,measurement,true,false,unsupported,{},,,,,,
400b4001-20db-492f-9f73-af0cf6b029a9,2026-08-09T03:32:20.512178+00:00,C7-TRANSPARENT-STARK,winterfell-stark-pilot-v1,controlled_kernel,winterfell-0.13.1-f128,045609f7c669d9c8addd833c007ceab666099814,294bad57ed211ce5f668890c93845dca664b6897d4ff1a7011a5c837b0436472,2565007839452761046,2,52,default,{},64,64,4,16,key_load,,,,,,,,,,,,,,phase,,,true,,,Winterfell exposes transparent trace/AIR proofing; no trusted setup or KZG commitment phase,,measured,Winterfell transparent STARK pilot; matched vector only,measurement,true,false,unsupported,{},,,,,,
400b4001-20db-492f-9f73-af0cf6b029a9,2026-08-09T03:32:20.512194+00:00,C7-TRANSPARENT-STARK,winterfell-stark-pilot-v1,controlled_kernel,winterfell-0.13.1-f128,045609f7c669d9c8addd833c007ceab666099814,294bad57ed211ce5f668890c93845dca664b6897d4ff1a7011a5c837b0436472,2565007839452761046,2,52,default,{},64,64,4,16,msm,,,,,,,,,,,,,,phase,,,true,,,Winterfell exposes transparent trace/AIR proofing; no trusted setup or KZG commitment phase,,measured,Winterfell transparent STARK pilot; matched vector only,measurement,true,false,unsupported,{},,,,,,
400b4001-20db-492f-9f73-af0cf6b029a9,2026-08-09T03:32:20.512209+00:00,C7-TRANSPARENT-STARK,winterfell-stark-pilot-v1,controlled_kernel,winterfell-0.13.1-f128,045609f7c669d9c8addd833c007ceab666099814,294bad57ed211ce5f668890c93845dca664b6897d4ff1a7011a5c837b0436472,2565007839452761046,2,52,default,{},64,64,4,16,fft_ntt,,,,,,,,,,,,,,phase,,,true,,,Winterfell exposes transparent trace/AIR proofing; no trusted setup or KZG commitment phase,,measured,Winterfell transparent STARK pilot; matched vector only,measurement,true,false,unsupported,{},,,,,,
400b4001-20db-492f-9f73-af0cf6b029a9,2026-08-09T03:32:20.512225+00:00,C7-TRANSPARENT-STARK,winterfell-stark-pilot-v1,controlled_kernel,winterfell-0.13.1-f128,045609f7c669d9c8addd833c007ceab666099814,294bad57ed211ce5f668890c93845dca664b6897d4ff1a7011a5c837b0436472,2565007839452761046,2,52,default,{},64,64,4,16,prove_total,9.908937,,,,,,,,,,,,,phase,,,true,,,,,measured,Winterfell transparent STARK pilot; matched vector only,measurement,true,true,ok,"{""trace_rows"":64.0}",,,,,,
400b4001-20db-492f-9f73-af0cf6b029a9,2026-08-09T03:32:20.512243+00:00,C7-TRANSPARENT-STARK,winterfell-stark-pilot-v1,controlled_kernel,winterfell-0.13.1-f128,045609f7c669d9c8addd833c007ceab666099814,294bad57ed211ce5f668890c93845dca664b6897d4ff1a7011a5c837b0436472,2565007839452761046,2,52,default,{},64,64,4,16,serialize,0.009137,,,,,,,,,,,,,phase,,,true,,,,,measured,Winterfell transparent STARK pilot; matched vector only,measurement,true,true,ok,"{""proof_bytes"":11687.0}",,,,,,
400b4001-20db-492f-9f73-af0cf6b029a9,2026-08-09T03:32:20.512282+00:00,C7-TRANSPARENT-STARK,winterfell-stark-pilot-v1,controlled_kernel,winterfell-0.13.1-f128,045609f7c669d9c8addd833c007ceab666099814,294bad57ed211ce5f668890c93845dca664b6897d4ff1a7011a5c837b0436472,2565007839452761046,2,52,default,{},64,64,4,16,deserialize,0.013325,,,,,,,,,,,,,phase,,,true,,,,,measured,Winterfell transparent STARK pilot; matched vector only,measurement,true,true,ok,"{""proof_bytes"":11687.0}",,,,,,
400b4001-20db-492f-9f73-af0cf6b029a9,2026-08-09T03:32:20.512322+00:00,C7-TRANSPARENT-STARK,winterfell-stark-pilot-v1,controlled_kernel,winterfell-0.13.1-f128,045609f7c669d9c8addd833c007ceab666099814,294bad57ed211ce5f668890c93845dca664b6897d4ff1a7011a5c837b0436472,2565007839452761046,2,52,default,{},64,64,4,16,verify_total,0.833350,,,,,,,,,,,,,phase,,,true,,,,,measured,Winterfell transparent STARK pilot; matched vector only,measurement,true,true,ok,"{""trace_rows"":64.0}",,,,,,
400b4001-20db-492f-9f73-af0cf6b029a9,2026-08-09T03:32:20.512344+00:00,C7-TRANSPARENT-STARK,winterfell-stark-pilot-v1,controlled_kernel,winterfell-0.13.1-f128,045609f7c669d9c8addd833c007ceab666099814,294bad57ed211ce5f668890c93845dca664b6897d4ff1a7011a5c837b0436472,2565007839452761046,2,52,default,{},64,64,4,16,adapter_process_wall,67.397707,,4.250000,11687,true,0,,238,956,,,,linux-procfs,process,,,true,,,"private commit and per-process swap I/O are unavailable; VmSwap reports allocation, not swap traffic; No documented hardware or OS energy counter is configured in WSL2",,measured,Winterfell transparent STARK pilot; matched vector only,measurement,true,true,ok,{},2,3,2,transition_constraints,5.0,12
dc340358-61c1-4bf5-80c0-4c9c1d5c9be4,2026-08-09T03:32:20.580390+00:00,C7-TRANSPARENT-STARK,winterfell-stark-pilot-v1,controlled_kernel,winterfell-0.13.1-f128,045609f7c669d9c8addd833c007ceab666099814,294bad57ed211ce5f668890c93845dca664b6897d4ff1a7011a5c837b0436472,4213133045299446527,1,53,default,{},64,64,1,16,native_execution,0.207972,,,,,,,,,,,,,phase,,,true,,,,,measured,Winterfell transparent STARK pilot; matched vector only,measurement,true,true,ok,"{""native_work_units"":64.0}",,,,,,
dc340358-61c1-4bf5-80c0-4c9c1d5c9be4,2026-08-09T03:32:20.580555+00:00,C7-TRANSPARENT-STARK,winterfell-stark-pilot-v1,controlled_kernel,winterfell-0.13.1-f128,045609f7c669d9c8addd833c007ceab666099814,294bad57ed211ce5f668890c93845dca664b6897d4ff1a7011a5c837b0436472,4213133045299446527,1,53,default,{},64,64,1,16,witness,0.508076,,,,,,,,,,,,,phase,,,true,,,,,measured,Winterfell transparent STARK pilot; matched vector only,measurement,true,true,ok,"{""trace_rows"":64.0,""transition_constraints"":2.0}",,,,,,
dc340358-61c1-4bf5-80c0-4c9c1d5c9be4,2026-08-09T03:32:20.580599+00:00,C7-TRANSPARENT-STARK,winterfell-stark-pilot-v1,controlled_kernel,winterfell-0.13.1-f128,045609f7c669d9c8addd833c007ceab666099814,294bad57ed211ce5f668890c93845dca664b6897d4ff1a7011a5c837b0436472,4213133045299446527,1,53,default,{},64,64,1,16,setup_or_preprocess,,,,,,,,,,,,,,phase,,,true,,,Winterfell exposes transparent trace/AIR proofing; no trusted setup or KZG commitment phase,,measured,Winterfell transparent STARK pilot; matched vector only,measurement,true,false,unsupported,{},,,,,,
dc340358-61c1-4bf5-80c0-4c9c1d5c9be4,2026-08-09T03:32:20.580621+00:00,C7-TRANSPARENT-STARK,winterfell-stark-pilot-v1,controlled_kernel,winterfell-0.13.1-f128,045609f7c669d9c8addd833c007ceab666099814,294bad57ed211ce5f668890c93845dca664b6897d4ff1a7011a5c837b0436472,4213133045299446527,1,53,default,{},64,64,1,16,key_load,,,,,,,,,,,,,,phase,,,true,,,Winterfell exposes transparent trace/AIR proofing; no trusted setup or KZG commitment phase,,measured,Winterfell transparent STARK pilot; matched vector only,measurement,true,false,unsupported,{},,,,,,
dc340358-61c1-4bf5-80c0-4c9c1d5c9be4,2026-08-09T03:32:20.580662+00:00,C7-TRANSPARENT-STARK,winterfell-stark-pilot-v1,controlled_kernel,winterfell-0.13.1-f128,045609f7c669d9c8addd833c007ceab666099814,294bad57ed211ce5f668890c93845dca664b6897d4ff1a7011a5c837b0436472,4213133045299446527,1,53,default,{},64,64,1,16,msm,,,,,,,,,,,,,,phase,,,true,,,Winterfell exposes transparent trace/AIR proofing; no trusted setup or KZG commitment phase,,measured,Winterfell transparent STARK pilot; matched vector only,measurement,true,false,unsupported,{},,,,,,
dc340358-61c1-4bf5-80c0-4c9c1d5c9be4,2026-08-09T03:32:20.580693+00:00,C7-TRANSPARENT-STARK,winterfell-stark-pilot-v1,controlled_kernel,winterfell-0.13.1-f128,045609f7c669d9c8addd833c007ceab666099814,294bad57ed211ce5f668890c93845dca664b6897d4ff1a7011a5c837b0436472,4213133045299446527,1,53,default,{},64,64,1,16,fft_ntt,,,,,,,,,,,,,,phase,,,true,,,Winterfell exposes transparent trace/AIR proofing; no trusted setup or KZG commitment phase,,measured,Winterfell transparent STARK pilot; matched vector only,measurement,true,false,unsupported,{},,,,,,
dc340358-61c1-4bf5-80c0-4c9c1d5c9be4,2026-08-09T03:32:20.580713+00:00,C7-TRANSPARENT-STARK,winterfell-stark-pilot-v1,controlled_kernel,winterfell-0.13.1-f128,045609f7c669d9c8addd833c007ceab666099814,294bad57ed211ce5f668890c93845dca664b6897d4ff1a7011a5c837b0436472,4213133045299446527,1,53,default,{},64,64,1,16,prove_total,6.381917,,,,,,,,,,,,,phase,,,true,,,,,measured,Winterfell transparent STARK pilot; matched vector only,measurement,true,true,ok,"{""trace_rows"":64.0}",,,,,,
dc340358-61c1-4bf5-80c0-4c9c1d5c9be4,2026-08-09T03:32:20.580735+00:00,C7-TRANSPARENT-STARK,winterfell-stark-pilot-v1,controlled_kernel,winterfell-0.13.1-f128,045609f7c669d9c8addd833c007ceab666099814,294bad57ed211ce5f668890c93845dca664b6897d4ff1a7011a5c837b0436472,4213133045299446527,1,53,default,{},64,64,1,16,serialize,0.005791,,,,,,,,,,,,,phase,,,true,,,,,measured,Winterfell transparent STARK pilot; matched vector only,measurement,true,true,ok,"{""proof_bytes"":12635.0}",,,,,,
dc340358-61c1-4bf5-80c0-4c9c1d5c9be4,2026-08-09T03:32:20.580754+00:00,C7-TRANSPARENT-STARK,winterfell-stark-pilot-v1,controlled_kernel,winterfell-0.13.1-f128,045609f7c669d9c8addd833c007ceab666099814,294bad57ed211ce5f668890c93845dca664b6897d4ff1a7011a5c837b0436472,4213133045299446527,1,53,default,{},64,64,1,16,deserialize,0.009047,,,,,,,,,,,,,phase,,,true,,,,,measured,Winterfell transparent STARK pilot; matched vector only,measurement,true,true,ok,"{""proof_bytes"":12635.0}",,,,,,
dc340358-61c1-4bf5-80c0-4c9c1d5c9be4,2026-08-09T03:32:20.580772+00:00,C7-TRANSPARENT-STARK,winterfell-stark-pilot-v1,controlled_kernel,winterfell-0.13.1-f128,045609f7c669d9c8addd833c007ceab666099814,294bad57ed211ce5f668890c93845dca664b6897d4ff1a7011a5c837b0436472,4213133045299446527,1,53,default,{},64,64,1,16,verify_total,0.767669,,,,,,,,,,,,,phase,,,true,,,,,measured,Winterfell transparent STARK pilot; matched vector only,measurement,true,true,ok,"{""trace_rows"":64.0}",,,,,,
dc340358-61c1-4bf5-80c0-4c9c1d5c9be4,2026-08-09T03:32:20.580788+00:00,C7-TRANSPARENT-STARK,winterfell-stark-pilot-v1,controlled_kernel,winterfell-0.13.1-f128,045609f7c669d9c8addd833c007ceab666099814,294bad57ed211ce5f668890c93845dca664b6897d4ff1a7011a5c837b0436472,4213133045299446527,1,53,default,{},64,64,1,16,adapter_process_wall,66.949538,,3.957031,12635,true,0,,182,956,,,,linux-procfs,process,,,true,,,"private commit and per-process swap I/O are unavailable; VmSwap reports allocation, not swap traffic; No documented hardware or OS energy counter is configured in WSL2",,measured,Winterfell transparent STARK pilot; matched vector only,measurement,true,true,ok,{},2,3,2,transition_constraints,5.0,12
562891c5-046c-4242-a8ec-ab28243b579f,2026-08-09T03:32:20.661358+00:00,C7-TRANSPARENT-STARK,winterfell-stark-pilot-v1,controlled_kernel,winterfell-0.13.1-f128,045609f7c669d9c8addd833c007ceab666099814,294bad57ed211ce5f668890c93845dca664b6897d4ff1a7011a5c837b0436472,4151228749865611291,0,54,default,{},1024,1024,1,16,native_execution,0.190390,,,,,,,,,,,,,phase,,,true,,,,,measured,Winterfell transparent STARK pilot; matched vector only,measurement,true,true,ok,"{""native_work_units"":1024.0}",,,,,,
562891c5-046c-4242-a8ec-ab28243b579f,2026-08-09T03:32:20.661422+00:00,C7-TRANSPARENT-STARK,winterfell-stark-pilot-v1,controlled_kernel,winterfell-0.13.1-f128,045609f7c669d9c8addd833c007ceab666099814,294bad57ed211ce5f668890c93845dca664b6897d4ff1a7011a5c837b0436472,4151228749865611291,0,54,default,{},1024,1024,1,16,witness,0.593873,,,,,,,,,,,,,phase,,,true,,,,,measured,Winterfell transparent STARK pilot; matched vector only,measurement,true,true,ok,"{""trace_rows"":1024.0,""transition_constraints"":2.0}",,,,,,
562891c5-046c-4242-a8ec-ab28243b579f,2026-08-09T03:32:20.661443+00:00,C7-TRANSPARENT-STARK,winterfell-stark-pilot-v1,controlled_kernel,winterfell-0.13.1-f128,045609f7c669d9c8addd833c007ceab666099814,294bad57ed211ce5f668890c93845dca664b6897d4ff1a7011a5c837b0436472,4151228749865611291,0,54,default,{},1024,1024,1,16,setup_or_preprocess,,,,,,,,,,,,,,phase,,,true,,,Winterfell exposes transparent trace/AIR proofing; no trusted setup or KZG commitment phase,,measured,Winterfell transparent STARK pilot; matched vector only,measurement,true,false,unsupported,{},,,,,,
562891c5-046c-4242-a8ec-ab28243b579f,2026-08-09T03:32:20.661457+00:00,C7-TRANSPARENT-STARK,winterfell-stark-pilot-v1,controlled_kernel,winterfell-0.13.1-f128,045609f7c669d9c8addd833c007ceab666099814,294bad57ed211ce5f668890c93845dca664b6897d4ff1a7011a5c837b0436472,4151228749865611291,0,54,default,{},1024,1024,1,16,key_load,,,,,,,,,,,,,,phase,,,true,,,Winterfell exposes transparent trace/AIR proofing; no trusted setup or KZG commitment phase,,measured,Winterfell transparent STARK pilot; matched vector only,measurement,true,false,unsupported,{},,,,,,
562891c5-046c-4242-a8ec-ab28243b579f,2026-08-09T03:32:20.661469+00:00,C7-TRANSPARENT-STARK,winterfell-stark-pilot-v1,controlled_kernel,winterfell-0.13.1-f128,045609f7c669d9c8addd833c007ceab666099814,294bad57ed211ce5f668890c93845dca664b6897d4ff1a7011a5c837b0436472,4151228749865611291,0,54,default,{},1024,1024,1,16,msm,,,,,,,,,,,,,,phase,,,true,,,Winterfell exposes transparent trace/AIR proofing; no trusted setup or KZG commitment phase,,measured,Winterfell transparent STARK pilot; matched vector only,measurement,true,false,unsupported,{},,,,,,
562891c5-046c-4242-a8ec-ab28243b579f,2026-08-09T03:32:20.661482+00:00,C7-TRANSPARENT-STARK,winterfell-stark-pilot-v1,controlled_kernel,winterfell-0.13.1-f128,045609f7c669d9c8addd833c007ceab666099814,294bad57ed211ce5f668890c93845dca664b6897d4ff1a7011a5c837b0436472,4151228749865611291,0,54,default,{},1024,1024,1,16,fft_ntt,,,,,,,,,,,,,,phase,,,true,,,Winterfell exposes transparent trace/AIR proofing; no trusted setup or KZG commitment phase,,measured,Winterfell transparent STARK pilot; matched vector only,measurement,true,false,unsupported,{},,,,,,
562891c5-046c-4242-a8ec-ab28243b579f,2026-08-09T03:32:20.661494+00:00,C7-TRANSPARENT-STARK,winterfell-stark-pilot-v1,controlled_kernel,winterfell-0.13.1-f128,045609f7c669d9c8addd833c007ceab666099814,294bad57ed211ce5f668890c93845dca664b6897d4ff1a7011a5c837b0436472,4151228749865611291,0,54,default,{},1024,1024,1,16,prove_total,19.138269,,,,,,,,,,,,,phase,,,true,,,,,measured,Winterfell transparent STARK pilot; matched vector only,measurement,true,true,ok,"{""trace_rows"":1024.0}",,,,,,
562891c5-046c-4242-a8ec-ab28243b579f,2026-08-09T03:32:20.661507+00:00,C7-TRANSPARENT-STARK,winterfell-stark-pilot-v1,controlled_kernel,winterfell-0.13.1-f128,045609f7c669d9c8addd833c007ceab666099814,294bad57ed211ce5f668890c93845dca664b6897d4ff1a7011a5c837b0436472,4151228749865611291,0,54,default,{},1024,1024,1,16,serialize,0.013125,,,,,,,,,,,,,phase,,,true,,,,,measured,Winterfell transparent STARK pilot; matched vector only,measurement,true,true,ok,"{""proof_bytes"":29902.0}",,,,,,
562891c5-046c-4242-a8ec-ab28243b579f,2026-08-09T03:32:20.661520+00:00,C7-TRANSPARENT-STARK,winterfell-stark-pilot-v1,controlled_kernel,winterfell-0.13.1-f128,045609f7c669d9c8addd833c007ceab666099814,294bad57ed211ce5f668890c93845dca664b6897d4ff1a7011a5c837b0436472,4151228749865611291,0,54,default,{},1024,1024,1,16,deserialize,0.017102,,,,,,,,,,,,,phase,,,true,,,,,measured,Winterfell transparent STARK pilot; matched vector only,measurement,true,true,ok,"{""proof_bytes"":29902.0}",,,,,,
562891c5-046c-4242-a8ec-ab28243b579f,2026-08-09T03:32:20.661539+00:00,C7-TRANSPARENT-STARK,winterfell-stark-pilot-v1,controlled_kernel,winterfell-0.13.1-f128,045609f7c669d9c8addd833c007ceab666099814,294bad57ed211ce5f668890c93845dca664b6897d4ff1a7011a5c837b0436472,4151228749865611291,0,54,default,{},1024,1024,1,16,verify_total,1.196045,,,,,,,,,,,,,phase,,,true,,,,,measured,Winterfell transparent STARK pilot; matched vector only,measurement,true,true,ok,"{""trace_rows"":1024.0}",,,,,,
562891c5-046c-4242-a8ec-ab28243b579f,2026-08-09T03:32:20.661554+00:00,C7-TRANSPARENT-STARK,winterfell-stark-pilot-v1,controlled_kernel,winterfell-0.13.1-f128,045609f7c669d9c8addd833c007ceab666099814,294bad57ed211ce5f668890c93845dca664b6897d4ff1a7011a5c837b0436472,4151228749865611291,0,54,default,{},1024,1024,1,16,adapter_process_wall,79.637696,10.000000,7.195312,29902,true,0,,1081,956,,,,linux-procfs,process,,,true,,,"private commit and per-process swap I/O are unavailable; VmSwap reports allocation, not swap traffic; No documented hardware or OS energy counter is configured in WSL2",,measured,Winterfell transparent STARK pilot; matched vector only,measurement,true,true,ok,{},2,3,2,transition_constraints,5.0,15
5f72a8fc-090f-4d99-ab85-d40155030424,2026-08-09T03:32:20.731523+00:00,C7-TRANSPARENT-STARK,winterfell-stark-pilot-v1,controlled_kernel,winterfell-0.13.1-f128,045609f7c669d9c8addd833c007ceab666099814,294bad57ed211ce5f668890c93845dca664b6897d4ff1a7011a5c837b0436472,3810217164573655456,0,55,default,{},64,64,1,16,native_execution,0.198911,,,,,,,,,,,,,phase,,,true,,,,,measured,Winterfell transparent STARK pilot; matched vector only,measurement,true,true,ok,"{""native_work_units"":64.0}",,,,,,
5f72a8fc-090f-4d99-ab85-d40155030424,2026-08-09T03:32:20.731586+00:00,C7-TRANSPARENT-STARK,winterfell-stark-pilot-v1,controlled_kernel,winterfell-0.13.1-f128,045609f7c669d9c8addd833c007ceab666099814,294bad57ed211ce5f668890c93845dca664b6897d4ff1a7011a5c837b0436472,3810217164573655456,0,55,default,{},64,64,1,16,witness,0.567837,,,,,,,,,,,,,phase,,,true,,,,,measured,Winterfell transparent STARK pilot; matched vector only,measurement,true,true,ok,"{""trace_rows"":64.0,""transition_constraints"":2.0}",,,,,,
5f72a8fc-090f-4d99-ab85-d40155030424,2026-08-09T03:32:20.731607+00:00,C7-TRANSPARENT-STARK,winterfell-stark-pilot-v1,controlled_kernel,winterfell-0.13.1-f128,045609f7c669d9c8addd833c007ceab666099814,294bad57ed211ce5f668890c93845dca664b6897d4ff1a7011a5c837b0436472,3810217164573655456,0,55,default,{},64,64,1,16,setup_or_preprocess,,,,,,,,,,,,,,phase,,,true,,,Winterfell exposes transparent trace/AIR proofing; no trusted setup or KZG commitment phase,,measured,Winterfell transparent STARK pilot; matched vector only,measurement,true,false,unsupported,{},,,,,,
5f72a8fc-090f-4d99-ab85-d40155030424,2026-08-09T03:32:20.731622+00:00,C7-TRANSPARENT-STARK,winterfell-stark-pilot-v1,controlled_kernel,winterfell-0.13.1-f128,045609f7c669d9c8addd833c007ceab666099814,294bad57ed211ce5f668890c93845dca664b6897d4ff1a7011a5c837b0436472,3810217164573655456,0,55,default,{},64,64,1,16,key_load,,,,,,,,,,,,,,phase,,,true,,,Winterfell exposes transparent trace/AIR proofing; no trusted setup or KZG commitment phase,,measured,Winterfell transparent STARK pilot; matched vector only,measurement,true,false,unsupported,{},,,,,,
5f72a8fc-090f-4d99-ab85-d40155030424,2026-08-09T03:32:20.731635+00:00,C7-TRANSPARENT-STARK,winterfell-stark-pilot-v1,controlled_kernel,winterfell-0.13.1-f128,045609f7c669d9c8addd833c007ceab666099814,294bad57ed211ce5f668890c93845dca664b6897d4ff1a7011a5c837b0436472,3810217164573655456,0,55,default,{},64,64,1,16,msm,,,,,,,,,,,,,,phase,,,true,,,Winterfell exposes transparent trace/AIR proofing; no trusted setup or KZG commitment phase,,measured,Winterfell transparent STARK pilot; matched vector only,measurement,true,false,unsupported,{},,,,,,
5f72a8fc-090f-4d99-ab85-d40155030424,2026-08-09T03:32:20.731648+00:00,C7-TRANSPARENT-STARK,winterfell-stark-pilot-v1,controlled_kernel,winterfell-0.13.1-f128,045609f7c669d9c8addd833c007ceab666099814,294bad57ed211ce5f668890c93845dca664b6897d4ff1a7011a5c837b0436472,3810217164573655456,0,55,default,{},64,64,1,16,fft_ntt,,,,,,,,,,,,,,phase,,,true,,,Winterfell exposes transparent trace/AIR proofing; no trusted setup or KZG commitment phase,,measured,Winterfell transparent STARK pilot; matched vector only,measurement,true,false,unsupported,{},,,,,,
5f72a8fc-090f-4d99-ab85-d40155030424,2026-08-09T03:32:20.731660+00:00,C7-TRANSPARENT-STARK,winterfell-stark-pilot-v1,controlled_kernel,winterfell-0.13.1-f128,045609f7c669d9c8addd833c007ceab666099814,294bad57ed211ce5f668890c93845dca664b6897d4ff1a7011a5c837b0436472,3810217164573655456,0,55,default,{},64,64,1,16,prove_total,7.072150,,,,,,,,,,,,,phase,,,true,,,,,measured,Winterfell transparent STARK pilot; matched vector only,measurement,true,true,ok,"{""trace_rows"":64.0}",,,,,,
5f72a8fc-090f-4d99-ab85-d40155030424,2026-08-09T03:32:20.731675+00:00,C7-TRANSPARENT-STARK,winterfell-stark-pilot-v1,controlled_kernel,winterfell-0.13.1-f128,045609f7c669d9c8addd833c007ceab666099814,294bad57ed211ce5f668890c93845dca664b6897d4ff1a7011a5c837b0436472,3810217164573655456,0,55,default,{},64,64,1,16,serialize,0.007254,,,,,,,,,,,,,phase,,,true,,,,,measured,Winterfell transparent STARK pilot; matched vector only,measurement,true,true,ok,"{""proof_bytes"":12398.0}",,,,,,
5f72a8fc-090f-4d99-ab85-d40155030424,2026-08-09T03:32:20.731688+00:00,C7-TRANSPARENT-STARK,winterfell-stark-pilot-v1,controlled_kernel,winterfell-0.13.1-f128,045609f7c669d9c8addd833c007ceab666099814,294bad57ed211ce5f668890c93845dca664b6897d4ff1a7011a5c837b0436472,3810217164573655456,0,55,default,{},64,64,1,16,deserialize,0.012393,,,,,,,,,,,,,phase,,,true,,,,,measured,Winterfell transparent STARK pilot; matched vector only,measurement,true,true,ok,"{""proof_bytes"":12398.0}",,,,,,
5f72a8fc-090f-4d99-ab85-d40155030424,2026-08-09T03:32:20.731701+00:00,C7-TRANSPARENT-STARK,winterfell-stark-pilot-v1,controlled_kernel,winterfell-0.13.1-f128,045609f7c669d9c8addd833c007ceab666099814,294bad57ed211ce5f668890c93845dca664b6897d4ff1a7011a5c837b0436472,3810217164573655456,0,55,default,{},64,64,1,16,verify_total,0.869638,,,,,,,,,,,,,phase,,,true,,,,,measured,Winterfell transparent STARK pilot; matched vector only,measurement,true,true,ok,"{""trace_rows"":64.0}",,,,,,
5f72a8fc-090f-4d99-ab85-d40155030424,2026-08-09T03:32:20.731714+00:00,C7-TRANSPARENT-STARK,winterfell-stark-pilot-v1,controlled_kernel,winterfell-0.13.1-f128,045609f7c669d9c8addd833c007ceab666099814,294bad57ed211ce5f668890c93845dca664b6897d4ff1a7011a5c837b0436472,3810217164573655456,0,55,default,{},64,64,1,16,adapter_process_wall,69.208714,,4.082031,12398,true,0,,226,956,,,,linux-procfs,process,,,true,,,"private commit and per-process swap I/O are unavailable; VmSwap reports allocation, not swap traffic; No documented hardware or OS energy counter is configured in WSL2",,measured,Winterfell transparent STARK pilot; matched vector only,measurement,true,true,ok,{},2,3,2,transition_constraints,5.0,13
823106f8-2f21-4a1b-800a-ae70f9534845,2026-08-09T03:32:20.803876+00:00,C7-TRANSPARENT-STARK,winterfell-stark-pilot-v1,controlled_kernel,winterfell-0.13.1-f128,045609f7c669d9c8addd833c007ceab666099814,294bad57ed211ce5f668890c93845dca664b6897d4ff1a7011a5c837b0436472,1095184068825313490,2,56,default,{},256,256,2,16,native_execution,0.179308,,,,,,,,,,,,,phase,,,true,,,,,measured,Winterfell transparent STARK pilot; matched vector only,measurement,true,true,ok,"{""native_work_units"":256.0}",,,,,,
823106f8-2f21-4a1b-800a-ae70f9534845,2026-08-09T03:32:20.803974+00:00,C7-TRANSPARENT-STARK,winterfell-stark-pilot-v1,controlled_kernel,winterfell-0.13.1-f128,045609f7c669d9c8addd833c007ceab666099814,294bad57ed211ce5f668890c93845dca664b6897d4ff1a7011a5c837b0436472,1095184068825313490,2,56,default,{},256,256,2,16,witness,0.477489,,,,,,,,,,,,,phase,,,true,,,,,measured,Winterfell transparent STARK pilot; matched vector only,measurement,true,true,ok,"{""trace_rows"":256.0,""transition_constraints"":2.0}",,,,,,
823106f8-2f21-4a1b-800a-ae70f9534845,2026-08-09T03:32:20.804000+00:00,C7-TRANSPARENT-STARK,winterfell-stark-pilot-v1,controlled_kernel,winterfell-0.13.1-f128,045609f7c669d9c8addd833c007ceab666099814,294bad57ed211ce5f668890c93845dca664b6897d4ff1a7011a5c837b0436472,1095184068825313490,2,56,default,{},256,256,2,16,setup_or_preprocess,,,,,,,,,,,,,,phase,,,true,,,Winterfell exposes transparent trace/AIR proofing; no trusted setup or KZG commitment phase,,measured,Winterfell transparent STARK pilot; matched vector only,measurement,true,false,unsupported,{},,,,,,
823106f8-2f21-4a1b-800a-ae70f9534845,2026-08-09T03:32:20.804018+00:00,C7-TRANSPARENT-STARK,winterfell-stark-pilot-v1,controlled_kernel,winterfell-0.13.1-f128,045609f7c669d9c8addd833c007ceab666099814,294bad57ed211ce5f668890c93845dca664b6897d4ff1a7011a5c837b0436472,1095184068825313490,2,56,default,{},256,256,2,16,key_load,,,,,,,,,,,,,,phase,,,true,,,Winterfell exposes transparent trace/AIR proofing; no trusted setup or KZG commitment phase,,measured,Winterfell transparent STARK pilot; matched vector only,measurement,true,false,unsupported,{},,,,,,
823106f8-2f21-4a1b-800a-ae70f9534845,2026-08-09T03:32:20.804034+00:00,C7-TRANSPARENT-STARK,winterfell-stark-pilot-v1,controlled_kernel,winterfell-0.13.1-f128,045609f7c669d9c8addd833c007ceab666099814,294bad57ed211ce5f668890c93845dca664b6897d4ff1a7011a5c837b0436472,1095184068825313490,2,56,default,{},256,256,2,16,msm,,,,,,,,,,,,,,phase,,,true,,,Winterfell exposes transparent trace/AIR proofing; no trusted setup or KZG commitment phase,,measured,Winterfell transparent STARK pilot; matched vector only,measurement,true,false,unsupported,{},,,,,,
823106f8-2f21-4a1b-800a-ae70f9534845,2026-08-09T03:32:20.804049+00:00,C7-TRANSPARENT-STARK,winterfell-stark-pilot-v1,controlled_kernel,winterfell-0.13.1-f128,045609f7c669d9c8addd833c007ceab666099814,294bad57ed211ce5f668890c93845dca664b6897d4ff1a7011a5c837b0436472,1095184068825313490,2,56,default,{},256,256,2,16,fft_ntt,,,,,,,,,,,,,,phase,,,true,,,Winterfell exposes transparent trace/AIR proofing; no trusted setup or KZG commitment phase,,measured,Winterfell transparent STARK pilot; matched vector only,measurement,true,false,unsupported,{},,,,,,
823106f8-2f21-4a1b-800a-ae70f9534845,2026-08-09T03:32:20.804064+00:00,C7-TRANSPARENT-STARK,winterfell-stark-pilot-v1,controlled_kernel,winterfell-0.13.1-f128,045609f7c669d9c8addd833c007ceab666099814,294bad57ed211ce5f668890c93845dca664b6897d4ff1a7011a5c837b0436472,1095184068825313490,2,56,default,{},256,256,2,16,prove_total,9.346315,,,,,,,,,,,,,phase,,,true,,,,,measured,Winterfell transparent STARK pilot; matched vector only,measurement,true,true,ok,"{""trace_rows"":256.0}",,,,,,
823106f8-2f21-4a1b-800a-ae70f9534845,2026-08-09T03:32:20.804081+00:00,C7-TRANSPARENT-STARK,winterfell-stark-pilot-v1,controlled_kernel,winterfell-0.13.1-f128,045609f7c669d9c8addd833c007ceab666099814,294bad57ed211ce5f668890c93845dca664b6897d4ff1a7011a5c837b0436472,1095184068825313490,2,56,default,{},256,256,2,16,serialize,0.007805,,,,,,,,,,,,,phase,,,true,,,,,measured,Winterfell transparent STARK pilot; matched vector only,measurement,true,true,ok,"{""proof_bytes"":19050.0}",,,,,,
823106f8-2f21-4a1b-800a-ae70f9534845,2026-08-09T03:32:20.804098+00:00,C7-TRANSPARENT-STARK,winterfell-stark-pilot-v1,controlled_kernel,winterfell-0.13.1-f128,045609f7c669d9c8addd833c007ceab666099814,294bad57ed211ce5f668890c93845dca664b6897d4ff1a7011a5c837b0436472,1095184068825313490,2,56,default,{},256,256,2,16,deserialize,0.013635,,,,,,,,,,,,,phase,,,true,,,,,measured,Winterfell transparent STARK pilot; matched vector only,measurement,true,true,ok,"{""proof_bytes"":19050.0}",,,,,,
823106f8-2f21-4a1b-800a-ae70f9534845,2026-08-09T03:32:20.804115+00:00,C7-TRANSPARENT-STARK,winterfell-stark-pilot-v1,controlled_kernel,winterfell-0.13.1-f128,045609f7c669d9c8addd833c007ceab666099814,294bad57ed211ce5f668890c93845dca664b6897d4ff1a7011a5c837b0436472,1095184068825313490,2,56,default,{},256,256,2,16,verify_total,0.845593,,,,,,,,,,,,,phase,,,true,,,,,measured,Winterfell transparent STARK pilot; matched vector only,measurement,true,true,ok,"{""trace_rows"":256.0}",,,,,,
823106f8-2f21-4a1b-800a-ae70f9534845,2026-08-09T03:32:20.804173+00:00,C7-TRANSPARENT-STARK,winterfell-stark-pilot-v1,controlled_kernel,winterfell-0.13.1-f128,045609f7c669d9c8addd833c007ceab666099814,294bad57ed211ce5f668890c93845dca664b6897d4ff1a7011a5c837b0436472,1095184068825313490,2,56,default,{},256,256,2,16,adapter_process_wall,71.381099,10.000000,4.714844,19050,true,0,,362,956,,,,linux-procfs,process,,,true,,,"private commit and per-process swap I/O are unavailable; VmSwap reports allocation, not swap traffic; No documented hardware or OS energy counter is configured in WSL2",,measured,Winterfell transparent STARK pilot; matched vector only,measurement,true,true,ok,{},2,3,2,transition_constraints,5.0,13
66fee823-afd4-473f-acd1-05f0605ca271,2026-08-09T03:32:20.869781+00:00,C7-TRANSPARENT-STARK,winterfell-stark-pilot-v1,controlled_kernel,winterfell-0.13.1-f128,045609f7c669d9c8addd833c007ceab666099814,294bad57ed211ce5f668890c93845dca664b6897d4ff1a7011a5c837b0436472,8672005692177746104,1,57,default,{},16,16,1,16,native_execution,0.185075,,,,,,,,,,,,,phase,,,true,wrong_public_input,,,,measured,Winterfell transparent STARK pilot; matched vector only,measurement,true,true,ok,"{""native_work_units"":16.0}",,,,,,
66fee823-afd4-473f-acd1-05f0605ca271,2026-08-09T03:32:20.869851+00:00,C7-TRANSPARENT-STARK,winterfell-stark-pilot-v1,controlled_kernel,winterfell-0.13.1-f128,045609f7c669d9c8addd833c007ceab666099814,294bad57ed211ce5f668890c93845dca664b6897d4ff1a7011a5c837b0436472,8672005692177746104,1,57,default,{},16,16,1,16,witness,0.457522,,,,,,,,,,,,,phase,,,true,wrong_public_input,,,,measured,Winterfell transparent STARK pilot; matched vector only,measurement,true,true,ok,"{""trace_rows"":16.0,""transition_constraints"":2.0}",,,,,,
66fee823-afd4-473f-acd1-05f0605ca271,2026-08-09T03:32:20.869872+00:00,C7-TRANSPARENT-STARK,winterfell-stark-pilot-v1,controlled_kernel,winterfell-0.13.1-f128,045609f7c669d9c8addd833c007ceab666099814,294bad57ed211ce5f668890c93845dca664b6897d4ff1a7011a5c837b0436472,8672005692177746104,1,57,default,{},16,16,1,16,setup_or_preprocess,,,,,,,,,,,,,,phase,,,true,wrong_public_input,,Winterfell exposes transparent trace/AIR proofing; no trusted setup or KZG commitment phase,,measured,Winterfell transparent STARK pilot; matched vector only,measurement,true,false,unsupported,{},,,,,,
66fee823-afd4-473f-acd1-05f0605ca271,2026-08-09T03:32:20.869887+00:00,C7-TRANSPARENT-STARK,winterfell-stark-pilot-v1,controlled_kernel,winterfell-0.13.1-f128,045609f7c669d9c8addd833c007ceab666099814,294bad57ed211ce5f668890c93845dca664b6897d4ff1a7011a5c837b0436472,8672005692177746104,1,57,default,{},16,16,1,16,key_load,,,,,,,,,,,,,,phase,,,true,wrong_public_input,,Winterfell exposes transparent trace/AIR proofing; no trusted setup or KZG commitment phase,,measured,Winterfell transparent STARK pilot; matched vector only,measurement,true,false,unsupported,{},,,,,,
66fee823-afd4-473f-acd1-05f0605ca271,2026-08-09T03:32:20.869900+00:00,C7-TRANSPARENT-STARK,winterfell-stark-pilot-v1,controlled_kernel,winterfell-0.13.1-f128,045609f7c669d9c8addd833c007ceab666099814,294bad57ed211ce5f668890c93845dca664b6897d4ff1a7011a5c837b0436472,8672005692177746104,1,57,default,{},16,16,1,16,msm,,,,,,,,,,,,,,phase,,,true,wrong_public_input,,Winterfell exposes transparent trace/AIR proofing; no trusted setup or KZG commitment phase,,measured,Winterfell transparent STARK pilot; matched vector only,measurement,true,false,unsupported,{},,,,,,
66fee823-afd4-473f-acd1-05f0605ca271,2026-08-09T03:32:20.869913+00:00,C7-TRANSPARENT-STARK,winterfell-stark-pilot-v1,controlled_kernel,winterfell-0.13.1-f128,045609f7c669d9c8addd833c007ceab666099814,294bad57ed211ce5f668890c93845dca664b6897d4ff1a7011a5c837b0436472,8672005692177746104,1,57,default,{},16,16,1,16,fft_ntt,,,,,,,,,,,,,,phase,,,true,wrong_public_input,,Winterfell exposes transparent trace/AIR proofing; no trusted setup or KZG commitment phase,,measured,Winterfell transparent STARK pilot; matched vector only,measurement,true,false,unsupported,{},,,,,,
66fee823-afd4-473f-acd1-05f0605ca271,2026-08-09T03:32:20.869925+00:00,C7-TRANSPARENT-STARK,winterfell-stark-pilot-v1,controlled_kernel,winterfell-0.13.1-f128,045609f7c669d9c8addd833c007ceab666099814,294bad57ed211ce5f668890c93845dca664b6897d4ff1a7011a5c837b0436472,8672005692177746104,1,57,default,{},16,16,1,16,prove_total,4.514632,,,,,,,,,,,,,phase,,,true,wrong_public_input,,,,measured,Winterfell transparent STARK pilot; matched vector only,measurement,true,true,ok,"{""trace_rows"":16.0}",,,,,,
66fee823-afd4-473f-acd1-05f0605ca271,2026-08-09T03:32:20.869939+00:00,C7-TRANSPARENT-STARK,winterfell-stark-pilot-v1,controlled_kernel,winterfell-0.13.1-f128,045609f7c669d9c8addd833c007ceab666099814,294bad57ed211ce5f668890c93845dca664b6897d4ff1a7011a5c837b0436472,8672005692177746104,1,57,default,{},16,16,1,16,serialize,0.005270,,,,,,,,,,,,,phase,,,true,wrong_public_input,,,,measured,Winterfell transparent STARK pilot; matched vector only,measurement,true,true,ok,"{""proof_bytes"":5157.0}",,,,,,
66fee823-afd4-473f-acd1-05f0605ca271,2026-08-09T03:32:20.869953+00:00,C7-TRANSPARENT-STARK,winterfell-stark-pilot-v1,controlled_kernel,winterfell-0.13.1-f128,045609f7c669d9c8addd833c007ceab666099814,294bad57ed211ce5f668890c93845dca664b6897d4ff1a7011a5c837b0436472,8672005692177746104,1,57,default,{},16,16,1,16,deserialize,0.006973,,,,,,,,,,,,,phase,,,true,wrong_public_input,,,,measured,Winterfell transparent STARK pilot; matched vector only,measurement,true,true,ok,"{""proof_bytes"":5157.0}",,,,,,
66fee823-afd4-473f-acd1-05f0605ca271,2026-08-09T03:32:20.869966+00:00,C7-TRANSPARENT-STARK,winterfell-stark-pilot-v1,controlled_kernel,winterfell-0.13.1-f128,045609f7c669d9c8addd833c007ceab666099814,294bad57ed211ce5f668890c93845dca664b6897d4ff1a7011a5c837b0436472,8672005692177746104,1,57,default,{},16,16,1,16,verify_total,0.401277,,,,,,,,,,,,,phase,,,true,wrong_public_input,,,,measured,Winterfell transparent STARK pilot; matched vector only,measurement,true,true,ok,"{""trace_rows"":16.0}",,,,,,
66fee823-afd4-473f-acd1-05f0605ca271,2026-08-09T03:32:20.869979+00:00,C7-TRANSPARENT-STARK,winterfell-stark-pilot-v1,controlled_kernel,winterfell-0.13.1-f128,045609f7c669d9c8addd833c007ceab666099814,294bad57ed211ce5f668890c93845dca664b6897d4ff1a7011a5c837b0436472,8672005692177746104,1,57,default,{},16,16,1,16,invalid_reject,0.401277,,,,,,,,,,,,,phase,,,true,wrong_public_input,,,,measured,Winterfell transparent STARK pilot; matched vector only,measurement,true,true,ok,"{""trace_rows"":16.0}",,,,,,
66fee823-afd4-473f-acd1-05f0605ca271,2026-08-09T03:32:20.869992+00:00,C7-TRANSPARENT-STARK,winterfell-stark-pilot-v1,controlled_kernel,winterfell-0.13.1-f128,045609f7c669d9c8addd833c007ceab666099814,294bad57ed211ce5f668890c93845dca664b6897d4ff1a7011a5c837b0436472,8672005692177746104,1,57,default,{},16,16,1,16,adapter_process_wall,64.510245,,3.730469,5157,false,0,cryptographic_rejection,158,956,,,,linux-procfs,process,,,true,wrong_public_input,,"private commit and per-process swap I/O are unavailable; VmSwap reports allocation, not swap traffic; No documented hardware or OS energy counter is configured in WSL2",,measured,Winterfell transparent STARK pilot; matched vector only,measurement,true,true,ok,{},2,3,2,transition_constraints,5.0,12
fb9089d1-cc19-483e-a472-337194e59631,2026-08-09T03:32:20.938655+00:00,C7-TRANSPARENT-STARK,winterfell-stark-pilot-v1,controlled_kernel,winterfell-0.13.1-f128,045609f7c669d9c8addd833c007ceab666099814,294bad57ed211ce5f668890c93845dca664b6897d4ff1a7011a5c837b0436472,785546399688614359,1,58,default,{},16,16,4,16,native_execution,0.181037,,,,,,,,,,,,,phase,,,true,,,,,measured,Winterfell transparent STARK pilot; matched vector only,measurement,true,true,ok,"{""native_work_units"":16.0}",,,,,,
fb9089d1-cc19-483e-a472-337194e59631,2026-08-09T03:32:20.938781+00:00,C7-TRANSPARENT-STARK,winterfell-stark-pilot-v1,controlled_kernel,winterfell-0.13.1-f128,045609f7c669d9c8addd833c007ceab666099814,294bad57ed211ce5f668890c93845dca664b6897d4ff1a7011a5c837b0436472,785546399688614359,1,58,default,{},16,16,4,16,witness,0.586391,,,,,,,,,,,,,phase,,,true,,,,,measured,Winterfell transparent STARK pilot; matched vector only,measurement,true,true,ok,"{""trace_rows"":16.0,""transition_constraints"":2.0}",,,,,,
fb9089d1-cc19-483e-a472-337194e59631,2026-08-09T03:32:20.938809+00:00,C7-TRANSPARENT-STARK,winterfell-stark-pilot-v1,controlled_kernel,winterfell-0.13.1-f128,045609f7c669d9c8addd833c007ceab666099814,294bad57ed211ce5f668890c93845dca664b6897d4ff1a7011a5c837b0436472,785546399688614359,1,58,default,{},16,16,4,16,setup_or_preprocess,,,,,,,,,,,,,,phase,,,true,,,Winterfell exposes transparent trace/AIR proofing; no trusted setup or KZG commitment phase,,measured,Winterfell transparent STARK pilot; matched vector only,measurement,true,false,unsupported,{},,,,,,
fb9089d1-cc19-483e-a472-337194e59631,2026-08-09T03:32:20.938828+00:00,C7-TRANSPARENT-STARK,winterfell-stark-pilot-v1,controlled_kernel,winterfell-0.13.1-f128,045609f7c669d9c8addd833c007ceab666099814,294bad57ed211ce5f668890c93845dca664b6897d4ff1a7011a5c837b0436472,785546399688614359,1,58,default,{},16,16,4,16,key_load,,,,,,,,,,,,,,phase,,,true,,,Winterfell exposes transparent trace/AIR proofing; no trusted setup or KZG commitment phase,,measured,Winterfell transparent STARK pilot; matched vector only,measurement,true,false,unsupported,{},,,,,,
fb9089d1-cc19-483e-a472-337194e59631,2026-08-09T03:32:20.938851+00:00,C7-TRANSPARENT-STARK,winterfell-stark-pilot-v1,controlled_kernel,winterfell-0.13.1-f128,045609f7c669d9c8addd833c007ceab666099814,294bad57ed211ce5f668890c93845dca664b6897d4ff1a7011a5c837b0436472,785546399688614359,1,58,default,{},16,16,4,16,msm,,,,,,,,,,,,,,phase,,,true,,,Winterfell exposes transparent trace/AIR proofing; no trusted setup or KZG commitment phase,,measured,Winterfell transparent STARK pilot; matched vector only,measurement,true,false,unsupported,{},,,,,,
fb9089d1-cc19-483e-a472-337194e59631,2026-08-09T03:32:20.938870+00:00,C7-TRANSPARENT-STARK,winterfell-stark-pilot-v1,controlled_kernel,winterfell-0.13.1-f128,045609f7c669d9c8addd833c007ceab666099814,294bad57ed211ce5f668890c93845dca664b6897d4ff1a7011a5c837b0436472,785546399688614359,1,58,default,{},16,16,4,16,fft_ntt,,,,,,,,,,,,,,phase,,,true,,,Winterfell exposes transparent trace/AIR proofing; no trusted setup or KZG commitment phase,,measured,Winterfell transparent STARK pilot; matched vector only,measurement,true,false,unsupported,{},,,,,,
fb9089d1-cc19-483e-a472-337194e59631,2026-08-09T03:32:20.938920+00:00,C7-TRANSPARENT-STARK,winterfell-stark-pilot-v1,controlled_kernel,winterfell-0.13.1-f128,045609f7c669d9c8addd833c007ceab666099814,294bad57ed211ce5f668890c93845dca664b6897d4ff1a7011a5c837b0436472,785546399688614359,1,58,default,{},16,16,4,16,prove_total,7.513579,,,,,,,,,,,,,phase,,,true,,,,,measured,Winterfell transparent STARK pilot; matched vector only,measurement,true,true,ok,"{""trace_rows"":16.0}",,,,,,
fb9089d1-cc19-483e-a472-337194e59631,2026-08-09T03:32:20.938959+00:00,C7-TRANSPARENT-STARK,winterfell-stark-pilot-v1,controlled_kernel,winterfell-0.13.1-f128,045609f7c669d9c8addd833c007ceab666099814,294bad57ed211ce5f668890c93845dca664b6897d4ff1a7011a5c837b0436472,785546399688614359,1,58,default,{},16,16,4,16,serialize,0.004619,,,,,,,,,,,,,phase,,,true,,,,,measured,Winterfell transparent STARK pilot; matched vector only,measurement,true,true,ok,"{""proof_bytes"":4951.0}",,,,,,
fb9089d1-cc19-483e-a472-337194e59631,2026-08-09T03:32:20.938990+00:00,C7-TRANSPARENT-STARK,winterfell-stark-pilot-v1,controlled_kernel,winterfell-0.13.1-f128,045609f7c669d9c8addd833c007ceab666099814,294bad57ed211ce5f668890c93845dca664b6897d4ff1a7011a5c837b0436472,785546399688614359,1,58,default,{},16,16,4,16,deserialize,0.006783,,,,,,,,,,,,,phase,,,true,,,,,measured,Winterfell transparent STARK pilot; matched vector only,measurement,true,true,ok,"{""proof_bytes"":4951.0}",,,,,,
fb9089d1-cc19-483e-a472-337194e59631,2026-08-09T03:32:20.939015+00:00,C7-TRANSPARENT-STARK,winterfell-stark-pilot-v1,controlled_kernel,winterfell-0.13.1-f128,045609f7c669d9c8addd833c007ceab666099814,294bad57ed211ce5f668890c93845dca664b6897d4ff1a7011a5c837b0436472,785546399688614359,1,58,default,{},16,16,4,16,verify_total,0.740668,,,,,,,,,,,,,phase,,,true,,,,,measured,Winterfell transparent STARK pilot; matched vector only,measurement,true,true,ok,"{""trace_rows"":16.0}",,,,,,
fb9089d1-cc19-483e-a472-337194e59631,2026-08-09T03:32:20.939030+00:00,C7-TRANSPARENT-STARK,winterfell-stark-pilot-v1,controlled_kernel,winterfell-0.13.1-f128,045609f7c669d9c8addd833c007ceab666099814,294bad57ed211ce5f668890c93845dca664b6897d4ff1a7011a5c837b0436472,785546399688614359,1,58,default,{},16,16,4,16,adapter_process_wall,67.814594,,3.890625,4951,true,0,,180,956,,,,linux-procfs,process,,,true,,,"Linux procfs read failed: [Errno 13] Permission denied: '/proc/695/io'; private commit and per-process swap I/O are unavailable; VmSwap reports allocation, not swap traffic; No documented hardware or OS energy counter is configured in WSL2",,measured,Winterfell transparent STARK pilot; matched vector only,measurement,true,true,ok,{},2,3,2,transition_constraints,5.0,12
5e07b04c-48dc-4870-8edb-0621beaceb2f,2026-08-09T03:32:21.017368+00:00,C7-TRANSPARENT-STARK,winterfell-stark-pilot-v1,controlled_kernel,winterfell-0.13.1-f128,045609f7c669d9c8addd833c007ceab666099814,294bad57ed211ce5f668890c93845dca664b6897d4ff1a7011a5c837b0436472,2558563685888497598,2,59,default,{},64,64,4,16,native_execution,0.200323,,,,,,,,,,,,,phase,,,true,wrong_public_input,,,,measured,Winterfell transparent STARK pilot; matched vector only,measurement,true,true,ok,"{""native_work_units"":64.0}",,,,,,
5e07b04c-48dc-4870-8edb-0621beaceb2f,2026-08-09T03:32:21.017461+00:00,C7-TRANSPARENT-STARK,winterfell-stark-pilot-v1,controlled_kernel,winterfell-0.13.1-f128,045609f7c669d9c8addd833c007ceab666099814,294bad57ed211ce5f668890c93845dca664b6897d4ff1a7011a5c837b0436472,2558563685888497598,2,59,default,{},64,64,4,16,witness,0.647325,,,,,,,,,,,,,phase,,,true,wrong_public_input,,,,measured,Winterfell transparent STARK pilot; matched vector only,measurement,true,true,ok,"{""trace_rows"":64.0,""transition_constraints"":2.0}",,,,,,
5e07b04c-48dc-4870-8edb-0621beaceb2f,2026-08-09T03:32:21.017485+00:00,C7-TRANSPARENT-STARK,winterfell-stark-pilot-v1,controlled_kernel,winterfell-0.13.1-f128,045609f7c669d9c8addd833c007ceab666099814,294bad57ed211ce5f668890c93845dca664b6897d4ff1a7011a5c837b0436472,2558563685888497598,2,59,default,{},64,64,4,16,setup_or_preprocess,,,,,,,,,,,,,,phase,,,true,wrong_public_input,,Winterfell exposes transparent trace/AIR proofing; no trusted setup or KZG commitment phase,,measured,Winterfell transparent STARK pilot; matched vector only,measurement,true,false,unsupported,{},,,,,,
5e07b04c-48dc-4870-8edb-0621beaceb2f,2026-08-09T03:32:21.017501+00:00,C7-TRANSPARENT-STARK,winterfell-stark-pilot-v1,controlled_kernel,winterfell-0.13.1-f128,045609f7c669d9c8addd833c007ceab666099814,294bad57ed211ce5f668890c93845dca664b6897d4ff1a7011a5c837b0436472,2558563685888497598,2,59,default,{},64,64,4,16,key_load,,,,,,,,,,,,,,phase,,,true,wrong_public_input,,Winterfell exposes transparent trace/AIR proofing; no trusted setup or KZG commitment phase,,measured,Winterfell transparent STARK pilot; matched vector only,measurement,true,false,unsupported,{},,,,,,
5e07b04c-48dc-4870-8edb-0621beaceb2f,2026-08-09T03:32:21.017514+00:00,C7-TRANSPARENT-STARK,winterfell-stark-pilot-v1,controlled_kernel,winterfell-0.13.1-f128,045609f7c669d9c8addd833c007ceab666099814,294bad57ed211ce5f668890c93845dca664b6897d4ff1a7011a5c837b0436472,2558563685888497598,2,59,default,{},64,64,4,16,msm,,,,,,,,,,,,,,phase,,,true,wrong_public_input,,Winterfell exposes transparent trace/AIR proofing; no trusted setup or KZG commitment phase,,measured,Winterfell transparent STARK pilot; matched vector only,measurement,true,false,unsupported,{},,,,,,
5e07b04c-48dc-4870-8edb-0621beaceb2f,2026-08-09T03:32:21.017527+00:00,C7-TRANSPARENT-STARK,winterfell-stark-pilot-v1,controlled_kernel,winterfell-0.13.1-f128,045609f7c669d9c8addd833c007ceab666099814,294bad57ed211ce5f668890c93845dca664b6897d4ff1a7011a5c837b0436472,2558563685888497598,2,59,default,{},64,64,4,16,fft_ntt,,,,,,,,,,,,,,phase,,,true,wrong_public_input,,Winterfell exposes transparent trace/AIR proofing; no trusted setup or KZG commitment phase,,measured,Winterfell transparent STARK pilot; matched vector only,measurement,true,false,unsupported,{},,,,,,
5e07b04c-48dc-4870-8edb-0621beaceb2f,2026-08-09T03:32:21.017540+00:00,C7-TRANSPARENT-STARK,winterfell-stark-pilot-v1,controlled_kernel,winterfell-0.13.1-f128,045609f7c669d9c8addd833c007ceab666099814,294bad57ed211ce5f668890c93845dca664b6897d4ff1a7011a5c837b0436472,2558563685888497598,2,59,default,{},64,64,4,16,prove_total,11.103629,,,,,,,,,,,,,phase,,,true,wrong_public_input,,,,measured,Winterfell transparent STARK pilot; matched vector only,measurement,true,true,ok,"{""trace_rows"":64.0}",,,,,,
5e07b04c-48dc-4870-8edb-0621beaceb2f,2026-08-09T03:32:21.017555+00:00,C7-TRANSPARENT-STARK,winterfell-stark-pilot-v1,controlled_kernel,winterfell-0.13.1-f128,045609f7c669d9c8addd833c007ceab666099814,294bad57ed211ce5f668890c93845dca664b6897d4ff1a7011a5c837b0436472,2558563685888497598,2,59,default,{},64,64,4,16,serialize,0.006952,,,,,,,,,,,,,phase,,,true,wrong_public_input,,,,measured,Winterfell transparent STARK pilot; matched vector only,measurement,true,true,ok,"{""proof_bytes"":12924.0}",,,,,,
5e07b04c-48dc-4870-8edb-0621beaceb2f,2026-08-09T03:32:21.017570+00:00,C7-TRANSPARENT-STARK,winterfell-stark-pilot-v1,controlled_kernel,winterfell-0.13.1-f128,045609f7c669d9c8addd833c007ceab666099814,294bad57ed211ce5f668890c93845dca664b6897d4ff1a7011a5c837b0436472,2558563685888497598,2,59,default,{},64,64,4,16,deserialize,0.009999,,,,,,,,,,,,,phase,,,true,wrong_public_input,,,,measured,Winterfell transparent STARK pilot; matched vector only,measurement,true,true,ok,"{""proof_bytes"":12924.0}",,,,,,
5e07b04c-48dc-4870-8edb-0621beaceb2f,2026-08-09T03:32:21.017584+00:00,C7-TRANSPARENT-STARK,winterfell-stark-pilot-v1,controlled_kernel,winterfell-0.13.1-f128,045609f7c669d9c8addd833c007ceab666099814,294bad57ed211ce5f668890c93845dca664b6897d4ff1a7011a5c837b0436472,2558563685888497598,2,59,default,{},64,64,4,16,verify_total,0.493043,,,,,,,,,,,,,phase,,,true,wrong_public_input,,,,measured,Winterfell transparent STARK pilot; matched vector only,measurement,true,true,ok,"{""trace_rows"":64.0}",,,,,,
5e07b04c-48dc-4870-8edb-0621beaceb2f,2026-08-09T03:32:21.017598+00:00,C7-TRANSPARENT-STARK,winterfell-stark-pilot-v1,controlled_kernel,winterfell-0.13.1-f128,045609f7c669d9c8addd833c007ceab666099814,294bad57ed211ce5f668890c93845dca664b6897d4ff1a7011a5c837b0436472,2558563685888497598,2,59,default,{},64,64,4,16,invalid_reject,0.493043,,,,,,,,,,,,,phase,,,true,wrong_public_input,,,,measured,Winterfell transparent STARK pilot; matched vector only,measurement,true,true,ok,"{""trace_rows"":64.0}",,,,,,
5e07b04c-48dc-4870-8edb-0621beaceb2f,2026-08-09T03:32:21.017611+00:00,C7-TRANSPARENT-STARK,winterfell-stark-pilot-v1,controlled_kernel,winterfell-0.13.1-f128,045609f7c669d9c8addd833c007ceab666099814,294bad57ed211ce5f668890c93845dca664b6897d4ff1a7011a5c837b0436472,2558563685888497598,2,59,default,{},64,64,4,16,adapter_process_wall,77.063105,10.000000,4.339844,12924,false,0,cryptographic_rejection,243,956,,,,linux-procfs,process,,,true,wrong_public_input,,"private commit and per-process swap I/O are unavailable; VmSwap reports allocation, not swap traffic; No documented hardware or OS energy counter is configured in WSL2",,measured,Winterfell transparent STARK pilot; matched vector only,measurement,true,true,ok,{},2,3,2,transition_constraints,5.0,14
1126aed0-dc5f-4e0c-9a96-0ae7fca898a6,2026-08-09T03:32:21.090219+00:00,C7-TRANSPARENT-STARK,winterfell-stark-pilot-v1,controlled_kernel,winterfell-0.13.1-f128,045609f7c669d9c8addd833c007ceab666099814,294bad57ed211ce5f668890c93845dca664b6897d4ff1a7011a5c837b0436472,1678971243687817596,0,60,default,{},256,256,1,16,native_execution,0.215741,,,,,,,,,,,,,phase,,,true,,,,,measured,Winterfell transparent STARK pilot; matched vector only,measurement,true,true,ok,"{""native_work_units"":256.0}",,,,,,
1126aed0-dc5f-4e0c-9a96-0ae7fca898a6,2026-08-09T03:32:21.090292+00:00,C7-TRANSPARENT-STARK,winterfell-stark-pilot-v1,controlled_kernel,winterfell-0.13.1-f128,045609f7c669d9c8addd833c007ceab666099814,294bad57ed211ce5f668890c93845dca664b6897d4ff1a7011a5c837b0436472,1678971243687817596,0,60,default,{},256,256,1,16,witness,0.610288,,,,,,,,,,,,,phase,,,true,,,,,measured,Winterfell transparent STARK pilot; matched vector only,measurement,true,true,ok,"{""trace_rows"":256.0,""transition_constraints"":2.0}",,,,,,
1126aed0-dc5f-4e0c-9a96-0ae7fca898a6,2026-08-09T03:32:21.090313+00:00,C7-TRANSPARENT-STARK,winterfell-stark-pilot-v1,controlled_kernel,winterfell-0.13.1-f128,045609f7c669d9c8addd833c007ceab666099814,294bad57ed211ce5f668890c93845dca664b6897d4ff1a7011a5c837b0436472,1678971243687817596,0,60,default,{},256,256,1,16,setup_or_preprocess,,,,,,,,,,,,,,phase,,,true,,,Winterfell exposes transparent trace/AIR proofing; no trusted setup or KZG commitment phase,,measured,Winterfell transparent STARK pilot; matched vector only,measurement,true,false,unsupported,{},,,,,,
1126aed0-dc5f-4e0c-9a96-0ae7fca898a6,2026-08-09T03:32:21.090328+00:00,C7-TRANSPARENT-STARK,winterfell-stark-pilot-v1,controlled_kernel,winterfell-0.13.1-f128,045609f7c669d9c8addd833c007ceab666099814,294bad57ed211ce5f668890c93845dca664b6897d4ff1a7011a5c837b0436472,1678971243687817596,0,60,default,{},256,256,1,16,key_load,,,,,,,,,,,,,,phase,,,true,,,Winterfell exposes transparent trace/AIR proofing; no trusted setup or KZG commitment phase,,measured,Winterfell transparent STARK pilot; matched vector only,measurement,true,false,unsupported,{},,,,,,
1126aed0-dc5f-4e0c-9a96-0ae7fca898a6,2026-08-09T03:32:21.090343+00:00,C7-TRANSPARENT-STARK,winterfell-stark-pilot-v1,controlled_kernel,winterfell-0.13.1-f128,045609f7c669d9c8addd833c007ceab666099814,294bad57ed211ce5f668890c93845dca664b6897d4ff1a7011a5c837b0436472,1678971243687817596,0,60,default,{},256,256,1,16,msm,,,,,,,,,,,,,,phase,,,true,,,Winterfell exposes transparent trace/AIR proofing; no trusted setup or KZG commitment phase,,measured,Winterfell transparent STARK pilot; matched vector only,measurement,true,false,unsupported,{},,,,,,
1126aed0-dc5f-4e0c-9a96-0ae7fca898a6,2026-08-09T03:32:21.090356+00:00,C7-TRANSPARENT-STARK,winterfell-stark-pilot-v1,controlled_kernel,winterfell-0.13.1-f128,045609f7c669d9c8addd833c007ceab666099814,294bad57ed211ce5f668890c93845dca664b6897d4ff1a7011a5c837b0436472,1678971243687817596,0,60,default,{},256,256,1,16,fft_ntt,,,,,,,,,,,,,,phase,,,true,,,Winterfell exposes transparent trace/AIR proofing; no trusted setup or KZG commitment phase,,measured,Winterfell transparent STARK pilot; matched vector only,measurement,true,false,unsupported,{},,,,,,
1126aed0-dc5f-4e0c-9a96-0ae7fca898a6,2026-08-09T03:32:21.090368+00:00,C7-TRANSPARENT-STARK,winterfell-stark-pilot-v1,controlled_kernel,winterfell-0.13.1-f128,045609f7c669d9c8addd833c007ceab666099814,294bad57ed211ce5f668890c93845dca664b6897d4ff1a7011a5c837b0436472,1678971243687817596,0,60,default,{},256,256,1,16,prove_total,9.142676,,,,,,,,,,,,,phase,,,true,,,,,measured,Winterfell transparent STARK pilot; matched vector only,measurement,true,true,ok,"{""trace_rows"":256.0}",,,,,,
1126aed0-dc5f-4e0c-9a96-0ae7fca898a6,2026-08-09T03:32:21.090382+00:00,C7-TRANSPARENT-STARK,winterfell-stark-pilot-v1,controlled_kernel,winterfell-0.13.1-f128,045609f7c669d9c8addd833c007ceab666099814,294bad57ed211ce5f668890c93845dca664b6897d4ff1a7011a5c837b0436472,1678971243687817596,0,60,default,{},256,256,1,16,serialize,0.009928,,,,,,,,,,,,,phase,,,true,,,,,measured,Winterfell transparent STARK pilot; matched vector only,measurement,true,true,ok,"{""proof_bytes"":20074.0}",,,,,,
1126aed0-dc5f-4e0c-9a96-0ae7fca898a6,2026-08-09T03:32:21.090395+00:00,C7-TRANSPARENT-STARK,winterfell-stark-pilot-v1,controlled_kernel,winterfell-0.13.1-f128,045609f7c669d9c8addd833c007ceab666099814,294bad57ed211ce5f668890c93845dca664b6897d4ff1a7011a5c837b0436472,1678971243687817596,0,60,default,{},256,256,1,16,deserialize,0.013805,,,,,,,,,,,,,phase,,,true,,,,,measured,Winterfell transparent STARK pilot; matched vector only,measurement,true,true,ok,"{""proof_bytes"":20074.0}",,,,,,
1126aed0-dc5f-4e0c-9a96-0ae7fca898a6,2026-08-09T03:32:21.090409+00:00,C7-TRANSPARENT-STARK,winterfell-stark-pilot-v1,controlled_kernel,winterfell-0.13.1-f128,045609f7c669d9c8addd833c007ceab666099814,294bad57ed211ce5f668890c93845dca664b6897d4ff1a7011a5c837b0436472,1678971243687817596,0,60,default,{},256,256,1,16,verify_total,0.784019,,,,,,,,,,,,,phase,,,true,,,,,measured,Winterfell transparent STARK pilot; matched vector only,measurement,true,true,ok,"{""trace_rows"":256.0}",,,,,,
1126aed0-dc5f-4e0c-9a96-0ae7fca898a6,2026-08-09T03:32:21.090422+00:00,C7-TRANSPARENT-STARK,winterfell-stark-pilot-v1,controlled_kernel,winterfell-0.13.1-f128,045609f7c669d9c8addd833c007ceab666099814,294bad57ed211ce5f668890c93845dca664b6897d4ff1a7011a5c837b0436472,1678971243687817596,0,60,default,{},256,256,1,16,adapter_process_wall,71.503969,10.000000,4.902344,20074,true,0,,382,956,,,,linux-procfs,process,,,true,,,"private commit and per-process swap I/O are unavailable; VmSwap reports allocation, not swap traffic; No documented hardware or OS energy counter is configured in WSL2",,measured,Winterfell transparent STARK pilot; matched vector only,measurement,true,true,ok,{},2,3,2,transition_constraints,5.0,13
164c8284-e545-432a-98ee-8b8ff132f94c,2026-08-09T03:32:21.160298+00:00,C7-TRANSPARENT-STARK,winterfell-stark-pilot-v1,controlled_kernel,winterfell-0.13.1-f128,045609f7c669d9c8addd833c007ceab666099814,294bad57ed211ce5f668890c93845dca664b6897d4ff1a7011a5c837b0436472,4584970969370850975,0,61,default,{},16,16,2,16,native_execution,0.205954,,,,,,,,,,,,,phase,,,true,,,,,measured,Winterfell transparent STARK pilot; matched vector only,measurement,true,true,ok,"{""native_work_units"":16.0}",,,,,,
164c8284-e545-432a-98ee-8b8ff132f94c,2026-08-09T03:32:21.160362+00:00,C7-TRANSPARENT-STARK,winterfell-stark-pilot-v1,controlled_kernel,winterfell-0.13.1-f128,045609f7c669d9c8addd833c007ceab666099814,294bad57ed211ce5f668890c93845dca664b6897d4ff1a7011a5c837b0436472,4584970969370850975,0,61,default,{},16,16,2,16,witness,0.878525,,,,,,,,,,,,,phase,,,true,,,,,measured,Winterfell transparent STARK pilot; matched vector only,measurement,true,true,ok,"{""trace_rows"":16.0,""transition_constraints"":2.0}",,,,,,
164c8284-e545-432a-98ee-8b8ff132f94c,2026-08-09T03:32:21.160383+00:00,C7-TRANSPARENT-STARK,winterfell-stark-pilot-v1,controlled_kernel,winterfell-0.13.1-f128,045609f7c669d9c8addd833c007ceab666099814,294bad57ed211ce5f668890c93845dca664b6897d4ff1a7011a5c837b0436472,4584970969370850975,0,61,default,{},16,16,2,16,setup_or_preprocess,,,,,,,,,,,,,,phase,,,true,,,Winterfell exposes transparent trace/AIR proofing; no trusted setup or KZG commitment phase,,measured,Winterfell transparent STARK pilot; matched vector only,measurement,true,false,unsupported,{},,,,,,
164c8284-e545-432a-98ee-8b8ff132f94c,2026-08-09T03:32:21.160397+00:00,C7-TRANSPARENT-STARK,winterfell-stark-pilot-v1,controlled_kernel,winterfell-0.13.1-f128,045609f7c669d9c8addd833c007ceab666099814,294bad57ed211ce5f668890c93845dca664b6897d4ff1a7011a5c837b0436472,4584970969370850975,0,61,default,{},16,16,2,16,key_load,,,,,,,,,,,,,,phase,,,true,,,Winterfell exposes transparent trace/AIR proofing; no trusted setup or KZG commitment phase,,measured,Winterfell transparent STARK pilot; matched vector only,measurement,true,false,unsupported,{},,,,,,
164c8284-e545-432a-98ee-8b8ff132f94c,2026-08-09T03:32:21.160410+00:00,C7-TRANSPARENT-STARK,winterfell-stark-pilot-v1,controlled_kernel,winterfell-0.13.1-f128,045609f7c669d9c8addd833c007ceab666099814,294bad57ed211ce5f668890c93845dca664b6897d4ff1a7011a5c837b0436472,4584970969370850975,0,61,default,{},16,16,2,16,msm,,,,,,,,,,,,,,phase,,,true,,,Winterfell exposes transparent trace/AIR proofing; no trusted setup or KZG commitment phase,,measured,Winterfell transparent STARK pilot; matched vector only,measurement,true,false,unsupported,{},,,,,,
164c8284-e545-432a-98ee-8b8ff132f94c,2026-08-09T03:32:21.160422+00:00,C7-TRANSPARENT-STARK,winterfell-stark-pilot-v1,controlled_kernel,winterfell-0.13.1-f128,045609f7c669d9c8addd833c007ceab666099814,294bad57ed211ce5f668890c93845dca664b6897d4ff1a7011a5c837b0436472,4584970969370850975,0,61,default,{},16,16,2,16,fft_ntt,,,,,,,,,,,,,,phase,,,true,,,Winterfell exposes transparent trace/AIR proofing; no trusted setup or KZG commitment phase,,measured,Winterfell transparent STARK pilot; matched vector only,measurement,true,false,unsupported,{},,,,,,
164c8284-e545-432a-98ee-8b8ff132f94c,2026-08-09T03:32:21.160434+00:00,C7-TRANSPARENT-STARK,winterfell-stark-pilot-v1,controlled_kernel,winterfell-0.13.1-f128,045609f7c669d9c8addd833c007ceab666099814,294bad57ed211ce5f668890c93845dca664b6897d4ff1a7011a5c837b0436472,4584970969370850975,0,61,default,{},16,16,2,16,prove_total,6.051901,,,,,,,,,,,,,phase,,,true,,,,,measured,Winterfell transparent STARK pilot; matched vector only,measurement,true,true,ok,"{""trace_rows"":16.0}",,,,,,
164c8284-e545-432a-98ee-8b8ff132f94c,2026-08-09T03:32:21.160448+00:00,C7-TRANSPARENT-STARK,winterfell-stark-pilot-v1,controlled_kernel,winterfell-0.13.1-f128,045609f7c669d9c8addd833c007ceab666099814,294bad57ed211ce5f668890c93845dca664b6897d4ff1a7011a5c837b0436472,4584970969370850975,0,61,default,{},16,16,2,16,serialize,0.004378,,,,,,,,,,,,,phase,,,true,,,,,measured,Winterfell transparent STARK pilot; matched vector only,measurement,true,true,ok,"{""proof_bytes"":4919.0}",,,,,,
164c8284-e545-432a-98ee-8b8ff132f94c,2026-08-09T03:32:21.160461+00:00,C7-TRANSPARENT-STARK,winterfell-stark-pilot-v1,controlled_kernel,winterfell-0.13.1-f128,045609f7c669d9c8addd833c007ceab666099814,294bad57ed211ce5f668890c93845dca664b6897d4ff1a7011a5c837b0436472,4584970969370850975,0,61,default,{},16,16,2,16,deserialize,0.006122,,,,,,,,,,,,,phase,,,true,,,,,measured,Winterfell transparent STARK pilot; matched vector only,measurement,true,true,ok,"{""proof_bytes"":4919.0}",,,,,,
164c8284-e545-432a-98ee-8b8ff132f94c,2026-08-09T03:32:21.160540+00:00,C7-TRANSPARENT-STARK,winterfell-stark-pilot-v1,controlled_kernel,winterfell-0.13.1-f128,045609f7c669d9c8addd833c007ceab666099814,294bad57ed211ce5f668890c93845dca664b6897d4ff1a7011a5c837b0436472,4584970969370850975,0,61,default,{},16,16,2,16,verify_total,0.668707,,,,,,,,,,,,,phase,,,true,,,,,measured,Winterfell transparent STARK pilot; matched vector only,measurement,true,true,ok,"{""trace_rows"":16.0}",,,,,,
164c8284-e545-432a-98ee-8b8ff132f94c,2026-08-09T03:32:21.160565+00:00,C7-TRANSPARENT-STARK,winterfell-stark-pilot-v1,controlled_kernel,winterfell-0.13.1-f128,045609f7c669d9c8addd833c007ceab666099814,294bad57ed211ce5f668890c93845dca664b6897d4ff1a7011a5c837b0436472,4584970969370850975,0,61,default,{},16,16,2,16,adapter_process_wall,69.018443,,3.667969,4919,true,0,,151,956,,,,linux-procfs,process,,,true,,,"Linux procfs read failed: [Errno 13] Permission denied: '/proc/710/io'; private commit and per-process swap I/O are unavailable; VmSwap reports allocation, not swap traffic; No documented hardware or OS energy counter is configured in WSL2",,measured,Winterfell transparent STARK pilot; matched vector only,measurement,true,true,ok,{},2,3,2,transition_constraints,5.0,12
7332ed94-57ae-4917-920c-8185fa3f11d6,2026-08-09T03:32:21.226493+00:00,C7-TRANSPARENT-STARK,winterfell-stark-pilot-v1,controlled_kernel,winterfell-0.13.1-f128,045609f7c669d9c8addd833c007ceab666099814,294bad57ed211ce5f668890c93845dca664b6897d4ff1a7011a5c837b0436472,4287239546171215779,2,62,default,{},16,16,2,16,native_execution,0.224808,,,,,,,,,,,,,phase,,,true,,,,,measured,Winterfell transparent STARK pilot; matched vector only,measurement,true,true,ok,"{""native_work_units"":16.0}",,,,,,
7332ed94-57ae-4917-920c-8185fa3f11d6,2026-08-09T03:32:21.226557+00:00,C7-TRANSPARENT-STARK,winterfell-stark-pilot-v1,controlled_kernel,winterfell-0.13.1-f128,045609f7c669d9c8addd833c007ceab666099814,294bad57ed211ce5f668890c93845dca664b6897d4ff1a7011a5c837b0436472,4287239546171215779,2,62,default,{},16,16,2,16,witness,0.589859,,,,,,,,,,,,,phase,,,true,,,,,measured,Winterfell transparent STARK pilot; matched vector only,measurement,true,true,ok,"{""trace_rows"":16.0,""transition_constraints"":2.0}",,,,,,
7332ed94-57ae-4917-920c-8185fa3f11d6,2026-08-09T03:32:21.226578+00:00,C7-TRANSPARENT-STARK,winterfell-stark-pilot-v1,controlled_kernel,winterfell-0.13.1-f128,045609f7c669d9c8addd833c007ceab666099814,294bad57ed211ce5f668890c93845dca664b6897d4ff1a7011a5c837b0436472,4287239546171215779,2,62,default,{},16,16,2,16,setup_or_preprocess,,,,,,,,,,,,,,phase,,,true,,,Winterfell exposes transparent trace/AIR proofing; no trusted setup or KZG commitment phase,,measured,Winterfell transparent STARK pilot; matched vector only,measurement,true,false,unsupported,{},,,,,,
7332ed94-57ae-4917-920c-8185fa3f11d6,2026-08-09T03:32:21.226592+00:00,C7-TRANSPARENT-STARK,winterfell-stark-pilot-v1,controlled_kernel,winterfell-0.13.1-f128,045609f7c669d9c8addd833c007ceab666099814,294bad57ed211ce5f668890c93845dca664b6897d4ff1a7011a5c837b0436472,4287239546171215779,2,62,default,{},16,16,2,16,key_load,,,,,,,,,,,,,,phase,,,true,,,Winterfell exposes transparent trace/AIR proofing; no trusted setup or KZG commitment phase,,measured,Winterfell transparent STARK pilot; matched vector only,measurement,true,false,unsupported,{},,,,,,
7332ed94-57ae-4917-920c-8185fa3f11d6,2026-08-09T03:32:21.226605+00:00,C7-TRANSPARENT-STARK,winterfell-stark-pilot-v1,controlled_kernel,winterfell-0.13.1-f128,045609f7c669d9c8addd833c007ceab666099814,294bad57ed211ce5f668890c93845dca664b6897d4ff1a7011a5c837b0436472,4287239546171215779,2,62,default,{},16,16,2,16,msm,,,,,,,,,,,,,,phase,,,true,,,Winterfell exposes transparent trace/AIR proofing; no trusted setup or KZG commitment phase,,measured,Winterfell transparent STARK pilot; matched vector only,measurement,true,false,unsupported,{},,,,,,
7332ed94-57ae-4917-920c-8185fa3f11d6,2026-08-09T03:32:21.226617+00:00,C7-TRANSPARENT-STARK,winterfell-stark-pilot-v1,controlled_kernel,winterfell-0.13.1-f128,045609f7c669d9c8addd833c007ceab666099814,294bad57ed211ce5f668890c93845dca664b6897d4ff1a7011a5c837b0436472,4287239546171215779,2,62,default,{},16,16,2,16,fft_ntt,,,,,,,,,,,,,,phase,,,true,,,Winterfell exposes transparent trace/AIR proofing; no trusted setup or KZG commitment phase,,measured,Winterfell transparent STARK pilot; matched vector only,measurement,true,false,unsupported,{},,,,,,
7332ed94-57ae-4917-920c-8185fa3f11d6,2026-08-09T03:32:21.226629+00:00,C7-TRANSPARENT-STARK,winterfell-stark-pilot-v1,controlled_kernel,winterfell-0.13.1-f128,045609f7c669d9c8addd833c007ceab666099814,294bad57ed211ce5f668890c93845dca664b6897d4ff1a7011a5c837b0436472,4287239546171215779,2,62,default,{},16,16,2,16,prove_total,5.283889,,,,,,,,,,,,,phase,,,true,,,,,measured,Winterfell transparent STARK pilot; matched vector only,measurement,true,true,ok,"{""trace_rows"":16.0}",,,,,,
7332ed94-57ae-4917-920c-8185fa3f11d6,2026-08-09T03:32:21.226642+00:00,C7-TRANSPARENT-STARK,winterfell-stark-pilot-v1,controlled_kernel,winterfell-0.13.1-f128,045609f7c669d9c8addd833c007ceab666099814,294bad57ed211ce5f668890c93845dca664b6897d4ff1a7011a5c837b0436472,4287239546171215779,2,62,default,{},16,16,2,16,serialize,0.005079,,,,,,,,,,,,,phase,,,true,,,,,measured,Winterfell transparent STARK pilot; matched vector only,measurement,true,true,ok,"{""proof_bytes"":5207.0}",,,,,,
7332ed94-57ae-4917-920c-8185fa3f11d6,2026-08-09T03:32:21.226656+00:00,C7-TRANSPARENT-STARK,winterfell-stark-pilot-v1,controlled_kernel,winterfell-0.13.1-f128,045609f7c669d9c8addd833c007ceab666099814,294bad57ed211ce5f668890c93845dca664b6897d4ff1a7011a5c837b0436472,4287239546171215779,2,62,default,{},16,16,2,16,deserialize,0.007874,,,,,,,,,,,,,phase,,,true,,,,,measured,Winterfell transparent STARK pilot; matched vector only,measurement,true,true,ok,"{""proof_bytes"":5207.0}",,,,,,
7332ed94-57ae-4917-920c-8185fa3f11d6,2026-08-09T03:32:21.226669+00:00,C7-TRANSPARENT-STARK,winterfell-stark-pilot-v1,controlled_kernel,winterfell-0.13.1-f128,045609f7c669d9c8addd833c007ceab666099814,294bad57ed211ce5f668890c93845dca664b6897d4ff1a7011a5c837b0436472,4287239546171215779,2,62,default,{},16,16,2,16,verify_total,0.643167,,,,,,,,,,,,,phase,,,true,,,,,measured,Winterfell transparent STARK pilot; matched vector only,measurement,true,true,ok,"{""trace_rows"":16.0}",,,,,,
7332ed94-57ae-4917-920c-8185fa3f11d6,2026-08-09T03:32:21.226681+00:00,C7-TRANSPARENT-STARK,winterfell-stark-pilot-v1,controlled_kernel,winterfell-0.13.1-f128,045609f7c669d9c8addd833c007ceab666099814,294bad57ed211ce5f668890c93845dca664b6897d4ff1a7011a5c837b0436472,4287239546171215779,2,62,default,{},16,16,2,16,adapter_process_wall,65.168499,,3.773438,5207,true,0,,168,956,,,,linux-procfs,process,,,true,,,"private commit and per-process swap I/O are unavailable; VmSwap reports allocation, not swap traffic; No documented hardware or OS energy counter is configured in WSL2",,measured,Winterfell transparent STARK pilot; matched vector only,measurement,true,true,ok,{},2,3,2,transition_constraints,5.0,12
3a6e188c-4387-43b6-a7d5-7c147bc35b7f,2026-08-09T03:32:21.299133+00:00,C7-TRANSPARENT-STARK,winterfell-stark-pilot-v1,controlled_kernel,winterfell-0.13.1-f128,045609f7c669d9c8addd833c007ceab666099814,294bad57ed211ce5f668890c93845dca664b6897d4ff1a7011a5c837b0436472,5189462471415667084,0,63,default,{},64,64,2,16,native_execution,0.213487,,,,,,,,,,,,,phase,,,true,,,,,measured,Winterfell transparent STARK pilot; matched vector only,measurement,true,true,ok,"{""native_work_units"":64.0}",,,,,,
3a6e188c-4387-43b6-a7d5-7c147bc35b7f,2026-08-09T03:32:21.299266+00:00,C7-TRANSPARENT-STARK,winterfell-stark-pilot-v1,controlled_kernel,winterfell-0.13.1-f128,045609f7c669d9c8addd833c007ceab666099814,294bad57ed211ce5f668890c93845dca664b6897d4ff1a7011a5c837b0436472,5189462471415667084,0,63,default,{},64,64,2,16,witness,0.742272,,,,,,,,,,,,,phase,,,true,,,,,measured,Winterfell transparent STARK pilot; matched vector only,measurement,true,true,ok,"{""trace_rows"":64.0,""transition_constraints"":2.0}",,,,,,
3a6e188c-4387-43b6-a7d5-7c147bc35b7f,2026-08-09T03:32:21.299304+00:00,C7-TRANSPARENT-STARK,winterfell-stark-pilot-v1,controlled_kernel,winterfell-0.13.1-f128,045609f7c669d9c8addd833c007ceab666099814,294bad57ed211ce5f668890c93845dca664b6897d4ff1a7011a5c837b0436472,5189462471415667084,0,63,default,{},64,64,2,16,setup_or_preprocess,,,,,,,,,,,,,,phase,,,true,,,Winterfell exposes transparent trace/AIR proofing; no trusted setup or KZG commitment phase,,measured,Winterfell transparent STARK pilot; matched vector only,measurement,true,false,unsupported,{},,,,,,
3a6e188c-4387-43b6-a7d5-7c147bc35b7f,2026-08-09T03:32:21.299323+00:00,C7-TRANSPARENT-STARK,winterfell-stark-pilot-v1,controlled_kernel,winterfell-0.13.1-f128,045609f7c669d9c8addd833c007ceab666099814,294bad57ed211ce5f668890c93845dca664b6897d4ff1a7011a5c837b0436472,5189462471415667084,0,63,default,{},64,64,2,16,key_load,,,,,,,,,,,,,,phase,,,true,,,Winterfell exposes transparent trace/AIR proofing; no trusted setup or KZG commitment phase,,measured,Winterfell transparent STARK pilot; matched vector only,measurement,true,false,unsupported,{},,,,,,
3a6e188c-4387-43b6-a7d5-7c147bc35b7f,2026-08-09T03:32:21.299336+00:00,C7-TRANSPARENT-STARK,winterfell-stark-pilot-v1,controlled_kernel,winterfell-0.13.1-f128,045609f7c669d9c8addd833c007ceab666099814,294bad57ed211ce5f668890c93845dca664b6897d4ff1a7011a5c837b0436472,5189462471415667084,0,63,default,{},64,64,2,16,msm,,,,,,,,,,,,,,phase,,,true,,,Winterfell exposes transparent trace/AIR proofing; no trusted setup or KZG commitment phase,,measured,Winterfell transparent STARK pilot; matched vector only,measurement,true,false,unsupported,{},,,,,,
3a6e188c-4387-43b6-a7d5-7c147bc35b7f,2026-08-09T03:32:21.299348+00:00,C7-TRANSPARENT-STARK,winterfell-stark-pilot-v1,controlled_kernel,winterfell-0.13.1-f128,045609f7c669d9c8addd833c007ceab666099814,294bad57ed211ce5f668890c93845dca664b6897d4ff1a7011a5c837b0436472,5189462471415667084,0,63,default,{},64,64,2,16,fft_ntt,,,,,,,,,,,,,,phase,,,true,,,Winterfell exposes transparent trace/AIR proofing; no trusted setup or KZG commitment phase,,measured,Winterfell transparent STARK pilot; matched vector only,measurement,true,false,unsupported,{},,,,,,
3a6e188c-4387-43b6-a7d5-7c147bc35b7f,2026-08-09T03:32:21.299361+00:00,C7-TRANSPARENT-STARK,winterfell-stark-pilot-v1,controlled_kernel,winterfell-0.13.1-f128,045609f7c669d9c8addd833c007ceab666099814,294bad57ed211ce5f668890c93845dca664b6897d4ff1a7011a5c837b0436472,5189462471415667084,0,63,default,{},64,64,2,16,prove_total,7.610252,,,,,,,,,,,,,phase,,,true,,,,,measured,Winterfell transparent STARK pilot; matched vector only,measurement,true,true,ok,"{""trace_rows"":64.0}",,,,,,
3a6e188c-4387-43b6-a7d5-7c147bc35b7f,2026-08-09T03:32:21.299375+00:00,C7-TRANSPARENT-STARK,winterfell-stark-pilot-v1,controlled_kernel,winterfell-0.13.1-f128,045609f7c669d9c8addd833c007ceab666099814,294bad57ed211ce5f668890c93845dca664b6897d4ff1a7011a5c837b0436472,5189462471415667084,0,63,default,{},64,64,2,16,serialize,0.009027,,,,,,,,,,,,,phase,,,true,,,,,measured,Winterfell transparent STARK pilot; matched vector only,measurement,true,true,ok,"{""proof_bytes"":11705.0}",,,,,,
3a6e188c-4387-43b6-a7d5-7c147bc35b7f,2026-08-09T03:32:21.299394+00:00,C7-TRANSPARENT-STARK,winterfell-stark-pilot-v1,controlled_kernel,winterfell-0.13.1-f128,045609f7c669d9c8addd833c007ceab666099814,294bad57ed211ce5f668890c93845dca664b6897d4ff1a7011a5c837b0436472,5189462471415667084,0,63,default,{},64,64,2,16,deserialize,0.012243,,,,,,,,,,,,,phase,,,true,,,,,measured,Winterfell transparent STARK pilot; matched vector only,measurement,true,true,ok,"{""proof_bytes"":11705.0}",,,,,,
3a6e188c-4387-43b6-a7d5-7c147bc35b7f,2026-08-09T03:32:21.299407+00:00,C7-TRANSPARENT-STARK,winterfell-stark-pilot-v1,controlled_kernel,winterfell-0.13.1-f128,045609f7c669d9c8addd833c007ceab666099814,294bad57ed211ce5f668890c93845dca664b6897d4ff1a7011a5c837b0436472,5189462471415667084,0,63,default,{},64,64,2,16,verify_total,0.844601,,,,,,,,,,,,,phase,,,true,,,,,measured,Winterfell transparent STARK pilot; matched vector only,measurement,true,true,ok,"{""trace_rows"":64.0}",,,,,,
3a6e188c-4387-43b6-a7d5-7c147bc35b7f,2026-08-09T03:32:21.299420+00:00,C7-TRANSPARENT-STARK,winterfell-stark-pilot-v1,controlled_kernel,winterfell-0.13.1-f128,045609f7c669d9c8addd833c007ceab666099814,294bad57ed211ce5f668890c93845dca664b6897d4ff1a7011a5c837b0436472,5189462471415667084,0,63,default,{},64,64,2,16,adapter_process_wall,71.658106,,4.152344,11705,true,0,,225,956,,,,linux-procfs,process,,,true,,,"private commit and per-process swap I/O are unavailable; VmSwap reports allocation, not swap traffic; No documented hardware or OS energy counter is configured in WSL2",,measured,Winterfell transparent STARK pilot; matched vector only,measurement,true,true,ok,{},2,3,2,transition_constraints,5.0,13
f317ace6-d1a9-4bc9-b213-a08a2851407f,2026-08-09T03:32:21.383633+00:00,C7-TRANSPARENT-STARK,winterfell-stark-pilot-v1,controlled_kernel,winterfell-0.13.1-f128,045609f7c669d9c8addd833c007ceab666099814,294bad57ed211ce5f668890c93845dca664b6897d4ff1a7011a5c837b0436472,6048394264045744936,2,64,default,{},1024,1024,4,16,native_execution,0.208007,,,,,,,,,,,,,phase,,,true,,,,,measured,Winterfell transparent STARK pilot; matched vector only,measurement,true,true,ok,"{""native_work_units"":1024.0}",,,,,,
f317ace6-d1a9-4bc9-b213-a08a2851407f,2026-08-09T03:32:21.383707+00:00,C7-TRANSPARENT-STARK,winterfell-stark-pilot-v1,controlled_kernel,winterfell-0.13.1-f128,045609f7c669d9c8addd833c007ceab666099814,294bad57ed211ce5f668890c93845dca664b6897d4ff1a7011a5c837b0436472,6048394264045744936,2,64,default,{},1024,1024,4,16,witness,0.514658,,,,,,,,,,,,,phase,,,true,,,,,measured,Winterfell transparent STARK pilot; matched vector only,measurement,true,true,ok,"{""trace_rows"":1024.0,""transition_constraints"":2.0}",,,,,,
f317ace6-d1a9-4bc9-b213-a08a2851407f,2026-08-09T03:32:21.383730+00:00,C7-TRANSPARENT-STARK,winterfell-stark-pilot-v1,controlled_kernel,winterfell-0.13.1-f128,045609f7c669d9c8addd833c007ceab666099814,294bad57ed211ce5f668890c93845dca664b6897d4ff1a7011a5c837b0436472,6048394264045744936,2,64,default,{},1024,1024,4,16,setup_or_preprocess,,,,,,,,,,,,,,phase,,,true,,,Winterfell exposes transparent trace/AIR proofing; no trusted setup or KZG commitment phase,,measured,Winterfell transparent STARK pilot; matched vector only,measurement,true,false,unsupported,{},,,,,,
f317ace6-d1a9-4bc9-b213-a08a2851407f,2026-08-09T03:32:21.383745+00:00,C7-TRANSPARENT-STARK,winterfell-stark-pilot-v1,controlled_kernel,winterfell-0.13.1-f128,045609f7c669d9c8addd833c007ceab666099814,294bad57ed211ce5f668890c93845dca664b6897d4ff1a7011a5c837b0436472,6048394264045744936,2,64,default,{},1024,1024,4,16,key_load,,,,,,,,,,,,,,phase,,,true,,,Winterfell exposes transparent trace/AIR proofing; no trusted setup or KZG commitment phase,,measured,Winterfell transparent STARK pilot; matched vector only,measurement,true,false,unsupported,{},,,,,,
f317ace6-d1a9-4bc9-b213-a08a2851407f,2026-08-09T03:32:21.383758+00:00,C7-TRANSPARENT-STARK,winterfell-stark-pilot-v1,controlled_kernel,winterfell-0.13.1-f128,045609f7c669d9c8addd833c007ceab666099814,294bad57ed211ce5f668890c93845dca664b6897d4ff1a7011a5c837b0436472,6048394264045744936,2,64,default,{},1024,1024,4,16,msm,,,,,,,,,,,,,,phase,,,true,,,Winterfell exposes transparent trace/AIR proofing; no trusted setup or KZG commitment phase,,measured,Winterfell transparent STARK pilot; matched vector only,measurement,true,false,unsupported,{},,,,,,
f317ace6-d1a9-4bc9-b213-a08a2851407f,2026-08-09T03:32:21.383771+00:00,C7-TRANSPARENT-STARK,winterfell-stark-pilot-v1,controlled_kernel,winterfell-0.13.1-f128,045609f7c669d9c8addd833c007ceab666099814,294bad57ed211ce5f668890c93845dca664b6897d4ff1a7011a5c837b0436472,6048394264045744936,2,64,default,{},1024,1024,4,16,fft_ntt,,,,,,,,,,,,,,phase,,,true,,,Winterfell exposes transparent trace/AIR proofing; no trusted setup or KZG commitment phase,,measured,Winterfell transparent STARK pilot; matched vector only,measurement,true,false,unsupported,{},,,,,,
f317ace6-d1a9-4bc9-b213-a08a2851407f,2026-08-09T03:32:21.383783+00:00,C7-TRANSPARENT-STARK,winterfell-stark-pilot-v1,controlled_kernel,winterfell-0.13.1-f128,045609f7c669d9c8addd833c007ceab666099814,294bad57ed211ce5f668890c93845dca664b6897d4ff1a7011a5c837b0436472,6048394264045744936,2,64,default,{},1024,1024,4,16,prove_total,17.577182,,,,,,,,,,,,,phase,,,true,,,,,measured,Winterfell transparent STARK pilot; matched vector only,measurement,true,true,ok,"{""trace_rows"":1024.0}",,,,,,
f317ace6-d1a9-4bc9-b213-a08a2851407f,2026-08-09T03:32:21.383797+00:00,C7-TRANSPARENT-STARK,winterfell-stark-pilot-v1,controlled_kernel,winterfell-0.13.1-f128,045609f7c669d9c8addd833c007ceab666099814,294bad57ed211ce5f668890c93845dca664b6897d4ff1a7011a5c837b0436472,6048394264045744936,2,64,default,{},1024,1024,4,16,serialize,0.015318,,,,,,,,,,,,,phase,,,true,,,,,measured,Winterfell transparent STARK pilot; matched vector only,measurement,true,true,ok,"{""proof_bytes"":31826.0}",,,,,,
f317ace6-d1a9-4bc9-b213-a08a2851407f,2026-08-09T03:32:21.383810+00:00,C7-TRANSPARENT-STARK,winterfell-stark-pilot-v1,controlled_kernel,winterfell-0.13.1-f128,045609f7c669d9c8addd833c007ceab666099814,294bad57ed211ce5f668890c93845dca664b6897d4ff1a7011a5c837b0436472,6048394264045744936,2,64,default,{},1024,1024,4,16,deserialize,0.021971,,,,,,,,,,,,,phase,,,true,,,,,measured,Winterfell transparent STARK pilot; matched vector only,measurement,true,true,ok,"{""proof_bytes"":31826.0}",,,,,,
f317ace6-d1a9-4bc9-b213-a08a2851407f,2026-08-09T03:32:21.383823+00:00,C7-TRANSPARENT-STARK,winterfell-stark-pilot-v1,controlled_kernel,winterfell-0.13.1-f128,045609f7c669d9c8addd833c007ceab666099814,294bad57ed211ce5f668890c93845dca664b6897d4ff1a7011a5c837b0436472,6048394264045744936,2,64,default,{},1024,1024,4,16,verify_total,0.921134,,,,,,,,,,,,,phase,,,true,,,,,measured,Winterfell transparent STARK pilot; matched vector only,measurement,true,true,ok,"{""trace_rows"":1024.0}",,,,,,
f317ace6-d1a9-4bc9-b213-a08a2851407f,2026-08-09T03:32:21.383837+00:00,C7-TRANSPARENT-STARK,winterfell-stark-pilot-v1,controlled_kernel,winterfell-0.13.1-f128,045609f7c669d9c8addd833c007ceab666099814,294bad57ed211ce5f668890c93845dca664b6897d4ff1a7011a5c837b0436472,6048394264045744936,2,64,default,{},1024,1024,4,16,adapter_process_wall,83.387035,20.000000,7.492188,31826,true,0,,1121,956,,,,linux-procfs,process,,,true,,,"private commit and per-process swap I/O are unavailable; VmSwap reports allocation, not swap traffic; No documented hardware or OS energy counter is configured in WSL2",,measured,Winterfell transparent STARK pilot; matched vector only,measurement,true,true,ok,{},2,3,2,transition_constraints,5.0,15
48f1f9fa-6ee2-4616-a76a-8c0ded3a128e,2026-08-09T03:32:21.454605+00:00,C7-TRANSPARENT-STARK,winterfell-stark-pilot-v1,controlled_kernel,winterfell-0.13.1-f128,045609f7c669d9c8addd833c007ceab666099814,294bad57ed211ce5f668890c93845dca664b6897d4ff1a7011a5c837b0436472,9081180774156709843,1,65,default,{},256,256,1,16,native_execution,0.211569,,,,,,,,,,,,,phase,,,true,wrong_public_input,,,,measured,Winterfell transparent STARK pilot; matched vector only,measurement,true,true,ok,"{""native_work_units"":256.0}",,,,,,
48f1f9fa-6ee2-4616-a76a-8c0ded3a128e,2026-08-09T03:32:21.454669+00:00,C7-TRANSPARENT-STARK,winterfell-stark-pilot-v1,controlled_kernel,winterfell-0.13.1-f128,045609f7c669d9c8addd833c007ceab666099814,294bad57ed211ce5f668890c93845dca664b6897d4ff1a7011a5c837b0436472,9081180774156709843,1,65,default,{},256,256,1,16,witness,0.613592,,,,,,,,,,,,,phase,,,true,wrong_public_input,,,,measured,Winterfell transparent STARK pilot; matched vector only,measurement,true,true,ok,"{""trace_rows"":256.0,""transition_constraints"":2.0}",,,,,,
48f1f9fa-6ee2-4616-a76a-8c0ded3a128e,2026-08-09T03:32:21.454690+00:00,C7-TRANSPARENT-STARK,winterfell-stark-pilot-v1,controlled_kernel,winterfell-0.13.1-f128,045609f7c669d9c8addd833c007ceab666099814,294bad57ed211ce5f668890c93845dca664b6897d4ff1a7011a5c837b0436472,9081180774156709843,1,65,default,{},256,256,1,16,setup_or_preprocess,,,,,,,,,,,,,,phase,,,true,wrong_public_input,,Winterfell exposes transparent trace/AIR proofing; no trusted setup or KZG commitment phase,,measured,Winterfell transparent STARK pilot; matched vector only,measurement,true,false,unsupported,{},,,,,,
48f1f9fa-6ee2-4616-a76a-8c0ded3a128e,2026-08-09T03:32:21.454704+00:00,C7-TRANSPARENT-STARK,winterfell-stark-pilot-v1,controlled_kernel,winterfell-0.13.1-f128,045609f7c669d9c8addd833c007ceab666099814,294bad57ed211ce5f668890c93845dca664b6897d4ff1a7011a5c837b0436472,9081180774156709843,1,65,default,{},256,256,1,16,key_load,,,,,,,,,,,,,,phase,,,true,wrong_public_input,,Winterfell exposes transparent trace/AIR proofing; no trusted setup or KZG commitment phase,,measured,Winterfell transparent STARK pilot; matched vector only,measurement,true,false,unsupported,{},,,,,,
48f1f9fa-6ee2-4616-a76a-8c0ded3a128e,2026-08-09T03:32:21.454717+00:00,C7-TRANSPARENT-STARK,winterfell-stark-pilot-v1,controlled_kernel,winterfell-0.13.1-f128,045609f7c669d9c8addd833c007ceab666099814,294bad57ed211ce5f668890c93845dca664b6897d4ff1a7011a5c837b0436472,9081180774156709843,1,65,default,{},256,256,1,16,msm,,,,,,,,,,,,,,phase,,,true,wrong_public_input,,Winterfell exposes transparent trace/AIR proofing; no trusted setup or KZG commitment phase,,measured,Winterfell transparent STARK pilot; matched vector only,measurement,true,false,unsupported,{},,,,,,
48f1f9fa-6ee2-4616-a76a-8c0ded3a128e,2026-08-09T03:32:21.454729+00:00,C7-TRANSPARENT-STARK,winterfell-stark-pilot-v1,controlled_kernel,winterfell-0.13.1-f128,045609f7c669d9c8addd833c007ceab666099814,294bad57ed211ce5f668890c93845dca664b6897d4ff1a7011a5c837b0436472,9081180774156709843,1,65,default,{},256,256,1,16,fft_ntt,,,,,,,,,,,,,,phase,,,true,wrong_public_input,,Winterfell exposes transparent trace/AIR proofing; no trusted setup or KZG commitment phase,,measured,Winterfell transparent STARK pilot; matched vector only,measurement,true,false,unsupported,{},,,,,,
48f1f9fa-6ee2-4616-a76a-8c0ded3a128e,2026-08-09T03:32:21.454742+00:00,C7-TRANSPARENT-STARK,winterfell-stark-pilot-v1,controlled_kernel,winterfell-0.13.1-f128,045609f7c669d9c8addd833c007ceab666099814,294bad57ed211ce5f668890c93845dca664b6897d4ff1a7011a5c837b0436472,9081180774156709843,1,65,default,{},256,256,1,16,prove_total,8.899127,,,,,,,,,,,,,phase,,,true,wrong_public_input,,,,measured,Winterfell transparent STARK pilot; matched vector only,measurement,true,true,ok,"{""trace_rows"":256.0}",,,,,,
48f1f9fa-6ee2-4616-a76a-8c0ded3a128e,2026-08-09T03:32:21.454755+00:00,C7-TRANSPARENT-STARK,winterfell-stark-pilot-v1,controlled_kernel,winterfell-0.13.1-f128,045609f7c669d9c8addd833c007ceab666099814,294bad57ed211ce5f668890c93845dca664b6897d4ff1a7011a5c837b0436472,9081180774156709843,1,65,default,{},256,256,1,16,serialize,0.008095,,,,,,,,,,,,,phase,,,true,wrong_public_input,,,,measured,Winterfell transparent STARK pilot; matched vector only,measurement,true,true,ok,"{""proof_bytes"":18857.0}",,,,,,
48f1f9fa-6ee2-4616-a76a-8c0ded3a128e,2026-08-09T03:32:21.454768+00:00,C7-TRANSPARENT-STARK,winterfell-stark-pilot-v1,controlled_kernel,winterfell-0.13.1-f128,045609f7c669d9c8addd833c007ceab666099814,294bad57ed211ce5f668890c93845dca664b6897d4ff1a7011a5c837b0436472,9081180774156709843,1,65,default,{},256,256,1,16,deserialize,0.012664,,,,,,,,,,,,,phase,,,true,wrong_public_input,,,,measured,Winterfell transparent STARK pilot; matched vector only,measurement,true,true,ok,"{""proof_bytes"":18857.0}",,,,,,
48f1f9fa-6ee2-4616-a76a-8c0ded3a128e,2026-08-09T03:32:21.454781+00:00,C7-TRANSPARENT-STARK,winterfell-stark-pilot-v1,controlled_kernel,winterfell-0.13.1-f128,045609f7c669d9c8addd833c007ceab666099814,294bad57ed211ce5f668890c93845dca664b6897d4ff1a7011a5c837b0436472,9081180774156709843,1,65,default,{},256,256,1,16,verify_total,0.392280,,,,,,,,,,,,,phase,,,true,wrong_public_input,,,,measured,Winterfell transparent STARK pilot; matched vector only,measurement,true,true,ok,"{""trace_rows"":256.0}",,,,,,
48f1f9fa-6ee2-4616-a76a-8c0ded3a128e,2026-08-09T03:32:21.454794+00:00,C7-TRANSPARENT-STARK,winterfell-stark-pilot-v1,controlled_kernel,winterfell-0.13.1-f128,045609f7c669d9c8addd833c007ceab666099814,294bad57ed211ce5f668890c93845dca664b6897d4ff1a7011a5c837b0436472,9081180774156709843,1,65,default,{},256,256,1,16,invalid_reject,0.392280,,,,,,,,,,,,,phase,,,true,wrong_public_input,,,,measured,Winterfell transparent STARK pilot; matched vector only,measurement,true,true,ok,"{""trace_rows"":256.0}",,,,,,
48f1f9fa-6ee2-4616-a76a-8c0ded3a128e,2026-08-09T03:32:21.454807+00:00,C7-TRANSPARENT-STARK,winterfell-stark-pilot-v1,controlled_kernel,winterfell-0.13.1-f128,045609f7c669d9c8addd833c007ceab666099814,294bad57ed211ce5f668890c93845dca664b6897d4ff1a7011a5c837b0436472,9081180774156709843,1,65,default,{},256,256,1,16,adapter_process_wall,69.845322,,4.847656,18857,false,0,cryptographic_rejection,385,956,,,,linux-procfs,process,,,true,wrong_public_input,,"private commit and per-process swap I/O are unavailable; VmSwap reports allocation, not swap traffic; No documented hardware or OS energy counter is configured in WSL2",,measured,Winterfell transparent STARK pilot; matched vector only,measurement,true,true,ok,{},2,3,2,transition_constraints,5.0,13
e73b0fd9-3776-4d4c-9763-ca7d6b883c4e,2026-08-09T03:32:21.521897+00:00,C7-TRANSPARENT-STARK,winterfell-stark-pilot-v1,controlled_kernel,winterfell-0.13.1-f128,045609f7c669d9c8addd833c007ceab666099814,294bad57ed211ce5f668890c93845dca664b6897d4ff1a7011a5c837b0436472,3599504403924289045,1,66,default,{},64,64,1,16,native_execution,0.192854,,,,,,,,,,,,,phase,,,true,wrong_public_input,,,,measured,Winterfell transparent STARK pilot; matched vector only,measurement,true,true,ok,"{""native_work_units"":64.0}",,,,,,
e73b0fd9-3776-4d4c-9763-ca7d6b883c4e,2026-08-09T03:32:21.522001+00:00,C7-TRANSPARENT-STARK,winterfell-stark-pilot-v1,controlled_kernel,winterfell-0.13.1-f128,045609f7c669d9c8addd833c007ceab666099814,294bad57ed211ce5f668890c93845dca664b6897d4ff1a7011a5c837b0436472,3599504403924289045,1,66,default,{},64,64,1,16,witness,0.570892,,,,,,,,,,,,,phase,,,true,wrong_public_input,,,,measured,Winterfell transparent STARK pilot; matched vector only,measurement,true,true,ok,"{""trace_rows"":64.0,""transition_constraints"":2.0}",,,,,,
e73b0fd9-3776-4d4c-9763-ca7d6b883c4e,2026-08-09T03:32:21.522028+00:00,C7-TRANSPARENT-STARK,winterfell-stark-pilot-v1,controlled_kernel,winterfell-0.13.1-f128,045609f7c669d9c8addd833c007ceab666099814,294bad57ed211ce5f668890c93845dca664b6897d4ff1a7011a5c837b0436472,3599504403924289045,1,66,default,{},64,64,1,16,setup_or_preprocess,,,,,,,,,,,,,,phase,,,true,wrong_public_input,,Winterfell exposes transparent trace/AIR proofing; no trusted setup or KZG commitment phase,,measured,Winterfell transparent STARK pilot; matched vector only,measurement,true,false,unsupported,{},,,,,,
e73b0fd9-3776-4d4c-9763-ca7d6b883c4e,2026-08-09T03:32:21.522077+00:00,C7-TRANSPARENT-STARK,winterfell-stark-pilot-v1,controlled_kernel,winterfell-0.13.1-f128,045609f7c669d9c8addd833c007ceab666099814,294bad57ed211ce5f668890c93845dca664b6897d4ff1a7011a5c837b0436472,3599504403924289045,1,66,default,{},64,64,1,16,key_load,,,,,,,,,,,,,,phase,,,true,wrong_public_input,,Winterfell exposes transparent trace/AIR proofing; no trusted setup or KZG commitment phase,,measured,Winterfell transparent STARK pilot; matched vector only,measurement,true,false,unsupported,{},,,,,,
e73b0fd9-3776-4d4c-9763-ca7d6b883c4e,2026-08-09T03:32:21.522111+00:00,C7-TRANSPARENT-STARK,winterfell-stark-pilot-v1,controlled_kernel,winterfell-0.13.1-f128,045609f7c669d9c8addd833c007ceab666099814,294bad57ed211ce5f668890c93845dca664b6897d4ff1a7011a5c837b0436472,3599504403924289045,1,66,default,{},64,64,1,16,msm,,,,,,,,,,,,,,phase,,,true,wrong_public_input,,Winterfell exposes transparent trace/AIR proofing; no trusted setup or KZG commitment phase,,measured,Winterfell transparent STARK pilot; matched vector only,measurement,true,false,unsupported,{},,,,,,
e73b0fd9-3776-4d4c-9763-ca7d6b883c4e,2026-08-09T03:32:21.522132+00:00,C7-TRANSPARENT-STARK,winterfell-stark-pilot-v1,controlled_kernel,winterfell-0.13.1-f128,045609f7c669d9c8addd833c007ceab666099814,294bad57ed211ce5f668890c93845dca664b6897d4ff1a7011a5c837b0436472,3599504403924289045,1,66,default,{},64,64,1,16,fft_ntt,,,,,,,,,,,,,,phase,,,true,wrong_public_input,,Winterfell exposes transparent trace/AIR proofing; no trusted setup or KZG commitment phase,,measured,Winterfell transparent STARK pilot; matched vector only,measurement,true,false,unsupported,{},,,,,,
e73b0fd9-3776-4d4c-9763-ca7d6b883c4e,2026-08-09T03:32:21.522149+00:00,C7-TRANSPARENT-STARK,winterfell-stark-pilot-v1,controlled_kernel,winterfell-0.13.1-f128,045609f7c669d9c8addd833c007ceab666099814,294bad57ed211ce5f668890c93845dca664b6897d4ff1a7011a5c837b0436472,3599504403924289045,1,66,default,{},64,64,1,16,prove_total,6.332784,,,,,,,,,,,,,phase,,,true,wrong_public_input,,,,measured,Winterfell transparent STARK pilot; matched vector only,measurement,true,true,ok,"{""trace_rows"":64.0}",,,,,,
e73b0fd9-3776-4d4c-9763-ca7d6b883c4e,2026-08-09T03:32:21.522170+00:00,C7-TRANSPARENT-STARK,winterfell-stark-pilot-v1,controlled_kernel,winterfell-0.13.1-f128,045609f7c669d9c8addd833c007ceab666099814,294bad57ed211ce5f668890c93845dca664b6897d4ff1a7011a5c837b0436472,3599504403924289045,1,66,default,{},64,64,1,16,serialize,0.008747,,,,,,,,,,,,,phase,,,true,wrong_public_input,,,,measured,Winterfell transparent STARK pilot; matched vector only,measurement,true,true,ok,"{""proof_bytes"":12540.0}",,,,,,
e73b0fd9-3776-4d4c-9763-ca7d6b883c4e,2026-08-09T03:32:21.522191+00:00,C7-TRANSPARENT-STARK,winterfell-stark-pilot-v1,controlled_kernel,winterfell-0.13.1-f128,045609f7c669d9c8addd833c007ceab666099814,294bad57ed211ce5f668890c93845dca664b6897d4ff1a7011a5c837b0436472,3599504403924289045,1,66,default,{},64,64,1,16,deserialize,0.011933,,,,,,,,,,,,,phase,,,true,wrong_public_input,,,,measured,Winterfell transparent STARK pilot; matched vector only,measurement,true,true,ok,"{""proof_bytes"":12540.0}",,,,,,
e73b0fd9-3776-4d4c-9763-ca7d6b883c4e,2026-08-09T03:32:21.522215+00:00,C7-TRANSPARENT-STARK,winterfell-stark-pilot-v1,controlled_kernel,winterfell-0.13.1-f128,045609f7c669d9c8addd833c007ceab666099814,294bad57ed211ce5f668890c93845dca664b6897d4ff1a7011a5c837b0436472,3599504403924289045,1,66,default,{},64,64,1,16,verify_total,0.505952,,,,,,,,,,,,,phase,,,true,wrong_public_input,,,,measured,Winterfell transparent STARK pilot; matched vector only,measurement,true,true,ok,"{""trace_rows"":64.0}",,,,,,
e73b0fd9-3776-4d4c-9763-ca7d6b883c4e,2026-08-09T03:32:21.522231+00:00,C7-TRANSPARENT-STARK,winterfell-stark-pilot-v1,controlled_kernel,winterfell-0.13.1-f128,045609f7c669d9c8addd833c007ceab666099814,294bad57ed211ce5f668890c93845dca664b6897d4ff1a7011a5c837b0436472,3599504403924289045,1,66,default,{},64,64,1,16,invalid_reject,0.505952,,,,,,,,,,,,,phase,,,true,wrong_public_input,,,,measured,Winterfell transparent STARK pilot; matched vector only,measurement,true,true,ok,"{""trace_rows"":64.0}",,,,,,
e73b0fd9-3776-4d4c-9763-ca7d6b883c4e,2026-08-09T03:32:21.522247+00:00,C7-TRANSPARENT-STARK,winterfell-stark-pilot-v1,controlled_kernel,winterfell-0.13.1-f128,045609f7c669d9c8addd833c007ceab666099814,294bad57ed211ce5f668890c93845dca664b6897d4ff1a7011a5c837b0436472,3599504403924289045,1,66,default,{},64,64,1,16,adapter_process_wall,66.214866,,3.960938,12540,false,0,cryptographic_rejection,180,956,,,,linux-procfs,process,,,true,wrong_public_input,,"private commit and per-process swap I/O are unavailable; VmSwap reports allocation, not swap traffic; No documented hardware or OS energy counter is configured in WSL2",,measured,Winterfell transparent STARK pilot; matched vector only,measurement,true,true,ok,{},2,3,2,transition_constraints,5.0,12
78eb2ec4-2959-45d7-8d9e-3d8e9db0d025,2026-08-09T03:32:21.594774+00:00,C7-TRANSPARENT-STARK,winterfell-stark-pilot-v1,controlled_kernel,winterfell-0.13.1-f128,045609f7c669d9c8addd833c007ceab666099814,294bad57ed211ce5f668890c93845dca664b6897d4ff1a7011a5c837b0436472,3056106443309002803,1,67,default,{},256,256,2,16,native_execution,0.253762,,,,,,,,,,,,,phase,,,true,,,,,measured,Winterfell transparent STARK pilot; matched vector only,measurement,true,true,ok,"{""native_work_units"":256.0}",,,,,,
78eb2ec4-2959-45d7-8d9e-3d8e9db0d025,2026-08-09T03:32:21.594845+00:00,C7-TRANSPARENT-STARK,winterfell-stark-pilot-v1,controlled_kernel,winterfell-0.13.1-f128,045609f7c669d9c8addd833c007ceab666099814,294bad57ed211ce5f668890c93845dca664b6897d4ff1a7011a5c837b0436472,3056106443309002803,1,67,default,{},256,256,2,16,witness,0.686908,,,,,,,,,,,,,phase,,,true,,,,,measured,Winterfell transparent STARK pilot; matched vector only,measurement,true,true,ok,"{""trace_rows"":256.0,""transition_constraints"":2.0}",,,,,,
78eb2ec4-2959-45d7-8d9e-3d8e9db0d025,2026-08-09T03:32:21.594866+00:00,C7-TRANSPARENT-STARK,winterfell-stark-pilot-v1,controlled_kernel,winterfell-0.13.1-f128,045609f7c669d9c8addd833c007ceab666099814,294bad57ed211ce5f668890c93845dca664b6897d4ff1a7011a5c837b0436472,3056106443309002803,1,67,default,{},256,256,2,16,setup_or_preprocess,,,,,,,,,,,,,,phase,,,true,,,Winterfell exposes transparent trace/AIR proofing; no trusted setup or KZG commitment phase,,measured,Winterfell transparent STARK pilot; matched vector only,measurement,true,false,unsupported,{},,,,,,
78eb2ec4-2959-45d7-8d9e-3d8e9db0d025,2026-08-09T03:32:21.594881+00:00,C7-TRANSPARENT-STARK,winterfell-stark-pilot-v1,controlled_kernel,winterfell-0.13.1-f128,045609f7c669d9c8addd833c007ceab666099814,294bad57ed211ce5f668890c93845dca664b6897d4ff1a7011a5c837b0436472,3056106443309002803,1,67,default,{},256,256,2,16,key_load,,,,,,,,,,,,,,phase,,,true,,,Winterfell exposes transparent trace/AIR proofing; no trusted setup or KZG commitment phase,,measured,Winterfell transparent STARK pilot; matched vector only,measurement,true,false,unsupported,{},,,,,,
78eb2ec4-2959-45d7-8d9e-3d8e9db0d025,2026-08-09T03:32:21.594894+00:00,C7-TRANSPARENT-STARK,winterfell-stark-pilot-v1,controlled_kernel,winterfell-0.13.1-f128,045609f7c669d9c8addd833c007ceab666099814,294bad57ed211ce5f668890c93845dca664b6897d4ff1a7011a5c837b0436472,3056106443309002803,1,67,default,{},256,256,2,16,msm,,,,,,,,,,,,,,phase,,,true,,,Winterfell exposes transparent trace/AIR proofing; no trusted setup or KZG commitment phase,,measured,Winterfell transparent STARK pilot; matched vector only,measurement,true,false,unsupported,{},,,,,,
78eb2ec4-2959-45d7-8d9e-3d8e9db0d025,2026-08-09T03:32:21.594906+00:00,C7-TRANSPARENT-STARK,winterfell-stark-pilot-v1,controlled_kernel,winterfell-0.13.1-f128,045609f7c669d9c8addd833c007ceab666099814,294bad57ed211ce5f668890c93845dca664b6897d4ff1a7011a5c837b0436472,3056106443309002803,1,67,default,{},256,256,2,16,fft_ntt,,,,,,,,,,,,,,phase,,,true,,,Winterfell exposes transparent trace/AIR proofing; no trusted setup or KZG commitment phase,,measured,Winterfell transparent STARK pilot; matched vector only,measurement,true,false,unsupported,{},,,,,,
78eb2ec4-2959-45d7-8d9e-3d8e9db0d025,2026-08-09T03:32:21.594919+00:00,C7-TRANSPARENT-STARK,winterfell-stark-pilot-v1,controlled_kernel,winterfell-0.13.1-f128,045609f7c669d9c8addd833c007ceab666099814,294bad57ed211ce5f668890c93845dca664b6897d4ff1a7011a5c837b0436472,3056106443309002803,1,67,default,{},256,256,2,16,prove_total,9.765328,,,,,,,,,,,,,phase,,,true,,,,,measured,Winterfell transparent STARK pilot; matched vector only,measurement,true,true,ok,"{""trace_rows"":256.0}",,,,,,
78eb2ec4-2959-45d7-8d9e-3d8e9db0d025,2026-08-09T03:32:21.594932+00:00,C7-TRANSPARENT-STARK,winterfell-stark-pilot-v1,controlled_kernel,winterfell-0.13.1-f128,045609f7c669d9c8addd833c007ceab666099814,294bad57ed211ce5f668890c93845dca664b6897d4ff1a7011a5c837b0436472,3056106443309002803,1,67,default,{},256,256,2,16,serialize,0.009037,,,,,,,,,,,,,phase,,,true,,,,,measured,Winterfell transparent STARK pilot; matched vector only,measurement,true,true,ok,"{""proof_bytes"":19784.0}",,,,,,
78eb2ec4-2959-45d7-8d9e-3d8e9db0d025,2026-08-09T03:32:21.594946+00:00,C7-TRANSPARENT-STARK,winterfell-stark-pilot-v1,controlled_kernel,winterfell-0.13.1-f128,045609f7c669d9c8addd833c007ceab666099814,294bad57ed211ce5f668890c93845dca664b6897d4ff1a7011a5c837b0436472,3056106443309002803,1,67,default,{},256,256,2,16,deserialize,0.013926,,,,,,,,,,,,,phase,,,true,,,,,measured,Winterfell transparent STARK pilot; matched vector only,measurement,true,true,ok,"{""proof_bytes"":19784.0}",,,,,,
78eb2ec4-2959-45d7-8d9e-3d8e9db0d025,2026-08-09T03:32:21.594959+00:00,C7-TRANSPARENT-STARK,winterfell-stark-pilot-v1,controlled_kernel,winterfell-0.13.1-f128,045609f7c669d9c8addd833c007ceab666099814,294bad57ed211ce5f668890c93845dca664b6897d4ff1a7011a5c837b0436472,3056106443309002803,1,67,default,{},256,256,2,16,verify_total,0.915149,,,,,,,,,,,,,phase,,,true,,,,,measured,Winterfell transparent STARK pilot; matched vector only,measurement,true,true,ok,"{""trace_rows"":256.0}",,,,,,
78eb2ec4-2959-45d7-8d9e-3d8e9db0d025,2026-08-09T03:32:21.594972+00:00,C7-TRANSPARENT-STARK,winterfell-stark-pilot-v1,controlled_kernel,winterfell-0.13.1-f128,045609f7c669d9c8addd833c007ceab666099814,294bad57ed211ce5f668890c93845dca664b6897d4ff1a7011a5c837b0436472,3056106443309002803,1,67,default,{},256,256,2,16,adapter_process_wall,71.438794,,4.816406,19784,true,0,,386,956,,,,linux-procfs,process,,,true,,,"private commit and per-process swap I/O are unavailable; VmSwap reports allocation, not swap traffic; No documented hardware or OS energy counter is configured in WSL2",,measured,Winterfell transparent STARK pilot; matched vector only,measurement,true,true,ok,{},2,3,2,transition_constraints,5.0,13
2b4dbb70-12ea-4cef-924b-0d85d7e34da9,2026-08-09T03:32:21.677255+00:00,C7-TRANSPARENT-STARK,winterfell-stark-pilot-v1,controlled_kernel,winterfell-0.13.1-f128,045609f7c669d9c8addd833c007ceab666099814,294bad57ed211ce5f668890c93845dca664b6897d4ff1a7011a5c837b0436472,2086296627887638504,2,68,default,{},1024,1024,1,16,native_execution,0.271675,,,,,,,,,,,,,phase,,,true,,,,,measured,Winterfell transparent STARK pilot; matched vector only,measurement,true,true,ok,"{""native_work_units"":1024.0}",,,,,,
2b4dbb70-12ea-4cef-924b-0d85d7e34da9,2026-08-09T03:32:21.677408+00:00,C7-TRANSPARENT-STARK,winterfell-stark-pilot-v1,controlled_kernel,winterfell-0.13.1-f128,045609f7c669d9c8addd833c007ceab666099814,294bad57ed211ce5f668890c93845dca664b6897d4ff1a7011a5c837b0436472,2086296627887638504,2,68,default,{},1024,1024,1,16,witness,0.519447,,,,,,,,,,,,,phase,,,true,,,,,measured,Winterfell transparent STARK pilot; matched vector only,measurement,true,true,ok,"{""trace_rows"":1024.0,""transition_constraints"":2.0}",,,,,,
2b4dbb70-12ea-4cef-924b-0d85d7e34da9,2026-08-09T03:32:21.677438+00:00,C7-TRANSPARENT-STARK,winterfell-stark-pilot-v1,controlled_kernel,winterfell-0.13.1-f128,045609f7c669d9c8addd833c007ceab666099814,294bad57ed211ce5f668890c93845dca664b6897d4ff1a7011a5c837b0436472,2086296627887638504,2,68,default,{},1024,1024,1,16,setup_or_preprocess,,,,,,,,,,,,,,phase,,,true,,,Winterfell exposes transparent trace/AIR proofing; no trusted setup or KZG commitment phase,,measured,Winterfell transparent STARK pilot; matched vector only,measurement,true,false,unsupported,{},,,,,,
2b4dbb70-12ea-4cef-924b-0d85d7e34da9,2026-08-09T03:32:21.677457+00:00,C7-TRANSPARENT-STARK,winterfell-stark-pilot-v1,controlled_kernel,winterfell-0.13.1-f128,045609f7c669d9c8addd833c007ceab666099814,294bad57ed211ce5f668890c93845dca664b6897d4ff1a7011a5c837b0436472,2086296627887638504,2,68,default,{},1024,1024,1,16,key_load,,,,,,,,,,,,,,phase,,,true,,,Winterfell exposes transparent trace/AIR proofing; no trusted setup or KZG commitment phase,,measured,Winterfell transparent STARK pilot; matched vector only,measurement,true,false,unsupported,{},,,,,,
2b4dbb70-12ea-4cef-924b-0d85d7e34da9,2026-08-09T03:32:21.677472+00:00,C7-TRANSPARENT-STARK,winterfell-stark-pilot-v1,controlled_kernel,winterfell-0.13.1-f128,045609f7c669d9c8addd833c007ceab666099814,294bad57ed211ce5f668890c93845dca664b6897d4ff1a7011a5c837b0436472,2086296627887638504,2,68,default,{},1024,1024,1,16,msm,,,,,,,,,,,,,,phase,,,true,,,Winterfell exposes transparent trace/AIR proofing; no trusted setup or KZG commitment phase,,measured,Winterfell transparent STARK pilot; matched vector only,measurement,true,false,unsupported,{},,,,,,
2b4dbb70-12ea-4cef-924b-0d85d7e34da9,2026-08-09T03:32:21.677487+00:00,C7-TRANSPARENT-STARK,winterfell-stark-pilot-v1,controlled_kernel,winterfell-0.13.1-f128,045609f7c669d9c8addd833c007ceab666099814,294bad57ed211ce5f668890c93845dca664b6897d4ff1a7011a5c837b0436472,2086296627887638504,2,68,default,{},1024,1024,1,16,fft_ntt,,,,,,,,,,,,,,phase,,,true,,,Winterfell exposes transparent trace/AIR proofing; no trusted setup or KZG commitment phase,,measured,Winterfell transparent STARK pilot; matched vector only,measurement,true,false,unsupported,{},,,,,,
2b4dbb70-12ea-4cef-924b-0d85d7e34da9,2026-08-09T03:32:21.677502+00:00,C7-TRANSPARENT-STARK,winterfell-stark-pilot-v1,controlled_kernel,winterfell-0.13.1-f128,045609f7c669d9c8addd833c007ceab666099814,294bad57ed211ce5f668890c93845dca664b6897d4ff1a7011a5c837b0436472,2086296627887638504,2,68,default,{},1024,1024,1,16,prove_total,19.257800,,,,,,,,,,,,,phase,,,true,,,,,measured,Winterfell transparent STARK pilot; matched vector only,measurement,true,true,ok,"{""trace_rows"":1024.0}",,,,,,
2b4dbb70-12ea-4cef-924b-0d85d7e34da9,2026-08-09T03:32:21.677518+00:00,C7-TRANSPARENT-STARK,winterfell-stark-pilot-v1,controlled_kernel,winterfell-0.13.1-f128,045609f7c669d9c8addd833c007ceab666099814,294bad57ed211ce5f668890c93845dca664b6897d4ff1a7011a5c837b0436472,2086296627887638504,2,68,default,{},1024,1024,1,16,serialize,0.053790,,,,,,,,,,,,,phase,,,true,,,,,measured,Winterfell transparent STARK pilot; matched vector only,measurement,true,true,ok,"{""proof_bytes"":30450.0}",,,,,,
2b4dbb70-12ea-4cef-924b-0d85d7e34da9,2026-08-09T03:32:21.677535+00:00,C7-TRANSPARENT-STARK,winterfell-stark-pilot-v1,controlled_kernel,winterfell-0.13.1-f128,045609f7c669d9c8addd833c007ceab666099814,294bad57ed211ce5f668890c93845dca664b6897d4ff1a7011a5c837b0436472,2086296627887638504,2,68,default,{},1024,1024,1,16,deserialize,0.046767,,,,,,,,,,,,,phase,,,true,,,,,measured,Winterfell transparent STARK pilot; matched vector only,measurement,true,true,ok,"{""proof_bytes"":30450.0}",,,,,,
2b4dbb70-12ea-4cef-924b-0d85d7e34da9,2026-08-09T03:32:21.677552+00:00,C7-TRANSPARENT-STARK,winterfell-stark-pilot-v1,controlled_kernel,winterfell-0.13.1-f128,045609f7c669d9c8addd833c007ceab666099814,294bad57ed211ce5f668890c93845dca664b6897d4ff1a7011a5c837b0436472,2086296627887638504,2,68,default,{},1024,1024,1,16,verify_total,0.965507,,,,,,,,,,,,,phase,,,true,,,,,measured,Winterfell transparent STARK pilot; matched vector only,measurement,true,true,ok,"{""trace_rows"":1024.0}",,,,,,
2b4dbb70-12ea-4cef-924b-0d85d7e34da9,2026-08-09T03:32:21.677568+00:00,C7-TRANSPARENT-STARK,winterfell-stark-pilot-v1,controlled_kernel,winterfell-0.13.1-f128,045609f7c669d9c8addd833c007ceab666099814,294bad57ed211ce5f668890c93845dca664b6897d4ff1a7011a5c837b0436472,2086296627887638504,2,68,default,{},1024,1024,1,16,adapter_process_wall,81.428865,10.000000,7.304688,30450,true,0,,1086,956,,,,linux-procfs,process,,,true,,,"private commit and per-process swap I/O are unavailable; VmSwap reports allocation, not swap traffic; No documented hardware or OS energy counter is configured in WSL2",,measured,Winterfell transparent STARK pilot; matched vector only,measurement,true,true,ok,{},2,3,2,transition_constraints,5.0,15
c5c1b222-9d87-465a-b625-a1307bac9ff5,2026-08-09T03:32:21.758891+00:00,C7-TRANSPARENT-STARK,winterfell-stark-pilot-v1,controlled_kernel,winterfell-0.13.1-f128,045609f7c669d9c8addd833c007ceab666099814,294bad57ed211ce5f668890c93845dca664b6897d4ff1a7011a5c837b0436472,1656932767508026097,1,69,default,{},1024,1024,1,16,native_execution,0.189032,,,,,,,,,,,,,phase,,,true,,,,,measured,Winterfell transparent STARK pilot; matched vector only,measurement,true,true,ok,"{""native_work_units"":1024.0}",,,,,,
c5c1b222-9d87-465a-b625-a1307bac9ff5,2026-08-09T03:32:21.758964+00:00,C7-TRANSPARENT-STARK,winterfell-stark-pilot-v1,controlled_kernel,winterfell-0.13.1-f128,045609f7c669d9c8addd833c007ceab666099814,294bad57ed211ce5f668890c93845dca664b6897d4ff1a7011a5c837b0436472,1656932767508026097,1,69,default,{},1024,1024,1,16,witness,0.628300,,,,,,,,,,,,,phase,,,true,,,,,measured,Winterfell transparent STARK pilot; matched vector only,measurement,true,true,ok,"{""trace_rows"":1024.0,""transition_constraints"":2.0}",,,,,,
c5c1b222-9d87-465a-b625-a1307bac9ff5,2026-08-09T03:32:21.758985+00:00,C7-TRANSPARENT-STARK,winterfell-stark-pilot-v1,controlled_kernel,winterfell-0.13.1-f128,045609f7c669d9c8addd833c007ceab666099814,294bad57ed211ce5f668890c93845dca664b6897d4ff1a7011a5c837b0436472,1656932767508026097,1,69,default,{},1024,1024,1,16,setup_or_preprocess,,,,,,,,,,,,,,phase,,,true,,,Winterfell exposes transparent trace/AIR proofing; no trusted setup or KZG commitment phase,,measured,Winterfell transparent STARK pilot; matched vector only,measurement,true,false,unsupported,{},,,,,,
c5c1b222-9d87-465a-b625-a1307bac9ff5,2026-08-09T03:32:21.759000+00:00,C7-TRANSPARENT-STARK,winterfell-stark-pilot-v1,controlled_kernel,winterfell-0.13.1-f128,045609f7c669d9c8addd833c007ceab666099814,294bad57ed211ce5f668890c93845dca664b6897d4ff1a7011a5c837b0436472,1656932767508026097,1,69,default,{},1024,1024,1,16,key_load,,,,,,,,,,,,,,phase,,,true,,,Winterfell exposes transparent trace/AIR proofing; no trusted setup or KZG commitment phase,,measured,Winterfell transparent STARK pilot; matched vector only,measurement,true,false,unsupported,{},,,,,,
c5c1b222-9d87-465a-b625-a1307bac9ff5,2026-08-09T03:32:21.759012+00:00,C7-TRANSPARENT-STARK,winterfell-stark-pilot-v1,controlled_kernel,winterfell-0.13.1-f128,045609f7c669d9c8addd833c007ceab666099814,294bad57ed211ce5f668890c93845dca664b6897d4ff1a7011a5c837b0436472,1656932767508026097,1,69,default,{},1024,1024,1,16,msm,,,,,,,,,,,,,,phase,,,true,,,Winterfell exposes transparent trace/AIR proofing; no trusted setup or KZG commitment phase,,measured,Winterfell transparent STARK pilot; matched vector only,measurement,true,false,unsupported,{},,,,,,
c5c1b222-9d87-465a-b625-a1307bac9ff5,2026-08-09T03:32:21.759025+00:00,C7-TRANSPARENT-STARK,winterfell-stark-pilot-v1,controlled_kernel,winterfell-0.13.1-f128,045609f7c669d9c8addd833c007ceab666099814,294bad57ed211ce5f668890c93845dca664b6897d4ff1a7011a5c837b0436472,1656932767508026097,1,69,default,{},1024,1024,1,16,fft_ntt,,,,,,,,,,,,,,phase,,,true,,,Winterfell exposes transparent trace/AIR proofing; no trusted setup or KZG commitment phase,,measured,Winterfell transparent STARK pilot; matched vector only,measurement,true,false,unsupported,{},,,,,,
c5c1b222-9d87-465a-b625-a1307bac9ff5,2026-08-09T03:32:21.759037+00:00,C7-TRANSPARENT-STARK,winterfell-stark-pilot-v1,controlled_kernel,winterfell-0.13.1-f128,045609f7c669d9c8addd833c007ceab666099814,294bad57ed211ce5f668890c93845dca664b6897d4ff1a7011a5c837b0436472,1656932767508026097,1,69,default,{},1024,1024,1,16,prove_total,18.250079,,,,,,,,,,,,,phase,,,true,,,,,measured,Winterfell transparent STARK pilot; matched vector only,measurement,true,true,ok,"{""trace_rows"":1024.0}",,,,,,
c5c1b222-9d87-465a-b625-a1307bac9ff5,2026-08-09T03:32:21.759055+00:00,C7-TRANSPARENT-STARK,winterfell-stark-pilot-v1,controlled_kernel,winterfell-0.13.1-f128,045609f7c669d9c8addd833c007ceab666099814,294bad57ed211ce5f668890c93845dca664b6897d4ff1a7011a5c837b0436472,1656932767508026097,1,69,default,{},1024,1024,1,16,serialize,0.014848,,,,,,,,,,,,,phase,,,true,,,,,measured,Winterfell transparent STARK pilot; matched vector only,measurement,true,true,ok,"{""proof_bytes"":30768.0}",,,,,,
c5c1b222-9d87-465a-b625-a1307bac9ff5,2026-08-09T03:32:21.759069+00:00,C7-TRANSPARENT-STARK,winterfell-stark-pilot-v1,controlled_kernel,winterfell-0.13.1-f128,045609f7c669d9c8addd833c007ceab666099814,294bad57ed211ce5f668890c93845dca664b6897d4ff1a7011a5c837b0436472,1656932767508026097,1,69,default,{},1024,1024,1,16,deserialize,0.021139,,,,,,,,,,,,,phase,,,true,,,,,measured,Winterfell transparent STARK pilot; matched vector only,measurement,true,true,ok,"{""proof_bytes"":30768.0}",,,,,,
c5c1b222-9d87-465a-b625-a1307bac9ff5,2026-08-09T03:32:21.759082+00:00,C7-TRANSPARENT-STARK,winterfell-stark-pilot-v1,controlled_kernel,winterfell-0.13.1-f128,045609f7c669d9c8addd833c007ceab666099814,294bad57ed211ce5f668890c93845dca664b6897d4ff1a7011a5c837b0436472,1656932767508026097,1,69,default,{},1024,1024,1,16,verify_total,0.961258,,,,,,,,,,,,,phase,,,true,,,,,measured,Winterfell transparent STARK pilot; matched vector only,measurement,true,true,ok,"{""trace_rows"":1024.0}",,,,,,
c5c1b222-9d87-465a-b625-a1307bac9ff5,2026-08-09T03:32:21.759095+00:00,C7-TRANSPARENT-STARK,winterfell-stark-pilot-v1,controlled_kernel,winterfell-0.13.1-f128,045609f7c669d9c8addd833c007ceab666099814,294bad57ed211ce5f668890c93845dca664b6897d4ff1a7011a5c837b0436472,1656932767508026097,1,69,default,{},1024,1024,1,16,adapter_process_wall,80.260976,20.000000,7.179688,30768,true,0,,1084,956,,,,linux-procfs,process,,,true,,,"private commit and per-process swap I/O are unavailable; VmSwap reports allocation, not swap traffic; No documented hardware or OS energy counter is configured in WSL2",,measured,Winterfell transparent STARK pilot; matched vector only,measurement,true,true,ok,{},2,3,2,transition_constraints,5.0,15
a5225af2-2fee-4610-bb14-bafc3424d6df,2026-08-09T03:32:21.830824+00:00,C7-TRANSPARENT-STARK,winterfell-stark-pilot-v1,controlled_kernel,winterfell-0.13.1-f128,045609f7c669d9c8addd833c007ceab666099814,294bad57ed211ce5f668890c93845dca664b6897d4ff1a7011a5c837b0436472,1213950666027706562,0,70,default,{},256,256,2,16,native_execution,0.279109,,,,,,,,,,,,,phase,,,true,,,,,measured,Winterfell transparent STARK pilot; matched vector only,measurement,true,true,ok,"{""native_work_units"":256.0}",,,,,,
a5225af2-2fee-4610-bb14-bafc3424d6df,2026-08-09T03:32:21.830897+00:00,C7-TRANSPARENT-STARK,winterfell-stark-pilot-v1,controlled_kernel,winterfell-0.13.1-f128,045609f7c669d9c8addd833c007ceab666099814,294bad57ed211ce5f668890c93845dca664b6897d4ff1a7011a5c837b0436472,1213950666027706562,0,70,default,{},256,256,2,16,witness,0.531559,,,,,,,,,,,,,phase,,,true,,,,,measured,Winterfell transparent STARK pilot; matched vector only,measurement,true,true,ok,"{""trace_rows"":256.0,""transition_constraints"":2.0}",,,,,,
a5225af2-2fee-4610-bb14-bafc3424d6df,2026-08-09T03:32:21.830919+00:00,C7-TRANSPARENT-STARK,winterfell-stark-pilot-v1,controlled_kernel,winterfell-0.13.1-f128,045609f7c669d9c8addd833c007ceab666099814,294bad57ed211ce5f668890c93845dca664b6897d4ff1a7011a5c837b0436472,1213950666027706562,0,70,default,{},256,256,2,16,setup_or_preprocess,,,,,,,,,,,,,,phase,,,true,,,Winterfell exposes transparent trace/AIR proofing; no trusted setup or KZG commitment phase,,measured,Winterfell transparent STARK pilot; matched vector only,measurement,true,false,unsupported,{},,,,,,
a5225af2-2fee-4610-bb14-bafc3424d6df,2026-08-09T03:32:21.830933+00:00,C7-TRANSPARENT-STARK,winterfell-stark-pilot-v1,controlled_kernel,winterfell-0.13.1-f128,045609f7c669d9c8addd833c007ceab666099814,294bad57ed211ce5f668890c93845dca664b6897d4ff1a7011a5c837b0436472,1213950666027706562,0,70,default,{},256,256,2,16,key_load,,,,,,,,,,,,,,phase,,,true,,,Winterfell exposes transparent trace/AIR proofing; no trusted setup or KZG commitment phase,,measured,Winterfell transparent STARK pilot; matched vector only,measurement,true,false,unsupported,{},,,,,,
a5225af2-2fee-4610-bb14-bafc3424d6df,2026-08-09T03:32:21.830946+00:00,C7-TRANSPARENT-STARK,winterfell-stark-pilot-v1,controlled_kernel,winterfell-0.13.1-f128,045609f7c669d9c8addd833c007ceab666099814,294bad57ed211ce5f668890c93845dca664b6897d4ff1a7011a5c837b0436472,1213950666027706562,0,70,default,{},256,256,2,16,msm,,,,,,,,,,,,,,phase,,,true,,,Winterfell exposes transparent trace/AIR proofing; no trusted setup or KZG commitment phase,,measured,Winterfell transparent STARK pilot; matched vector only,measurement,true,false,unsupported,{},,,,,,
a5225af2-2fee-4610-bb14-bafc3424d6df,2026-08-09T03:32:21.830958+00:00,C7-TRANSPARENT-STARK,winterfell-stark-pilot-v1,controlled_kernel,winterfell-0.13.1-f128,045609f7c669d9c8addd833c007ceab666099814,294bad57ed211ce5f668890c93845dca664b6897d4ff1a7011a5c837b0436472,1213950666027706562,0,70,default,{},256,256,2,16,fft_ntt,,,,,,,,,,,,,,phase,,,true,,,Winterfell exposes transparent trace/AIR proofing; no trusted setup or KZG commitment phase,,measured,Winterfell transparent STARK pilot; matched vector only,measurement,true,false,unsupported,{},,,,,,
a5225af2-2fee-4610-bb14-bafc3424d6df,2026-08-09T03:32:21.830970+00:00,C7-TRANSPARENT-STARK,winterfell-stark-pilot-v1,controlled_kernel,winterfell-0.13.1-f128,045609f7c669d9c8addd833c007ceab666099814,294bad57ed211ce5f668890c93845dca664b6897d4ff1a7011a5c837b0436472,1213950666027706562,0,70,default,{},256,256,2,16,prove_total,10.041727,,,,,,,,,,,,,phase,,,true,,,,,measured,Winterfell transparent STARK pilot; matched vector only,measurement,true,true,ok,"{""trace_rows"":256.0}",,,,,,
a5225af2-2fee-4610-bb14-bafc3424d6df,2026-08-09T03:32:21.830984+00:00,C7-TRANSPARENT-STARK,winterfell-stark-pilot-v1,controlled_kernel,winterfell-0.13.1-f128,045609f7c669d9c8addd833c007ceab666099814,294bad57ed211ce5f668890c93845dca664b6897d4ff1a7011a5c837b0436472,1213950666027706562,0,70,default,{},256,256,2,16,serialize,0.007914,,,,,,,,,,,,,phase,,,true,,,,,measured,Winterfell transparent STARK pilot; matched vector only,measurement,true,true,ok,"{""proof_bytes"":19082.0}",,,,,,
a5225af2-2fee-4610-bb14-bafc3424d6df,2026-08-09T03:32:21.830998+00:00,C7-TRANSPARENT-STARK,winterfell-stark-pilot-v1,controlled_kernel,winterfell-0.13.1-f128,045609f7c669d9c8addd833c007ceab666099814,294bad57ed211ce5f668890c93845dca664b6897d4ff1a7011a5c837b0436472,1213950666027706562,0,70,default,{},256,256,2,16,deserialize,0.013244,,,,,,,,,,,,,phase,,,true,,,,,measured,Winterfell transparent STARK pilot; matched vector only,measurement,true,true,ok,"{""proof_bytes"":19082.0}",,,,,,
a5225af2-2fee-4610-bb14-bafc3424d6df,2026-08-09T03:32:21.831011+00:00,C7-TRANSPARENT-STARK,winterfell-stark-pilot-v1,controlled_kernel,winterfell-0.13.1-f128,045609f7c669d9c8addd833c007ceab666099814,294bad57ed211ce5f668890c93845dca664b6897d4ff1a7011a5c837b0436472,1213950666027706562,0,70,default,{},256,256,2,16,verify_total,0.831187,,,,,,,,,,,,,phase,,,true,,,,,measured,Winterfell transparent STARK pilot; matched vector only,measurement,true,true,ok,"{""trace_rows"":256.0}",,,,,,
a5225af2-2fee-4610-bb14-bafc3424d6df,2026-08-09T03:32:21.831023+00:00,C7-TRANSPARENT-STARK,winterfell-stark-pilot-v1,controlled_kernel,winterfell-0.13.1-f128,045609f7c669d9c8addd833c007ceab666099814,294bad57ed211ce5f668890c93845dca664b6897d4ff1a7011a5c837b0436472,1213950666027706562,0,70,default,{},256,256,2,16,adapter_process_wall,71.047785,10.000000,4.839844,19082,true,0,,398,956,,,,linux-procfs,process,,,true,,,"private commit and per-process swap I/O are unavailable; VmSwap reports allocation, not swap traffic; No documented hardware or OS energy counter is configured in WSL2",,measured,Winterfell transparent STARK pilot; matched vector only,measurement,true,true,ok,{},2,3,2,transition_constraints,5.0,13
29ec65d7-9f2c-4056-9651-c33be97e4d62,2026-08-09T03:32:21.901650+00:00,C7-TRANSPARENT-STARK,winterfell-stark-pilot-v1,controlled_kernel,winterfell-0.13.1-f128,045609f7c669d9c8addd833c007ceab666099814,294bad57ed211ce5f668890c93845dca664b6897d4ff1a7011a5c837b0436472,6596072516607906716,1,71,default,{},64,64,2,16,native_execution,0.245146,,,,,,,,,,,,,phase,,,true,,,,,measured,Winterfell transparent STARK pilot; matched vector only,measurement,true,true,ok,"{""native_work_units"":64.0}",,,,,,
29ec65d7-9f2c-4056-9651-c33be97e4d62,2026-08-09T03:32:21.901733+00:00,C7-TRANSPARENT-STARK,winterfell-stark-pilot-v1,controlled_kernel,winterfell-0.13.1-f128,045609f7c669d9c8addd833c007ceab666099814,294bad57ed211ce5f668890c93845dca664b6897d4ff1a7011a5c837b0436472,6596072516607906716,1,71,default,{},64,64,2,16,witness,0.607180,,,,,,,,,,,,,phase,,,true,,,,,measured,Winterfell transparent STARK pilot; matched vector only,measurement,true,true,ok,"{""trace_rows"":64.0,""transition_constraints"":2.0}",,,,,,
29ec65d7-9f2c-4056-9651-c33be97e4d62,2026-08-09T03:32:21.901755+00:00,C7-TRANSPARENT-STARK,winterfell-stark-pilot-v1,controlled_kernel,winterfell-0.13.1-f128,045609f7c669d9c8addd833c007ceab666099814,294bad57ed211ce5f668890c93845dca664b6897d4ff1a7011a5c837b0436472,6596072516607906716,1,71,default,{},64,64,2,16,setup_or_preprocess,,,,,,,,,,,,,,phase,,,true,,,Winterfell exposes transparent trace/AIR proofing; no trusted setup or KZG commitment phase,,measured,Winterfell transparent STARK pilot; matched vector only,measurement,true,false,unsupported,{},,,,,,
29ec65d7-9f2c-4056-9651-c33be97e4d62,2026-08-09T03:32:21.901770+00:00,C7-TRANSPARENT-STARK,winterfell-stark-pilot-v1,controlled_kernel,winterfell-0.13.1-f128,045609f7c669d9c8addd833c007ceab666099814,294bad57ed211ce5f668890c93845dca664b6897d4ff1a7011a5c837b0436472,6596072516607906716,1,71,default,{},64,64,2,16,key_load,,,,,,,,,,,,,,phase,,,true,,,Winterfell exposes transparent trace/AIR proofing; no trusted setup or KZG commitment phase,,measured,Winterfell transparent STARK pilot; matched vector only,measurement,true,false,unsupported,{},,,,,,
29ec65d7-9f2c-4056-9651-c33be97e4d62,2026-08-09T03:32:21.901783+00:00,C7-TRANSPARENT-STARK,winterfell-stark-pilot-v1,controlled_kernel,winterfell-0.13.1-f128,045609f7c669d9c8addd833c007ceab666099814,294bad57ed211ce5f668890c93845dca664b6897d4ff1a7011a5c837b0436472,6596072516607906716,1,71,default,{},64,64,2,16,msm,,,,,,,,,,,,,,phase,,,true,,,Winterfell exposes transparent trace/AIR proofing; no trusted setup or KZG commitment phase,,measured,Winterfell transparent STARK pilot; matched vector only,measurement,true,false,unsupported,{},,,,,,
29ec65d7-9f2c-4056-9651-c33be97e4d62,2026-08-09T03:32:21.901795+00:00,C7-TRANSPARENT-STARK,winterfell-stark-pilot-v1,controlled_kernel,winterfell-0.13.1-f128,045609f7c669d9c8addd833c007ceab666099814,294bad57ed211ce5f668890c93845dca664b6897d4ff1a7011a5c837b0436472,6596072516607906716,1,71,default,{},64,64,2,16,fft_ntt,,,,,,,,,,,,,,phase,,,true,,,Winterfell exposes transparent trace/AIR proofing; no trusted setup or KZG commitment phase,,measured,Winterfell transparent STARK pilot; matched vector only,measurement,true,false,unsupported,{},,,,,,
29ec65d7-9f2c-4056-9651-c33be97e4d62,2026-08-09T03:32:21.901815+00:00,C7-TRANSPARENT-STARK,winterfell-stark-pilot-v1,controlled_kernel,winterfell-0.13.1-f128,045609f7c669d9c8addd833c007ceab666099814,294bad57ed211ce5f668890c93845dca664b6897d4ff1a7011a5c837b0436472,6596072516607906716,1,71,default,{},64,64,2,16,prove_total,8.330083,,,,,,,,,,,,,phase,,,true,,,,,measured,Winterfell transparent STARK pilot; matched vector only,measurement,true,true,ok,"{""trace_rows"":64.0}",,,,,,
29ec65d7-9f2c-4056-9651-c33be97e4d62,2026-08-09T03:32:21.901829+00:00,C7-TRANSPARENT-STARK,winterfell-stark-pilot-v1,controlled_kernel,winterfell-0.13.1-f128,045609f7c669d9c8addd833c007ceab666099814,294bad57ed211ce5f668890c93845dca664b6897d4ff1a7011a5c837b0436472,6596072516607906716,1,71,default,{},64,64,2,16,serialize,0.007995,,,,,,,,,,,,,phase,,,true,,,,,measured,Winterfell transparent STARK pilot; matched vector only,measurement,true,true,ok,"{""proof_bytes"":12861.0}",,,,,,
29ec65d7-9f2c-4056-9651-c33be97e4d62,2026-08-09T03:32:21.901842+00:00,C7-TRANSPARENT-STARK,winterfell-stark-pilot-v1,controlled_kernel,winterfell-0.13.1-f128,045609f7c669d9c8addd833c007ceab666099814,294bad57ed211ce5f668890c93845dca664b6897d4ff1a7011a5c837b0436472,6596072516607906716,1,71,default,{},64,64,2,16,deserialize,0.010439,,,,,,,,,,,,,phase,,,true,,,,,measured,Winterfell transparent STARK pilot; matched vector only,measurement,true,true,ok,"{""proof_bytes"":12861.0}",,,,,,
29ec65d7-9f2c-4056-9651-c33be97e4d62,2026-08-09T03:32:21.901855+00:00,C7-TRANSPARENT-STARK,winterfell-stark-pilot-v1,controlled_kernel,winterfell-0.13.1-f128,045609f7c669d9c8addd833c007ceab666099814,294bad57ed211ce5f668890c93845dca664b6897d4ff1a7011a5c837b0436472,6596072516607906716,1,71,default,{},64,64,2,16,verify_total,0.892200,,,,,,,,,,,,,phase,,,true,,,,,measured,Winterfell transparent STARK pilot; matched vector only,measurement,true,true,ok,"{""trace_rows"":64.0}",,,,,,
29ec65d7-9f2c-4056-9651-c33be97e4d62,2026-08-09T03:32:21.901868+00:00,C7-TRANSPARENT-STARK,winterfell-stark-pilot-v1,controlled_kernel,winterfell-0.13.1-f128,045609f7c669d9c8addd833c007ceab666099814,294bad57ed211ce5f668890c93845dca664b6897d4ff1a7011a5c837b0436472,6596072516607906716,1,71,default,{},64,64,2,16,adapter_process_wall,69.858169,10.000000,4.277344,12861,true,0,,232,956,,,,linux-procfs,process,,,true,,,"private commit and per-process swap I/O are unavailable; VmSwap reports allocation, not swap traffic; No documented hardware or OS energy counter is configured in WSL2",,measured,Winterfell transparent STARK pilot; matched vector only,measurement,true,true,ok,{},2,3,2,transition_constraints,5.0,13
97792b0e-488c-44eb-9112-067833aa6278,2026-08-09T03:32:21.980626+00:00,C7-TRANSPARENT-STARK,winterfell-stark-pilot-v1,controlled_kernel,winterfell-0.13.1-f128,045609f7c669d9c8addd833c007ceab666099814,294bad57ed211ce5f668890c93845dca664b6897d4ff1a7011a5c837b0436472,3656314481983124716,0,72,default,{},1024,1024,4,16,native_execution,0.220104,,,,,,,,,,,,,phase,,,true,,,,,measured,Winterfell transparent STARK pilot; matched vector only,measurement,true,true,ok,"{""native_work_units"":1024.0}",,,,,,
97792b0e-488c-44eb-9112-067833aa6278,2026-08-09T03:32:21.980729+00:00,C7-TRANSPARENT-STARK,winterfell-stark-pilot-v1,controlled_kernel,winterfell-0.13.1-f128,045609f7c669d9c8addd833c007ceab666099814,294bad57ed211ce5f668890c93845dca664b6897d4ff1a7011a5c837b0436472,3656314481983124716,0,72,default,{},1024,1024,4,16,witness,0.560053,,,,,,,,,,,,,phase,,,true,,,,,measured,Winterfell transparent STARK pilot; matched vector only,measurement,true,true,ok,"{""trace_rows"":1024.0,""transition_constraints"":2.0}",,,,,,
97792b0e-488c-44eb-9112-067833aa6278,2026-08-09T03:32:21.980752+00:00,C7-TRANSPARENT-STARK,winterfell-stark-pilot-v1,controlled_kernel,winterfell-0.13.1-f128,045609f7c669d9c8addd833c007ceab666099814,294bad57ed211ce5f668890c93845dca664b6897d4ff1a7011a5c837b0436472,3656314481983124716,0,72,default,{},1024,1024,4,16,setup_or_preprocess,,,,,,,,,,,,,,phase,,,true,,,Winterfell exposes transparent trace/AIR proofing; no trusted setup or KZG commitment phase,,measured,Winterfell transparent STARK pilot; matched vector only,measurement,true,false,unsupported,{},,,,,,
97792b0e-488c-44eb-9112-067833aa6278,2026-08-09T03:32:21.980767+00:00,C7-TRANSPARENT-STARK,winterfell-stark-pilot-v1,controlled_kernel,winterfell-0.13.1-f128,045609f7c669d9c8addd833c007ceab666099814,294bad57ed211ce5f668890c93845dca664b6897d4ff1a7011a5c837b0436472,3656314481983124716,0,72,default,{},1024,1024,4,16,key_load,,,,,,,,,,,,,,phase,,,true,,,Winterfell exposes transparent trace/AIR proofing; no trusted setup or KZG commitment phase,,measured,Winterfell transparent STARK pilot; matched vector only,measurement,true,false,unsupported,{},,,,,,
97792b0e-488c-44eb-9112-067833aa6278,2026-08-09T03:32:21.980781+00:00,C7-TRANSPARENT-STARK,winterfell-stark-pilot-v1,controlled_kernel,winterfell-0.13.1-f128,045609f7c669d9c8addd833c007ceab666099814,294bad57ed211ce5f668890c93845dca664b6897d4ff1a7011a5c837b0436472,3656314481983124716,0,72,default,{},1024,1024,4,16,msm,,,,,,,,,,,,,,phase,,,true,,,Winterfell exposes transparent trace/AIR proofing; no trusted setup or KZG commitment phase,,measured,Winterfell transparent STARK pilot; matched vector only,measurement,true,false,unsupported,{},,,,,,
97792b0e-488c-44eb-9112-067833aa6278,2026-08-09T03:32:21.980794+00:00,C7-TRANSPARENT-STARK,winterfell-stark-pilot-v1,controlled_kernel,winterfell-0.13.1-f128,045609f7c669d9c8addd833c007ceab666099814,294bad57ed211ce5f668890c93845dca664b6897d4ff1a7011a5c837b0436472,3656314481983124716,0,72,default,{},1024,1024,4,16,fft_ntt,,,,,,,,,,,,,,phase,,,true,,,Winterfell exposes transparent trace/AIR proofing; no trusted setup or KZG commitment phase,,measured,Winterfell transparent STARK pilot; matched vector only,measurement,true,false,unsupported,{},,,,,,
97792b0e-488c-44eb-9112-067833aa6278,2026-08-09T03:32:21.980808+00:00,C7-TRANSPARENT-STARK,winterfell-stark-pilot-v1,controlled_kernel,winterfell-0.13.1-f128,045609f7c669d9c8addd833c007ceab666099814,294bad57ed211ce5f668890c93845dca664b6897d4ff1a7011a5c837b0436472,3656314481983124716,0,72,default,{},1024,1024,4,16,prove_total,15.918315,,,,,,,,,,,,,phase,,,true,,,,,measured,Winterfell transparent STARK pilot; matched vector only,measurement,true,true,ok,"{""trace_rows"":1024.0}",,,,,,
97792b0e-488c-44eb-9112-067833aa6278,2026-08-09T03:32:21.980822+00:00,C7-TRANSPARENT-STARK,winterfell-stark-pilot-v1,controlled_kernel,winterfell-0.13.1-f128,045609f7c669d9c8addd833c007ceab666099814,294bad57ed211ce5f668890c93845dca664b6897d4ff1a7011a5c837b0436472,3656314481983124716,0,72,default,{},1024,1024,4,16,serialize,0.019326,,,,,,,,,,,,,phase,,,true,,,,,measured,Winterfell transparent STARK pilot; matched vector only,measurement,true,true,ok,"{""proof_bytes"":30002.0}",,,,,,
97792b0e-488c-44eb-9112-067833aa6278,2026-08-09T03:32:21.980836+00:00,C7-TRANSPARENT-STARK,winterfell-stark-pilot-v1,controlled_kernel,winterfell-0.13.1-f128,045609f7c669d9c8addd833c007ceab666099814,294bad57ed211ce5f668890c93845dca664b6897d4ff1a7011a5c837b0436472,3656314481983124716,0,72,default,{},1024,1024,4,16,deserialize,0.020869,,,,,,,,,,,,,phase,,,true,,,,,measured,Winterfell transparent STARK pilot; matched vector only,measurement,true,true,ok,"{""proof_bytes"":30002.0}",,,,,,
97792b0e-488c-44eb-9112-067833aa6278,2026-08-09T03:32:21.980849+00:00,C7-TRANSPARENT-STARK,winterfell-stark-pilot-v1,controlled_kernel,winterfell-0.13.1-f128,045609f7c669d9c8addd833c007ceab666099814,294bad57ed211ce5f668890c93845dca664b6897d4ff1a7011a5c837b0436472,3656314481983124716,0,72,default,{},1024,1024,4,16,verify_total,1.007557,,,,,,,,,,,,,phase,,,true,,,,,measured,Winterfell transparent STARK pilot; matched vector only,measurement,true,true,ok,"{""trace_rows"":1024.0}",,,,,,
97792b0e-488c-44eb-9112-067833aa6278,2026-08-09T03:32:21.980863+00:00,C7-TRANSPARENT-STARK,winterfell-stark-pilot-v1,controlled_kernel,winterfell-0.13.1-f128,045609f7c669d9c8addd833c007ceab666099814,294bad57ed211ce5f668890c93845dca664b6897d4ff1a7011a5c837b0436472,3656314481983124716,0,72,default,{},1024,1024,4,16,adapter_process_wall,77.856063,20.000000,7.429688,30002,true,0,,1088,956,,,,linux-procfs,process,,,true,,,"private commit and per-process swap I/O are unavailable; VmSwap reports allocation, not swap traffic; No documented hardware or OS energy counter is configured in WSL2",,measured,Winterfell transparent STARK pilot; matched vector only,measurement,true,true,ok,{},2,3,2,transition_constraints,5.0,14
b14b2fd3-6ee8-480c-9e2a-f1cc984bc79c,2026-08-09T03:32:22.052646+00:00,C7-TRANSPARENT-STARK,winterfell-stark-pilot-v1,controlled_kernel,winterfell-0.13.1-f128,045609f7c669d9c8addd833c007ceab666099814,294bad57ed211ce5f668890c93845dca664b6897d4ff1a7011a5c837b0436472,8131091611744098191,0,73,default,{},256,256,4,16,native_execution,0.230424,,,,,,,,,,,,,phase,,,true,wrong_public_input,,,,measured,Winterfell transparent STARK pilot; matched vector only,measurement,true,true,ok,"{""native_work_units"":256.0}",,,,,,
b14b2fd3-6ee8-480c-9e2a-f1cc984bc79c,2026-08-09T03:32:22.052746+00:00,C7-TRANSPARENT-STARK,winterfell-stark-pilot-v1,controlled_kernel,winterfell-0.13.1-f128,045609f7c669d9c8addd833c007ceab666099814,294bad57ed211ce5f668890c93845dca664b6897d4ff1a7011a5c837b0436472,8131091611744098191,0,73,default,{},256,256,4,16,witness,0.525625,,,,,,,,,,,,,phase,,,true,wrong_public_input,,,,measured,Winterfell transparent STARK pilot; matched vector only,measurement,true,true,ok,"{""trace_rows"":256.0,""transition_constraints"":2.0}",,,,,,
b14b2fd3-6ee8-480c-9e2a-f1cc984bc79c,2026-08-09T03:32:22.052769+00:00,C7-TRANSPARENT-STARK,winterfell-stark-pilot-v1,controlled_kernel,winterfell-0.13.1-f128,045609f7c669d9c8addd833c007ceab666099814,294bad57ed211ce5f668890c93845dca664b6897d4ff1a7011a5c837b0436472,8131091611744098191,0,73,default,{},256,256,4,16,setup_or_preprocess,,,,,,,,,,,,,,phase,,,true,wrong_public_input,,Winterfell exposes transparent trace/AIR proofing; no trusted setup or KZG commitment phase,,measured,Winterfell transparent STARK pilot; matched vector only,measurement,true,false,unsupported,{},,,,,,
b14b2fd3-6ee8-480c-9e2a-f1cc984bc79c,2026-08-09T03:32:22.052784+00:00,C7-TRANSPARENT-STARK,winterfell-stark-pilot-v1,controlled_kernel,winterfell-0.13.1-f128,045609f7c669d9c8addd833c007ceab666099814,294bad57ed211ce5f668890c93845dca664b6897d4ff1a7011a5c837b0436472,8131091611744098191,0,73,default,{},256,256,4,16,key_load,,,,,,,,,,,,,,phase,,,true,wrong_public_input,,Winterfell exposes transparent trace/AIR proofing; no trusted setup or KZG commitment phase,,measured,Winterfell transparent STARK pilot; matched vector only,measurement,true,false,unsupported,{},,,,,,
b14b2fd3-6ee8-480c-9e2a-f1cc984bc79c,2026-08-09T03:32:22.052798+00:00,C7-TRANSPARENT-STARK,winterfell-stark-pilot-v1,controlled_kernel,winterfell-0.13.1-f128,045609f7c669d9c8addd833c007ceab666099814,294bad57ed211ce5f668890c93845dca664b6897d4ff1a7011a5c837b0436472,8131091611744098191,0,73,default,{},256,256,4,16,msm,,,,,,,,,,,,,,phase,,,true,wrong_public_input,,Winterfell exposes transparent trace/AIR proofing; no trusted setup or KZG commitment phase,,measured,Winterfell transparent STARK pilot; matched vector only,measurement,true,false,unsupported,{},,,,,,
b14b2fd3-6ee8-480c-9e2a-f1cc984bc79c,2026-08-09T03:32:22.052810+00:00,C7-TRANSPARENT-STARK,winterfell-stark-pilot-v1,controlled_kernel,winterfell-0.13.1-f128,045609f7c669d9c8addd833c007ceab666099814,294bad57ed211ce5f668890c93845dca664b6897d4ff1a7011a5c837b0436472,8131091611744098191,0,73,default,{},256,256,4,16,fft_ntt,,,,,,,,,,,,,,phase,,,true,wrong_public_input,,Winterfell exposes transparent trace/AIR proofing; no trusted setup or KZG commitment phase,,measured,Winterfell transparent STARK pilot; matched vector only,measurement,true,false,unsupported,{},,,,,,
b14b2fd3-6ee8-480c-9e2a-f1cc984bc79c,2026-08-09T03:32:22.052823+00:00,C7-TRANSPARENT-STARK,winterfell-stark-pilot-v1,controlled_kernel,winterfell-0.13.1-f128,045609f7c669d9c8addd833c007ceab666099814,294bad57ed211ce5f668890c93845dca664b6897d4ff1a7011a5c837b0436472,8131091611744098191,0,73,default,{},256,256,4,16,prove_total,11.899127,,,,,,,,,,,,,phase,,,true,wrong_public_input,,,,measured,Winterfell transparent STARK pilot; matched vector only,measurement,true,true,ok,"{""trace_rows"":256.0}",,,,,,
b14b2fd3-6ee8-480c-9e2a-f1cc984bc79c,2026-08-09T03:32:22.052836+00:00,C7-TRANSPARENT-STARK,winterfell-stark-pilot-v1,controlled_kernel,winterfell-0.13.1-f128,045609f7c669d9c8addd833c007ceab666099814,294bad57ed211ce5f668890c93845dca664b6897d4ff1a7011a5c837b0436472,8131091611744098191,0,73,default,{},256,256,4,16,serialize,0.008566,,,,,,,,,,,,,phase,,,true,wrong_public_input,,,,measured,Winterfell transparent STARK pilot; matched vector only,measurement,true,true,ok,"{""proof_bytes"":19076.0}",,,,,,
b14b2fd3-6ee8-480c-9e2a-f1cc984bc79c,2026-08-09T03:32:22.052850+00:00,C7-TRANSPARENT-STARK,winterfell-stark-pilot-v1,controlled_kernel,winterfell-0.13.1-f128,045609f7c669d9c8addd833c007ceab666099814,294bad57ed211ce5f668890c93845dca664b6897d4ff1a7011a5c837b0436472,8131091611744098191,0,73,default,{},256,256,4,16,deserialize,0.014387,,,,,,,,,,,,,phase,,,true,wrong_public_input,,,,measured,Winterfell transparent STARK pilot; matched vector only,measurement,true,true,ok,"{""proof_bytes"":19076.0}",,,,,,
b14b2fd3-6ee8-480c-9e2a-f1cc984bc79c,2026-08-09T03:32:22.052863+00:00,C7-TRANSPARENT-STARK,winterfell-stark-pilot-v1,controlled_kernel,winterfell-0.13.1-f128,045609f7c669d9c8addd833c007ceab666099814,294bad57ed211ce5f668890c93845dca664b6897d4ff1a7011a5c837b0436472,8131091611744098191,0,73,default,{},256,256,4,16,verify_total,0.475826,,,,,,,,,,,,,phase,,,true,wrong_public_input,,,,measured,Winterfell transparent STARK pilot; matched vector only,measurement,true,true,ok,"{""trace_rows"":256.0}",,,,,,
b14b2fd3-6ee8-480c-9e2a-f1cc984bc79c,2026-08-09T03:32:22.052876+00:00,C7-TRANSPARENT-STARK,winterfell-stark-pilot-v1,controlled_kernel,winterfell-0.13.1-f128,045609f7c669d9c8addd833c007ceab666099814,294bad57ed211ce5f668890c93845dca664b6897d4ff1a7011a5c837b0436472,8131091611744098191,0,73,default,{},256,256,4,16,invalid_reject,0.475826,,,,,,,,,,,,,phase,,,true,wrong_public_input,,,,measured,Winterfell transparent STARK pilot; matched vector only,measurement,true,true,ok,"{""trace_rows"":256.0}",,,,,,
b14b2fd3-6ee8-480c-9e2a-f1cc984bc79c,2026-08-09T03:32:22.052889+00:00,C7-TRANSPARENT-STARK,winterfell-stark-pilot-v1,controlled_kernel,winterfell-0.13.1-f128,045609f7c669d9c8addd833c007ceab666099814,294bad57ed211ce5f668890c93845dca664b6897d4ff1a7011a5c837b0436472,8131091611744098191,0,73,default,{},256,256,4,16,adapter_process_wall,70.704621,20.000000,4.820312,19076,false,0,cryptographic_rejection,415,956,,,,linux-procfs,process,,,true,wrong_public_input,,"private commit and per-process swap I/O are unavailable; VmSwap reports allocation, not swap traffic; No documented hardware or OS energy counter is configured in WSL2",,measured,Winterfell transparent STARK pilot; matched vector only,measurement,true,true,ok,{},2,3,2,transition_constraints,5.0,13
e65c5cdd-df41-442c-88d1-b925d3525477,2026-08-09T03:32:22.124288+00:00,C7-TRANSPARENT-STARK,winterfell-stark-pilot-v1,controlled_kernel,winterfell-0.13.1-f128,045609f7c669d9c8addd833c007ceab666099814,294bad57ed211ce5f668890c93845dca664b6897d4ff1a7011a5c837b0436472,1065168262270107671,2,74,default,{},64,64,2,16,native_execution,0.262784,,,,,,,,,,,,,phase,,,true,,,,,measured,Winterfell transparent STARK pilot; matched vector only,measurement,true,true,ok,"{""native_work_units"":64.0}",,,,,,
e65c5cdd-df41-442c-88d1-b925d3525477,2026-08-09T03:32:22.124349+00:00,C7-TRANSPARENT-STARK,winterfell-stark-pilot-v1,controlled_kernel,winterfell-0.13.1-f128,045609f7c669d9c8addd833c007ceab666099814,294bad57ed211ce5f668890c93845dca664b6897d4ff1a7011a5c837b0436472,1065168262270107671,2,74,default,{},64,64,2,16,witness,0.581502,,,,,,,,,,,,,phase,,,true,,,,,measured,Winterfell transparent STARK pilot; matched vector only,measurement,true,true,ok,"{""trace_rows"":64.0,""transition_constraints"":2.0}",,,,,,
e65c5cdd-df41-442c-88d1-b925d3525477,2026-08-09T03:32:22.124370+00:00,C7-TRANSPARENT-STARK,winterfell-stark-pilot-v1,controlled_kernel,winterfell-0.13.1-f128,045609f7c669d9c8addd833c007ceab666099814,294bad57ed211ce5f668890c93845dca664b6897d4ff1a7011a5c837b0436472,1065168262270107671,2,74,default,{},64,64,2,16,setup_or_preprocess,,,,,,,,,,,,,,phase,,,true,,,Winterfell exposes transparent trace/AIR proofing; no trusted setup or KZG commitment phase,,measured,Winterfell transparent STARK pilot; matched vector only,measurement,true,false,unsupported,{},,,,,,
e65c5cdd-df41-442c-88d1-b925d3525477,2026-08-09T03:32:22.124385+00:00,C7-TRANSPARENT-STARK,winterfell-stark-pilot-v1,controlled_kernel,winterfell-0.13.1-f128,045609f7c669d9c8addd833c007ceab666099814,294bad57ed211ce5f668890c93845dca664b6897d4ff1a7011a5c837b0436472,1065168262270107671,2,74,default,{},64,64,2,16,key_load,,,,,,,,,,,,,,phase,,,true,,,Winterfell exposes transparent trace/AIR proofing; no trusted setup or KZG commitment phase,,measured,Winterfell transparent STARK pilot; matched vector only,measurement,true,false,unsupported,{},,,,,,
e65c5cdd-df41-442c-88d1-b925d3525477,2026-08-09T03:32:22.124398+00:00,C7-TRANSPARENT-STARK,winterfell-stark-pilot-v1,controlled_kernel,winterfell-0.13.1-f128,045609f7c669d9c8addd833c007ceab666099814,294bad57ed211ce5f668890c93845dca664b6897d4ff1a7011a5c837b0436472,1065168262270107671,2,74,default,{},64,64,2,16,msm,,,,,,,,,,,,,,phase,,,true,,,Winterfell exposes transparent trace/AIR proofing; no trusted setup or KZG commitment phase,,measured,Winterfell transparent STARK pilot; matched vector only,measurement,true,false,unsupported,{},,,,,,
e65c5cdd-df41-442c-88d1-b925d3525477,2026-08-09T03:32:22.124410+00:00,C7-TRANSPARENT-STARK,winterfell-stark-pilot-v1,controlled_kernel,winterfell-0.13.1-f128,045609f7c669d9c8addd833c007ceab666099814,294bad57ed211ce5f668890c93845dca664b6897d4ff1a7011a5c837b0436472,1065168262270107671,2,74,default,{},64,64,2,16,fft_ntt,,,,,,,,,,,,,,phase,,,true,,,Winterfell exposes transparent trace/AIR proofing; no trusted setup or KZG commitment phase,,measured,Winterfell transparent STARK pilot; matched vector only,measurement,true,false,unsupported,{},,,,,,
e65c5cdd-df41-442c-88d1-b925d3525477,2026-08-09T03:32:22.124423+00:00,C7-TRANSPARENT-STARK,winterfell-stark-pilot-v1,controlled_kernel,winterfell-0.13.1-f128,045609f7c669d9c8addd833c007ceab666099814,294bad57ed211ce5f668890c93845dca664b6897d4ff1a7011a5c837b0436472,1065168262270107671,2,74,default,{},64,64,2,16,prove_total,7.513121,,,,,,,,,,,,,phase,,,true,,,,,measured,Winterfell transparent STARK pilot; matched vector only,measurement,true,true,ok,"{""trace_rows"":64.0}",,,,,,
e65c5cdd-df41-442c-88d1-b925d3525477,2026-08-09T03:32:22.124436+00:00,C7-TRANSPARENT-STARK,winterfell-stark-pilot-v1,controlled_kernel,winterfell-0.13.1-f128,045609f7c669d9c8addd833c007ceab666099814,294bad57ed211ce5f668890c93845dca664b6897d4ff1a7011a5c837b0436472,1065168262270107671,2,74,default,{},64,64,2,16,serialize,0.010910,,,,,,,,,,,,,phase,,,true,,,,,measured,Winterfell transparent STARK pilot; matched vector only,measurement,true,true,ok,"{""proof_bytes"":12800.0}",,,,,,
e65c5cdd-df41-442c-88d1-b925d3525477,2026-08-09T03:32:22.124449+00:00,C7-TRANSPARENT-STARK,winterfell-stark-pilot-v1,controlled_kernel,winterfell-0.13.1-f128,045609f7c669d9c8addd833c007ceab666099814,294bad57ed211ce5f668890c93845dca664b6897d4ff1a7011a5c837b0436472,1065168262270107671,2,74,default,{},64,64,2,16,deserialize,0.011371,,,,,,,,,,,,,phase,,,true,,,,,measured,Winterfell transparent STARK pilot; matched vector only,measurement,true,true,ok,"{""proof_bytes"":12800.0}",,,,,,
e65c5cdd-df41-442c-88d1-b925d3525477,2026-08-09T03:32:22.124462+00:00,C7-TRANSPARENT-STARK,winterfell-stark-pilot-v1,controlled_kernel,winterfell-0.13.1-f128,045609f7c669d9c8addd833c007ceab666099814,294bad57ed211ce5f668890c93845dca664b6897d4ff1a7011a5c837b0436472,1065168262270107671,2,74,default,{},64,64,2,16,verify_total,0.747372,,,,,,,,,,,,,phase,,,true,,,,,measured,Winterfell transparent STARK pilot; matched vector only,measurement,true,true,ok,"{""trace_rows"":64.0}",,,,,,
e65c5cdd-df41-442c-88d1-b925d3525477,2026-08-09T03:32:22.124502+00:00,C7-TRANSPARENT-STARK,winterfell-stark-pilot-v1,controlled_kernel,winterfell-0.13.1-f128,045609f7c669d9c8addd833c007ceab666099814,294bad57ed211ce5f668890c93845dca664b6897d4ff1a7011a5c837b0436472,1065168262270107671,2,74,default,{},64,64,2,16,adapter_process_wall,70.442394,,4.210938,12800,true,0,,232,956,,,,linux-procfs,process,,,true,,,"private commit and per-process swap I/O are unavailable; VmSwap reports allocation, not swap traffic; No documented hardware or OS energy counter is configured in WSL2",,measured,Winterfell transparent STARK pilot; matched vector only,measurement,true,true,ok,{},2,3,2,transition_constraints,5.0,13
c9228e2e-3430-4a27-a357-931d8350d4f4,2026-08-09T03:32:22.197940+00:00,C7-TRANSPARENT-STARK,winterfell-stark-pilot-v1,controlled_kernel,winterfell-0.13.1-f128,045609f7c669d9c8addd833c007ceab666099814,294bad57ed211ce5f668890c93845dca664b6897d4ff1a7011a5c837b0436472,5842808495853114121,0,75,default,{},64,64,4,16,native_execution,0.228556,,,,,,,,,,,,,phase,,,true,wrong_public_input,,,,measured,Winterfell transparent STARK pilot; matched vector only,measurement,true,true,ok,"{""native_work_units"":64.0}",,,,,,
c9228e2e-3430-4a27-a357-931d8350d4f4,2026-08-09T03:32:22.198057+00:00,C7-TRANSPARENT-STARK,winterfell-stark-pilot-v1,controlled_kernel,winterfell-0.13.1-f128,045609f7c669d9c8addd833c007ceab666099814,294bad57ed211ce5f668890c93845dca664b6897d4ff1a7011a5c837b0436472,5842808495853114121,0,75,default,{},64,64,4,16,witness,0.505506,,,,,,,,,,,,,phase,,,true,wrong_public_input,,,,measured,Winterfell transparent STARK pilot; matched vector only,measurement,true,true,ok,"{""trace_rows"":64.0,""transition_constraints"":2.0}",,,,,,
c9228e2e-3430-4a27-a357-931d8350d4f4,2026-08-09T03:32:22.198079+00:00,C7-TRANSPARENT-STARK,winterfell-stark-pilot-v1,controlled_kernel,winterfell-0.13.1-f128,045609f7c669d9c8addd833c007ceab666099814,294bad57ed211ce5f668890c93845dca664b6897d4ff1a7011a5c837b0436472,5842808495853114121,0,75,default,{},64,64,4,16,setup_or_preprocess,,,,,,,,,,,,,,phase,,,true,wrong_public_input,,Winterfell exposes transparent trace/AIR proofing; no trusted setup or KZG commitment phase,,measured,Winterfell transparent STARK pilot; matched vector only,measurement,true,false,unsupported,{},,,,,,
c9228e2e-3430-4a27-a357-931d8350d4f4,2026-08-09T03:32:22.198094+00:00,C7-TRANSPARENT-STARK,winterfell-stark-pilot-v1,controlled_kernel,winterfell-0.13.1-f128,045609f7c669d9c8addd833c007ceab666099814,294bad57ed211ce5f668890c93845dca664b6897d4ff1a7011a5c837b0436472,5842808495853114121,0,75,default,{},64,64,4,16,key_load,,,,,,,,,,,,,,phase,,,true,wrong_public_input,,Winterfell exposes transparent trace/AIR proofing; no trusted setup or KZG commitment phase,,measured,Winterfell transparent STARK pilot; matched vector only,measurement,true,false,unsupported,{},,,,,,
c9228e2e-3430-4a27-a357-931d8350d4f4,2026-08-09T03:32:22.198107+00:00,C7-TRANSPARENT-STARK,winterfell-stark-pilot-v1,controlled_kernel,winterfell-0.13.1-f128,045609f7c669d9c8addd833c007ceab666099814,294bad57ed211ce5f668890c93845dca664b6897d4ff1a7011a5c837b0436472,5842808495853114121,0,75,default,{},64,64,4,16,msm,,,,,,,,,,,,,,phase,,,true,wrong_public_input,,Winterfell exposes transparent trace/AIR proofing; no trusted setup or KZG commitment phase,,measured,Winterfell transparent STARK pilot; matched vector only,measurement,true,false,unsupported,{},,,,,,
c9228e2e-3430-4a27-a357-931d8350d4f4,2026-08-09T03:32:22.198120+00:00,C7-TRANSPARENT-STARK,winterfell-stark-pilot-v1,controlled_kernel,winterfell-0.13.1-f128,045609f7c669d9c8addd833c007ceab666099814,294bad57ed211ce5f668890c93845dca664b6897d4ff1a7011a5c837b0436472,5842808495853114121,0,75,default,{},64,64,4,16,fft_ntt,,,,,,,,,,,,,,phase,,,true,wrong_public_input,,Winterfell exposes transparent trace/AIR proofing; no trusted setup or KZG commitment phase,,measured,Winterfell transparent STARK pilot; matched vector only,measurement,true,false,unsupported,{},,,,,,
c9228e2e-3430-4a27-a357-931d8350d4f4,2026-08-09T03:32:22.198132+00:00,C7-TRANSPARENT-STARK,winterfell-stark-pilot-v1,controlled_kernel,winterfell-0.13.1-f128,045609f7c669d9c8addd833c007ceab666099814,294bad57ed211ce5f668890c93845dca664b6897d4ff1a7011a5c837b0436472,5842808495853114121,0,75,default,{},64,64,4,16,prove_total,9.834074,,,,,,,,,,,,,phase,,,true,wrong_public_input,,,,measured,Winterfell transparent STARK pilot; matched vector only,measurement,true,true,ok,"{""trace_rows"":64.0}",,,,,,
c9228e2e-3430-4a27-a357-931d8350d4f4,2026-08-09T03:32:22.198147+00:00,C7-TRANSPARENT-STARK,winterfell-stark-pilot-v1,controlled_kernel,winterfell-0.13.1-f128,045609f7c669d9c8addd833c007ceab666099814,294bad57ed211ce5f668890c93845dca664b6897d4ff1a7011a5c837b0436472,5842808495853114121,0,75,default,{},64,64,4,16,serialize,0.015679,,,,,,,,,,,,,phase,,,true,wrong_public_input,,,,measured,Winterfell transparent STARK pilot; matched vector only,measurement,true,true,ok,"{""proof_bytes"":12896.0}",,,,,,
c9228e2e-3430-4a27-a357-931d8350d4f4,2026-08-09T03:32:22.198162+00:00,C7-TRANSPARENT-STARK,winterfell-stark-pilot-v1,controlled_kernel,winterfell-0.13.1-f128,045609f7c669d9c8addd833c007ceab666099814,294bad57ed211ce5f668890c93845dca664b6897d4ff1a7011a5c837b0436472,5842808495853114121,0,75,default,{},64,64,4,16,deserialize,0.016000,,,,,,,,,,,,,phase,,,true,wrong_public_input,,,,measured,Winterfell transparent STARK pilot; matched vector only,measurement,true,true,ok,"{""proof_bytes"":12896.0}",,,,,,
c9228e2e-3430-4a27-a357-931d8350d4f4,2026-08-09T03:32:22.198175+00:00,C7-TRANSPARENT-STARK,winterfell-stark-pilot-v1,controlled_kernel,winterfell-0.13.1-f128,045609f7c669d9c8addd833c007ceab666099814,294bad57ed211ce5f668890c93845dca664b6897d4ff1a7011a5c837b0436472,5842808495853114121,0,75,default,{},64,64,4,16,verify_total,0.451460,,,,,,,,,,,,,phase,,,true,wrong_public_input,,,,measured,Winterfell transparent STARK pilot; matched vector only,measurement,true,true,ok,"{""trace_rows"":64.0}",,,,,,
c9228e2e-3430-4a27-a357-931d8350d4f4,2026-08-09T03:32:22.198188+00:00,C7-TRANSPARENT-STARK,winterfell-stark-pilot-v1,controlled_kernel,winterfell-0.13.1-f128,045609f7c669d9c8addd833c007ceab666099814,294bad57ed211ce5f668890c93845dca664b6897d4ff1a7011a5c837b0436472,5842808495853114121,0,75,default,{},64,64,4,16,invalid_reject,0.451460,,,,,,,,,,,,,phase,,,true,wrong_public_input,,,,measured,Winterfell transparent STARK pilot; matched vector only,measurement,true,true,ok,"{""trace_rows"":64.0}",,,,,,
c9228e2e-3430-4a27-a357-931d8350d4f4,2026-08-09T03:32:22.198202+00:00,C7-TRANSPARENT-STARK,winterfell-stark-pilot-v1,controlled_kernel,winterfell-0.13.1-f128,045609f7c669d9c8addd833c007ceab666099814,294bad57ed211ce5f668890c93845dca664b6897d4ff1a7011a5c837b0436472,5842808495853114121,0,75,default,{},64,64,4,16,adapter_process_wall,72.542662,10.000000,4.285156,12896,false,0,cryptographic_rejection,249,956,,,,linux-procfs,process,,,true,wrong_public_input,,"private commit and per-process swap I/O are unavailable; VmSwap reports allocation, not swap traffic; No documented hardware or OS energy counter is configured in WSL2",,measured,Winterfell transparent STARK pilot; matched vector only,measurement,true,true,ok,{},2,3,2,transition_constraints,5.0,13
0eab626b-b7c8-4ebd-8efc-2069c3c3eb30,2026-08-09T03:32:22.271657+00:00,C7-TRANSPARENT-STARK,winterfell-stark-pilot-v1,controlled_kernel,winterfell-0.13.1-f128,045609f7c669d9c8addd833c007ceab666099814,294bad57ed211ce5f668890c93845dca664b6897d4ff1a7011a5c837b0436472,4016246237073150827,1,76,default,{},256,256,1,16,native_execution,0.183382,,,,,,,,,,,,,phase,,,true,,,,,measured,Winterfell transparent STARK pilot; matched vector only,measurement,true,true,ok,"{""native_work_units"":256.0}",,,,,,
0eab626b-b7c8-4ebd-8efc-2069c3c3eb30,2026-08-09T03:32:22.271725+00:00,C7-TRANSPARENT-STARK,winterfell-stark-pilot-v1,controlled_kernel,winterfell-0.13.1-f128,045609f7c669d9c8addd833c007ceab666099814,294bad57ed211ce5f668890c93845dca664b6897d4ff1a7011a5c837b0436472,4016246237073150827,1,76,default,{},256,256,1,16,witness,0.590579,,,,,,,,,,,,,phase,,,true,,,,,measured,Winterfell transparent STARK pilot; matched vector only,measurement,true,true,ok,"{""trace_rows"":256.0,""transition_constraints"":2.0}",,,,,,
0eab626b-b7c8-4ebd-8efc-2069c3c3eb30,2026-08-09T03:32:22.271747+00:00,C7-TRANSPARENT-STARK,winterfell-stark-pilot-v1,controlled_kernel,winterfell-0.13.1-f128,045609f7c669d9c8addd833c007ceab666099814,294bad57ed211ce5f668890c93845dca664b6897d4ff1a7011a5c837b0436472,4016246237073150827,1,76,default,{},256,256,1,16,setup_or_preprocess,,,,,,,,,,,,,,phase,,,true,,,Winterfell exposes transparent trace/AIR proofing; no trusted setup or KZG commitment phase,,measured,Winterfell transparent STARK pilot; matched vector only,measurement,true,false,unsupported,{},,,,,,
0eab626b-b7c8-4ebd-8efc-2069c3c3eb30,2026-08-09T03:32:22.271761+00:00,C7-TRANSPARENT-STARK,winterfell-stark-pilot-v1,controlled_kernel,winterfell-0.13.1-f128,045609f7c669d9c8addd833c007ceab666099814,294bad57ed211ce5f668890c93845dca664b6897d4ff1a7011a5c837b0436472,4016246237073150827,1,76,default,{},256,256,1,16,key_load,,,,,,,,,,,,,,phase,,,true,,,Winterfell exposes transparent trace/AIR proofing; no trusted setup or KZG commitment phase,,measured,Winterfell transparent STARK pilot; matched vector only,measurement,true,false,unsupported,{},,,,,,
0eab626b-b7c8-4ebd-8efc-2069c3c3eb30,2026-08-09T03:32:22.271774+00:00,C7-TRANSPARENT-STARK,winterfell-stark-pilot-v1,controlled_kernel,winterfell-0.13.1-f128,045609f7c669d9c8addd833c007ceab666099814,294bad57ed211ce5f668890c93845dca664b6897d4ff1a7011a5c837b0436472,4016246237073150827,1,76,default,{},256,256,1,16,msm,,,,,,,,,,,,,,phase,,,true,,,Winterfell exposes transparent trace/AIR proofing; no trusted setup or KZG commitment phase,,measured,Winterfell transparent STARK pilot; matched vector only,measurement,true,false,unsupported,{},,,,,,
0eab626b-b7c8-4ebd-8efc-2069c3c3eb30,2026-08-09T03:32:22.271786+00:00,C7-TRANSPARENT-STARK,winterfell-stark-pilot-v1,controlled_kernel,winterfell-0.13.1-f128,045609f7c669d9c8addd833c007ceab666099814,294bad57ed211ce5f668890c93845dca664b6897d4ff1a7011a5c837b0436472,4016246237073150827,1,76,default,{},256,256,1,16,fft_ntt,,,,,,,,,,,,,,phase,,,true,,,Winterfell exposes transparent trace/AIR proofing; no trusted setup or KZG commitment phase,,measured,Winterfell transparent STARK pilot; matched vector only,measurement,true,false,unsupported,{},,,,,,
0eab626b-b7c8-4ebd-8efc-2069c3c3eb30,2026-08-09T03:32:22.271800+00:00,C7-TRANSPARENT-STARK,winterfell-stark-pilot-v1,controlled_kernel,winterfell-0.13.1-f128,045609f7c669d9c8addd833c007ceab666099814,294bad57ed211ce5f668890c93845dca664b6897d4ff1a7011a5c837b0436472,4016246237073150827,1,76,default,{},256,256,1,16,prove_total,9.863517,,,,,,,,,,,,,phase,,,true,,,,,measured,Winterfell transparent STARK pilot; matched vector only,measurement,true,true,ok,"{""trace_rows"":256.0}",,,,,,
0eab626b-b7c8-4ebd-8efc-2069c3c3eb30,2026-08-09T03:32:22.271813+00:00,C7-TRANSPARENT-STARK,winterfell-stark-pilot-v1,controlled_kernel,winterfell-0.13.1-f128,045609f7c669d9c8addd833c007ceab666099814,294bad57ed211ce5f668890c93845dca664b6897d4ff1a7011a5c837b0436472,4016246237073150827,1,76,default,{},256,256,1,16,serialize,0.009017,,,,,,,,,,,,,phase,,,true,,,,,measured,Winterfell transparent STARK pilot; matched vector only,measurement,true,true,ok,"{""proof_bytes"":18114.0}",,,,,,
0eab626b-b7c8-4ebd-8efc-2069c3c3eb30,2026-08-09T03:32:22.271827+00:00,C7-TRANSPARENT-STARK,winterfell-stark-pilot-v1,controlled_kernel,winterfell-0.13.1-f128,045609f7c669d9c8addd833c007ceab666099814,294bad57ed211ce5f668890c93845dca664b6897d4ff1a7011a5c837b0436472,4016246237073150827,1,76,default,{},256,256,1,16,deserialize,0.012723,,,,,,,,,,,,,phase,,,true,,,,,measured,Winterfell transparent STARK pilot; matched vector only,measurement,true,true,ok,"{""proof_bytes"":18114.0}",,,,,,
0eab626b-b7c8-4ebd-8efc-2069c3c3eb30,2026-08-09T03:32:22.271840+00:00,C7-TRANSPARENT-STARK,winterfell-stark-pilot-v1,controlled_kernel,winterfell-0.13.1-f128,045609f7c669d9c8addd833c007ceab666099814,294bad57ed211ce5f668890c93845dca664b6897d4ff1a7011a5c837b0436472,4016246237073150827,1,76,default,{},256,256,1,16,verify_total,0.762434,,,,,,,,,,,,,phase,,,true,,,,,measured,Winterfell transparent STARK pilot; matched vector only,measurement,true,true,ok,"{""trace_rows"":256.0}",,,,,,
0eab626b-b7c8-4ebd-8efc-2069c3c3eb30,2026-08-09T03:32:22.271853+00:00,C7-TRANSPARENT-STARK,winterfell-stark-pilot-v1,controlled_kernel,winterfell-0.13.1-f128,045609f7c669d9c8addd833c007ceab666099814,294bad57ed211ce5f668890c93845dca664b6897d4ff1a7011a5c837b0436472,4016246237073150827,1,76,default,{},256,256,1,16,adapter_process_wall,72.492461,10.000000,4.644531,18114,true,0,,343,956,,,,linux-procfs,process,,,true,,,"private commit and per-process swap I/O are unavailable; VmSwap reports allocation, not swap traffic; No documented hardware or OS energy counter is configured in WSL2",,measured,Winterfell transparent STARK pilot; matched vector only,measurement,true,true,ok,{},2,3,2,transition_constraints,5.0,13
49cbaf25-775c-493d-8e6c-37f82d3d6a4d,2026-08-09T03:32:22.343345+00:00,C7-TRANSPARENT-STARK,winterfell-stark-pilot-v1,controlled_kernel,winterfell-0.13.1-f128,045609f7c669d9c8addd833c007ceab666099814,294bad57ed211ce5f668890c93845dca664b6897d4ff1a7011a5c837b0436472,6432997827296552564,2,77,default,{},256,256,1,16,native_execution,0.222675,,,,,,,,,,,,,phase,,,true,wrong_public_input,,,,measured,Winterfell transparent STARK pilot; matched vector only,measurement,true,true,ok,"{""native_work_units"":256.0}",,,,,,
49cbaf25-775c-493d-8e6c-37f82d3d6a4d,2026-08-09T03:32:22.343475+00:00,C7-TRANSPARENT-STARK,winterfell-stark-pilot-v1,controlled_kernel,winterfell-0.13.1-f128,045609f7c669d9c8addd833c007ceab666099814,294bad57ed211ce5f668890c93845dca664b6897d4ff1a7011a5c837b0436472,6432997827296552564,2,77,default,{},256,256,1,16,witness,0.688781,,,,,,,,,,,,,phase,,,true,wrong_public_input,,,,measured,Winterfell transparent STARK pilot; matched vector only,measurement,true,true,ok,"{""trace_rows"":256.0,""transition_constraints"":2.0}",,,,,,
49cbaf25-775c-493d-8e6c-37f82d3d6a4d,2026-08-09T03:32:22.343500+00:00,C7-TRANSPARENT-STARK,winterfell-stark-pilot-v1,controlled_kernel,winterfell-0.13.1-f128,045609f7c669d9c8addd833c007ceab666099814,294bad57ed211ce5f668890c93845dca664b6897d4ff1a7011a5c837b0436472,6432997827296552564,2,77,default,{},256,256,1,16,setup_or_preprocess,,,,,,,,,,,,,,phase,,,true,wrong_public_input,,Winterfell exposes transparent trace/AIR proofing; no trusted setup or KZG commitment phase,,measured,Winterfell transparent STARK pilot; matched vector only,measurement,true,false,unsupported,{},,,,,,
49cbaf25-775c-493d-8e6c-37f82d3d6a4d,2026-08-09T03:32:22.343514+00:00,C7-TRANSPARENT-STARK,winterfell-stark-pilot-v1,controlled_kernel,winterfell-0.13.1-f128,045609f7c669d9c8addd833c007ceab666099814,294bad57ed211ce5f668890c93845dca664b6897d4ff1a7011a5c837b0436472,6432997827296552564,2,77,default,{},256,256,1,16,key_load,,,,,,,,,,,,,,phase,,,true,wrong_public_input,,Winterfell exposes transparent trace/AIR proofing; no trusted setup or KZG commitment phase,,measured,Winterfell transparent STARK pilot; matched vector only,measurement,true,false,unsupported,{},,,,,,
49cbaf25-775c-493d-8e6c-37f82d3d6a4d,2026-08-09T03:32:22.343528+00:00,C7-TRANSPARENT-STARK,winterfell-stark-pilot-v1,controlled_kernel,winterfell-0.13.1-f128,045609f7c669d9c8addd833c007ceab666099814,294bad57ed211ce5f668890c93845dca664b6897d4ff1a7011a5c837b0436472,6432997827296552564,2,77,default,{},256,256,1,16,msm,,,,,,,,,,,,,,phase,,,true,wrong_public_input,,Winterfell exposes transparent trace/AIR proofing; no trusted setup or KZG commitment phase,,measured,Winterfell transparent STARK pilot; matched vector only,measurement,true,false,unsupported,{},,,,,,
49cbaf25-775c-493d-8e6c-37f82d3d6a4d,2026-08-09T03:32:22.343541+00:00,C7-TRANSPARENT-STARK,winterfell-stark-pilot-v1,controlled_kernel,winterfell-0.13.1-f128,045609f7c669d9c8addd833c007ceab666099814,294bad57ed211ce5f668890c93845dca664b6897d4ff1a7011a5c837b0436472,6432997827296552564,2,77,default,{},256,256,1,16,fft_ntt,,,,,,,,,,,,,,phase,,,true,wrong_public_input,,Winterfell exposes transparent trace/AIR proofing; no trusted setup or KZG commitment phase,,measured,Winterfell transparent STARK pilot; matched vector only,measurement,true,false,unsupported,{},,,,,,
49cbaf25-775c-493d-8e6c-37f82d3d6a4d,2026-08-09T03:32:22.343554+00:00,C7-TRANSPARENT-STARK,winterfell-stark-pilot-v1,controlled_kernel,winterfell-0.13.1-f128,045609f7c669d9c8addd833c007ceab666099814,294bad57ed211ce5f668890c93845dca664b6897d4ff1a7011a5c837b0436472,6432997827296552564,2,77,default,{},256,256,1,16,prove_total,9.386438,,,,,,,,,,,,,phase,,,true,wrong_public_input,,,,measured,Winterfell transparent STARK pilot; matched vector only,measurement,true,true,ok,"{""trace_rows"":256.0}",,,,,,
49cbaf25-775c-493d-8e6c-37f82d3d6a4d,2026-08-09T03:32:22.343568+00:00,C7-TRANSPARENT-STARK,winterfell-stark-pilot-v1,controlled_kernel,winterfell-0.13.1-f128,045609f7c669d9c8addd833c007ceab666099814,294bad57ed211ce5f668890c93845dca664b6897d4ff1a7011a5c837b0436472,6432997827296552564,2,77,default,{},256,256,1,16,serialize,0.013445,,,,,,,,,,,,,phase,,,true,wrong_public_input,,,,measured,Winterfell transparent STARK pilot; matched vector only,measurement,true,true,ok,"{""proof_bytes"":18987.0}",,,,,,
49cbaf25-775c-493d-8e6c-37f82d3d6a4d,2026-08-09T03:32:22.343581+00:00,C7-TRANSPARENT-STARK,winterfell-stark-pilot-v1,controlled_kernel,winterfell-0.13.1-f128,045609f7c669d9c8addd833c007ceab666099814,294bad57ed211ce5f668890c93845dca664b6897d4ff1a7011a5c837b0436472,6432997827296552564,2,77,default,{},256,256,1,16,deserialize,0.025317,,,,,,,,,,,,,phase,,,true,wrong_public_input,,,,measured,Winterfell transparent STARK pilot; matched vector only,measurement,true,true,ok,"{""proof_bytes"":18987.0}",,,,,,
49cbaf25-775c-493d-8e6c-37f82d3d6a4d,2026-08-09T03:32:22.343595+00:00,C7-TRANSPARENT-STARK,winterfell-stark-pilot-v1,controlled_kernel,winterfell-0.13.1-f128,045609f7c669d9c8addd833c007ceab666099814,294bad57ed211ce5f668890c93845dca664b6897d4ff1a7011a5c837b0436472,6432997827296552564,2,77,default,{},256,256,1,16,verify_total,0.455878,,,,,,,,,,,,,phase,,,true,wrong_public_input,,,,measured,Winterfell transparent STARK pilot; matched vector only,measurement,true,true,ok,"{""trace_rows"":256.0}",,,,,,
49cbaf25-775c-493d-8e6c-37f82d3d6a4d,2026-08-09T03:32:22.343608+00:00,C7-TRANSPARENT-STARK,winterfell-stark-pilot-v1,controlled_kernel,winterfell-0.13.1-f128,045609f7c669d9c8addd833c007ceab666099814,294bad57ed211ce5f668890c93845dca664b6897d4ff1a7011a5c837b0436472,6432997827296552564,2,77,default,{},256,256,1,16,invalid_reject,0.455878,,,,,,,,,,,,,phase,,,true,wrong_public_input,,,,measured,Winterfell transparent STARK pilot; matched vector only,measurement,true,true,ok,"{""trace_rows"":256.0}",,,,,,
49cbaf25-775c-493d-8e6c-37f82d3d6a4d,2026-08-09T03:32:22.343622+00:00,C7-TRANSPARENT-STARK,winterfell-stark-pilot-v1,controlled_kernel,winterfell-0.13.1-f128,045609f7c669d9c8addd833c007ceab666099814,294bad57ed211ce5f668890c93845dca664b6897d4ff1a7011a5c837b0436472,6432997827296552564,2,77,default,{},256,256,1,16,adapter_process_wall,70.670698,,4.675781,18987,false,0,cryptographic_rejection,365,956,,,,linux-procfs,process,,,true,wrong_public_input,,"private commit and per-process swap I/O are unavailable; VmSwap reports allocation, not swap traffic; No documented hardware or OS energy counter is configured in WSL2",,measured,Winterfell transparent STARK pilot; matched vector only,measurement,true,true,ok,{},2,3,2,transition_constraints,5.0,13
