claim_id,experiment_id,adapter_commit,config_hash,workload,variant,phase,input_scale,threads,invalid_proof_kind,supported,n,mean_latency_ms,stdev_latency_ms,p50_latency_ms,p95_latency_ms,min_latency_ms,max_latency_ms,median_cpu_time_ms,median_peak_rss_mb,median_page_faults,proof_bytes,expected_outcomes,stdev_unavailable_reason,excluded_boundary_metrics,metric_unavailable_reason,speedup_vs_one_thread,speedup_ci_low,speedup_ci_high,parallel_efficiency,saturation_threads,scaling_coefficient_a,scaling_exponent_b,scaling_exponent_ci_low,scaling_exponent_ci_high,scaling_r_squared,evidence_class,result_scope,run_role,recorded
C2-CONTROLLED-SNARK,controlled-groth16-pilot-v1,6cbe608f63eb536939ec56747cb6bba231db9daa,de947ec44a622d90f62e247e4cad4e4a81bb578c8249825f66cc44a0179ee3b2,controlled_kernel,ark-groth16-0.6.0-bn254,adapter_process_wall,1024,1,,true,3,256.814541,4.029911,257.079063,260.343013,252.658885,260.705674,160.000000,5.921875,1140.000000,128,all-expected,,,"Linux procfs read failed: [Errno 13] Permission denied: '/proc/4716/io'; private commit and per-process swap I/O are unavailable; VmSwap reports allocation, not swap traffic; No documented hardware or OS energy counter is configured in WSL2; private commit and per-process swap I/O are unavailable; VmSwap reports allocation, not swap traffic; No documented hardware or OS energy counter is configured in WSL2",,,,,,,,,,,measured,within-stack pilot; no Groth16-versus-PLONK claim,measurement,true
C2-CONTROLLED-SNARK,controlled-groth16-pilot-v1,6cbe608f63eb536939ec56747cb6bba231db9daa,de947ec44a622d90f62e247e4cad4e4a81bb578c8249825f66cc44a0179ee3b2,controlled_kernel,ark-groth16-0.6.0-bn254,adapter_process_wall,1024,1,wrong_public_input,true,3,222.704104,29.591918,229.025971,246.664390,190.462127,248.624214,150.000000,5.890625,1106.000000,128,all-expected,,,"Linux procfs read failed: [Errno 13] Permission denied: '/proc/4292/io'; private commit and per-process swap I/O are unavailable; VmSwap reports allocation, not swap traffic; No documented hardware or OS energy counter is configured in WSL2; Linux procfs read failed: [Errno 13] Permission denied: '/proc/4700/io'; private commit and per-process swap I/O are unavailable; VmSwap reports allocation, not swap traffic; No documented hardware or OS energy counter is configured in WSL2; private commit and per-process swap I/O are unavailable; VmSwap reports allocation, not swap traffic; No documented hardware or OS energy counter is configured in WSL2",,,,,,,,,,,measured,within-stack pilot; no Groth16-versus-PLONK claim,measurement,true
C2-CONTROLLED-SNARK,controlled-groth16-pilot-v1,6cbe608f63eb536939ec56747cb6bba231db9daa,de947ec44a622d90f62e247e4cad4e4a81bb578c8249825f66cc44a0179ee3b2,controlled_kernel,ark-groth16-0.6.0-bn254,adapter_process_wall,1024,16,,true,3,664.637008,37.376315,654.471309,700.887221,633.395171,706.044544,2330.000000,8.871094,1700.000000,128,all-expected,,,"Linux procfs read failed: [Errno 13] Permission denied: '/proc/2786/io'; private commit and per-process swap I/O are unavailable; VmSwap reports allocation, not swap traffic; No documented hardware or OS energy counter is configured in WSL2; Linux procfs read failed: [Errno 13] Permission denied: '/proc/3112/io'; private commit and per-process swap I/O are unavailable; VmSwap reports allocation, not swap traffic; No documented hardware or OS energy counter is configured in WSL2; Linux procfs read failed: [Errno 13] Permission denied: '/proc/5238/io'; private commit and per-process swap I/O are unavailable; VmSwap reports allocation, not swap traffic; No documented hardware or OS energy counter is configured in WSL2",,,,,,,,,,,measured,within-stack pilot; no Groth16-versus-PLONK claim,measurement,true
C2-CONTROLLED-SNARK,controlled-groth16-pilot-v1,6cbe608f63eb536939ec56747cb6bba231db9daa,de947ec44a622d90f62e247e4cad4e4a81bb578c8249825f66cc44a0179ee3b2,controlled_kernel,ark-groth16-0.6.0-bn254,adapter_process_wall,1024,2,,true,3,219.814703,18.838161,210.269606,238.390354,207.659621,241.514881,230.000000,6.773438,1148.000000,128,all-expected,,,"private commit and per-process swap I/O are unavailable; VmSwap reports allocation, not swap traffic; No documented hardware or OS energy counter is configured in WSL2",,,,,,,,,,,measured,within-stack pilot; no Groth16-versus-PLONK claim,measurement,true
C2-CONTROLLED-SNARK,controlled-groth16-pilot-v1,6cbe608f63eb536939ec56747cb6bba231db9daa,de947ec44a622d90f62e247e4cad4e4a81bb578c8249825f66cc44a0179ee3b2,controlled_kernel,ark-groth16-0.6.0-bn254,adapter_process_wall,1024,4,,true,3,290.193694,11.258003,295.807510,297.367579,277.232652,297.540920,520.000000,7.089844,1267.000000,128,all-expected,,,"Linux procfs read failed: [Errno 13] Permission denied: '/proc/3514/io'; private commit and per-process swap I/O are unavailable; VmSwap reports allocation, not swap traffic; No documented hardware or OS energy counter is configured in WSL2; Linux procfs read failed: [Errno 13] Permission denied: '/proc/4862/io'; private commit and per-process swap I/O are unavailable; VmSwap reports allocation, not swap traffic; No documented hardware or OS energy counter is configured in WSL2; private commit and per-process swap I/O are unavailable; VmSwap reports allocation, not swap traffic; No documented hardware or OS energy counter is configured in WSL2",,,,,,,,,,,measured,within-stack pilot; no Groth16-versus-PLONK claim,measurement,true
C2-CONTROLLED-SNARK,controlled-groth16-pilot-v1,6cbe608f63eb536939ec56747cb6bba231db9daa,de947ec44a622d90f62e247e4cad4e4a81bb578c8249825f66cc44a0179ee3b2,controlled_kernel,ark-groth16-0.6.0-bn254,adapter_process_wall,1024,4,wrong_public_input,true,3,291.059738,15.056888,294.897650,302.933382,274.455323,303.826241,500.000000,7.175781,1280.000000,128,all-expected,,,"Linux procfs read failed: [Errno 13] Permission denied: '/proc/3598/io'; private commit and per-process swap I/O are unavailable; VmSwap reports allocation, not swap traffic; No documented hardware or OS energy counter is configured in WSL2; Linux procfs read failed: [Errno 13] Permission denied: '/proc/4170/io'; private commit and per-process swap I/O are unavailable; VmSwap reports allocation, not swap traffic; No documented hardware or OS energy counter is configured in WSL2; private commit and per-process swap I/O are unavailable; VmSwap reports allocation, not swap traffic; No documented hardware or OS energy counter is configured in WSL2",,,,,,,,,,,measured,within-stack pilot; no Groth16-versus-PLONK claim,measurement,true
C2-CONTROLLED-SNARK,controlled-groth16-pilot-v1,6cbe608f63eb536939ec56747cb6bba231db9daa,de947ec44a622d90f62e247e4cad4e4a81bb578c8249825f66cc44a0179ee3b2,controlled_kernel,ark-groth16-0.6.0-bn254,adapter_process_wall,1024,8,,true,3,448.749635,25.452057,452.030889,470.364831,421.816079,472.401936,1040.000000,8.054688,1356.000000,128,all-expected,,,"Linux procfs read failed: [Errno 13] Permission denied: '/proc/2732/io'; private commit and per-process swap I/O are unavailable; VmSwap reports allocation, not swap traffic; No documented hardware or OS energy counter is configured in WSL2; Linux procfs read failed: [Errno 2] No such file or directory: '/proc/2675/status'; private commit and per-process swap I/O are unavailable; VmSwap reports allocation, not swap traffic; No documented hardware or OS energy counter is configured in WSL2; private commit and per-process swap I/O are unavailable; VmSwap reports allocation, not swap traffic; No documented hardware or OS energy counter is configured in WSL2",,,,,,,,,,,measured,within-stack pilot; no Groth16-versus-PLONK claim,measurement,true
C2-CONTROLLED-SNARK,controlled-groth16-pilot-v1,6cbe608f63eb536939ec56747cb6bba231db9daa,de947ec44a622d90f62e247e4cad4e4a81bb578c8249825f66cc44a0179ee3b2,controlled_kernel,ark-groth16-0.6.0-bn254,adapter_process_wall,1024,8,wrong_public_input,true,3,466.041863,14.454657,465.354488,479.280599,451.943156,480.827945,1080.000000,8.269531,1464.000000,128,all-expected,,,"Linux procfs read failed: [Errno 13] Permission denied: '/proc/3228/io'; private commit and per-process swap I/O are unavailable; VmSwap reports allocation, not swap traffic; No documented hardware or OS energy counter is configured in WSL2; Linux procfs read failed: [Errno 13] Permission denied: '/proc/4502/io'; private commit and per-process swap I/O are unavailable; VmSwap reports allocation, not swap traffic; No documented hardware or OS energy counter is configured in WSL2; Linux procfs read failed: [Errno 13] Permission denied: '/proc/4732/io'; private commit and per-process swap I/O are unavailable; VmSwap reports allocation, not swap traffic; No documented hardware or OS energy counter is configured in WSL2",,,,,,,,,,,measured,within-stack pilot; no Groth16-versus-PLONK claim,measurement,true
C2-CONTROLLED-SNARK,controlled-groth16-pilot-v1,6cbe608f63eb536939ec56747cb6bba231db9daa,de947ec44a622d90f62e247e4cad4e4a81bb578c8249825f66cc44a0179ee3b2,controlled_kernel,ark-groth16-0.6.0-bn254,adapter_process_wall,256,1,,true,3,127.708626,12.302702,132.942859,136.170086,113.654351,136.528667,50.000000,4.871094,525.000000,128,all-expected,,,"Linux procfs read failed: [Errno 13] Permission denied: '/proc/4786/io'; private commit and per-process swap I/O are unavailable; VmSwap reports allocation, not swap traffic; No documented hardware or OS energy counter is configured in WSL2; private commit and per-process swap I/O are unavailable; VmSwap reports allocation, not swap traffic; No documented hardware or OS energy counter is configured in WSL2",,,,,,,,,,,measured,within-stack pilot; no Groth16-versus-PLONK claim,measurement,true
C2-CONTROLLED-SNARK,controlled-groth16-pilot-v1,6cbe608f63eb536939ec56747cb6bba231db9daa,de947ec44a622d90f62e247e4cad4e4a81bb578c8249825f66cc44a0179ee3b2,controlled_kernel,ark-groth16-0.6.0-bn254,adapter_process_wall,256,16,,true,3,294.648099,8.490757,294.373938,302.382748,286.297742,303.272616,900.000000,6.472656,968.000000,128,all-expected,,,"Linux procfs read failed: [Errno 13] Permission denied: '/proc/3906/io'; private commit and per-process swap I/O are unavailable; VmSwap reports allocation, not swap traffic; No documented hardware or OS energy counter is configured in WSL2; Linux procfs read failed: [Errno 13] Permission denied: '/proc/4008/io'; Linux procfs read failed: [Errno 2] No such file or directory: '/proc/4008/status'; private commit and per-process swap I/O are unavailable; VmSwap reports allocation, not swap traffic; No documented hardware or OS energy counter is configured in WSL2; Linux procfs read failed: [Errno 13] Permission denied: '/proc/4400/io'; private commit and per-process swap I/O are unavailable; VmSwap reports allocation, not swap traffic; No documented hardware or OS energy counter is configured in WSL2",,,,,,,,,,,measured,within-stack pilot; no Groth16-versus-PLONK claim,measurement,true
C2-CONTROLLED-SNARK,controlled-groth16-pilot-v1,6cbe608f63eb536939ec56747cb6bba231db9daa,de947ec44a622d90f62e247e4cad4e4a81bb578c8249825f66cc44a0179ee3b2,controlled_kernel,ark-groth16-0.6.0-bn254,adapter_process_wall,256,2,,true,3,129.822379,24.795707,117.171929,154.269761,113.903467,158.391742,80.000000,4.984375,511.000000,128,all-expected,,,"private commit and per-process swap I/O are unavailable; VmSwap reports allocation, not swap traffic; No documented hardware or OS energy counter is configured in WSL2",,,,,,,,,,,measured,within-stack pilot; no Groth16-versus-PLONK claim,measurement,true
C2-CONTROLLED-SNARK,controlled-groth16-pilot-v1,6cbe608f63eb536939ec56747cb6bba231db9daa,de947ec44a622d90f62e247e4cad4e4a81bb578c8249825f66cc44a0179ee3b2,controlled_kernel,ark-groth16-0.6.0-bn254,adapter_process_wall,256,4,,true,3,136.411216,16.335169,143.071801,147.834567,117.798083,148.363763,150.000000,5.480469,641.000000,128,all-expected,,,"Linux procfs read failed: [Errno 13] Permission denied: '/proc/2555/io'; private commit and per-process swap I/O are unavailable; VmSwap reports allocation, not swap traffic; No documented hardware or OS energy counter is configured in WSL2; private commit and per-process swap I/O are unavailable; VmSwap reports allocation, not swap traffic; No documented hardware or OS energy counter is configured in WSL2",,,,,,,,,,,measured,within-stack pilot; no Groth16-versus-PLONK claim,measurement,true
C2-CONTROLLED-SNARK,controlled-groth16-pilot-v1,6cbe608f63eb536939ec56747cb6bba231db9daa,de947ec44a622d90f62e247e4cad4e4a81bb578c8249825f66cc44a0179ee3b2,controlled_kernel,ark-groth16-0.6.0-bn254,adapter_process_wall,256,8,,true,3,177.567350,9.917355,172.691102,187.350031,171.032148,188.978801,330.000000,5.824219,680.000000,128,all-expected,,,"private commit and per-process swap I/O are unavailable; VmSwap reports allocation, not swap traffic; No documented hardware or OS energy counter is configured in WSL2",,,,,,,,,,,measured,within-stack pilot; no Groth16-versus-PLONK claim,measurement,true
C2-CONTROLLED-SNARK,controlled-groth16-pilot-v1,6cbe608f63eb536939ec56747cb6bba231db9daa,de947ec44a622d90f62e247e4cad4e4a81bb578c8249825f66cc44a0179ee3b2,controlled_kernel,ark-groth16-0.6.0-bn254,adapter_process_wall,4096,1,,true,3,574.269189,62.022518,543.692707,635.448056,533.471766,645.643095,500.000000,11.113281,3733.000000,128,all-expected,,,"Linux procfs read failed: [Errno 13] Permission denied: '/proc/2293/io'; private commit and per-process swap I/O are unavailable; VmSwap reports allocation, not swap traffic; No documented hardware or OS energy counter is configured in WSL2; Linux procfs read failed: [Errno 13] Permission denied: '/proc/4892/io'; private commit and per-process swap I/O are unavailable; VmSwap reports allocation, not swap traffic; No documented hardware or OS energy counter is configured in WSL2; Linux procfs read failed: [Errno 2] No such file or directory: '/proc/3304/io'; private commit and per-process swap I/O are unavailable; VmSwap reports allocation, not swap traffic; No documented hardware or OS energy counter is configured in WSL2",,,,,,,,,,,measured,within-stack pilot; no Groth16-versus-PLONK claim,measurement,true
C2-CONTROLLED-SNARK,controlled-groth16-pilot-v1,6cbe608f63eb536939ec56747cb6bba231db9daa,de947ec44a622d90f62e247e4cad4e4a81bb578c8249825f66cc44a0179ee3b2,controlled_kernel,ark-groth16-0.6.0-bn254,adapter_process_wall,4096,1,wrong_public_input,true,3,568.858866,25.550493,575.134222,589.131738,540.755359,590.687018,500.000000,11.007812,3773.000000,128,all-expected,,,"Linux procfs read failed: [Errno 13] Permission denied: '/proc/2195/io'; private commit and per-process swap I/O are unavailable; VmSwap reports allocation, not swap traffic; No documented hardware or OS energy counter is configured in WSL2; Linux procfs read failed: [Errno 13] Permission denied: '/proc/4230/io'; private commit and per-process swap I/O are unavailable; VmSwap reports allocation, not swap traffic; No documented hardware or OS energy counter is configured in WSL2; private commit and per-process swap I/O are unavailable; VmSwap reports allocation, not swap traffic; No documented hardware or OS energy counter is configured in WSL2",,,,,,,,,,,measured,within-stack pilot; no Groth16-versus-PLONK claim,measurement,true
C2-CONTROLLED-SNARK,controlled-groth16-pilot-v1,6cbe608f63eb536939ec56747cb6bba231db9daa,de947ec44a622d90f62e247e4cad4e4a81bb578c8249825f66cc44a0179ee3b2,controlled_kernel,ark-groth16-0.6.0-bn254,adapter_process_wall,4096,16,,true,3,1522.520302,45.518093,1504.521124,1567.309290,1488.754028,1574.285753,5200.000000,18.437500,4944.000000,128,all-expected,,,"Linux procfs read failed: [Errno 13] Permission denied: '/proc/2377/io'; private commit and per-process swap I/O are unavailable; VmSwap reports allocation, not swap traffic; No documented hardware or OS energy counter is configured in WSL2; Linux procfs read failed: [Errno 13] Permission denied: '/proc/4900/io'; private commit and per-process swap I/O are unavailable; VmSwap reports allocation, not swap traffic; No documented hardware or OS energy counter is configured in WSL2; Linux procfs read failed: [Errno 2] No such file or directory: '/proc/3350/status'; private commit and per-process swap I/O are unavailable; VmSwap reports allocation, not swap traffic; No documented hardware or OS energy counter is configured in WSL2",,,,,,,,,,,measured,within-stack pilot; no Groth16-versus-PLONK claim,measurement,true
C2-CONTROLLED-SNARK,controlled-groth16-pilot-v1,6cbe608f63eb536939ec56747cb6bba231db9daa,de947ec44a622d90f62e247e4cad4e4a81bb578c8249825f66cc44a0179ee3b2,controlled_kernel,ark-groth16-0.6.0-bn254,adapter_process_wall,4096,2,,true,3,520.262729,12.530245,519.099715,531.910514,508.354537,533.333936,780.000000,13.894531,3855.000000,128,all-expected,,,"Linux procfs read failed: [Errno 13] Permission denied: '/proc/2990/io'; private commit and per-process swap I/O are unavailable; VmSwap reports allocation, not swap traffic; No documented hardware or OS energy counter is configured in WSL2; Linux procfs read failed: [Errno 13] Permission denied: '/proc/4794/io'; private commit and per-process swap I/O are unavailable; VmSwap reports allocation, not swap traffic; No documented hardware or OS energy counter is configured in WSL2; private commit and per-process swap I/O are unavailable; VmSwap reports allocation, not swap traffic; No documented hardware or OS energy counter is configured in WSL2",,,,,,,,,,,measured,within-stack pilot; no Groth16-versus-PLONK claim,measurement,true
C2-CONTROLLED-SNARK,controlled-groth16-pilot-v1,6cbe608f63eb536939ec56747cb6bba231db9daa,de947ec44a622d90f62e247e4cad4e4a81bb578c8249825f66cc44a0179ee3b2,controlled_kernel,ark-groth16-0.6.0-bn254,adapter_process_wall,4096,4,,true,3,725.295163,16.018777,726.401010,739.299227,708.752116,740.732362,1650.000000,15.031250,4191.000000,128,all-expected,,,"Linux procfs read failed: [Errno 13] Permission denied: '/proc/3312/io'; private commit and per-process swap I/O are unavailable; VmSwap reports allocation, not swap traffic; No documented hardware or OS energy counter is configured in WSL2; Linux procfs read failed: [Errno 13] Permission denied: '/proc/4370/io'; private commit and per-process swap I/O are unavailable; VmSwap reports allocation, not swap traffic; No documented hardware or OS energy counter is configured in WSL2; Linux procfs read failed: [Errno 2] No such file or directory: '/proc/4140/status'; private commit and per-process swap I/O are unavailable; VmSwap reports allocation, not swap traffic; No documented hardware or OS energy counter is configured in WSL2",,,,,,,,,,,measured,within-stack pilot; no Groth16-versus-PLONK claim,measurement,true
C2-CONTROLLED-SNARK,controlled-groth16-pilot-v1,6cbe608f63eb536939ec56747cb6bba231db9daa,de947ec44a622d90f62e247e4cad4e4a81bb578c8249825f66cc44a0179ee3b2,controlled_kernel,ark-groth16-0.6.0-bn254,adapter_process_wall,4096,4,wrong_public_input,true,3,707.151545,39.241653,684.625850,745.679873,684.365131,752.463653,1600.000000,14.828125,4088.000000,128,all-expected,,,"Linux procfs read failed: [Errno 13] Permission denied: '/proc/5032/io'; private commit and per-process swap I/O are unavailable; VmSwap reports allocation, not swap traffic; No documented hardware or OS energy counter is configured in WSL2; Linux procfs read failed: [Errno 13] Permission denied: '/proc/5208/io'; private commit and per-process swap I/O are unavailable; VmSwap reports allocation, not swap traffic; No documented hardware or OS energy counter is configured in WSL2; Linux procfs read failed: [Errno 13] Permission denied: '/proc/5354/io'; private commit and per-process swap I/O are unavailable; VmSwap reports allocation, not swap traffic; No documented hardware or OS energy counter is configured in WSL2",,,,,,,,,,,measured,within-stack pilot; no Groth16-versus-PLONK claim,measurement,true
C2-CONTROLLED-SNARK,controlled-groth16-pilot-v1,6cbe608f63eb536939ec56747cb6bba231db9daa,de947ec44a622d90f62e247e4cad4e4a81bb578c8249825f66cc44a0179ee3b2,controlled_kernel,ark-groth16-0.6.0-bn254,adapter_process_wall,4096,8,,true,3,1264.670269,24.687573,1273.280246,1282.837919,1236.830679,1283.899883,3410.000000,16.246094,4133.000000,128,all-expected,,,"Linux procfs read failed: [Errno 13] Permission denied: '/proc/2141/io'; private commit and per-process swap I/O are unavailable; VmSwap reports allocation, not swap traffic; No documented hardware or OS energy counter is configured in WSL2; Linux procfs read failed: [Errno 13] Permission denied: '/proc/3736/io'; Linux procfs read failed: [Errno 3] No such process; private commit and per-process swap I/O are unavailable; VmSwap reports allocation, not swap traffic; No documented hardware or OS energy counter is configured in WSL2; Linux procfs read failed: [Errno 2] No such file or directory: '/proc/4638/status'; private commit and per-process swap I/O are unavailable; VmSwap reports allocation, not swap traffic; No documented hardware or OS energy counter is configured in WSL2",,,,,,,,,,,measured,within-stack pilot; no Groth16-versus-PLONK claim,measurement,true
C2-CONTROLLED-SNARK,controlled-groth16-pilot-v1,6cbe608f63eb536939ec56747cb6bba231db9daa,de947ec44a622d90f62e247e4cad4e4a81bb578c8249825f66cc44a0179ee3b2,controlled_kernel,ark-groth16-0.6.0-bn254,adapter_process_wall,4096,8,wrong_public_input,true,3,1301.079364,53.094206,1279.170620,1353.376899,1262.445432,1361.622041,3390.000000,16.464844,4186.000000,128,all-expected,,,"Linux procfs read failed: [Errno 13] Permission denied: '/proc/2479/io'; private commit and per-process swap I/O are unavailable; VmSwap reports allocation, not swap traffic; No documented hardware or OS energy counter is configured in WSL2; Linux procfs read failed: [Errno 13] Permission denied: '/proc/3544/io'; private commit and per-process swap I/O are unavailable; VmSwap reports allocation, not swap traffic; No documented hardware or OS energy counter is configured in WSL2; Linux procfs read failed: [Errno 13] Permission denied: '/proc/4808/io'; private commit and per-process swap I/O are unavailable; VmSwap reports allocation, not swap traffic; No documented hardware or OS energy counter is configured in WSL2",,,,,,,,,,,measured,within-stack pilot; no Groth16-versus-PLONK claim,measurement,true
C2-CONTROLLED-SNARK,controlled-groth16-pilot-v1,6cbe608f63eb536939ec56747cb6bba231db9daa,de947ec44a622d90f62e247e4cad4e4a81bb578c8249825f66cc44a0179ee3b2,controlled_kernel,ark-groth16-0.6.0-bn254,adapter_process_wall,64,1,,true,3,90.628661,15.737092,82.492377,106.140698,80.625317,108.768289,20.000000,4.460938,272.000000,128,all-expected,,,"Linux procfs read failed: [Errno 13] Permission denied: '/proc/3296/io'; private commit and per-process swap I/O are unavailable; VmSwap reports allocation, not swap traffic; No documented hardware or OS energy counter is configured in WSL2; private commit and per-process swap I/O are unavailable; VmSwap reports allocation, not swap traffic; No documented hardware or OS energy counter is configured in WSL2",,,,,,,,,,,measured,within-stack pilot; no Groth16-versus-PLONK claim,measurement,true
C2-CONTROLLED-SNARK,controlled-groth16-pilot-v1,6cbe608f63eb536939ec56747cb6bba231db9daa,de947ec44a622d90f62e247e4cad4e4a81bb578c8249825f66cc44a0179ee3b2,controlled_kernel,ark-groth16-0.6.0-bn254,adapter_process_wall,64,1,wrong_public_input,true,3,94.099877,17.620926,87.989297,111.365345,80.347649,113.962684,20.000000,4.425781,271.000000,128,all-expected,,,"Linux procfs read failed: [Errno 13] Permission denied: '/proc/2301/io'; private commit and per-process swap I/O are unavailable; VmSwap reports allocation, not swap traffic; No documented hardware or OS energy counter is configured in WSL2; Linux procfs read failed: [Errno 13] Permission denied: '/proc/2339/io'; private commit and per-process swap I/O are unavailable; VmSwap reports allocation, not swap traffic; No documented hardware or OS energy counter is configured in WSL2; Linux procfs read failed: [Errno 13] Permission denied: '/proc/2547/io'; private commit and per-process swap I/O are unavailable; VmSwap reports allocation, not swap traffic; No documented hardware or OS energy counter is configured in WSL2",,,,,,,,,,,measured,within-stack pilot; no Groth16-versus-PLONK claim,measurement,true
C2-CONTROLLED-SNARK,controlled-groth16-pilot-v1,6cbe608f63eb536939ec56747cb6bba231db9daa,de947ec44a622d90f62e247e4cad4e4a81bb578c8249825f66cc44a0179ee3b2,controlled_kernel,ark-groth16-0.6.0-bn254,adapter_process_wall,64,16,,true,3,229.388225,12.441261,232.848208,239.044759,215.583203,239.733265,590.000000,6.007812,745.000000,128,all-expected,,,"Linux procfs read failed: [Errno 13] Permission denied: '/proc/2888/io'; private commit and per-process swap I/O are unavailable; VmSwap reports allocation, not swap traffic; No documented hardware or OS energy counter is configured in WSL2; Linux procfs read failed: [Errno 13] Permission denied: '/proc/3790/io'; private commit and per-process swap I/O are unavailable; VmSwap reports allocation, not swap traffic; No documented hardware or OS energy counter is configured in WSL2; Linux procfs read failed: [Errno 13] Permission denied: '/proc/5106/io'; private commit and per-process swap I/O are unavailable; VmSwap reports allocation, not swap traffic; No documented hardware or OS energy counter is configured in WSL2",,,,,,,,,,,measured,within-stack pilot; no Groth16-versus-PLONK claim,measurement,true
C2-CONTROLLED-SNARK,controlled-groth16-pilot-v1,6cbe608f63eb536939ec56747cb6bba231db9daa,de947ec44a622d90f62e247e4cad4e4a81bb578c8249825f66cc44a0179ee3b2,controlled_kernel,ark-groth16-0.6.0-bn254,adapter_process_wall,64,2,,true,3,99.818016,15.657924,102.451789,112.838007,83.010229,113.992031,40.000000,4.605469,357.000000,128,all-expected,,,"Linux procfs read failed: [Errno 13] Permission denied: '/proc/3282/io'; private commit and per-process swap I/O are unavailable; VmSwap reports allocation, not swap traffic; No documented hardware or OS energy counter is configured in WSL2; Linux procfs read failed: [Errno 13] Permission denied: '/proc/5092/io'; private commit and per-process swap I/O are unavailable; VmSwap reports allocation, not swap traffic; No documented hardware or OS energy counter is configured in WSL2; private commit and per-process swap I/O are unavailable; VmSwap reports allocation, not swap traffic; No documented hardware or OS energy counter is configured in WSL2",,,,,,,,,,,measured,within-stack pilot; no Groth16-versus-PLONK claim,measurement,true
C2-CONTROLLED-SNARK,controlled-groth16-pilot-v1,6cbe608f63eb536939ec56747cb6bba231db9daa,de947ec44a622d90f62e247e4cad4e4a81bb578c8249825f66cc44a0179ee3b2,controlled_kernel,ark-groth16-0.6.0-bn254,adapter_process_wall,64,4,,true,3,116.434260,2.352955,115.315596,118.755624,114.849334,119.137849,70.000000,4.843750,424.000000,128,all-expected,,,"private commit and per-process swap I/O are unavailable; VmSwap reports allocation, not swap traffic; No documented hardware or OS energy counter is configured in WSL2",,,,,,,,,,,measured,within-stack pilot; no Groth16-versus-PLONK claim,measurement,true
C2-CONTROLLED-SNARK,controlled-groth16-pilot-v1,6cbe608f63eb536939ec56747cb6bba231db9daa,de947ec44a622d90f62e247e4cad4e4a81bb578c8249825f66cc44a0179ee3b2,controlled_kernel,ark-groth16-0.6.0-bn254,adapter_process_wall,64,4,wrong_public_input,true,3,120.347877,4.487494,121.696768,123.775267,115.340653,124.006211,80.000000,4.796875,424.000000,128,all-expected,,,"Linux procfs read failed: [Errno 13] Permission denied: '/proc/4110/io'; private commit and per-process swap I/O are unavailable; VmSwap reports allocation, not swap traffic; No documented hardware or OS energy counter is configured in WSL2; private commit and per-process swap I/O are unavailable; VmSwap reports allocation, not swap traffic; No documented hardware or OS energy counter is configured in WSL2",,,,,,,,,,,measured,within-stack pilot; no Groth16-versus-PLONK claim,measurement,true
C2-CONTROLLED-SNARK,controlled-groth16-pilot-v1,6cbe608f63eb536939ec56747cb6bba231db9daa,de947ec44a622d90f62e247e4cad4e4a81bb578c8249825f66cc44a0179ee3b2,controlled_kernel,ark-groth16-0.6.0-bn254,adapter_process_wall,64,8,,true,3,144.288249,10.368128,148.515999,151.538661,132.474236,151.874512,220.000000,5.343750,553.000000,128,all-expected,,,"Linux procfs read failed: [Errno 3] No such process; private commit and per-process swap I/O are unavailable; VmSwap reports allocation, not swap traffic; No documented hardware or OS energy counter is configured in WSL2; private commit and per-process swap I/O are unavailable; VmSwap reports allocation, not swap traffic; No documented hardware or OS energy counter is configured in WSL2",,,,,,,,,,,measured,within-stack pilot; no Groth16-versus-PLONK claim,measurement,true
C2-CONTROLLED-SNARK,controlled-groth16-pilot-v1,6cbe608f63eb536939ec56747cb6bba231db9daa,de947ec44a622d90f62e247e4cad4e4a81bb578c8249825f66cc44a0179ee3b2,controlled_kernel,ark-groth16-0.6.0-bn254,adapter_process_wall,64,8,wrong_public_input,true,3,147.531496,20.715388,143.112215,167.401143,129.382361,170.099913,200.000000,5.253906,559.000000,128,all-expected,,,"Linux procfs read failed: [Errno 13] Permission denied: '/proc/5414/io'; private commit and per-process swap I/O are unavailable; VmSwap reports allocation, not swap traffic; No documented hardware or OS energy counter is configured in WSL2; private commit and per-process swap I/O are unavailable; VmSwap reports allocation, not swap traffic; No documented hardware or OS energy counter is configured in WSL2",,,,,,,,,,,measured,within-stack pilot; no Groth16-versus-PLONK claim,measurement,true
C2-CONTROLLED-SNARK,controlled-groth16-pilot-v1,6cbe608f63eb536939ec56747cb6bba231db9daa,de947ec44a622d90f62e247e4cad4e4a81bb578c8249825f66cc44a0179ee3b2,controlled_kernel,ark-groth16-0.6.0-bn254,commitment,1024,1,,false,,,,,,,,,,,,not-applicable,,,ark-groth16 does not expose stable per-run phase hooks,,,,,,,,,,,measured,within-stack pilot; no Groth16-versus-PLONK claim,measurement,true
C2-CONTROLLED-SNARK,controlled-groth16-pilot-v1,6cbe608f63eb536939ec56747cb6bba231db9daa,de947ec44a622d90f62e247e4cad4e4a81bb578c8249825f66cc44a0179ee3b2,controlled_kernel,ark-groth16-0.6.0-bn254,commitment,1024,1,wrong_public_input,false,,,,,,,,,,,,not-applicable,,,ark-groth16 does not expose stable per-run phase hooks,,,,,,,,,,,measured,within-stack pilot; no Groth16-versus-PLONK claim,measurement,true
C2-CONTROLLED-SNARK,controlled-groth16-pilot-v1,6cbe608f63eb536939ec56747cb6bba231db9daa,de947ec44a622d90f62e247e4cad4e4a81bb578c8249825f66cc44a0179ee3b2,controlled_kernel,ark-groth16-0.6.0-bn254,commitment,1024,16,,false,,,,,,,,,,,,not-applicable,,,ark-groth16 does not expose stable per-run phase hooks,,,,,,,,,,,measured,within-stack pilot; no Groth16-versus-PLONK claim,measurement,true
C2-CONTROLLED-SNARK,controlled-groth16-pilot-v1,6cbe608f63eb536939ec56747cb6bba231db9daa,de947ec44a622d90f62e247e4cad4e4a81bb578c8249825f66cc44a0179ee3b2,controlled_kernel,ark-groth16-0.6.0-bn254,commitment,1024,2,,false,,,,,,,,,,,,not-applicable,,,ark-groth16 does not expose stable per-run phase hooks,,,,,,,,,,,measured,within-stack pilot; no Groth16-versus-PLONK claim,measurement,true
C2-CONTROLLED-SNARK,controlled-groth16-pilot-v1,6cbe608f63eb536939ec56747cb6bba231db9daa,de947ec44a622d90f62e247e4cad4e4a81bb578c8249825f66cc44a0179ee3b2,controlled_kernel,ark-groth16-0.6.0-bn254,commitment,1024,4,,false,,,,,,,,,,,,not-applicable,,,ark-groth16 does not expose stable per-run phase hooks,,,,,,,,,,,measured,within-stack pilot; no Groth16-versus-PLONK claim,measurement,true
C2-CONTROLLED-SNARK,controlled-groth16-pilot-v1,6cbe608f63eb536939ec56747cb6bba231db9daa,de947ec44a622d90f62e247e4cad4e4a81bb578c8249825f66cc44a0179ee3b2,controlled_kernel,ark-groth16-0.6.0-bn254,commitment,1024,4,wrong_public_input,false,,,,,,,,,,,,not-applicable,,,ark-groth16 does not expose stable per-run phase hooks,,,,,,,,,,,measured,within-stack pilot; no Groth16-versus-PLONK claim,measurement,true
C2-CONTROLLED-SNARK,controlled-groth16-pilot-v1,6cbe608f63eb536939ec56747cb6bba231db9daa,de947ec44a622d90f62e247e4cad4e4a81bb578c8249825f66cc44a0179ee3b2,controlled_kernel,ark-groth16-0.6.0-bn254,commitment,1024,8,,false,,,,,,,,,,,,not-applicable,,,ark-groth16 does not expose stable per-run phase hooks,,,,,,,,,,,measured,within-stack pilot; no Groth16-versus-PLONK claim,measurement,true
C2-CONTROLLED-SNARK,controlled-groth16-pilot-v1,6cbe608f63eb536939ec56747cb6bba231db9daa,de947ec44a622d90f62e247e4cad4e4a81bb578c8249825f66cc44a0179ee3b2,controlled_kernel,ark-groth16-0.6.0-bn254,commitment,1024,8,wrong_public_input,false,,,,,,,,,,,,not-applicable,,,ark-groth16 does not expose stable per-run phase hooks,,,,,,,,,,,measured,within-stack pilot; no Groth16-versus-PLONK claim,measurement,true
C2-CONTROLLED-SNARK,controlled-groth16-pilot-v1,6cbe608f63eb536939ec56747cb6bba231db9daa,de947ec44a622d90f62e247e4cad4e4a81bb578c8249825f66cc44a0179ee3b2,controlled_kernel,ark-groth16-0.6.0-bn254,commitment,256,1,,false,,,,,,,,,,,,not-applicable,,,ark-groth16 does not expose stable per-run phase hooks,,,,,,,,,,,measured,within-stack pilot; no Groth16-versus-PLONK claim,measurement,true
C2-CONTROLLED-SNARK,controlled-groth16-pilot-v1,6cbe608f63eb536939ec56747cb6bba231db9daa,de947ec44a622d90f62e247e4cad4e4a81bb578c8249825f66cc44a0179ee3b2,controlled_kernel,ark-groth16-0.6.0-bn254,commitment,256,16,,false,,,,,,,,,,,,not-applicable,,,ark-groth16 does not expose stable per-run phase hooks,,,,,,,,,,,measured,within-stack pilot; no Groth16-versus-PLONK claim,measurement,true
C2-CONTROLLED-SNARK,controlled-groth16-pilot-v1,6cbe608f63eb536939ec56747cb6bba231db9daa,de947ec44a622d90f62e247e4cad4e4a81bb578c8249825f66cc44a0179ee3b2,controlled_kernel,ark-groth16-0.6.0-bn254,commitment,256,2,,false,,,,,,,,,,,,not-applicable,,,ark-groth16 does not expose stable per-run phase hooks,,,,,,,,,,,measured,within-stack pilot; no Groth16-versus-PLONK claim,measurement,true
C2-CONTROLLED-SNARK,controlled-groth16-pilot-v1,6cbe608f63eb536939ec56747cb6bba231db9daa,de947ec44a622d90f62e247e4cad4e4a81bb578c8249825f66cc44a0179ee3b2,controlled_kernel,ark-groth16-0.6.0-bn254,commitment,256,4,,false,,,,,,,,,,,,not-applicable,,,ark-groth16 does not expose stable per-run phase hooks,,,,,,,,,,,measured,within-stack pilot; no Groth16-versus-PLONK claim,measurement,true
C2-CONTROLLED-SNARK,controlled-groth16-pilot-v1,6cbe608f63eb536939ec56747cb6bba231db9daa,de947ec44a622d90f62e247e4cad4e4a81bb578c8249825f66cc44a0179ee3b2,controlled_kernel,ark-groth16-0.6.0-bn254,commitment,256,8,,false,,,,,,,,,,,,not-applicable,,,ark-groth16 does not expose stable per-run phase hooks,,,,,,,,,,,measured,within-stack pilot; no Groth16-versus-PLONK claim,measurement,true
C2-CONTROLLED-SNARK,controlled-groth16-pilot-v1,6cbe608f63eb536939ec56747cb6bba231db9daa,de947ec44a622d90f62e247e4cad4e4a81bb578c8249825f66cc44a0179ee3b2,controlled_kernel,ark-groth16-0.6.0-bn254,commitment,4096,1,,false,,,,,,,,,,,,not-applicable,,,ark-groth16 does not expose stable per-run phase hooks,,,,,,,,,,,measured,within-stack pilot; no Groth16-versus-PLONK claim,measurement,true
C2-CONTROLLED-SNARK,controlled-groth16-pilot-v1,6cbe608f63eb536939ec56747cb6bba231db9daa,de947ec44a622d90f62e247e4cad4e4a81bb578c8249825f66cc44a0179ee3b2,controlled_kernel,ark-groth16-0.6.0-bn254,commitment,4096,1,wrong_public_input,false,,,,,,,,,,,,not-applicable,,,ark-groth16 does not expose stable per-run phase hooks,,,,,,,,,,,measured,within-stack pilot; no Groth16-versus-PLONK claim,measurement,true
C2-CONTROLLED-SNARK,controlled-groth16-pilot-v1,6cbe608f63eb536939ec56747cb6bba231db9daa,de947ec44a622d90f62e247e4cad4e4a81bb578c8249825f66cc44a0179ee3b2,controlled_kernel,ark-groth16-0.6.0-bn254,commitment,4096,16,,false,,,,,,,,,,,,not-applicable,,,ark-groth16 does not expose stable per-run phase hooks,,,,,,,,,,,measured,within-stack pilot; no Groth16-versus-PLONK claim,measurement,true
C2-CONTROLLED-SNARK,controlled-groth16-pilot-v1,6cbe608f63eb536939ec56747cb6bba231db9daa,de947ec44a622d90f62e247e4cad4e4a81bb578c8249825f66cc44a0179ee3b2,controlled_kernel,ark-groth16-0.6.0-bn254,commitment,4096,2,,false,,,,,,,,,,,,not-applicable,,,ark-groth16 does not expose stable per-run phase hooks,,,,,,,,,,,measured,within-stack pilot; no Groth16-versus-PLONK claim,measurement,true
C2-CONTROLLED-SNARK,controlled-groth16-pilot-v1,6cbe608f63eb536939ec56747cb6bba231db9daa,de947ec44a622d90f62e247e4cad4e4a81bb578c8249825f66cc44a0179ee3b2,controlled_kernel,ark-groth16-0.6.0-bn254,commitment,4096,4,,false,,,,,,,,,,,,not-applicable,,,ark-groth16 does not expose stable per-run phase hooks,,,,,,,,,,,measured,within-stack pilot; no Groth16-versus-PLONK claim,measurement,true
C2-CONTROLLED-SNARK,controlled-groth16-pilot-v1,6cbe608f63eb536939ec56747cb6bba231db9daa,de947ec44a622d90f62e247e4cad4e4a81bb578c8249825f66cc44a0179ee3b2,controlled_kernel,ark-groth16-0.6.0-bn254,commitment,4096,4,wrong_public_input,false,,,,,,,,,,,,not-applicable,,,ark-groth16 does not expose stable per-run phase hooks,,,,,,,,,,,measured,within-stack pilot; no Groth16-versus-PLONK claim,measurement,true
C2-CONTROLLED-SNARK,controlled-groth16-pilot-v1,6cbe608f63eb536939ec56747cb6bba231db9daa,de947ec44a622d90f62e247e4cad4e4a81bb578c8249825f66cc44a0179ee3b2,controlled_kernel,ark-groth16-0.6.0-bn254,commitment,4096,8,,false,,,,,,,,,,,,not-applicable,,,ark-groth16 does not expose stable per-run phase hooks,,,,,,,,,,,measured,within-stack pilot; no Groth16-versus-PLONK claim,measurement,true
C2-CONTROLLED-SNARK,controlled-groth16-pilot-v1,6cbe608f63eb536939ec56747cb6bba231db9daa,de947ec44a622d90f62e247e4cad4e4a81bb578c8249825f66cc44a0179ee3b2,controlled_kernel,ark-groth16-0.6.0-bn254,commitment,4096,8,wrong_public_input,false,,,,,,,,,,,,not-applicable,,,ark-groth16 does not expose stable per-run phase hooks,,,,,,,,,,,measured,within-stack pilot; no Groth16-versus-PLONK claim,measurement,true
C2-CONTROLLED-SNARK,controlled-groth16-pilot-v1,6cbe608f63eb536939ec56747cb6bba231db9daa,de947ec44a622d90f62e247e4cad4e4a81bb578c8249825f66cc44a0179ee3b2,controlled_kernel,ark-groth16-0.6.0-bn254,commitment,64,1,,false,,,,,,,,,,,,not-applicable,,,ark-groth16 does not expose stable per-run phase hooks,,,,,,,,,,,measured,within-stack pilot; no Groth16-versus-PLONK claim,measurement,true
C2-CONTROLLED-SNARK,controlled-groth16-pilot-v1,6cbe608f63eb536939ec56747cb6bba231db9daa,de947ec44a622d90f62e247e4cad4e4a81bb578c8249825f66cc44a0179ee3b2,controlled_kernel,ark-groth16-0.6.0-bn254,commitment,64,1,wrong_public_input,false,,,,,,,,,,,,not-applicable,,,ark-groth16 does not expose stable per-run phase hooks,,,,,,,,,,,measured,within-stack pilot; no Groth16-versus-PLONK claim,measurement,true
C2-CONTROLLED-SNARK,controlled-groth16-pilot-v1,6cbe608f63eb536939ec56747cb6bba231db9daa,de947ec44a622d90f62e247e4cad4e4a81bb578c8249825f66cc44a0179ee3b2,controlled_kernel,ark-groth16-0.6.0-bn254,commitment,64,16,,false,,,,,,,,,,,,not-applicable,,,ark-groth16 does not expose stable per-run phase hooks,,,,,,,,,,,measured,within-stack pilot; no Groth16-versus-PLONK claim,measurement,true
C2-CONTROLLED-SNARK,controlled-groth16-pilot-v1,6cbe608f63eb536939ec56747cb6bba231db9daa,de947ec44a622d90f62e247e4cad4e4a81bb578c8249825f66cc44a0179ee3b2,controlled_kernel,ark-groth16-0.6.0-bn254,commitment,64,2,,false,,,,,,,,,,,,not-applicable,,,ark-groth16 does not expose stable per-run phase hooks,,,,,,,,,,,measured,within-stack pilot; no Groth16-versus-PLONK claim,measurement,true
C2-CONTROLLED-SNARK,controlled-groth16-pilot-v1,6cbe608f63eb536939ec56747cb6bba231db9daa,de947ec44a622d90f62e247e4cad4e4a81bb578c8249825f66cc44a0179ee3b2,controlled_kernel,ark-groth16-0.6.0-bn254,commitment,64,4,,false,,,,,,,,,,,,not-applicable,,,ark-groth16 does not expose stable per-run phase hooks,,,,,,,,,,,measured,within-stack pilot; no Groth16-versus-PLONK claim,measurement,true
C2-CONTROLLED-SNARK,controlled-groth16-pilot-v1,6cbe608f63eb536939ec56747cb6bba231db9daa,de947ec44a622d90f62e247e4cad4e4a81bb578c8249825f66cc44a0179ee3b2,controlled_kernel,ark-groth16-0.6.0-bn254,commitment,64,4,wrong_public_input,false,,,,,,,,,,,,not-applicable,,,ark-groth16 does not expose stable per-run phase hooks,,,,,,,,,,,measured,within-stack pilot; no Groth16-versus-PLONK claim,measurement,true
C2-CONTROLLED-SNARK,controlled-groth16-pilot-v1,6cbe608f63eb536939ec56747cb6bba231db9daa,de947ec44a622d90f62e247e4cad4e4a81bb578c8249825f66cc44a0179ee3b2,controlled_kernel,ark-groth16-0.6.0-bn254,commitment,64,8,,false,,,,,,,,,,,,not-applicable,,,ark-groth16 does not expose stable per-run phase hooks,,,,,,,,,,,measured,within-stack pilot; no Groth16-versus-PLONK claim,measurement,true
C2-CONTROLLED-SNARK,controlled-groth16-pilot-v1,6cbe608f63eb536939ec56747cb6bba231db9daa,de947ec44a622d90f62e247e4cad4e4a81bb578c8249825f66cc44a0179ee3b2,controlled_kernel,ark-groth16-0.6.0-bn254,commitment,64,8,wrong_public_input,false,,,,,,,,,,,,not-applicable,,,ark-groth16 does not expose stable per-run phase hooks,,,,,,,,,,,measured,within-stack pilot; no Groth16-versus-PLONK claim,measurement,true
C2-CONTROLLED-SNARK,controlled-groth16-pilot-v1,6cbe608f63eb536939ec56747cb6bba231db9daa,de947ec44a622d90f62e247e4cad4e4a81bb578c8249825f66cc44a0179ee3b2,controlled_kernel,ark-groth16-0.6.0-bn254,deserialize,1024,1,,true,3,0.894687,0.041465,0.905931,0.927026,0.848759,0.929370,,,,,not-applicable,,,,,,,,,,,,,,measured,within-stack pilot; no Groth16-versus-PLONK claim,measurement,true
C2-CONTROLLED-SNARK,controlled-groth16-pilot-v1,6cbe608f63eb536939ec56747cb6bba231db9daa,de947ec44a622d90f62e247e4cad4e4a81bb578c8249825f66cc44a0179ee3b2,controlled_kernel,ark-groth16-0.6.0-bn254,deserialize,1024,1,wrong_public_input,true,3,0.536668,0.247885,0.661169,0.693980,0.251210,0.697626,,,,,not-applicable,,,,,,,,,,,,,,measured,within-stack pilot; no Groth16-versus-PLONK claim,measurement,true
C2-CONTROLLED-SNARK,controlled-groth16-pilot-v1,6cbe608f63eb536939ec56747cb6bba231db9daa,de947ec44a622d90f62e247e4cad4e4a81bb578c8249825f66cc44a0179ee3b2,controlled_kernel,ark-groth16-0.6.0-bn254,deserialize,1024,16,,true,3,1.303885,1.013999,1.345084,2.201500,0.269915,2.296657,,,,,not-applicable,,,,,,,,,,,,,,measured,within-stack pilot; no Groth16-versus-PLONK claim,measurement,true
C2-CONTROLLED-SNARK,controlled-groth16-pilot-v1,6cbe608f63eb536939ec56747cb6bba231db9daa,de947ec44a622d90f62e247e4cad4e4a81bb578c8249825f66cc44a0179ee3b2,controlled_kernel,ark-groth16-0.6.0-bn254,deserialize,1024,2,,true,3,0.755641,0.083960,0.774941,0.822937,0.663711,0.828270,,,,,not-applicable,,,,,,,,,,,,,,measured,within-stack pilot; no Groth16-versus-PLONK claim,measurement,true
C2-CONTROLLED-SNARK,controlled-groth16-pilot-v1,6cbe608f63eb536939ec56747cb6bba231db9daa,de947ec44a622d90f62e247e4cad4e4a81bb578c8249825f66cc44a0179ee3b2,controlled_kernel,ark-groth16-0.6.0-bn254,deserialize,1024,4,,true,3,0.908594,0.088590,0.928981,0.979591,0.811588,0.985214,,,,,not-applicable,,,,,,,,,,,,,,measured,within-stack pilot; no Groth16-versus-PLONK claim,measurement,true
C2-CONTROLLED-SNARK,controlled-groth16-pilot-v1,6cbe608f63eb536939ec56747cb6bba231db9daa,de947ec44a622d90f62e247e4cad4e4a81bb578c8249825f66cc44a0179ee3b2,controlled_kernel,ark-groth16-0.6.0-bn254,deserialize,1024,4,wrong_public_input,true,3,0.980630,0.173376,0.933511,1.148777,0.835685,1.172695,,,,,not-applicable,,,,,,,,,,,,,,measured,within-stack pilot; no Groth16-versus-PLONK claim,measurement,true
C2-CONTROLLED-SNARK,controlled-groth16-pilot-v1,6cbe608f63eb536939ec56747cb6bba231db9daa,de947ec44a622d90f62e247e4cad4e4a81bb578c8249825f66cc44a0179ee3b2,controlled_kernel,ark-groth16-0.6.0-bn254,deserialize,1024,8,,true,3,0.436263,0.247893,0.344805,0.679682,0.247092,0.716891,,,,,not-applicable,,,,,,,,,,,,,,measured,within-stack pilot; no Groth16-versus-PLONK claim,measurement,true
C2-CONTROLLED-SNARK,controlled-groth16-pilot-v1,6cbe608f63eb536939ec56747cb6bba231db9daa,de947ec44a622d90f62e247e4cad4e4a81bb578c8249825f66cc44a0179ee3b2,controlled_kernel,ark-groth16-0.6.0-bn254,deserialize,1024,8,wrong_public_input,true,3,0.868402,0.016454,0.873164,0.881071,0.850093,0.881950,,,,,not-applicable,,,,,,,,,,,,,,measured,within-stack pilot; no Groth16-versus-PLONK claim,measurement,true
C2-CONTROLLED-SNARK,controlled-groth16-pilot-v1,6cbe608f63eb536939ec56747cb6bba231db9daa,de947ec44a622d90f62e247e4cad4e4a81bb578c8249825f66cc44a0179ee3b2,controlled_kernel,ark-groth16-0.6.0-bn254,deserialize,256,1,,true,3,0.631191,0.374105,0.692817,0.942873,0.230100,0.970657,,,,,not-applicable,,,,,,,,,,,,,,measured,within-stack pilot; no Groth16-versus-PLONK claim,measurement,true
C2-CONTROLLED-SNARK,controlled-groth16-pilot-v1,6cbe608f63eb536939ec56747cb6bba231db9daa,de947ec44a622d90f62e247e4cad4e4a81bb578c8249825f66cc44a0179ee3b2,controlled_kernel,ark-groth16-0.6.0-bn254,deserialize,256,16,,true,3,0.676336,0.258530,0.774671,0.861610,0.383067,0.871270,,,,,not-applicable,,,,,,,,,,,,,,measured,within-stack pilot; no Groth16-versus-PLONK claim,measurement,true
C2-CONTROLLED-SNARK,controlled-groth16-pilot-v1,6cbe608f63eb536939ec56747cb6bba231db9daa,de947ec44a622d90f62e247e4cad4e4a81bb578c8249825f66cc44a0179ee3b2,controlled_kernel,ark-groth16-0.6.0-bn254,deserialize,256,2,,true,3,0.603438,0.357235,0.711521,0.875888,0.204643,0.894151,,,,,not-applicable,,,,,,,,,,,,,,measured,within-stack pilot; no Groth16-versus-PLONK claim,measurement,true
C2-CONTROLLED-SNARK,controlled-groth16-pilot-v1,6cbe608f63eb536939ec56747cb6bba231db9daa,de947ec44a622d90f62e247e4cad4e4a81bb578c8249825f66cc44a0179ee3b2,controlled_kernel,ark-groth16-0.6.0-bn254,deserialize,256,4,,true,3,0.566099,0.304123,0.712291,0.763797,0.216485,0.769520,,,,,not-applicable,,,,,,,,,,,,,,measured,within-stack pilot; no Groth16-versus-PLONK claim,measurement,true
C2-CONTROLLED-SNARK,controlled-groth16-pilot-v1,6cbe608f63eb536939ec56747cb6bba231db9daa,de947ec44a622d90f62e247e4cad4e4a81bb578c8249825f66cc44a0179ee3b2,controlled_kernel,ark-groth16-0.6.0-bn254,deserialize,256,8,,true,3,0.616833,0.593920,0.336030,1.202780,0.215384,1.299086,,,,,not-applicable,,,,,,,,,,,,,,measured,within-stack pilot; no Groth16-versus-PLONK claim,measurement,true
C2-CONTROLLED-SNARK,controlled-groth16-pilot-v1,6cbe608f63eb536939ec56747cb6bba231db9daa,de947ec44a622d90f62e247e4cad4e4a81bb578c8249825f66cc44a0179ee3b2,controlled_kernel,ark-groth16-0.6.0-bn254,deserialize,4096,1,,true,3,0.389124,0.263592,0.248755,0.648752,0.225422,0.693196,,,,,not-applicable,,,,,,,,,,,,,,measured,within-stack pilot; no Groth16-versus-PLONK claim,measurement,true
C2-CONTROLLED-SNARK,controlled-groth16-pilot-v1,6cbe608f63eb536939ec56747cb6bba231db9daa,de947ec44a622d90f62e247e4cad4e4a81bb578c8249825f66cc44a0179ee3b2,controlled_kernel,ark-groth16-0.6.0-bn254,deserialize,4096,1,wrong_public_input,true,3,0.639424,0.213772,0.683349,0.813374,0.407101,0.827821,,,,,not-applicable,,,,,,,,,,,,,,measured,within-stack pilot; no Groth16-versus-PLONK claim,measurement,true
C2-CONTROLLED-SNARK,controlled-groth16-pilot-v1,6cbe608f63eb536939ec56747cb6bba231db9daa,de947ec44a622d90f62e247e4cad4e4a81bb578c8249825f66cc44a0179ee3b2,controlled_kernel,ark-groth16-0.6.0-bn254,deserialize,4096,16,,true,3,0.961484,0.669995,1.000276,1.550144,0.272936,1.611240,,,,,not-applicable,,,,,,,,,,,,,,measured,within-stack pilot; no Groth16-versus-PLONK claim,measurement,true
C2-CONTROLLED-SNARK,controlled-groth16-pilot-v1,6cbe608f63eb536939ec56747cb6bba231db9daa,de947ec44a622d90f62e247e4cad4e4a81bb578c8249825f66cc44a0179ee3b2,controlled_kernel,ark-groth16-0.6.0-bn254,deserialize,4096,2,,true,3,0.972631,0.452983,0.723404,1.418291,0.698988,1.495501,,,,,not-applicable,,,,,,,,,,,,,,measured,within-stack pilot; no Groth16-versus-PLONK claim,measurement,true
C2-CONTROLLED-SNARK,controlled-groth16-pilot-v1,6cbe608f63eb536939ec56747cb6bba231db9daa,de947ec44a622d90f62e247e4cad4e4a81bb578c8249825f66cc44a0179ee3b2,controlled_kernel,ark-groth16-0.6.0-bn254,deserialize,4096,4,,true,3,0.667404,0.228050,0.689250,0.864295,0.429218,0.883745,,,,,not-applicable,,,,,,,,,,,,,,measured,within-stack pilot; no Groth16-versus-PLONK claim,measurement,true
C2-CONTROLLED-SNARK,controlled-groth16-pilot-v1,6cbe608f63eb536939ec56747cb6bba231db9daa,de947ec44a622d90f62e247e4cad4e4a81bb578c8249825f66cc44a0179ee3b2,controlled_kernel,ark-groth16-0.6.0-bn254,deserialize,4096,4,wrong_public_input,true,3,0.444989,0.346592,0.283580,0.786920,0.208540,0.842847,,,,,not-applicable,,,,,,,,,,,,,,measured,within-stack pilot; no Groth16-versus-PLONK claim,measurement,true
C2-CONTROLLED-SNARK,controlled-groth16-pilot-v1,6cbe608f63eb536939ec56747cb6bba231db9daa,de947ec44a622d90f62e247e4cad4e4a81bb578c8249825f66cc44a0179ee3b2,controlled_kernel,ark-groth16-0.6.0-bn254,deserialize,4096,8,,true,3,0.764181,0.507740,0.840072,1.190740,0.222767,1.229703,,,,,not-applicable,,,,,,,,,,,,,,measured,within-stack pilot; no Groth16-versus-PLONK claim,measurement,true
C2-CONTROLLED-SNARK,controlled-groth16-pilot-v1,6cbe608f63eb536939ec56747cb6bba231db9daa,de947ec44a622d90f62e247e4cad4e4a81bb578c8249825f66cc44a0179ee3b2,controlled_kernel,ark-groth16-0.6.0-bn254,deserialize,4096,8,wrong_public_input,true,3,1.074625,0.415012,0.843847,1.482743,0.826296,1.553732,,,,,not-applicable,,,,,,,,,,,,,,measured,within-stack pilot; no Groth16-versus-PLONK claim,measurement,true
C2-CONTROLLED-SNARK,controlled-groth16-pilot-v1,6cbe608f63eb536939ec56747cb6bba231db9daa,de947ec44a622d90f62e247e4cad4e4a81bb578c8249825f66cc44a0179ee3b2,controlled_kernel,ark-groth16-0.6.0-bn254,deserialize,64,1,,true,3,0.369632,0.266118,0.221334,0.631305,0.210705,0.676857,,,,,not-applicable,,,,,,,,,,,,,,measured,within-stack pilot; no Groth16-versus-PLONK claim,measurement,true
C2-CONTROLLED-SNARK,controlled-groth16-pilot-v1,6cbe608f63eb536939ec56747cb6bba231db9daa,de947ec44a622d90f62e247e4cad4e4a81bb578c8249825f66cc44a0179ee3b2,controlled_kernel,ark-groth16-0.6.0-bn254,deserialize,64,1,wrong_public_input,true,3,0.424501,0.394316,0.197650,0.811600,0.196037,0.879817,,,,,not-applicable,,,,,,,,,,,,,,measured,within-stack pilot; no Groth16-versus-PLONK claim,measurement,true
C2-CONTROLLED-SNARK,controlled-groth16-pilot-v1,6cbe608f63eb536939ec56747cb6bba231db9daa,de947ec44a622d90f62e247e4cad4e4a81bb578c8249825f66cc44a0179ee3b2,controlled_kernel,ark-groth16-0.6.0-bn254,deserialize,64,16,,true,3,0.942280,0.156493,0.856542,1.096270,0.847393,1.122906,,,,,not-applicable,,,,,,,,,,,,,,measured,within-stack pilot; no Groth16-versus-PLONK claim,measurement,true
C2-CONTROLLED-SNARK,controlled-groth16-pilot-v1,6cbe608f63eb536939ec56747cb6bba231db9daa,de947ec44a622d90f62e247e4cad4e4a81bb578c8249825f66cc44a0179ee3b2,controlled_kernel,ark-groth16-0.6.0-bn254,deserialize,64,2,,true,3,0.757460,0.476682,0.958513,1.086461,0.213189,1.100678,,,,,not-applicable,,,,,,,,,,,,,,measured,within-stack pilot; no Groth16-versus-PLONK claim,measurement,true
C2-CONTROLLED-SNARK,controlled-groth16-pilot-v1,6cbe608f63eb536939ec56747cb6bba231db9daa,de947ec44a622d90f62e247e4cad4e4a81bb578c8249825f66cc44a0179ee3b2,controlled_kernel,ark-groth16-0.6.0-bn254,deserialize,64,4,,true,3,0.792169,0.211714,0.684080,1.000907,0.656318,1.036110,,,,,not-applicable,,,,,,,,,,,,,,measured,within-stack pilot; no Groth16-versus-PLONK claim,measurement,true
C2-CONTROLLED-SNARK,controlled-groth16-pilot-v1,6cbe608f63eb536939ec56747cb6bba231db9daa,de947ec44a622d90f62e247e4cad4e4a81bb578c8249825f66cc44a0179ee3b2,controlled_kernel,ark-groth16-0.6.0-bn254,deserialize,64,4,wrong_public_input,true,3,0.837330,0.166895,0.773748,1.001379,0.711572,1.026671,,,,,not-applicable,,,,,,,,,,,,,,measured,within-stack pilot; no Groth16-versus-PLONK claim,measurement,true
C2-CONTROLLED-SNARK,controlled-groth16-pilot-v1,6cbe608f63eb536939ec56747cb6bba231db9daa,de947ec44a622d90f62e247e4cad4e4a81bb578c8249825f66cc44a0179ee3b2,controlled_kernel,ark-groth16-0.6.0-bn254,deserialize,64,8,,true,3,0.655648,0.277623,0.688553,0.892672,0.363038,0.915352,,,,,not-applicable,,,,,,,,,,,,,,measured,within-stack pilot; no Groth16-versus-PLONK claim,measurement,true
C2-CONTROLLED-SNARK,controlled-groth16-pilot-v1,6cbe608f63eb536939ec56747cb6bba231db9daa,de947ec44a622d90f62e247e4cad4e4a81bb578c8249825f66cc44a0179ee3b2,controlled_kernel,ark-groth16-0.6.0-bn254,deserialize,64,8,wrong_public_input,true,3,0.622882,0.346953,0.791890,0.846840,0.223809,0.852946,,,,,not-applicable,,,,,,,,,,,,,,measured,within-stack pilot; no Groth16-versus-PLONK claim,measurement,true
C2-CONTROLLED-SNARK,controlled-groth16-pilot-v1,6cbe608f63eb536939ec56747cb6bba231db9daa,de947ec44a622d90f62e247e4cad4e4a81bb578c8249825f66cc44a0179ee3b2,controlled_kernel,ark-groth16-0.6.0-bn254,fft_ntt,1024,1,,false,,,,,,,,,,,,not-applicable,,,ark-groth16 does not expose stable per-run phase hooks,,,,,,,,,,,measured,within-stack pilot; no Groth16-versus-PLONK claim,measurement,true
C2-CONTROLLED-SNARK,controlled-groth16-pilot-v1,6cbe608f63eb536939ec56747cb6bba231db9daa,de947ec44a622d90f62e247e4cad4e4a81bb578c8249825f66cc44a0179ee3b2,controlled_kernel,ark-groth16-0.6.0-bn254,fft_ntt,1024,1,wrong_public_input,false,,,,,,,,,,,,not-applicable,,,ark-groth16 does not expose stable per-run phase hooks,,,,,,,,,,,measured,within-stack pilot; no Groth16-versus-PLONK claim,measurement,true
C2-CONTROLLED-SNARK,controlled-groth16-pilot-v1,6cbe608f63eb536939ec56747cb6bba231db9daa,de947ec44a622d90f62e247e4cad4e4a81bb578c8249825f66cc44a0179ee3b2,controlled_kernel,ark-groth16-0.6.0-bn254,fft_ntt,1024,16,,false,,,,,,,,,,,,not-applicable,,,ark-groth16 does not expose stable per-run phase hooks,,,,,,,,,,,measured,within-stack pilot; no Groth16-versus-PLONK claim,measurement,true
C2-CONTROLLED-SNARK,controlled-groth16-pilot-v1,6cbe608f63eb536939ec56747cb6bba231db9daa,de947ec44a622d90f62e247e4cad4e4a81bb578c8249825f66cc44a0179ee3b2,controlled_kernel,ark-groth16-0.6.0-bn254,fft_ntt,1024,2,,false,,,,,,,,,,,,not-applicable,,,ark-groth16 does not expose stable per-run phase hooks,,,,,,,,,,,measured,within-stack pilot; no Groth16-versus-PLONK claim,measurement,true
C2-CONTROLLED-SNARK,controlled-groth16-pilot-v1,6cbe608f63eb536939ec56747cb6bba231db9daa,de947ec44a622d90f62e247e4cad4e4a81bb578c8249825f66cc44a0179ee3b2,controlled_kernel,ark-groth16-0.6.0-bn254,fft_ntt,1024,4,,false,,,,,,,,,,,,not-applicable,,,ark-groth16 does not expose stable per-run phase hooks,,,,,,,,,,,measured,within-stack pilot; no Groth16-versus-PLONK claim,measurement,true
C2-CONTROLLED-SNARK,controlled-groth16-pilot-v1,6cbe608f63eb536939ec56747cb6bba231db9daa,de947ec44a622d90f62e247e4cad4e4a81bb578c8249825f66cc44a0179ee3b2,controlled_kernel,ark-groth16-0.6.0-bn254,fft_ntt,1024,4,wrong_public_input,false,,,,,,,,,,,,not-applicable,,,ark-groth16 does not expose stable per-run phase hooks,,,,,,,,,,,measured,within-stack pilot; no Groth16-versus-PLONK claim,measurement,true
C2-CONTROLLED-SNARK,controlled-groth16-pilot-v1,6cbe608f63eb536939ec56747cb6bba231db9daa,de947ec44a622d90f62e247e4cad4e4a81bb578c8249825f66cc44a0179ee3b2,controlled_kernel,ark-groth16-0.6.0-bn254,fft_ntt,1024,8,,false,,,,,,,,,,,,not-applicable,,,ark-groth16 does not expose stable per-run phase hooks,,,,,,,,,,,measured,within-stack pilot; no Groth16-versus-PLONK claim,measurement,true
C2-CONTROLLED-SNARK,controlled-groth16-pilot-v1,6cbe608f63eb536939ec56747cb6bba231db9daa,de947ec44a622d90f62e247e4cad4e4a81bb578c8249825f66cc44a0179ee3b2,controlled_kernel,ark-groth16-0.6.0-bn254,fft_ntt,1024,8,wrong_public_input,false,,,,,,,,,,,,not-applicable,,,ark-groth16 does not expose stable per-run phase hooks,,,,,,,,,,,measured,within-stack pilot; no Groth16-versus-PLONK claim,measurement,true
C2-CONTROLLED-SNARK,controlled-groth16-pilot-v1,6cbe608f63eb536939ec56747cb6bba231db9daa,de947ec44a622d90f62e247e4cad4e4a81bb578c8249825f66cc44a0179ee3b2,controlled_kernel,ark-groth16-0.6.0-bn254,fft_ntt,256,1,,false,,,,,,,,,,,,not-applicable,,,ark-groth16 does not expose stable per-run phase hooks,,,,,,,,,,,measured,within-stack pilot; no Groth16-versus-PLONK claim,measurement,true
C2-CONTROLLED-SNARK,controlled-groth16-pilot-v1,6cbe608f63eb536939ec56747cb6bba231db9daa,de947ec44a622d90f62e247e4cad4e4a81bb578c8249825f66cc44a0179ee3b2,controlled_kernel,ark-groth16-0.6.0-bn254,fft_ntt,256,16,,false,,,,,,,,,,,,not-applicable,,,ark-groth16 does not expose stable per-run phase hooks,,,,,,,,,,,measured,within-stack pilot; no Groth16-versus-PLONK claim,measurement,true
C2-CONTROLLED-SNARK,controlled-groth16-pilot-v1,6cbe608f63eb536939ec56747cb6bba231db9daa,de947ec44a622d90f62e247e4cad4e4a81bb578c8249825f66cc44a0179ee3b2,controlled_kernel,ark-groth16-0.6.0-bn254,fft_ntt,256,2,,false,,,,,,,,,,,,not-applicable,,,ark-groth16 does not expose stable per-run phase hooks,,,,,,,,,,,measured,within-stack pilot; no Groth16-versus-PLONK claim,measurement,true
C2-CONTROLLED-SNARK,controlled-groth16-pilot-v1,6cbe608f63eb536939ec56747cb6bba231db9daa,de947ec44a622d90f62e247e4cad4e4a81bb578c8249825f66cc44a0179ee3b2,controlled_kernel,ark-groth16-0.6.0-bn254,fft_ntt,256,4,,false,,,,,,,,,,,,not-applicable,,,ark-groth16 does not expose stable per-run phase hooks,,,,,,,,,,,measured,within-stack pilot; no Groth16-versus-PLONK claim,measurement,true
C2-CONTROLLED-SNARK,controlled-groth16-pilot-v1,6cbe608f63eb536939ec56747cb6bba231db9daa,de947ec44a622d90f62e247e4cad4e4a81bb578c8249825f66cc44a0179ee3b2,controlled_kernel,ark-groth16-0.6.0-bn254,fft_ntt,256,8,,false,,,,,,,,,,,,not-applicable,,,ark-groth16 does not expose stable per-run phase hooks,,,,,,,,,,,measured,within-stack pilot; no Groth16-versus-PLONK claim,measurement,true
C2-CONTROLLED-SNARK,controlled-groth16-pilot-v1,6cbe608f63eb536939ec56747cb6bba231db9daa,de947ec44a622d90f62e247e4cad4e4a81bb578c8249825f66cc44a0179ee3b2,controlled_kernel,ark-groth16-0.6.0-bn254,fft_ntt,4096,1,,false,,,,,,,,,,,,not-applicable,,,ark-groth16 does not expose stable per-run phase hooks,,,,,,,,,,,measured,within-stack pilot; no Groth16-versus-PLONK claim,measurement,true
C2-CONTROLLED-SNARK,controlled-groth16-pilot-v1,6cbe608f63eb536939ec56747cb6bba231db9daa,de947ec44a622d90f62e247e4cad4e4a81bb578c8249825f66cc44a0179ee3b2,controlled_kernel,ark-groth16-0.6.0-bn254,fft_ntt,4096,1,wrong_public_input,false,,,,,,,,,,,,not-applicable,,,ark-groth16 does not expose stable per-run phase hooks,,,,,,,,,,,measured,within-stack pilot; no Groth16-versus-PLONK claim,measurement,true
C2-CONTROLLED-SNARK,controlled-groth16-pilot-v1,6cbe608f63eb536939ec56747cb6bba231db9daa,de947ec44a622d90f62e247e4cad4e4a81bb578c8249825f66cc44a0179ee3b2,controlled_kernel,ark-groth16-0.6.0-bn254,fft_ntt,4096,16,,false,,,,,,,,,,,,not-applicable,,,ark-groth16 does not expose stable per-run phase hooks,,,,,,,,,,,measured,within-stack pilot; no Groth16-versus-PLONK claim,measurement,true
C2-CONTROLLED-SNARK,controlled-groth16-pilot-v1,6cbe608f63eb536939ec56747cb6bba231db9daa,de947ec44a622d90f62e247e4cad4e4a81bb578c8249825f66cc44a0179ee3b2,controlled_kernel,ark-groth16-0.6.0-bn254,fft_ntt,4096,2,,false,,,,,,,,,,,,not-applicable,,,ark-groth16 does not expose stable per-run phase hooks,,,,,,,,,,,measured,within-stack pilot; no Groth16-versus-PLONK claim,measurement,true
C2-CONTROLLED-SNARK,controlled-groth16-pilot-v1,6cbe608f63eb536939ec56747cb6bba231db9daa,de947ec44a622d90f62e247e4cad4e4a81bb578c8249825f66cc44a0179ee3b2,controlled_kernel,ark-groth16-0.6.0-bn254,fft_ntt,4096,4,,false,,,,,,,,,,,,not-applicable,,,ark-groth16 does not expose stable per-run phase hooks,,,,,,,,,,,measured,within-stack pilot; no Groth16-versus-PLONK claim,measurement,true
C2-CONTROLLED-SNARK,controlled-groth16-pilot-v1,6cbe608f63eb536939ec56747cb6bba231db9daa,de947ec44a622d90f62e247e4cad4e4a81bb578c8249825f66cc44a0179ee3b2,controlled_kernel,ark-groth16-0.6.0-bn254,fft_ntt,4096,4,wrong_public_input,false,,,,,,,,,,,,not-applicable,,,ark-groth16 does not expose stable per-run phase hooks,,,,,,,,,,,measured,within-stack pilot; no Groth16-versus-PLONK claim,measurement,true
C2-CONTROLLED-SNARK,controlled-groth16-pilot-v1,6cbe608f63eb536939ec56747cb6bba231db9daa,de947ec44a622d90f62e247e4cad4e4a81bb578c8249825f66cc44a0179ee3b2,controlled_kernel,ark-groth16-0.6.0-bn254,fft_ntt,4096,8,,false,,,,,,,,,,,,not-applicable,,,ark-groth16 does not expose stable per-run phase hooks,,,,,,,,,,,measured,within-stack pilot; no Groth16-versus-PLONK claim,measurement,true
C2-CONTROLLED-SNARK,controlled-groth16-pilot-v1,6cbe608f63eb536939ec56747cb6bba231db9daa,de947ec44a622d90f62e247e4cad4e4a81bb578c8249825f66cc44a0179ee3b2,controlled_kernel,ark-groth16-0.6.0-bn254,fft_ntt,4096,8,wrong_public_input,false,,,,,,,,,,,,not-applicable,,,ark-groth16 does not expose stable per-run phase hooks,,,,,,,,,,,measured,within-stack pilot; no Groth16-versus-PLONK claim,measurement,true
C2-CONTROLLED-SNARK,controlled-groth16-pilot-v1,6cbe608f63eb536939ec56747cb6bba231db9daa,de947ec44a622d90f62e247e4cad4e4a81bb578c8249825f66cc44a0179ee3b2,controlled_kernel,ark-groth16-0.6.0-bn254,fft_ntt,64,1,,false,,,,,,,,,,,,not-applicable,,,ark-groth16 does not expose stable per-run phase hooks,,,,,,,,,,,measured,within-stack pilot; no Groth16-versus-PLONK claim,measurement,true
C2-CONTROLLED-SNARK,controlled-groth16-pilot-v1,6cbe608f63eb536939ec56747cb6bba231db9daa,de947ec44a622d90f62e247e4cad4e4a81bb578c8249825f66cc44a0179ee3b2,controlled_kernel,ark-groth16-0.6.0-bn254,fft_ntt,64,1,wrong_public_input,false,,,,,,,,,,,,not-applicable,,,ark-groth16 does not expose stable per-run phase hooks,,,,,,,,,,,measured,within-stack pilot; no Groth16-versus-PLONK claim,measurement,true
C2-CONTROLLED-SNARK,controlled-groth16-pilot-v1,6cbe608f63eb536939ec56747cb6bba231db9daa,de947ec44a622d90f62e247e4cad4e4a81bb578c8249825f66cc44a0179ee3b2,controlled_kernel,ark-groth16-0.6.0-bn254,fft_ntt,64,16,,false,,,,,,,,,,,,not-applicable,,,ark-groth16 does not expose stable per-run phase hooks,,,,,,,,,,,measured,within-stack pilot; no Groth16-versus-PLONK claim,measurement,true
C2-CONTROLLED-SNARK,controlled-groth16-pilot-v1,6cbe608f63eb536939ec56747cb6bba231db9daa,de947ec44a622d90f62e247e4cad4e4a81bb578c8249825f66cc44a0179ee3b2,controlled_kernel,ark-groth16-0.6.0-bn254,fft_ntt,64,2,,false,,,,,,,,,,,,not-applicable,,,ark-groth16 does not expose stable per-run phase hooks,,,,,,,,,,,measured,within-stack pilot; no Groth16-versus-PLONK claim,measurement,true
C2-CONTROLLED-SNARK,controlled-groth16-pilot-v1,6cbe608f63eb536939ec56747cb6bba231db9daa,de947ec44a622d90f62e247e4cad4e4a81bb578c8249825f66cc44a0179ee3b2,controlled_kernel,ark-groth16-0.6.0-bn254,fft_ntt,64,4,,false,,,,,,,,,,,,not-applicable,,,ark-groth16 does not expose stable per-run phase hooks,,,,,,,,,,,measured,within-stack pilot; no Groth16-versus-PLONK claim,measurement,true
C2-CONTROLLED-SNARK,controlled-groth16-pilot-v1,6cbe608f63eb536939ec56747cb6bba231db9daa,de947ec44a622d90f62e247e4cad4e4a81bb578c8249825f66cc44a0179ee3b2,controlled_kernel,ark-groth16-0.6.0-bn254,fft_ntt,64,4,wrong_public_input,false,,,,,,,,,,,,not-applicable,,,ark-groth16 does not expose stable per-run phase hooks,,,,,,,,,,,measured,within-stack pilot; no Groth16-versus-PLONK claim,measurement,true
C2-CONTROLLED-SNARK,controlled-groth16-pilot-v1,6cbe608f63eb536939ec56747cb6bba231db9daa,de947ec44a622d90f62e247e4cad4e4a81bb578c8249825f66cc44a0179ee3b2,controlled_kernel,ark-groth16-0.6.0-bn254,fft_ntt,64,8,,false,,,,,,,,,,,,not-applicable,,,ark-groth16 does not expose stable per-run phase hooks,,,,,,,,,,,measured,within-stack pilot; no Groth16-versus-PLONK claim,measurement,true
C2-CONTROLLED-SNARK,controlled-groth16-pilot-v1,6cbe608f63eb536939ec56747cb6bba231db9daa,de947ec44a622d90f62e247e4cad4e4a81bb578c8249825f66cc44a0179ee3b2,controlled_kernel,ark-groth16-0.6.0-bn254,fft_ntt,64,8,wrong_public_input,false,,,,,,,,,,,,not-applicable,,,ark-groth16 does not expose stable per-run phase hooks,,,,,,,,,,,measured,within-stack pilot; no Groth16-versus-PLONK claim,measurement,true
C2-CONTROLLED-SNARK,controlled-groth16-pilot-v1,6cbe608f63eb536939ec56747cb6bba231db9daa,de947ec44a622d90f62e247e4cad4e4a81bb578c8249825f66cc44a0179ee3b2,controlled_kernel,ark-groth16-0.6.0-bn254,key_load,1024,1,,false,,,,,,,,,,,,not-applicable,,,ark-groth16 does not expose stable per-run phase hooks,,,,,,,,,,,measured,within-stack pilot; no Groth16-versus-PLONK claim,measurement,true
C2-CONTROLLED-SNARK,controlled-groth16-pilot-v1,6cbe608f63eb536939ec56747cb6bba231db9daa,de947ec44a622d90f62e247e4cad4e4a81bb578c8249825f66cc44a0179ee3b2,controlled_kernel,ark-groth16-0.6.0-bn254,key_load,1024,1,wrong_public_input,false,,,,,,,,,,,,not-applicable,,,ark-groth16 does not expose stable per-run phase hooks,,,,,,,,,,,measured,within-stack pilot; no Groth16-versus-PLONK claim,measurement,true
C2-CONTROLLED-SNARK,controlled-groth16-pilot-v1,6cbe608f63eb536939ec56747cb6bba231db9daa,de947ec44a622d90f62e247e4cad4e4a81bb578c8249825f66cc44a0179ee3b2,controlled_kernel,ark-groth16-0.6.0-bn254,key_load,1024,16,,false,,,,,,,,,,,,not-applicable,,,ark-groth16 does not expose stable per-run phase hooks,,,,,,,,,,,measured,within-stack pilot; no Groth16-versus-PLONK claim,measurement,true
C2-CONTROLLED-SNARK,controlled-groth16-pilot-v1,6cbe608f63eb536939ec56747cb6bba231db9daa,de947ec44a622d90f62e247e4cad4e4a81bb578c8249825f66cc44a0179ee3b2,controlled_kernel,ark-groth16-0.6.0-bn254,key_load,1024,2,,false,,,,,,,,,,,,not-applicable,,,ark-groth16 does not expose stable per-run phase hooks,,,,,,,,,,,measured,within-stack pilot; no Groth16-versus-PLONK claim,measurement,true
C2-CONTROLLED-SNARK,controlled-groth16-pilot-v1,6cbe608f63eb536939ec56747cb6bba231db9daa,de947ec44a622d90f62e247e4cad4e4a81bb578c8249825f66cc44a0179ee3b2,controlled_kernel,ark-groth16-0.6.0-bn254,key_load,1024,4,,false,,,,,,,,,,,,not-applicable,,,ark-groth16 does not expose stable per-run phase hooks,,,,,,,,,,,measured,within-stack pilot; no Groth16-versus-PLONK claim,measurement,true
C2-CONTROLLED-SNARK,controlled-groth16-pilot-v1,6cbe608f63eb536939ec56747cb6bba231db9daa,de947ec44a622d90f62e247e4cad4e4a81bb578c8249825f66cc44a0179ee3b2,controlled_kernel,ark-groth16-0.6.0-bn254,key_load,1024,4,wrong_public_input,false,,,,,,,,,,,,not-applicable,,,ark-groth16 does not expose stable per-run phase hooks,,,,,,,,,,,measured,within-stack pilot; no Groth16-versus-PLONK claim,measurement,true
C2-CONTROLLED-SNARK,controlled-groth16-pilot-v1,6cbe608f63eb536939ec56747cb6bba231db9daa,de947ec44a622d90f62e247e4cad4e4a81bb578c8249825f66cc44a0179ee3b2,controlled_kernel,ark-groth16-0.6.0-bn254,key_load,1024,8,,false,,,,,,,,,,,,not-applicable,,,ark-groth16 does not expose stable per-run phase hooks,,,,,,,,,,,measured,within-stack pilot; no Groth16-versus-PLONK claim,measurement,true
C2-CONTROLLED-SNARK,controlled-groth16-pilot-v1,6cbe608f63eb536939ec56747cb6bba231db9daa,de947ec44a622d90f62e247e4cad4e4a81bb578c8249825f66cc44a0179ee3b2,controlled_kernel,ark-groth16-0.6.0-bn254,key_load,1024,8,wrong_public_input,false,,,,,,,,,,,,not-applicable,,,ark-groth16 does not expose stable per-run phase hooks,,,,,,,,,,,measured,within-stack pilot; no Groth16-versus-PLONK claim,measurement,true
C2-CONTROLLED-SNARK,controlled-groth16-pilot-v1,6cbe608f63eb536939ec56747cb6bba231db9daa,de947ec44a622d90f62e247e4cad4e4a81bb578c8249825f66cc44a0179ee3b2,controlled_kernel,ark-groth16-0.6.0-bn254,key_load,256,1,,false,,,,,,,,,,,,not-applicable,,,ark-groth16 does not expose stable per-run phase hooks,,,,,,,,,,,measured,within-stack pilot; no Groth16-versus-PLONK claim,measurement,true
C2-CONTROLLED-SNARK,controlled-groth16-pilot-v1,6cbe608f63eb536939ec56747cb6bba231db9daa,de947ec44a622d90f62e247e4cad4e4a81bb578c8249825f66cc44a0179ee3b2,controlled_kernel,ark-groth16-0.6.0-bn254,key_load,256,16,,false,,,,,,,,,,,,not-applicable,,,ark-groth16 does not expose stable per-run phase hooks,,,,,,,,,,,measured,within-stack pilot; no Groth16-versus-PLONK claim,measurement,true
C2-CONTROLLED-SNARK,controlled-groth16-pilot-v1,6cbe608f63eb536939ec56747cb6bba231db9daa,de947ec44a622d90f62e247e4cad4e4a81bb578c8249825f66cc44a0179ee3b2,controlled_kernel,ark-groth16-0.6.0-bn254,key_load,256,2,,false,,,,,,,,,,,,not-applicable,,,ark-groth16 does not expose stable per-run phase hooks,,,,,,,,,,,measured,within-stack pilot; no Groth16-versus-PLONK claim,measurement,true
C2-CONTROLLED-SNARK,controlled-groth16-pilot-v1,6cbe608f63eb536939ec56747cb6bba231db9daa,de947ec44a622d90f62e247e4cad4e4a81bb578c8249825f66cc44a0179ee3b2,controlled_kernel,ark-groth16-0.6.0-bn254,key_load,256,4,,false,,,,,,,,,,,,not-applicable,,,ark-groth16 does not expose stable per-run phase hooks,,,,,,,,,,,measured,within-stack pilot; no Groth16-versus-PLONK claim,measurement,true
C2-CONTROLLED-SNARK,controlled-groth16-pilot-v1,6cbe608f63eb536939ec56747cb6bba231db9daa,de947ec44a622d90f62e247e4cad4e4a81bb578c8249825f66cc44a0179ee3b2,controlled_kernel,ark-groth16-0.6.0-bn254,key_load,256,8,,false,,,,,,,,,,,,not-applicable,,,ark-groth16 does not expose stable per-run phase hooks,,,,,,,,,,,measured,within-stack pilot; no Groth16-versus-PLONK claim,measurement,true
C2-CONTROLLED-SNARK,controlled-groth16-pilot-v1,6cbe608f63eb536939ec56747cb6bba231db9daa,de947ec44a622d90f62e247e4cad4e4a81bb578c8249825f66cc44a0179ee3b2,controlled_kernel,ark-groth16-0.6.0-bn254,key_load,4096,1,,false,,,,,,,,,,,,not-applicable,,,ark-groth16 does not expose stable per-run phase hooks,,,,,,,,,,,measured,within-stack pilot; no Groth16-versus-PLONK claim,measurement,true
C2-CONTROLLED-SNARK,controlled-groth16-pilot-v1,6cbe608f63eb536939ec56747cb6bba231db9daa,de947ec44a622d90f62e247e4cad4e4a81bb578c8249825f66cc44a0179ee3b2,controlled_kernel,ark-groth16-0.6.0-bn254,key_load,4096,1,wrong_public_input,false,,,,,,,,,,,,not-applicable,,,ark-groth16 does not expose stable per-run phase hooks,,,,,,,,,,,measured,within-stack pilot; no Groth16-versus-PLONK claim,measurement,true
C2-CONTROLLED-SNARK,controlled-groth16-pilot-v1,6cbe608f63eb536939ec56747cb6bba231db9daa,de947ec44a622d90f62e247e4cad4e4a81bb578c8249825f66cc44a0179ee3b2,controlled_kernel,ark-groth16-0.6.0-bn254,key_load,4096,16,,false,,,,,,,,,,,,not-applicable,,,ark-groth16 does not expose stable per-run phase hooks,,,,,,,,,,,measured,within-stack pilot; no Groth16-versus-PLONK claim,measurement,true
C2-CONTROLLED-SNARK,controlled-groth16-pilot-v1,6cbe608f63eb536939ec56747cb6bba231db9daa,de947ec44a622d90f62e247e4cad4e4a81bb578c8249825f66cc44a0179ee3b2,controlled_kernel,ark-groth16-0.6.0-bn254,key_load,4096,2,,false,,,,,,,,,,,,not-applicable,,,ark-groth16 does not expose stable per-run phase hooks,,,,,,,,,,,measured,within-stack pilot; no Groth16-versus-PLONK claim,measurement,true
C2-CONTROLLED-SNARK,controlled-groth16-pilot-v1,6cbe608f63eb536939ec56747cb6bba231db9daa,de947ec44a622d90f62e247e4cad4e4a81bb578c8249825f66cc44a0179ee3b2,controlled_kernel,ark-groth16-0.6.0-bn254,key_load,4096,4,,false,,,,,,,,,,,,not-applicable,,,ark-groth16 does not expose stable per-run phase hooks,,,,,,,,,,,measured,within-stack pilot; no Groth16-versus-PLONK claim,measurement,true
C2-CONTROLLED-SNARK,controlled-groth16-pilot-v1,6cbe608f63eb536939ec56747cb6bba231db9daa,de947ec44a622d90f62e247e4cad4e4a81bb578c8249825f66cc44a0179ee3b2,controlled_kernel,ark-groth16-0.6.0-bn254,key_load,4096,4,wrong_public_input,false,,,,,,,,,,,,not-applicable,,,ark-groth16 does not expose stable per-run phase hooks,,,,,,,,,,,measured,within-stack pilot; no Groth16-versus-PLONK claim,measurement,true
C2-CONTROLLED-SNARK,controlled-groth16-pilot-v1,6cbe608f63eb536939ec56747cb6bba231db9daa,de947ec44a622d90f62e247e4cad4e4a81bb578c8249825f66cc44a0179ee3b2,controlled_kernel,ark-groth16-0.6.0-bn254,key_load,4096,8,,false,,,,,,,,,,,,not-applicable,,,ark-groth16 does not expose stable per-run phase hooks,,,,,,,,,,,measured,within-stack pilot; no Groth16-versus-PLONK claim,measurement,true
C2-CONTROLLED-SNARK,controlled-groth16-pilot-v1,6cbe608f63eb536939ec56747cb6bba231db9daa,de947ec44a622d90f62e247e4cad4e4a81bb578c8249825f66cc44a0179ee3b2,controlled_kernel,ark-groth16-0.6.0-bn254,key_load,4096,8,wrong_public_input,false,,,,,,,,,,,,not-applicable,,,ark-groth16 does not expose stable per-run phase hooks,,,,,,,,,,,measured,within-stack pilot; no Groth16-versus-PLONK claim,measurement,true
C2-CONTROLLED-SNARK,controlled-groth16-pilot-v1,6cbe608f63eb536939ec56747cb6bba231db9daa,de947ec44a622d90f62e247e4cad4e4a81bb578c8249825f66cc44a0179ee3b2,controlled_kernel,ark-groth16-0.6.0-bn254,key_load,64,1,,false,,,,,,,,,,,,not-applicable,,,ark-groth16 does not expose stable per-run phase hooks,,,,,,,,,,,measured,within-stack pilot; no Groth16-versus-PLONK claim,measurement,true
C2-CONTROLLED-SNARK,controlled-groth16-pilot-v1,6cbe608f63eb536939ec56747cb6bba231db9daa,de947ec44a622d90f62e247e4cad4e4a81bb578c8249825f66cc44a0179ee3b2,controlled_kernel,ark-groth16-0.6.0-bn254,key_load,64,1,wrong_public_input,false,,,,,,,,,,,,not-applicable,,,ark-groth16 does not expose stable per-run phase hooks,,,,,,,,,,,measured,within-stack pilot; no Groth16-versus-PLONK claim,measurement,true
C2-CONTROLLED-SNARK,controlled-groth16-pilot-v1,6cbe608f63eb536939ec56747cb6bba231db9daa,de947ec44a622d90f62e247e4cad4e4a81bb578c8249825f66cc44a0179ee3b2,controlled_kernel,ark-groth16-0.6.0-bn254,key_load,64,16,,false,,,,,,,,,,,,not-applicable,,,ark-groth16 does not expose stable per-run phase hooks,,,,,,,,,,,measured,within-stack pilot; no Groth16-versus-PLONK claim,measurement,true
C2-CONTROLLED-SNARK,controlled-groth16-pilot-v1,6cbe608f63eb536939ec56747cb6bba231db9daa,de947ec44a622d90f62e247e4cad4e4a81bb578c8249825f66cc44a0179ee3b2,controlled_kernel,ark-groth16-0.6.0-bn254,key_load,64,2,,false,,,,,,,,,,,,not-applicable,,,ark-groth16 does not expose stable per-run phase hooks,,,,,,,,,,,measured,within-stack pilot; no Groth16-versus-PLONK claim,measurement,true
C2-CONTROLLED-SNARK,controlled-groth16-pilot-v1,6cbe608f63eb536939ec56747cb6bba231db9daa,de947ec44a622d90f62e247e4cad4e4a81bb578c8249825f66cc44a0179ee3b2,controlled_kernel,ark-groth16-0.6.0-bn254,key_load,64,4,,false,,,,,,,,,,,,not-applicable,,,ark-groth16 does not expose stable per-run phase hooks,,,,,,,,,,,measured,within-stack pilot; no Groth16-versus-PLONK claim,measurement,true
C2-CONTROLLED-SNARK,controlled-groth16-pilot-v1,6cbe608f63eb536939ec56747cb6bba231db9daa,de947ec44a622d90f62e247e4cad4e4a81bb578c8249825f66cc44a0179ee3b2,controlled_kernel,ark-groth16-0.6.0-bn254,key_load,64,4,wrong_public_input,false,,,,,,,,,,,,not-applicable,,,ark-groth16 does not expose stable per-run phase hooks,,,,,,,,,,,measured,within-stack pilot; no Groth16-versus-PLONK claim,measurement,true
C2-CONTROLLED-SNARK,controlled-groth16-pilot-v1,6cbe608f63eb536939ec56747cb6bba231db9daa,de947ec44a622d90f62e247e4cad4e4a81bb578c8249825f66cc44a0179ee3b2,controlled_kernel,ark-groth16-0.6.0-bn254,key_load,64,8,,false,,,,,,,,,,,,not-applicable,,,ark-groth16 does not expose stable per-run phase hooks,,,,,,,,,,,measured,within-stack pilot; no Groth16-versus-PLONK claim,measurement,true
C2-CONTROLLED-SNARK,controlled-groth16-pilot-v1,6cbe608f63eb536939ec56747cb6bba231db9daa,de947ec44a622d90f62e247e4cad4e4a81bb578c8249825f66cc44a0179ee3b2,controlled_kernel,ark-groth16-0.6.0-bn254,key_load,64,8,wrong_public_input,false,,,,,,,,,,,,not-applicable,,,ark-groth16 does not expose stable per-run phase hooks,,,,,,,,,,,measured,within-stack pilot; no Groth16-versus-PLONK claim,measurement,true
C2-CONTROLLED-SNARK,controlled-groth16-pilot-v1,6cbe608f63eb536939ec56747cb6bba231db9daa,de947ec44a622d90f62e247e4cad4e4a81bb578c8249825f66cc44a0179ee3b2,controlled_kernel,ark-groth16-0.6.0-bn254,msm,1024,1,,false,,,,,,,,,,,,not-applicable,,,ark-groth16 does not expose stable per-run phase hooks,,,,,,,,,,,measured,within-stack pilot; no Groth16-versus-PLONK claim,measurement,true
C2-CONTROLLED-SNARK,controlled-groth16-pilot-v1,6cbe608f63eb536939ec56747cb6bba231db9daa,de947ec44a622d90f62e247e4cad4e4a81bb578c8249825f66cc44a0179ee3b2,controlled_kernel,ark-groth16-0.6.0-bn254,msm,1024,1,wrong_public_input,false,,,,,,,,,,,,not-applicable,,,ark-groth16 does not expose stable per-run phase hooks,,,,,,,,,,,measured,within-stack pilot; no Groth16-versus-PLONK claim,measurement,true
C2-CONTROLLED-SNARK,controlled-groth16-pilot-v1,6cbe608f63eb536939ec56747cb6bba231db9daa,de947ec44a622d90f62e247e4cad4e4a81bb578c8249825f66cc44a0179ee3b2,controlled_kernel,ark-groth16-0.6.0-bn254,msm,1024,16,,false,,,,,,,,,,,,not-applicable,,,ark-groth16 does not expose stable per-run phase hooks,,,,,,,,,,,measured,within-stack pilot; no Groth16-versus-PLONK claim,measurement,true
C2-CONTROLLED-SNARK,controlled-groth16-pilot-v1,6cbe608f63eb536939ec56747cb6bba231db9daa,de947ec44a622d90f62e247e4cad4e4a81bb578c8249825f66cc44a0179ee3b2,controlled_kernel,ark-groth16-0.6.0-bn254,msm,1024,2,,false,,,,,,,,,,,,not-applicable,,,ark-groth16 does not expose stable per-run phase hooks,,,,,,,,,,,measured,within-stack pilot; no Groth16-versus-PLONK claim,measurement,true
C2-CONTROLLED-SNARK,controlled-groth16-pilot-v1,6cbe608f63eb536939ec56747cb6bba231db9daa,de947ec44a622d90f62e247e4cad4e4a81bb578c8249825f66cc44a0179ee3b2,controlled_kernel,ark-groth16-0.6.0-bn254,msm,1024,4,,false,,,,,,,,,,,,not-applicable,,,ark-groth16 does not expose stable per-run phase hooks,,,,,,,,,,,measured,within-stack pilot; no Groth16-versus-PLONK claim,measurement,true
C2-CONTROLLED-SNARK,controlled-groth16-pilot-v1,6cbe608f63eb536939ec56747cb6bba231db9daa,de947ec44a622d90f62e247e4cad4e4a81bb578c8249825f66cc44a0179ee3b2,controlled_kernel,ark-groth16-0.6.0-bn254,msm,1024,4,wrong_public_input,false,,,,,,,,,,,,not-applicable,,,ark-groth16 does not expose stable per-run phase hooks,,,,,,,,,,,measured,within-stack pilot; no Groth16-versus-PLONK claim,measurement,true
C2-CONTROLLED-SNARK,controlled-groth16-pilot-v1,6cbe608f63eb536939ec56747cb6bba231db9daa,de947ec44a622d90f62e247e4cad4e4a81bb578c8249825f66cc44a0179ee3b2,controlled_kernel,ark-groth16-0.6.0-bn254,msm,1024,8,,false,,,,,,,,,,,,not-applicable,,,ark-groth16 does not expose stable per-run phase hooks,,,,,,,,,,,measured,within-stack pilot; no Groth16-versus-PLONK claim,measurement,true
C2-CONTROLLED-SNARK,controlled-groth16-pilot-v1,6cbe608f63eb536939ec56747cb6bba231db9daa,de947ec44a622d90f62e247e4cad4e4a81bb578c8249825f66cc44a0179ee3b2,controlled_kernel,ark-groth16-0.6.0-bn254,msm,1024,8,wrong_public_input,false,,,,,,,,,,,,not-applicable,,,ark-groth16 does not expose stable per-run phase hooks,,,,,,,,,,,measured,within-stack pilot; no Groth16-versus-PLONK claim,measurement,true
C2-CONTROLLED-SNARK,controlled-groth16-pilot-v1,6cbe608f63eb536939ec56747cb6bba231db9daa,de947ec44a622d90f62e247e4cad4e4a81bb578c8249825f66cc44a0179ee3b2,controlled_kernel,ark-groth16-0.6.0-bn254,msm,256,1,,false,,,,,,,,,,,,not-applicable,,,ark-groth16 does not expose stable per-run phase hooks,,,,,,,,,,,measured,within-stack pilot; no Groth16-versus-PLONK claim,measurement,true
C2-CONTROLLED-SNARK,controlled-groth16-pilot-v1,6cbe608f63eb536939ec56747cb6bba231db9daa,de947ec44a622d90f62e247e4cad4e4a81bb578c8249825f66cc44a0179ee3b2,controlled_kernel,ark-groth16-0.6.0-bn254,msm,256,16,,false,,,,,,,,,,,,not-applicable,,,ark-groth16 does not expose stable per-run phase hooks,,,,,,,,,,,measured,within-stack pilot; no Groth16-versus-PLONK claim,measurement,true
C2-CONTROLLED-SNARK,controlled-groth16-pilot-v1,6cbe608f63eb536939ec56747cb6bba231db9daa,de947ec44a622d90f62e247e4cad4e4a81bb578c8249825f66cc44a0179ee3b2,controlled_kernel,ark-groth16-0.6.0-bn254,msm,256,2,,false,,,,,,,,,,,,not-applicable,,,ark-groth16 does not expose stable per-run phase hooks,,,,,,,,,,,measured,within-stack pilot; no Groth16-versus-PLONK claim,measurement,true
C2-CONTROLLED-SNARK,controlled-groth16-pilot-v1,6cbe608f63eb536939ec56747cb6bba231db9daa,de947ec44a622d90f62e247e4cad4e4a81bb578c8249825f66cc44a0179ee3b2,controlled_kernel,ark-groth16-0.6.0-bn254,msm,256,4,,false,,,,,,,,,,,,not-applicable,,,ark-groth16 does not expose stable per-run phase hooks,,,,,,,,,,,measured,within-stack pilot; no Groth16-versus-PLONK claim,measurement,true
C2-CONTROLLED-SNARK,controlled-groth16-pilot-v1,6cbe608f63eb536939ec56747cb6bba231db9daa,de947ec44a622d90f62e247e4cad4e4a81bb578c8249825f66cc44a0179ee3b2,controlled_kernel,ark-groth16-0.6.0-bn254,msm,256,8,,false,,,,,,,,,,,,not-applicable,,,ark-groth16 does not expose stable per-run phase hooks,,,,,,,,,,,measured,within-stack pilot; no Groth16-versus-PLONK claim,measurement,true
C2-CONTROLLED-SNARK,controlled-groth16-pilot-v1,6cbe608f63eb536939ec56747cb6bba231db9daa,de947ec44a622d90f62e247e4cad4e4a81bb578c8249825f66cc44a0179ee3b2,controlled_kernel,ark-groth16-0.6.0-bn254,msm,4096,1,,false,,,,,,,,,,,,not-applicable,,,ark-groth16 does not expose stable per-run phase hooks,,,,,,,,,,,measured,within-stack pilot; no Groth16-versus-PLONK claim,measurement,true
C2-CONTROLLED-SNARK,controlled-groth16-pilot-v1,6cbe608f63eb536939ec56747cb6bba231db9daa,de947ec44a622d90f62e247e4cad4e4a81bb578c8249825f66cc44a0179ee3b2,controlled_kernel,ark-groth16-0.6.0-bn254,msm,4096,1,wrong_public_input,false,,,,,,,,,,,,not-applicable,,,ark-groth16 does not expose stable per-run phase hooks,,,,,,,,,,,measured,within-stack pilot; no Groth16-versus-PLONK claim,measurement,true
C2-CONTROLLED-SNARK,controlled-groth16-pilot-v1,6cbe608f63eb536939ec56747cb6bba231db9daa,de947ec44a622d90f62e247e4cad4e4a81bb578c8249825f66cc44a0179ee3b2,controlled_kernel,ark-groth16-0.6.0-bn254,msm,4096,16,,false,,,,,,,,,,,,not-applicable,,,ark-groth16 does not expose stable per-run phase hooks,,,,,,,,,,,measured,within-stack pilot; no Groth16-versus-PLONK claim,measurement,true
C2-CONTROLLED-SNARK,controlled-groth16-pilot-v1,6cbe608f63eb536939ec56747cb6bba231db9daa,de947ec44a622d90f62e247e4cad4e4a81bb578c8249825f66cc44a0179ee3b2,controlled_kernel,ark-groth16-0.6.0-bn254,msm,4096,2,,false,,,,,,,,,,,,not-applicable,,,ark-groth16 does not expose stable per-run phase hooks,,,,,,,,,,,measured,within-stack pilot; no Groth16-versus-PLONK claim,measurement,true
C2-CONTROLLED-SNARK,controlled-groth16-pilot-v1,6cbe608f63eb536939ec56747cb6bba231db9daa,de947ec44a622d90f62e247e4cad4e4a81bb578c8249825f66cc44a0179ee3b2,controlled_kernel,ark-groth16-0.6.0-bn254,msm,4096,4,,false,,,,,,,,,,,,not-applicable,,,ark-groth16 does not expose stable per-run phase hooks,,,,,,,,,,,measured,within-stack pilot; no Groth16-versus-PLONK claim,measurement,true
C2-CONTROLLED-SNARK,controlled-groth16-pilot-v1,6cbe608f63eb536939ec56747cb6bba231db9daa,de947ec44a622d90f62e247e4cad4e4a81bb578c8249825f66cc44a0179ee3b2,controlled_kernel,ark-groth16-0.6.0-bn254,msm,4096,4,wrong_public_input,false,,,,,,,,,,,,not-applicable,,,ark-groth16 does not expose stable per-run phase hooks,,,,,,,,,,,measured,within-stack pilot; no Groth16-versus-PLONK claim,measurement,true
C2-CONTROLLED-SNARK,controlled-groth16-pilot-v1,6cbe608f63eb536939ec56747cb6bba231db9daa,de947ec44a622d90f62e247e4cad4e4a81bb578c8249825f66cc44a0179ee3b2,controlled_kernel,ark-groth16-0.6.0-bn254,msm,4096,8,,false,,,,,,,,,,,,not-applicable,,,ark-groth16 does not expose stable per-run phase hooks,,,,,,,,,,,measured,within-stack pilot; no Groth16-versus-PLONK claim,measurement,true
C2-CONTROLLED-SNARK,controlled-groth16-pilot-v1,6cbe608f63eb536939ec56747cb6bba231db9daa,de947ec44a622d90f62e247e4cad4e4a81bb578c8249825f66cc44a0179ee3b2,controlled_kernel,ark-groth16-0.6.0-bn254,msm,4096,8,wrong_public_input,false,,,,,,,,,,,,not-applicable,,,ark-groth16 does not expose stable per-run phase hooks,,,,,,,,,,,measured,within-stack pilot; no Groth16-versus-PLONK claim,measurement,true
C2-CONTROLLED-SNARK,controlled-groth16-pilot-v1,6cbe608f63eb536939ec56747cb6bba231db9daa,de947ec44a622d90f62e247e4cad4e4a81bb578c8249825f66cc44a0179ee3b2,controlled_kernel,ark-groth16-0.6.0-bn254,msm,64,1,,false,,,,,,,,,,,,not-applicable,,,ark-groth16 does not expose stable per-run phase hooks,,,,,,,,,,,measured,within-stack pilot; no Groth16-versus-PLONK claim,measurement,true
C2-CONTROLLED-SNARK,controlled-groth16-pilot-v1,6cbe608f63eb536939ec56747cb6bba231db9daa,de947ec44a622d90f62e247e4cad4e4a81bb578c8249825f66cc44a0179ee3b2,controlled_kernel,ark-groth16-0.6.0-bn254,msm,64,1,wrong_public_input,false,,,,,,,,,,,,not-applicable,,,ark-groth16 does not expose stable per-run phase hooks,,,,,,,,,,,measured,within-stack pilot; no Groth16-versus-PLONK claim,measurement,true
C2-CONTROLLED-SNARK,controlled-groth16-pilot-v1,6cbe608f63eb536939ec56747cb6bba231db9daa,de947ec44a622d90f62e247e4cad4e4a81bb578c8249825f66cc44a0179ee3b2,controlled_kernel,ark-groth16-0.6.0-bn254,msm,64,16,,false,,,,,,,,,,,,not-applicable,,,ark-groth16 does not expose stable per-run phase hooks,,,,,,,,,,,measured,within-stack pilot; no Groth16-versus-PLONK claim,measurement,true
C2-CONTROLLED-SNARK,controlled-groth16-pilot-v1,6cbe608f63eb536939ec56747cb6bba231db9daa,de947ec44a622d90f62e247e4cad4e4a81bb578c8249825f66cc44a0179ee3b2,controlled_kernel,ark-groth16-0.6.0-bn254,msm,64,2,,false,,,,,,,,,,,,not-applicable,,,ark-groth16 does not expose stable per-run phase hooks,,,,,,,,,,,measured,within-stack pilot; no Groth16-versus-PLONK claim,measurement,true
C2-CONTROLLED-SNARK,controlled-groth16-pilot-v1,6cbe608f63eb536939ec56747cb6bba231db9daa,de947ec44a622d90f62e247e4cad4e4a81bb578c8249825f66cc44a0179ee3b2,controlled_kernel,ark-groth16-0.6.0-bn254,msm,64,4,,false,,,,,,,,,,,,not-applicable,,,ark-groth16 does not expose stable per-run phase hooks,,,,,,,,,,,measured,within-stack pilot; no Groth16-versus-PLONK claim,measurement,true
C2-CONTROLLED-SNARK,controlled-groth16-pilot-v1,6cbe608f63eb536939ec56747cb6bba231db9daa,de947ec44a622d90f62e247e4cad4e4a81bb578c8249825f66cc44a0179ee3b2,controlled_kernel,ark-groth16-0.6.0-bn254,msm,64,4,wrong_public_input,false,,,,,,,,,,,,not-applicable,,,ark-groth16 does not expose stable per-run phase hooks,,,,,,,,,,,measured,within-stack pilot; no Groth16-versus-PLONK claim,measurement,true
C2-CONTROLLED-SNARK,controlled-groth16-pilot-v1,6cbe608f63eb536939ec56747cb6bba231db9daa,de947ec44a622d90f62e247e4cad4e4a81bb578c8249825f66cc44a0179ee3b2,controlled_kernel,ark-groth16-0.6.0-bn254,msm,64,8,,false,,,,,,,,,,,,not-applicable,,,ark-groth16 does not expose stable per-run phase hooks,,,,,,,,,,,measured,within-stack pilot; no Groth16-versus-PLONK claim,measurement,true
C2-CONTROLLED-SNARK,controlled-groth16-pilot-v1,6cbe608f63eb536939ec56747cb6bba231db9daa,de947ec44a622d90f62e247e4cad4e4a81bb578c8249825f66cc44a0179ee3b2,controlled_kernel,ark-groth16-0.6.0-bn254,msm,64,8,wrong_public_input,false,,,,,,,,,,,,not-applicable,,,ark-groth16 does not expose stable per-run phase hooks,,,,,,,,,,,measured,within-stack pilot; no Groth16-versus-PLONK claim,measurement,true
C2-CONTROLLED-SNARK,controlled-groth16-pilot-v1,6cbe608f63eb536939ec56747cb6bba231db9daa,de947ec44a622d90f62e247e4cad4e4a81bb578c8249825f66cc44a0179ee3b2,controlled_kernel,ark-groth16-0.6.0-bn254,native_execution,1024,1,,true,3,0.697603,0.127078,0.645760,0.822742,0.604643,0.842407,,,,,not-applicable,,,,,,,,,,,,,,measured,within-stack pilot; no Groth16-versus-PLONK claim,measurement,true
C2-CONTROLLED-SNARK,controlled-groth16-pilot-v1,6cbe608f63eb536939ec56747cb6bba231db9daa,de947ec44a622d90f62e247e4cad4e4a81bb578c8249825f66cc44a0179ee3b2,controlled_kernel,ark-groth16-0.6.0-bn254,native_execution,1024,1,wrong_public_input,true,3,0.413198,0.330431,0.528762,0.656169,0.040506,0.670325,,,,,not-applicable,,,,,,,,,,,,,,measured,within-stack pilot; no Groth16-versus-PLONK claim,measurement,true
C2-CONTROLLED-SNARK,controlled-groth16-pilot-v1,6cbe608f63eb536939ec56747cb6bba231db9daa,de947ec44a622d90f62e247e4cad4e4a81bb578c8249825f66cc44a0179ee3b2,controlled_kernel,ark-groth16-0.6.0-bn254,native_execution,1024,16,,true,3,0.411393,0.330242,0.576369,0.621614,0.031168,0.626641,,,,,not-applicable,,,,,,,,,,,,,,measured,within-stack pilot; no Groth16-versus-PLONK claim,measurement,true
C2-CONTROLLED-SNARK,controlled-groth16-pilot-v1,6cbe608f63eb536939ec56747cb6bba231db9daa,de947ec44a622d90f62e247e4cad4e4a81bb578c8249825f66cc44a0179ee3b2,controlled_kernel,ark-groth16-0.6.0-bn254,native_execution,1024,2,,true,3,0.490822,0.043700,0.483024,0.532409,0.451545,0.537896,,,,,not-applicable,,,,,,,,,,,,,,measured,within-stack pilot; no Groth16-versus-PLONK claim,measurement,true
C2-CONTROLLED-SNARK,controlled-groth16-pilot-v1,6cbe608f63eb536939ec56747cb6bba231db9daa,de947ec44a622d90f62e247e4cad4e4a81bb578c8249825f66cc44a0179ee3b2,controlled_kernel,ark-groth16-0.6.0-bn254,native_execution,1024,4,,true,3,0.621884,0.233188,0.506639,0.851894,0.468756,0.890256,,,,,not-applicable,,,,,,,,,,,,,,measured,within-stack pilot; no Groth16-versus-PLONK claim,measurement,true
C2-CONTROLLED-SNARK,controlled-groth16-pilot-v1,6cbe608f63eb536939ec56747cb6bba231db9daa,de947ec44a622d90f62e247e4cad4e4a81bb578c8249825f66cc44a0179ee3b2,controlled_kernel,ark-groth16-0.6.0-bn254,native_execution,1024,4,wrong_public_input,true,3,0.524696,0.057194,0.555119,0.559735,0.458720,0.560248,,,,,not-applicable,,,,,,,,,,,,,,measured,within-stack pilot; no Groth16-versus-PLONK claim,measurement,true
C2-CONTROLLED-SNARK,controlled-groth16-pilot-v1,6cbe608f63eb536939ec56747cb6bba231db9daa,de947ec44a622d90f62e247e4cad4e4a81bb578c8249825f66cc44a0179ee3b2,controlled_kernel,ark-groth16-0.6.0-bn254,native_execution,1024,8,,true,3,0.212351,0.310705,0.043271,0.518162,0.022853,0.570928,,,,,not-applicable,,,,,,,,,,,,,,measured,within-stack pilot; no Groth16-versus-PLONK claim,measurement,true
C2-CONTROLLED-SNARK,controlled-groth16-pilot-v1,6cbe608f63eb536939ec56747cb6bba231db9daa,de947ec44a622d90f62e247e4cad4e4a81bb578c8249825f66cc44a0179ee3b2,controlled_kernel,ark-groth16-0.6.0-bn254,native_execution,1024,8,wrong_public_input,true,3,0.703405,0.242606,0.605779,0.942231,0.524821,0.979615,,,,,not-applicable,,,,,,,,,,,,,,measured,within-stack pilot; no Groth16-versus-PLONK claim,measurement,true
C2-CONTROLLED-SNARK,controlled-groth16-pilot-v1,6cbe608f63eb536939ec56747cb6bba231db9daa,de947ec44a622d90f62e247e4cad4e4a81bb578c8249825f66cc44a0179ee3b2,controlled_kernel,ark-groth16-0.6.0-bn254,native_execution,256,1,,true,3,0.326905,0.280382,0.439512,0.524081,0.007725,0.533478,,,,,not-applicable,,,,,,,,,,,,,,measured,within-stack pilot; no Groth16-versus-PLONK claim,measurement,true
C2-CONTROLLED-SNARK,controlled-groth16-pilot-v1,6cbe608f63eb536939ec56747cb6bba231db9daa,de947ec44a622d90f62e247e4cad4e4a81bb578c8249825f66cc44a0179ee3b2,controlled_kernel,ark-groth16-0.6.0-bn254,native_execution,256,16,,true,3,0.297544,0.237885,0.397384,0.462053,0.026009,0.469238,,,,,not-applicable,,,,,,,,,,,,,,measured,within-stack pilot; no Groth16-versus-PLONK claim,measurement,true
C2-CONTROLLED-SNARK,controlled-groth16-pilot-v1,6cbe608f63eb536939ec56747cb6bba231db9daa,de947ec44a622d90f62e247e4cad4e4a81bb578c8249825f66cc44a0179ee3b2,controlled_kernel,ark-groth16-0.6.0-bn254,native_execution,256,2,,true,3,0.311499,0.277562,0.367868,0.537681,0.010079,0.556549,,,,,not-applicable,,,,,,,,,,,,,,measured,within-stack pilot; no Groth16-versus-PLONK claim,measurement,true
C2-CONTROLLED-SNARK,controlled-groth16-pilot-v1,6cbe608f63eb536939ec56747cb6bba231db9daa,de947ec44a622d90f62e247e4cad4e4a81bb578c8249825f66cc44a0179ee3b2,controlled_kernel,ark-groth16-0.6.0-bn254,native_execution,256,4,,true,3,0.410755,0.346267,0.501327,0.682594,0.028203,0.702735,,,,,not-applicable,,,,,,,,,,,,,,measured,within-stack pilot; no Groth16-versus-PLONK claim,measurement,true
C2-CONTROLLED-SNARK,controlled-groth16-pilot-v1,6cbe608f63eb536939ec56747cb6bba231db9daa,de947ec44a622d90f62e247e4cad4e4a81bb578c8249825f66cc44a0179ee3b2,controlled_kernel,ark-groth16-0.6.0-bn254,native_execution,256,8,,true,3,0.210575,0.352935,0.006923,0.556990,0.006693,0.618109,,,,,not-applicable,,,,,,,,,,,,,,measured,within-stack pilot; no Groth16-versus-PLONK claim,measurement,true
C2-CONTROLLED-SNARK,controlled-groth16-pilot-v1,6cbe608f63eb536939ec56747cb6bba231db9daa,de947ec44a622d90f62e247e4cad4e4a81bb578c8249825f66cc44a0179ee3b2,controlled_kernel,ark-groth16-0.6.0-bn254,native_execution,4096,1,,true,3,0.332746,0.420017,0.094106,0.745359,0.086412,0.817720,,,,,not-applicable,,,,,,,,,,,,,,measured,within-stack pilot; no Groth16-versus-PLONK claim,measurement,true
C2-CONTROLLED-SNARK,controlled-groth16-pilot-v1,6cbe608f63eb536939ec56747cb6bba231db9daa,de947ec44a622d90f62e247e4cad4e4a81bb578c8249825f66cc44a0179ee3b2,controlled_kernel,ark-groth16-0.6.0-bn254,native_execution,4096,1,wrong_public_input,true,3,0.503220,0.396058,0.551392,0.840829,0.085279,0.872989,,,,,not-applicable,,,,,,,,,,,,,,measured,within-stack pilot; no Groth16-versus-PLONK claim,measurement,true
C2-CONTROLLED-SNARK,controlled-groth16-pilot-v1,6cbe608f63eb536939ec56747cb6bba231db9daa,de947ec44a622d90f62e247e4cad4e4a81bb578c8249825f66cc44a0179ee3b2,controlled_kernel,ark-groth16-0.6.0-bn254,native_execution,4096,16,,true,3,0.425432,0.295507,0.573432,0.613270,0.085169,0.617696,,,,,not-applicable,,,,,,,,,,,,,,measured,within-stack pilot; no Groth16-versus-PLONK claim,measurement,true
C2-CONTROLLED-SNARK,controlled-groth16-pilot-v1,6cbe608f63eb536939ec56747cb6bba231db9daa,de947ec44a622d90f62e247e4cad4e4a81bb578c8249825f66cc44a0179ee3b2,controlled_kernel,ark-groth16-0.6.0-bn254,native_execution,4096,2,,true,3,0.654127,0.090995,0.625500,0.742944,0.580887,0.755993,,,,,not-applicable,,,,,,,,,,,,,,measured,within-stack pilot; no Groth16-versus-PLONK claim,measurement,true
C2-CONTROLLED-SNARK,controlled-groth16-pilot-v1,6cbe608f63eb536939ec56747cb6bba231db9daa,de947ec44a622d90f62e247e4cad4e4a81bb578c8249825f66cc44a0179ee3b2,controlled_kernel,ark-groth16-0.6.0-bn254,native_execution,4096,4,,true,3,0.392872,0.267566,0.508322,0.575830,0.086963,0.583331,,,,,not-applicable,,,,,,,,,,,,,,measured,within-stack pilot; no Groth16-versus-PLONK claim,measurement,true
C2-CONTROLLED-SNARK,controlled-groth16-pilot-v1,6cbe608f63eb536939ec56747cb6bba231db9daa,de947ec44a622d90f62e247e4cad4e4a81bb578c8249825f66cc44a0179ee3b2,controlled_kernel,ark-groth16-0.6.0-bn254,native_execution,4096,4,wrong_public_input,true,3,0.412015,0.562872,0.089428,0.964705,0.084658,1.061958,,,,,not-applicable,,,,,,,,,,,,,,measured,within-stack pilot; no Groth16-versus-PLONK claim,measurement,true
C2-CONTROLLED-SNARK,controlled-groth16-pilot-v1,6cbe608f63eb536939ec56747cb6bba231db9daa,de947ec44a622d90f62e247e4cad4e4a81bb578c8249825f66cc44a0179ee3b2,controlled_kernel,ark-groth16-0.6.0-bn254,native_execution,4096,8,,true,3,0.372614,0.246618,0.455593,0.555896,0.095209,0.567041,,,,,not-applicable,,,,,,,,,,,,,,measured,within-stack pilot; no Groth16-versus-PLONK claim,measurement,true
C2-CONTROLLED-SNARK,controlled-groth16-pilot-v1,6cbe608f63eb536939ec56747cb6bba231db9daa,de947ec44a622d90f62e247e4cad4e4a81bb578c8249825f66cc44a0179ee3b2,controlled_kernel,ark-groth16-0.6.0-bn254,native_execution,4096,8,wrong_public_input,true,3,0.702486,0.087789,0.715049,0.776490,0.609092,0.783317,,,,,not-applicable,,,,,,,,,,,,,,measured,within-stack pilot; no Groth16-versus-PLONK claim,measurement,true
C2-CONTROLLED-SNARK,controlled-groth16-pilot-v1,6cbe608f63eb536939ec56747cb6bba231db9daa,de947ec44a622d90f62e247e4cad4e4a81bb578c8249825f66cc44a0179ee3b2,controlled_kernel,ark-groth16-0.6.0-bn254,native_execution,64,1,,true,3,0.166345,0.274483,0.012473,0.436170,0.003316,0.483247,,,,,not-applicable,,,,,,,,,,,,,,measured,within-stack pilot; no Groth16-versus-PLONK claim,measurement,true
C2-CONTROLLED-SNARK,controlled-groth16-pilot-v1,6cbe608f63eb536939ec56747cb6bba231db9daa,de947ec44a622d90f62e247e4cad4e4a81bb578c8249825f66cc44a0179ee3b2,controlled_kernel,ark-groth16-0.6.0-bn254,native_execution,64,1,wrong_public_input,true,3,0.279276,0.468925,0.013405,0.739984,0.003707,0.820715,,,,,not-applicable,,,,,,,,,,,,,,measured,within-stack pilot; no Groth16-versus-PLONK claim,measurement,true
C2-CONTROLLED-SNARK,controlled-groth16-pilot-v1,6cbe608f63eb536939ec56747cb6bba231db9daa,de947ec44a622d90f62e247e4cad4e4a81bb578c8249825f66cc44a0179ee3b2,controlled_kernel,ark-groth16-0.6.0-bn254,native_execution,64,16,,true,3,0.483438,0.048412,0.472774,0.529941,0.441246,0.536293,,,,,not-applicable,,,,,,,,,,,,,,measured,within-stack pilot; no Groth16-versus-PLONK claim,measurement,true
C2-CONTROLLED-SNARK,controlled-groth16-pilot-v1,6cbe608f63eb536939ec56747cb6bba231db9daa,de947ec44a622d90f62e247e4cad4e4a81bb578c8249825f66cc44a0179ee3b2,controlled_kernel,ark-groth16-0.6.0-bn254,native_execution,64,2,,true,3,0.306286,0.253174,0.450382,0.454106,0.013956,0.454520,,,,,not-applicable,,,,,,,,,,,,,,measured,within-stack pilot; no Groth16-versus-PLONK claim,measurement,true
C2-CONTROLLED-SNARK,controlled-groth16-pilot-v1,6cbe608f63eb536939ec56747cb6bba231db9daa,de947ec44a622d90f62e247e4cad4e4a81bb578c8249825f66cc44a0179ee3b2,controlled_kernel,ark-groth16-0.6.0-bn254,native_execution,64,4,,true,3,0.450499,0.067634,0.419565,0.517218,0.403865,0.528068,,,,,not-applicable,,,,,,,,,,,,,,measured,within-stack pilot; no Groth16-versus-PLONK claim,measurement,true
C2-CONTROLLED-SNARK,controlled-groth16-pilot-v1,6cbe608f63eb536939ec56747cb6bba231db9daa,de947ec44a622d90f62e247e4cad4e4a81bb578c8249825f66cc44a0179ee3b2,controlled_kernel,ark-groth16-0.6.0-bn254,native_execution,64,4,wrong_public_input,true,3,0.566799,0.020472,0.566691,0.585261,0.546381,0.587324,,,,,not-applicable,,,,,,,,,,,,,,measured,within-stack pilot; no Groth16-versus-PLONK claim,measurement,true
C2-CONTROLLED-SNARK,controlled-groth16-pilot-v1,6cbe608f63eb536939ec56747cb6bba231db9daa,de947ec44a622d90f62e247e4cad4e4a81bb578c8249825f66cc44a0179ee3b2,controlled_kernel,ark-groth16-0.6.0-bn254,native_execution,64,8,,true,3,0.398870,0.343470,0.516876,0.652690,0.011953,0.667780,,,,,not-applicable,,,,,,,,,,,,,,measured,within-stack pilot; no Groth16-versus-PLONK claim,measurement,true
C2-CONTROLLED-SNARK,controlled-groth16-pilot-v1,6cbe608f63eb536939ec56747cb6bba231db9daa,de947ec44a622d90f62e247e4cad4e4a81bb578c8249825f66cc44a0179ee3b2,controlled_kernel,ark-groth16-0.6.0-bn254,native_execution,64,8,wrong_public_input,true,3,0.368747,0.309182,0.482392,0.592761,0.018826,0.605024,,,,,not-applicable,,,,,,,,,,,,,,measured,within-stack pilot; no Groth16-versus-PLONK claim,measurement,true
C2-CONTROLLED-SNARK,controlled-groth16-pilot-v1,6cbe608f63eb536939ec56747cb6bba231db9daa,de947ec44a622d90f62e247e4cad4e4a81bb578c8249825f66cc44a0179ee3b2,controlled_kernel,ark-groth16-0.6.0-bn254,prove_total,1024,1,,true,3,61.687880,3.527091,62.478643,64.525085,57.832528,64.752468,,,,,not-applicable,,,,,,,,4,0.516742,0.697545,0.654645,0.745561,0.994601,measured,within-stack pilot; no Groth16-versus-PLONK claim,measurement,true
C2-CONTROLLED-SNARK,controlled-groth16-pilot-v1,6cbe608f63eb536939ec56747cb6bba231db9daa,de947ec44a622d90f62e247e4cad4e4a81bb578c8249825f66cc44a0179ee3b2,controlled_kernel,ark-groth16-0.6.0-bn254,prove_total,1024,1,wrong_public_input,true,3,57.858665,1.261741,58.361960,58.748172,56.422952,58.791084,,,,,not-applicable,,,,,,,,,,,,,,measured,within-stack pilot; no Groth16-versus-PLONK claim,measurement,true
C2-CONTROLLED-SNARK,controlled-groth16-pilot-v1,6cbe608f63eb536939ec56747cb6bba231db9daa,de947ec44a622d90f62e247e4cad4e4a81bb578c8249825f66cc44a0179ee3b2,controlled_kernel,ark-groth16-0.6.0-bn254,prove_total,1024,16,,true,3,264.289345,14.256219,261.829140,277.836915,251.423337,279.615557,,,,,not-applicable,,,,0.238624,0.206829,0.257544,0.014914,4,8.725164,0.464098,0.441361,0.520489,0.942537,measured,within-stack pilot; no Groth16-versus-PLONK claim,measurement,true
C2-CONTROLLED-SNARK,controlled-groth16-pilot-v1,6cbe608f63eb536939ec56747cb6bba231db9daa,de947ec44a622d90f62e247e4cad4e4a81bb578c8249825f66cc44a0179ee3b2,controlled_kernel,ark-groth16-0.6.0-bn254,prove_total,1024,2,,true,3,45.400265,2.962148,46.150991,47.738437,42.134984,47.914820,,,,,not-applicable,,,,1.353788,1.206986,1.536786,0.676894,4,0.734590,0.598064,0.585012,0.645762,0.990525,measured,within-stack pilot; no Groth16-versus-PLONK claim,measurement,true
C2-CONTROLLED-SNARK,controlled-groth16-pilot-v1,6cbe608f63eb536939ec56747cb6bba231db9daa,de947ec44a622d90f62e247e4cad4e4a81bb578c8249825f66cc44a0179ee3b2,controlled_kernel,ark-groth16-0.6.0-bn254,prove_total,1024,4,,true,3,59.971836,5.450185,62.504823,63.575605,53.716105,63.694581,,,,,not-applicable,,,,0.999581,0.907966,1.205457,0.249895,4,1.552201,0.516387,0.466751,0.546484,0.973796,measured,within-stack pilot; no Groth16-versus-PLONK claim,measurement,true
C2-CONTROLLED-SNARK,controlled-groth16-pilot-v1,6cbe608f63eb536939ec56747cb6bba231db9daa,de947ec44a622d90f62e247e4cad4e4a81bb578c8249825f66cc44a0179ee3b2,controlled_kernel,ark-groth16-0.6.0-bn254,prove_total,1024,4,wrong_public_input,true,3,62.747172,8.176479,60.449007,70.689026,55.965704,71.826806,,,,,not-applicable,,,,,,,,,,,,,,measured,within-stack pilot; no Groth16-versus-PLONK claim,measurement,true
C2-CONTROLLED-SNARK,controlled-groth16-pilot-v1,6cbe608f63eb536939ec56747cb6bba231db9daa,de947ec44a622d90f62e247e4cad4e4a81bb578c8249825f66cc44a0179ee3b2,controlled_kernel,ark-groth16-0.6.0-bn254,prove_total,1024,8,,true,3,110.219767,14.017408,102.603430,124.017189,101.659375,126.396495,,,,,not-applicable,,,,0.608933,0.457549,0.636955,0.076117,4,4.160777,0.446508,0.414141,0.467954,0.928377,measured,within-stack pilot; no Groth16-versus-PLONK claim,measurement,true
C2-CONTROLLED-SNARK,controlled-groth16-pilot-v1,6cbe608f63eb536939ec56747cb6bba231db9daa,de947ec44a622d90f62e247e4cad4e4a81bb578c8249825f66cc44a0179ee3b2,controlled_kernel,ark-groth16-0.6.0-bn254,prove_total,1024,8,wrong_public_input,true,3,114.586330,7.117952,111.317756,121.608135,109.689724,122.751510,,,,,not-applicable,,,,,,,,,,,,,,measured,within-stack pilot; no Groth16-versus-PLONK claim,measurement,true
C2-CONTROLLED-SNARK,controlled-groth16-pilot-v1,6cbe608f63eb536939ec56747cb6bba231db9daa,de947ec44a622d90f62e247e4cad4e4a81bb578c8249825f66cc44a0179ee3b2,controlled_kernel,ark-groth16-0.6.0-bn254,prove_total,256,1,,true,3,22.159679,1.135056,22.139695,23.188106,21.034747,23.304596,,,,,not-applicable,,,,,,,,4,0.516742,0.697545,0.654645,0.745561,0.994601,measured,within-stack pilot; no Groth16-versus-PLONK claim,measurement,true
C2-CONTROLLED-SNARK,controlled-groth16-pilot-v1,6cbe608f63eb536939ec56747cb6bba231db9daa,de947ec44a622d90f62e247e4cad4e4a81bb578c8249825f66cc44a0179ee3b2,controlled_kernel,ark-groth16-0.6.0-bn254,prove_total,256,16,,true,3,91.320369,7.857628,86.814037,99.035562,86.753561,100.393509,,,,,not-applicable,,,,0.255024,0.209523,0.268630,0.015939,4,8.725164,0.464098,0.441361,0.520489,0.942537,measured,within-stack pilot; no Groth16-versus-PLONK claim,measurement,true
C2-CONTROLLED-SNARK,controlled-groth16-pilot-v1,6cbe608f63eb536939ec56747cb6bba231db9daa,de947ec44a622d90f62e247e4cad4e4a81bb578c8249825f66cc44a0179ee3b2,controlled_kernel,ark-groth16-0.6.0-bn254,prove_total,256,2,,true,3,16.920036,1.278867,17.533110,17.752562,15.450054,17.776945,,,,,not-applicable,,,,1.262736,1.183260,1.508383,0.631368,4,0.734590,0.598064,0.585012,0.645762,0.990525,measured,within-stack pilot; no Groth16-versus-PLONK claim,measurement,true
C2-CONTROLLED-SNARK,controlled-groth16-pilot-v1,6cbe608f63eb536939ec56747cb6bba231db9daa,de947ec44a622d90f62e247e4cad4e4a81bb578c8249825f66cc44a0179ee3b2,controlled_kernel,ark-groth16-0.6.0-bn254,prove_total,256,4,,true,3,22.957059,1.823429,22.005021,24.754013,21.806698,25.059457,,,,,not-applicable,,,,1.006120,0.839394,1.068690,0.251530,4,1.552201,0.516387,0.466751,0.546484,0.973796,measured,within-stack pilot; no Groth16-versus-PLONK claim,measurement,true
C2-CONTROLLED-SNARK,controlled-groth16-pilot-v1,6cbe608f63eb536939ec56747cb6bba231db9daa,de947ec44a622d90f62e247e4cad4e4a81bb578c8249825f66cc44a0179ee3b2,controlled_kernel,ark-groth16-0.6.0-bn254,prove_total,256,8,,true,3,38.647834,5.632531,35.894989,44.204134,34.921142,45.127372,,,,,not-applicable,,,,0.616791,0.466119,0.667349,0.077099,4,4.160777,0.446508,0.414141,0.467954,0.928377,measured,within-stack pilot; no Groth16-versus-PLONK claim,measurement,true
C2-CONTROLLED-SNARK,controlled-groth16-pilot-v1,6cbe608f63eb536939ec56747cb6bba231db9daa,de947ec44a622d90f62e247e4cad4e4a81bb578c8249825f66cc44a0179ee3b2,controlled_kernel,ark-groth16-0.6.0-bn254,prove_total,4096,1,,true,3,186.252745,18.891730,182.228480,204.371973,169.697394,206.832361,,,,,not-applicable,,,,,,,,4,0.516742,0.697545,0.654645,0.745561,0.994601,measured,within-stack pilot; no Groth16-versus-PLONK claim,measurement,true
C2-CONTROLLED-SNARK,controlled-groth16-pilot-v1,6cbe608f63eb536939ec56747cb6bba231db9daa,de947ec44a622d90f62e247e4cad4e4a81bb578c8249825f66cc44a0179ee3b2,controlled_kernel,ark-groth16-0.6.0-bn254,prove_total,4096,1,wrong_public_input,true,3,187.136343,20.675376,178.301080,207.515358,172.346561,210.761389,,,,,not-applicable,,,,,,,,,,,,,,measured,within-stack pilot; no Groth16-versus-PLONK claim,measurement,true
C2-CONTROLLED-SNARK,controlled-groth16-pilot-v1,6cbe608f63eb536939ec56747cb6bba231db9daa,de947ec44a622d90f62e247e4cad4e4a81bb578c8249825f66cc44a0179ee3b2,controlled_kernel,ark-groth16-0.6.0-bn254,prove_total,4096,16,,true,3,399.242134,13.982988,401.574787,410.878369,384.239515,411.912100,,,,,not-applicable,,,,0.453785,0.411975,0.538290,0.028362,4,8.725164,0.464098,0.441361,0.520489,0.942537,measured,within-stack pilot; no Groth16-versus-PLONK claim,measurement,true
C2-CONTROLLED-SNARK,controlled-groth16-pilot-v1,6cbe608f63eb536939ec56747cb6bba231db9daa,de947ec44a622d90f62e247e4cad4e4a81bb578c8249825f66cc44a0179ee3b2,controlled_kernel,ark-groth16-0.6.0-bn254,prove_total,4096,2,,true,3,111.837526,0.986339,111.883896,112.708265,110.828819,112.799862,,,,,not-applicable,,,,1.628728,1.504411,1.866233,0.814364,4,0.734590,0.598064,0.585012,0.645762,0.990525,measured,within-stack pilot; no Groth16-versus-PLONK claim,measurement,true
C2-CONTROLLED-SNARK,controlled-groth16-pilot-v1,6cbe608f63eb536939ec56747cb6bba231db9daa,de947ec44a622d90f62e247e4cad4e4a81bb578c8249825f66cc44a0179ee3b2,controlled_kernel,ark-groth16-0.6.0-bn254,prove_total,4096,4,,true,3,111.673368,8.677363,113.067149,118.919245,102.383477,119.569478,,,,,not-applicable,,,,1.611684,1.419237,2.020173,0.402921,4,1.552201,0.516387,0.466751,0.546484,0.973796,measured,within-stack pilot; no Groth16-versus-PLONK claim,measurement,true
C2-CONTROLLED-SNARK,controlled-groth16-pilot-v1,6cbe608f63eb536939ec56747cb6bba231db9daa,de947ec44a622d90f62e247e4cad4e4a81bb578c8249825f66cc44a0179ee3b2,controlled_kernel,ark-groth16-0.6.0-bn254,prove_total,4096,4,wrong_public_input,true,3,109.689119,4.993036,107.247997,114.614567,106.386285,115.433075,,,,,not-applicable,,,,,,,,,,,,,,measured,within-stack pilot; no Groth16-versus-PLONK claim,measurement,true
C2-CONTROLLED-SNARK,controlled-groth16-pilot-v1,6cbe608f63eb536939ec56747cb6bba231db9daa,de947ec44a622d90f62e247e4cad4e4a81bb578c8249825f66cc44a0179ee3b2,controlled_kernel,ark-groth16-0.6.0-bn254,prove_total,4096,8,,true,3,173.536318,8.447719,176.479019,179.755109,164.010817,180.119119,,,,,not-applicable,,,,1.032579,0.942140,1.261090,0.129072,4,4.160777,0.446508,0.414141,0.467954,0.928377,measured,within-stack pilot; no Groth16-versus-PLONK claim,measurement,true
C2-CONTROLLED-SNARK,controlled-groth16-pilot-v1,6cbe608f63eb536939ec56747cb6bba231db9daa,de947ec44a622d90f62e247e4cad4e4a81bb578c8249825f66cc44a0179ee3b2,controlled_kernel,ark-groth16-0.6.0-bn254,prove_total,4096,8,wrong_public_input,true,3,170.242177,12.908088,171.979469,181.172219,156.553425,182.193636,,,,,not-applicable,,,,,,,,,,,,,,measured,within-stack pilot; no Groth16-versus-PLONK claim,measurement,true
C2-CONTROLLED-SNARK,controlled-groth16-pilot-v1,6cbe608f63eb536939ec56747cb6bba231db9daa,de947ec44a622d90f62e247e4cad4e4a81bb578c8249825f66cc44a0179ee3b2,controlled_kernel,ark-groth16-0.6.0-bn254,prove_total,64,1,,true,3,10.373476,1.114439,10.254721,11.413755,9.323171,11.542537,,,,,not-applicable,,,,,,,,2,0.516742,0.697545,0.654645,0.745561,0.994601,measured,within-stack pilot; no Groth16-versus-PLONK claim,measurement,true
C2-CONTROLLED-SNARK,controlled-groth16-pilot-v1,6cbe608f63eb536939ec56747cb6bba231db9daa,de947ec44a622d90f62e247e4cad4e4a81bb578c8249825f66cc44a0179ee3b2,controlled_kernel,ark-groth16-0.6.0-bn254,prove_total,64,1,wrong_public_input,true,3,10.101334,0.916694,9.967753,10.966516,9.258760,11.077490,,,,,not-applicable,,,,,,,,,,,,,,measured,within-stack pilot; no Groth16-versus-PLONK claim,measurement,true
C2-CONTROLLED-SNARK,controlled-groth16-pilot-v1,6cbe608f63eb536939ec56747cb6bba231db9daa,de947ec44a622d90f62e247e4cad4e4a81bb578c8249825f66cc44a0179ee3b2,controlled_kernel,ark-groth16-0.6.0-bn254,prove_total,64,16,,true,3,64.000891,8.979725,67.950410,70.091076,53.723335,70.328928,,,,,not-applicable,,,,0.150915,0.132565,0.214851,0.009432,2,8.725164,0.464098,0.441361,0.520489,0.942537,measured,within-stack pilot; no Groth16-versus-PLONK claim,measurement,true
C2-CONTROLLED-SNARK,controlled-groth16-pilot-v1,6cbe608f63eb536939ec56747cb6bba231db9daa,de947ec44a622d90f62e247e4cad4e4a81bb578c8249825f66cc44a0179ee3b2,controlled_kernel,ark-groth16-0.6.0-bn254,prove_total,64,2,,true,3,9.318666,1.000617,9.741824,10.008546,8.175992,10.038182,,,,,not-applicable,,,,1.052649,0.928771,1.411760,0.526324,2,0.734590,0.598064,0.585012,0.645762,0.990525,measured,within-stack pilot; no Groth16-versus-PLONK claim,measurement,true
C2-CONTROLLED-SNARK,controlled-groth16-pilot-v1,6cbe608f63eb536939ec56747cb6bba231db9daa,de947ec44a622d90f62e247e4cad4e4a81bb578c8249825f66cc44a0179ee3b2,controlled_kernel,ark-groth16-0.6.0-bn254,prove_total,64,4,,true,3,14.815223,1.308082,14.728113,16.021025,13.552873,16.164682,,,,,not-applicable,,,,0.696268,0.576762,0.851667,0.174067,2,1.552201,0.516387,0.466751,0.546484,0.973796,measured,within-stack pilot; no Groth16-versus-PLONK claim,measurement,true
C2-CONTROLLED-SNARK,controlled-groth16-pilot-v1,6cbe608f63eb536939ec56747cb6bba231db9daa,de947ec44a622d90f62e247e4cad4e4a81bb578c8249825f66cc44a0179ee3b2,controlled_kernel,ark-groth16-0.6.0-bn254,prove_total,64,4,wrong_public_input,true,3,15.604530,1.913004,14.923889,17.480687,14.124924,17.764776,,,,,not-applicable,,,,,,,,,,,,,,measured,within-stack pilot; no Groth16-versus-PLONK claim,measurement,true
C2-CONTROLLED-SNARK,controlled-groth16-pilot-v1,6cbe608f63eb536939ec56747cb6bba231db9daa,de947ec44a622d90f62e247e4cad4e4a81bb578c8249825f66cc44a0179ee3b2,controlled_kernel,ark-groth16-0.6.0-bn254,prove_total,64,8,,true,3,32.247734,1.526226,31.816575,33.730501,30.983468,33.943159,,,,,not-applicable,,,,0.322308,0.274670,0.372539,0.040288,2,4.160777,0.446508,0.414141,0.467954,0.928377,measured,within-stack pilot; no Groth16-versus-PLONK claim,measurement,true
C2-CONTROLLED-SNARK,controlled-groth16-pilot-v1,6cbe608f63eb536939ec56747cb6bba231db9daa,de947ec44a622d90f62e247e4cad4e4a81bb578c8249825f66cc44a0179ee3b2,controlled_kernel,ark-groth16-0.6.0-bn254,prove_total,64,8,wrong_public_input,true,3,28.418531,1.072889,28.117491,29.460553,27.528319,29.609782,,,,,not-applicable,,,,,,,,,,,,,,measured,within-stack pilot; no Groth16-versus-PLONK claim,measurement,true
C2-CONTROLLED-SNARK,controlled-groth16-pilot-v1,6cbe608f63eb536939ec56747cb6bba231db9daa,de947ec44a622d90f62e247e4cad4e4a81bb578c8249825f66cc44a0179ee3b2,controlled_kernel,ark-groth16-0.6.0-bn254,serialize,1024,1,,true,3,0.005120,0.001846,0.004419,0.006934,0.003727,0.007214,,,,,not-applicable,,,,,,,,,,,,,,measured,within-stack pilot; no Groth16-versus-PLONK claim,measurement,true
C2-CONTROLLED-SNARK,controlled-groth16-pilot-v1,6cbe608f63eb536939ec56747cb6bba231db9daa,de947ec44a622d90f62e247e4cad4e4a81bb578c8249825f66cc44a0179ee3b2,controlled_kernel,ark-groth16-0.6.0-bn254,serialize,1024,1,wrong_public_input,true,3,0.003119,0.000229,0.003236,0.003263,0.002855,0.003266,,,,,not-applicable,,,,,,,,,,,,,,measured,within-stack pilot; no Groth16-versus-PLONK claim,measurement,true
C2-CONTROLLED-SNARK,controlled-groth16-pilot-v1,6cbe608f63eb536939ec56747cb6bba231db9daa,de947ec44a622d90f62e247e4cad4e4a81bb578c8249825f66cc44a0179ee3b2,controlled_kernel,ark-groth16-0.6.0-bn254,serialize,1024,16,,true,3,0.003116,0.000534,0.002885,0.003643,0.002736,0.003727,,,,,not-applicable,,,,,,,,,,,,,,measured,within-stack pilot; no Groth16-versus-PLONK claim,measurement,true
C2-CONTROLLED-SNARK,controlled-groth16-pilot-v1,6cbe608f63eb536939ec56747cb6bba231db9daa,de947ec44a622d90f62e247e4cad4e4a81bb578c8249825f66cc44a0179ee3b2,controlled_kernel,ark-groth16-0.6.0-bn254,serialize,1024,2,,true,3,0.002865,0.000220,0.002865,0.003063,0.002645,0.003085,,,,,not-applicable,,,,,,,,,,,,,,measured,within-stack pilot; no Groth16-versus-PLONK claim,measurement,true
C2-CONTROLLED-SNARK,controlled-groth16-pilot-v1,6cbe608f63eb536939ec56747cb6bba231db9daa,de947ec44a622d90f62e247e4cad4e4a81bb578c8249825f66cc44a0179ee3b2,controlled_kernel,ark-groth16-0.6.0-bn254,serialize,1024,4,,true,3,0.003480,0.000929,0.003717,0.004213,0.002455,0.004268,,,,,not-applicable,,,,,,,,,,,,,,measured,within-stack pilot; no Groth16-versus-PLONK claim,measurement,true
C2-CONTROLLED-SNARK,controlled-groth16-pilot-v1,6cbe608f63eb536939ec56747cb6bba231db9daa,de947ec44a622d90f62e247e4cad4e4a81bb578c8249825f66cc44a0179ee3b2,controlled_kernel,ark-groth16-0.6.0-bn254,serialize,1024,4,wrong_public_input,true,3,0.003083,0.000463,0.003136,0.003479,0.002595,0.003517,,,,,not-applicable,,,,,,,,,,,,,,measured,within-stack pilot; no Groth16-versus-PLONK claim,measurement,true
C2-CONTROLLED-SNARK,controlled-groth16-pilot-v1,6cbe608f63eb536939ec56747cb6bba231db9daa,de947ec44a622d90f62e247e4cad4e4a81bb578c8249825f66cc44a0179ee3b2,controlled_kernel,ark-groth16-0.6.0-bn254,serialize,1024,8,,true,3,0.003426,0.000695,0.003797,0.003851,0.002625,0.003857,,,,,not-applicable,,,,,,,,,,,,,,measured,within-stack pilot; no Groth16-versus-PLONK claim,measurement,true
C2-CONTROLLED-SNARK,controlled-groth16-pilot-v1,6cbe608f63eb536939ec56747cb6bba231db9daa,de947ec44a622d90f62e247e4cad4e4a81bb578c8249825f66cc44a0179ee3b2,controlled_kernel,ark-groth16-0.6.0-bn254,serialize,1024,8,wrong_public_input,true,3,0.003623,0.000790,0.003887,0.004212,0.002735,0.004248,,,,,not-applicable,,,,,,,,,,,,,,measured,within-stack pilot; no Groth16-versus-PLONK claim,measurement,true
C2-CONTROLLED-SNARK,controlled-groth16-pilot-v1,6cbe608f63eb536939ec56747cb6bba231db9daa,de947ec44a622d90f62e247e4cad4e4a81bb578c8249825f66cc44a0179ee3b2,controlled_kernel,ark-groth16-0.6.0-bn254,serialize,256,1,,true,3,0.004736,0.004309,0.002374,0.008976,0.002124,0.009709,,,,,not-applicable,,,,,,,,,,,,,,measured,within-stack pilot; no Groth16-versus-PLONK claim,measurement,true
C2-CONTROLLED-SNARK,controlled-groth16-pilot-v1,6cbe608f63eb536939ec56747cb6bba231db9daa,de947ec44a622d90f62e247e4cad4e4a81bb578c8249825f66cc44a0179ee3b2,controlled_kernel,ark-groth16-0.6.0-bn254,serialize,256,16,,true,3,0.003530,0.000316,0.003697,0.003724,0.003166,0.003727,,,,,not-applicable,,,,,,,,,,,,,,measured,within-stack pilot; no Groth16-versus-PLONK claim,measurement,true
C2-CONTROLLED-SNARK,controlled-groth16-pilot-v1,6cbe608f63eb536939ec56747cb6bba231db9daa,de947ec44a622d90f62e247e4cad4e4a81bb578c8249825f66cc44a0179ee3b2,controlled_kernel,ark-groth16-0.6.0-bn254,serialize,256,2,,true,3,0.002795,0.000594,0.002525,0.003381,0.002384,0.003476,,,,,not-applicable,,,,,,,,,,,,,,measured,within-stack pilot; no Groth16-versus-PLONK claim,measurement,true
C2-CONTROLLED-SNARK,controlled-groth16-pilot-v1,6cbe608f63eb536939ec56747cb6bba231db9daa,de947ec44a622d90f62e247e4cad4e4a81bb578c8249825f66cc44a0179ee3b2,controlled_kernel,ark-groth16-0.6.0-bn254,serialize,256,4,,true,3,0.002976,0.000512,0.002885,0.003463,0.002515,0.003527,,,,,not-applicable,,,,,,,,,,,,,,measured,within-stack pilot; no Groth16-versus-PLONK claim,measurement,true
C2-CONTROLLED-SNARK,controlled-groth16-pilot-v1,6cbe608f63eb536939ec56747cb6bba231db9daa,de947ec44a622d90f62e247e4cad4e4a81bb578c8249825f66cc44a0179ee3b2,controlled_kernel,ark-groth16-0.6.0-bn254,serialize,256,8,,true,3,0.003807,0.000176,0.003737,0.003980,0.003677,0.004007,,,,,not-applicable,,,,,,,,,,,,,,measured,within-stack pilot; no Groth16-versus-PLONK claim,measurement,true
C2-CONTROLLED-SNARK,controlled-groth16-pilot-v1,6cbe608f63eb536939ec56747cb6bba231db9daa,de947ec44a622d90f62e247e4cad4e4a81bb578c8249825f66cc44a0179ee3b2,controlled_kernel,ark-groth16-0.6.0-bn254,serialize,4096,1,,true,3,0.004248,0.000738,0.003827,0.004973,0.003817,0.005100,,,,,not-applicable,,,,,,,,,,,,,,measured,within-stack pilot; no Groth16-versus-PLONK claim,measurement,true
C2-CONTROLLED-SNARK,controlled-groth16-pilot-v1,6cbe608f63eb536939ec56747cb6bba231db9daa,de947ec44a622d90f62e247e4cad4e4a81bb578c8249825f66cc44a0179ee3b2,controlled_kernel,ark-groth16-0.6.0-bn254,serialize,4096,1,wrong_public_input,true,3,0.003550,0.000796,0.003457,0.004295,0.002805,0.004388,,,,,not-applicable,,,,,,,,,,,,,,measured,within-stack pilot; no Groth16-versus-PLONK claim,measurement,true
C2-CONTROLLED-SNARK,controlled-groth16-pilot-v1,6cbe608f63eb536939ec56747cb6bba231db9daa,de947ec44a622d90f62e247e4cad4e4a81bb578c8249825f66cc44a0179ee3b2,controlled_kernel,ark-groth16-0.6.0-bn254,serialize,4096,16,,true,3,0.004348,0.000801,0.003958,0.005139,0.003817,0.005270,,,,,not-applicable,,,,,,,,,,,,,,measured,within-stack pilot; no Groth16-versus-PLONK claim,measurement,true
C2-CONTROLLED-SNARK,controlled-groth16-pilot-v1,6cbe608f63eb536939ec56747cb6bba231db9daa,de947ec44a622d90f62e247e4cad4e4a81bb578c8249825f66cc44a0179ee3b2,controlled_kernel,ark-groth16-0.6.0-bn254,serialize,4096,2,,true,3,0.004692,0.003884,0.002495,0.008509,0.002405,0.009177,,,,,not-applicable,,,,,,,,,,,,,,measured,within-stack pilot; no Groth16-versus-PLONK claim,measurement,true
C2-CONTROLLED-SNARK,controlled-groth16-pilot-v1,6cbe608f63eb536939ec56747cb6bba231db9daa,de947ec44a622d90f62e247e4cad4e4a81bb578c8249825f66cc44a0179ee3b2,controlled_kernel,ark-groth16-0.6.0-bn254,serialize,4096,4,,true,3,0.004167,0.000285,0.004227,0.004399,0.003857,0.004418,,,,,not-applicable,,,,,,,,,,,,,,measured,within-stack pilot; no Groth16-versus-PLONK claim,measurement,true
C2-CONTROLLED-SNARK,controlled-groth16-pilot-v1,6cbe608f63eb536939ec56747cb6bba231db9daa,de947ec44a622d90f62e247e4cad4e4a81bb578c8249825f66cc44a0179ee3b2,controlled_kernel,ark-groth16-0.6.0-bn254,serialize,4096,4,wrong_public_input,true,3,0.003647,0.001748,0.002855,0.005371,0.002435,0.005651,,,,,not-applicable,,,,,,,,,,,,,,measured,within-stack pilot; no Groth16-versus-PLONK claim,measurement,true
C2-CONTROLLED-SNARK,controlled-groth16-pilot-v1,6cbe608f63eb536939ec56747cb6bba231db9daa,de947ec44a622d90f62e247e4cad4e4a81bb578c8249825f66cc44a0179ee3b2,controlled_kernel,ark-groth16-0.6.0-bn254,serialize,4096,8,,true,3,0.003714,0.000962,0.003376,0.004657,0.002966,0.004799,,,,,not-applicable,,,,,,,,,,,,,,measured,within-stack pilot; no Groth16-versus-PLONK claim,measurement,true
C2-CONTROLLED-SNARK,controlled-groth16-pilot-v1,6cbe608f63eb536939ec56747cb6bba231db9daa,de947ec44a622d90f62e247e4cad4e4a81bb578c8249825f66cc44a0179ee3b2,controlled_kernel,ark-groth16-0.6.0-bn254,serialize,4096,8,wrong_public_input,true,3,0.004365,0.001389,0.004117,0.005687,0.003116,0.005861,,,,,not-applicable,,,,,,,,,,,,,,measured,within-stack pilot; no Groth16-versus-PLONK claim,measurement,true
C2-CONTROLLED-SNARK,controlled-groth16-pilot-v1,6cbe608f63eb536939ec56747cb6bba231db9daa,de947ec44a622d90f62e247e4cad4e4a81bb578c8249825f66cc44a0179ee3b2,controlled_kernel,ark-groth16-0.6.0-bn254,serialize,64,1,,true,3,0.003457,0.001968,0.002645,0.005395,0.002024,0.005701,,,,,not-applicable,,,,,,,,,,,,,,measured,within-stack pilot; no Groth16-versus-PLONK claim,measurement,true
C2-CONTROLLED-SNARK,controlled-groth16-pilot-v1,6cbe608f63eb536939ec56747cb6bba231db9daa,de947ec44a622d90f62e247e4cad4e4a81bb578c8249825f66cc44a0179ee3b2,controlled_kernel,ark-groth16-0.6.0-bn254,serialize,64,1,wrong_public_input,true,3,0.002394,0.000181,0.002374,0.002564,0.002224,0.002585,,,,,not-applicable,,,,,,,,,,,,,,measured,within-stack pilot; no Groth16-versus-PLONK claim,measurement,true
C2-CONTROLLED-SNARK,controlled-groth16-pilot-v1,6cbe608f63eb536939ec56747cb6bba231db9daa,de947ec44a622d90f62e247e4cad4e4a81bb578c8249825f66cc44a0179ee3b2,controlled_kernel,ark-groth16-0.6.0-bn254,serialize,64,16,,true,3,0.003593,0.001365,0.002805,0.004933,0.002805,0.005169,,,,,not-applicable,,,,,,,,,,,,,,measured,within-stack pilot; no Groth16-versus-PLONK claim,measurement,true
C2-CONTROLLED-SNARK,controlled-groth16-pilot-v1,6cbe608f63eb536939ec56747cb6bba231db9daa,de947ec44a622d90f62e247e4cad4e4a81bb578c8249825f66cc44a0179ee3b2,controlled_kernel,ark-groth16-0.6.0-bn254,serialize,64,2,,true,3,0.003667,0.001131,0.004097,0.004477,0.002384,0.004519,,,,,not-applicable,,,,,,,,,,,,,,measured,within-stack pilot; no Groth16-versus-PLONK claim,measurement,true
C2-CONTROLLED-SNARK,controlled-groth16-pilot-v1,6cbe608f63eb536939ec56747cb6bba231db9daa,de947ec44a622d90f62e247e4cad4e4a81bb578c8249825f66cc44a0179ee3b2,controlled_kernel,ark-groth16-0.6.0-bn254,serialize,64,4,,true,3,0.003436,0.000695,0.003807,0.003861,0.002635,0.003867,,,,,not-applicable,,,,,,,,,,,,,,measured,within-stack pilot; no Groth16-versus-PLONK claim,measurement,true
C2-CONTROLLED-SNARK,controlled-groth16-pilot-v1,6cbe608f63eb536939ec56747cb6bba231db9daa,de947ec44a622d90f62e247e4cad4e4a81bb578c8249825f66cc44a0179ee3b2,controlled_kernel,ark-groth16-0.6.0-bn254,serialize,64,4,wrong_public_input,true,3,0.003052,0.001105,0.002415,0.004137,0.002414,0.004328,,,,,not-applicable,,,,,,,,,,,,,,measured,within-stack pilot; no Groth16-versus-PLONK claim,measurement,true
C2-CONTROLLED-SNARK,controlled-groth16-pilot-v1,6cbe608f63eb536939ec56747cb6bba231db9daa,de947ec44a622d90f62e247e4cad4e4a81bb578c8249825f66cc44a0179ee3b2,controlled_kernel,ark-groth16-0.6.0-bn254,serialize,64,8,,true,3,0.003704,0.000201,0.003697,0.003887,0.003507,0.003908,,,,,not-applicable,,,,,,,,,,,,,,measured,within-stack pilot; no Groth16-versus-PLONK claim,measurement,true
C2-CONTROLLED-SNARK,controlled-groth16-pilot-v1,6cbe608f63eb536939ec56747cb6bba231db9daa,de947ec44a622d90f62e247e4cad4e4a81bb578c8249825f66cc44a0179ee3b2,controlled_kernel,ark-groth16-0.6.0-bn254,serialize,64,8,wrong_public_input,true,3,0.003523,0.001640,0.002805,0.005141,0.002365,0.005400,,,,,not-applicable,,,,,,,,,,,,,,measured,within-stack pilot; no Groth16-versus-PLONK claim,measurement,true
C2-CONTROLLED-SNARK,controlled-groth16-pilot-v1,6cbe608f63eb536939ec56747cb6bba231db9daa,de947ec44a622d90f62e247e4cad4e4a81bb578c8249825f66cc44a0179ee3b2,controlled_kernel,ark-groth16-0.6.0-bn254,setup_or_preprocess,1024,1,,true,3,86.319484,7.183415,82.539518,93.397221,81.815302,94.603632,,,,,not-applicable,,,,,,,,,,,,,,measured,within-stack pilot; no Groth16-versus-PLONK claim,measurement,true
C2-CONTROLLED-SNARK,controlled-groth16-pilot-v1,6cbe608f63eb536939ec56747cb6bba231db9daa,de947ec44a622d90f62e247e4cad4e4a81bb578c8249825f66cc44a0179ee3b2,controlled_kernel,ark-groth16-0.6.0-bn254,setup_or_preprocess,1024,1,wrong_public_input,true,3,81.000064,11.850323,82.081531,91.253480,68.646077,92.272585,,,,,not-applicable,,,,,,,,,,,,,,measured,within-stack pilot; no Groth16-versus-PLONK claim,measurement,true
C2-CONTROLLED-SNARK,controlled-groth16-pilot-v1,6cbe608f63eb536939ec56747cb6bba231db9daa,de947ec44a622d90f62e247e4cad4e4a81bb578c8249825f66cc44a0179ee3b2,controlled_kernel,ark-groth16-0.6.0-bn254,setup_or_preprocess,1024,16,,true,3,89.841177,7.983214,93.849554,94.908324,80.648011,95.025965,,,,,not-applicable,,,,,,,,,,,,,,measured,within-stack pilot; no Groth16-versus-PLONK claim,measurement,true
C2-CONTROLLED-SNARK,controlled-groth16-pilot-v1,6cbe608f63eb536939ec56747cb6bba231db9daa,de947ec44a622d90f62e247e4cad4e4a81bb578c8249825f66cc44a0179ee3b2,controlled_kernel,ark-groth16-0.6.0-bn254,setup_or_preprocess,1024,2,,true,3,47.853312,2.555253,49.200045,49.428154,44.906391,49.453499,,,,,not-applicable,,,,,,,,,,,,,,measured,within-stack pilot; no Groth16-versus-PLONK claim,measurement,true
C2-CONTROLLED-SNARK,controlled-groth16-pilot-v1,6cbe608f63eb536939ec56747cb6bba231db9daa,de947ec44a622d90f62e247e4cad4e4a81bb578c8249825f66cc44a0179ee3b2,controlled_kernel,ark-groth16-0.6.0-bn254,setup_or_preprocess,1024,4,,true,3,39.665162,4.516126,39.938952,43.628244,35.018370,44.038165,,,,,not-applicable,,,,,,,,,,,,,,measured,within-stack pilot; no Groth16-versus-PLONK claim,measurement,true
C2-CONTROLLED-SNARK,controlled-groth16-pilot-v1,6cbe608f63eb536939ec56747cb6bba231db9daa,de947ec44a622d90f62e247e4cad4e4a81bb578c8249825f66cc44a0179ee3b2,controlled_kernel,ark-groth16-0.6.0-bn254,setup_or_preprocess,1024,4,wrong_public_input,true,3,37.378792,2.236727,37.888445,39.173885,34.931219,39.316712,,,,,not-applicable,,,,,,,,,,,,,,measured,within-stack pilot; no Groth16-versus-PLONK claim,measurement,true
C2-CONTROLLED-SNARK,controlled-groth16-pilot-v1,6cbe608f63eb536939ec56747cb6bba231db9daa,de947ec44a622d90f62e247e4cad4e4a81bb578c8249825f66cc44a0179ee3b2,controlled_kernel,ark-groth16-0.6.0-bn254,setup_or_preprocess,1024,8,,true,3,37.920914,6.755636,34.874764,44.584412,33.224717,45.663262,,,,,not-applicable,,,,,,,,,,,,,,measured,within-stack pilot; no Groth16-versus-PLONK claim,measurement,true
C2-CONTROLLED-SNARK,controlled-groth16-pilot-v1,6cbe608f63eb536939ec56747cb6bba231db9daa,de947ec44a622d90f62e247e4cad4e4a81bb578c8249825f66cc44a0179ee3b2,controlled_kernel,ark-groth16-0.6.0-bn254,setup_or_preprocess,1024,8,wrong_public_input,true,3,40.517872,2.404794,40.669045,42.626066,38.041058,42.843513,,,,,not-applicable,,,,,,,,,,,,,,measured,within-stack pilot; no Groth16-versus-PLONK claim,measurement,true
C2-CONTROLLED-SNARK,controlled-groth16-pilot-v1,6cbe608f63eb536939ec56747cb6bba231db9daa,de947ec44a622d90f62e247e4cad4e4a81bb578c8249825f66cc44a0179ee3b2,controlled_kernel,ark-groth16-0.6.0-bn254,setup_or_preprocess,256,1,,true,3,28.276092,1.862078,27.769951,30.082018,26.719410,30.338914,,,,,not-applicable,,,,,,,,,,,,,,measured,within-stack pilot; no Groth16-versus-PLONK claim,measurement,true
C2-CONTROLLED-SNARK,controlled-groth16-pilot-v1,6cbe608f63eb536939ec56747cb6bba231db9daa,de947ec44a622d90f62e247e4cad4e4a81bb578c8249825f66cc44a0179ee3b2,controlled_kernel,ark-groth16-0.6.0-bn254,setup_or_preprocess,256,16,,true,3,74.062351,4.312869,73.738717,78.049000,69.920415,78.527920,,,,,not-applicable,,,,,,,,,,,,,,measured,within-stack pilot; no Groth16-versus-PLONK claim,measurement,true
C2-CONTROLLED-SNARK,controlled-groth16-pilot-v1,6cbe608f63eb536939ec56747cb6bba231db9daa,de947ec44a622d90f62e247e4cad4e4a81bb578c8249825f66cc44a0179ee3b2,controlled_kernel,ark-groth16-0.6.0-bn254,setup_or_preprocess,256,2,,true,3,21.693163,1.186332,22.012606,22.619621,20.379817,22.687067,,,,,not-applicable,,,,,,,,,,,,,,measured,within-stack pilot; no Groth16-versus-PLONK claim,measurement,true
C2-CONTROLLED-SNARK,controlled-groth16-pilot-v1,6cbe608f63eb536939ec56747cb6bba231db9daa,de947ec44a622d90f62e247e4cad4e4a81bb578c8249825f66cc44a0179ee3b2,controlled_kernel,ark-groth16-0.6.0-bn254,setup_or_preprocess,256,4,,true,3,19.791886,2.078401,20.989962,20.993362,17.391956,20.993740,,,,,not-applicable,,,,,,,,,,,,,,measured,within-stack pilot; no Groth16-versus-PLONK claim,measurement,true
C2-CONTROLLED-SNARK,controlled-groth16-pilot-v1,6cbe608f63eb536939ec56747cb6bba231db9daa,de947ec44a622d90f62e247e4cad4e4a81bb578c8249825f66cc44a0179ee3b2,controlled_kernel,ark-groth16-0.6.0-bn254,setup_or_preprocess,256,8,,true,3,25.763598,3.494454,24.965705,29.125769,22.737091,29.587998,,,,,not-applicable,,,,,,,,,,,,,,measured,within-stack pilot; no Groth16-versus-PLONK claim,measurement,true
C2-CONTROLLED-SNARK,controlled-groth16-pilot-v1,6cbe608f63eb536939ec56747cb6bba231db9daa,de947ec44a622d90f62e247e4cad4e4a81bb578c8249825f66cc44a0179ee3b2,controlled_kernel,ark-groth16-0.6.0-bn254,setup_or_preprocess,4096,1,,true,3,246.898605,14.016876,241.353549,260.691116,236.502530,262.839735,,,,,not-applicable,,,,,,,,,,,,,,measured,within-stack pilot; no Groth16-versus-PLONK claim,measurement,true
C2-CONTROLLED-SNARK,controlled-groth16-pilot-v1,6cbe608f63eb536939ec56747cb6bba231db9daa,de947ec44a622d90f62e247e4cad4e4a81bb578c8249825f66cc44a0179ee3b2,controlled_kernel,ark-groth16-0.6.0-bn254,setup_or_preprocess,4096,1,wrong_public_input,true,3,247.902051,4.200447,249.867953,250.669937,243.079155,250.759046,,,,,not-applicable,,,,,,,,,,,,,,measured,within-stack pilot; no Groth16-versus-PLONK claim,measurement,true
C2-CONTROLLED-SNARK,controlled-groth16-pilot-v1,6cbe608f63eb536939ec56747cb6bba231db9daa,de947ec44a622d90f62e247e4cad4e4a81bb578c8249825f66cc44a0179ee3b2,controlled_kernel,ark-groth16-0.6.0-bn254,setup_or_preprocess,4096,16,,true,3,113.371875,9.942158,117.660736,120.170841,102.005148,120.449742,,,,,not-applicable,,,,,,,,,,,,,,measured,within-stack pilot; no Groth16-versus-PLONK claim,measurement,true
C2-CONTROLLED-SNARK,controlled-groth16-pilot-v1,6cbe608f63eb536939ec56747cb6bba231db9daa,de947ec44a622d90f62e247e4cad4e4a81bb578c8249825f66cc44a0179ee3b2,controlled_kernel,ark-groth16-0.6.0-bn254,setup_or_preprocess,4096,2,,true,3,143.197854,16.776352,139.791507,159.253531,128.386078,161.415978,,,,,not-applicable,,,,,,,,,,,,,,measured,within-stack pilot; no Groth16-versus-PLONK claim,measurement,true
C2-CONTROLLED-SNARK,controlled-groth16-pilot-v1,6cbe608f63eb536939ec56747cb6bba231db9daa,de947ec44a622d90f62e247e4cad4e4a81bb578c8249825f66cc44a0179ee3b2,controlled_kernel,ark-groth16-0.6.0-bn254,setup_or_preprocess,4096,4,,true,3,87.691269,4.857313,89.019685,91.473521,82.307954,91.746169,,,,,not-applicable,,,,,,,,,,,,,,measured,within-stack pilot; no Groth16-versus-PLONK claim,measurement,true
C2-CONTROLLED-SNARK,controlled-groth16-pilot-v1,6cbe608f63eb536939ec56747cb6bba231db9daa,de947ec44a622d90f62e247e4cad4e4a81bb578c8249825f66cc44a0179ee3b2,controlled_kernel,ark-groth16-0.6.0-bn254,setup_or_preprocess,4096,4,wrong_public_input,true,3,86.008204,5.816283,84.648596,91.610335,80.992154,92.383862,,,,,not-applicable,,,,,,,,,,,,,,measured,within-stack pilot; no Groth16-versus-PLONK claim,measurement,true
C2-CONTROLLED-SNARK,controlled-groth16-pilot-v1,6cbe608f63eb536939ec56747cb6bba231db9daa,de947ec44a622d90f62e247e4cad4e4a81bb578c8249825f66cc44a0179ee3b2,controlled_kernel,ark-groth16-0.6.0-bn254,setup_or_preprocess,4096,8,,true,3,72.910095,3.075483,74.638091,74.723453,69.359255,74.732938,,,,,not-applicable,,,,,,,,,,,,,,measured,within-stack pilot; no Groth16-versus-PLONK claim,measurement,true
C2-CONTROLLED-SNARK,controlled-groth16-pilot-v1,6cbe608f63eb536939ec56747cb6bba231db9daa,de947ec44a622d90f62e247e4cad4e4a81bb578c8249825f66cc44a0179ee3b2,controlled_kernel,ark-groth16-0.6.0-bn254,setup_or_preprocess,4096,8,wrong_public_input,true,3,74.370821,6.645242,76.624027,79.299257,66.891932,79.596505,,,,,not-applicable,,,,,,,,,,,,,,measured,within-stack pilot; no Groth16-versus-PLONK claim,measurement,true
C2-CONTROLLED-SNARK,controlled-groth16-pilot-v1,6cbe608f63eb536939ec56747cb6bba231db9daa,de947ec44a622d90f62e247e4cad4e4a81bb578c8249825f66cc44a0179ee3b2,controlled_kernel,ark-groth16-0.6.0-bn254,setup_or_preprocess,64,1,,true,3,15.702233,1.898949,15.822126,17.366768,13.746179,17.538395,,,,,not-applicable,,,,,,,,,,,,,,measured,within-stack pilot; no Groth16-versus-PLONK claim,measurement,true
C2-CONTROLLED-SNARK,controlled-groth16-pilot-v1,6cbe608f63eb536939ec56747cb6bba231db9daa,de947ec44a622d90f62e247e4cad4e4a81bb578c8249825f66cc44a0179ee3b2,controlled_kernel,ark-groth16-0.6.0-bn254,setup_or_preprocess,64,1,wrong_public_input,true,3,14.569747,3.447032,12.809159,17.968289,12.358557,18.541526,,,,,not-applicable,,,,,,,,,,,,,,measured,within-stack pilot; no Groth16-versus-PLONK claim,measurement,true
C2-CONTROLLED-SNARK,controlled-groth16-pilot-v1,6cbe608f63eb536939ec56747cb6bba231db9daa,de947ec44a622d90f62e247e4cad4e4a81bb578c8249825f66cc44a0179ee3b2,controlled_kernel,ark-groth16-0.6.0-bn254,setup_or_preprocess,64,16,,true,3,64.979615,7.359951,63.633788,71.991026,58.385450,72.919608,,,,,not-applicable,,,,,,,,,,,,,,measured,within-stack pilot; no Groth16-versus-PLONK claim,measurement,true
C2-CONTROLLED-SNARK,controlled-groth16-pilot-v1,6cbe608f63eb536939ec56747cb6bba231db9daa,de947ec44a622d90f62e247e4cad4e4a81bb578c8249825f66cc44a0179ee3b2,controlled_kernel,ark-groth16-0.6.0-bn254,setup_or_preprocess,64,2,,true,3,13.764332,2.561560,15.228813,15.254757,10.806544,15.257640,,,,,not-applicable,,,,,,,,,,,,,,measured,within-stack pilot; no Groth16-versus-PLONK claim,measurement,true
C2-CONTROLLED-SNARK,controlled-groth16-pilot-v1,6cbe608f63eb536939ec56747cb6bba231db9daa,de947ec44a622d90f62e247e4cad4e4a81bb578c8249825f66cc44a0179ee3b2,controlled_kernel,ark-groth16-0.6.0-bn254,setup_or_preprocess,64,4,,true,3,17.598485,0.724271,17.407284,18.299985,16.988997,18.399174,,,,,not-applicable,,,,,,,,,,,,,,measured,within-stack pilot; no Groth16-versus-PLONK claim,measurement,true
C2-CONTROLLED-SNARK,controlled-groth16-pilot-v1,6cbe608f63eb536939ec56747cb6bba231db9daa,de947ec44a622d90f62e247e4cad4e4a81bb578c8249825f66cc44a0179ee3b2,controlled_kernel,ark-groth16-0.6.0-bn254,setup_or_preprocess,64,4,wrong_public_input,true,3,18.143510,0.935211,17.957055,19.037817,17.315572,19.157902,,,,,not-applicable,,,,,,,,,,,,,,measured,within-stack pilot; no Groth16-versus-PLONK claim,measurement,true
C2-CONTROLLED-SNARK,controlled-groth16-pilot-v1,6cbe608f63eb536939ec56747cb6bba231db9daa,de947ec44a622d90f62e247e4cad4e4a81bb578c8249825f66cc44a0179ee3b2,controlled_kernel,ark-groth16-0.6.0-bn254,setup_or_preprocess,64,8,,true,3,28.675372,2.354377,27.387213,30.992199,27.246151,31.392753,,,,,not-applicable,,,,,,,,,,,,,,measured,within-stack pilot; no Groth16-versus-PLONK claim,measurement,true
C2-CONTROLLED-SNARK,controlled-groth16-pilot-v1,6cbe608f63eb536939ec56747cb6bba231db9daa,de947ec44a622d90f62e247e4cad4e4a81bb578c8249825f66cc44a0179ee3b2,controlled_kernel,ark-groth16-0.6.0-bn254,setup_or_preprocess,64,8,wrong_public_input,true,3,27.239507,3.247947,26.268480,30.402841,24.587825,30.862215,,,,,not-applicable,,,,,,,,,,,,,,measured,within-stack pilot; no Groth16-versus-PLONK claim,measurement,true
C2-CONTROLLED-SNARK,controlled-groth16-pilot-v1,6cbe608f63eb536939ec56747cb6bba231db9daa,de947ec44a622d90f62e247e4cad4e4a81bb578c8249825f66cc44a0179ee3b2,controlled_kernel,ark-groth16-0.6.0-bn254,verify_core,1024,1,,true,3,1.380168,0.196326,1.289465,1.573849,1.245593,1.605447,,,,,not-applicable,,,,,,,,,,,,,,measured,within-stack pilot; no Groth16-versus-PLONK claim,measurement,true
C2-CONTROLLED-SNARK,controlled-groth16-pilot-v1,6cbe608f63eb536939ec56747cb6bba231db9daa,de947ec44a622d90f62e247e4cad4e4a81bb578c8249825f66cc44a0179ee3b2,controlled_kernel,ark-groth16-0.6.0-bn254,verify_core,1024,1,wrong_public_input,true,3,1.335166,0.205022,1.219703,1.536663,1.213913,1.571881,,,,,not-applicable,,,,,,,,,,,,,,measured,within-stack pilot; no Groth16-versus-PLONK claim,measurement,true
C2-CONTROLLED-SNARK,controlled-groth16-pilot-v1,6cbe608f63eb536939ec56747cb6bba231db9daa,de947ec44a622d90f62e247e4cad4e4a81bb578c8249825f66cc44a0179ee3b2,controlled_kernel,ark-groth16-0.6.0-bn254,verify_core,1024,16,,true,3,1.713472,0.266433,1.606624,1.975732,1.517048,2.016744,,,,,not-applicable,,,,,,,,,,,,,,measured,within-stack pilot; no Groth16-versus-PLONK claim,measurement,true
C2-CONTROLLED-SNARK,controlled-groth16-pilot-v1,6cbe608f63eb536939ec56747cb6bba231db9daa,de947ec44a622d90f62e247e4cad4e4a81bb578c8249825f66cc44a0179ee3b2,controlled_kernel,ark-groth16-0.6.0-bn254,verify_core,1024,2,,true,3,1.560464,0.249195,1.689481,1.715776,1.273213,1.718698,,,,,not-applicable,,,,,,,,,,,,,,measured,within-stack pilot; no Groth16-versus-PLONK claim,measurement,true
C2-CONTROLLED-SNARK,controlled-groth16-pilot-v1,6cbe608f63eb536939ec56747cb6bba231db9daa,de947ec44a622d90f62e247e4cad4e4a81bb578c8249825f66cc44a0179ee3b2,controlled_kernel,ark-groth16-0.6.0-bn254,verify_core,1024,4,,true,3,1.696981,0.063780,1.707625,1.750055,1.628549,1.754769,,,,,not-applicable,,,,,,,,,,,,,,measured,within-stack pilot; no Groth16-versus-PLONK claim,measurement,true
C2-CONTROLLED-SNARK,controlled-groth16-pilot-v1,6cbe608f63eb536939ec56747cb6bba231db9daa,de947ec44a622d90f62e247e4cad4e4a81bb578c8249825f66cc44a0179ee3b2,controlled_kernel,ark-groth16-0.6.0-bn254,verify_core,1024,4,wrong_public_input,true,3,1.647414,0.245243,1.562318,1.887715,1.456054,1.923870,,,,,not-applicable,,,,,,,,,,,,,,measured,within-stack pilot; no Groth16-versus-PLONK claim,measurement,true
C2-CONTROLLED-SNARK,controlled-groth16-pilot-v1,6cbe608f63eb536939ec56747cb6bba231db9daa,de947ec44a622d90f62e247e4cad4e4a81bb578c8249825f66cc44a0179ee3b2,controlled_kernel,ark-groth16-0.6.0-bn254,verify_core,1024,8,,true,3,1.544507,0.212744,1.584803,1.719280,1.314497,1.734222,,,,,not-applicable,,,,,,,,,,,,,,measured,within-stack pilot; no Groth16-versus-PLONK claim,measurement,true
C2-CONTROLLED-SNARK,controlled-groth16-pilot-v1,6cbe608f63eb536939ec56747cb6bba231db9daa,de947ec44a622d90f62e247e4cad4e4a81bb578c8249825f66cc44a0179ee3b2,controlled_kernel,ark-groth16-0.6.0-bn254,verify_core,1024,8,wrong_public_input,true,3,1.629426,0.269477,1.546646,1.892188,1.411050,1.930582,,,,,not-applicable,,,,,,,,,,,,,,measured,within-stack pilot; no Groth16-versus-PLONK claim,measurement,true
C2-CONTROLLED-SNARK,controlled-groth16-pilot-v1,6cbe608f63eb536939ec56747cb6bba231db9daa,de947ec44a622d90f62e247e4cad4e4a81bb578c8249825f66cc44a0179ee3b2,controlled_kernel,ark-groth16-0.6.0-bn254,verify_core,256,1,,true,3,1.407939,0.081627,1.451181,1.458080,1.313788,1.458847,,,,,not-applicable,,,,,,,,,,,,,,measured,within-stack pilot; no Groth16-versus-PLONK claim,measurement,true
C2-CONTROLLED-SNARK,controlled-groth16-pilot-v1,6cbe608f63eb536939ec56747cb6bba231db9daa,de947ec44a622d90f62e247e4cad4e4a81bb578c8249825f66cc44a0179ee3b2,controlled_kernel,ark-groth16-0.6.0-bn254,verify_core,256,16,,true,3,1.616272,0.230901,1.654847,1.808395,1.368513,1.825456,,,,,not-applicable,,,,,,,,,,,,,,measured,within-stack pilot; no Groth16-versus-PLONK claim,measurement,true
C2-CONTROLLED-SNARK,controlled-groth16-pilot-v1,6cbe608f63eb536939ec56747cb6bba231db9daa,de947ec44a622d90f62e247e4cad4e4a81bb578c8249825f66cc44a0179ee3b2,controlled_kernel,ark-groth16-0.6.0-bn254,verify_core,256,2,,true,3,1.378586,0.054357,1.362147,1.431553,1.334345,1.439265,,,,,not-applicable,,,,,,,,,,,,,,measured,within-stack pilot; no Groth16-versus-PLONK claim,measurement,true
C2-CONTROLLED-SNARK,controlled-groth16-pilot-v1,6cbe608f63eb536939ec56747cb6bba231db9daa,de947ec44a622d90f62e247e4cad4e4a81bb578c8249825f66cc44a0179ee3b2,controlled_kernel,ark-groth16-0.6.0-bn254,verify_core,256,4,,true,3,1.293944,0.065145,1.285776,1.355087,1.233269,1.362788,,,,,not-applicable,,,,,,,,,,,,,,measured,within-stack pilot; no Groth16-versus-PLONK claim,measurement,true
C2-CONTROLLED-SNARK,controlled-groth16-pilot-v1,6cbe608f63eb536939ec56747cb6bba231db9daa,de947ec44a622d90f62e247e4cad4e4a81bb578c8249825f66cc44a0179ee3b2,controlled_kernel,ark-groth16-0.6.0-bn254,verify_core,256,8,,true,3,1.560478,0.246720,1.522071,1.793941,1.335213,1.824149,,,,,not-applicable,,,,,,,,,,,,,,measured,within-stack pilot; no Groth16-versus-PLONK claim,measurement,true
C2-CONTROLLED-SNARK,controlled-groth16-pilot-v1,6cbe608f63eb536939ec56747cb6bba231db9daa,de947ec44a622d90f62e247e4cad4e4a81bb578c8249825f66cc44a0179ee3b2,controlled_kernel,ark-groth16-0.6.0-bn254,verify_core,4096,1,,true,3,1.322785,0.114926,1.289593,1.434548,1.228107,1.450654,,,,,not-applicable,,,,,,,,,,,,,,measured,within-stack pilot; no Groth16-versus-PLONK claim,measurement,true
C2-CONTROLLED-SNARK,controlled-groth16-pilot-v1,6cbe608f63eb536939ec56747cb6bba231db9daa,de947ec44a622d90f62e247e4cad4e4a81bb578c8249825f66cc44a0179ee3b2,controlled_kernel,ark-groth16-0.6.0-bn254,verify_core,4096,1,wrong_public_input,true,3,1.298013,0.115753,1.360416,1.368298,1.164449,1.369174,,,,,not-applicable,,,,,,,,,,,,,,measured,within-stack pilot; no Groth16-versus-PLONK claim,measurement,true
C2-CONTROLLED-SNARK,controlled-groth16-pilot-v1,6cbe608f63eb536939ec56747cb6bba231db9daa,de947ec44a622d90f62e247e4cad4e4a81bb578c8249825f66cc44a0179ee3b2,controlled_kernel,ark-groth16-0.6.0-bn254,verify_core,4096,16,,true,3,1.613776,0.217700,1.509747,1.828551,1.467607,1.863974,,,,,not-applicable,,,,,,,,,,,,,,measured,within-stack pilot; no Groth16-versus-PLONK claim,measurement,true
C2-CONTROLLED-SNARK,controlled-groth16-pilot-v1,6cbe608f63eb536939ec56747cb6bba231db9daa,de947ec44a622d90f62e247e4cad4e4a81bb578c8249825f66cc44a0179ee3b2,controlled_kernel,ark-groth16-0.6.0-bn254,verify_core,4096,2,,true,3,1.379464,0.178232,1.300113,1.555243,1.254688,1.583591,,,,,not-applicable,,,,,,,,,,,,,,measured,within-stack pilot; no Groth16-versus-PLONK claim,measurement,true
C2-CONTROLLED-SNARK,controlled-groth16-pilot-v1,6cbe608f63eb536939ec56747cb6bba231db9daa,de947ec44a622d90f62e247e4cad4e4a81bb578c8249825f66cc44a0179ee3b2,controlled_kernel,ark-groth16-0.6.0-bn254,verify_core,4096,4,,true,3,1.572395,0.255008,1.668736,1.755551,1.283251,1.765197,,,,,not-applicable,,,,,,,,,,,,,,measured,within-stack pilot; no Groth16-versus-PLONK claim,measurement,true
C2-CONTROLLED-SNARK,controlled-groth16-pilot-v1,6cbe608f63eb536939ec56747cb6bba231db9daa,de947ec44a622d90f62e247e4cad4e4a81bb578c8249825f66cc44a0179ee3b2,controlled_kernel,ark-groth16-0.6.0-bn254,verify_core,4096,4,wrong_public_input,true,3,1.529279,0.218692,1.562244,1.712880,1.295975,1.729617,,,,,not-applicable,,,,,,,,,,,,,,measured,within-stack pilot; no Groth16-versus-PLONK claim,measurement,true
C2-CONTROLLED-SNARK,controlled-groth16-pilot-v1,6cbe608f63eb536939ec56747cb6bba231db9daa,de947ec44a622d90f62e247e4cad4e4a81bb578c8249825f66cc44a0179ee3b2,controlled_kernel,ark-groth16-0.6.0-bn254,verify_core,4096,8,,true,3,1.617095,0.067304,1.641037,1.666343,1.541094,1.669155,,,,,not-applicable,,,,,,,,,,,,,,measured,within-stack pilot; no Groth16-versus-PLONK claim,measurement,true
C2-CONTROLLED-SNARK,controlled-groth16-pilot-v1,6cbe608f63eb536939ec56747cb6bba231db9daa,de947ec44a622d90f62e247e4cad4e4a81bb578c8249825f66cc44a0179ee3b2,controlled_kernel,ark-groth16-0.6.0-bn254,verify_core,4096,8,wrong_public_input,true,3,1.910086,0.518715,1.873993,2.388713,1.410360,2.445904,,,,,not-applicable,,,,,,,,,,,,,,measured,within-stack pilot; no Groth16-versus-PLONK claim,measurement,true
C2-CONTROLLED-SNARK,controlled-groth16-pilot-v1,6cbe608f63eb536939ec56747cb6bba231db9daa,de947ec44a622d90f62e247e4cad4e4a81bb578c8249825f66cc44a0179ee3b2,controlled_kernel,ark-groth16-0.6.0-bn254,verify_core,64,1,,true,3,1.297637,0.019890,1.286471,1.317188,1.285838,1.320601,,,,,not-applicable,,,,,,,,,,,,,,measured,within-stack pilot; no Groth16-versus-PLONK claim,measurement,true
C2-CONTROLLED-SNARK,controlled-groth16-pilot-v1,6cbe608f63eb536939ec56747cb6bba231db9daa,de947ec44a622d90f62e247e4cad4e4a81bb578c8249825f66cc44a0179ee3b2,controlled_kernel,ark-groth16-0.6.0-bn254,verify_core,64,1,wrong_public_input,true,3,1.338214,0.014920,1.344876,1.348265,1.321123,1.348642,,,,,not-applicable,,,,,,,,,,,,,,measured,within-stack pilot; no Groth16-versus-PLONK claim,measurement,true
C2-CONTROLLED-SNARK,controlled-groth16-pilot-v1,6cbe608f63eb536939ec56747cb6bba231db9daa,de947ec44a622d90f62e247e4cad4e4a81bb578c8249825f66cc44a0179ee3b2,controlled_kernel,ark-groth16-0.6.0-bn254,verify_core,64,16,,true,3,1.653767,0.140018,1.649436,1.781254,1.515965,1.795900,,,,,not-applicable,,,,,,,,,,,,,,measured,within-stack pilot; no Groth16-versus-PLONK claim,measurement,true
C2-CONTROLLED-SNARK,controlled-groth16-pilot-v1,6cbe608f63eb536939ec56747cb6bba231db9daa,de947ec44a622d90f62e247e4cad4e4a81bb578c8249825f66cc44a0179ee3b2,controlled_kernel,ark-groth16-0.6.0-bn254,verify_core,64,2,,true,3,1.399201,0.177012,1.303517,1.573467,1.290625,1.603461,,,,,not-applicable,,,,,,,,,,,,,,measured,within-stack pilot; no Groth16-versus-PLONK claim,measurement,true
C2-CONTROLLED-SNARK,controlled-groth16-pilot-v1,6cbe608f63eb536939ec56747cb6bba231db9daa,de947ec44a622d90f62e247e4cad4e4a81bb578c8249825f66cc44a0179ee3b2,controlled_kernel,ark-groth16-0.6.0-bn254,verify_core,64,4,,true,3,1.319616,0.053869,1.333585,1.361971,1.260139,1.365125,,,,,not-applicable,,,,,,,,,,,,,,measured,within-stack pilot; no Groth16-versus-PLONK claim,measurement,true
C2-CONTROLLED-SNARK,controlled-groth16-pilot-v1,6cbe608f63eb536939ec56747cb6bba231db9daa,de947ec44a622d90f62e247e4cad4e4a81bb578c8249825f66cc44a0179ee3b2,controlled_kernel,ark-groth16-0.6.0-bn254,verify_core,64,4,wrong_public_input,true,3,1.411027,0.021433,1.411401,1.430184,1.389410,1.432271,,,,,not-applicable,,,,,,,,,,,,,,measured,within-stack pilot; no Groth16-versus-PLONK claim,measurement,true
C2-CONTROLLED-SNARK,controlled-groth16-pilot-v1,6cbe608f63eb536939ec56747cb6bba231db9daa,de947ec44a622d90f62e247e4cad4e4a81bb578c8249825f66cc44a0179ee3b2,controlled_kernel,ark-groth16-0.6.0-bn254,verify_core,64,8,,true,3,1.555386,0.148724,1.518299,1.699059,1.428714,1.719144,,,,,not-applicable,,,,,,,,,,,,,,measured,within-stack pilot; no Groth16-versus-PLONK claim,measurement,true
C2-CONTROLLED-SNARK,controlled-groth16-pilot-v1,6cbe608f63eb536939ec56747cb6bba231db9daa,de947ec44a622d90f62e247e4cad4e4a81bb578c8249825f66cc44a0179ee3b2,controlled_kernel,ark-groth16-0.6.0-bn254,verify_core,64,8,wrong_public_input,true,3,1.666024,0.144816,1.719377,1.770873,1.502101,1.776595,,,,,not-applicable,,,,,,,,,,,,,,measured,within-stack pilot; no Groth16-versus-PLONK claim,measurement,true
C2-CONTROLLED-SNARK,controlled-groth16-pilot-v1,6cbe608f63eb536939ec56747cb6bba231db9daa,de947ec44a622d90f62e247e4cad4e4a81bb578c8249825f66cc44a0179ee3b2,controlled_kernel,ark-groth16-0.6.0-bn254,verify_total,1024,1,,true,3,2.275249,0.155737,2.195806,2.428799,2.175255,2.454687,,,,,not-applicable,,,,,,,,,,,,,,measured,within-stack pilot; no Groth16-versus-PLONK claim,measurement,true
C2-CONTROLLED-SNARK,controlled-groth16-pilot-v1,6cbe608f63eb536939ec56747cb6bba231db9daa,de947ec44a622d90f62e247e4cad4e4a81bb578c8249825f66cc44a0179ee3b2,controlled_kernel,ark-groth16-0.6.0-bn254,verify_total,1024,1,wrong_public_input,true,3,1.872205,0.044858,1.881283,1.908775,1.823502,1.911830,,,,,not-applicable,,,,,,,,,,,,,,measured,within-stack pilot; no Groth16-versus-PLONK claim,measurement,true
C2-CONTROLLED-SNARK,controlled-groth16-pilot-v1,6cbe608f63eb536939ec56747cb6bba231db9daa,de947ec44a622d90f62e247e4cad4e4a81bb578c8249825f66cc44a0179ee3b2,controlled_kernel,ark-groth16-0.6.0-bn254,verify_total,1024,16,,true,3,3.017748,1.264636,2.952009,4.177776,1.787264,4.313972,,,,,not-applicable,,,,,,,,,,,,,,measured,within-stack pilot; no Groth16-versus-PLONK claim,measurement,true
C2-CONTROLLED-SNARK,controlled-groth16-pilot-v1,6cbe608f63eb536939ec56747cb6bba231db9daa,de947ec44a622d90f62e247e4cad4e4a81bb578c8249825f66cc44a0179ee3b2,controlled_kernel,ark-groth16-0.6.0-bn254,verify_total,1024,2,,true,3,2.316509,0.328775,2.494231,2.515778,1.937124,2.518172,,,,,not-applicable,,,,,,,,,,,,,,measured,within-stack pilot; no Groth16-versus-PLONK claim,measurement,true
C2-CONTROLLED-SNARK,controlled-groth16-pilot-v1,6cbe608f63eb536939ec56747cb6bba231db9daa,de947ec44a622d90f62e247e4cad4e4a81bb578c8249825f66cc44a0179ee3b2,controlled_kernel,ark-groth16-0.6.0-bn254,verify_total,1024,4,,true,3,2.606070,0.143333,2.684461,2.692245,2.440638,2.693110,,,,,not-applicable,,,,,,,,,,,,,,measured,within-stack pilot; no Groth16-versus-PLONK claim,measurement,true
C2-CONTROLLED-SNARK,controlled-groth16-pilot-v1,6cbe608f63eb536939ec56747cb6bba231db9daa,de947ec44a622d90f62e247e4cad4e4a81bb578c8249825f66cc44a0179ee3b2,controlled_kernel,ark-groth16-0.6.0-bn254,verify_total,1024,4,wrong_public_input,true,3,2.628545,0.131904,2.629290,2.746996,2.496270,2.760075,,,,,not-applicable,,,,,,,,,,,,,,measured,within-stack pilot; no Groth16-versus-PLONK claim,measurement,true
C2-CONTROLLED-SNARK,controlled-groth16-pilot-v1,6cbe608f63eb536939ec56747cb6bba231db9daa,de947ec44a622d90f62e247e4cad4e4a81bb578c8249825f66cc44a0179ee3b2,controlled_kernel,ark-groth16-0.6.0-bn254,verify_total,1024,8,,true,3,1.981034,0.131082,2.031618,2.074520,1.832196,2.079287,,,,,not-applicable,,,,,,,,,,,,,,measured,within-stack pilot; no Groth16-versus-PLONK claim,measurement,true
C2-CONTROLLED-SNARK,controlled-groth16-pilot-v1,6cbe608f63eb536939ec56747cb6bba231db9daa,de947ec44a622d90f62e247e4cad4e4a81bb578c8249825f66cc44a0179ee3b2,controlled_kernel,ark-groth16-0.6.0-bn254,verify_total,1024,8,wrong_public_input,true,3,2.498259,0.269970,2.397259,2.763475,2.293351,2.804166,,,,,not-applicable,,,,,,,,,,,,,,measured,within-stack pilot; no Groth16-versus-PLONK claim,measurement,true
C2-CONTROLLED-SNARK,controlled-groth16-pilot-v1,6cbe608f63eb536939ec56747cb6bba231db9daa,de947ec44a622d90f62e247e4cad4e4a81bb578c8249825f66cc44a0179ee3b2,controlled_kernel,ark-groth16-0.6.0-bn254,verify_total,256,1,,true,3,2.039377,0.367576,2.006795,2.380623,1.689177,2.422159,,,,,not-applicable,,,,,,,,,,,,,,measured,within-stack pilot; no Groth16-versus-PLONK claim,measurement,true
C2-CONTROLLED-SNARK,controlled-groth16-pilot-v1,6cbe608f63eb536939ec56747cb6bba231db9daa,de947ec44a622d90f62e247e4cad4e4a81bb578c8249825f66cc44a0179ee3b2,controlled_kernel,ark-groth16-0.6.0-bn254,verify_total,256,16,,true,3,2.293016,0.204854,2.208964,2.494771,2.143556,2.526527,,,,,not-applicable,,,,,,,,,,,,,,measured,within-stack pilot; no Groth16-versus-PLONK claim,measurement,true
C2-CONTROLLED-SNARK,controlled-groth16-pilot-v1,6cbe608f63eb536939ec56747cb6bba231db9daa,de947ec44a622d90f62e247e4cad4e4a81bb578c8249825f66cc44a0179ee3b2,controlled_kernel,ark-groth16-0.6.0-bn254,verify_total,256,2,,true,3,1.982375,0.303080,2.073868,2.213638,1.644089,2.229168,,,,,not-applicable,,,,,,,,,,,,,,measured,within-stack pilot; no Groth16-versus-PLONK claim,measurement,true
C2-CONTROLLED-SNARK,controlled-groth16-pilot-v1,6cbe608f63eb536939ec56747cb6bba231db9daa,de947ec44a622d90f62e247e4cad4e4a81bb578c8249825f66cc44a0179ee3b2,controlled_kernel,ark-groth16-0.6.0-bn254,verify_total,256,4,,true,3,1.860277,0.355410,2.055496,2.073311,1.450044,2.075290,,,,,not-applicable,,,,,,,,,,,,,,measured,within-stack pilot; no Groth16-versus-PLONK claim,measurement,true
C2-CONTROLLED-SNARK,controlled-groth16-pilot-v1,6cbe608f63eb536939ec56747cb6bba231db9daa,de947ec44a622d90f62e247e4cad4e4a81bb578c8249825f66cc44a0179ee3b2,controlled_kernel,ark-groth16-0.6.0-bn254,verify_total,256,8,,true,3,2.177601,0.833509,1.858351,2.997026,1.550907,3.123545,,,,,not-applicable,,,,,,,,,,,,,,measured,within-stack pilot; no Groth16-versus-PLONK claim,measurement,true
C2-CONTROLLED-SNARK,controlled-groth16-pilot-v1,6cbe608f63eb536939ec56747cb6bba231db9daa,de947ec44a622d90f62e247e4cad4e4a81bb578c8249825f66cc44a0179ee3b2,controlled_kernel,ark-groth16-0.6.0-bn254,verify_total,4096,1,,true,3,1.712153,0.203426,1.699690,1.899341,1.515246,1.921524,,,,,not-applicable,,,,,,,,,,,,,,measured,within-stack pilot; no Groth16-versus-PLONK claim,measurement,true
C2-CONTROLLED-SNARK,controlled-groth16-pilot-v1,6cbe608f63eb536939ec56747cb6bba231db9daa,de947ec44a622d90f62e247e4cad4e4a81bb578c8249825f66cc44a0179ee3b2,controlled_kernel,ark-groth16-0.6.0-bn254,verify_total,4096,1,wrong_public_input,true,3,1.937717,0.228296,1.848099,2.162312,1.767828,2.197225,,,,,not-applicable,,,,,,,,,,,,,,measured,within-stack pilot; no Groth16-versus-PLONK claim,measurement,true
C2-CONTROLLED-SNARK,controlled-groth16-pilot-v1,6cbe608f63eb536939ec56747cb6bba231db9daa,de947ec44a622d90f62e247e4cad4e4a81bb578c8249825f66cc44a0179ee3b2,controlled_kernel,ark-groth16-0.6.0-bn254,verify_total,4096,16,,true,3,2.575604,0.869261,2.510413,3.379104,1.740773,3.475625,,,,,not-applicable,,,,,,,,,,,,,,measured,within-stack pilot; no Groth16-versus-PLONK claim,measurement,true
C2-CONTROLLED-SNARK,controlled-groth16-pilot-v1,6cbe608f63eb536939ec56747cb6bba231db9daa,de947ec44a622d90f62e247e4cad4e4a81bb578c8249825f66cc44a0179ee3b2,controlled_kernel,ark-groth16-0.6.0-bn254,verify_total,4096,2,,true,3,2.352479,0.630606,2.024049,2.973966,1.953876,3.079512,,,,,not-applicable,,,,,,,,,,,,,,measured,within-stack pilot; no Groth16-versus-PLONK claim,measurement,true
C2-CONTROLLED-SNARK,controlled-groth16-pilot-v1,6cbe608f63eb536939ec56747cb6bba231db9daa,de947ec44a622d90f62e247e4cad4e4a81bb578c8249825f66cc44a0179ee3b2,controlled_kernel,ark-groth16-0.6.0-bn254,verify_total,4096,4,,true,3,2.240063,0.292690,2.194686,2.516981,1.972711,2.552791,,,,,not-applicable,,,,,,,,,,,,,,measured,within-stack pilot; no Groth16-versus-PLONK claim,measurement,true
C2-CONTROLLED-SNARK,controlled-groth16-pilot-v1,6cbe608f63eb536939ec56747cb6bba231db9daa,de947ec44a622d90f62e247e4cad4e4a81bb578c8249825f66cc44a0179ee3b2,controlled_kernel,ark-groth16-0.6.0-bn254,verify_total,4096,4,wrong_public_input,true,3,1.974529,0.451625,2.013559,2.366191,1.504656,2.405372,,,,,not-applicable,,,,,,,,,,,,,,measured,within-stack pilot; no Groth16-versus-PLONK claim,measurement,true
C2-CONTROLLED-SNARK,controlled-groth16-pilot-v1,6cbe608f63eb536939ec56747cb6bba231db9daa,de947ec44a622d90f62e247e4cad4e4a81bb578c8249825f66cc44a0179ee3b2,controlled_kernel,ark-groth16-0.6.0-bn254,verify_total,4096,8,,true,3,2.381620,0.517577,2.381596,2.847448,1.864055,2.899209,,,,,not-applicable,,,,,,,,,,,,,,measured,within-stack pilot; no Groth16-versus-PLONK claim,measurement,true
C2-CONTROLLED-SNARK,controlled-groth16-pilot-v1,6cbe608f63eb536939ec56747cb6bba231db9daa,de947ec44a622d90f62e247e4cad4e4a81bb578c8249825f66cc44a0179ee3b2,controlled_kernel,ark-groth16-0.6.0-bn254,verify_total,4096,8,wrong_public_input,true,3,2.985119,0.911437,2.718261,3.872004,2.236897,4.000198,,,,,not-applicable,,,,,,,,,,,,,,measured,within-stack pilot; no Groth16-versus-PLONK claim,measurement,true
C2-CONTROLLED-SNARK,controlled-groth16-pilot-v1,6cbe608f63eb536939ec56747cb6bba231db9daa,de947ec44a622d90f62e247e4cad4e4a81bb578c8249825f66cc44a0179ee3b2,controlled_kernel,ark-groth16-0.6.0-bn254,verify_total,64,1,,true,3,1.667532,0.256855,1.542175,1.920913,1.497426,1.962995,,,,,not-applicable,,,,,,,,,,,,,,measured,within-stack pilot; no Groth16-versus-PLONK claim,measurement,true
C2-CONTROLLED-SNARK,controlled-groth16-pilot-v1,6cbe608f63eb536939ec56747cb6bba231db9daa,de947ec44a622d90f62e247e4cad4e4a81bb578c8249825f66cc44a0179ee3b2,controlled_kernel,ark-groth16-0.6.0-bn254,verify_total,64,1,wrong_public_input,true,3,1.763015,0.400443,1.544929,2.157140,1.518953,2.225164,,,,,not-applicable,,,,,,,,,,,,,,measured,within-stack pilot; no Groth16-versus-PLONK claim,measurement,true
C2-CONTROLLED-SNARK,controlled-groth16-pilot-v1,6cbe608f63eb536939ec56747cb6bba231db9daa,de947ec44a622d90f62e247e4cad4e4a81bb578c8249825f66cc44a0179ee3b2,controlled_kernel,ark-groth16-0.6.0-bn254,verify_total,64,16,,true,3,2.596479,0.288508,2.506410,2.877990,2.363749,2.919277,,,,,not-applicable,,,,,,,,,,,,,,measured,within-stack pilot; no Groth16-versus-PLONK claim,measurement,true
C2-CONTROLLED-SNARK,controlled-groth16-pilot-v1,6cbe608f63eb536939ec56747cb6bba231db9daa,de947ec44a622d90f62e247e4cad4e4a81bb578c8249825f66cc44a0179ee3b2,controlled_kernel,ark-groth16-0.6.0-bn254,verify_total,64,2,,true,3,2.157122,0.570856,2.404545,2.546727,1.504295,2.562525,,,,,not-applicable,,,,,,,,,,,,,,measured,within-stack pilot; no Groth16-versus-PLONK claim,measurement,true
C2-CONTROLLED-SNARK,controlled-groth16-pilot-v1,6cbe608f63eb536939ec56747cb6bba231db9daa,de947ec44a622d90f62e247e4cad4e4a81bb578c8249825f66cc44a0179ee3b2,controlled_kernel,ark-groth16-0.6.0-bn254,verify_total,64,4,,true,3,2.112069,0.226767,2.021713,2.335249,1.944409,2.370086,,,,,not-applicable,,,,,,,,,,,,,,measured,within-stack pilot; no Groth16-versus-PLONK claim,measurement,true
C2-CONTROLLED-SNARK,controlled-groth16-pilot-v1,6cbe608f63eb536939ec56747cb6bba231db9daa,de947ec44a622d90f62e247e4cad4e4a81bb578c8249825f66cc44a0179ee3b2,controlled_kernel,ark-groth16-0.6.0-bn254,verify_total,64,4,wrong_public_input,true,3,2.248795,0.172578,2.206549,2.415371,2.101262,2.438573,,,,,not-applicable,,,,,,,,,,,,,,measured,within-stack pilot; no Groth16-versus-PLONK claim,measurement,true
C2-CONTROLLED-SNARK,controlled-groth16-pilot-v1,6cbe608f63eb536939ec56747cb6bba231db9daa,de947ec44a622d90f62e247e4cad4e4a81bb578c8249825f66cc44a0179ee3b2,controlled_kernel,ark-groth16-0.6.0-bn254,verify_total,64,8,,true,3,2.211357,0.193586,2.117497,2.402333,2.082593,2.433981,,,,,not-applicable,,,,,,,,,,,,,,measured,within-stack pilot; no Groth16-versus-PLONK claim,measurement,true
C2-CONTROLLED-SNARK,controlled-groth16-pilot-v1,6cbe608f63eb536939ec56747cb6bba231db9daa,de947ec44a622d90f62e247e4cad4e4a81bb578c8249825f66cc44a0179ee3b2,controlled_kernel,ark-groth16-0.6.0-bn254,verify_total,64,8,wrong_public_input,true,3,2.289323,0.491285,2.511848,2.618159,1.726150,2.629971,,,,,not-applicable,,,,,,,,,,,,,,measured,within-stack pilot; no Groth16-versus-PLONK claim,measurement,true
C2-CONTROLLED-SNARK,controlled-groth16-pilot-v1,6cbe608f63eb536939ec56747cb6bba231db9daa,de947ec44a622d90f62e247e4cad4e4a81bb578c8249825f66cc44a0179ee3b2,controlled_kernel,ark-groth16-0.6.0-bn254,witness,1024,1,,true,3,24.810645,0.619138,24.797922,25.372234,24.197967,25.436047,,,,,not-applicable,,,,,,,,,,,,,,measured,within-stack pilot; no Groth16-versus-PLONK claim,measurement,true
C2-CONTROLLED-SNARK,controlled-groth16-pilot-v1,6cbe608f63eb536939ec56747cb6bba231db9daa,de947ec44a622d90f62e247e4cad4e4a81bb578c8249825f66cc44a0179ee3b2,controlled_kernel,ark-groth16-0.6.0-bn254,witness,1024,1,wrong_public_input,true,3,19.414731,6.827422,20.607724,25.071100,12.069437,25.567031,,,,,not-applicable,,,,,,,,,,,,,,measured,within-stack pilot; no Groth16-versus-PLONK claim,measurement,true
C2-CONTROLLED-SNARK,controlled-groth16-pilot-v1,6cbe608f63eb536939ec56747cb6bba231db9daa,de947ec44a622d90f62e247e4cad4e4a81bb578c8249825f66cc44a0179ee3b2,controlled_kernel,ark-groth16-0.6.0-bn254,witness,1024,16,,true,3,236.488217,8.495591,238.515488,243.259654,227.162380,243.786783,,,,,not-applicable,,,,,,,,,,,,,,measured,within-stack pilot; no Groth16-versus-PLONK claim,measurement,true
C2-CONTROLLED-SNARK,controlled-groth16-pilot-v1,6cbe608f63eb536939ec56747cb6bba231db9daa,de947ec44a622d90f62e247e4cad4e4a81bb578c8249825f66cc44a0179ee3b2,controlled_kernel,ark-groth16-0.6.0-bn254,witness,1024,2,,true,3,51.799012,0.219458,51.696206,52.015522,51.649828,52.051002,,,,,not-applicable,,,,,,,,,,,,,,measured,within-stack pilot; no Groth16-versus-PLONK claim,measurement,true
C2-CONTROLLED-SNARK,controlled-groth16-pilot-v1,6cbe608f63eb536939ec56747cb6bba231db9daa,de947ec44a622d90f62e247e4cad4e4a81bb578c8249825f66cc44a0179ee3b2,controlled_kernel,ark-groth16-0.6.0-bn254,witness,1024,4,,true,3,122.797469,9.122783,126.399801,129.252156,112.423522,129.569084,,,,,not-applicable,,,,,,,,,,,,,,measured,within-stack pilot; no Groth16-versus-PLONK claim,measurement,true
C2-CONTROLLED-SNARK,controlled-groth16-pilot-v1,6cbe608f63eb536939ec56747cb6bba231db9daa,de947ec44a622d90f62e247e4cad4e4a81bb578c8249825f66cc44a0179ee3b2,controlled_kernel,ark-groth16-0.6.0-bn254,witness,1024,4,wrong_public_input,true,3,116.330144,3.184991,116.428779,119.161082,113.096981,119.464671,,,,,not-applicable,,,,,,,,,,,,,,measured,within-stack pilot; no Groth16-versus-PLONK claim,measurement,true
C2-CONTROLLED-SNARK,controlled-groth16-pilot-v1,6cbe608f63eb536939ec56747cb6bba231db9daa,de947ec44a622d90f62e247e4cad4e4a81bb578c8249825f66cc44a0179ee3b2,controlled_kernel,ark-groth16-0.6.0-bn254,witness,1024,8,,true,3,235.974526,3.847147,236.077157,239.400113,232.077090,239.769330,,,,,not-applicable,,,,,,,,,,,,,,measured,within-stack pilot; no Groth16-versus-PLONK claim,measurement,true
C2-CONTROLLED-SNARK,controlled-groth16-pilot-v1,6cbe608f63eb536939ec56747cb6bba231db9daa,de947ec44a622d90f62e247e4cad4e4a81bb578c8249825f66cc44a0179ee3b2,controlled_kernel,ark-groth16-0.6.0-bn254,witness,1024,8,wrong_public_input,true,3,237.587713,15.563589,230.999133,252.925650,226.402077,255.361930,,,,,not-applicable,,,,,,,,,,,,,,measured,within-stack pilot; no Groth16-versus-PLONK claim,measurement,true
C2-CONTROLLED-SNARK,controlled-groth16-pilot-v1,6cbe608f63eb536939ec56747cb6bba231db9daa,de947ec44a622d90f62e247e4cad4e4a81bb578c8249825f66cc44a0179ee3b2,controlled_kernel,ark-groth16-0.6.0-bn254,witness,256,1,,true,3,7.390991,3.203196,8.972174,9.443751,3.704651,9.496148,,,,,not-applicable,,,,,,,,,,,,,,measured,within-stack pilot; no Groth16-versus-PLONK claim,measurement,true
C2-CONTROLLED-SNARK,controlled-groth16-pilot-v1,6cbe608f63eb536939ec56747cb6bba231db9daa,de947ec44a622d90f62e247e4cad4e4a81bb578c8249825f66cc44a0179ee3b2,controlled_kernel,ark-groth16-0.6.0-bn254,witness,256,16,,true,3,58.990018,4.137220,61.137597,61.564412,54.220621,61.611836,,,,,not-applicable,,,,,,,,,,,,,,measured,within-stack pilot; no Groth16-versus-PLONK claim,measurement,true
C2-CONTROLLED-SNARK,controlled-groth16-pilot-v1,6cbe608f63eb536939ec56747cb6bba231db9daa,de947ec44a622d90f62e247e4cad4e4a81bb578c8249825f66cc44a0179ee3b2,controlled_kernel,ark-groth16-0.6.0-bn254,witness,256,2,,true,3,14.623951,2.962133,13.158342,17.545693,12.680336,18.033176,,,,,not-applicable,,,,,,,,,,,,,,measured,within-stack pilot; no Groth16-versus-PLONK claim,measurement,true
C2-CONTROLLED-SNARK,controlled-groth16-pilot-v1,6cbe608f63eb536939ec56747cb6bba231db9daa,de947ec44a622d90f62e247e4cad4e4a81bb578c8249825f66cc44a0179ee3b2,controlled_kernel,ark-groth16-0.6.0-bn254,witness,256,4,,true,3,30.802137,4.136223,32.572969,33.639617,26.075307,33.758134,,,,,not-applicable,,,,,,,,,,,,,,measured,within-stack pilot; no Groth16-versus-PLONK claim,measurement,true
C2-CONTROLLED-SNARK,controlled-groth16-pilot-v1,6cbe608f63eb536939ec56747cb6bba231db9daa,de947ec44a622d90f62e247e4cad4e4a81bb578c8249825f66cc44a0179ee3b2,controlled_kernel,ark-groth16-0.6.0-bn254,witness,256,8,,true,3,55.700216,1.449580,55.946150,56.904601,54.143401,57.011096,,,,,not-applicable,,,,,,,,,,,,,,measured,within-stack pilot; no Groth16-versus-PLONK claim,measurement,true
C2-CONTROLLED-SNARK,controlled-groth16-pilot-v1,6cbe608f63eb536939ec56747cb6bba231db9daa,de947ec44a622d90f62e247e4cad4e4a81bb578c8249825f66cc44a0179ee3b2,controlled_kernel,ark-groth16-0.6.0-bn254,witness,4096,1,,true,3,79.096720,18.190174,71.534465,97.016794,65.907531,99.848164,,,,,not-applicable,,,,,,,,,,,,,,measured,within-stack pilot; no Groth16-versus-PLONK claim,measurement,true
C2-CONTROLLED-SNARK,controlled-groth16-pilot-v1,6cbe608f63eb536939ec56747cb6bba231db9daa,de947ec44a622d90f62e247e4cad4e4a81bb578c8249825f66cc44a0179ee3b2,controlled_kernel,ark-groth16-0.6.0-bn254,witness,4096,1,wrong_public_input,true,3,64.170372,5.906459,63.555491,69.679746,58.595407,70.360219,,,,,not-applicable,,,,,,,,,,,,,,measured,within-stack pilot; no Groth16-versus-PLONK claim,measurement,true
C2-CONTROLLED-SNARK,controlled-groth16-pilot-v1,6cbe608f63eb536939ec56747cb6bba231db9daa,de947ec44a622d90f62e247e4cad4e4a81bb578c8249825f66cc44a0179ee3b2,controlled_kernel,ark-groth16-0.6.0-bn254,witness,4096,16,,true,3,939.609075,32.458189,935.044159,970.201678,909.674996,974.108069,,,,,not-applicable,,,,,,,,,,,,,,measured,within-stack pilot; no Groth16-versus-PLONK claim,measurement,true
C2-CONTROLLED-SNARK,controlled-groth16-pilot-v1,6cbe608f63eb536939ec56747cb6bba231db9daa,de947ec44a622d90f62e247e4cad4e4a81bb578c8249825f66cc44a0179ee3b2,controlled_kernel,ark-groth16-0.6.0-bn254,witness,4096,2,,true,3,188.687137,13.188412,181.340618,201.655491,180.808094,203.912699,,,,,not-applicable,,,,,,,,,,,,,,measured,within-stack pilot; no Groth16-versus-PLONK claim,measurement,true
C2-CONTROLLED-SNARK,controlled-groth16-pilot-v1,6cbe608f63eb536939ec56747cb6bba231db9daa,de947ec44a622d90f62e247e4cad4e4a81bb578c8249825f66cc44a0179ee3b2,controlled_kernel,ark-groth16-0.6.0-bn254,witness,4096,4,,true,3,454.532504,15.121002,450.765210,469.139408,441.651316,471.180985,,,,,not-applicable,,,,,,,,,,,,,,measured,within-stack pilot; no Groth16-versus-PLONK claim,measurement,true
C2-CONTROLLED-SNARK,controlled-groth16-pilot-v1,6cbe608f63eb536939ec56747cb6bba231db9daa,de947ec44a622d90f62e247e4cad4e4a81bb578c8249825f66cc44a0179ee3b2,controlled_kernel,ark-groth16-0.6.0-bn254,witness,4096,4,wrong_public_input,true,3,441.668176,15.267458,438.116098,456.370311,428.489874,458.398557,,,,,not-applicable,,,,,,,,,,,,,,measured,within-stack pilot; no Groth16-versus-PLONK claim,measurement,true
C2-CONTROLLED-SNARK,controlled-groth16-pilot-v1,6cbe608f63eb536939ec56747cb6bba231db9daa,de947ec44a622d90f62e247e4cad4e4a81bb578c8249825f66cc44a0179ee3b2,controlled_kernel,ark-groth16-0.6.0-bn254,witness,4096,8,,true,3,950.212576,35.465762,966.583750,973.740401,909.518393,974.535584,,,,,not-applicable,,,,,,,,,,,,,,measured,within-stack pilot; no Groth16-versus-PLONK claim,measurement,true
C2-CONTROLLED-SNARK,controlled-groth16-pilot-v1,6cbe608f63eb536939ec56747cb6bba231db9daa,de947ec44a622d90f62e247e4cad4e4a81bb578c8249825f66cc44a0179ee3b2,controlled_kernel,ark-groth16-0.6.0-bn254,witness,4096,8,wrong_public_input,true,3,977.524021,56.081489,963.586474,1031.692608,929.725633,1039.259956,,,,,not-applicable,,,,,,,,,,,,,,measured,within-stack pilot; no Groth16-versus-PLONK claim,measurement,true
C2-CONTROLLED-SNARK,controlled-groth16-pilot-v1,6cbe608f63eb536939ec56747cb6bba231db9daa,de947ec44a622d90f62e247e4cad4e4a81bb578c8249825f66cc44a0179ee3b2,controlled_kernel,ark-groth16-0.6.0-bn254,witness,64,1,,true,3,2.942413,3.659765,0.838100,6.535311,0.820806,7.168334,,,,,not-applicable,,,,,,,,,,,,,,measured,within-stack pilot; no Groth16-versus-PLONK claim,measurement,true
C2-CONTROLLED-SNARK,controlled-groth16-pilot-v1,6cbe608f63eb536939ec56747cb6bba231db9daa,de947ec44a622d90f62e247e4cad4e4a81bb578c8249825f66cc44a0179ee3b2,controlled_kernel,ark-groth16-0.6.0-bn254,witness,64,1,wrong_public_input,true,3,2.754210,2.970526,1.054383,5.671248,1.024015,6.184233,,,,,not-applicable,,,,,,,,,,,,,,measured,within-stack pilot; no Groth16-versus-PLONK claim,measurement,true
C2-CONTROLLED-SNARK,controlled-groth16-pilot-v1,6cbe608f63eb536939ec56747cb6bba231db9daa,de947ec44a622d90f62e247e4cad4e4a81bb578c8249825f66cc44a0179ee3b2,controlled_kernel,ark-groth16-0.6.0-bn254,witness,64,16,,true,3,18.806054,1.201244,19.007718,19.805104,17.516741,19.893702,,,,,not-applicable,,,,,,,,,,,,,,measured,within-stack pilot; no Groth16-versus-PLONK claim,measurement,true
C2-CONTROLLED-SNARK,controlled-groth16-pilot-v1,6cbe608f63eb536939ec56747cb6bba231db9daa,de947ec44a622d90f62e247e4cad4e4a81bb578c8249825f66cc44a0179ee3b2,controlled_kernel,ark-groth16-0.6.0-bn254,witness,64,2,,true,3,6.747247,3.589686,8.768015,8.860759,2.602661,8.871064,,,,,not-applicable,,,,,,,,,,,,,,measured,within-stack pilot; no Groth16-versus-PLONK claim,measurement,true
C2-CONTROLLED-SNARK,controlled-groth16-pilot-v1,6cbe608f63eb536939ec56747cb6bba231db9daa,de947ec44a622d90f62e247e4cad4e4a81bb578c8249825f66cc44a0179ee3b2,controlled_kernel,ark-groth16-0.6.0-bn254,witness,64,4,,true,3,12.254809,1.375671,11.476939,13.606561,11.444303,13.843186,,,,,not-applicable,,,,,,,,,,,,,,measured,within-stack pilot; no Groth16-versus-PLONK claim,measurement,true
C2-CONTROLLED-SNARK,controlled-groth16-pilot-v1,6cbe608f63eb536939ec56747cb6bba231db9daa,de947ec44a622d90f62e247e4cad4e4a81bb578c8249825f66cc44a0179ee3b2,controlled_kernel,ark-groth16-0.6.0-bn254,witness,64,4,wrong_public_input,true,3,12.454654,1.277080,12.320478,13.646220,11.249959,13.793525,,,,,not-applicable,,,,,,,,,,,,,,measured,within-stack pilot; no Groth16-versus-PLONK claim,measurement,true
C2-CONTROLLED-SNARK,controlled-groth16-pilot-v1,6cbe608f63eb536939ec56747cb6bba231db9daa,de947ec44a622d90f62e247e4cad4e4a81bb578c8249825f66cc44a0179ee3b2,controlled_kernel,ark-groth16-0.6.0-bn254,witness,64,8,,true,3,17.154948,2.536114,18.056061,19.011314,14.291329,19.117453,,,,,not-applicable,,,,,,,,,,,,,,measured,within-stack pilot; no Groth16-versus-PLONK claim,measurement,true
C2-CONTROLLED-SNARK,controlled-groth16-pilot-v1,6cbe608f63eb536939ec56747cb6bba231db9daa,de947ec44a622d90f62e247e4cad4e4a81bb578c8249825f66cc44a0179ee3b2,controlled_kernel,ark-groth16-0.6.0-bn254,witness,64,8,wrong_public_input,true,3,18.554126,5.266538,18.444568,23.331586,13.343221,23.874588,,,,,not-applicable,,,,,,,,,,,,,,measured,within-stack pilot; no Groth16-versus-PLONK claim,measurement,true
