run_id,timestamp,claim_id,experiment_id,workload,variant,adapter_commit,config_hash,seed,repetition,order_index,parameter_set,parameters_json,input_scale,native_work_units,threads,cores_visible,phase,latency_ms,cpu_time_ms,peak_rss_mb,proof_bytes,verify_ok,exit_code,error_type,page_faults,process_read_bytes,process_write_bytes,peak_swap_mb,ram_per_application_unit,process_counter_provider,measurement_scope,energy_joules,energy_source,cold_start,invalid_proof_kind,rejection_latency_ms,metric_unavailable_reason,boundary_reason,evidence_class,result_scope,run_role,recorded,phase_supported,phase_status,phase_metrics_json,constraints,public_inputs,native_relation_size,relation_unit,counter_sampling_interval_ms,counter_samples
c65442cf-f218-4559-b04b-6e4de6ebce78,2026-08-09T02:46:19.236453+00:00,C2-CONTROLLED-SNARK,controlled-groth16-pilot-v1,controlled_kernel,ark-groth16-0.6.0-bn254,5477ab05b549b750fa32dc9a1bc61898f74ebf21,de947ec44a622d90f62e247e4cad4e4a81bb578c8249825f66cc44a0179ee3b2,2584650356073446119,0,0,default,{},64,64,1,16,native_execution,0.622028,,,,,,,,,,,,,phase,,,true,,,,,measured,within-stack pilot; no Groth16-versus-PLONK claim,os_cache_primer,false,true,ok,"{""application_units"":64.0}",,,,,,
c65442cf-f218-4559-b04b-6e4de6ebce78,2026-08-09T02:46:19.236572+00:00,C2-CONTROLLED-SNARK,controlled-groth16-pilot-v1,controlled_kernel,ark-groth16-0.6.0-bn254,5477ab05b549b750fa32dc9a1bc61898f74ebf21,de947ec44a622d90f62e247e4cad4e4a81bb578c8249825f66cc44a0179ee3b2,2584650356073446119,0,0,default,{},64,64,1,16,witness,4.330156,,,,,,,,,,,,,phase,,,true,,,,,measured,within-stack pilot; no Groth16-versus-PLONK claim,os_cache_primer,false,true,ok,"{""application_units"":64.0,""constraint_count"":64.0}",,,,,,
c65442cf-f218-4559-b04b-6e4de6ebce78,2026-08-09T02:46:19.236596+00:00,C2-CONTROLLED-SNARK,controlled-groth16-pilot-v1,controlled_kernel,ark-groth16-0.6.0-bn254,5477ab05b549b750fa32dc9a1bc61898f74ebf21,de947ec44a622d90f62e247e4cad4e4a81bb578c8249825f66cc44a0179ee3b2,2584650356073446119,0,0,default,{},64,64,1,16,setup_or_preprocess,14.058389,,,,,,,,,,,,,phase,,,true,,,,,measured,within-stack pilot; no Groth16-versus-PLONK claim,os_cache_primer,false,true,ok,"{""constraint_count"":64.0}",,,,,,
c65442cf-f218-4559-b04b-6e4de6ebce78,2026-08-09T02:46:19.236614+00:00,C2-CONTROLLED-SNARK,controlled-groth16-pilot-v1,controlled_kernel,ark-groth16-0.6.0-bn254,5477ab05b549b750fa32dc9a1bc61898f74ebf21,de947ec44a622d90f62e247e4cad4e4a81bb578c8249825f66cc44a0179ee3b2,2584650356073446119,0,0,default,{},64,64,1,16,prove_total,8.396043,,,,,,,,,,,,,phase,,,true,,,,,measured,within-stack pilot; no Groth16-versus-PLONK claim,os_cache_primer,false,true,ok,"{""constraint_count"":64.0}",,,,,,
c65442cf-f218-4559-b04b-6e4de6ebce78,2026-08-09T02:46:19.236628+00:00,C2-CONTROLLED-SNARK,controlled-groth16-pilot-v1,controlled_kernel,ark-groth16-0.6.0-bn254,5477ab05b549b750fa32dc9a1bc61898f74ebf21,de947ec44a622d90f62e247e4cad4e4a81bb578c8249825f66cc44a0179ee3b2,2584650356073446119,0,0,default,{},64,64,1,16,serialize,0.003186,,,,,,,,,,,,,phase,,,true,,,,,measured,within-stack pilot; no Groth16-versus-PLONK claim,os_cache_primer,false,true,ok,"{""proof_bytes"":128.0}",,,,,,
c65442cf-f218-4559-b04b-6e4de6ebce78,2026-08-09T02:46:19.236667+00:00,C2-CONTROLLED-SNARK,controlled-groth16-pilot-v1,controlled_kernel,ark-groth16-0.6.0-bn254,5477ab05b549b750fa32dc9a1bc61898f74ebf21,de947ec44a622d90f62e247e4cad4e4a81bb578c8249825f66cc44a0179ee3b2,2584650356073446119,0,0,default,{},64,64,1,16,deserialize,0.165328,,,,,,,,,,,,,phase,,,true,,,,,measured,within-stack pilot; no Groth16-versus-PLONK claim,os_cache_primer,false,true,ok,"{""proof_bytes"":128.0}",,,,,,
c65442cf-f218-4559-b04b-6e4de6ebce78,2026-08-09T02:46:19.236695+00:00,C2-CONTROLLED-SNARK,controlled-groth16-pilot-v1,controlled_kernel,ark-groth16-0.6.0-bn254,5477ab05b549b750fa32dc9a1bc61898f74ebf21,de947ec44a622d90f62e247e4cad4e4a81bb578c8249825f66cc44a0179ee3b2,2584650356073446119,0,0,default,{},64,64,1,16,verify_core,1.033924,,,,,,,,,,,,,phase,,,true,,,,,measured,within-stack pilot; no Groth16-versus-PLONK claim,os_cache_primer,false,true,ok,{},,,,,,
c65442cf-f218-4559-b04b-6e4de6ebce78,2026-08-09T02:46:19.236712+00:00,C2-CONTROLLED-SNARK,controlled-groth16-pilot-v1,controlled_kernel,ark-groth16-0.6.0-bn254,5477ab05b549b750fa32dc9a1bc61898f74ebf21,de947ec44a622d90f62e247e4cad4e4a81bb578c8249825f66cc44a0179ee3b2,2584650356073446119,0,0,default,{},64,64,1,16,verify_total,1.199522,,,,,,,,,,,,,phase,,,true,,,,,measured,within-stack pilot; no Groth16-versus-PLONK claim,os_cache_primer,false,true,ok,{},,,,,,
c65442cf-f218-4559-b04b-6e4de6ebce78,2026-08-09T02:46:19.236726+00:00,C2-CONTROLLED-SNARK,controlled-groth16-pilot-v1,controlled_kernel,ark-groth16-0.6.0-bn254,5477ab05b549b750fa32dc9a1bc61898f74ebf21,de947ec44a622d90f62e247e4cad4e4a81bb578c8249825f66cc44a0179ee3b2,2584650356073446119,0,0,default,{},64,64,1,16,fft_ntt,,,,,,,,,,,,,,phase,,,true,,,ark-groth16 does not expose stable per-run phase hooks,,measured,within-stack pilot; no Groth16-versus-PLONK claim,os_cache_primer,false,false,unsupported,{},,,,,,
c65442cf-f218-4559-b04b-6e4de6ebce78,2026-08-09T02:46:19.236740+00:00,C2-CONTROLLED-SNARK,controlled-groth16-pilot-v1,controlled_kernel,ark-groth16-0.6.0-bn254,5477ab05b549b750fa32dc9a1bc61898f74ebf21,de947ec44a622d90f62e247e4cad4e4a81bb578c8249825f66cc44a0179ee3b2,2584650356073446119,0,0,default,{},64,64,1,16,msm,,,,,,,,,,,,,,phase,,,true,,,ark-groth16 does not expose stable per-run phase hooks,,measured,within-stack pilot; no Groth16-versus-PLONK claim,os_cache_primer,false,false,unsupported,{},,,,,,
c65442cf-f218-4559-b04b-6e4de6ebce78,2026-08-09T02:46:19.236752+00:00,C2-CONTROLLED-SNARK,controlled-groth16-pilot-v1,controlled_kernel,ark-groth16-0.6.0-bn254,5477ab05b549b750fa32dc9a1bc61898f74ebf21,de947ec44a622d90f62e247e4cad4e4a81bb578c8249825f66cc44a0179ee3b2,2584650356073446119,0,0,default,{},64,64,1,16,commitment,,,,,,,,,,,,,,phase,,,true,,,ark-groth16 does not expose stable per-run phase hooks,,measured,within-stack pilot; no Groth16-versus-PLONK claim,os_cache_primer,false,false,unsupported,{},,,,,,
c65442cf-f218-4559-b04b-6e4de6ebce78,2026-08-09T02:46:19.236765+00:00,C2-CONTROLLED-SNARK,controlled-groth16-pilot-v1,controlled_kernel,ark-groth16-0.6.0-bn254,5477ab05b549b750fa32dc9a1bc61898f74ebf21,de947ec44a622d90f62e247e4cad4e4a81bb578c8249825f66cc44a0179ee3b2,2584650356073446119,0,0,default,{},64,64,1,16,key_load,,,,,,,,,,,,,,phase,,,true,,,ark-groth16 does not expose stable per-run phase hooks,,measured,within-stack pilot; no Groth16-versus-PLONK claim,os_cache_primer,false,false,unsupported,{},,,,,,
c65442cf-f218-4559-b04b-6e4de6ebce78,2026-08-09T02:46:19.236779+00:00,C2-CONTROLLED-SNARK,controlled-groth16-pilot-v1,controlled_kernel,ark-groth16-0.6.0-bn254,5477ab05b549b750fa32dc9a1bc61898f74ebf21,de947ec44a622d90f62e247e4cad4e4a81bb578c8249825f66cc44a0179ee3b2,2584650356073446119,0,0,default,{},64,64,1,16,adapter_process_wall,74.817375,20.000000,5.039062,128,true,0,,335,956,,,,linux-procfs,process,,,true,,,"Linux procfs read failed: [Errno 13] Permission denied: '/proc/433/io'; private commit and per-process swap I/O are unavailable; VmSwap reports allocation, not swap traffic; No documented hardware or OS energy counter is configured in WSL2",,measured,within-stack pilot; no Groth16-versus-PLONK claim,os_cache_primer,false,true,ok,{},64,2,64,r1cs_constraints,5.0,13
95391fe1-0a1a-44bd-80c3-738628cdac99,2026-08-09T02:46:19.313938+00:00,C2-CONTROLLED-SNARK,controlled-groth16-pilot-v1,controlled_kernel,ark-groth16-0.6.0-bn254,5477ab05b549b750fa32dc9a1bc61898f74ebf21,de947ec44a622d90f62e247e4cad4e4a81bb578c8249825f66cc44a0179ee3b2,2193753909176189156,1,1,default,{},64,64,1,16,native_execution,0.577454,,,,,,,,,,,,,phase,,,true,,,,,measured,within-stack pilot; no Groth16-versus-PLONK claim,os_cache_primer,false,true,ok,"{""application_units"":64.0}",,,,,,
95391fe1-0a1a-44bd-80c3-738628cdac99,2026-08-09T02:46:19.314039+00:00,C2-CONTROLLED-SNARK,controlled-groth16-pilot-v1,controlled_kernel,ark-groth16-0.6.0-bn254,5477ab05b549b750fa32dc9a1bc61898f74ebf21,de947ec44a622d90f62e247e4cad4e4a81bb578c8249825f66cc44a0179ee3b2,2193753909176189156,1,1,default,{},64,64,1,16,witness,5.157748,,,,,,,,,,,,,phase,,,true,,,,,measured,within-stack pilot; no Groth16-versus-PLONK claim,os_cache_primer,false,true,ok,"{""application_units"":64.0,""constraint_count"":64.0}",,,,,,
95391fe1-0a1a-44bd-80c3-738628cdac99,2026-08-09T02:46:19.314060+00:00,C2-CONTROLLED-SNARK,controlled-groth16-pilot-v1,controlled_kernel,ark-groth16-0.6.0-bn254,5477ab05b549b750fa32dc9a1bc61898f74ebf21,de947ec44a622d90f62e247e4cad4e4a81bb578c8249825f66cc44a0179ee3b2,2193753909176189156,1,1,default,{},64,64,1,16,setup_or_preprocess,14.236202,,,,,,,,,,,,,phase,,,true,,,,,measured,within-stack pilot; no Groth16-versus-PLONK claim,os_cache_primer,false,true,ok,"{""constraint_count"":64.0}",,,,,,
95391fe1-0a1a-44bd-80c3-738628cdac99,2026-08-09T02:46:19.314075+00:00,C2-CONTROLLED-SNARK,controlled-groth16-pilot-v1,controlled_kernel,ark-groth16-0.6.0-bn254,5477ab05b549b750fa32dc9a1bc61898f74ebf21,de947ec44a622d90f62e247e4cad4e4a81bb578c8249825f66cc44a0179ee3b2,2193753909176189156,1,1,default,{},64,64,1,16,prove_total,7.846990,,,,,,,,,,,,,phase,,,true,,,,,measured,within-stack pilot; no Groth16-versus-PLONK claim,os_cache_primer,false,true,ok,"{""constraint_count"":64.0}",,,,,,
95391fe1-0a1a-44bd-80c3-738628cdac99,2026-08-09T02:46:19.314090+00:00,C2-CONTROLLED-SNARK,controlled-groth16-pilot-v1,controlled_kernel,ark-groth16-0.6.0-bn254,5477ab05b549b750fa32dc9a1bc61898f74ebf21,de947ec44a622d90f62e247e4cad4e4a81bb578c8249825f66cc44a0179ee3b2,2193753909176189156,1,1,default,{},64,64,1,16,serialize,0.003126,,,,,,,,,,,,,phase,,,true,,,,,measured,within-stack pilot; no Groth16-versus-PLONK claim,os_cache_primer,false,true,ok,"{""proof_bytes"":128.0}",,,,,,
95391fe1-0a1a-44bd-80c3-738628cdac99,2026-08-09T02:46:19.314104+00:00,C2-CONTROLLED-SNARK,controlled-groth16-pilot-v1,controlled_kernel,ark-groth16-0.6.0-bn254,5477ab05b549b750fa32dc9a1bc61898f74ebf21,de947ec44a622d90f62e247e4cad4e4a81bb578c8249825f66cc44a0179ee3b2,2193753909176189156,1,1,default,{},64,64,1,16,deserialize,0.208498,,,,,,,,,,,,,phase,,,true,,,,,measured,within-stack pilot; no Groth16-versus-PLONK claim,os_cache_primer,false,true,ok,"{""proof_bytes"":128.0}",,,,,,
95391fe1-0a1a-44bd-80c3-738628cdac99,2026-08-09T02:46:19.314117+00:00,C2-CONTROLLED-SNARK,controlled-groth16-pilot-v1,controlled_kernel,ark-groth16-0.6.0-bn254,5477ab05b549b750fa32dc9a1bc61898f74ebf21,de947ec44a622d90f62e247e4cad4e4a81bb578c8249825f66cc44a0179ee3b2,2193753909176189156,1,1,default,{},64,64,1,16,verify_core,1.204604,,,,,,,,,,,,,phase,,,true,,,,,measured,within-stack pilot; no Groth16-versus-PLONK claim,os_cache_primer,false,true,ok,{},,,,,,
95391fe1-0a1a-44bd-80c3-738628cdac99,2026-08-09T02:46:19.314130+00:00,C2-CONTROLLED-SNARK,controlled-groth16-pilot-v1,controlled_kernel,ark-groth16-0.6.0-bn254,5477ab05b549b750fa32dc9a1bc61898f74ebf21,de947ec44a622d90f62e247e4cad4e4a81bb578c8249825f66cc44a0179ee3b2,2193753909176189156,1,1,default,{},64,64,1,16,verify_total,1.413262,,,,,,,,,,,,,phase,,,true,,,,,measured,within-stack pilot; no Groth16-versus-PLONK claim,os_cache_primer,false,true,ok,{},,,,,,
95391fe1-0a1a-44bd-80c3-738628cdac99,2026-08-09T02:46:19.314142+00:00,C2-CONTROLLED-SNARK,controlled-groth16-pilot-v1,controlled_kernel,ark-groth16-0.6.0-bn254,5477ab05b549b750fa32dc9a1bc61898f74ebf21,de947ec44a622d90f62e247e4cad4e4a81bb578c8249825f66cc44a0179ee3b2,2193753909176189156,1,1,default,{},64,64,1,16,fft_ntt,,,,,,,,,,,,,,phase,,,true,,,ark-groth16 does not expose stable per-run phase hooks,,measured,within-stack pilot; no Groth16-versus-PLONK claim,os_cache_primer,false,false,unsupported,{},,,,,,
95391fe1-0a1a-44bd-80c3-738628cdac99,2026-08-09T02:46:19.314155+00:00,C2-CONTROLLED-SNARK,controlled-groth16-pilot-v1,controlled_kernel,ark-groth16-0.6.0-bn254,5477ab05b549b750fa32dc9a1bc61898f74ebf21,de947ec44a622d90f62e247e4cad4e4a81bb578c8249825f66cc44a0179ee3b2,2193753909176189156,1,1,default,{},64,64,1,16,msm,,,,,,,,,,,,,,phase,,,true,,,ark-groth16 does not expose stable per-run phase hooks,,measured,within-stack pilot; no Groth16-versus-PLONK claim,os_cache_primer,false,false,unsupported,{},,,,,,
95391fe1-0a1a-44bd-80c3-738628cdac99,2026-08-09T02:46:19.314168+00:00,C2-CONTROLLED-SNARK,controlled-groth16-pilot-v1,controlled_kernel,ark-groth16-0.6.0-bn254,5477ab05b549b750fa32dc9a1bc61898f74ebf21,de947ec44a622d90f62e247e4cad4e4a81bb578c8249825f66cc44a0179ee3b2,2193753909176189156,1,1,default,{},64,64,1,16,commitment,,,,,,,,,,,,,,phase,,,true,,,ark-groth16 does not expose stable per-run phase hooks,,measured,within-stack pilot; no Groth16-versus-PLONK claim,os_cache_primer,false,false,unsupported,{},,,,,,
95391fe1-0a1a-44bd-80c3-738628cdac99,2026-08-09T02:46:19.314181+00:00,C2-CONTROLLED-SNARK,controlled-groth16-pilot-v1,controlled_kernel,ark-groth16-0.6.0-bn254,5477ab05b549b750fa32dc9a1bc61898f74ebf21,de947ec44a622d90f62e247e4cad4e4a81bb578c8249825f66cc44a0179ee3b2,2193753909176189156,1,1,default,{},64,64,1,16,key_load,,,,,,,,,,,,,,phase,,,true,,,ark-groth16 does not expose stable per-run phase hooks,,measured,within-stack pilot; no Groth16-versus-PLONK claim,os_cache_primer,false,false,unsupported,{},,,,,,
95391fe1-0a1a-44bd-80c3-738628cdac99,2026-08-09T02:46:19.314194+00:00,C2-CONTROLLED-SNARK,controlled-groth16-pilot-v1,controlled_kernel,ark-groth16-0.6.0-bn254,5477ab05b549b750fa32dc9a1bc61898f74ebf21,de947ec44a622d90f62e247e4cad4e4a81bb578c8249825f66cc44a0179ee3b2,2193753909176189156,1,1,default,{},64,64,1,16,adapter_process_wall,75.669822,10.000000,5.027344,128,true,0,,335,956,,,,linux-procfs,process,,,true,,,"Linux procfs read failed: [Errno 13] Permission denied: '/proc/441/io'; private commit and per-process swap I/O are unavailable; VmSwap reports allocation, not swap traffic; No documented hardware or OS energy counter is configured in WSL2",,measured,within-stack pilot; no Groth16-versus-PLONK claim,os_cache_primer,false,true,ok,{},64,2,64,r1cs_constraints,5.0,13
40d98d13-c06e-4e22-a595-804feaf5e747,2026-08-09T02:46:19.388478+00:00,C2-CONTROLLED-SNARK,controlled-groth16-pilot-v1,controlled_kernel,ark-groth16-0.6.0-bn254,5477ab05b549b750fa32dc9a1bc61898f74ebf21,de947ec44a622d90f62e247e4cad4e4a81bb578c8249825f66cc44a0179ee3b2,4906131033389011534,0,2,default,{},64,64,2,16,native_execution,0.591784,,,,,,,,,,,,,phase,,,true,,,,,measured,within-stack pilot; no Groth16-versus-PLONK claim,os_cache_primer,false,true,ok,"{""application_units"":64.0}",,,,,,
40d98d13-c06e-4e22-a595-804feaf5e747,2026-08-09T02:46:19.388543+00:00,C2-CONTROLLED-SNARK,controlled-groth16-pilot-v1,controlled_kernel,ark-groth16-0.6.0-bn254,5477ab05b549b750fa32dc9a1bc61898f74ebf21,de947ec44a622d90f62e247e4cad4e4a81bb578c8249825f66cc44a0179ee3b2,4906131033389011534,0,2,default,{},64,64,2,16,witness,5.602015,,,,,,,,,,,,,phase,,,true,,,,,measured,within-stack pilot; no Groth16-versus-PLONK claim,os_cache_primer,false,true,ok,"{""application_units"":64.0,""constraint_count"":64.0}",,,,,,
40d98d13-c06e-4e22-a595-804feaf5e747,2026-08-09T02:46:19.388563+00:00,C2-CONTROLLED-SNARK,controlled-groth16-pilot-v1,controlled_kernel,ark-groth16-0.6.0-bn254,5477ab05b549b750fa32dc9a1bc61898f74ebf21,de947ec44a622d90f62e247e4cad4e4a81bb578c8249825f66cc44a0179ee3b2,4906131033389011534,0,2,default,{},64,64,2,16,setup_or_preprocess,11.167160,,,,,,,,,,,,,phase,,,true,,,,,measured,within-stack pilot; no Groth16-versus-PLONK claim,os_cache_primer,false,true,ok,"{""constraint_count"":64.0}",,,,,,
40d98d13-c06e-4e22-a595-804feaf5e747,2026-08-09T02:46:19.388578+00:00,C2-CONTROLLED-SNARK,controlled-groth16-pilot-v1,controlled_kernel,ark-groth16-0.6.0-bn254,5477ab05b549b750fa32dc9a1bc61898f74ebf21,de947ec44a622d90f62e247e4cad4e4a81bb578c8249825f66cc44a0179ee3b2,4906131033389011534,0,2,default,{},64,64,2,16,prove_total,7.411612,,,,,,,,,,,,,phase,,,true,,,,,measured,within-stack pilot; no Groth16-versus-PLONK claim,os_cache_primer,false,true,ok,"{""constraint_count"":64.0}",,,,,,
40d98d13-c06e-4e22-a595-804feaf5e747,2026-08-09T02:46:19.388591+00:00,C2-CONTROLLED-SNARK,controlled-groth16-pilot-v1,controlled_kernel,ark-groth16-0.6.0-bn254,5477ab05b549b750fa32dc9a1bc61898f74ebf21,de947ec44a622d90f62e247e4cad4e4a81bb578c8249825f66cc44a0179ee3b2,4906131033389011534,0,2,default,{},64,64,2,16,serialize,0.003145,,,,,,,,,,,,,phase,,,true,,,,,measured,within-stack pilot; no Groth16-versus-PLONK claim,os_cache_primer,false,true,ok,"{""proof_bytes"":128.0}",,,,,,
40d98d13-c06e-4e22-a595-804feaf5e747,2026-08-09T02:46:19.388605+00:00,C2-CONTROLLED-SNARK,controlled-groth16-pilot-v1,controlled_kernel,ark-groth16-0.6.0-bn254,5477ab05b549b750fa32dc9a1bc61898f74ebf21,de947ec44a622d90f62e247e4cad4e4a81bb578c8249825f66cc44a0179ee3b2,4906131033389011534,0,2,default,{},64,64,2,16,deserialize,0.165829,,,,,,,,,,,,,phase,,,true,,,,,measured,within-stack pilot; no Groth16-versus-PLONK claim,os_cache_primer,false,true,ok,"{""proof_bytes"":128.0}",,,,,,
40d98d13-c06e-4e22-a595-804feaf5e747,2026-08-09T02:46:19.388618+00:00,C2-CONTROLLED-SNARK,controlled-groth16-pilot-v1,controlled_kernel,ark-groth16-0.6.0-bn254,5477ab05b549b750fa32dc9a1bc61898f74ebf21,de947ec44a622d90f62e247e4cad4e4a81bb578c8249825f66cc44a0179ee3b2,4906131033389011534,0,2,default,{},64,64,2,16,verify_core,1.073978,,,,,,,,,,,,,phase,,,true,,,,,measured,within-stack pilot; no Groth16-versus-PLONK claim,os_cache_primer,false,true,ok,{},,,,,,
40d98d13-c06e-4e22-a595-804feaf5e747,2026-08-09T02:46:19.388630+00:00,C2-CONTROLLED-SNARK,controlled-groth16-pilot-v1,controlled_kernel,ark-groth16-0.6.0-bn254,5477ab05b549b750fa32dc9a1bc61898f74ebf21,de947ec44a622d90f62e247e4cad4e4a81bb578c8249825f66cc44a0179ee3b2,4906131033389011534,0,2,default,{},64,64,2,16,verify_total,1.239928,,,,,,,,,,,,,phase,,,true,,,,,measured,within-stack pilot; no Groth16-versus-PLONK claim,os_cache_primer,false,true,ok,{},,,,,,
40d98d13-c06e-4e22-a595-804feaf5e747,2026-08-09T02:46:19.388643+00:00,C2-CONTROLLED-SNARK,controlled-groth16-pilot-v1,controlled_kernel,ark-groth16-0.6.0-bn254,5477ab05b549b750fa32dc9a1bc61898f74ebf21,de947ec44a622d90f62e247e4cad4e4a81bb578c8249825f66cc44a0179ee3b2,4906131033389011534,0,2,default,{},64,64,2,16,fft_ntt,,,,,,,,,,,,,,phase,,,true,,,ark-groth16 does not expose stable per-run phase hooks,,measured,within-stack pilot; no Groth16-versus-PLONK claim,os_cache_primer,false,false,unsupported,{},,,,,,
40d98d13-c06e-4e22-a595-804feaf5e747,2026-08-09T02:46:19.388655+00:00,C2-CONTROLLED-SNARK,controlled-groth16-pilot-v1,controlled_kernel,ark-groth16-0.6.0-bn254,5477ab05b549b750fa32dc9a1bc61898f74ebf21,de947ec44a622d90f62e247e4cad4e4a81bb578c8249825f66cc44a0179ee3b2,4906131033389011534,0,2,default,{},64,64,2,16,msm,,,,,,,,,,,,,,phase,,,true,,,ark-groth16 does not expose stable per-run phase hooks,,measured,within-stack pilot; no Groth16-versus-PLONK claim,os_cache_primer,false,false,unsupported,{},,,,,,
40d98d13-c06e-4e22-a595-804feaf5e747,2026-08-09T02:46:19.388668+00:00,C2-CONTROLLED-SNARK,controlled-groth16-pilot-v1,controlled_kernel,ark-groth16-0.6.0-bn254,5477ab05b549b750fa32dc9a1bc61898f74ebf21,de947ec44a622d90f62e247e4cad4e4a81bb578c8249825f66cc44a0179ee3b2,4906131033389011534,0,2,default,{},64,64,2,16,commitment,,,,,,,,,,,,,,phase,,,true,,,ark-groth16 does not expose stable per-run phase hooks,,measured,within-stack pilot; no Groth16-versus-PLONK claim,os_cache_primer,false,false,unsupported,{},,,,,,
40d98d13-c06e-4e22-a595-804feaf5e747,2026-08-09T02:46:19.388680+00:00,C2-CONTROLLED-SNARK,controlled-groth16-pilot-v1,controlled_kernel,ark-groth16-0.6.0-bn254,5477ab05b549b750fa32dc9a1bc61898f74ebf21,de947ec44a622d90f62e247e4cad4e4a81bb578c8249825f66cc44a0179ee3b2,4906131033389011534,0,2,default,{},64,64,2,16,key_load,,,,,,,,,,,,,,phase,,,true,,,ark-groth16 does not expose stable per-run phase hooks,,measured,within-stack pilot; no Groth16-versus-PLONK claim,os_cache_primer,false,false,unsupported,{},,,,,,
40d98d13-c06e-4e22-a595-804feaf5e747,2026-08-09T02:46:19.388691+00:00,C2-CONTROLLED-SNARK,controlled-groth16-pilot-v1,controlled_kernel,ark-groth16-0.6.0-bn254,5477ab05b549b750fa32dc9a1bc61898f74ebf21,de947ec44a622d90f62e247e4cad4e4a81bb578c8249825f66cc44a0179ee3b2,4906131033389011534,0,2,default,{},64,64,2,16,adapter_process_wall,73.320545,20.000000,5.179688,128,true,0,,353,956,,,,linux-procfs,process,,,true,,,"Linux procfs read failed: [Errno 13] Permission denied: '/proc/449/io'; private commit and per-process swap I/O are unavailable; VmSwap reports allocation, not swap traffic; No documented hardware or OS energy counter is configured in WSL2",,measured,within-stack pilot; no Groth16-versus-PLONK claim,os_cache_primer,false,true,ok,{},64,2,64,r1cs_constraints,5.0,13
9912e67a-4dc5-4769-a23d-6c5d50a3bd16,2026-08-09T02:46:19.466288+00:00,C2-CONTROLLED-SNARK,controlled-groth16-pilot-v1,controlled_kernel,ark-groth16-0.6.0-bn254,5477ab05b549b750fa32dc9a1bc61898f74ebf21,de947ec44a622d90f62e247e4cad4e4a81bb578c8249825f66cc44a0179ee3b2,7469367281907997561,1,3,default,{},64,64,2,16,native_execution,0.654331,,,,,,,,,,,,,phase,,,true,,,,,measured,within-stack pilot; no Groth16-versus-PLONK claim,os_cache_primer,false,true,ok,"{""application_units"":64.0}",,,,,,
9912e67a-4dc5-4769-a23d-6c5d50a3bd16,2026-08-09T02:46:19.466359+00:00,C2-CONTROLLED-SNARK,controlled-groth16-pilot-v1,controlled_kernel,ark-groth16-0.6.0-bn254,5477ab05b549b750fa32dc9a1bc61898f74ebf21,de947ec44a622d90f62e247e4cad4e4a81bb578c8249825f66cc44a0179ee3b2,7469367281907997561,1,3,default,{},64,64,2,16,witness,5.886274,,,,,,,,,,,,,phase,,,true,,,,,measured,within-stack pilot; no Groth16-versus-PLONK claim,os_cache_primer,false,true,ok,"{""application_units"":64.0,""constraint_count"":64.0}",,,,,,
9912e67a-4dc5-4769-a23d-6c5d50a3bd16,2026-08-09T02:46:19.466379+00:00,C2-CONTROLLED-SNARK,controlled-groth16-pilot-v1,controlled_kernel,ark-groth16-0.6.0-bn254,5477ab05b549b750fa32dc9a1bc61898f74ebf21,de947ec44a622d90f62e247e4cad4e4a81bb578c8249825f66cc44a0179ee3b2,7469367281907997561,1,3,default,{},64,64,2,16,setup_or_preprocess,13.021116,,,,,,,,,,,,,phase,,,true,,,,,measured,within-stack pilot; no Groth16-versus-PLONK claim,os_cache_primer,false,true,ok,"{""constraint_count"":64.0}",,,,,,
9912e67a-4dc5-4769-a23d-6c5d50a3bd16,2026-08-09T02:46:19.466395+00:00,C2-CONTROLLED-SNARK,controlled-groth16-pilot-v1,controlled_kernel,ark-groth16-0.6.0-bn254,5477ab05b549b750fa32dc9a1bc61898f74ebf21,de947ec44a622d90f62e247e4cad4e4a81bb578c8249825f66cc44a0179ee3b2,7469367281907997561,1,3,default,{},64,64,2,16,prove_total,7.234185,,,,,,,,,,,,,phase,,,true,,,,,measured,within-stack pilot; no Groth16-versus-PLONK claim,os_cache_primer,false,true,ok,"{""constraint_count"":64.0}",,,,,,
9912e67a-4dc5-4769-a23d-6c5d50a3bd16,2026-08-09T02:46:19.466408+00:00,C2-CONTROLLED-SNARK,controlled-groth16-pilot-v1,controlled_kernel,ark-groth16-0.6.0-bn254,5477ab05b549b750fa32dc9a1bc61898f74ebf21,de947ec44a622d90f62e247e4cad4e4a81bb578c8249825f66cc44a0179ee3b2,7469367281907997561,1,3,default,{},64,64,2,16,serialize,0.003256,,,,,,,,,,,,,phase,,,true,,,,,measured,within-stack pilot; no Groth16-versus-PLONK claim,os_cache_primer,false,true,ok,"{""proof_bytes"":128.0}",,,,,,
9912e67a-4dc5-4769-a23d-6c5d50a3bd16,2026-08-09T02:46:19.466421+00:00,C2-CONTROLLED-SNARK,controlled-groth16-pilot-v1,controlled_kernel,ark-groth16-0.6.0-bn254,5477ab05b549b750fa32dc9a1bc61898f74ebf21,de947ec44a622d90f62e247e4cad4e4a81bb578c8249825f66cc44a0179ee3b2,7469367281907997561,1,3,default,{},64,64,2,16,deserialize,0.165318,,,,,,,,,,,,,phase,,,true,,,,,measured,within-stack pilot; no Groth16-versus-PLONK claim,os_cache_primer,false,true,ok,"{""proof_bytes"":128.0}",,,,,,
9912e67a-4dc5-4769-a23d-6c5d50a3bd16,2026-08-09T02:46:19.466434+00:00,C2-CONTROLLED-SNARK,controlled-groth16-pilot-v1,controlled_kernel,ark-groth16-0.6.0-bn254,5477ab05b549b750fa32dc9a1bc61898f74ebf21,de947ec44a622d90f62e247e4cad4e4a81bb578c8249825f66cc44a0179ee3b2,7469367281907997561,1,3,default,{},64,64,2,16,verify_core,1.056496,,,,,,,,,,,,,phase,,,true,,,,,measured,within-stack pilot; no Groth16-versus-PLONK claim,os_cache_primer,false,true,ok,{},,,,,,
9912e67a-4dc5-4769-a23d-6c5d50a3bd16,2026-08-09T02:46:19.466447+00:00,C2-CONTROLLED-SNARK,controlled-groth16-pilot-v1,controlled_kernel,ark-groth16-0.6.0-bn254,5477ab05b549b750fa32dc9a1bc61898f74ebf21,de947ec44a622d90f62e247e4cad4e4a81bb578c8249825f66cc44a0179ee3b2,7469367281907997561,1,3,default,{},64,64,2,16,verify_total,1.221944,,,,,,,,,,,,,phase,,,true,,,,,measured,within-stack pilot; no Groth16-versus-PLONK claim,os_cache_primer,false,true,ok,{},,,,,,
9912e67a-4dc5-4769-a23d-6c5d50a3bd16,2026-08-09T02:46:19.466460+00:00,C2-CONTROLLED-SNARK,controlled-groth16-pilot-v1,controlled_kernel,ark-groth16-0.6.0-bn254,5477ab05b549b750fa32dc9a1bc61898f74ebf21,de947ec44a622d90f62e247e4cad4e4a81bb578c8249825f66cc44a0179ee3b2,7469367281907997561,1,3,default,{},64,64,2,16,fft_ntt,,,,,,,,,,,,,,phase,,,true,,,ark-groth16 does not expose stable per-run phase hooks,,measured,within-stack pilot; no Groth16-versus-PLONK claim,os_cache_primer,false,false,unsupported,{},,,,,,
9912e67a-4dc5-4769-a23d-6c5d50a3bd16,2026-08-09T02:46:19.466473+00:00,C2-CONTROLLED-SNARK,controlled-groth16-pilot-v1,controlled_kernel,ark-groth16-0.6.0-bn254,5477ab05b549b750fa32dc9a1bc61898f74ebf21,de947ec44a622d90f62e247e4cad4e4a81bb578c8249825f66cc44a0179ee3b2,7469367281907997561,1,3,default,{},64,64,2,16,msm,,,,,,,,,,,,,,phase,,,true,,,ark-groth16 does not expose stable per-run phase hooks,,measured,within-stack pilot; no Groth16-versus-PLONK claim,os_cache_primer,false,false,unsupported,{},,,,,,
9912e67a-4dc5-4769-a23d-6c5d50a3bd16,2026-08-09T02:46:19.466485+00:00,C2-CONTROLLED-SNARK,controlled-groth16-pilot-v1,controlled_kernel,ark-groth16-0.6.0-bn254,5477ab05b549b750fa32dc9a1bc61898f74ebf21,de947ec44a622d90f62e247e4cad4e4a81bb578c8249825f66cc44a0179ee3b2,7469367281907997561,1,3,default,{},64,64,2,16,commitment,,,,,,,,,,,,,,phase,,,true,,,ark-groth16 does not expose stable per-run phase hooks,,measured,within-stack pilot; no Groth16-versus-PLONK claim,os_cache_primer,false,false,unsupported,{},,,,,,
9912e67a-4dc5-4769-a23d-6c5d50a3bd16,2026-08-09T02:46:19.466497+00:00,C2-CONTROLLED-SNARK,controlled-groth16-pilot-v1,controlled_kernel,ark-groth16-0.6.0-bn254,5477ab05b549b750fa32dc9a1bc61898f74ebf21,de947ec44a622d90f62e247e4cad4e4a81bb578c8249825f66cc44a0179ee3b2,7469367281907997561,1,3,default,{},64,64,2,16,key_load,,,,,,,,,,,,,,phase,,,true,,,ark-groth16 does not expose stable per-run phase hooks,,measured,within-stack pilot; no Groth16-versus-PLONK claim,os_cache_primer,false,false,unsupported,{},,,,,,
9912e67a-4dc5-4769-a23d-6c5d50a3bd16,2026-08-09T02:46:19.466510+00:00,C2-CONTROLLED-SNARK,controlled-groth16-pilot-v1,controlled_kernel,ark-groth16-0.6.0-bn254,5477ab05b549b750fa32dc9a1bc61898f74ebf21,de947ec44a622d90f62e247e4cad4e4a81bb578c8249825f66cc44a0179ee3b2,7469367281907997561,1,3,default,{},64,64,2,16,adapter_process_wall,76.684940,30.000000,5.226562,128,true,0,,363,956,,,,linux-procfs,process,,,true,,,"private commit and per-process swap I/O are unavailable; VmSwap reports allocation, not swap traffic; No documented hardware or OS energy counter is configured in WSL2",,measured,within-stack pilot; no Groth16-versus-PLONK claim,os_cache_primer,false,true,ok,{},64,2,64,r1cs_constraints,5.0,14
17ed0010-efe0-4f6c-a4c7-c816a4285b09,2026-08-09T02:46:19.535328+00:00,C2-CONTROLLED-SNARK,controlled-groth16-pilot-v1,controlled_kernel,ark-groth16-0.6.0-bn254,5477ab05b549b750fa32dc9a1bc61898f74ebf21,de947ec44a622d90f62e247e4cad4e4a81bb578c8249825f66cc44a0179ee3b2,1621979781864807323,0,4,default,{},64,64,4,16,native_execution,0.012252,,,,,,,,,,,,,phase,,,true,,,,,measured,within-stack pilot; no Groth16-versus-PLONK claim,os_cache_primer,false,true,ok,"{""application_units"":64.0}",,,,,,
17ed0010-efe0-4f6c-a4c7-c816a4285b09,2026-08-09T02:46:19.535397+00:00,C2-CONTROLLED-SNARK,controlled-groth16-pilot-v1,controlled_kernel,ark-groth16-0.6.0-bn254,5477ab05b549b750fa32dc9a1bc61898f74ebf21,de947ec44a622d90f62e247e4cad4e4a81bb578c8249825f66cc44a0179ee3b2,1621979781864807323,0,4,default,{},64,64,4,16,witness,4.793791,,,,,,,,,,,,,phase,,,true,,,,,measured,within-stack pilot; no Groth16-versus-PLONK claim,os_cache_primer,false,true,ok,"{""application_units"":64.0,""constraint_count"":64.0}",,,,,,
17ed0010-efe0-4f6c-a4c7-c816a4285b09,2026-08-09T02:46:19.535418+00:00,C2-CONTROLLED-SNARK,controlled-groth16-pilot-v1,controlled_kernel,ark-groth16-0.6.0-bn254,5477ab05b549b750fa32dc9a1bc61898f74ebf21,de947ec44a622d90f62e247e4cad4e4a81bb578c8249825f66cc44a0179ee3b2,1621979781864807323,0,4,default,{},64,64,4,16,setup_or_preprocess,9.180795,,,,,,,,,,,,,phase,,,true,,,,,measured,within-stack pilot; no Groth16-versus-PLONK claim,os_cache_primer,false,true,ok,"{""constraint_count"":64.0}",,,,,,
17ed0010-efe0-4f6c-a4c7-c816a4285b09,2026-08-09T02:46:19.535433+00:00,C2-CONTROLLED-SNARK,controlled-groth16-pilot-v1,controlled_kernel,ark-groth16-0.6.0-bn254,5477ab05b549b750fa32dc9a1bc61898f74ebf21,de947ec44a622d90f62e247e4cad4e4a81bb578c8249825f66cc44a0179ee3b2,1621979781864807323,0,4,default,{},64,64,4,16,prove_total,10.979973,,,,,,,,,,,,,phase,,,true,,,,,measured,within-stack pilot; no Groth16-versus-PLONK claim,os_cache_primer,false,true,ok,"{""constraint_count"":64.0}",,,,,,
17ed0010-efe0-4f6c-a4c7-c816a4285b09,2026-08-09T02:46:19.535446+00:00,C2-CONTROLLED-SNARK,controlled-groth16-pilot-v1,controlled_kernel,ark-groth16-0.6.0-bn254,5477ab05b549b750fa32dc9a1bc61898f74ebf21,de947ec44a622d90f62e247e4cad4e4a81bb578c8249825f66cc44a0179ee3b2,1621979781864807323,0,4,default,{},64,64,4,16,serialize,0.003887,,,,,,,,,,,,,phase,,,true,,,,,measured,within-stack pilot; no Groth16-versus-PLONK claim,os_cache_primer,false,true,ok,"{""proof_bytes"":128.0}",,,,,,
17ed0010-efe0-4f6c-a4c7-c816a4285b09,2026-08-09T02:46:19.535460+00:00,C2-CONTROLLED-SNARK,controlled-groth16-pilot-v1,controlled_kernel,ark-groth16-0.6.0-bn254,5477ab05b549b750fa32dc9a1bc61898f74ebf21,de947ec44a622d90f62e247e4cad4e4a81bb578c8249825f66cc44a0179ee3b2,1621979781864807323,0,4,default,{},64,64,4,16,deserialize,0.230128,,,,,,,,,,,,,phase,,,true,,,,,measured,within-stack pilot; no Groth16-versus-PLONK claim,os_cache_primer,false,true,ok,"{""proof_bytes"":128.0}",,,,,,
17ed0010-efe0-4f6c-a4c7-c816a4285b09,2026-08-09T02:46:19.535473+00:00,C2-CONTROLLED-SNARK,controlled-groth16-pilot-v1,controlled_kernel,ark-groth16-0.6.0-bn254,5477ab05b549b750fa32dc9a1bc61898f74ebf21,de947ec44a622d90f62e247e4cad4e4a81bb578c8249825f66cc44a0179ee3b2,1621979781864807323,0,4,default,{},64,64,4,16,verify_core,1.224779,,,,,,,,,,,,,phase,,,true,,,,,measured,within-stack pilot; no Groth16-versus-PLONK claim,os_cache_primer,false,true,ok,{},,,,,,
17ed0010-efe0-4f6c-a4c7-c816a4285b09,2026-08-09T02:46:19.535485+00:00,C2-CONTROLLED-SNARK,controlled-groth16-pilot-v1,controlled_kernel,ark-groth16-0.6.0-bn254,5477ab05b549b750fa32dc9a1bc61898f74ebf21,de947ec44a622d90f62e247e4cad4e4a81bb578c8249825f66cc44a0179ee3b2,1621979781864807323,0,4,default,{},64,64,4,16,verify_total,1.455148,,,,,,,,,,,,,phase,,,true,,,,,measured,within-stack pilot; no Groth16-versus-PLONK claim,os_cache_primer,false,true,ok,{},,,,,,
17ed0010-efe0-4f6c-a4c7-c816a4285b09,2026-08-09T02:46:19.535497+00:00,C2-CONTROLLED-SNARK,controlled-groth16-pilot-v1,controlled_kernel,ark-groth16-0.6.0-bn254,5477ab05b549b750fa32dc9a1bc61898f74ebf21,de947ec44a622d90f62e247e4cad4e4a81bb578c8249825f66cc44a0179ee3b2,1621979781864807323,0,4,default,{},64,64,4,16,fft_ntt,,,,,,,,,,,,,,phase,,,true,,,ark-groth16 does not expose stable per-run phase hooks,,measured,within-stack pilot; no Groth16-versus-PLONK claim,os_cache_primer,false,false,unsupported,{},,,,,,
17ed0010-efe0-4f6c-a4c7-c816a4285b09,2026-08-09T02:46:19.535510+00:00,C2-CONTROLLED-SNARK,controlled-groth16-pilot-v1,controlled_kernel,ark-groth16-0.6.0-bn254,5477ab05b549b750fa32dc9a1bc61898f74ebf21,de947ec44a622d90f62e247e4cad4e4a81bb578c8249825f66cc44a0179ee3b2,1621979781864807323,0,4,default,{},64,64,4,16,msm,,,,,,,,,,,,,,phase,,,true,,,ark-groth16 does not expose stable per-run phase hooks,,measured,within-stack pilot; no Groth16-versus-PLONK claim,os_cache_primer,false,false,unsupported,{},,,,,,
17ed0010-efe0-4f6c-a4c7-c816a4285b09,2026-08-09T02:46:19.535522+00:00,C2-CONTROLLED-SNARK,controlled-groth16-pilot-v1,controlled_kernel,ark-groth16-0.6.0-bn254,5477ab05b549b750fa32dc9a1bc61898f74ebf21,de947ec44a622d90f62e247e4cad4e4a81bb578c8249825f66cc44a0179ee3b2,1621979781864807323,0,4,default,{},64,64,4,16,commitment,,,,,,,,,,,,,,phase,,,true,,,ark-groth16 does not expose stable per-run phase hooks,,measured,within-stack pilot; no Groth16-versus-PLONK claim,os_cache_primer,false,false,unsupported,{},,,,,,
17ed0010-efe0-4f6c-a4c7-c816a4285b09,2026-08-09T02:46:19.535534+00:00,C2-CONTROLLED-SNARK,controlled-groth16-pilot-v1,controlled_kernel,ark-groth16-0.6.0-bn254,5477ab05b549b750fa32dc9a1bc61898f74ebf21,de947ec44a622d90f62e247e4cad4e4a81bb578c8249825f66cc44a0179ee3b2,1621979781864807323,0,4,default,{},64,64,4,16,key_load,,,,,,,,,,,,,,phase,,,true,,,ark-groth16 does not expose stable per-run phase hooks,,measured,within-stack pilot; no Groth16-versus-PLONK claim,os_cache_primer,false,false,unsupported,{},,,,,,
17ed0010-efe0-4f6c-a4c7-c816a4285b09,2026-08-09T02:46:19.535546+00:00,C2-CONTROLLED-SNARK,controlled-groth16-pilot-v1,controlled_kernel,ark-groth16-0.6.0-bn254,5477ab05b549b750fa32dc9a1bc61898f74ebf21,de947ec44a622d90f62e247e4cad4e4a81bb578c8249825f66cc44a0179ee3b2,1621979781864807323,0,4,default,{},64,64,4,16,adapter_process_wall,67.871099,50.000000,5.457031,128,true,0,,381,956,,,,linux-procfs,process,,,true,,,"private commit and per-process swap I/O are unavailable; VmSwap reports allocation, not swap traffic; No documented hardware or OS energy counter is configured in WSL2",,measured,within-stack pilot; no Groth16-versus-PLONK claim,os_cache_primer,false,true,ok,{},64,2,64,r1cs_constraints,5.0,13
0f2c3284-74d2-4770-b4cf-693d36c5c979,2026-08-09T02:46:19.599827+00:00,C2-CONTROLLED-SNARK,controlled-groth16-pilot-v1,controlled_kernel,ark-groth16-0.6.0-bn254,5477ab05b549b750fa32dc9a1bc61898f74ebf21,de947ec44a622d90f62e247e4cad4e4a81bb578c8249825f66cc44a0179ee3b2,6349877068962457986,1,5,default,{},64,64,4,16,native_execution,0.020458,,,,,,,,,,,,,phase,,,true,,,,,measured,within-stack pilot; no Groth16-versus-PLONK claim,os_cache_primer,false,true,ok,"{""application_units"":64.0}",,,,,,
0f2c3284-74d2-4770-b4cf-693d36c5c979,2026-08-09T02:46:19.599898+00:00,C2-CONTROLLED-SNARK,controlled-groth16-pilot-v1,controlled_kernel,ark-groth16-0.6.0-bn254,5477ab05b549b750fa32dc9a1bc61898f74ebf21,de947ec44a622d90f62e247e4cad4e4a81bb578c8249825f66cc44a0179ee3b2,6349877068962457986,1,5,default,{},64,64,4,16,witness,5.093764,,,,,,,,,,,,,phase,,,true,,,,,measured,within-stack pilot; no Groth16-versus-PLONK claim,os_cache_primer,false,true,ok,"{""application_units"":64.0,""constraint_count"":64.0}",,,,,,
0f2c3284-74d2-4770-b4cf-693d36c5c979,2026-08-09T02:46:19.599923+00:00,C2-CONTROLLED-SNARK,controlled-groth16-pilot-v1,controlled_kernel,ark-groth16-0.6.0-bn254,5477ab05b549b750fa32dc9a1bc61898f74ebf21,de947ec44a622d90f62e247e4cad4e4a81bb578c8249825f66cc44a0179ee3b2,6349877068962457986,1,5,default,{},64,64,4,16,setup_or_preprocess,8.778020,,,,,,,,,,,,,phase,,,true,,,,,measured,within-stack pilot; no Groth16-versus-PLONK claim,os_cache_primer,false,true,ok,"{""constraint_count"":64.0}",,,,,,
0f2c3284-74d2-4770-b4cf-693d36c5c979,2026-08-09T02:46:19.599942+00:00,C2-CONTROLLED-SNARK,controlled-groth16-pilot-v1,controlled_kernel,ark-groth16-0.6.0-bn254,5477ab05b549b750fa32dc9a1bc61898f74ebf21,de947ec44a622d90f62e247e4cad4e4a81bb578c8249825f66cc44a0179ee3b2,6349877068962457986,1,5,default,{},64,64,4,16,prove_total,9.116645,,,,,,,,,,,,,phase,,,true,,,,,measured,within-stack pilot; no Groth16-versus-PLONK claim,os_cache_primer,false,true,ok,"{""constraint_count"":64.0}",,,,,,
0f2c3284-74d2-4770-b4cf-693d36c5c979,2026-08-09T02:46:19.599959+00:00,C2-CONTROLLED-SNARK,controlled-groth16-pilot-v1,controlled_kernel,ark-groth16-0.6.0-bn254,5477ab05b549b750fa32dc9a1bc61898f74ebf21,de947ec44a622d90f62e247e4cad4e4a81bb578c8249825f66cc44a0179ee3b2,6349877068962457986,1,5,default,{},64,64,4,16,serialize,0.004549,,,,,,,,,,,,,phase,,,true,,,,,measured,within-stack pilot; no Groth16-versus-PLONK claim,os_cache_primer,false,true,ok,"{""proof_bytes"":128.0}",,,,,,
0f2c3284-74d2-4770-b4cf-693d36c5c979,2026-08-09T02:46:19.599975+00:00,C2-CONTROLLED-SNARK,controlled-groth16-pilot-v1,controlled_kernel,ark-groth16-0.6.0-bn254,5477ab05b549b750fa32dc9a1bc61898f74ebf21,de947ec44a622d90f62e247e4cad4e4a81bb578c8249825f66cc44a0179ee3b2,6349877068962457986,1,5,default,{},64,64,4,16,deserialize,0.197388,,,,,,,,,,,,,phase,,,true,,,,,measured,within-stack pilot; no Groth16-versus-PLONK claim,os_cache_primer,false,true,ok,"{""proof_bytes"":128.0}",,,,,,
0f2c3284-74d2-4770-b4cf-693d36c5c979,2026-08-09T02:46:19.599991+00:00,C2-CONTROLLED-SNARK,controlled-groth16-pilot-v1,controlled_kernel,ark-groth16-0.6.0-bn254,5477ab05b549b750fa32dc9a1bc61898f74ebf21,de947ec44a622d90f62e247e4cad4e4a81bb578c8249825f66cc44a0179ee3b2,6349877068962457986,1,5,default,{},64,64,4,16,verify_core,1.165860,,,,,,,,,,,,,phase,,,true,,,,,measured,within-stack pilot; no Groth16-versus-PLONK claim,os_cache_primer,false,true,ok,{},,,,,,
0f2c3284-74d2-4770-b4cf-693d36c5c979,2026-08-09T02:46:19.600006+00:00,C2-CONTROLLED-SNARK,controlled-groth16-pilot-v1,controlled_kernel,ark-groth16-0.6.0-bn254,5477ab05b549b750fa32dc9a1bc61898f74ebf21,de947ec44a622d90f62e247e4cad4e4a81bb578c8249825f66cc44a0179ee3b2,6349877068962457986,1,5,default,{},64,64,4,16,verify_total,1.363528,,,,,,,,,,,,,phase,,,true,,,,,measured,within-stack pilot; no Groth16-versus-PLONK claim,os_cache_primer,false,true,ok,{},,,,,,
0f2c3284-74d2-4770-b4cf-693d36c5c979,2026-08-09T02:46:19.600021+00:00,C2-CONTROLLED-SNARK,controlled-groth16-pilot-v1,controlled_kernel,ark-groth16-0.6.0-bn254,5477ab05b549b750fa32dc9a1bc61898f74ebf21,de947ec44a622d90f62e247e4cad4e4a81bb578c8249825f66cc44a0179ee3b2,6349877068962457986,1,5,default,{},64,64,4,16,fft_ntt,,,,,,,,,,,,,,phase,,,true,,,ark-groth16 does not expose stable per-run phase hooks,,measured,within-stack pilot; no Groth16-versus-PLONK claim,os_cache_primer,false,false,unsupported,{},,,,,,
0f2c3284-74d2-4770-b4cf-693d36c5c979,2026-08-09T02:46:19.600037+00:00,C2-CONTROLLED-SNARK,controlled-groth16-pilot-v1,controlled_kernel,ark-groth16-0.6.0-bn254,5477ab05b549b750fa32dc9a1bc61898f74ebf21,de947ec44a622d90f62e247e4cad4e4a81bb578c8249825f66cc44a0179ee3b2,6349877068962457986,1,5,default,{},64,64,4,16,msm,,,,,,,,,,,,,,phase,,,true,,,ark-groth16 does not expose stable per-run phase hooks,,measured,within-stack pilot; no Groth16-versus-PLONK claim,os_cache_primer,false,false,unsupported,{},,,,,,
0f2c3284-74d2-4770-b4cf-693d36c5c979,2026-08-09T02:46:19.600052+00:00,C2-CONTROLLED-SNARK,controlled-groth16-pilot-v1,controlled_kernel,ark-groth16-0.6.0-bn254,5477ab05b549b750fa32dc9a1bc61898f74ebf21,de947ec44a622d90f62e247e4cad4e4a81bb578c8249825f66cc44a0179ee3b2,6349877068962457986,1,5,default,{},64,64,4,16,commitment,,,,,,,,,,,,,,phase,,,true,,,ark-groth16 does not expose stable per-run phase hooks,,measured,within-stack pilot; no Groth16-versus-PLONK claim,os_cache_primer,false,false,unsupported,{},,,,,,
0f2c3284-74d2-4770-b4cf-693d36c5c979,2026-08-09T02:46:19.600066+00:00,C2-CONTROLLED-SNARK,controlled-groth16-pilot-v1,controlled_kernel,ark-groth16-0.6.0-bn254,5477ab05b549b750fa32dc9a1bc61898f74ebf21,de947ec44a622d90f62e247e4cad4e4a81bb578c8249825f66cc44a0179ee3b2,6349877068962457986,1,5,default,{},64,64,4,16,key_load,,,,,,,,,,,,,,phase,,,true,,,ark-groth16 does not expose stable per-run phase hooks,,measured,within-stack pilot; no Groth16-versus-PLONK claim,os_cache_primer,false,false,unsupported,{},,,,,,
0f2c3284-74d2-4770-b4cf-693d36c5c979,2026-08-09T02:46:19.600081+00:00,C2-CONTROLLED-SNARK,controlled-groth16-pilot-v1,controlled_kernel,ark-groth16-0.6.0-bn254,5477ab05b549b750fa32dc9a1bc61898f74ebf21,de947ec44a622d90f62e247e4cad4e4a81bb578c8249825f66cc44a0179ee3b2,6349877068962457986,1,5,default,{},64,64,4,16,adapter_process_wall,63.295224,50.000000,5.546875,128,true,0,,399,956,,,,linux-procfs,process,,,true,,,"private commit and per-process swap I/O are unavailable; VmSwap reports allocation, not swap traffic; No documented hardware or OS energy counter is configured in WSL2",,measured,within-stack pilot; no Groth16-versus-PLONK claim,os_cache_primer,false,true,ok,{},64,2,64,r1cs_constraints,5.0,12
3a041d3a-8d0a-4954-ad34-9fe88aac03a5,2026-08-09T02:46:19.687675+00:00,C2-CONTROLLED-SNARK,controlled-groth16-pilot-v1,controlled_kernel,ark-groth16-0.6.0-bn254,5477ab05b549b750fa32dc9a1bc61898f74ebf21,de947ec44a622d90f62e247e4cad4e4a81bb578c8249825f66cc44a0179ee3b2,8256350678334115176,0,6,default,{},64,64,8,16,native_execution,0.007774,,,,,,,,,,,,,phase,,,true,,,,,measured,within-stack pilot; no Groth16-versus-PLONK claim,os_cache_primer,false,true,ok,"{""application_units"":64.0}",,,,,,
3a041d3a-8d0a-4954-ad34-9fe88aac03a5,2026-08-09T02:46:19.687822+00:00,C2-CONTROLLED-SNARK,controlled-groth16-pilot-v1,controlled_kernel,ark-groth16-0.6.0-bn254,5477ab05b549b750fa32dc9a1bc61898f74ebf21,de947ec44a622d90f62e247e4cad4e4a81bb578c8249825f66cc44a0179ee3b2,8256350678334115176,0,6,default,{},64,64,8,16,witness,10.940289,,,,,,,,,,,,,phase,,,true,,,,,measured,within-stack pilot; no Groth16-versus-PLONK claim,os_cache_primer,false,true,ok,"{""application_units"":64.0,""constraint_count"":64.0}",,,,,,
3a041d3a-8d0a-4954-ad34-9fe88aac03a5,2026-08-09T02:46:19.687855+00:00,C2-CONTROLLED-SNARK,controlled-groth16-pilot-v1,controlled_kernel,ark-groth16-0.6.0-bn254,5477ab05b549b750fa32dc9a1bc61898f74ebf21,de947ec44a622d90f62e247e4cad4e4a81bb578c8249825f66cc44a0179ee3b2,8256350678334115176,0,6,default,{},64,64,8,16,setup_or_preprocess,16.697559,,,,,,,,,,,,,phase,,,true,,,,,measured,within-stack pilot; no Groth16-versus-PLONK claim,os_cache_primer,false,true,ok,"{""constraint_count"":64.0}",,,,,,
3a041d3a-8d0a-4954-ad34-9fe88aac03a5,2026-08-09T02:46:19.687876+00:00,C2-CONTROLLED-SNARK,controlled-groth16-pilot-v1,controlled_kernel,ark-groth16-0.6.0-bn254,5477ab05b549b750fa32dc9a1bc61898f74ebf21,de947ec44a622d90f62e247e4cad4e4a81bb578c8249825f66cc44a0179ee3b2,8256350678334115176,0,6,default,{},64,64,8,16,prove_total,17.440527,,,,,,,,,,,,,phase,,,true,,,,,measured,within-stack pilot; no Groth16-versus-PLONK claim,os_cache_primer,false,true,ok,"{""constraint_count"":64.0}",,,,,,
3a041d3a-8d0a-4954-ad34-9fe88aac03a5,2026-08-09T02:46:19.687894+00:00,C2-CONTROLLED-SNARK,controlled-groth16-pilot-v1,controlled_kernel,ark-groth16-0.6.0-bn254,5477ab05b549b750fa32dc9a1bc61898f74ebf21,de947ec44a622d90f62e247e4cad4e4a81bb578c8249825f66cc44a0179ee3b2,8256350678334115176,0,6,default,{},64,64,8,16,serialize,0.003145,,,,,,,,,,,,,phase,,,true,,,,,measured,within-stack pilot; no Groth16-versus-PLONK claim,os_cache_primer,false,true,ok,"{""proof_bytes"":128.0}",,,,,,
3a041d3a-8d0a-4954-ad34-9fe88aac03a5,2026-08-09T02:46:19.687918+00:00,C2-CONTROLLED-SNARK,controlled-groth16-pilot-v1,controlled_kernel,ark-groth16-0.6.0-bn254,5477ab05b549b750fa32dc9a1bc61898f74ebf21,de947ec44a622d90f62e247e4cad4e4a81bb578c8249825f66cc44a0179ee3b2,8256350678334115176,0,6,default,{},64,64,8,16,deserialize,0.168794,,,,,,,,,,,,,phase,,,true,,,,,measured,within-stack pilot; no Groth16-versus-PLONK claim,os_cache_primer,false,true,ok,"{""proof_bytes"":128.0}",,,,,,
3a041d3a-8d0a-4954-ad34-9fe88aac03a5,2026-08-09T02:46:19.687935+00:00,C2-CONTROLLED-SNARK,controlled-groth16-pilot-v1,controlled_kernel,ark-groth16-0.6.0-bn254,5477ab05b549b750fa32dc9a1bc61898f74ebf21,de947ec44a622d90f62e247e4cad4e4a81bb578c8249825f66cc44a0179ee3b2,8256350678334115176,0,6,default,{},64,64,8,16,verify_core,1.087734,,,,,,,,,,,,,phase,,,true,,,,,measured,within-stack pilot; no Groth16-versus-PLONK claim,os_cache_primer,false,true,ok,{},,,,,,
3a041d3a-8d0a-4954-ad34-9fe88aac03a5,2026-08-09T02:46:19.687989+00:00,C2-CONTROLLED-SNARK,controlled-groth16-pilot-v1,controlled_kernel,ark-groth16-0.6.0-bn254,5477ab05b549b750fa32dc9a1bc61898f74ebf21,de947ec44a622d90f62e247e4cad4e4a81bb578c8249825f66cc44a0179ee3b2,8256350678334115176,0,6,default,{},64,64,8,16,verify_total,1.256648,,,,,,,,,,,,,phase,,,true,,,,,measured,within-stack pilot; no Groth16-versus-PLONK claim,os_cache_primer,false,true,ok,{},,,,,,
3a041d3a-8d0a-4954-ad34-9fe88aac03a5,2026-08-09T02:46:19.688014+00:00,C2-CONTROLLED-SNARK,controlled-groth16-pilot-v1,controlled_kernel,ark-groth16-0.6.0-bn254,5477ab05b549b750fa32dc9a1bc61898f74ebf21,de947ec44a622d90f62e247e4cad4e4a81bb578c8249825f66cc44a0179ee3b2,8256350678334115176,0,6,default,{},64,64,8,16,fft_ntt,,,,,,,,,,,,,,phase,,,true,,,ark-groth16 does not expose stable per-run phase hooks,,measured,within-stack pilot; no Groth16-versus-PLONK claim,os_cache_primer,false,false,unsupported,{},,,,,,
3a041d3a-8d0a-4954-ad34-9fe88aac03a5,2026-08-09T02:46:19.688033+00:00,C2-CONTROLLED-SNARK,controlled-groth16-pilot-v1,controlled_kernel,ark-groth16-0.6.0-bn254,5477ab05b549b750fa32dc9a1bc61898f74ebf21,de947ec44a622d90f62e247e4cad4e4a81bb578c8249825f66cc44a0179ee3b2,8256350678334115176,0,6,default,{},64,64,8,16,msm,,,,,,,,,,,,,,phase,,,true,,,ark-groth16 does not expose stable per-run phase hooks,,measured,within-stack pilot; no Groth16-versus-PLONK claim,os_cache_primer,false,false,unsupported,{},,,,,,
3a041d3a-8d0a-4954-ad34-9fe88aac03a5,2026-08-09T02:46:19.688049+00:00,C2-CONTROLLED-SNARK,controlled-groth16-pilot-v1,controlled_kernel,ark-groth16-0.6.0-bn254,5477ab05b549b750fa32dc9a1bc61898f74ebf21,de947ec44a622d90f62e247e4cad4e4a81bb578c8249825f66cc44a0179ee3b2,8256350678334115176,0,6,default,{},64,64,8,16,commitment,,,,,,,,,,,,,,phase,,,true,,,ark-groth16 does not expose stable per-run phase hooks,,measured,within-stack pilot; no Groth16-versus-PLONK claim,os_cache_primer,false,false,unsupported,{},,,,,,
3a041d3a-8d0a-4954-ad34-9fe88aac03a5,2026-08-09T02:46:19.688064+00:00,C2-CONTROLLED-SNARK,controlled-groth16-pilot-v1,controlled_kernel,ark-groth16-0.6.0-bn254,5477ab05b549b750fa32dc9a1bc61898f74ebf21,de947ec44a622d90f62e247e4cad4e4a81bb578c8249825f66cc44a0179ee3b2,8256350678334115176,0,6,default,{},64,64,8,16,key_load,,,,,,,,,,,,,,phase,,,true,,,ark-groth16 does not expose stable per-run phase hooks,,measured,within-stack pilot; no Groth16-versus-PLONK claim,os_cache_primer,false,false,unsupported,{},,,,,,
3a041d3a-8d0a-4954-ad34-9fe88aac03a5,2026-08-09T02:46:19.688080+00:00,C2-CONTROLLED-SNARK,controlled-groth16-pilot-v1,controlled_kernel,ark-groth16-0.6.0-bn254,5477ab05b549b750fa32dc9a1bc61898f74ebf21,de947ec44a622d90f62e247e4cad4e4a81bb578c8249825f66cc44a0179ee3b2,8256350678334115176,0,6,default,{},64,64,8,16,adapter_process_wall,86.334146,130.000000,5.898438,128,true,0,,486,956,,,,linux-procfs,process,,,true,,,"private commit and per-process swap I/O are unavailable; VmSwap reports allocation, not swap traffic; No documented hardware or OS energy counter is configured in WSL2",,measured,within-stack pilot; no Groth16-versus-PLONK claim,os_cache_primer,false,true,ok,{},64,2,64,r1cs_constraints,5.0,16
0e105375-096b-427b-8b13-e11366116ab4,2026-08-09T02:46:19.779399+00:00,C2-CONTROLLED-SNARK,controlled-groth16-pilot-v1,controlled_kernel,ark-groth16-0.6.0-bn254,5477ab05b549b750fa32dc9a1bc61898f74ebf21,de947ec44a622d90f62e247e4cad4e4a81bb578c8249825f66cc44a0179ee3b2,4096175831006750554,1,7,default,{},64,64,8,16,native_execution,0.011291,,,,,,,,,,,,,phase,,,true,,,,,measured,within-stack pilot; no Groth16-versus-PLONK claim,os_cache_primer,false,true,ok,"{""application_units"":64.0}",,,,,,
0e105375-096b-427b-8b13-e11366116ab4,2026-08-09T02:46:19.779500+00:00,C2-CONTROLLED-SNARK,controlled-groth16-pilot-v1,controlled_kernel,ark-groth16-0.6.0-bn254,5477ab05b549b750fa32dc9a1bc61898f74ebf21,de947ec44a622d90f62e247e4cad4e4a81bb578c8249825f66cc44a0179ee3b2,4096175831006750554,1,7,default,{},64,64,8,16,witness,10.220947,,,,,,,,,,,,,phase,,,true,,,,,measured,within-stack pilot; no Groth16-versus-PLONK claim,os_cache_primer,false,true,ok,"{""application_units"":64.0,""constraint_count"":64.0}",,,,,,
0e105375-096b-427b-8b13-e11366116ab4,2026-08-09T02:46:19.779527+00:00,C2-CONTROLLED-SNARK,controlled-groth16-pilot-v1,controlled_kernel,ark-groth16-0.6.0-bn254,5477ab05b549b750fa32dc9a1bc61898f74ebf21,de947ec44a622d90f62e247e4cad4e4a81bb578c8249825f66cc44a0179ee3b2,4096175831006750554,1,7,default,{},64,64,8,16,setup_or_preprocess,17.361280,,,,,,,,,,,,,phase,,,true,,,,,measured,within-stack pilot; no Groth16-versus-PLONK claim,os_cache_primer,false,true,ok,"{""constraint_count"":64.0}",,,,,,
0e105375-096b-427b-8b13-e11366116ab4,2026-08-09T02:46:19.779546+00:00,C2-CONTROLLED-SNARK,controlled-groth16-pilot-v1,controlled_kernel,ark-groth16-0.6.0-bn254,5477ab05b549b750fa32dc9a1bc61898f74ebf21,de947ec44a622d90f62e247e4cad4e4a81bb578c8249825f66cc44a0179ee3b2,4096175831006750554,1,7,default,{},64,64,8,16,prove_total,20.209805,,,,,,,,,,,,,phase,,,true,,,,,measured,within-stack pilot; no Groth16-versus-PLONK claim,os_cache_primer,false,true,ok,"{""constraint_count"":64.0}",,,,,,
0e105375-096b-427b-8b13-e11366116ab4,2026-08-09T02:46:19.779563+00:00,C2-CONTROLLED-SNARK,controlled-groth16-pilot-v1,controlled_kernel,ark-groth16-0.6.0-bn254,5477ab05b549b750fa32dc9a1bc61898f74ebf21,de947ec44a622d90f62e247e4cad4e4a81bb578c8249825f66cc44a0179ee3b2,4096175831006750554,1,7,default,{},64,64,8,16,serialize,0.003126,,,,,,,,,,,,,phase,,,true,,,,,measured,within-stack pilot; no Groth16-versus-PLONK claim,os_cache_primer,false,true,ok,"{""proof_bytes"":128.0}",,,,,,
0e105375-096b-427b-8b13-e11366116ab4,2026-08-09T02:46:19.779581+00:00,C2-CONTROLLED-SNARK,controlled-groth16-pilot-v1,controlled_kernel,ark-groth16-0.6.0-bn254,5477ab05b549b750fa32dc9a1bc61898f74ebf21,de947ec44a622d90f62e247e4cad4e4a81bb578c8249825f66cc44a0179ee3b2,4096175831006750554,1,7,default,{},64,64,8,16,deserialize,0.169355,,,,,,,,,,,,,phase,,,true,,,,,measured,within-stack pilot; no Groth16-versus-PLONK claim,os_cache_primer,false,true,ok,"{""proof_bytes"":128.0}",,,,,,
0e105375-096b-427b-8b13-e11366116ab4,2026-08-09T02:46:19.779597+00:00,C2-CONTROLLED-SNARK,controlled-groth16-pilot-v1,controlled_kernel,ark-groth16-0.6.0-bn254,5477ab05b549b750fa32dc9a1bc61898f74ebf21,de947ec44a622d90f62e247e4cad4e4a81bb578c8249825f66cc44a0179ee3b2,4096175831006750554,1,7,default,{},64,64,8,16,verify_core,1.109294,,,,,,,,,,,,,phase,,,true,,,,,measured,within-stack pilot; no Groth16-versus-PLONK claim,os_cache_primer,false,true,ok,{},,,,,,
0e105375-096b-427b-8b13-e11366116ab4,2026-08-09T02:46:19.779613+00:00,C2-CONTROLLED-SNARK,controlled-groth16-pilot-v1,controlled_kernel,ark-groth16-0.6.0-bn254,5477ab05b549b750fa32dc9a1bc61898f74ebf21,de947ec44a622d90f62e247e4cad4e4a81bb578c8249825f66cc44a0179ee3b2,4096175831006750554,1,7,default,{},64,64,8,16,verify_total,1.278760,,,,,,,,,,,,,phase,,,true,,,,,measured,within-stack pilot; no Groth16-versus-PLONK claim,os_cache_primer,false,true,ok,{},,,,,,
0e105375-096b-427b-8b13-e11366116ab4,2026-08-09T02:46:19.779629+00:00,C2-CONTROLLED-SNARK,controlled-groth16-pilot-v1,controlled_kernel,ark-groth16-0.6.0-bn254,5477ab05b549b750fa32dc9a1bc61898f74ebf21,de947ec44a622d90f62e247e4cad4e4a81bb578c8249825f66cc44a0179ee3b2,4096175831006750554,1,7,default,{},64,64,8,16,fft_ntt,,,,,,,,,,,,,,phase,,,true,,,ark-groth16 does not expose stable per-run phase hooks,,measured,within-stack pilot; no Groth16-versus-PLONK claim,os_cache_primer,false,false,unsupported,{},,,,,,
0e105375-096b-427b-8b13-e11366116ab4,2026-08-09T02:46:19.779646+00:00,C2-CONTROLLED-SNARK,controlled-groth16-pilot-v1,controlled_kernel,ark-groth16-0.6.0-bn254,5477ab05b549b750fa32dc9a1bc61898f74ebf21,de947ec44a622d90f62e247e4cad4e4a81bb578c8249825f66cc44a0179ee3b2,4096175831006750554,1,7,default,{},64,64,8,16,msm,,,,,,,,,,,,,,phase,,,true,,,ark-groth16 does not expose stable per-run phase hooks,,measured,within-stack pilot; no Groth16-versus-PLONK claim,os_cache_primer,false,false,unsupported,{},,,,,,
0e105375-096b-427b-8b13-e11366116ab4,2026-08-09T02:46:19.779662+00:00,C2-CONTROLLED-SNARK,controlled-groth16-pilot-v1,controlled_kernel,ark-groth16-0.6.0-bn254,5477ab05b549b750fa32dc9a1bc61898f74ebf21,de947ec44a622d90f62e247e4cad4e4a81bb578c8249825f66cc44a0179ee3b2,4096175831006750554,1,7,default,{},64,64,8,16,commitment,,,,,,,,,,,,,,phase,,,true,,,ark-groth16 does not expose stable per-run phase hooks,,measured,within-stack pilot; no Groth16-versus-PLONK claim,os_cache_primer,false,false,unsupported,{},,,,,,
0e105375-096b-427b-8b13-e11366116ab4,2026-08-09T02:46:19.779677+00:00,C2-CONTROLLED-SNARK,controlled-groth16-pilot-v1,controlled_kernel,ark-groth16-0.6.0-bn254,5477ab05b549b750fa32dc9a1bc61898f74ebf21,de947ec44a622d90f62e247e4cad4e4a81bb578c8249825f66cc44a0179ee3b2,4096175831006750554,1,7,default,{},64,64,8,16,key_load,,,,,,,,,,,,,,phase,,,true,,,ark-groth16 does not expose stable per-run phase hooks,,measured,within-stack pilot; no Groth16-versus-PLONK claim,os_cache_primer,false,false,unsupported,{},,,,,,
0e105375-096b-427b-8b13-e11366116ab4,2026-08-09T02:46:19.779693+00:00,C2-CONTROLLED-SNARK,controlled-groth16-pilot-v1,controlled_kernel,ark-groth16-0.6.0-bn254,5477ab05b549b750fa32dc9a1bc61898f74ebf21,de947ec44a622d90f62e247e4cad4e4a81bb578c8249825f66cc44a0179ee3b2,4096175831006750554,1,7,default,{},64,64,8,16,adapter_process_wall,90.172369,140.000000,6.027344,128,true,0,,513,956,,,,linux-procfs,process,,,true,,,"private commit and per-process swap I/O are unavailable; VmSwap reports allocation, not swap traffic; No documented hardware or OS energy counter is configured in WSL2",,measured,within-stack pilot; no Groth16-versus-PLONK claim,os_cache_primer,false,true,ok,{},64,2,64,r1cs_constraints,5.0,17
01d806e5-56e2-4553-b1b1-e4a514259d06,2026-08-09T02:46:19.894551+00:00,C2-CONTROLLED-SNARK,controlled-groth16-pilot-v1,controlled_kernel,ark-groth16-0.6.0-bn254,5477ab05b549b750fa32dc9a1bc61898f74ebf21,de947ec44a622d90f62e247e4cad4e4a81bb578c8249825f66cc44a0179ee3b2,8493071557873625877,0,8,default,{},64,64,16,16,native_execution,0.004369,,,,,,,,,,,,,phase,,,true,,,,,measured,within-stack pilot; no Groth16-versus-PLONK claim,os_cache_primer,false,true,ok,"{""application_units"":64.0}",,,,,,
01d806e5-56e2-4553-b1b1-e4a514259d06,2026-08-09T02:46:19.894648+00:00,C2-CONTROLLED-SNARK,controlled-groth16-pilot-v1,controlled_kernel,ark-groth16-0.6.0-bn254,5477ab05b549b750fa32dc9a1bc61898f74ebf21,de947ec44a622d90f62e247e4cad4e4a81bb578c8249825f66cc44a0179ee3b2,8493071557873625877,0,8,default,{},64,64,16,16,witness,10.378349,,,,,,,,,,,,,phase,,,true,,,,,measured,within-stack pilot; no Groth16-versus-PLONK claim,os_cache_primer,false,true,ok,"{""application_units"":64.0,""constraint_count"":64.0}",,,,,,
01d806e5-56e2-4553-b1b1-e4a514259d06,2026-08-09T02:46:19.894670+00:00,C2-CONTROLLED-SNARK,controlled-groth16-pilot-v1,controlled_kernel,ark-groth16-0.6.0-bn254,5477ab05b549b750fa32dc9a1bc61898f74ebf21,de947ec44a622d90f62e247e4cad4e4a81bb578c8249825f66cc44a0179ee3b2,8493071557873625877,0,8,default,{},64,64,16,16,setup_or_preprocess,22.415085,,,,,,,,,,,,,phase,,,true,,,,,measured,within-stack pilot; no Groth16-versus-PLONK claim,os_cache_primer,false,true,ok,"{""constraint_count"":64.0}",,,,,,
01d806e5-56e2-4553-b1b1-e4a514259d06,2026-08-09T02:46:19.894686+00:00,C2-CONTROLLED-SNARK,controlled-groth16-pilot-v1,controlled_kernel,ark-groth16-0.6.0-bn254,5477ab05b549b750fa32dc9a1bc61898f74ebf21,de947ec44a622d90f62e247e4cad4e4a81bb578c8249825f66cc44a0179ee3b2,8493071557873625877,0,8,default,{},64,64,16,16,prove_total,34.693179,,,,,,,,,,,,,phase,,,true,,,,,measured,within-stack pilot; no Groth16-versus-PLONK claim,os_cache_primer,false,true,ok,"{""constraint_count"":64.0}",,,,,,
01d806e5-56e2-4553-b1b1-e4a514259d06,2026-08-09T02:46:19.894700+00:00,C2-CONTROLLED-SNARK,controlled-groth16-pilot-v1,controlled_kernel,ark-groth16-0.6.0-bn254,5477ab05b549b750fa32dc9a1bc61898f74ebf21,de947ec44a622d90f62e247e4cad4e4a81bb578c8249825f66cc44a0179ee3b2,8493071557873625877,0,8,default,{},64,64,16,16,serialize,0.003576,,,,,,,,,,,,,phase,,,true,,,,,measured,within-stack pilot; no Groth16-versus-PLONK claim,os_cache_primer,false,true,ok,"{""proof_bytes"":128.0}",,,,,,
01d806e5-56e2-4553-b1b1-e4a514259d06,2026-08-09T02:46:19.894714+00:00,C2-CONTROLLED-SNARK,controlled-groth16-pilot-v1,controlled_kernel,ark-groth16-0.6.0-bn254,5477ab05b549b750fa32dc9a1bc61898f74ebf21,de947ec44a622d90f62e247e4cad4e4a81bb578c8249825f66cc44a0179ee3b2,8493071557873625877,0,8,default,{},64,64,16,16,deserialize,0.168564,,,,,,,,,,,,,phase,,,true,,,,,measured,within-stack pilot; no Groth16-versus-PLONK claim,os_cache_primer,false,true,ok,"{""proof_bytes"":128.0}",,,,,,
01d806e5-56e2-4553-b1b1-e4a514259d06,2026-08-09T02:46:19.894727+00:00,C2-CONTROLLED-SNARK,controlled-groth16-pilot-v1,controlled_kernel,ark-groth16-0.6.0-bn254,5477ab05b549b750fa32dc9a1bc61898f74ebf21,de947ec44a622d90f62e247e4cad4e4a81bb578c8249825f66cc44a0179ee3b2,8493071557873625877,0,8,default,{},64,64,16,16,verify_core,1.039324,,,,,,,,,,,,,phase,,,true,,,,,measured,within-stack pilot; no Groth16-versus-PLONK claim,os_cache_primer,false,true,ok,{},,,,,,
01d806e5-56e2-4553-b1b1-e4a514259d06,2026-08-09T02:46:19.894741+00:00,C2-CONTROLLED-SNARK,controlled-groth16-pilot-v1,controlled_kernel,ark-groth16-0.6.0-bn254,5477ab05b549b750fa32dc9a1bc61898f74ebf21,de947ec44a622d90f62e247e4cad4e4a81bb578c8249825f66cc44a0179ee3b2,8493071557873625877,0,8,default,{},64,64,16,16,verify_total,1.207998,,,,,,,,,,,,,phase,,,true,,,,,measured,within-stack pilot; no Groth16-versus-PLONK claim,os_cache_primer,false,true,ok,{},,,,,,
01d806e5-56e2-4553-b1b1-e4a514259d06,2026-08-09T02:46:19.894754+00:00,C2-CONTROLLED-SNARK,controlled-groth16-pilot-v1,controlled_kernel,ark-groth16-0.6.0-bn254,5477ab05b549b750fa32dc9a1bc61898f74ebf21,de947ec44a622d90f62e247e4cad4e4a81bb578c8249825f66cc44a0179ee3b2,8493071557873625877,0,8,default,{},64,64,16,16,fft_ntt,,,,,,,,,,,,,,phase,,,true,,,ark-groth16 does not expose stable per-run phase hooks,,measured,within-stack pilot; no Groth16-versus-PLONK claim,os_cache_primer,false,false,unsupported,{},,,,,,
01d806e5-56e2-4553-b1b1-e4a514259d06,2026-08-09T02:46:19.894768+00:00,C2-CONTROLLED-SNARK,controlled-groth16-pilot-v1,controlled_kernel,ark-groth16-0.6.0-bn254,5477ab05b549b750fa32dc9a1bc61898f74ebf21,de947ec44a622d90f62e247e4cad4e4a81bb578c8249825f66cc44a0179ee3b2,8493071557873625877,0,8,default,{},64,64,16,16,msm,,,,,,,,,,,,,,phase,,,true,,,ark-groth16 does not expose stable per-run phase hooks,,measured,within-stack pilot; no Groth16-versus-PLONK claim,os_cache_primer,false,false,unsupported,{},,,,,,
01d806e5-56e2-4553-b1b1-e4a514259d06,2026-08-09T02:46:19.894781+00:00,C2-CONTROLLED-SNARK,controlled-groth16-pilot-v1,controlled_kernel,ark-groth16-0.6.0-bn254,5477ab05b549b750fa32dc9a1bc61898f74ebf21,de947ec44a622d90f62e247e4cad4e4a81bb578c8249825f66cc44a0179ee3b2,8493071557873625877,0,8,default,{},64,64,16,16,commitment,,,,,,,,,,,,,,phase,,,true,,,ark-groth16 does not expose stable per-run phase hooks,,measured,within-stack pilot; no Groth16-versus-PLONK claim,os_cache_primer,false,false,unsupported,{},,,,,,
01d806e5-56e2-4553-b1b1-e4a514259d06,2026-08-09T02:46:19.894794+00:00,C2-CONTROLLED-SNARK,controlled-groth16-pilot-v1,controlled_kernel,ark-groth16-0.6.0-bn254,5477ab05b549b750fa32dc9a1bc61898f74ebf21,de947ec44a622d90f62e247e4cad4e4a81bb578c8249825f66cc44a0179ee3b2,8493071557873625877,0,8,default,{},64,64,16,16,key_load,,,,,,,,,,,,,,phase,,,true,,,ark-groth16 does not expose stable per-run phase hooks,,measured,within-stack pilot; no Groth16-versus-PLONK claim,os_cache_primer,false,false,unsupported,{},,,,,,
01d806e5-56e2-4553-b1b1-e4a514259d06,2026-08-09T02:46:19.894807+00:00,C2-CONTROLLED-SNARK,controlled-groth16-pilot-v1,controlled_kernel,ark-groth16-0.6.0-bn254,5477ab05b549b750fa32dc9a1bc61898f74ebf21,de947ec44a622d90f62e247e4cad4e4a81bb578c8249825f66cc44a0179ee3b2,8493071557873625877,0,8,default,{},64,64,16,16,adapter_process_wall,113.439115,320.000000,6.640625,128,true,0,,696,956,,,,linux-procfs,process,,,true,,,"private commit and per-process swap I/O are unavailable; VmSwap reports allocation, not swap traffic; No documented hardware or OS energy counter is configured in WSL2",,measured,within-stack pilot; no Groth16-versus-PLONK claim,os_cache_primer,false,true,ok,{},64,2,64,r1cs_constraints,5.0,21
1647930c-3ba4-41b2-bd6d-9dcd80388218,2026-08-09T02:46:20.010601+00:00,C2-CONTROLLED-SNARK,controlled-groth16-pilot-v1,controlled_kernel,ark-groth16-0.6.0-bn254,5477ab05b549b750fa32dc9a1bc61898f74ebf21,de947ec44a622d90f62e247e4cad4e4a81bb578c8249825f66cc44a0179ee3b2,8520529501145763396,1,9,default,{},64,64,16,16,native_execution,0.013104,,,,,,,,,,,,,phase,,,true,,,,,measured,within-stack pilot; no Groth16-versus-PLONK claim,os_cache_primer,false,true,ok,"{""application_units"":64.0}",,,,,,
1647930c-3ba4-41b2-bd6d-9dcd80388218,2026-08-09T02:46:20.010737+00:00,C2-CONTROLLED-SNARK,controlled-groth16-pilot-v1,controlled_kernel,ark-groth16-0.6.0-bn254,5477ab05b549b750fa32dc9a1bc61898f74ebf21,de947ec44a622d90f62e247e4cad4e4a81bb578c8249825f66cc44a0179ee3b2,8520529501145763396,1,9,default,{},64,64,16,16,witness,9.560766,,,,,,,,,,,,,phase,,,true,,,,,measured,within-stack pilot; no Groth16-versus-PLONK claim,os_cache_primer,false,true,ok,"{""application_units"":64.0,""constraint_count"":64.0}",,,,,,
1647930c-3ba4-41b2-bd6d-9dcd80388218,2026-08-09T02:46:20.010805+00:00,C2-CONTROLLED-SNARK,controlled-groth16-pilot-v1,controlled_kernel,ark-groth16-0.6.0-bn254,5477ab05b549b750fa32dc9a1bc61898f74ebf21,de947ec44a622d90f62e247e4cad4e4a81bb578c8249825f66cc44a0179ee3b2,8520529501145763396,1,9,default,{},64,64,16,16,setup_or_preprocess,31.013832,,,,,,,,,,,,,phase,,,true,,,,,measured,within-stack pilot; no Groth16-versus-PLONK claim,os_cache_primer,false,true,ok,"{""constraint_count"":64.0}",,,,,,
1647930c-3ba4-41b2-bd6d-9dcd80388218,2026-08-09T02:46:20.010835+00:00,C2-CONTROLLED-SNARK,controlled-groth16-pilot-v1,controlled_kernel,ark-groth16-0.6.0-bn254,5477ab05b549b750fa32dc9a1bc61898f74ebf21,de947ec44a622d90f62e247e4cad4e4a81bb578c8249825f66cc44a0179ee3b2,8520529501145763396,1,9,default,{},64,64,16,16,prove_total,30.300552,,,,,,,,,,,,,phase,,,true,,,,,measured,within-stack pilot; no Groth16-versus-PLONK claim,os_cache_primer,false,true,ok,"{""constraint_count"":64.0}",,,,,,
1647930c-3ba4-41b2-bd6d-9dcd80388218,2026-08-09T02:46:20.010853+00:00,C2-CONTROLLED-SNARK,controlled-groth16-pilot-v1,controlled_kernel,ark-groth16-0.6.0-bn254,5477ab05b549b750fa32dc9a1bc61898f74ebf21,de947ec44a622d90f62e247e4cad4e4a81bb578c8249825f66cc44a0179ee3b2,8520529501145763396,1,9,default,{},64,64,16,16,serialize,0.002064,,,,,,,,,,,,,phase,,,true,,,,,measured,within-stack pilot; no Groth16-versus-PLONK claim,os_cache_primer,false,true,ok,"{""proof_bytes"":128.0}",,,,,,
1647930c-3ba4-41b2-bd6d-9dcd80388218,2026-08-09T02:46:20.010870+00:00,C2-CONTROLLED-SNARK,controlled-groth16-pilot-v1,controlled_kernel,ark-groth16-0.6.0-bn254,5477ab05b549b750fa32dc9a1bc61898f74ebf21,de947ec44a622d90f62e247e4cad4e4a81bb578c8249825f66cc44a0179ee3b2,8520529501145763396,1,9,default,{},64,64,16,16,deserialize,0.164035,,,,,,,,,,,,,phase,,,true,,,,,measured,within-stack pilot; no Groth16-versus-PLONK claim,os_cache_primer,false,true,ok,"{""proof_bytes"":128.0}",,,,,,
1647930c-3ba4-41b2-bd6d-9dcd80388218,2026-08-09T02:46:20.010886+00:00,C2-CONTROLLED-SNARK,controlled-groth16-pilot-v1,controlled_kernel,ark-groth16-0.6.0-bn254,5477ab05b549b750fa32dc9a1bc61898f74ebf21,de947ec44a622d90f62e247e4cad4e4a81bb578c8249825f66cc44a0179ee3b2,8520529501145763396,1,9,default,{},64,64,16,16,verify_core,1.353548,,,,,,,,,,,,,phase,,,true,,,,,measured,within-stack pilot; no Groth16-versus-PLONK claim,os_cache_primer,false,true,ok,{},,,,,,
1647930c-3ba4-41b2-bd6d-9dcd80388218,2026-08-09T02:46:20.010900+00:00,C2-CONTROLLED-SNARK,controlled-groth16-pilot-v1,controlled_kernel,ark-groth16-0.6.0-bn254,5477ab05b549b750fa32dc9a1bc61898f74ebf21,de947ec44a622d90f62e247e4cad4e4a81bb578c8249825f66cc44a0179ee3b2,8520529501145763396,1,9,default,{},64,64,16,16,verify_total,1.517694,,,,,,,,,,,,,phase,,,true,,,,,measured,within-stack pilot; no Groth16-versus-PLONK claim,os_cache_primer,false,true,ok,{},,,,,,
1647930c-3ba4-41b2-bd6d-9dcd80388218,2026-08-09T02:46:20.010916+00:00,C2-CONTROLLED-SNARK,controlled-groth16-pilot-v1,controlled_kernel,ark-groth16-0.6.0-bn254,5477ab05b549b750fa32dc9a1bc61898f74ebf21,de947ec44a622d90f62e247e4cad4e4a81bb578c8249825f66cc44a0179ee3b2,8520529501145763396,1,9,default,{},64,64,16,16,fft_ntt,,,,,,,,,,,,,,phase,,,true,,,ark-groth16 does not expose stable per-run phase hooks,,measured,within-stack pilot; no Groth16-versus-PLONK claim,os_cache_primer,false,false,unsupported,{},,,,,,
1647930c-3ba4-41b2-bd6d-9dcd80388218,2026-08-09T02:46:20.010930+00:00,C2-CONTROLLED-SNARK,controlled-groth16-pilot-v1,controlled_kernel,ark-groth16-0.6.0-bn254,5477ab05b549b750fa32dc9a1bc61898f74ebf21,de947ec44a622d90f62e247e4cad4e4a81bb578c8249825f66cc44a0179ee3b2,8520529501145763396,1,9,default,{},64,64,16,16,msm,,,,,,,,,,,,,,phase,,,true,,,ark-groth16 does not expose stable per-run phase hooks,,measured,within-stack pilot; no Groth16-versus-PLONK claim,os_cache_primer,false,false,unsupported,{},,,,,,
1647930c-3ba4-41b2-bd6d-9dcd80388218,2026-08-09T02:46:20.010945+00:00,C2-CONTROLLED-SNARK,controlled-groth16-pilot-v1,controlled_kernel,ark-groth16-0.6.0-bn254,5477ab05b549b750fa32dc9a1bc61898f74ebf21,de947ec44a622d90f62e247e4cad4e4a81bb578c8249825f66cc44a0179ee3b2,8520529501145763396,1,9,default,{},64,64,16,16,commitment,,,,,,,,,,,,,,phase,,,true,,,ark-groth16 does not expose stable per-run phase hooks,,measured,within-stack pilot; no Groth16-versus-PLONK claim,os_cache_primer,false,false,unsupported,{},,,,,,
1647930c-3ba4-41b2-bd6d-9dcd80388218,2026-08-09T02:46:20.010958+00:00,C2-CONTROLLED-SNARK,controlled-groth16-pilot-v1,controlled_kernel,ark-groth16-0.6.0-bn254,5477ab05b549b750fa32dc9a1bc61898f74ebf21,de947ec44a622d90f62e247e4cad4e4a81bb578c8249825f66cc44a0179ee3b2,8520529501145763396,1,9,default,{},64,64,16,16,key_load,,,,,,,,,,,,,,phase,,,true,,,ark-groth16 does not expose stable per-run phase hooks,,measured,within-stack pilot; no Groth16-versus-PLONK claim,os_cache_primer,false,false,unsupported,{},,,,,,
1647930c-3ba4-41b2-bd6d-9dcd80388218,2026-08-09T02:46:20.010972+00:00,C2-CONTROLLED-SNARK,controlled-groth16-pilot-v1,controlled_kernel,ark-groth16-0.6.0-bn254,5477ab05b549b750fa32dc9a1bc61898f74ebf21,de947ec44a622d90f62e247e4cad4e4a81bb578c8249825f66cc44a0179ee3b2,8520529501145763396,1,9,default,{},64,64,16,16,adapter_process_wall,114.597301,320.000000,6.593750,128,true,0,,665,956,,,,linux-procfs,process,,,true,,,"private commit and per-process swap I/O are unavailable; VmSwap reports allocation, not swap traffic; No documented hardware or OS energy counter is configured in WSL2",,measured,within-stack pilot; no Groth16-versus-PLONK claim,os_cache_primer,false,true,ok,{},64,2,64,r1cs_constraints,5.0,21
b8cc66a6-eb1f-4aec-b2b8-bfb35b87ab60,2026-08-09T02:46:20.111572+00:00,C2-CONTROLLED-SNARK,controlled-groth16-pilot-v1,controlled_kernel,ark-groth16-0.6.0-bn254,5477ab05b549b750fa32dc9a1bc61898f74ebf21,de947ec44a622d90f62e247e4cad4e4a81bb578c8249825f66cc44a0179ee3b2,2407753656399163479,0,10,default,{},256,256,1,16,native_execution,0.543461,,,,,,,,,,,,,phase,,,true,,,,,measured,within-stack pilot; no Groth16-versus-PLONK claim,os_cache_primer,false,true,ok,"{""application_units"":256.0}",,,,,,
b8cc66a6-eb1f-4aec-b2b8-bfb35b87ab60,2026-08-09T02:46:20.111669+00:00,C2-CONTROLLED-SNARK,controlled-groth16-pilot-v1,controlled_kernel,ark-groth16-0.6.0-bn254,5477ab05b549b750fa32dc9a1bc61898f74ebf21,de947ec44a622d90f62e247e4cad4e4a81bb578c8249825f66cc44a0179ee3b2,2407753656399163479,0,10,default,{},256,256,1,16,witness,6.317877,,,,,,,,,,,,,phase,,,true,,,,,measured,within-stack pilot; no Groth16-versus-PLONK claim,os_cache_primer,false,true,ok,"{""application_units"":256.0,""constraint_count"":256.0}",,,,,,
b8cc66a6-eb1f-4aec-b2b8-bfb35b87ab60,2026-08-09T02:46:20.111689+00:00,C2-CONTROLLED-SNARK,controlled-groth16-pilot-v1,controlled_kernel,ark-groth16-0.6.0-bn254,5477ab05b549b750fa32dc9a1bc61898f74ebf21,de947ec44a622d90f62e247e4cad4e4a81bb578c8249825f66cc44a0179ee3b2,2407753656399163479,0,10,default,{},256,256,1,16,setup_or_preprocess,23.524215,,,,,,,,,,,,,phase,,,true,,,,,measured,within-stack pilot; no Groth16-versus-PLONK claim,os_cache_primer,false,true,ok,"{""constraint_count"":256.0}",,,,,,
b8cc66a6-eb1f-4aec-b2b8-bfb35b87ab60,2026-08-09T02:46:20.111705+00:00,C2-CONTROLLED-SNARK,controlled-groth16-pilot-v1,controlled_kernel,ark-groth16-0.6.0-bn254,5477ab05b549b750fa32dc9a1bc61898f74ebf21,de947ec44a622d90f62e247e4cad4e4a81bb578c8249825f66cc44a0179ee3b2,2407753656399163479,0,10,default,{},256,256,1,16,prove_total,16.964368,,,,,,,,,,,,,phase,,,true,,,,,measured,within-stack pilot; no Groth16-versus-PLONK claim,os_cache_primer,false,true,ok,"{""constraint_count"":256.0}",,,,,,
b8cc66a6-eb1f-4aec-b2b8-bfb35b87ab60,2026-08-09T02:46:20.111718+00:00,C2-CONTROLLED-SNARK,controlled-groth16-pilot-v1,controlled_kernel,ark-groth16-0.6.0-bn254,5477ab05b549b750fa32dc9a1bc61898f74ebf21,de947ec44a622d90f62e247e4cad4e4a81bb578c8249825f66cc44a0179ee3b2,2407753656399163479,0,10,default,{},256,256,1,16,serialize,0.001734,,,,,,,,,,,,,phase,,,true,,,,,measured,within-stack pilot; no Groth16-versus-PLONK claim,os_cache_primer,false,true,ok,"{""proof_bytes"":128.0}",,,,,,
b8cc66a6-eb1f-4aec-b2b8-bfb35b87ab60,2026-08-09T02:46:20.111732+00:00,C2-CONTROLLED-SNARK,controlled-groth16-pilot-v1,controlled_kernel,ark-groth16-0.6.0-bn254,5477ab05b549b750fa32dc9a1bc61898f74ebf21,de947ec44a622d90f62e247e4cad4e4a81bb578c8249825f66cc44a0179ee3b2,2407753656399163479,0,10,default,{},256,256,1,16,deserialize,0.170447,,,,,,,,,,,,,phase,,,true,,,,,measured,within-stack pilot; no Groth16-versus-PLONK claim,os_cache_primer,false,true,ok,"{""proof_bytes"":128.0}",,,,,,
b8cc66a6-eb1f-4aec-b2b8-bfb35b87ab60,2026-08-09T02:46:20.111746+00:00,C2-CONTROLLED-SNARK,controlled-groth16-pilot-v1,controlled_kernel,ark-groth16-0.6.0-bn254,5477ab05b549b750fa32dc9a1bc61898f74ebf21,de947ec44a622d90f62e247e4cad4e4a81bb578c8249825f66cc44a0179ee3b2,2407753656399163479,0,10,default,{},256,256,1,16,verify_core,0.981727,,,,,,,,,,,,,phase,,,true,,,,,measured,within-stack pilot; no Groth16-versus-PLONK claim,os_cache_primer,false,true,ok,{},,,,,,
b8cc66a6-eb1f-4aec-b2b8-bfb35b87ab60,2026-08-09T02:46:20.111758+00:00,C2-CONTROLLED-SNARK,controlled-groth16-pilot-v1,controlled_kernel,ark-groth16-0.6.0-bn254,5477ab05b549b750fa32dc9a1bc61898f74ebf21,de947ec44a622d90f62e247e4cad4e4a81bb578c8249825f66cc44a0179ee3b2,2407753656399163479,0,10,default,{},256,256,1,16,verify_total,1.152324,,,,,,,,,,,,,phase,,,true,,,,,measured,within-stack pilot; no Groth16-versus-PLONK claim,os_cache_primer,false,true,ok,{},,,,,,
b8cc66a6-eb1f-4aec-b2b8-bfb35b87ab60,2026-08-09T02:46:20.111772+00:00,C2-CONTROLLED-SNARK,controlled-groth16-pilot-v1,controlled_kernel,ark-groth16-0.6.0-bn254,5477ab05b549b750fa32dc9a1bc61898f74ebf21,de947ec44a622d90f62e247e4cad4e4a81bb578c8249825f66cc44a0179ee3b2,2407753656399163479,0,10,default,{},256,256,1,16,fft_ntt,,,,,,,,,,,,,,phase,,,true,,,ark-groth16 does not expose stable per-run phase hooks,,measured,within-stack pilot; no Groth16-versus-PLONK claim,os_cache_primer,false,false,unsupported,{},,,,,,
b8cc66a6-eb1f-4aec-b2b8-bfb35b87ab60,2026-08-09T02:46:20.111787+00:00,C2-CONTROLLED-SNARK,controlled-groth16-pilot-v1,controlled_kernel,ark-groth16-0.6.0-bn254,5477ab05b549b750fa32dc9a1bc61898f74ebf21,de947ec44a622d90f62e247e4cad4e4a81bb578c8249825f66cc44a0179ee3b2,2407753656399163479,0,10,default,{},256,256,1,16,msm,,,,,,,,,,,,,,phase,,,true,,,ark-groth16 does not expose stable per-run phase hooks,,measured,within-stack pilot; no Groth16-versus-PLONK claim,os_cache_primer,false,false,unsupported,{},,,,,,
b8cc66a6-eb1f-4aec-b2b8-bfb35b87ab60,2026-08-09T02:46:20.111800+00:00,C2-CONTROLLED-SNARK,controlled-groth16-pilot-v1,controlled_kernel,ark-groth16-0.6.0-bn254,5477ab05b549b750fa32dc9a1bc61898f74ebf21,de947ec44a622d90f62e247e4cad4e4a81bb578c8249825f66cc44a0179ee3b2,2407753656399163479,0,10,default,{},256,256,1,16,commitment,,,,,,,,,,,,,,phase,,,true,,,ark-groth16 does not expose stable per-run phase hooks,,measured,within-stack pilot; no Groth16-versus-PLONK claim,os_cache_primer,false,false,unsupported,{},,,,,,
b8cc66a6-eb1f-4aec-b2b8-bfb35b87ab60,2026-08-09T02:46:20.111837+00:00,C2-CONTROLLED-SNARK,controlled-groth16-pilot-v1,controlled_kernel,ark-groth16-0.6.0-bn254,5477ab05b549b750fa32dc9a1bc61898f74ebf21,de947ec44a622d90f62e247e4cad4e4a81bb578c8249825f66cc44a0179ee3b2,2407753656399163479,0,10,default,{},256,256,1,16,key_load,,,,,,,,,,,,,,phase,,,true,,,ark-groth16 does not expose stable per-run phase hooks,,measured,within-stack pilot; no Groth16-versus-PLONK claim,os_cache_primer,false,false,unsupported,{},,,,,,
b8cc66a6-eb1f-4aec-b2b8-bfb35b87ab60,2026-08-09T02:46:20.111861+00:00,C2-CONTROLLED-SNARK,controlled-groth16-pilot-v1,controlled_kernel,ark-groth16-0.6.0-bn254,5477ab05b549b750fa32dc9a1bc61898f74ebf21,de947ec44a622d90f62e247e4cad4e4a81bb578c8249825f66cc44a0179ee3b2,2407753656399163479,0,10,default,{},256,256,1,16,adapter_process_wall,99.373824,40.000000,5.382812,128,true,0,,500,956,,,,linux-procfs,process,,,true,,,"private commit and per-process swap I/O are unavailable; VmSwap reports allocation, not swap traffic; No documented hardware or OS energy counter is configured in WSL2",,measured,within-stack pilot; no Groth16-versus-PLONK claim,os_cache_primer,false,true,ok,{},256,2,256,r1cs_constraints,5.0,18
79c43097-1edf-4576-9ba4-986a88b165c2,2026-08-09T02:46:20.215752+00:00,C2-CONTROLLED-SNARK,controlled-groth16-pilot-v1,controlled_kernel,ark-groth16-0.6.0-bn254,5477ab05b549b750fa32dc9a1bc61898f74ebf21,de947ec44a622d90f62e247e4cad4e4a81bb578c8249825f66cc44a0179ee3b2,2101512352145184655,1,11,default,{},256,256,1,16,native_execution,0.679367,,,,,,,,,,,,,phase,,,true,,,,,measured,within-stack pilot; no Groth16-versus-PLONK claim,os_cache_primer,false,true,ok,"{""application_units"":256.0}",,,,,,
79c43097-1edf-4576-9ba4-986a88b165c2,2026-08-09T02:46:20.215853+00:00,C2-CONTROLLED-SNARK,controlled-groth16-pilot-v1,controlled_kernel,ark-groth16-0.6.0-bn254,5477ab05b549b750fa32dc9a1bc61898f74ebf21,de947ec44a622d90f62e247e4cad4e4a81bb578c8249825f66cc44a0179ee3b2,2101512352145184655,1,11,default,{},256,256,1,16,witness,8.060840,,,,,,,,,,,,,phase,,,true,,,,,measured,within-stack pilot; no Groth16-versus-PLONK claim,os_cache_primer,false,true,ok,"{""application_units"":256.0,""constraint_count"":256.0}",,,,,,
79c43097-1edf-4576-9ba4-986a88b165c2,2026-08-09T02:46:20.215874+00:00,C2-CONTROLLED-SNARK,controlled-groth16-pilot-v1,controlled_kernel,ark-groth16-0.6.0-bn254,5477ab05b549b750fa32dc9a1bc61898f74ebf21,de947ec44a622d90f62e247e4cad4e4a81bb578c8249825f66cc44a0179ee3b2,2101512352145184655,1,11,default,{},256,256,1,16,setup_or_preprocess,23.473802,,,,,,,,,,,,,phase,,,true,,,,,measured,within-stack pilot; no Groth16-versus-PLONK claim,os_cache_primer,false,true,ok,"{""constraint_count"":256.0}",,,,,,
79c43097-1edf-4576-9ba4-986a88b165c2,2026-08-09T02:46:20.215889+00:00,C2-CONTROLLED-SNARK,controlled-groth16-pilot-v1,controlled_kernel,ark-groth16-0.6.0-bn254,5477ab05b549b750fa32dc9a1bc61898f74ebf21,de947ec44a622d90f62e247e4cad4e4a81bb578c8249825f66cc44a0179ee3b2,2101512352145184655,1,11,default,{},256,256,1,16,prove_total,17.806235,,,,,,,,,,,,,phase,,,true,,,,,measured,within-stack pilot; no Groth16-versus-PLONK claim,os_cache_primer,false,true,ok,"{""constraint_count"":256.0}",,,,,,
79c43097-1edf-4576-9ba4-986a88b165c2,2026-08-09T02:46:20.215903+00:00,C2-CONTROLLED-SNARK,controlled-groth16-pilot-v1,controlled_kernel,ark-groth16-0.6.0-bn254,5477ab05b549b750fa32dc9a1bc61898f74ebf21,de947ec44a622d90f62e247e4cad4e4a81bb578c8249825f66cc44a0179ee3b2,2101512352145184655,1,11,default,{},256,256,1,16,serialize,0.010209,,,,,,,,,,,,,phase,,,true,,,,,measured,within-stack pilot; no Groth16-versus-PLONK claim,os_cache_primer,false,true,ok,"{""proof_bytes"":128.0}",,,,,,
79c43097-1edf-4576-9ba4-986a88b165c2,2026-08-09T02:46:20.215917+00:00,C2-CONTROLLED-SNARK,controlled-groth16-pilot-v1,controlled_kernel,ark-groth16-0.6.0-bn254,5477ab05b549b750fa32dc9a1bc61898f74ebf21,de947ec44a622d90f62e247e4cad4e4a81bb578c8249825f66cc44a0179ee3b2,2101512352145184655,1,11,default,{},256,256,1,16,deserialize,0.179364,,,,,,,,,,,,,phase,,,true,,,,,measured,within-stack pilot; no Groth16-versus-PLONK claim,os_cache_primer,false,true,ok,"{""proof_bytes"":128.0}",,,,,,
79c43097-1edf-4576-9ba4-986a88b165c2,2026-08-09T02:46:20.215930+00:00,C2-CONTROLLED-SNARK,controlled-groth16-pilot-v1,controlled_kernel,ark-groth16-0.6.0-bn254,5477ab05b549b750fa32dc9a1bc61898f74ebf21,de947ec44a622d90f62e247e4cad4e4a81bb578c8249825f66cc44a0179ee3b2,2101512352145184655,1,11,default,{},256,256,1,16,verify_core,1.006112,,,,,,,,,,,,,phase,,,true,,,,,measured,within-stack pilot; no Groth16-versus-PLONK claim,os_cache_primer,false,true,ok,{},,,,,,
79c43097-1edf-4576-9ba4-986a88b165c2,2026-08-09T02:46:20.215943+00:00,C2-CONTROLLED-SNARK,controlled-groth16-pilot-v1,controlled_kernel,ark-groth16-0.6.0-bn254,5477ab05b549b750fa32dc9a1bc61898f74ebf21,de947ec44a622d90f62e247e4cad4e4a81bb578c8249825f66cc44a0179ee3b2,2101512352145184655,1,11,default,{},256,256,1,16,verify_total,1.185637,,,,,,,,,,,,,phase,,,true,,,,,measured,within-stack pilot; no Groth16-versus-PLONK claim,os_cache_primer,false,true,ok,{},,,,,,
79c43097-1edf-4576-9ba4-986a88b165c2,2026-08-09T02:46:20.215956+00:00,C2-CONTROLLED-SNARK,controlled-groth16-pilot-v1,controlled_kernel,ark-groth16-0.6.0-bn254,5477ab05b549b750fa32dc9a1bc61898f74ebf21,de947ec44a622d90f62e247e4cad4e4a81bb578c8249825f66cc44a0179ee3b2,2101512352145184655,1,11,default,{},256,256,1,16,fft_ntt,,,,,,,,,,,,,,phase,,,true,,,ark-groth16 does not expose stable per-run phase hooks,,measured,within-stack pilot; no Groth16-versus-PLONK claim,os_cache_primer,false,false,unsupported,{},,,,,,
79c43097-1edf-4576-9ba4-986a88b165c2,2026-08-09T02:46:20.215969+00:00,C2-CONTROLLED-SNARK,controlled-groth16-pilot-v1,controlled_kernel,ark-groth16-0.6.0-bn254,5477ab05b549b750fa32dc9a1bc61898f74ebf21,de947ec44a622d90f62e247e4cad4e4a81bb578c8249825f66cc44a0179ee3b2,2101512352145184655,1,11,default,{},256,256,1,16,msm,,,,,,,,,,,,,,phase,,,true,,,ark-groth16 does not expose stable per-run phase hooks,,measured,within-stack pilot; no Groth16-versus-PLONK claim,os_cache_primer,false,false,unsupported,{},,,,,,
79c43097-1edf-4576-9ba4-986a88b165c2,2026-08-09T02:46:20.215997+00:00,C2-CONTROLLED-SNARK,controlled-groth16-pilot-v1,controlled_kernel,ark-groth16-0.6.0-bn254,5477ab05b549b750fa32dc9a1bc61898f74ebf21,de947ec44a622d90f62e247e4cad4e4a81bb578c8249825f66cc44a0179ee3b2,2101512352145184655,1,11,default,{},256,256,1,16,commitment,,,,,,,,,,,,,,phase,,,true,,,ark-groth16 does not expose stable per-run phase hooks,,measured,within-stack pilot; no Groth16-versus-PLONK claim,os_cache_primer,false,false,unsupported,{},,,,,,
79c43097-1edf-4576-9ba4-986a88b165c2,2026-08-09T02:46:20.216027+00:00,C2-CONTROLLED-SNARK,controlled-groth16-pilot-v1,controlled_kernel,ark-groth16-0.6.0-bn254,5477ab05b549b750fa32dc9a1bc61898f74ebf21,de947ec44a622d90f62e247e4cad4e4a81bb578c8249825f66cc44a0179ee3b2,2101512352145184655,1,11,default,{},256,256,1,16,key_load,,,,,,,,,,,,,,phase,,,true,,,ark-groth16 does not expose stable per-run phase hooks,,measured,within-stack pilot; no Groth16-versus-PLONK claim,os_cache_primer,false,false,unsupported,{},,,,,,
79c43097-1edf-4576-9ba4-986a88b165c2,2026-08-09T02:46:20.216044+00:00,C2-CONTROLLED-SNARK,controlled-groth16-pilot-v1,controlled_kernel,ark-groth16-0.6.0-bn254,5477ab05b549b750fa32dc9a1bc61898f74ebf21,de947ec44a622d90f62e247e4cad4e4a81bb578c8249825f66cc44a0179ee3b2,2101512352145184655,1,11,default,{},256,256,1,16,adapter_process_wall,102.796401,40.000000,5.332031,128,true,0,,510,956,,,,linux-procfs,process,,,true,,,"private commit and per-process swap I/O are unavailable; VmSwap reports allocation, not swap traffic; No documented hardware or OS energy counter is configured in WSL2",,measured,within-stack pilot; no Groth16-versus-PLONK claim,os_cache_primer,false,true,ok,{},256,2,256,r1cs_constraints,5.0,19
85df237c-f60f-40b7-a931-5d2d09d926ef,2026-08-09T02:46:20.312372+00:00,C2-CONTROLLED-SNARK,controlled-groth16-pilot-v1,controlled_kernel,ark-groth16-0.6.0-bn254,5477ab05b549b750fa32dc9a1bc61898f74ebf21,de947ec44a622d90f62e247e4cad4e4a81bb578c8249825f66cc44a0179ee3b2,6745180774454141809,0,12,default,{},256,256,2,16,native_execution,0.753692,,,,,,,,,,,,,phase,,,true,,,,,measured,within-stack pilot; no Groth16-versus-PLONK claim,os_cache_primer,false,true,ok,"{""application_units"":256.0}",,,,,,
85df237c-f60f-40b7-a931-5d2d09d926ef,2026-08-09T02:46:20.312442+00:00,C2-CONTROLLED-SNARK,controlled-groth16-pilot-v1,controlled_kernel,ark-groth16-0.6.0-bn254,5477ab05b549b750fa32dc9a1bc61898f74ebf21,de947ec44a622d90f62e247e4cad4e4a81bb578c8249825f66cc44a0179ee3b2,6745180774454141809,0,12,default,{},256,256,2,16,witness,11.732771,,,,,,,,,,,,,phase,,,true,,,,,measured,within-stack pilot; no Groth16-versus-PLONK claim,os_cache_primer,false,true,ok,"{""application_units"":256.0,""constraint_count"":256.0}",,,,,,
85df237c-f60f-40b7-a931-5d2d09d926ef,2026-08-09T02:46:20.312463+00:00,C2-CONTROLLED-SNARK,controlled-groth16-pilot-v1,controlled_kernel,ark-groth16-0.6.0-bn254,5477ab05b549b750fa32dc9a1bc61898f74ebf21,de947ec44a622d90f62e247e4cad4e4a81bb578c8249825f66cc44a0179ee3b2,6745180774454141809,0,12,default,{},256,256,2,16,setup_or_preprocess,17.342304,,,,,,,,,,,,,phase,,,true,,,,,measured,within-stack pilot; no Groth16-versus-PLONK claim,os_cache_primer,false,true,ok,"{""constraint_count"":256.0}",,,,,,
85df237c-f60f-40b7-a931-5d2d09d926ef,2026-08-09T02:46:20.312478+00:00,C2-CONTROLLED-SNARK,controlled-groth16-pilot-v1,controlled_kernel,ark-groth16-0.6.0-bn254,5477ab05b549b750fa32dc9a1bc61898f74ebf21,de947ec44a622d90f62e247e4cad4e4a81bb578c8249825f66cc44a0179ee3b2,6745180774454141809,0,12,default,{},256,256,2,16,prove_total,13.255436,,,,,,,,,,,,,phase,,,true,,,,,measured,within-stack pilot; no Groth16-versus-PLONK claim,os_cache_primer,false,true,ok,"{""constraint_count"":256.0}",,,,,,
85df237c-f60f-40b7-a931-5d2d09d926ef,2026-08-09T02:46:20.312491+00:00,C2-CONTROLLED-SNARK,controlled-groth16-pilot-v1,controlled_kernel,ark-groth16-0.6.0-bn254,5477ab05b549b750fa32dc9a1bc61898f74ebf21,de947ec44a622d90f62e247e4cad4e4a81bb578c8249825f66cc44a0179ee3b2,6745180774454141809,0,12,default,{},256,256,2,16,serialize,0.001944,,,,,,,,,,,,,phase,,,true,,,,,measured,within-stack pilot; no Groth16-versus-PLONK claim,os_cache_primer,false,true,ok,"{""proof_bytes"":128.0}",,,,,,
85df237c-f60f-40b7-a931-5d2d09d926ef,2026-08-09T02:46:20.312504+00:00,C2-CONTROLLED-SNARK,controlled-groth16-pilot-v1,controlled_kernel,ark-groth16-0.6.0-bn254,5477ab05b549b750fa32dc9a1bc61898f74ebf21,de947ec44a622d90f62e247e4cad4e4a81bb578c8249825f66cc44a0179ee3b2,6745180774454141809,0,12,default,{},256,256,2,16,deserialize,0.162483,,,,,,,,,,,,,phase,,,true,,,,,measured,within-stack pilot; no Groth16-versus-PLONK claim,os_cache_primer,false,true,ok,"{""proof_bytes"":128.0}",,,,,,
85df237c-f60f-40b7-a931-5d2d09d926ef,2026-08-09T02:46:20.312517+00:00,C2-CONTROLLED-SNARK,controlled-groth16-pilot-v1,controlled_kernel,ark-groth16-0.6.0-bn254,5477ab05b549b750fa32dc9a1bc61898f74ebf21,de947ec44a622d90f62e247e4cad4e4a81bb578c8249825f66cc44a0179ee3b2,6745180774454141809,0,12,default,{},256,256,2,16,verify_core,1.025648,,,,,,,,,,,,,phase,,,true,,,,,measured,within-stack pilot; no Groth16-versus-PLONK claim,os_cache_primer,false,true,ok,{},,,,,,
85df237c-f60f-40b7-a931-5d2d09d926ef,2026-08-09T02:46:20.312529+00:00,C2-CONTROLLED-SNARK,controlled-groth16-pilot-v1,controlled_kernel,ark-groth16-0.6.0-bn254,5477ab05b549b750fa32dc9a1bc61898f74ebf21,de947ec44a622d90f62e247e4cad4e4a81bb578c8249825f66cc44a0179ee3b2,6745180774454141809,0,12,default,{},256,256,2,16,verify_total,1.188251,,,,,,,,,,,,,phase,,,true,,,,,measured,within-stack pilot; no Groth16-versus-PLONK claim,os_cache_primer,false,true,ok,{},,,,,,
85df237c-f60f-40b7-a931-5d2d09d926ef,2026-08-09T02:46:20.312541+00:00,C2-CONTROLLED-SNARK,controlled-groth16-pilot-v1,controlled_kernel,ark-groth16-0.6.0-bn254,5477ab05b549b750fa32dc9a1bc61898f74ebf21,de947ec44a622d90f62e247e4cad4e4a81bb578c8249825f66cc44a0179ee3b2,6745180774454141809,0,12,default,{},256,256,2,16,fft_ntt,,,,,,,,,,,,,,phase,,,true,,,ark-groth16 does not expose stable per-run phase hooks,,measured,within-stack pilot; no Groth16-versus-PLONK claim,os_cache_primer,false,false,unsupported,{},,,,,,
85df237c-f60f-40b7-a931-5d2d09d926ef,2026-08-09T02:46:20.312554+00:00,C2-CONTROLLED-SNARK,controlled-groth16-pilot-v1,controlled_kernel,ark-groth16-0.6.0-bn254,5477ab05b549b750fa32dc9a1bc61898f74ebf21,de947ec44a622d90f62e247e4cad4e4a81bb578c8249825f66cc44a0179ee3b2,6745180774454141809,0,12,default,{},256,256,2,16,msm,,,,,,,,,,,,,,phase,,,true,,,ark-groth16 does not expose stable per-run phase hooks,,measured,within-stack pilot; no Groth16-versus-PLONK claim,os_cache_primer,false,false,unsupported,{},,,,,,
85df237c-f60f-40b7-a931-5d2d09d926ef,2026-08-09T02:46:20.312566+00:00,C2-CONTROLLED-SNARK,controlled-groth16-pilot-v1,controlled_kernel,ark-groth16-0.6.0-bn254,5477ab05b549b750fa32dc9a1bc61898f74ebf21,de947ec44a622d90f62e247e4cad4e4a81bb578c8249825f66cc44a0179ee3b2,6745180774454141809,0,12,default,{},256,256,2,16,commitment,,,,,,,,,,,,,,phase,,,true,,,ark-groth16 does not expose stable per-run phase hooks,,measured,within-stack pilot; no Groth16-versus-PLONK claim,os_cache_primer,false,false,unsupported,{},,,,,,
85df237c-f60f-40b7-a931-5d2d09d926ef,2026-08-09T02:46:20.312577+00:00,C2-CONTROLLED-SNARK,controlled-groth16-pilot-v1,controlled_kernel,ark-groth16-0.6.0-bn254,5477ab05b549b750fa32dc9a1bc61898f74ebf21,de947ec44a622d90f62e247e4cad4e4a81bb578c8249825f66cc44a0179ee3b2,6745180774454141809,0,12,default,{},256,256,2,16,key_load,,,,,,,,,,,,,,phase,,,true,,,ark-groth16 does not expose stable per-run phase hooks,,measured,within-stack pilot; no Groth16-versus-PLONK claim,os_cache_primer,false,false,unsupported,{},,,,,,
85df237c-f60f-40b7-a931-5d2d09d926ef,2026-08-09T02:46:20.312589+00:00,C2-CONTROLLED-SNARK,controlled-groth16-pilot-v1,controlled_kernel,ark-groth16-0.6.0-bn254,5477ab05b549b750fa32dc9a1bc61898f74ebf21,de947ec44a622d90f62e247e4cad4e4a81bb578c8249825f66cc44a0179ee3b2,6745180774454141809,0,12,default,{},256,256,2,16,adapter_process_wall,95.352067,50.000000,5.648438,128,true,0,,535,956,,,,linux-procfs,process,,,true,,,"private commit and per-process swap I/O are unavailable; VmSwap reports allocation, not swap traffic; No documented hardware or OS energy counter is configured in WSL2",,measured,within-stack pilot; no Groth16-versus-PLONK claim,os_cache_primer,false,true,ok,{},256,2,256,r1cs_constraints,5.0,17
5b1e8bbb-f28e-4d4e-91fc-9a8475815453,2026-08-09T02:46:20.390935+00:00,C2-CONTROLLED-SNARK,controlled-groth16-pilot-v1,controlled_kernel,ark-groth16-0.6.0-bn254,5477ab05b549b750fa32dc9a1bc61898f74ebf21,de947ec44a622d90f62e247e4cad4e4a81bb578c8249825f66cc44a0179ee3b2,6691727421639416386,1,13,default,{},256,256,2,16,native_execution,0.017403,,,,,,,,,,,,,phase,,,true,,,,,measured,within-stack pilot; no Groth16-versus-PLONK claim,os_cache_primer,false,true,ok,"{""application_units"":256.0}",,,,,,
5b1e8bbb-f28e-4d4e-91fc-9a8475815453,2026-08-09T02:46:20.391045+00:00,C2-CONTROLLED-SNARK,controlled-groth16-pilot-v1,controlled_kernel,ark-groth16-0.6.0-bn254,5477ab05b549b750fa32dc9a1bc61898f74ebf21,de947ec44a622d90f62e247e4cad4e4a81bb578c8249825f66cc44a0179ee3b2,6691727421639416386,1,13,default,{},256,256,2,16,witness,7.035657,,,,,,,,,,,,,phase,,,true,,,,,measured,within-stack pilot; no Groth16-versus-PLONK claim,os_cache_primer,false,true,ok,"{""application_units"":256.0,""constraint_count"":256.0}",,,,,,
5b1e8bbb-f28e-4d4e-91fc-9a8475815453,2026-08-09T02:46:20.391066+00:00,C2-CONTROLLED-SNARK,controlled-groth16-pilot-v1,controlled_kernel,ark-groth16-0.6.0-bn254,5477ab05b549b750fa32dc9a1bc61898f74ebf21,de947ec44a622d90f62e247e4cad4e4a81bb578c8249825f66cc44a0179ee3b2,6691727421639416386,1,13,default,{},256,256,2,16,setup_or_preprocess,13.653878,,,,,,,,,,,,,phase,,,true,,,,,measured,within-stack pilot; no Groth16-versus-PLONK claim,os_cache_primer,false,true,ok,"{""constraint_count"":256.0}",,,,,,
5b1e8bbb-f28e-4d4e-91fc-9a8475815453,2026-08-09T02:46:20.391126+00:00,C2-CONTROLLED-SNARK,controlled-groth16-pilot-v1,controlled_kernel,ark-groth16-0.6.0-bn254,5477ab05b549b750fa32dc9a1bc61898f74ebf21,de947ec44a622d90f62e247e4cad4e4a81bb578c8249825f66cc44a0179ee3b2,6691727421639416386,1,13,default,{},256,256,2,16,prove_total,12.507031,,,,,,,,,,,,,phase,,,true,,,,,measured,within-stack pilot; no Groth16-versus-PLONK claim,os_cache_primer,false,true,ok,"{""constraint_count"":256.0}",,,,,,
5b1e8bbb-f28e-4d4e-91fc-9a8475815453,2026-08-09T02:46:20.391161+00:00,C2-CONTROLLED-SNARK,controlled-groth16-pilot-v1,controlled_kernel,ark-groth16-0.6.0-bn254,5477ab05b549b750fa32dc9a1bc61898f74ebf21,de947ec44a622d90f62e247e4cad4e4a81bb578c8249825f66cc44a0179ee3b2,6691727421639416386,1,13,default,{},256,256,2,16,serialize,0.002775,,,,,,,,,,,,,phase,,,true,,,,,measured,within-stack pilot; no Groth16-versus-PLONK claim,os_cache_primer,false,true,ok,"{""proof_bytes"":128.0}",,,,,,
5b1e8bbb-f28e-4d4e-91fc-9a8475815453,2026-08-09T02:46:20.391179+00:00,C2-CONTROLLED-SNARK,controlled-groth16-pilot-v1,controlled_kernel,ark-groth16-0.6.0-bn254,5477ab05b549b750fa32dc9a1bc61898f74ebf21,de947ec44a622d90f62e247e4cad4e4a81bb578c8249825f66cc44a0179ee3b2,6691727421639416386,1,13,default,{},256,256,2,16,deserialize,0.175677,,,,,,,,,,,,,phase,,,true,,,,,measured,within-stack pilot; no Groth16-versus-PLONK claim,os_cache_primer,false,true,ok,"{""proof_bytes"":128.0}",,,,,,
5b1e8bbb-f28e-4d4e-91fc-9a8475815453,2026-08-09T02:46:20.391194+00:00,C2-CONTROLLED-SNARK,controlled-groth16-pilot-v1,controlled_kernel,ark-groth16-0.6.0-bn254,5477ab05b549b750fa32dc9a1bc61898f74ebf21,de947ec44a622d90f62e247e4cad4e4a81bb578c8249825f66cc44a0179ee3b2,6691727421639416386,1,13,default,{},256,256,2,16,verify_core,0.995823,,,,,,,,,,,,,phase,,,true,,,,,measured,within-stack pilot; no Groth16-versus-PLONK claim,os_cache_primer,false,true,ok,{},,,,,,
5b1e8bbb-f28e-4d4e-91fc-9a8475815453,2026-08-09T02:46:20.391207+00:00,C2-CONTROLLED-SNARK,controlled-groth16-pilot-v1,controlled_kernel,ark-groth16-0.6.0-bn254,5477ab05b549b750fa32dc9a1bc61898f74ebf21,de947ec44a622d90f62e247e4cad4e4a81bb578c8249825f66cc44a0179ee3b2,6691727421639416386,1,13,default,{},256,256,2,16,verify_total,1.171600,,,,,,,,,,,,,phase,,,true,,,,,measured,within-stack pilot; no Groth16-versus-PLONK claim,os_cache_primer,false,true,ok,{},,,,,,
5b1e8bbb-f28e-4d4e-91fc-9a8475815453,2026-08-09T02:46:20.391221+00:00,C2-CONTROLLED-SNARK,controlled-groth16-pilot-v1,controlled_kernel,ark-groth16-0.6.0-bn254,5477ab05b549b750fa32dc9a1bc61898f74ebf21,de947ec44a622d90f62e247e4cad4e4a81bb578c8249825f66cc44a0179ee3b2,6691727421639416386,1,13,default,{},256,256,2,16,fft_ntt,,,,,,,,,,,,,,phase,,,true,,,ark-groth16 does not expose stable per-run phase hooks,,measured,within-stack pilot; no Groth16-versus-PLONK claim,os_cache_primer,false,false,unsupported,{},,,,,,
5b1e8bbb-f28e-4d4e-91fc-9a8475815453,2026-08-09T02:46:20.391233+00:00,C2-CONTROLLED-SNARK,controlled-groth16-pilot-v1,controlled_kernel,ark-groth16-0.6.0-bn254,5477ab05b549b750fa32dc9a1bc61898f74ebf21,de947ec44a622d90f62e247e4cad4e4a81bb578c8249825f66cc44a0179ee3b2,6691727421639416386,1,13,default,{},256,256,2,16,msm,,,,,,,,,,,,,,phase,,,true,,,ark-groth16 does not expose stable per-run phase hooks,,measured,within-stack pilot; no Groth16-versus-PLONK claim,os_cache_primer,false,false,unsupported,{},,,,,,
5b1e8bbb-f28e-4d4e-91fc-9a8475815453,2026-08-09T02:46:20.391246+00:00,C2-CONTROLLED-SNARK,controlled-groth16-pilot-v1,controlled_kernel,ark-groth16-0.6.0-bn254,5477ab05b549b750fa32dc9a1bc61898f74ebf21,de947ec44a622d90f62e247e4cad4e4a81bb578c8249825f66cc44a0179ee3b2,6691727421639416386,1,13,default,{},256,256,2,16,commitment,,,,,,,,,,,,,,phase,,,true,,,ark-groth16 does not expose stable per-run phase hooks,,measured,within-stack pilot; no Groth16-versus-PLONK claim,os_cache_primer,false,false,unsupported,{},,,,,,
5b1e8bbb-f28e-4d4e-91fc-9a8475815453,2026-08-09T02:46:20.391259+00:00,C2-CONTROLLED-SNARK,controlled-groth16-pilot-v1,controlled_kernel,ark-groth16-0.6.0-bn254,5477ab05b549b750fa32dc9a1bc61898f74ebf21,de947ec44a622d90f62e247e4cad4e4a81bb578c8249825f66cc44a0179ee3b2,6691727421639416386,1,13,default,{},256,256,2,16,key_load,,,,,,,,,,,,,,phase,,,true,,,ark-groth16 does not expose stable per-run phase hooks,,measured,within-stack pilot; no Groth16-versus-PLONK claim,os_cache_primer,false,false,unsupported,{},,,,,,
5b1e8bbb-f28e-4d4e-91fc-9a8475815453,2026-08-09T02:46:20.391272+00:00,C2-CONTROLLED-SNARK,controlled-groth16-pilot-v1,controlled_kernel,ark-groth16-0.6.0-bn254,5477ab05b549b750fa32dc9a1bc61898f74ebf21,de947ec44a622d90f62e247e4cad4e4a81bb578c8249825f66cc44a0179ee3b2,6691727421639416386,1,13,default,{},256,256,2,16,adapter_process_wall,77.377850,50.000000,5.683594,128,true,0,,484,956,,,,linux-procfs,process,,,true,,,"private commit and per-process swap I/O are unavailable; VmSwap reports allocation, not swap traffic; No documented hardware or OS energy counter is configured in WSL2",,measured,within-stack pilot; no Groth16-versus-PLONK claim,os_cache_primer,false,true,ok,{},256,2,256,r1cs_constraints,5.0,14
cb890e69-bb59-4a81-bfc7-7712387b2ce2,2026-08-09T02:46:20.493512+00:00,C2-CONTROLLED-SNARK,controlled-groth16-pilot-v1,controlled_kernel,ark-groth16-0.6.0-bn254,5477ab05b549b750fa32dc9a1bc61898f74ebf21,de947ec44a622d90f62e247e4cad4e4a81bb578c8249825f66cc44a0179ee3b2,8637023560679999749,0,14,default,{},256,256,4,16,native_execution,0.707978,,,,,,,,,,,,,phase,,,true,,,,,measured,within-stack pilot; no Groth16-versus-PLONK claim,os_cache_primer,false,true,ok,"{""application_units"":256.0}",,,,,,
cb890e69-bb59-4a81-bfc7-7712387b2ce2,2026-08-09T02:46:20.493603+00:00,C2-CONTROLLED-SNARK,controlled-groth16-pilot-v1,controlled_kernel,ark-groth16-0.6.0-bn254,5477ab05b549b750fa32dc9a1bc61898f74ebf21,de947ec44a622d90f62e247e4cad4e4a81bb578c8249825f66cc44a0179ee3b2,8637023560679999749,0,14,default,{},256,256,4,16,witness,21.917931,,,,,,,,,,,,,phase,,,true,,,,,measured,within-stack pilot; no Groth16-versus-PLONK claim,os_cache_primer,false,true,ok,"{""application_units"":256.0,""constraint_count"":256.0}",,,,,,
cb890e69-bb59-4a81-bfc7-7712387b2ce2,2026-08-09T02:46:20.493625+00:00,C2-CONTROLLED-SNARK,controlled-groth16-pilot-v1,controlled_kernel,ark-groth16-0.6.0-bn254,5477ab05b549b750fa32dc9a1bc61898f74ebf21,de947ec44a622d90f62e247e4cad4e4a81bb578c8249825f66cc44a0179ee3b2,8637023560679999749,0,14,default,{},256,256,4,16,setup_or_preprocess,14.876383,,,,,,,,,,,,,phase,,,true,,,,,measured,within-stack pilot; no Groth16-versus-PLONK claim,os_cache_primer,false,true,ok,"{""constraint_count"":256.0}",,,,,,
cb890e69-bb59-4a81-bfc7-7712387b2ce2,2026-08-09T02:46:20.493640+00:00,C2-CONTROLLED-SNARK,controlled-groth16-pilot-v1,controlled_kernel,ark-groth16-0.6.0-bn254,5477ab05b549b750fa32dc9a1bc61898f74ebf21,de947ec44a622d90f62e247e4cad4e4a81bb578c8249825f66cc44a0179ee3b2,8637023560679999749,0,14,default,{},256,256,4,16,prove_total,16.532945,,,,,,,,,,,,,phase,,,true,,,,,measured,within-stack pilot; no Groth16-versus-PLONK claim,os_cache_primer,false,true,ok,"{""constraint_count"":256.0}",,,,,,
cb890e69-bb59-4a81-bfc7-7712387b2ce2,2026-08-09T02:46:20.493654+00:00,C2-CONTROLLED-SNARK,controlled-groth16-pilot-v1,controlled_kernel,ark-groth16-0.6.0-bn254,5477ab05b549b750fa32dc9a1bc61898f74ebf21,de947ec44a622d90f62e247e4cad4e4a81bb578c8249825f66cc44a0179ee3b2,8637023560679999749,0,14,default,{},256,256,4,16,serialize,0.011020,,,,,,,,,,,,,phase,,,true,,,,,measured,within-stack pilot; no Groth16-versus-PLONK claim,os_cache_primer,false,true,ok,"{""proof_bytes"":128.0}",,,,,,
cb890e69-bb59-4a81-bfc7-7712387b2ce2,2026-08-09T02:46:20.493667+00:00,C2-CONTROLLED-SNARK,controlled-groth16-pilot-v1,controlled_kernel,ark-groth16-0.6.0-bn254,5477ab05b549b750fa32dc9a1bc61898f74ebf21,de947ec44a622d90f62e247e4cad4e4a81bb578c8249825f66cc44a0179ee3b2,8637023560679999749,0,14,default,{},256,256,4,16,deserialize,0.244706,,,,,,,,,,,,,phase,,,true,,,,,measured,within-stack pilot; no Groth16-versus-PLONK claim,os_cache_primer,false,true,ok,"{""proof_bytes"":128.0}",,,,,,
cb890e69-bb59-4a81-bfc7-7712387b2ce2,2026-08-09T02:46:20.493681+00:00,C2-CONTROLLED-SNARK,controlled-groth16-pilot-v1,controlled_kernel,ark-groth16-0.6.0-bn254,5477ab05b549b750fa32dc9a1bc61898f74ebf21,de947ec44a622d90f62e247e4cad4e4a81bb578c8249825f66cc44a0179ee3b2,8637023560679999749,0,14,default,{},256,256,4,16,verify_core,1.095278,,,,,,,,,,,,,phase,,,true,,,,,measured,within-stack pilot; no Groth16-versus-PLONK claim,os_cache_primer,false,true,ok,{},,,,,,
cb890e69-bb59-4a81-bfc7-7712387b2ce2,2026-08-09T02:46:20.493726+00:00,C2-CONTROLLED-SNARK,controlled-groth16-pilot-v1,controlled_kernel,ark-groth16-0.6.0-bn254,5477ab05b549b750fa32dc9a1bc61898f74ebf21,de947ec44a622d90f62e247e4cad4e4a81bb578c8249825f66cc44a0179ee3b2,8637023560679999749,0,14,default,{},256,256,4,16,verify_total,1.340144,,,,,,,,,,,,,phase,,,true,,,,,measured,within-stack pilot; no Groth16-versus-PLONK claim,os_cache_primer,false,true,ok,{},,,,,,
cb890e69-bb59-4a81-bfc7-7712387b2ce2,2026-08-09T02:46:20.493759+00:00,C2-CONTROLLED-SNARK,controlled-groth16-pilot-v1,controlled_kernel,ark-groth16-0.6.0-bn254,5477ab05b549b750fa32dc9a1bc61898f74ebf21,de947ec44a622d90f62e247e4cad4e4a81bb578c8249825f66cc44a0179ee3b2,8637023560679999749,0,14,default,{},256,256,4,16,fft_ntt,,,,,,,,,,,,,,phase,,,true,,,ark-groth16 does not expose stable per-run phase hooks,,measured,within-stack pilot; no Groth16-versus-PLONK claim,os_cache_primer,false,false,unsupported,{},,,,,,
cb890e69-bb59-4a81-bfc7-7712387b2ce2,2026-08-09T02:46:20.493798+00:00,C2-CONTROLLED-SNARK,controlled-groth16-pilot-v1,controlled_kernel,ark-groth16-0.6.0-bn254,5477ab05b549b750fa32dc9a1bc61898f74ebf21,de947ec44a622d90f62e247e4cad4e4a81bb578c8249825f66cc44a0179ee3b2,8637023560679999749,0,14,default,{},256,256,4,16,msm,,,,,,,,,,,,,,phase,,,true,,,ark-groth16 does not expose stable per-run phase hooks,,measured,within-stack pilot; no Groth16-versus-PLONK claim,os_cache_primer,false,false,unsupported,{},,,,,,
cb890e69-bb59-4a81-bfc7-7712387b2ce2,2026-08-09T02:46:20.493819+00:00,C2-CONTROLLED-SNARK,controlled-groth16-pilot-v1,controlled_kernel,ark-groth16-0.6.0-bn254,5477ab05b549b750fa32dc9a1bc61898f74ebf21,de947ec44a622d90f62e247e4cad4e4a81bb578c8249825f66cc44a0179ee3b2,8637023560679999749,0,14,default,{},256,256,4,16,commitment,,,,,,,,,,,,,,phase,,,true,,,ark-groth16 does not expose stable per-run phase hooks,,measured,within-stack pilot; no Groth16-versus-PLONK claim,os_cache_primer,false,false,unsupported,{},,,,,,
cb890e69-bb59-4a81-bfc7-7712387b2ce2,2026-08-09T02:46:20.493835+00:00,C2-CONTROLLED-SNARK,controlled-groth16-pilot-v1,controlled_kernel,ark-groth16-0.6.0-bn254,5477ab05b549b750fa32dc9a1bc61898f74ebf21,de947ec44a622d90f62e247e4cad4e4a81bb578c8249825f66cc44a0179ee3b2,8637023560679999749,0,14,default,{},256,256,4,16,key_load,,,,,,,,,,,,,,phase,,,true,,,ark-groth16 does not expose stable per-run phase hooks,,measured,within-stack pilot; no Groth16-versus-PLONK claim,os_cache_primer,false,false,unsupported,{},,,,,,
cb890e69-bb59-4a81-bfc7-7712387b2ce2,2026-08-09T02:46:20.493849+00:00,C2-CONTROLLED-SNARK,controlled-groth16-pilot-v1,controlled_kernel,ark-groth16-0.6.0-bn254,5477ab05b549b750fa32dc9a1bc61898f74ebf21,de947ec44a622d90f62e247e4cad4e4a81bb578c8249825f66cc44a0179ee3b2,8637023560679999749,0,14,default,{},256,256,4,16,adapter_process_wall,101.232370,110.000000,6.085938,128,true,0,,647,956,,,,linux-procfs,process,,,true,,,"private commit and per-process swap I/O are unavailable; VmSwap reports allocation, not swap traffic; No documented hardware or OS energy counter is configured in WSL2",,measured,within-stack pilot; no Groth16-versus-PLONK claim,os_cache_primer,false,true,ok,{},256,2,256,r1cs_constraints,5.0,19
9dd81fce-3f17-4539-a3ac-3794fea81320,2026-08-09T02:46:20.582739+00:00,C2-CONTROLLED-SNARK,controlled-groth16-pilot-v1,controlled_kernel,ark-groth16-0.6.0-bn254,5477ab05b549b750fa32dc9a1bc61898f74ebf21,de947ec44a622d90f62e247e4cad4e4a81bb578c8249825f66cc44a0179ee3b2,6197630609577650731,1,15,default,{},256,256,4,16,native_execution,0.016852,,,,,,,,,,,,,phase,,,true,,,,,measured,within-stack pilot; no Groth16-versus-PLONK claim,os_cache_primer,false,true,ok,"{""application_units"":256.0}",,,,,,
9dd81fce-3f17-4539-a3ac-3794fea81320,2026-08-09T02:46:20.582856+00:00,C2-CONTROLLED-SNARK,controlled-groth16-pilot-v1,controlled_kernel,ark-groth16-0.6.0-bn254,5477ab05b549b750fa32dc9a1bc61898f74ebf21,de947ec44a622d90f62e247e4cad4e4a81bb578c8249825f66cc44a0179ee3b2,6197630609577650731,1,15,default,{},256,256,4,16,witness,19.080086,,,,,,,,,,,,,phase,,,true,,,,,measured,within-stack pilot; no Groth16-versus-PLONK claim,os_cache_primer,false,true,ok,"{""application_units"":256.0,""constraint_count"":256.0}",,,,,,
9dd81fce-3f17-4539-a3ac-3794fea81320,2026-08-09T02:46:20.582884+00:00,C2-CONTROLLED-SNARK,controlled-groth16-pilot-v1,controlled_kernel,ark-groth16-0.6.0-bn254,5477ab05b549b750fa32dc9a1bc61898f74ebf21,de947ec44a622d90f62e247e4cad4e4a81bb578c8249825f66cc44a0179ee3b2,6197630609577650731,1,15,default,{},256,256,4,16,setup_or_preprocess,11.814159,,,,,,,,,,,,,phase,,,true,,,,,measured,within-stack pilot; no Groth16-versus-PLONK claim,os_cache_primer,false,true,ok,"{""constraint_count"":256.0}",,,,,,
9dd81fce-3f17-4539-a3ac-3794fea81320,2026-08-09T02:46:20.582902+00:00,C2-CONTROLLED-SNARK,controlled-groth16-pilot-v1,controlled_kernel,ark-groth16-0.6.0-bn254,5477ab05b549b750fa32dc9a1bc61898f74ebf21,de947ec44a622d90f62e247e4cad4e4a81bb578c8249825f66cc44a0179ee3b2,6197630609577650731,1,15,default,{},256,256,4,16,prove_total,18.241199,,,,,,,,,,,,,phase,,,true,,,,,measured,within-stack pilot; no Groth16-versus-PLONK claim,os_cache_primer,false,true,ok,"{""constraint_count"":256.0}",,,,,,
9dd81fce-3f17-4539-a3ac-3794fea81320,2026-08-09T02:46:20.582919+00:00,C2-CONTROLLED-SNARK,controlled-groth16-pilot-v1,controlled_kernel,ark-groth16-0.6.0-bn254,5477ab05b549b750fa32dc9a1bc61898f74ebf21,de947ec44a622d90f62e247e4cad4e4a81bb578c8249825f66cc44a0179ee3b2,6197630609577650731,1,15,default,{},256,256,4,16,serialize,0.002004,,,,,,,,,,,,,phase,,,true,,,,,measured,within-stack pilot; no Groth16-versus-PLONK claim,os_cache_primer,false,true,ok,"{""proof_bytes"":128.0}",,,,,,
9dd81fce-3f17-4539-a3ac-3794fea81320,2026-08-09T02:46:20.582937+00:00,C2-CONTROLLED-SNARK,controlled-groth16-pilot-v1,controlled_kernel,ark-groth16-0.6.0-bn254,5477ab05b549b750fa32dc9a1bc61898f74ebf21,de947ec44a622d90f62e247e4cad4e4a81bb578c8249825f66cc44a0179ee3b2,6197630609577650731,1,15,default,{},256,256,4,16,deserialize,0.174345,,,,,,,,,,,,,phase,,,true,,,,,measured,within-stack pilot; no Groth16-versus-PLONK claim,os_cache_primer,false,true,ok,"{""proof_bytes"":128.0}",,,,,,
9dd81fce-3f17-4539-a3ac-3794fea81320,2026-08-09T02:46:20.582953+00:00,C2-CONTROLLED-SNARK,controlled-groth16-pilot-v1,controlled_kernel,ark-groth16-0.6.0-bn254,5477ab05b549b750fa32dc9a1bc61898f74ebf21,de947ec44a622d90f62e247e4cad4e4a81bb578c8249825f66cc44a0179ee3b2,6197630609577650731,1,15,default,{},256,256,4,16,verify_core,1.094086,,,,,,,,,,,,,phase,,,true,,,,,measured,within-stack pilot; no Groth16-versus-PLONK claim,os_cache_primer,false,true,ok,{},,,,,,
9dd81fce-3f17-4539-a3ac-3794fea81320,2026-08-09T02:46:20.582969+00:00,C2-CONTROLLED-SNARK,controlled-groth16-pilot-v1,controlled_kernel,ark-groth16-0.6.0-bn254,5477ab05b549b750fa32dc9a1bc61898f74ebf21,de947ec44a622d90f62e247e4cad4e4a81bb578c8249825f66cc44a0179ee3b2,6197630609577650731,1,15,default,{},256,256,4,16,verify_total,1.268581,,,,,,,,,,,,,phase,,,true,,,,,measured,within-stack pilot; no Groth16-versus-PLONK claim,os_cache_primer,false,true,ok,{},,,,,,
9dd81fce-3f17-4539-a3ac-3794fea81320,2026-08-09T02:46:20.582985+00:00,C2-CONTROLLED-SNARK,controlled-groth16-pilot-v1,controlled_kernel,ark-groth16-0.6.0-bn254,5477ab05b549b750fa32dc9a1bc61898f74ebf21,de947ec44a622d90f62e247e4cad4e4a81bb578c8249825f66cc44a0179ee3b2,6197630609577650731,1,15,default,{},256,256,4,16,fft_ntt,,,,,,,,,,,,,,phase,,,true,,,ark-groth16 does not expose stable per-run phase hooks,,measured,within-stack pilot; no Groth16-versus-PLONK claim,os_cache_primer,false,false,unsupported,{},,,,,,
9dd81fce-3f17-4539-a3ac-3794fea81320,2026-08-09T02:46:20.583002+00:00,C2-CONTROLLED-SNARK,controlled-groth16-pilot-v1,controlled_kernel,ark-groth16-0.6.0-bn254,5477ab05b549b750fa32dc9a1bc61898f74ebf21,de947ec44a622d90f62e247e4cad4e4a81bb578c8249825f66cc44a0179ee3b2,6197630609577650731,1,15,default,{},256,256,4,16,msm,,,,,,,,,,,,,,phase,,,true,,,ark-groth16 does not expose stable per-run phase hooks,,measured,within-stack pilot; no Groth16-versus-PLONK claim,os_cache_primer,false,false,unsupported,{},,,,,,
9dd81fce-3f17-4539-a3ac-3794fea81320,2026-08-09T02:46:20.583018+00:00,C2-CONTROLLED-SNARK,controlled-groth16-pilot-v1,controlled_kernel,ark-groth16-0.6.0-bn254,5477ab05b549b750fa32dc9a1bc61898f74ebf21,de947ec44a622d90f62e247e4cad4e4a81bb578c8249825f66cc44a0179ee3b2,6197630609577650731,1,15,default,{},256,256,4,16,commitment,,,,,,,,,,,,,,phase,,,true,,,ark-groth16 does not expose stable per-run phase hooks,,measured,within-stack pilot; no Groth16-versus-PLONK claim,os_cache_primer,false,false,unsupported,{},,,,,,
9dd81fce-3f17-4539-a3ac-3794fea81320,2026-08-09T02:46:20.583033+00:00,C2-CONTROLLED-SNARK,controlled-groth16-pilot-v1,controlled_kernel,ark-groth16-0.6.0-bn254,5477ab05b549b750fa32dc9a1bc61898f74ebf21,de947ec44a622d90f62e247e4cad4e4a81bb578c8249825f66cc44a0179ee3b2,6197630609577650731,1,15,default,{},256,256,4,16,key_load,,,,,,,,,,,,,,phase,,,true,,,ark-groth16 does not expose stable per-run phase hooks,,measured,within-stack pilot; no Groth16-versus-PLONK claim,os_cache_primer,false,false,unsupported,{},,,,,,
9dd81fce-3f17-4539-a3ac-3794fea81320,2026-08-09T02:46:20.583049+00:00,C2-CONTROLLED-SNARK,controlled-groth16-pilot-v1,controlled_kernel,ark-groth16-0.6.0-bn254,5477ab05b549b750fa32dc9a1bc61898f74ebf21,de947ec44a622d90f62e247e4cad4e4a81bb578c8249825f66cc44a0179ee3b2,6197630609577650731,1,15,default,{},256,256,4,16,adapter_process_wall,87.749941,100.000000,5.894531,128,true,0,,548,956,,,,linux-procfs,process,,,true,,,"private commit and per-process swap I/O are unavailable; VmSwap reports allocation, not swap traffic; No documented hardware or OS energy counter is configured in WSL2",,measured,within-stack pilot; no Groth16-versus-PLONK claim,os_cache_primer,false,true,ok,{},256,2,256,r1cs_constraints,5.0,16
9afca64e-858f-4b51-bf63-2e383f71524f,2026-08-09T02:46:20.710421+00:00,C2-CONTROLLED-SNARK,controlled-groth16-pilot-v1,controlled_kernel,ark-groth16-0.6.0-bn254,5477ab05b549b750fa32dc9a1bc61898f74ebf21,de947ec44a622d90f62e247e4cad4e4a81bb578c8249825f66cc44a0179ee3b2,8190360663949971613,0,16,default,{},256,256,8,16,native_execution,0.012533,,,,,,,,,,,,,phase,,,true,,,,,measured,within-stack pilot; no Groth16-versus-PLONK claim,os_cache_primer,false,true,ok,"{""application_units"":256.0}",,,,,,
9afca64e-858f-4b51-bf63-2e383f71524f,2026-08-09T02:46:20.710538+00:00,C2-CONTROLLED-SNARK,controlled-groth16-pilot-v1,controlled_kernel,ark-groth16-0.6.0-bn254,5477ab05b549b750fa32dc9a1bc61898f74ebf21,de947ec44a622d90f62e247e4cad4e4a81bb578c8249825f66cc44a0179ee3b2,8190360663949971613,0,16,default,{},256,256,8,16,witness,42.722538,,,,,,,,,,,,,phase,,,true,,,,,measured,within-stack pilot; no Groth16-versus-PLONK claim,os_cache_primer,false,true,ok,"{""application_units"":256.0,""constraint_count"":256.0}",,,,,,
9afca64e-858f-4b51-bf63-2e383f71524f,2026-08-09T02:46:20.710560+00:00,C2-CONTROLLED-SNARK,controlled-groth16-pilot-v1,controlled_kernel,ark-groth16-0.6.0-bn254,5477ab05b549b750fa32dc9a1bc61898f74ebf21,de947ec44a622d90f62e247e4cad4e4a81bb578c8249825f66cc44a0179ee3b2,8190360663949971613,0,16,default,{},256,256,8,16,setup_or_preprocess,18.534623,,,,,,,,,,,,,phase,,,true,,,,,measured,within-stack pilot; no Groth16-versus-PLONK claim,os_cache_primer,false,true,ok,"{""constraint_count"":256.0}",,,,,,
9afca64e-858f-4b51-bf63-2e383f71524f,2026-08-09T02:46:20.710575+00:00,C2-CONTROLLED-SNARK,controlled-groth16-pilot-v1,controlled_kernel,ark-groth16-0.6.0-bn254,5477ab05b549b750fa32dc9a1bc61898f74ebf21,de947ec44a622d90f62e247e4cad4e4a81bb578c8249825f66cc44a0179ee3b2,8190360663949971613,0,16,default,{},256,256,8,16,prove_total,24.845244,,,,,,,,,,,,,phase,,,true,,,,,measured,within-stack pilot; no Groth16-versus-PLONK claim,os_cache_primer,false,true,ok,"{""constraint_count"":256.0}",,,,,,
9afca64e-858f-4b51-bf63-2e383f71524f,2026-08-09T02:46:20.710589+00:00,C2-CONTROLLED-SNARK,controlled-groth16-pilot-v1,controlled_kernel,ark-groth16-0.6.0-bn254,5477ab05b549b750fa32dc9a1bc61898f74ebf21,de947ec44a622d90f62e247e4cad4e4a81bb578c8249825f66cc44a0179ee3b2,8190360663949971613,0,16,default,{},256,256,8,16,serialize,0.002314,,,,,,,,,,,,,phase,,,true,,,,,measured,within-stack pilot; no Groth16-versus-PLONK claim,os_cache_primer,false,true,ok,"{""proof_bytes"":128.0}",,,,,,
9afca64e-858f-4b51-bf63-2e383f71524f,2026-08-09T02:46:20.710603+00:00,C2-CONTROLLED-SNARK,controlled-groth16-pilot-v1,controlled_kernel,ark-groth16-0.6.0-bn254,5477ab05b549b750fa32dc9a1bc61898f74ebf21,de947ec44a622d90f62e247e4cad4e4a81bb578c8249825f66cc44a0179ee3b2,8190360663949971613,0,16,default,{},256,256,8,16,deserialize,0.165208,,,,,,,,,,,,,phase,,,true,,,,,measured,within-stack pilot; no Groth16-versus-PLONK claim,os_cache_primer,false,true,ok,"{""proof_bytes"":128.0}",,,,,,
9afca64e-858f-4b51-bf63-2e383f71524f,2026-08-09T02:46:20.710617+00:00,C2-CONTROLLED-SNARK,controlled-groth16-pilot-v1,controlled_kernel,ark-groth16-0.6.0-bn254,5477ab05b549b750fa32dc9a1bc61898f74ebf21,de947ec44a622d90f62e247e4cad4e4a81bb578c8249825f66cc44a0179ee3b2,8190360663949971613,0,16,default,{},256,256,8,16,verify_core,0.988229,,,,,,,,,,,,,phase,,,true,,,,,measured,within-stack pilot; no Groth16-versus-PLONK claim,os_cache_primer,false,true,ok,{},,,,,,
9afca64e-858f-4b51-bf63-2e383f71524f,2026-08-09T02:46:20.710630+00:00,C2-CONTROLLED-SNARK,controlled-groth16-pilot-v1,controlled_kernel,ark-groth16-0.6.0-bn254,5477ab05b549b750fa32dc9a1bc61898f74ebf21,de947ec44a622d90f62e247e4cad4e4a81bb578c8249825f66cc44a0179ee3b2,8190360663949971613,0,16,default,{},256,256,8,16,verify_total,1.153517,,,,,,,,,,,,,phase,,,true,,,,,measured,within-stack pilot; no Groth16-versus-PLONK claim,os_cache_primer,false,true,ok,{},,,,,,
9afca64e-858f-4b51-bf63-2e383f71524f,2026-08-09T02:46:20.710643+00:00,C2-CONTROLLED-SNARK,controlled-groth16-pilot-v1,controlled_kernel,ark-groth16-0.6.0-bn254,5477ab05b549b750fa32dc9a1bc61898f74ebf21,de947ec44a622d90f62e247e4cad4e4a81bb578c8249825f66cc44a0179ee3b2,8190360663949971613,0,16,default,{},256,256,8,16,fft_ntt,,,,,,,,,,,,,,phase,,,true,,,ark-groth16 does not expose stable per-run phase hooks,,measured,within-stack pilot; no Groth16-versus-PLONK claim,os_cache_primer,false,false,unsupported,{},,,,,,
9afca64e-858f-4b51-bf63-2e383f71524f,2026-08-09T02:46:20.710656+00:00,C2-CONTROLLED-SNARK,controlled-groth16-pilot-v1,controlled_kernel,ark-groth16-0.6.0-bn254,5477ab05b549b750fa32dc9a1bc61898f74ebf21,de947ec44a622d90f62e247e4cad4e4a81bb578c8249825f66cc44a0179ee3b2,8190360663949971613,0,16,default,{},256,256,8,16,msm,,,,,,,,,,,,,,phase,,,true,,,ark-groth16 does not expose stable per-run phase hooks,,measured,within-stack pilot; no Groth16-versus-PLONK claim,os_cache_primer,false,false,unsupported,{},,,,,,
9afca64e-858f-4b51-bf63-2e383f71524f,2026-08-09T02:46:20.710669+00:00,C2-CONTROLLED-SNARK,controlled-groth16-pilot-v1,controlled_kernel,ark-groth16-0.6.0-bn254,5477ab05b549b750fa32dc9a1bc61898f74ebf21,de947ec44a622d90f62e247e4cad4e4a81bb578c8249825f66cc44a0179ee3b2,8190360663949971613,0,16,default,{},256,256,8,16,commitment,,,,,,,,,,,,,,phase,,,true,,,ark-groth16 does not expose stable per-run phase hooks,,measured,within-stack pilot; no Groth16-versus-PLONK claim,os_cache_primer,false,false,unsupported,{},,,,,,
9afca64e-858f-4b51-bf63-2e383f71524f,2026-08-09T02:46:20.710681+00:00,C2-CONTROLLED-SNARK,controlled-groth16-pilot-v1,controlled_kernel,ark-groth16-0.6.0-bn254,5477ab05b549b750fa32dc9a1bc61898f74ebf21,de947ec44a622d90f62e247e4cad4e4a81bb578c8249825f66cc44a0179ee3b2,8190360663949971613,0,16,default,{},256,256,8,16,key_load,,,,,,,,,,,,,,phase,,,true,,,ark-groth16 does not expose stable per-run phase hooks,,measured,within-stack pilot; no Groth16-versus-PLONK claim,os_cache_primer,false,false,unsupported,{},,,,,,
9afca64e-858f-4b51-bf63-2e383f71524f,2026-08-09T02:46:20.710693+00:00,C2-CONTROLLED-SNARK,controlled-groth16-pilot-v1,controlled_kernel,ark-groth16-0.6.0-bn254,5477ab05b549b750fa32dc9a1bc61898f74ebf21,de947ec44a622d90f62e247e4cad4e4a81bb578c8249825f66cc44a0179ee3b2,8190360663949971613,0,16,default,{},256,256,8,16,adapter_process_wall,126.266365,260.000000,6.421875,128,true,0,,688,956,,,,linux-procfs,process,,,true,,,"private commit and per-process swap I/O are unavailable; VmSwap reports allocation, not swap traffic; No documented hardware or OS energy counter is configured in WSL2",,measured,within-stack pilot; no Groth16-versus-PLONK claim,os_cache_primer,false,true,ok,{},256,2,256,r1cs_constraints,5.0,23
9d94b7fb-9c52-4dee-9b74-fe2098d45cdf,2026-08-09T02:46:20.863293+00:00,C2-CONTROLLED-SNARK,controlled-groth16-pilot-v1,controlled_kernel,ark-groth16-0.6.0-bn254,5477ab05b549b750fa32dc9a1bc61898f74ebf21,de947ec44a622d90f62e247e4cad4e4a81bb578c8249825f66cc44a0179ee3b2,8773040927866741794,1,17,default,{},256,256,8,16,native_execution,0.657468,,,,,,,,,,,,,phase,,,true,,,,,measured,within-stack pilot; no Groth16-versus-PLONK claim,os_cache_primer,false,true,ok,"{""application_units"":256.0}",,,,,,
9d94b7fb-9c52-4dee-9b74-fe2098d45cdf,2026-08-09T02:46:20.863423+00:00,C2-CONTROLLED-SNARK,controlled-groth16-pilot-v1,controlled_kernel,ark-groth16-0.6.0-bn254,5477ab05b549b750fa32dc9a1bc61898f74ebf21,de947ec44a622d90f62e247e4cad4e4a81bb578c8249825f66cc44a0179ee3b2,8773040927866741794,1,17,default,{},256,256,8,16,witness,47.446211,,,,,,,,,,,,,phase,,,true,,,,,measured,within-stack pilot; no Groth16-versus-PLONK claim,os_cache_primer,false,true,ok,"{""application_units"":256.0,""constraint_count"":256.0}",,,,,,
9d94b7fb-9c52-4dee-9b74-fe2098d45cdf,2026-08-09T02:46:20.863449+00:00,C2-CONTROLLED-SNARK,controlled-groth16-pilot-v1,controlled_kernel,ark-groth16-0.6.0-bn254,5477ab05b549b750fa32dc9a1bc61898f74ebf21,de947ec44a622d90f62e247e4cad4e4a81bb578c8249825f66cc44a0179ee3b2,8773040927866741794,1,17,default,{},256,256,8,16,setup_or_preprocess,24.049583,,,,,,,,,,,,,phase,,,true,,,,,measured,within-stack pilot; no Groth16-versus-PLONK claim,os_cache_primer,false,true,ok,"{""constraint_count"":256.0}",,,,,,
9d94b7fb-9c52-4dee-9b74-fe2098d45cdf,2026-08-09T02:46:20.863468+00:00,C2-CONTROLLED-SNARK,controlled-groth16-pilot-v1,controlled_kernel,ark-groth16-0.6.0-bn254,5477ab05b549b750fa32dc9a1bc61898f74ebf21,de947ec44a622d90f62e247e4cad4e4a81bb578c8249825f66cc44a0179ee3b2,8773040927866741794,1,17,default,{},256,256,8,16,prove_total,26.780505,,,,,,,,,,,,,phase,,,true,,,,,measured,within-stack pilot; no Groth16-versus-PLONK claim,os_cache_primer,false,true,ok,"{""constraint_count"":256.0}",,,,,,
9d94b7fb-9c52-4dee-9b74-fe2098d45cdf,2026-08-09T02:46:20.863487+00:00,C2-CONTROLLED-SNARK,controlled-groth16-pilot-v1,controlled_kernel,ark-groth16-0.6.0-bn254,5477ab05b549b750fa32dc9a1bc61898f74ebf21,de947ec44a622d90f62e247e4cad4e4a81bb578c8249825f66cc44a0179ee3b2,8773040927866741794,1,17,default,{},256,256,8,16,serialize,0.003587,,,,,,,,,,,,,phase,,,true,,,,,measured,within-stack pilot; no Groth16-versus-PLONK claim,os_cache_primer,false,true,ok,"{""proof_bytes"":128.0}",,,,,,
9d94b7fb-9c52-4dee-9b74-fe2098d45cdf,2026-08-09T02:46:20.863505+00:00,C2-CONTROLLED-SNARK,controlled-groth16-pilot-v1,controlled_kernel,ark-groth16-0.6.0-bn254,5477ab05b549b750fa32dc9a1bc61898f74ebf21,de947ec44a622d90f62e247e4cad4e4a81bb578c8249825f66cc44a0179ee3b2,8773040927866741794,1,17,default,{},256,256,8,16,deserialize,0.180997,,,,,,,,,,,,,phase,,,true,,,,,measured,within-stack pilot; no Groth16-versus-PLONK claim,os_cache_primer,false,true,ok,"{""proof_bytes"":128.0}",,,,,,
9d94b7fb-9c52-4dee-9b74-fe2098d45cdf,2026-08-09T02:46:20.863522+00:00,C2-CONTROLLED-SNARK,controlled-groth16-pilot-v1,controlled_kernel,ark-groth16-0.6.0-bn254,5477ab05b549b750fa32dc9a1bc61898f74ebf21,de947ec44a622d90f62e247e4cad4e4a81bb578c8249825f66cc44a0179ee3b2,8773040927866741794,1,17,default,{},256,256,8,16,verify_core,1.128941,,,,,,,,,,,,,phase,,,true,,,,,measured,within-stack pilot; no Groth16-versus-PLONK claim,os_cache_primer,false,true,ok,{},,,,,,
9d94b7fb-9c52-4dee-9b74-fe2098d45cdf,2026-08-09T02:46:20.863540+00:00,C2-CONTROLLED-SNARK,controlled-groth16-pilot-v1,controlled_kernel,ark-groth16-0.6.0-bn254,5477ab05b549b750fa32dc9a1bc61898f74ebf21,de947ec44a622d90f62e247e4cad4e4a81bb578c8249825f66cc44a0179ee3b2,8773040927866741794,1,17,default,{},256,256,8,16,verify_total,1.310048,,,,,,,,,,,,,phase,,,true,,,,,measured,within-stack pilot; no Groth16-versus-PLONK claim,os_cache_primer,false,true,ok,{},,,,,,
9d94b7fb-9c52-4dee-9b74-fe2098d45cdf,2026-08-09T02:46:20.863559+00:00,C2-CONTROLLED-SNARK,controlled-groth16-pilot-v1,controlled_kernel,ark-groth16-0.6.0-bn254,5477ab05b549b750fa32dc9a1bc61898f74ebf21,de947ec44a622d90f62e247e4cad4e4a81bb578c8249825f66cc44a0179ee3b2,8773040927866741794,1,17,default,{},256,256,8,16,fft_ntt,,,,,,,,,,,,,,phase,,,true,,,ark-groth16 does not expose stable per-run phase hooks,,measured,within-stack pilot; no Groth16-versus-PLONK claim,os_cache_primer,false,false,unsupported,{},,,,,,
9d94b7fb-9c52-4dee-9b74-fe2098d45cdf,2026-08-09T02:46:20.863576+00:00,C2-CONTROLLED-SNARK,controlled-groth16-pilot-v1,controlled_kernel,ark-groth16-0.6.0-bn254,5477ab05b549b750fa32dc9a1bc61898f74ebf21,de947ec44a622d90f62e247e4cad4e4a81bb578c8249825f66cc44a0179ee3b2,8773040927866741794,1,17,default,{},256,256,8,16,msm,,,,,,,,,,,,,,phase,,,true,,,ark-groth16 does not expose stable per-run phase hooks,,measured,within-stack pilot; no Groth16-versus-PLONK claim,os_cache_primer,false,false,unsupported,{},,,,,,
9d94b7fb-9c52-4dee-9b74-fe2098d45cdf,2026-08-09T02:46:20.863592+00:00,C2-CONTROLLED-SNARK,controlled-groth16-pilot-v1,controlled_kernel,ark-groth16-0.6.0-bn254,5477ab05b549b750fa32dc9a1bc61898f74ebf21,de947ec44a622d90f62e247e4cad4e4a81bb578c8249825f66cc44a0179ee3b2,8773040927866741794,1,17,default,{},256,256,8,16,commitment,,,,,,,,,,,,,,phase,,,true,,,ark-groth16 does not expose stable per-run phase hooks,,measured,within-stack pilot; no Groth16-versus-PLONK claim,os_cache_primer,false,false,unsupported,{},,,,,,
9d94b7fb-9c52-4dee-9b74-fe2098d45cdf,2026-08-09T02:46:20.863607+00:00,C2-CONTROLLED-SNARK,controlled-groth16-pilot-v1,controlled_kernel,ark-groth16-0.6.0-bn254,5477ab05b549b750fa32dc9a1bc61898f74ebf21,de947ec44a622d90f62e247e4cad4e4a81bb578c8249825f66cc44a0179ee3b2,8773040927866741794,1,17,default,{},256,256,8,16,key_load,,,,,,,,,,,,,,phase,,,true,,,ark-groth16 does not expose stable per-run phase hooks,,measured,within-stack pilot; no Groth16-versus-PLONK claim,os_cache_primer,false,false,unsupported,{},,,,,,
9d94b7fb-9c52-4dee-9b74-fe2098d45cdf,2026-08-09T02:46:20.863623+00:00,C2-CONTROLLED-SNARK,controlled-groth16-pilot-v1,controlled_kernel,ark-groth16-0.6.0-bn254,5477ab05b549b750fa32dc9a1bc61898f74ebf21,de947ec44a622d90f62e247e4cad4e4a81bb578c8249825f66cc44a0179ee3b2,8773040927866741794,1,17,default,{},256,256,8,16,adapter_process_wall,151.493940,260.000000,6.375000,128,true,0,,756,956,,,,linux-procfs,process,,,true,,,"Linux procfs read failed: [Errno 13] Permission denied: '/proc/1007/io'; private commit and per-process swap I/O are unavailable; VmSwap reports allocation, not swap traffic; No documented hardware or OS energy counter is configured in WSL2",,measured,within-stack pilot; no Groth16-versus-PLONK claim,os_cache_primer,false,true,ok,{},256,2,256,r1cs_constraints,5.0,27
05964deb-f2e2-4c87-8c25-a41a0151b364,2026-08-09T02:46:21.027455+00:00,C2-CONTROLLED-SNARK,controlled-groth16-pilot-v1,controlled_kernel,ark-groth16-0.6.0-bn254,5477ab05b549b750fa32dc9a1bc61898f74ebf21,de947ec44a622d90f62e247e4cad4e4a81bb578c8249825f66cc44a0179ee3b2,4763037990299244218,0,18,default,{},256,256,16,16,native_execution,0.011461,,,,,,,,,,,,,phase,,,true,,,,,measured,within-stack pilot; no Groth16-versus-PLONK claim,os_cache_primer,false,true,ok,"{""application_units"":256.0}",,,,,,
05964deb-f2e2-4c87-8c25-a41a0151b364,2026-08-09T02:46:21.027529+00:00,C2-CONTROLLED-SNARK,controlled-groth16-pilot-v1,controlled_kernel,ark-groth16-0.6.0-bn254,5477ab05b549b750fa32dc9a1bc61898f74ebf21,de947ec44a622d90f62e247e4cad4e4a81bb578c8249825f66cc44a0179ee3b2,4763037990299244218,0,18,default,{},256,256,16,16,witness,38.124584,,,,,,,,,,,,,phase,,,true,,,,,measured,within-stack pilot; no Groth16-versus-PLONK claim,os_cache_primer,false,true,ok,"{""application_units"":256.0,""constraint_count"":256.0}",,,,,,
05964deb-f2e2-4c87-8c25-a41a0151b364,2026-08-09T02:46:21.027550+00:00,C2-CONTROLLED-SNARK,controlled-groth16-pilot-v1,controlled_kernel,ark-groth16-0.6.0-bn254,5477ab05b549b750fa32dc9a1bc61898f74ebf21,de947ec44a622d90f62e247e4cad4e4a81bb578c8249825f66cc44a0179ee3b2,4763037990299244218,0,18,default,{},256,256,16,16,setup_or_preprocess,39.407613,,,,,,,,,,,,,phase,,,true,,,,,measured,within-stack pilot; no Groth16-versus-PLONK claim,os_cache_primer,false,true,ok,"{""constraint_count"":256.0}",,,,,,
05964deb-f2e2-4c87-8c25-a41a0151b364,2026-08-09T02:46:21.027565+00:00,C2-CONTROLLED-SNARK,controlled-groth16-pilot-v1,controlled_kernel,ark-groth16-0.6.0-bn254,5477ab05b549b750fa32dc9a1bc61898f74ebf21,de947ec44a622d90f62e247e4cad4e4a81bb578c8249825f66cc44a0179ee3b2,4763037990299244218,0,18,default,{},256,256,16,16,prove_total,43.790128,,,,,,,,,,,,,phase,,,true,,,,,measured,within-stack pilot; no Groth16-versus-PLONK claim,os_cache_primer,false,true,ok,"{""constraint_count"":256.0}",,,,,,
05964deb-f2e2-4c87-8c25-a41a0151b364,2026-08-09T02:46:21.027579+00:00,C2-CONTROLLED-SNARK,controlled-groth16-pilot-v1,controlled_kernel,ark-groth16-0.6.0-bn254,5477ab05b549b750fa32dc9a1bc61898f74ebf21,de947ec44a622d90f62e247e4cad4e4a81bb578c8249825f66cc44a0179ee3b2,4763037990299244218,0,18,default,{},256,256,16,16,serialize,0.002404,,,,,,,,,,,,,phase,,,true,,,,,measured,within-stack pilot; no Groth16-versus-PLONK claim,os_cache_primer,false,true,ok,"{""proof_bytes"":128.0}",,,,,,
05964deb-f2e2-4c87-8c25-a41a0151b364,2026-08-09T02:46:21.027592+00:00,C2-CONTROLLED-SNARK,controlled-groth16-pilot-v1,controlled_kernel,ark-groth16-0.6.0-bn254,5477ab05b549b750fa32dc9a1bc61898f74ebf21,de947ec44a622d90f62e247e4cad4e4a81bb578c8249825f66cc44a0179ee3b2,4763037990299244218,0,18,default,{},256,256,16,16,deserialize,0.206584,,,,,,,,,,,,,phase,,,true,,,,,measured,within-stack pilot; no Groth16-versus-PLONK claim,os_cache_primer,false,true,ok,"{""proof_bytes"":128.0}",,,,,,
05964deb-f2e2-4c87-8c25-a41a0151b364,2026-08-09T02:46:21.027606+00:00,C2-CONTROLLED-SNARK,controlled-groth16-pilot-v1,controlled_kernel,ark-groth16-0.6.0-bn254,5477ab05b549b750fa32dc9a1bc61898f74ebf21,de947ec44a622d90f62e247e4cad4e4a81bb578c8249825f66cc44a0179ee3b2,4763037990299244218,0,18,default,{},256,256,16,16,verify_core,1.023254,,,,,,,,,,,,,phase,,,true,,,,,measured,within-stack pilot; no Groth16-versus-PLONK claim,os_cache_primer,false,true,ok,{},,,,,,
05964deb-f2e2-4c87-8c25-a41a0151b364,2026-08-09T02:46:21.027619+00:00,C2-CONTROLLED-SNARK,controlled-groth16-pilot-v1,controlled_kernel,ark-groth16-0.6.0-bn254,5477ab05b549b750fa32dc9a1bc61898f74ebf21,de947ec44a622d90f62e247e4cad4e4a81bb578c8249825f66cc44a0179ee3b2,4763037990299244218,0,18,default,{},256,256,16,16,verify_total,1.230009,,,,,,,,,,,,,phase,,,true,,,,,measured,within-stack pilot; no Groth16-versus-PLONK claim,os_cache_primer,false,true,ok,{},,,,,,
05964deb-f2e2-4c87-8c25-a41a0151b364,2026-08-09T02:46:21.027631+00:00,C2-CONTROLLED-SNARK,controlled-groth16-pilot-v1,controlled_kernel,ark-groth16-0.6.0-bn254,5477ab05b549b750fa32dc9a1bc61898f74ebf21,de947ec44a622d90f62e247e4cad4e4a81bb578c8249825f66cc44a0179ee3b2,4763037990299244218,0,18,default,{},256,256,16,16,fft_ntt,,,,,,,,,,,,,,phase,,,true,,,ark-groth16 does not expose stable per-run phase hooks,,measured,within-stack pilot; no Groth16-versus-PLONK claim,os_cache_primer,false,false,unsupported,{},,,,,,
05964deb-f2e2-4c87-8c25-a41a0151b364,2026-08-09T02:46:21.027645+00:00,C2-CONTROLLED-SNARK,controlled-groth16-pilot-v1,controlled_kernel,ark-groth16-0.6.0-bn254,5477ab05b549b750fa32dc9a1bc61898f74ebf21,de947ec44a622d90f62e247e4cad4e4a81bb578c8249825f66cc44a0179ee3b2,4763037990299244218,0,18,default,{},256,256,16,16,msm,,,,,,,,,,,,,,phase,,,true,,,ark-groth16 does not expose stable per-run phase hooks,,measured,within-stack pilot; no Groth16-versus-PLONK claim,os_cache_primer,false,false,unsupported,{},,,,,,
05964deb-f2e2-4c87-8c25-a41a0151b364,2026-08-09T02:46:21.027657+00:00,C2-CONTROLLED-SNARK,controlled-groth16-pilot-v1,controlled_kernel,ark-groth16-0.6.0-bn254,5477ab05b549b750fa32dc9a1bc61898f74ebf21,de947ec44a622d90f62e247e4cad4e4a81bb578c8249825f66cc44a0179ee3b2,4763037990299244218,0,18,default,{},256,256,16,16,commitment,,,,,,,,,,,,,,phase,,,true,,,ark-groth16 does not expose stable per-run phase hooks,,measured,within-stack pilot; no Groth16-versus-PLONK claim,os_cache_primer,false,false,unsupported,{},,,,,,
05964deb-f2e2-4c87-8c25-a41a0151b364,2026-08-09T02:46:21.027670+00:00,C2-CONTROLLED-SNARK,controlled-groth16-pilot-v1,controlled_kernel,ark-groth16-0.6.0-bn254,5477ab05b549b750fa32dc9a1bc61898f74ebf21,de947ec44a622d90f62e247e4cad4e4a81bb578c8249825f66cc44a0179ee3b2,4763037990299244218,0,18,default,{},256,256,16,16,key_load,,,,,,,,,,,,,,phase,,,true,,,ark-groth16 does not expose stable per-run phase hooks,,measured,within-stack pilot; no Groth16-versus-PLONK claim,os_cache_primer,false,false,unsupported,{},,,,,,
05964deb-f2e2-4c87-8c25-a41a0151b364,2026-08-09T02:46:21.027683+00:00,C2-CONTROLLED-SNARK,controlled-groth16-pilot-v1,controlled_kernel,ark-groth16-0.6.0-bn254,5477ab05b549b750fa32dc9a1bc61898f74ebf21,de947ec44a622d90f62e247e4cad4e4a81bb578c8249825f66cc44a0179ee3b2,4763037990299244218,0,18,default,{},256,256,16,16,adapter_process_wall,162.727825,500.000000,7.203125,128,true,0,,974,956,,,,linux-procfs,process,,,true,,,"Linux procfs read failed: [Errno 13] Permission denied: '/proc/1061/io'; private commit and per-process swap I/O are unavailable; VmSwap reports allocation, not swap traffic; No documented hardware or OS energy counter is configured in WSL2",,measured,within-stack pilot; no Groth16-versus-PLONK claim,os_cache_primer,false,true,ok,{},256,2,256,r1cs_constraints,5.0,29
7c3a306c-5109-41f4-81cb-a6ee7e433df8,2026-08-09T02:46:21.213941+00:00,C2-CONTROLLED-SNARK,controlled-groth16-pilot-v1,controlled_kernel,ark-groth16-0.6.0-bn254,5477ab05b549b750fa32dc9a1bc61898f74ebf21,de947ec44a622d90f62e247e4cad4e4a81bb578c8249825f66cc44a0179ee3b2,5772687203757056647,1,19,default,{},256,256,16,16,native_execution,0.640995,,,,,,,,,,,,,phase,,,true,,,,,measured,within-stack pilot; no Groth16-versus-PLONK claim,os_cache_primer,false,true,ok,"{""application_units"":256.0}",,,,,,
7c3a306c-5109-41f4-81cb-a6ee7e433df8,2026-08-09T02:46:21.214050+00:00,C2-CONTROLLED-SNARK,controlled-groth16-pilot-v1,controlled_kernel,ark-groth16-0.6.0-bn254,5477ab05b549b750fa32dc9a1bc61898f74ebf21,de947ec44a622d90f62e247e4cad4e4a81bb578c8249825f66cc44a0179ee3b2,5772687203757056647,1,19,default,{},256,256,16,16,witness,45.160946,,,,,,,,,,,,,phase,,,true,,,,,measured,within-stack pilot; no Groth16-versus-PLONK claim,os_cache_primer,false,true,ok,"{""application_units"":256.0,""constraint_count"":256.0}",,,,,,
7c3a306c-5109-41f4-81cb-a6ee7e433df8,2026-08-09T02:46:21.214071+00:00,C2-CONTROLLED-SNARK,controlled-groth16-pilot-v1,controlled_kernel,ark-groth16-0.6.0-bn254,5477ab05b549b750fa32dc9a1bc61898f74ebf21,de947ec44a622d90f62e247e4cad4e4a81bb578c8249825f66cc44a0179ee3b2,5772687203757056647,1,19,default,{},256,256,16,16,setup_or_preprocess,34.178735,,,,,,,,,,,,,phase,,,true,,,,,measured,within-stack pilot; no Groth16-versus-PLONK claim,os_cache_primer,false,true,ok,"{""constraint_count"":256.0}",,,,,,
7c3a306c-5109-41f4-81cb-a6ee7e433df8,2026-08-09T02:46:21.214087+00:00,C2-CONTROLLED-SNARK,controlled-groth16-pilot-v1,controlled_kernel,ark-groth16-0.6.0-bn254,5477ab05b549b750fa32dc9a1bc61898f74ebf21,de947ec44a622d90f62e247e4cad4e4a81bb578c8249825f66cc44a0179ee3b2,5772687203757056647,1,19,default,{},256,256,16,16,prove_total,50.196509,,,,,,,,,,,,,phase,,,true,,,,,measured,within-stack pilot; no Groth16-versus-PLONK claim,os_cache_primer,false,true,ok,"{""constraint_count"":256.0}",,,,,,
7c3a306c-5109-41f4-81cb-a6ee7e433df8,2026-08-09T02:46:21.214101+00:00,C2-CONTROLLED-SNARK,controlled-groth16-pilot-v1,controlled_kernel,ark-groth16-0.6.0-bn254,5477ab05b549b750fa32dc9a1bc61898f74ebf21,de947ec44a622d90f62e247e4cad4e4a81bb578c8249825f66cc44a0179ee3b2,5772687203757056647,1,19,default,{},256,256,16,16,serialize,0.002545,,,,,,,,,,,,,phase,,,true,,,,,measured,within-stack pilot; no Groth16-versus-PLONK claim,os_cache_primer,false,true,ok,"{""proof_bytes"":128.0}",,,,,,
7c3a306c-5109-41f4-81cb-a6ee7e433df8,2026-08-09T02:46:21.214116+00:00,C2-CONTROLLED-SNARK,controlled-groth16-pilot-v1,controlled_kernel,ark-groth16-0.6.0-bn254,5477ab05b549b750fa32dc9a1bc61898f74ebf21,de947ec44a622d90f62e247e4cad4e4a81bb578c8249825f66cc44a0179ee3b2,5772687203757056647,1,19,default,{},256,256,16,16,deserialize,0.167622,,,,,,,,,,,,,phase,,,true,,,,,measured,within-stack pilot; no Groth16-versus-PLONK claim,os_cache_primer,false,true,ok,"{""proof_bytes"":128.0}",,,,,,
7c3a306c-5109-41f4-81cb-a6ee7e433df8,2026-08-09T02:46:21.214129+00:00,C2-CONTROLLED-SNARK,controlled-groth16-pilot-v1,controlled_kernel,ark-groth16-0.6.0-bn254,5477ab05b549b750fa32dc9a1bc61898f74ebf21,de947ec44a622d90f62e247e4cad4e4a81bb578c8249825f66cc44a0179ee3b2,5772687203757056647,1,19,default,{},256,256,16,16,verify_core,1.304117,,,,,,,,,,,,,phase,,,true,,,,,measured,within-stack pilot; no Groth16-versus-PLONK claim,os_cache_primer,false,true,ok,{},,,,,,
7c3a306c-5109-41f4-81cb-a6ee7e433df8,2026-08-09T02:46:21.214143+00:00,C2-CONTROLLED-SNARK,controlled-groth16-pilot-v1,controlled_kernel,ark-groth16-0.6.0-bn254,5477ab05b549b750fa32dc9a1bc61898f74ebf21,de947ec44a622d90f62e247e4cad4e4a81bb578c8249825f66cc44a0179ee3b2,5772687203757056647,1,19,default,{},256,256,16,16,verify_total,1.471899,,,,,,,,,,,,,phase,,,true,,,,,measured,within-stack pilot; no Groth16-versus-PLONK claim,os_cache_primer,false,true,ok,{},,,,,,
7c3a306c-5109-41f4-81cb-a6ee7e433df8,2026-08-09T02:46:21.214156+00:00,C2-CONTROLLED-SNARK,controlled-groth16-pilot-v1,controlled_kernel,ark-groth16-0.6.0-bn254,5477ab05b549b750fa32dc9a1bc61898f74ebf21,de947ec44a622d90f62e247e4cad4e4a81bb578c8249825f66cc44a0179ee3b2,5772687203757056647,1,19,default,{},256,256,16,16,fft_ntt,,,,,,,,,,,,,,phase,,,true,,,ark-groth16 does not expose stable per-run phase hooks,,measured,within-stack pilot; no Groth16-versus-PLONK claim,os_cache_primer,false,false,unsupported,{},,,,,,
7c3a306c-5109-41f4-81cb-a6ee7e433df8,2026-08-09T02:46:21.214170+00:00,C2-CONTROLLED-SNARK,controlled-groth16-pilot-v1,controlled_kernel,ark-groth16-0.6.0-bn254,5477ab05b549b750fa32dc9a1bc61898f74ebf21,de947ec44a622d90f62e247e4cad4e4a81bb578c8249825f66cc44a0179ee3b2,5772687203757056647,1,19,default,{},256,256,16,16,msm,,,,,,,,,,,,,,phase,,,true,,,ark-groth16 does not expose stable per-run phase hooks,,measured,within-stack pilot; no Groth16-versus-PLONK claim,os_cache_primer,false,false,unsupported,{},,,,,,
7c3a306c-5109-41f4-81cb-a6ee7e433df8,2026-08-09T02:46:21.214183+00:00,C2-CONTROLLED-SNARK,controlled-groth16-pilot-v1,controlled_kernel,ark-groth16-0.6.0-bn254,5477ab05b549b750fa32dc9a1bc61898f74ebf21,de947ec44a622d90f62e247e4cad4e4a81bb578c8249825f66cc44a0179ee3b2,5772687203757056647,1,19,default,{},256,256,16,16,commitment,,,,,,,,,,,,,,phase,,,true,,,ark-groth16 does not expose stable per-run phase hooks,,measured,within-stack pilot; no Groth16-versus-PLONK claim,os_cache_primer,false,false,unsupported,{},,,,,,
7c3a306c-5109-41f4-81cb-a6ee7e433df8,2026-08-09T02:46:21.214195+00:00,C2-CONTROLLED-SNARK,controlled-groth16-pilot-v1,controlled_kernel,ark-groth16-0.6.0-bn254,5477ab05b549b750fa32dc9a1bc61898f74ebf21,de947ec44a622d90f62e247e4cad4e4a81bb578c8249825f66cc44a0179ee3b2,5772687203757056647,1,19,default,{},256,256,16,16,key_load,,,,,,,,,,,,,,phase,,,true,,,ark-groth16 does not expose stable per-run phase hooks,,measured,within-stack pilot; no Groth16-versus-PLONK claim,os_cache_primer,false,false,unsupported,{},,,,,,
7c3a306c-5109-41f4-81cb-a6ee7e433df8,2026-08-09T02:46:21.214208+00:00,C2-CONTROLLED-SNARK,controlled-groth16-pilot-v1,controlled_kernel,ark-groth16-0.6.0-bn254,5477ab05b549b750fa32dc9a1bc61898f74ebf21,de947ec44a622d90f62e247e4cad4e4a81bb578c8249825f66cc44a0179ee3b2,5772687203757056647,1,19,default,{},256,256,16,16,adapter_process_wall,185.130534,500.000000,7.265625,128,true,0,,1028,956,,,,linux-procfs,process,,,true,,,"Linux procfs read failed: [Errno 13] Permission denied: '/proc/1163/io'; private commit and per-process swap I/O are unavailable; VmSwap reports allocation, not swap traffic; No documented hardware or OS energy counter is configured in WSL2",,measured,within-stack pilot; no Groth16-versus-PLONK claim,os_cache_primer,false,true,ok,{},256,2,256,r1cs_constraints,5.0,33
7bdc834c-1ef3-43c4-8941-3dd13d695449,2026-08-09T02:46:21.391069+00:00,C2-CONTROLLED-SNARK,controlled-groth16-pilot-v1,controlled_kernel,ark-groth16-0.6.0-bn254,5477ab05b549b750fa32dc9a1bc61898f74ebf21,de947ec44a622d90f62e247e4cad4e4a81bb578c8249825f66cc44a0179ee3b2,5182603125373942517,0,20,default,{},1024,1024,1,16,native_execution,0.614584,,,,,,,,,,,,,phase,,,true,,,,,measured,within-stack pilot; no Groth16-versus-PLONK claim,os_cache_primer,false,true,ok,"{""application_units"":1024.0}",,,,,,
7bdc834c-1ef3-43c4-8941-3dd13d695449,2026-08-09T02:46:21.391171+00:00,C2-CONTROLLED-SNARK,controlled-groth16-pilot-v1,controlled_kernel,ark-groth16-0.6.0-bn254,5477ab05b549b750fa32dc9a1bc61898f74ebf21,de947ec44a622d90f62e247e4cad4e4a81bb578c8249825f66cc44a0179ee3b2,5182603125373942517,0,20,default,{},1024,1024,1,16,witness,13.561095,,,,,,,,,,,,,phase,,,true,,,,,measured,within-stack pilot; no Groth16-versus-PLONK claim,os_cache_primer,false,true,ok,"{""application_units"":1024.0,""constraint_count"":1024.0}",,,,,,
7bdc834c-1ef3-43c4-8941-3dd13d695449,2026-08-09T02:46:21.391192+00:00,C2-CONTROLLED-SNARK,controlled-groth16-pilot-v1,controlled_kernel,ark-groth16-0.6.0-bn254,5477ab05b549b750fa32dc9a1bc61898f74ebf21,de947ec44a622d90f62e247e4cad4e4a81bb578c8249825f66cc44a0179ee3b2,5182603125373942517,0,20,default,{},1024,1024,1,16,setup_or_preprocess,60.492047,,,,,,,,,,,,,phase,,,true,,,,,measured,within-stack pilot; no Groth16-versus-PLONK claim,os_cache_primer,false,true,ok,"{""constraint_count"":1024.0}",,,,,,
7bdc834c-1ef3-43c4-8941-3dd13d695449,2026-08-09T02:46:21.391208+00:00,C2-CONTROLLED-SNARK,controlled-groth16-pilot-v1,controlled_kernel,ark-groth16-0.6.0-bn254,5477ab05b549b750fa32dc9a1bc61898f74ebf21,de947ec44a622d90f62e247e4cad4e4a81bb578c8249825f66cc44a0179ee3b2,5182603125373942517,0,20,default,{},1024,1024,1,16,prove_total,48.404705,,,,,,,,,,,,,phase,,,true,,,,,measured,within-stack pilot; no Groth16-versus-PLONK claim,os_cache_primer,false,true,ok,"{""constraint_count"":1024.0}",,,,,,
7bdc834c-1ef3-43c4-8941-3dd13d695449,2026-08-09T02:46:21.391222+00:00,C2-CONTROLLED-SNARK,controlled-groth16-pilot-v1,controlled_kernel,ark-groth16-0.6.0-bn254,5477ab05b549b750fa32dc9a1bc61898f74ebf21,de947ec44a622d90f62e247e4cad4e4a81bb578c8249825f66cc44a0179ee3b2,5182603125373942517,0,20,default,{},1024,1024,1,16,serialize,0.003176,,,,,,,,,,,,,phase,,,true,,,,,measured,within-stack pilot; no Groth16-versus-PLONK claim,os_cache_primer,false,true,ok,"{""proof_bytes"":128.0}",,,,,,
7bdc834c-1ef3-43c4-8941-3dd13d695449,2026-08-09T02:46:21.391235+00:00,C2-CONTROLLED-SNARK,controlled-groth16-pilot-v1,controlled_kernel,ark-groth16-0.6.0-bn254,5477ab05b549b750fa32dc9a1bc61898f74ebf21,de947ec44a622d90f62e247e4cad4e4a81bb578c8249825f66cc44a0179ee3b2,5182603125373942517,0,20,default,{},1024,1024,1,16,deserialize,0.201435,,,,,,,,,,,,,phase,,,true,,,,,measured,within-stack pilot; no Groth16-versus-PLONK claim,os_cache_primer,false,true,ok,"{""proof_bytes"":128.0}",,,,,,
7bdc834c-1ef3-43c4-8941-3dd13d695449,2026-08-09T02:46:21.391249+00:00,C2-CONTROLLED-SNARK,controlled-groth16-pilot-v1,controlled_kernel,ark-groth16-0.6.0-bn254,5477ab05b549b750fa32dc9a1bc61898f74ebf21,de947ec44a622d90f62e247e4cad4e4a81bb578c8249825f66cc44a0179ee3b2,5182603125373942517,0,20,default,{},1024,1024,1,16,verify_core,1.175037,,,,,,,,,,,,,phase,,,true,,,,,measured,within-stack pilot; no Groth16-versus-PLONK claim,os_cache_primer,false,true,ok,{},,,,,,
7bdc834c-1ef3-43c4-8941-3dd13d695449,2026-08-09T02:46:21.391262+00:00,C2-CONTROLLED-SNARK,controlled-groth16-pilot-v1,controlled_kernel,ark-groth16-0.6.0-bn254,5477ab05b549b750fa32dc9a1bc61898f74ebf21,de947ec44a622d90f62e247e4cad4e4a81bb578c8249825f66cc44a0179ee3b2,5182603125373942517,0,20,default,{},1024,1024,1,16,verify_total,1.376572,,,,,,,,,,,,,phase,,,true,,,,,measured,within-stack pilot; no Groth16-versus-PLONK claim,os_cache_primer,false,true,ok,{},,,,,,
7bdc834c-1ef3-43c4-8941-3dd13d695449,2026-08-09T02:46:21.391274+00:00,C2-CONTROLLED-SNARK,controlled-groth16-pilot-v1,controlled_kernel,ark-groth16-0.6.0-bn254,5477ab05b549b750fa32dc9a1bc61898f74ebf21,de947ec44a622d90f62e247e4cad4e4a81bb578c8249825f66cc44a0179ee3b2,5182603125373942517,0,20,default,{},1024,1024,1,16,fft_ntt,,,,,,,,,,,,,,phase,,,true,,,ark-groth16 does not expose stable per-run phase hooks,,measured,within-stack pilot; no Groth16-versus-PLONK claim,os_cache_primer,false,false,unsupported,{},,,,,,
7bdc834c-1ef3-43c4-8941-3dd13d695449,2026-08-09T02:46:21.391288+00:00,C2-CONTROLLED-SNARK,controlled-groth16-pilot-v1,controlled_kernel,ark-groth16-0.6.0-bn254,5477ab05b549b750fa32dc9a1bc61898f74ebf21,de947ec44a622d90f62e247e4cad4e4a81bb578c8249825f66cc44a0179ee3b2,5182603125373942517,0,20,default,{},1024,1024,1,16,msm,,,,,,,,,,,,,,phase,,,true,,,ark-groth16 does not expose stable per-run phase hooks,,measured,within-stack pilot; no Groth16-versus-PLONK claim,os_cache_primer,false,false,unsupported,{},,,,,,
7bdc834c-1ef3-43c4-8941-3dd13d695449,2026-08-09T02:46:21.391301+00:00,C2-CONTROLLED-SNARK,controlled-groth16-pilot-v1,controlled_kernel,ark-groth16-0.6.0-bn254,5477ab05b549b750fa32dc9a1bc61898f74ebf21,de947ec44a622d90f62e247e4cad4e4a81bb578c8249825f66cc44a0179ee3b2,5182603125373942517,0,20,default,{},1024,1024,1,16,commitment,,,,,,,,,,,,,,phase,,,true,,,ark-groth16 does not expose stable per-run phase hooks,,measured,within-stack pilot; no Groth16-versus-PLONK claim,os_cache_primer,false,false,unsupported,{},,,,,,
7bdc834c-1ef3-43c4-8941-3dd13d695449,2026-08-09T02:46:21.391313+00:00,C2-CONTROLLED-SNARK,controlled-groth16-pilot-v1,controlled_kernel,ark-groth16-0.6.0-bn254,5477ab05b549b750fa32dc9a1bc61898f74ebf21,de947ec44a622d90f62e247e4cad4e4a81bb578c8249825f66cc44a0179ee3b2,5182603125373942517,0,20,default,{},1024,1024,1,16,key_load,,,,,,,,,,,,,,phase,,,true,,,ark-groth16 does not expose stable per-run phase hooks,,measured,within-stack pilot; no Groth16-versus-PLONK claim,os_cache_primer,false,false,unsupported,{},,,,,,
7bdc834c-1ef3-43c4-8941-3dd13d695449,2026-08-09T02:46:21.391325+00:00,C2-CONTROLLED-SNARK,controlled-groth16-pilot-v1,controlled_kernel,ark-groth16-0.6.0-bn254,5477ab05b549b750fa32dc9a1bc61898f74ebf21,de947ec44a622d90f62e247e4cad4e4a81bb578c8249825f66cc44a0179ee3b2,5182603125373942517,0,20,default,{},1024,1024,1,16,adapter_process_wall,175.777919,110.000000,6.433594,128,true,0,,1129,956,,,,linux-procfs,process,,,true,,,"private commit and per-process swap I/O are unavailable; VmSwap reports allocation, not swap traffic; No documented hardware or OS energy counter is configured in WSL2",,measured,within-stack pilot; no Groth16-versus-PLONK claim,os_cache_primer,false,true,ok,{},1024,2,1024,r1cs_constraints,5.0,32
3c87a9e3-5b97-49cd-9af0-77802c22a78c,2026-08-09T02:46:21.562500+00:00,C2-CONTROLLED-SNARK,controlled-groth16-pilot-v1,controlled_kernel,ark-groth16-0.6.0-bn254,5477ab05b549b750fa32dc9a1bc61898f74ebf21,de947ec44a622d90f62e247e4cad4e4a81bb578c8249825f66cc44a0179ee3b2,3647823266718778092,1,21,default,{},1024,1024,1,16,native_execution,0.824807,,,,,,,,,,,,,phase,,,true,,,,,measured,within-stack pilot; no Groth16-versus-PLONK claim,os_cache_primer,false,true,ok,"{""application_units"":1024.0}",,,,,,
3c87a9e3-5b97-49cd-9af0-77802c22a78c,2026-08-09T02:46:21.562603+00:00,C2-CONTROLLED-SNARK,controlled-groth16-pilot-v1,controlled_kernel,ark-groth16-0.6.0-bn254,5477ab05b549b750fa32dc9a1bc61898f74ebf21,de947ec44a622d90f62e247e4cad4e4a81bb578c8249825f66cc44a0179ee3b2,3647823266718778092,1,21,default,{},1024,1024,1,16,witness,13.749148,,,,,,,,,,,,,phase,,,true,,,,,measured,within-stack pilot; no Groth16-versus-PLONK claim,os_cache_primer,false,true,ok,"{""application_units"":1024.0,""constraint_count"":1024.0}",,,,,,
3c87a9e3-5b97-49cd-9af0-77802c22a78c,2026-08-09T02:46:21.562624+00:00,C2-CONTROLLED-SNARK,controlled-groth16-pilot-v1,controlled_kernel,ark-groth16-0.6.0-bn254,5477ab05b549b750fa32dc9a1bc61898f74ebf21,de947ec44a622d90f62e247e4cad4e4a81bb578c8249825f66cc44a0179ee3b2,3647823266718778092,1,21,default,{},1024,1024,1,16,setup_or_preprocess,56.412837,,,,,,,,,,,,,phase,,,true,,,,,measured,within-stack pilot; no Groth16-versus-PLONK claim,os_cache_primer,false,true,ok,"{""constraint_count"":1024.0}",,,,,,
3c87a9e3-5b97-49cd-9af0-77802c22a78c,2026-08-09T02:46:21.562641+00:00,C2-CONTROLLED-SNARK,controlled-groth16-pilot-v1,controlled_kernel,ark-groth16-0.6.0-bn254,5477ab05b549b750fa32dc9a1bc61898f74ebf21,de947ec44a622d90f62e247e4cad4e4a81bb578c8249825f66cc44a0179ee3b2,3647823266718778092,1,21,default,{},1024,1024,1,16,prove_total,45.829633,,,,,,,,,,,,,phase,,,true,,,,,measured,within-stack pilot; no Groth16-versus-PLONK claim,os_cache_primer,false,true,ok,"{""constraint_count"":1024.0}",,,,,,
3c87a9e3-5b97-49cd-9af0-77802c22a78c,2026-08-09T02:46:21.562654+00:00,C2-CONTROLLED-SNARK,controlled-groth16-pilot-v1,controlled_kernel,ark-groth16-0.6.0-bn254,5477ab05b549b750fa32dc9a1bc61898f74ebf21,de947ec44a622d90f62e247e4cad4e4a81bb578c8249825f66cc44a0179ee3b2,3647823266718778092,1,21,default,{},1024,1024,1,16,serialize,0.002805,,,,,,,,,,,,,phase,,,true,,,,,measured,within-stack pilot; no Groth16-versus-PLONK claim,os_cache_primer,false,true,ok,"{""proof_bytes"":128.0}",,,,,,
3c87a9e3-5b97-49cd-9af0-77802c22a78c,2026-08-09T02:46:21.562683+00:00,C2-CONTROLLED-SNARK,controlled-groth16-pilot-v1,controlled_kernel,ark-groth16-0.6.0-bn254,5477ab05b549b750fa32dc9a1bc61898f74ebf21,de947ec44a622d90f62e247e4cad4e4a81bb578c8249825f66cc44a0179ee3b2,3647823266718778092,1,21,default,{},1024,1024,1,16,deserialize,0.162142,,,,,,,,,,,,,phase,,,true,,,,,measured,within-stack pilot; no Groth16-versus-PLONK claim,os_cache_primer,false,true,ok,"{""proof_bytes"":128.0}",,,,,,
3c87a9e3-5b97-49cd-9af0-77802c22a78c,2026-08-09T02:46:21.562696+00:00,C2-CONTROLLED-SNARK,controlled-groth16-pilot-v1,controlled_kernel,ark-groth16-0.6.0-bn254,5477ab05b549b750fa32dc9a1bc61898f74ebf21,de947ec44a622d90f62e247e4cad4e4a81bb578c8249825f66cc44a0179ee3b2,3647823266718778092,1,21,default,{},1024,1024,1,16,verify_core,1.227725,,,,,,,,,,,,,phase,,,true,,,,,measured,within-stack pilot; no Groth16-versus-PLONK claim,os_cache_primer,false,true,ok,{},,,,,,
3c87a9e3-5b97-49cd-9af0-77802c22a78c,2026-08-09T02:46:21.562709+00:00,C2-CONTROLLED-SNARK,controlled-groth16-pilot-v1,controlled_kernel,ark-groth16-0.6.0-bn254,5477ab05b549b750fa32dc9a1bc61898f74ebf21,de947ec44a622d90f62e247e4cad4e4a81bb578c8249825f66cc44a0179ee3b2,3647823266718778092,1,21,default,{},1024,1024,1,16,verify_total,1.390147,,,,,,,,,,,,,phase,,,true,,,,,measured,within-stack pilot; no Groth16-versus-PLONK claim,os_cache_primer,false,true,ok,{},,,,,,
3c87a9e3-5b97-49cd-9af0-77802c22a78c,2026-08-09T02:46:21.562722+00:00,C2-CONTROLLED-SNARK,controlled-groth16-pilot-v1,controlled_kernel,ark-groth16-0.6.0-bn254,5477ab05b549b750fa32dc9a1bc61898f74ebf21,de947ec44a622d90f62e247e4cad4e4a81bb578c8249825f66cc44a0179ee3b2,3647823266718778092,1,21,default,{},1024,1024,1,16,fft_ntt,,,,,,,,,,,,,,phase,,,true,,,ark-groth16 does not expose stable per-run phase hooks,,measured,within-stack pilot; no Groth16-versus-PLONK claim,os_cache_primer,false,false,unsupported,{},,,,,,
3c87a9e3-5b97-49cd-9af0-77802c22a78c,2026-08-09T02:46:21.562735+00:00,C2-CONTROLLED-SNARK,controlled-groth16-pilot-v1,controlled_kernel,ark-groth16-0.6.0-bn254,5477ab05b549b750fa32dc9a1bc61898f74ebf21,de947ec44a622d90f62e247e4cad4e4a81bb578c8249825f66cc44a0179ee3b2,3647823266718778092,1,21,default,{},1024,1024,1,16,msm,,,,,,,,,,,,,,phase,,,true,,,ark-groth16 does not expose stable per-run phase hooks,,measured,within-stack pilot; no Groth16-versus-PLONK claim,os_cache_primer,false,false,unsupported,{},,,,,,
3c87a9e3-5b97-49cd-9af0-77802c22a78c,2026-08-09T02:46:21.562746+00:00,C2-CONTROLLED-SNARK,controlled-groth16-pilot-v1,controlled_kernel,ark-groth16-0.6.0-bn254,5477ab05b549b750fa32dc9a1bc61898f74ebf21,de947ec44a622d90f62e247e4cad4e4a81bb578c8249825f66cc44a0179ee3b2,3647823266718778092,1,21,default,{},1024,1024,1,16,commitment,,,,,,,,,,,,,,phase,,,true,,,ark-groth16 does not expose stable per-run phase hooks,,measured,within-stack pilot; no Groth16-versus-PLONK claim,os_cache_primer,false,false,unsupported,{},,,,,,
3c87a9e3-5b97-49cd-9af0-77802c22a78c,2026-08-09T02:46:21.562758+00:00,C2-CONTROLLED-SNARK,controlled-groth16-pilot-v1,controlled_kernel,ark-groth16-0.6.0-bn254,5477ab05b549b750fa32dc9a1bc61898f74ebf21,de947ec44a622d90f62e247e4cad4e4a81bb578c8249825f66cc44a0179ee3b2,3647823266718778092,1,21,default,{},1024,1024,1,16,key_load,,,,,,,,,,,,,,phase,,,true,,,ark-groth16 does not expose stable per-run phase hooks,,measured,within-stack pilot; no Groth16-versus-PLONK claim,os_cache_primer,false,false,unsupported,{},,,,,,
3c87a9e3-5b97-49cd-9af0-77802c22a78c,2026-08-09T02:46:21.562770+00:00,C2-CONTROLLED-SNARK,controlled-groth16-pilot-v1,controlled_kernel,ark-groth16-0.6.0-bn254,5477ab05b549b750fa32dc9a1bc61898f74ebf21,de947ec44a622d90f62e247e4cad4e4a81bb578c8249825f66cc44a0179ee3b2,3647823266718778092,1,21,default,{},1024,1024,1,16,adapter_process_wall,170.143605,110.000000,6.500000,128,true,0,,1132,956,,,,linux-procfs,process,,,true,,,"Linux procfs read failed: [Errno 13] Permission denied: '/proc/1273/io'; private commit and per-process swap I/O are unavailable; VmSwap reports allocation, not swap traffic; No documented hardware or OS energy counter is configured in WSL2",,measured,within-stack pilot; no Groth16-versus-PLONK claim,os_cache_primer,false,true,ok,{},1024,2,1024,r1cs_constraints,5.0,31
31a43ede-a5b0-47af-b68f-38f4cede5a27,2026-08-09T02:46:21.707740+00:00,C2-CONTROLLED-SNARK,controlled-groth16-pilot-v1,controlled_kernel,ark-groth16-0.6.0-bn254,5477ab05b549b750fa32dc9a1bc61898f74ebf21,de947ec44a622d90f62e247e4cad4e4a81bb578c8249825f66cc44a0179ee3b2,8312500299471371879,0,22,default,{},1024,1024,2,16,native_execution,0.741290,,,,,,,,,,,,,phase,,,true,,,,,measured,within-stack pilot; no Groth16-versus-PLONK claim,os_cache_primer,false,true,ok,"{""application_units"":1024.0}",,,,,,
31a43ede-a5b0-47af-b68f-38f4cede5a27,2026-08-09T02:46:21.707804+00:00,C2-CONTROLLED-SNARK,controlled-groth16-pilot-v1,controlled_kernel,ark-groth16-0.6.0-bn254,5477ab05b549b750fa32dc9a1bc61898f74ebf21,de947ec44a622d90f62e247e4cad4e4a81bb578c8249825f66cc44a0179ee3b2,8312500299471371879,0,22,default,{},1024,1024,2,16,witness,31.161468,,,,,,,,,,,,,phase,,,true,,,,,measured,within-stack pilot; no Groth16-versus-PLONK claim,os_cache_primer,false,true,ok,"{""application_units"":1024.0,""constraint_count"":1024.0}",,,,,,
31a43ede-a5b0-47af-b68f-38f4cede5a27,2026-08-09T02:46:21.707825+00:00,C2-CONTROLLED-SNARK,controlled-groth16-pilot-v1,controlled_kernel,ark-groth16-0.6.0-bn254,5477ab05b549b750fa32dc9a1bc61898f74ebf21,de947ec44a622d90f62e247e4cad4e4a81bb578c8249825f66cc44a0179ee3b2,8312500299471371879,0,22,default,{},1024,1024,2,16,setup_or_preprocess,32.711727,,,,,,,,,,,,,phase,,,true,,,,,measured,within-stack pilot; no Groth16-versus-PLONK claim,os_cache_primer,false,true,ok,"{""constraint_count"":1024.0}",,,,,,
31a43ede-a5b0-47af-b68f-38f4cede5a27,2026-08-09T02:46:21.707840+00:00,C2-CONTROLLED-SNARK,controlled-groth16-pilot-v1,controlled_kernel,ark-groth16-0.6.0-bn254,5477ab05b549b750fa32dc9a1bc61898f74ebf21,de947ec44a622d90f62e247e4cad4e4a81bb578c8249825f66cc44a0179ee3b2,8312500299471371879,0,22,default,{},1024,1024,2,16,prove_total,30.393574,,,,,,,,,,,,,phase,,,true,,,,,measured,within-stack pilot; no Groth16-versus-PLONK claim,os_cache_primer,false,true,ok,"{""constraint_count"":1024.0}",,,,,,
31a43ede-a5b0-47af-b68f-38f4cede5a27,2026-08-09T02:46:21.707853+00:00,C2-CONTROLLED-SNARK,controlled-groth16-pilot-v1,controlled_kernel,ark-groth16-0.6.0-bn254,5477ab05b549b750fa32dc9a1bc61898f74ebf21,de947ec44a622d90f62e247e4cad4e4a81bb578c8249825f66cc44a0179ee3b2,8312500299471371879,0,22,default,{},1024,1024,2,16,serialize,0.001874,,,,,,,,,,,,,phase,,,true,,,,,measured,within-stack pilot; no Groth16-versus-PLONK claim,os_cache_primer,false,true,ok,"{""proof_bytes"":128.0}",,,,,,
31a43ede-a5b0-47af-b68f-38f4cede5a27,2026-08-09T02:46:21.707866+00:00,C2-CONTROLLED-SNARK,controlled-groth16-pilot-v1,controlled_kernel,ark-groth16-0.6.0-bn254,5477ab05b549b750fa32dc9a1bc61898f74ebf21,de947ec44a622d90f62e247e4cad4e4a81bb578c8249825f66cc44a0179ee3b2,8312500299471371879,0,22,default,{},1024,1024,2,16,deserialize,0.172061,,,,,,,,,,,,,phase,,,true,,,,,measured,within-stack pilot; no Groth16-versus-PLONK claim,os_cache_primer,false,true,ok,"{""proof_bytes"":128.0}",,,,,,
31a43ede-a5b0-47af-b68f-38f4cede5a27,2026-08-09T02:46:21.707880+00:00,C2-CONTROLLED-SNARK,controlled-groth16-pilot-v1,controlled_kernel,ark-groth16-0.6.0-bn254,5477ab05b549b750fa32dc9a1bc61898f74ebf21,de947ec44a622d90f62e247e4cad4e4a81bb578c8249825f66cc44a0179ee3b2,8312500299471371879,0,22,default,{},1024,1024,2,16,verify_core,0.990553,,,,,,,,,,,,,phase,,,true,,,,,measured,within-stack pilot; no Groth16-versus-PLONK claim,os_cache_primer,false,true,ok,{},,,,,,
31a43ede-a5b0-47af-b68f-38f4cede5a27,2026-08-09T02:46:21.707892+00:00,C2-CONTROLLED-SNARK,controlled-groth16-pilot-v1,controlled_kernel,ark-groth16-0.6.0-bn254,5477ab05b549b750fa32dc9a1bc61898f74ebf21,de947ec44a622d90f62e247e4cad4e4a81bb578c8249825f66cc44a0179ee3b2,8312500299471371879,0,22,default,{},1024,1024,2,16,verify_total,1.162764,,,,,,,,,,,,,phase,,,true,,,,,measured,within-stack pilot; no Groth16-versus-PLONK claim,os_cache_primer,false,true,ok,{},,,,,,
31a43ede-a5b0-47af-b68f-38f4cede5a27,2026-08-09T02:46:21.707905+00:00,C2-CONTROLLED-SNARK,controlled-groth16-pilot-v1,controlled_kernel,ark-groth16-0.6.0-bn254,5477ab05b549b750fa32dc9a1bc61898f74ebf21,de947ec44a622d90f62e247e4cad4e4a81bb578c8249825f66cc44a0179ee3b2,8312500299471371879,0,22,default,{},1024,1024,2,16,fft_ntt,,,,,,,,,,,,,,phase,,,true,,,ark-groth16 does not expose stable per-run phase hooks,,measured,within-stack pilot; no Groth16-versus-PLONK claim,os_cache_primer,false,false,unsupported,{},,,,,,
31a43ede-a5b0-47af-b68f-38f4cede5a27,2026-08-09T02:46:21.707918+00:00,C2-CONTROLLED-SNARK,controlled-groth16-pilot-v1,controlled_kernel,ark-groth16-0.6.0-bn254,5477ab05b549b750fa32dc9a1bc61898f74ebf21,de947ec44a622d90f62e247e4cad4e4a81bb578c8249825f66cc44a0179ee3b2,8312500299471371879,0,22,default,{},1024,1024,2,16,msm,,,,,,,,,,,,,,phase,,,true,,,ark-groth16 does not expose stable per-run phase hooks,,measured,within-stack pilot; no Groth16-versus-PLONK claim,os_cache_primer,false,false,unsupported,{},,,,,,
31a43ede-a5b0-47af-b68f-38f4cede5a27,2026-08-09T02:46:21.707930+00:00,C2-CONTROLLED-SNARK,controlled-groth16-pilot-v1,controlled_kernel,ark-groth16-0.6.0-bn254,5477ab05b549b750fa32dc9a1bc61898f74ebf21,de947ec44a622d90f62e247e4cad4e4a81bb578c8249825f66cc44a0179ee3b2,8312500299471371879,0,22,default,{},1024,1024,2,16,commitment,,,,,,,,,,,,,,phase,,,true,,,ark-groth16 does not expose stable per-run phase hooks,,measured,within-stack pilot; no Groth16-versus-PLONK claim,os_cache_primer,false,false,unsupported,{},,,,,,
31a43ede-a5b0-47af-b68f-38f4cede5a27,2026-08-09T02:46:21.707941+00:00,C2-CONTROLLED-SNARK,controlled-groth16-pilot-v1,controlled_kernel,ark-groth16-0.6.0-bn254,5477ab05b549b750fa32dc9a1bc61898f74ebf21,de947ec44a622d90f62e247e4cad4e4a81bb578c8249825f66cc44a0179ee3b2,8312500299471371879,0,22,default,{},1024,1024,2,16,key_load,,,,,,,,,,,,,,phase,,,true,,,ark-groth16 does not expose stable per-run phase hooks,,measured,within-stack pilot; no Groth16-versus-PLONK claim,os_cache_primer,false,false,unsupported,{},,,,,,
31a43ede-a5b0-47af-b68f-38f4cede5a27,2026-08-09T02:46:21.707954+00:00,C2-CONTROLLED-SNARK,controlled-groth16-pilot-v1,controlled_kernel,ark-groth16-0.6.0-bn254,5477ab05b549b750fa32dc9a1bc61898f74ebf21,de947ec44a622d90f62e247e4cad4e4a81bb578c8249825f66cc44a0179ee3b2,8312500299471371879,0,22,default,{},1024,1024,2,16,adapter_process_wall,144.189305,160.000000,7.265625,128,true,0,,1113,956,,,,linux-procfs,process,,,true,,,"private commit and per-process swap I/O are unavailable; VmSwap reports allocation, not swap traffic; No documented hardware or OS energy counter is configured in WSL2",,measured,within-stack pilot; no Groth16-versus-PLONK claim,os_cache_primer,false,true,ok,{},1024,2,1024,r1cs_constraints,5.0,27
cf70c4a0-f19c-4065-a998-e2d7c5aeecdc,2026-08-09T02:46:21.840203+00:00,C2-CONTROLLED-SNARK,controlled-groth16-pilot-v1,controlled_kernel,ark-groth16-0.6.0-bn254,5477ab05b549b750fa32dc9a1bc61898f74ebf21,de947ec44a622d90f62e247e4cad4e4a81bb578c8249825f66cc44a0179ee3b2,7451987720695188585,1,23,default,{},1024,1024,2,16,native_execution,0.026239,,,,,,,,,,,,,phase,,,true,,,,,measured,within-stack pilot; no Groth16-versus-PLONK claim,os_cache_primer,false,true,ok,"{""application_units"":1024.0}",,,,,,
cf70c4a0-f19c-4065-a998-e2d7c5aeecdc,2026-08-09T02:46:21.840317+00:00,C2-CONTROLLED-SNARK,controlled-groth16-pilot-v1,controlled_kernel,ark-groth16-0.6.0-bn254,5477ab05b549b750fa32dc9a1bc61898f74ebf21,de947ec44a622d90f62e247e4cad4e4a81bb578c8249825f66cc44a0179ee3b2,7451987720695188585,1,23,default,{},1024,1024,2,16,witness,29.140336,,,,,,,,,,,,,phase,,,true,,,,,measured,within-stack pilot; no Groth16-versus-PLONK claim,os_cache_primer,false,true,ok,"{""application_units"":1024.0,""constraint_count"":1024.0}",,,,,,
cf70c4a0-f19c-4065-a998-e2d7c5aeecdc,2026-08-09T02:46:21.840339+00:00,C2-CONTROLLED-SNARK,controlled-groth16-pilot-v1,controlled_kernel,ark-groth16-0.6.0-bn254,5477ab05b549b750fa32dc9a1bc61898f74ebf21,de947ec44a622d90f62e247e4cad4e4a81bb578c8249825f66cc44a0179ee3b2,7451987720695188585,1,23,default,{},1024,1024,2,16,setup_or_preprocess,30.259879,,,,,,,,,,,,,phase,,,true,,,,,measured,within-stack pilot; no Groth16-versus-PLONK claim,os_cache_primer,false,true,ok,"{""constraint_count"":1024.0}",,,,,,
cf70c4a0-f19c-4065-a998-e2d7c5aeecdc,2026-08-09T02:46:21.840355+00:00,C2-CONTROLLED-SNARK,controlled-groth16-pilot-v1,controlled_kernel,ark-groth16-0.6.0-bn254,5477ab05b549b750fa32dc9a1bc61898f74ebf21,de947ec44a622d90f62e247e4cad4e4a81bb578c8249825f66cc44a0179ee3b2,7451987720695188585,1,23,default,{},1024,1024,2,16,prove_total,30.754165,,,,,,,,,,,,,phase,,,true,,,,,measured,within-stack pilot; no Groth16-versus-PLONK claim,os_cache_primer,false,true,ok,"{""constraint_count"":1024.0}",,,,,,
cf70c4a0-f19c-4065-a998-e2d7c5aeecdc,2026-08-09T02:46:21.840368+00:00,C2-CONTROLLED-SNARK,controlled-groth16-pilot-v1,controlled_kernel,ark-groth16-0.6.0-bn254,5477ab05b549b750fa32dc9a1bc61898f74ebf21,de947ec44a622d90f62e247e4cad4e4a81bb578c8249825f66cc44a0179ee3b2,7451987720695188585,1,23,default,{},1024,1024,2,16,serialize,0.002775,,,,,,,,,,,,,phase,,,true,,,,,measured,within-stack pilot; no Groth16-versus-PLONK claim,os_cache_primer,false,true,ok,"{""proof_bytes"":128.0}",,,,,,
cf70c4a0-f19c-4065-a998-e2d7c5aeecdc,2026-08-09T02:46:21.840382+00:00,C2-CONTROLLED-SNARK,controlled-groth16-pilot-v1,controlled_kernel,ark-groth16-0.6.0-bn254,5477ab05b549b750fa32dc9a1bc61898f74ebf21,de947ec44a622d90f62e247e4cad4e4a81bb578c8249825f66cc44a0179ee3b2,7451987720695188585,1,23,default,{},1024,1024,2,16,deserialize,0.205293,,,,,,,,,,,,,phase,,,true,,,,,measured,within-stack pilot; no Groth16-versus-PLONK claim,os_cache_primer,false,true,ok,"{""proof_bytes"":128.0}",,,,,,
cf70c4a0-f19c-4065-a998-e2d7c5aeecdc,2026-08-09T02:46:21.840395+00:00,C2-CONTROLLED-SNARK,controlled-groth16-pilot-v1,controlled_kernel,ark-groth16-0.6.0-bn254,5477ab05b549b750fa32dc9a1bc61898f74ebf21,de947ec44a622d90f62e247e4cad4e4a81bb578c8249825f66cc44a0179ee3b2,7451987720695188585,1,23,default,{},1024,1024,2,16,verify_core,1.228516,,,,,,,,,,,,,phase,,,true,,,,,measured,within-stack pilot; no Groth16-versus-PLONK claim,os_cache_primer,false,true,ok,{},,,,,,
cf70c4a0-f19c-4065-a998-e2d7c5aeecdc,2026-08-09T02:46:21.840408+00:00,C2-CONTROLLED-SNARK,controlled-groth16-pilot-v1,controlled_kernel,ark-groth16-0.6.0-bn254,5477ab05b549b750fa32dc9a1bc61898f74ebf21,de947ec44a622d90f62e247e4cad4e4a81bb578c8249825f66cc44a0179ee3b2,7451987720695188585,1,23,default,{},1024,1024,2,16,verify_total,1.434159,,,,,,,,,,,,,phase,,,true,,,,,measured,within-stack pilot; no Groth16-versus-PLONK claim,os_cache_primer,false,true,ok,{},,,,,,
cf70c4a0-f19c-4065-a998-e2d7c5aeecdc,2026-08-09T02:46:21.840421+00:00,C2-CONTROLLED-SNARK,controlled-groth16-pilot-v1,controlled_kernel,ark-groth16-0.6.0-bn254,5477ab05b549b750fa32dc9a1bc61898f74ebf21,de947ec44a622d90f62e247e4cad4e4a81bb578c8249825f66cc44a0179ee3b2,7451987720695188585,1,23,default,{},1024,1024,2,16,fft_ntt,,,,,,,,,,,,,,phase,,,true,,,ark-groth16 does not expose stable per-run phase hooks,,measured,within-stack pilot; no Groth16-versus-PLONK claim,os_cache_primer,false,false,unsupported,{},,,,,,
cf70c4a0-f19c-4065-a998-e2d7c5aeecdc,2026-08-09T02:46:21.840467+00:00,C2-CONTROLLED-SNARK,controlled-groth16-pilot-v1,controlled_kernel,ark-groth16-0.6.0-bn254,5477ab05b549b750fa32dc9a1bc61898f74ebf21,de947ec44a622d90f62e247e4cad4e4a81bb578c8249825f66cc44a0179ee3b2,7451987720695188585,1,23,default,{},1024,1024,2,16,msm,,,,,,,,,,,,,,phase,,,true,,,ark-groth16 does not expose stable per-run phase hooks,,measured,within-stack pilot; no Groth16-versus-PLONK claim,os_cache_primer,false,false,unsupported,{},,,,,,
cf70c4a0-f19c-4065-a998-e2d7c5aeecdc,2026-08-09T02:46:21.840486+00:00,C2-CONTROLLED-SNARK,controlled-groth16-pilot-v1,controlled_kernel,ark-groth16-0.6.0-bn254,5477ab05b549b750fa32dc9a1bc61898f74ebf21,de947ec44a622d90f62e247e4cad4e4a81bb578c8249825f66cc44a0179ee3b2,7451987720695188585,1,23,default,{},1024,1024,2,16,commitment,,,,,,,,,,,,,,phase,,,true,,,ark-groth16 does not expose stable per-run phase hooks,,measured,within-stack pilot; no Groth16-versus-PLONK claim,os_cache_primer,false,false,unsupported,{},,,,,,
cf70c4a0-f19c-4065-a998-e2d7c5aeecdc,2026-08-09T02:46:21.840500+00:00,C2-CONTROLLED-SNARK,controlled-groth16-pilot-v1,controlled_kernel,ark-groth16-0.6.0-bn254,5477ab05b549b750fa32dc9a1bc61898f74ebf21,de947ec44a622d90f62e247e4cad4e4a81bb578c8249825f66cc44a0179ee3b2,7451987720695188585,1,23,default,{},1024,1024,2,16,key_load,,,,,,,,,,,,,,phase,,,true,,,ark-groth16 does not expose stable per-run phase hooks,,measured,within-stack pilot; no Groth16-versus-PLONK claim,os_cache_primer,false,false,unsupported,{},,,,,,
cf70c4a0-f19c-4065-a998-e2d7c5aeecdc,2026-08-09T02:46:21.840514+00:00,C2-CONTROLLED-SNARK,controlled-groth16-pilot-v1,controlled_kernel,ark-groth16-0.6.0-bn254,5477ab05b549b750fa32dc9a1bc61898f74ebf21,de947ec44a622d90f62e247e4cad4e4a81bb578c8249825f66cc44a0179ee3b2,7451987720695188585,1,23,default,{},1024,1024,2,16,adapter_process_wall,131.120538,160.000000,7.339844,128,true,0,,1097,956,,,,linux-procfs,process,,,true,,,"private commit and per-process swap I/O are unavailable; VmSwap reports allocation, not swap traffic; No documented hardware or OS energy counter is configured in WSL2",,measured,within-stack pilot; no Groth16-versus-PLONK claim,os_cache_primer,false,true,ok,{},1024,2,1024,r1cs_constraints,5.0,24
3e69db44-5322-4ec7-b645-fdb5a20146af,2026-08-09T02:46:22.032296+00:00,C2-CONTROLLED-SNARK,controlled-groth16-pilot-v1,controlled_kernel,ark-groth16-0.6.0-bn254,5477ab05b549b750fa32dc9a1bc61898f74ebf21,de947ec44a622d90f62e247e4cad4e4a81bb578c8249825f66cc44a0179ee3b2,5655495124030551440,0,24,default,{},1024,1024,4,16,native_execution,0.568032,,,,,,,,,,,,,phase,,,true,,,,,measured,within-stack pilot; no Groth16-versus-PLONK claim,os_cache_primer,false,true,ok,"{""application_units"":1024.0}",,,,,,
3e69db44-5322-4ec7-b645-fdb5a20146af,2026-08-09T02:46:22.032363+00:00,C2-CONTROLLED-SNARK,controlled-groth16-pilot-v1,controlled_kernel,ark-groth16-0.6.0-bn254,5477ab05b549b750fa32dc9a1bc61898f74ebf21,de947ec44a622d90f62e247e4cad4e4a81bb578c8249825f66cc44a0179ee3b2,5655495124030551440,0,24,default,{},1024,1024,4,16,witness,73.978655,,,,,,,,,,,,,phase,,,true,,,,,measured,within-stack pilot; no Groth16-versus-PLONK claim,os_cache_primer,false,true,ok,"{""application_units"":1024.0,""constraint_count"":1024.0}",,,,,,
3e69db44-5322-4ec7-b645-fdb5a20146af,2026-08-09T02:46:22.032384+00:00,C2-CONTROLLED-SNARK,controlled-groth16-pilot-v1,controlled_kernel,ark-groth16-0.6.0-bn254,5477ab05b549b750fa32dc9a1bc61898f74ebf21,de947ec44a622d90f62e247e4cad4e4a81bb578c8249825f66cc44a0179ee3b2,5655495124030551440,0,24,default,{},1024,1024,4,16,setup_or_preprocess,24.897571,,,,,,,,,,,,,phase,,,true,,,,,measured,within-stack pilot; no Groth16-versus-PLONK claim,os_cache_primer,false,true,ok,"{""constraint_count"":1024.0}",,,,,,
3e69db44-5322-4ec7-b645-fdb5a20146af,2026-08-09T02:46:22.032399+00:00,C2-CONTROLLED-SNARK,controlled-groth16-pilot-v1,controlled_kernel,ark-groth16-0.6.0-bn254,5477ab05b549b750fa32dc9a1bc61898f74ebf21,de947ec44a622d90f62e247e4cad4e4a81bb578c8249825f66cc44a0179ee3b2,5655495124030551440,0,24,default,{},1024,1024,4,16,prove_total,40.475870,,,,,,,,,,,,,phase,,,true,,,,,measured,within-stack pilot; no Groth16-versus-PLONK claim,os_cache_primer,false,true,ok,"{""constraint_count"":1024.0}",,,,,,
3e69db44-5322-4ec7-b645-fdb5a20146af,2026-08-09T02:46:22.032413+00:00,C2-CONTROLLED-SNARK,controlled-groth16-pilot-v1,controlled_kernel,ark-groth16-0.6.0-bn254,5477ab05b549b750fa32dc9a1bc61898f74ebf21,de947ec44a622d90f62e247e4cad4e4a81bb578c8249825f66cc44a0179ee3b2,5655495124030551440,0,24,default,{},1024,1024,4,16,serialize,0.003356,,,,,,,,,,,,,phase,,,true,,,,,measured,within-stack pilot; no Groth16-versus-PLONK claim,os_cache_primer,false,true,ok,"{""proof_bytes"":128.0}",,,,,,
3e69db44-5322-4ec7-b645-fdb5a20146af,2026-08-09T02:46:22.032426+00:00,C2-CONTROLLED-SNARK,controlled-groth16-pilot-v1,controlled_kernel,ark-groth16-0.6.0-bn254,5477ab05b549b750fa32dc9a1bc61898f74ebf21,de947ec44a622d90f62e247e4cad4e4a81bb578c8249825f66cc44a0179ee3b2,5655495124030551440,0,24,default,{},1024,1024,4,16,deserialize,0.192568,,,,,,,,,,,,,phase,,,true,,,,,measured,within-stack pilot; no Groth16-versus-PLONK claim,os_cache_primer,false,true,ok,"{""proof_bytes"":128.0}",,,,,,
3e69db44-5322-4ec7-b645-fdb5a20146af,2026-08-09T02:46:22.032439+00:00,C2-CONTROLLED-SNARK,controlled-groth16-pilot-v1,controlled_kernel,ark-groth16-0.6.0-bn254,5477ab05b549b750fa32dc9a1bc61898f74ebf21,de947ec44a622d90f62e247e4cad4e4a81bb578c8249825f66cc44a0179ee3b2,5655495124030551440,0,24,default,{},1024,1024,4,16,verify_core,1.054832,,,,,,,,,,,,,phase,,,true,,,,,measured,within-stack pilot; no Groth16-versus-PLONK claim,os_cache_primer,false,true,ok,{},,,,,,
3e69db44-5322-4ec7-b645-fdb5a20146af,2026-08-09T02:46:22.032451+00:00,C2-CONTROLLED-SNARK,controlled-groth16-pilot-v1,controlled_kernel,ark-groth16-0.6.0-bn254,5477ab05b549b750fa32dc9a1bc61898f74ebf21,de947ec44a622d90f62e247e4cad4e4a81bb578c8249825f66cc44a0179ee3b2,5655495124030551440,0,24,default,{},1024,1024,4,16,verify_total,1.247491,,,,,,,,,,,,,phase,,,true,,,,,measured,within-stack pilot; no Groth16-versus-PLONK claim,os_cache_primer,false,true,ok,{},,,,,,
3e69db44-5322-4ec7-b645-fdb5a20146af,2026-08-09T02:46:22.032464+00:00,C2-CONTROLLED-SNARK,controlled-groth16-pilot-v1,controlled_kernel,ark-groth16-0.6.0-bn254,5477ab05b549b750fa32dc9a1bc61898f74ebf21,de947ec44a622d90f62e247e4cad4e4a81bb578c8249825f66cc44a0179ee3b2,5655495124030551440,0,24,default,{},1024,1024,4,16,fft_ntt,,,,,,,,,,,,,,phase,,,true,,,ark-groth16 does not expose stable per-run phase hooks,,measured,within-stack pilot; no Groth16-versus-PLONK claim,os_cache_primer,false,false,unsupported,{},,,,,,
3e69db44-5322-4ec7-b645-fdb5a20146af,2026-08-09T02:46:22.032477+00:00,C2-CONTROLLED-SNARK,controlled-groth16-pilot-v1,controlled_kernel,ark-groth16-0.6.0-bn254,5477ab05b549b750fa32dc9a1bc61898f74ebf21,de947ec44a622d90f62e247e4cad4e4a81bb578c8249825f66cc44a0179ee3b2,5655495124030551440,0,24,default,{},1024,1024,4,16,msm,,,,,,,,,,,,,,phase,,,true,,,ark-groth16 does not expose stable per-run phase hooks,,measured,within-stack pilot; no Groth16-versus-PLONK claim,os_cache_primer,false,false,unsupported,{},,,,,,
3e69db44-5322-4ec7-b645-fdb5a20146af,2026-08-09T02:46:22.032490+00:00,C2-CONTROLLED-SNARK,controlled-groth16-pilot-v1,controlled_kernel,ark-groth16-0.6.0-bn254,5477ab05b549b750fa32dc9a1bc61898f74ebf21,de947ec44a622d90f62e247e4cad4e4a81bb578c8249825f66cc44a0179ee3b2,5655495124030551440,0,24,default,{},1024,1024,4,16,commitment,,,,,,,,,,,,,,phase,,,true,,,ark-groth16 does not expose stable per-run phase hooks,,measured,within-stack pilot; no Groth16-versus-PLONK claim,os_cache_primer,false,false,unsupported,{},,,,,,
3e69db44-5322-4ec7-b645-fdb5a20146af,2026-08-09T02:46:22.032502+00:00,C2-CONTROLLED-SNARK,controlled-groth16-pilot-v1,controlled_kernel,ark-groth16-0.6.0-bn254,5477ab05b549b750fa32dc9a1bc61898f74ebf21,de947ec44a622d90f62e247e4cad4e4a81bb578c8249825f66cc44a0179ee3b2,5655495124030551440,0,24,default,{},1024,1024,4,16,key_load,,,,,,,,,,,,,,phase,,,true,,,ark-groth16 does not expose stable per-run phase hooks,,measured,within-stack pilot; no Groth16-versus-PLONK claim,os_cache_primer,false,false,unsupported,{},,,,,,
3e69db44-5322-4ec7-b645-fdb5a20146af,2026-08-09T02:46:22.032514+00:00,C2-CONTROLLED-SNARK,controlled-groth16-pilot-v1,controlled_kernel,ark-groth16-0.6.0-bn254,5477ab05b549b750fa32dc9a1bc61898f74ebf21,de947ec44a622d90f62e247e4cad4e4a81bb578c8249825f66cc44a0179ee3b2,5655495124030551440,0,24,default,{},1024,1024,4,16,adapter_process_wall,190.806305,340.000000,7.804688,128,true,0,,1290,956,,,,linux-procfs,process,,,true,,,"private commit and per-process swap I/O are unavailable; VmSwap reports allocation, not swap traffic; No documented hardware or OS energy counter is configured in WSL2",,measured,within-stack pilot; no Groth16-versus-PLONK claim,os_cache_primer,false,true,ok,{},1024,2,1024,r1cs_constraints,5.0,35
bdd78c25-caea-468a-82d4-f291b6ecc9ef,2026-08-09T02:46:22.206006+00:00,C2-CONTROLLED-SNARK,controlled-groth16-pilot-v1,controlled_kernel,ark-groth16-0.6.0-bn254,5477ab05b549b750fa32dc9a1bc61898f74ebf21,de947ec44a622d90f62e247e4cad4e4a81bb578c8249825f66cc44a0179ee3b2,6512386680927686897,1,25,default,{},1024,1024,4,16,native_execution,0.028643,,,,,,,,,,,,,phase,,,true,,,,,measured,within-stack pilot; no Groth16-versus-PLONK claim,os_cache_primer,false,true,ok,"{""application_units"":1024.0}",,,,,,
bdd78c25-caea-468a-82d4-f291b6ecc9ef,2026-08-09T02:46:22.206114+00:00,C2-CONTROLLED-SNARK,controlled-groth16-pilot-v1,controlled_kernel,ark-groth16-0.6.0-bn254,5477ab05b549b750fa32dc9a1bc61898f74ebf21,de947ec44a622d90f62e247e4cad4e4a81bb578c8249825f66cc44a0179ee3b2,6512386680927686897,1,25,default,{},1024,1024,4,16,witness,72.450652,,,,,,,,,,,,,phase,,,true,,,,,measured,within-stack pilot; no Groth16-versus-PLONK claim,os_cache_primer,false,true,ok,"{""application_units"":1024.0,""constraint_count"":1024.0}",,,,,,
bdd78c25-caea-468a-82d4-f291b6ecc9ef,2026-08-09T02:46:22.206140+00:00,C2-CONTROLLED-SNARK,controlled-groth16-pilot-v1,controlled_kernel,ark-groth16-0.6.0-bn254,5477ab05b549b750fa32dc9a1bc61898f74ebf21,de947ec44a622d90f62e247e4cad4e4a81bb578c8249825f66cc44a0179ee3b2,6512386680927686897,1,25,default,{},1024,1024,4,16,setup_or_preprocess,20.863083,,,,,,,,,,,,,phase,,,true,,,,,measured,within-stack pilot; no Groth16-versus-PLONK claim,os_cache_primer,false,true,ok,"{""constraint_count"":1024.0}",,,,,,
bdd78c25-caea-468a-82d4-f291b6ecc9ef,2026-08-09T02:46:22.206159+00:00,C2-CONTROLLED-SNARK,controlled-groth16-pilot-v1,controlled_kernel,ark-groth16-0.6.0-bn254,5477ab05b549b750fa32dc9a1bc61898f74ebf21,de947ec44a622d90f62e247e4cad4e4a81bb578c8249825f66cc44a0179ee3b2,6512386680927686897,1,25,default,{},1024,1024,4,16,prove_total,39.026681,,,,,,,,,,,,,phase,,,true,,,,,measured,within-stack pilot; no Groth16-versus-PLONK claim,os_cache_primer,false,true,ok,"{""constraint_count"":1024.0}",,,,,,
bdd78c25-caea-468a-82d4-f291b6ecc9ef,2026-08-09T02:46:22.206177+00:00,C2-CONTROLLED-SNARK,controlled-groth16-pilot-v1,controlled_kernel,ark-groth16-0.6.0-bn254,5477ab05b549b750fa32dc9a1bc61898f74ebf21,de947ec44a622d90f62e247e4cad4e4a81bb578c8249825f66cc44a0179ee3b2,6512386680927686897,1,25,default,{},1024,1024,4,16,serialize,0.002354,,,,,,,,,,,,,phase,,,true,,,,,measured,within-stack pilot; no Groth16-versus-PLONK claim,os_cache_primer,false,true,ok,"{""proof_bytes"":128.0}",,,,,,
bdd78c25-caea-468a-82d4-f291b6ecc9ef,2026-08-09T02:46:22.206224+00:00,C2-CONTROLLED-SNARK,controlled-groth16-pilot-v1,controlled_kernel,ark-groth16-0.6.0-bn254,5477ab05b549b750fa32dc9a1bc61898f74ebf21,de947ec44a622d90f62e247e4cad4e4a81bb578c8249825f66cc44a0179ee3b2,6512386680927686897,1,25,default,{},1024,1024,4,16,deserialize,0.163274,,,,,,,,,,,,,phase,,,true,,,,,measured,within-stack pilot; no Groth16-versus-PLONK claim,os_cache_primer,false,true,ok,"{""proof_bytes"":128.0}",,,,,,
bdd78c25-caea-468a-82d4-f291b6ecc9ef,2026-08-09T02:46:22.206259+00:00,C2-CONTROLLED-SNARK,controlled-groth16-pilot-v1,controlled_kernel,ark-groth16-0.6.0-bn254,5477ab05b549b750fa32dc9a1bc61898f74ebf21,de947ec44a622d90f62e247e4cad4e4a81bb578c8249825f66cc44a0179ee3b2,6512386680927686897,1,25,default,{},1024,1024,4,16,verify_core,0.988560,,,,,,,,,,,,,phase,,,true,,,,,measured,within-stack pilot; no Groth16-versus-PLONK claim,os_cache_primer,false,true,ok,{},,,,,,
bdd78c25-caea-468a-82d4-f291b6ecc9ef,2026-08-09T02:46:22.206280+00:00,C2-CONTROLLED-SNARK,controlled-groth16-pilot-v1,controlled_kernel,ark-groth16-0.6.0-bn254,5477ab05b549b750fa32dc9a1bc61898f74ebf21,de947ec44a622d90f62e247e4cad4e4a81bb578c8249825f66cc44a0179ee3b2,6512386680927686897,1,25,default,{},1024,1024,4,16,verify_total,1.151924,,,,,,,,,,,,,phase,,,true,,,,,measured,within-stack pilot; no Groth16-versus-PLONK claim,os_cache_primer,false,true,ok,{},,,,,,
bdd78c25-caea-468a-82d4-f291b6ecc9ef,2026-08-09T02:46:22.206297+00:00,C2-CONTROLLED-SNARK,controlled-groth16-pilot-v1,controlled_kernel,ark-groth16-0.6.0-bn254,5477ab05b549b750fa32dc9a1bc61898f74ebf21,de947ec44a622d90f62e247e4cad4e4a81bb578c8249825f66cc44a0179ee3b2,6512386680927686897,1,25,default,{},1024,1024,4,16,fft_ntt,,,,,,,,,,,,,,phase,,,true,,,ark-groth16 does not expose stable per-run phase hooks,,measured,within-stack pilot; no Groth16-versus-PLONK claim,os_cache_primer,false,false,unsupported,{},,,,,,
bdd78c25-caea-468a-82d4-f291b6ecc9ef,2026-08-09T02:46:22.206313+00:00,C2-CONTROLLED-SNARK,controlled-groth16-pilot-v1,controlled_kernel,ark-groth16-0.6.0-bn254,5477ab05b549b750fa32dc9a1bc61898f74ebf21,de947ec44a622d90f62e247e4cad4e4a81bb578c8249825f66cc44a0179ee3b2,6512386680927686897,1,25,default,{},1024,1024,4,16,msm,,,,,,,,,,,,,,phase,,,true,,,ark-groth16 does not expose stable per-run phase hooks,,measured,within-stack pilot; no Groth16-versus-PLONK claim,os_cache_primer,false,false,unsupported,{},,,,,,
bdd78c25-caea-468a-82d4-f291b6ecc9ef,2026-08-09T02:46:22.206330+00:00,C2-CONTROLLED-SNARK,controlled-groth16-pilot-v1,controlled_kernel,ark-groth16-0.6.0-bn254,5477ab05b549b750fa32dc9a1bc61898f74ebf21,de947ec44a622d90f62e247e4cad4e4a81bb578c8249825f66cc44a0179ee3b2,6512386680927686897,1,25,default,{},1024,1024,4,16,commitment,,,,,,,,,,,,,,phase,,,true,,,ark-groth16 does not expose stable per-run phase hooks,,measured,within-stack pilot; no Groth16-versus-PLONK claim,os_cache_primer,false,false,unsupported,{},,,,,,
bdd78c25-caea-468a-82d4-f291b6ecc9ef,2026-08-09T02:46:22.206345+00:00,C2-CONTROLLED-SNARK,controlled-groth16-pilot-v1,controlled_kernel,ark-groth16-0.6.0-bn254,5477ab05b549b750fa32dc9a1bc61898f74ebf21,de947ec44a622d90f62e247e4cad4e4a81bb578c8249825f66cc44a0179ee3b2,6512386680927686897,1,25,default,{},1024,1024,4,16,key_load,,,,,,,,,,,,,,phase,,,true,,,ark-groth16 does not expose stable per-run phase hooks,,measured,within-stack pilot; no Groth16-versus-PLONK claim,os_cache_primer,false,false,unsupported,{},,,,,,
bdd78c25-caea-468a-82d4-f291b6ecc9ef,2026-08-09T02:46:22.206361+00:00,C2-CONTROLLED-SNARK,controlled-groth16-pilot-v1,controlled_kernel,ark-groth16-0.6.0-bn254,5477ab05b549b750fa32dc9a1bc61898f74ebf21,de947ec44a622d90f62e247e4cad4e4a81bb578c8249825f66cc44a0179ee3b2,6512386680927686897,1,25,default,{},1024,1024,4,16,adapter_process_wall,172.480864,340.000000,8.046875,128,true,0,,1301,956,,,,linux-procfs,process,,,true,,,"private commit and per-process swap I/O are unavailable; VmSwap reports allocation, not swap traffic; No documented hardware or OS energy counter is configured in WSL2",,measured,within-stack pilot; no Groth16-versus-PLONK claim,os_cache_primer,false,true,ok,{},1024,2,1024,r1cs_constraints,5.0,32
f64674ef-a7e9-45c3-8fae-9b9e35027868,2026-08-09T02:46:22.522933+00:00,C2-CONTROLLED-SNARK,controlled-groth16-pilot-v1,controlled_kernel,ark-groth16-0.6.0-bn254,5477ab05b549b750fa32dc9a1bc61898f74ebf21,de947ec44a622d90f62e247e4cad4e4a81bb578c8249825f66cc44a0179ee3b2,7784480811585125317,0,26,default,{},1024,1024,8,16,native_execution,0.613572,,,,,,,,,,,,,phase,,,true,,,,,measured,within-stack pilot; no Groth16-versus-PLONK claim,os_cache_primer,false,true,ok,"{""application_units"":1024.0}",,,,,,
f64674ef-a7e9-45c3-8fae-9b9e35027868,2026-08-09T02:46:22.523025+00:00,C2-CONTROLLED-SNARK,controlled-groth16-pilot-v1,controlled_kernel,ark-groth16-0.6.0-bn254,5477ab05b549b750fa32dc9a1bc61898f74ebf21,de947ec44a622d90f62e247e4cad4e4a81bb578c8249825f66cc44a0179ee3b2,7784480811585125317,0,26,default,{},1024,1024,8,16,witness,176.168106,,,,,,,,,,,,,phase,,,true,,,,,measured,within-stack pilot; no Groth16-versus-PLONK claim,os_cache_primer,false,true,ok,"{""application_units"":1024.0,""constraint_count"":1024.0}",,,,,,
f64674ef-a7e9-45c3-8fae-9b9e35027868,2026-08-09T02:46:22.523047+00:00,C2-CONTROLLED-SNARK,controlled-groth16-pilot-v1,controlled_kernel,ark-groth16-0.6.0-bn254,5477ab05b549b750fa32dc9a1bc61898f74ebf21,de947ec44a622d90f62e247e4cad4e4a81bb578c8249825f66cc44a0179ee3b2,7784480811585125317,0,26,default,{},1024,1024,8,16,setup_or_preprocess,23.933241,,,,,,,,,,,,,phase,,,true,,,,,measured,within-stack pilot; no Groth16-versus-PLONK claim,os_cache_primer,false,true,ok,"{""constraint_count"":1024.0}",,,,,,
f64674ef-a7e9-45c3-8fae-9b9e35027868,2026-08-09T02:46:22.523063+00:00,C2-CONTROLLED-SNARK,controlled-groth16-pilot-v1,controlled_kernel,ark-groth16-0.6.0-bn254,5477ab05b549b750fa32dc9a1bc61898f74ebf21,de947ec44a622d90f62e247e4cad4e4a81bb578c8249825f66cc44a0179ee3b2,7784480811585125317,0,26,default,{},1024,1024,8,16,prove_total,64.482579,,,,,,,,,,,,,phase,,,true,,,,,measured,within-stack pilot; no Groth16-versus-PLONK claim,os_cache_primer,false,true,ok,"{""constraint_count"":1024.0}",,,,,,
f64674ef-a7e9-45c3-8fae-9b9e35027868,2026-08-09T02:46:22.523077+00:00,C2-CONTROLLED-SNARK,controlled-groth16-pilot-v1,controlled_kernel,ark-groth16-0.6.0-bn254,5477ab05b549b750fa32dc9a1bc61898f74ebf21,de947ec44a622d90f62e247e4cad4e4a81bb578c8249825f66cc44a0179ee3b2,7784480811585125317,0,26,default,{},1024,1024,8,16,serialize,0.002635,,,,,,,,,,,,,phase,,,true,,,,,measured,within-stack pilot; no Groth16-versus-PLONK claim,os_cache_primer,false,true,ok,"{""proof_bytes"":128.0}",,,,,,
f64674ef-a7e9-45c3-8fae-9b9e35027868,2026-08-09T02:46:22.523090+00:00,C2-CONTROLLED-SNARK,controlled-groth16-pilot-v1,controlled_kernel,ark-groth16-0.6.0-bn254,5477ab05b549b750fa32dc9a1bc61898f74ebf21,de947ec44a622d90f62e247e4cad4e4a81bb578c8249825f66cc44a0179ee3b2,7784480811585125317,0,26,default,{},1024,1024,8,16,deserialize,0.207176,,,,,,,,,,,,,phase,,,true,,,,,measured,within-stack pilot; no Groth16-versus-PLONK claim,os_cache_primer,false,true,ok,"{""proof_bytes"":128.0}",,,,,,
f64674ef-a7e9-45c3-8fae-9b9e35027868,2026-08-09T02:46:22.523103+00:00,C2-CONTROLLED-SNARK,controlled-groth16-pilot-v1,controlled_kernel,ark-groth16-0.6.0-bn254,5477ab05b549b750fa32dc9a1bc61898f74ebf21,de947ec44a622d90f62e247e4cad4e4a81bb578c8249825f66cc44a0179ee3b2,7784480811585125317,0,26,default,{},1024,1024,8,16,verify_core,1.171761,,,,,,,,,,,,,phase,,,true,,,,,measured,within-stack pilot; no Groth16-versus-PLONK claim,os_cache_primer,false,true,ok,{},,,,,,
f64674ef-a7e9-45c3-8fae-9b9e35027868,2026-08-09T02:46:22.523116+00:00,C2-CONTROLLED-SNARK,controlled-groth16-pilot-v1,controlled_kernel,ark-groth16-0.6.0-bn254,5477ab05b549b750fa32dc9a1bc61898f74ebf21,de947ec44a622d90f62e247e4cad4e4a81bb578c8249825f66cc44a0179ee3b2,7784480811585125317,0,26,default,{},1024,1024,8,16,verify_total,1.379247,,,,,,,,,,,,,phase,,,true,,,,,measured,within-stack pilot; no Groth16-versus-PLONK claim,os_cache_primer,false,true,ok,{},,,,,,
f64674ef-a7e9-45c3-8fae-9b9e35027868,2026-08-09T02:46:22.523129+00:00,C2-CONTROLLED-SNARK,controlled-groth16-pilot-v1,controlled_kernel,ark-groth16-0.6.0-bn254,5477ab05b549b750fa32dc9a1bc61898f74ebf21,de947ec44a622d90f62e247e4cad4e4a81bb578c8249825f66cc44a0179ee3b2,7784480811585125317,0,26,default,{},1024,1024,8,16,fft_ntt,,,,,,,,,,,,,,phase,,,true,,,ark-groth16 does not expose stable per-run phase hooks,,measured,within-stack pilot; no Groth16-versus-PLONK claim,os_cache_primer,false,false,unsupported,{},,,,,,
f64674ef-a7e9-45c3-8fae-9b9e35027868,2026-08-09T02:46:22.523142+00:00,C2-CONTROLLED-SNARK,controlled-groth16-pilot-v1,controlled_kernel,ark-groth16-0.6.0-bn254,5477ab05b549b750fa32dc9a1bc61898f74ebf21,de947ec44a622d90f62e247e4cad4e4a81bb578c8249825f66cc44a0179ee3b2,7784480811585125317,0,26,default,{},1024,1024,8,16,msm,,,,,,,,,,,,,,phase,,,true,,,ark-groth16 does not expose stable per-run phase hooks,,measured,within-stack pilot; no Groth16-versus-PLONK claim,os_cache_primer,false,false,unsupported,{},,,,,,
f64674ef-a7e9-45c3-8fae-9b9e35027868,2026-08-09T02:46:22.523155+00:00,C2-CONTROLLED-SNARK,controlled-groth16-pilot-v1,controlled_kernel,ark-groth16-0.6.0-bn254,5477ab05b549b750fa32dc9a1bc61898f74ebf21,de947ec44a622d90f62e247e4cad4e4a81bb578c8249825f66cc44a0179ee3b2,7784480811585125317,0,26,default,{},1024,1024,8,16,commitment,,,,,,,,,,,,,,phase,,,true,,,ark-groth16 does not expose stable per-run phase hooks,,measured,within-stack pilot; no Groth16-versus-PLONK claim,os_cache_primer,false,false,unsupported,{},,,,,,
f64674ef-a7e9-45c3-8fae-9b9e35027868,2026-08-09T02:46:22.523167+00:00,C2-CONTROLLED-SNARK,controlled-groth16-pilot-v1,controlled_kernel,ark-groth16-0.6.0-bn254,5477ab05b549b750fa32dc9a1bc61898f74ebf21,de947ec44a622d90f62e247e4cad4e4a81bb578c8249825f66cc44a0179ee3b2,7784480811585125317,0,26,default,{},1024,1024,8,16,key_load,,,,,,,,,,,,,,phase,,,true,,,ark-groth16 does not expose stable per-run phase hooks,,measured,within-stack pilot; no Groth16-versus-PLONK claim,os_cache_primer,false,false,unsupported,{},,,,,,
f64674ef-a7e9-45c3-8fae-9b9e35027868,2026-08-09T02:46:22.523180+00:00,C2-CONTROLLED-SNARK,controlled-groth16-pilot-v1,controlled_kernel,ark-groth16-0.6.0-bn254,5477ab05b549b750fa32dc9a1bc61898f74ebf21,de947ec44a622d90f62e247e4cad4e4a81bb578c8249825f66cc44a0179ee3b2,7784480811585125317,0,26,default,{},1024,1024,8,16,adapter_process_wall,315.465831,770.000000,8.722656,128,true,0,,1457,956,,,,linux-procfs,process,,,true,,,"private commit and per-process swap I/O are unavailable; VmSwap reports allocation, not swap traffic; No documented hardware or OS energy counter is configured in WSL2",,measured,within-stack pilot; no Groth16-versus-PLONK claim,os_cache_primer,false,true,ok,{},1024,2,1024,r1cs_constraints,5.0,59
ca7189a5-773d-48c3-9989-3ade2d988caf,2026-08-09T02:46:22.831337+00:00,C2-CONTROLLED-SNARK,controlled-groth16-pilot-v1,controlled_kernel,ark-groth16-0.6.0-bn254,5477ab05b549b750fa32dc9a1bc61898f74ebf21,de947ec44a622d90f62e247e4cad4e4a81bb578c8249825f66cc44a0179ee3b2,8865456465512341846,1,27,default,{},1024,1024,8,16,native_execution,0.025998,,,,,,,,,,,,,phase,,,true,,,,,measured,within-stack pilot; no Groth16-versus-PLONK claim,os_cache_primer,false,true,ok,"{""application_units"":1024.0}",,,,,,
ca7189a5-773d-48c3-9989-3ade2d988caf,2026-08-09T02:46:22.831400+00:00,C2-CONTROLLED-SNARK,controlled-groth16-pilot-v1,controlled_kernel,ark-groth16-0.6.0-bn254,5477ab05b549b750fa32dc9a1bc61898f74ebf21,de947ec44a622d90f62e247e4cad4e4a81bb578c8249825f66cc44a0179ee3b2,8865456465512341846,1,27,default,{},1024,1024,8,16,witness,172.523965,,,,,,,,,,,,,phase,,,true,,,,,measured,within-stack pilot; no Groth16-versus-PLONK claim,os_cache_primer,false,true,ok,"{""application_units"":1024.0,""constraint_count"":1024.0}",,,,,,
ca7189a5-773d-48c3-9989-3ade2d988caf,2026-08-09T02:46:22.831421+00:00,C2-CONTROLLED-SNARK,controlled-groth16-pilot-v1,controlled_kernel,ark-groth16-0.6.0-bn254,5477ab05b549b750fa32dc9a1bc61898f74ebf21,de947ec44a622d90f62e247e4cad4e4a81bb578c8249825f66cc44a0179ee3b2,8865456465512341846,1,27,default,{},1024,1024,8,16,setup_or_preprocess,21.202084,,,,,,,,,,,,,phase,,,true,,,,,measured,within-stack pilot; no Groth16-versus-PLONK claim,os_cache_primer,false,true,ok,"{""constraint_count"":1024.0}",,,,,,
ca7189a5-773d-48c3-9989-3ade2d988caf,2026-08-09T02:46:22.831436+00:00,C2-CONTROLLED-SNARK,controlled-groth16-pilot-v1,controlled_kernel,ark-groth16-0.6.0-bn254,5477ab05b549b750fa32dc9a1bc61898f74ebf21,de947ec44a622d90f62e247e4cad4e4a81bb578c8249825f66cc44a0179ee3b2,8865456465512341846,1,27,default,{},1024,1024,8,16,prove_total,72.123352,,,,,,,,,,,,,phase,,,true,,,,,measured,within-stack pilot; no Groth16-versus-PLONK claim,os_cache_primer,false,true,ok,"{""constraint_count"":1024.0}",,,,,,
ca7189a5-773d-48c3-9989-3ade2d988caf,2026-08-09T02:46:22.831449+00:00,C2-CONTROLLED-SNARK,controlled-groth16-pilot-v1,controlled_kernel,ark-groth16-0.6.0-bn254,5477ab05b549b750fa32dc9a1bc61898f74ebf21,de947ec44a622d90f62e247e4cad4e4a81bb578c8249825f66cc44a0179ee3b2,8865456465512341846,1,27,default,{},1024,1024,8,16,serialize,0.002955,,,,,,,,,,,,,phase,,,true,,,,,measured,within-stack pilot; no Groth16-versus-PLONK claim,os_cache_primer,false,true,ok,"{""proof_bytes"":128.0}",,,,,,
ca7189a5-773d-48c3-9989-3ade2d988caf,2026-08-09T02:46:22.831463+00:00,C2-CONTROLLED-SNARK,controlled-groth16-pilot-v1,controlled_kernel,ark-groth16-0.6.0-bn254,5477ab05b549b750fa32dc9a1bc61898f74ebf21,de947ec44a622d90f62e247e4cad4e4a81bb578c8249825f66cc44a0179ee3b2,8865456465512341846,1,27,default,{},1024,1024,8,16,deserialize,0.207236,,,,,,,,,,,,,phase,,,true,,,,,measured,within-stack pilot; no Groth16-versus-PLONK claim,os_cache_primer,false,true,ok,"{""proof_bytes"":128.0}",,,,,,
ca7189a5-773d-48c3-9989-3ade2d988caf,2026-08-09T02:46:22.831476+00:00,C2-CONTROLLED-SNARK,controlled-groth16-pilot-v1,controlled_kernel,ark-groth16-0.6.0-bn254,5477ab05b549b750fa32dc9a1bc61898f74ebf21,de947ec44a622d90f62e247e4cad4e4a81bb578c8249825f66cc44a0179ee3b2,8865456465512341846,1,27,default,{},1024,1024,8,16,verify_core,1.063369,,,,,,,,,,,,,phase,,,true,,,,,measured,within-stack pilot; no Groth16-versus-PLONK claim,os_cache_primer,false,true,ok,{},,,,,,
ca7189a5-773d-48c3-9989-3ade2d988caf,2026-08-09T02:46:22.831488+00:00,C2-CONTROLLED-SNARK,controlled-groth16-pilot-v1,controlled_kernel,ark-groth16-0.6.0-bn254,5477ab05b549b750fa32dc9a1bc61898f74ebf21,de947ec44a622d90f62e247e4cad4e4a81bb578c8249825f66cc44a0179ee3b2,8865456465512341846,1,27,default,{},1024,1024,8,16,verify_total,1.270745,,,,,,,,,,,,,phase,,,true,,,,,measured,within-stack pilot; no Groth16-versus-PLONK claim,os_cache_primer,false,true,ok,{},,,,,,
ca7189a5-773d-48c3-9989-3ade2d988caf,2026-08-09T02:46:22.831501+00:00,C2-CONTROLLED-SNARK,controlled-groth16-pilot-v1,controlled_kernel,ark-groth16-0.6.0-bn254,5477ab05b549b750fa32dc9a1bc61898f74ebf21,de947ec44a622d90f62e247e4cad4e4a81bb578c8249825f66cc44a0179ee3b2,8865456465512341846,1,27,default,{},1024,1024,8,16,fft_ntt,,,,,,,,,,,,,,phase,,,true,,,ark-groth16 does not expose stable per-run phase hooks,,measured,within-stack pilot; no Groth16-versus-PLONK claim,os_cache_primer,false,false,unsupported,{},,,,,,
ca7189a5-773d-48c3-9989-3ade2d988caf,2026-08-09T02:46:22.831514+00:00,C2-CONTROLLED-SNARK,controlled-groth16-pilot-v1,controlled_kernel,ark-groth16-0.6.0-bn254,5477ab05b549b750fa32dc9a1bc61898f74ebf21,de947ec44a622d90f62e247e4cad4e4a81bb578c8249825f66cc44a0179ee3b2,8865456465512341846,1,27,default,{},1024,1024,8,16,msm,,,,,,,,,,,,,,phase,,,true,,,ark-groth16 does not expose stable per-run phase hooks,,measured,within-stack pilot; no Groth16-versus-PLONK claim,os_cache_primer,false,false,unsupported,{},,,,,,
ca7189a5-773d-48c3-9989-3ade2d988caf,2026-08-09T02:46:22.831526+00:00,C2-CONTROLLED-SNARK,controlled-groth16-pilot-v1,controlled_kernel,ark-groth16-0.6.0-bn254,5477ab05b549b750fa32dc9a1bc61898f74ebf21,de947ec44a622d90f62e247e4cad4e4a81bb578c8249825f66cc44a0179ee3b2,8865456465512341846,1,27,default,{},1024,1024,8,16,commitment,,,,,,,,,,,,,,phase,,,true,,,ark-groth16 does not expose stable per-run phase hooks,,measured,within-stack pilot; no Groth16-versus-PLONK claim,os_cache_primer,false,false,unsupported,{},,,,,,
ca7189a5-773d-48c3-9989-3ade2d988caf,2026-08-09T02:46:22.831538+00:00,C2-CONTROLLED-SNARK,controlled-groth16-pilot-v1,controlled_kernel,ark-groth16-0.6.0-bn254,5477ab05b549b750fa32dc9a1bc61898f74ebf21,de947ec44a622d90f62e247e4cad4e4a81bb578c8249825f66cc44a0179ee3b2,8865456465512341846,1,27,default,{},1024,1024,8,16,key_load,,,,,,,,,,,,,,phase,,,true,,,ark-groth16 does not expose stable per-run phase hooks,,measured,within-stack pilot; no Groth16-versus-PLONK claim,os_cache_primer,false,false,unsupported,{},,,,,,
ca7189a5-773d-48c3-9989-3ade2d988caf,2026-08-09T02:46:22.831550+00:00,C2-CONTROLLED-SNARK,controlled-groth16-pilot-v1,controlled_kernel,ark-groth16-0.6.0-bn254,5477ab05b549b750fa32dc9a1bc61898f74ebf21,de947ec44a622d90f62e247e4cad4e4a81bb578c8249825f66cc44a0179ee3b2,8865456465512341846,1,27,default,{},1024,1024,8,16,adapter_process_wall,307.036780,760.000000,8.351562,128,true,0,,1285,956,,,,linux-procfs,process,,,true,,,"Linux procfs read failed: [Errno 13] Permission denied: '/proc/1423/io'; private commit and per-process swap I/O are unavailable; VmSwap reports allocation, not swap traffic; No documented hardware or OS energy counter is configured in WSL2",,measured,within-stack pilot; no Groth16-versus-PLONK claim,os_cache_primer,false,true,ok,{},1024,2,1024,r1cs_constraints,5.0,57
8b551054-768e-4e0b-9352-156d0fbd897a,2026-08-09T02:46:23.194991+00:00,C2-CONTROLLED-SNARK,controlled-groth16-pilot-v1,controlled_kernel,ark-groth16-0.6.0-bn254,5477ab05b549b750fa32dc9a1bc61898f74ebf21,de947ec44a622d90f62e247e4cad4e4a81bb578c8249825f66cc44a0179ee3b2,4335458230582611621,0,28,default,{},1024,1024,16,16,native_execution,0.660058,,,,,,,,,,,,,phase,,,true,,,,,measured,within-stack pilot; no Groth16-versus-PLONK claim,os_cache_primer,false,true,ok,"{""application_units"":1024.0}",,,,,,
8b551054-768e-4e0b-9352-156d0fbd897a,2026-08-09T02:46:23.195090+00:00,C2-CONTROLLED-SNARK,controlled-groth16-pilot-v1,controlled_kernel,ark-groth16-0.6.0-bn254,5477ab05b549b750fa32dc9a1bc61898f74ebf21,de947ec44a622d90f62e247e4cad4e4a81bb578c8249825f66cc44a0179ee3b2,4335458230582611621,0,28,default,{},1024,1024,16,16,witness,166.372467,,,,,,,,,,,,,phase,,,true,,,,,measured,within-stack pilot; no Groth16-versus-PLONK claim,os_cache_primer,false,true,ok,"{""application_units"":1024.0,""constraint_count"":1024.0}",,,,,,
8b551054-768e-4e0b-9352-156d0fbd897a,2026-08-09T02:46:23.195112+00:00,C2-CONTROLLED-SNARK,controlled-groth16-pilot-v1,controlled_kernel,ark-groth16-0.6.0-bn254,5477ab05b549b750fa32dc9a1bc61898f74ebf21,de947ec44a622d90f62e247e4cad4e4a81bb578c8249825f66cc44a0179ee3b2,4335458230582611621,0,28,default,{},1024,1024,16,16,setup_or_preprocess,38.270897,,,,,,,,,,,,,phase,,,true,,,,,measured,within-stack pilot; no Groth16-versus-PLONK claim,os_cache_primer,false,true,ok,"{""constraint_count"":1024.0}",,,,,,
8b551054-768e-4e0b-9352-156d0fbd897a,2026-08-09T02:46:23.195163+00:00,C2-CONTROLLED-SNARK,controlled-groth16-pilot-v1,controlled_kernel,ark-groth16-0.6.0-bn254,5477ab05b549b750fa32dc9a1bc61898f74ebf21,de947ec44a622d90f62e247e4cad4e4a81bb578c8249825f66cc44a0179ee3b2,4335458230582611621,0,28,default,{},1024,1024,16,16,prove_total,105.411988,,,,,,,,,,,,,phase,,,true,,,,,measured,within-stack pilot; no Groth16-versus-PLONK claim,os_cache_primer,false,true,ok,"{""constraint_count"":1024.0}",,,,,,
8b551054-768e-4e0b-9352-156d0fbd897a,2026-08-09T02:46:23.195191+00:00,C2-CONTROLLED-SNARK,controlled-groth16-pilot-v1,controlled_kernel,ark-groth16-0.6.0-bn254,5477ab05b549b750fa32dc9a1bc61898f74ebf21,de947ec44a622d90f62e247e4cad4e4a81bb578c8249825f66cc44a0179ee3b2,4335458230582611621,0,28,default,{},1024,1024,16,16,serialize,0.002856,,,,,,,,,,,,,phase,,,true,,,,,measured,within-stack pilot; no Groth16-versus-PLONK claim,os_cache_primer,false,true,ok,"{""proof_bytes"":128.0}",,,,,,
8b551054-768e-4e0b-9352-156d0fbd897a,2026-08-09T02:46:23.195208+00:00,C2-CONTROLLED-SNARK,controlled-groth16-pilot-v1,controlled_kernel,ark-groth16-0.6.0-bn254,5477ab05b549b750fa32dc9a1bc61898f74ebf21,de947ec44a622d90f62e247e4cad4e4a81bb578c8249825f66cc44a0179ee3b2,4335458230582611621,0,28,default,{},1024,1024,16,16,deserialize,0.168514,,,,,,,,,,,,,phase,,,true,,,,,measured,within-stack pilot; no Groth16-versus-PLONK claim,os_cache_primer,false,true,ok,"{""proof_bytes"":128.0}",,,,,,
8b551054-768e-4e0b-9352-156d0fbd897a,2026-08-09T02:46:23.195222+00:00,C2-CONTROLLED-SNARK,controlled-groth16-pilot-v1,controlled_kernel,ark-groth16-0.6.0-bn254,5477ab05b549b750fa32dc9a1bc61898f74ebf21,de947ec44a622d90f62e247e4cad4e4a81bb578c8249825f66cc44a0179ee3b2,4335458230582611621,0,28,default,{},1024,1024,16,16,verify_core,1.089217,,,,,,,,,,,,,phase,,,true,,,,,measured,within-stack pilot; no Groth16-versus-PLONK claim,os_cache_primer,false,true,ok,{},,,,,,
8b551054-768e-4e0b-9352-156d0fbd897a,2026-08-09T02:46:23.195236+00:00,C2-CONTROLLED-SNARK,controlled-groth16-pilot-v1,controlled_kernel,ark-groth16-0.6.0-bn254,5477ab05b549b750fa32dc9a1bc61898f74ebf21,de947ec44a622d90f62e247e4cad4e4a81bb578c8249825f66cc44a0179ee3b2,4335458230582611621,0,28,default,{},1024,1024,16,16,verify_total,1.257851,,,,,,,,,,,,,phase,,,true,,,,,measured,within-stack pilot; no Groth16-versus-PLONK claim,os_cache_primer,false,true,ok,{},,,,,,
8b551054-768e-4e0b-9352-156d0fbd897a,2026-08-09T02:46:23.195249+00:00,C2-CONTROLLED-SNARK,controlled-groth16-pilot-v1,controlled_kernel,ark-groth16-0.6.0-bn254,5477ab05b549b750fa32dc9a1bc61898f74ebf21,de947ec44a622d90f62e247e4cad4e4a81bb578c8249825f66cc44a0179ee3b2,4335458230582611621,0,28,default,{},1024,1024,16,16,fft_ntt,,,,,,,,,,,,,,phase,,,true,,,ark-groth16 does not expose stable per-run phase hooks,,measured,within-stack pilot; no Groth16-versus-PLONK claim,os_cache_primer,false,false,unsupported,{},,,,,,
8b551054-768e-4e0b-9352-156d0fbd897a,2026-08-09T02:46:23.195263+00:00,C2-CONTROLLED-SNARK,controlled-groth16-pilot-v1,controlled_kernel,ark-groth16-0.6.0-bn254,5477ab05b549b750fa32dc9a1bc61898f74ebf21,de947ec44a622d90f62e247e4cad4e4a81bb578c8249825f66cc44a0179ee3b2,4335458230582611621,0,28,default,{},1024,1024,16,16,msm,,,,,,,,,,,,,,phase,,,true,,,ark-groth16 does not expose stable per-run phase hooks,,measured,within-stack pilot; no Groth16-versus-PLONK claim,os_cache_primer,false,false,unsupported,{},,,,,,
8b551054-768e-4e0b-9352-156d0fbd897a,2026-08-09T02:46:23.195275+00:00,C2-CONTROLLED-SNARK,controlled-groth16-pilot-v1,controlled_kernel,ark-groth16-0.6.0-bn254,5477ab05b549b750fa32dc9a1bc61898f74ebf21,de947ec44a622d90f62e247e4cad4e4a81bb578c8249825f66cc44a0179ee3b2,4335458230582611621,0,28,default,{},1024,1024,16,16,commitment,,,,,,,,,,,,,,phase,,,true,,,ark-groth16 does not expose stable per-run phase hooks,,measured,within-stack pilot; no Groth16-versus-PLONK claim,os_cache_primer,false,false,unsupported,{},,,,,,
8b551054-768e-4e0b-9352-156d0fbd897a,2026-08-09T02:46:23.195288+00:00,C2-CONTROLLED-SNARK,controlled-groth16-pilot-v1,controlled_kernel,ark-groth16-0.6.0-bn254,5477ab05b549b750fa32dc9a1bc61898f74ebf21,de947ec44a622d90f62e247e4cad4e4a81bb578c8249825f66cc44a0179ee3b2,4335458230582611621,0,28,default,{},1024,1024,16,16,key_load,,,,,,,,,,,,,,phase,,,true,,,ark-groth16 does not expose stable per-run phase hooks,,measured,within-stack pilot; no Groth16-versus-PLONK claim,os_cache_primer,false,false,unsupported,{},,,,,,
8b551054-768e-4e0b-9352-156d0fbd897a,2026-08-09T02:46:23.195300+00:00,C2-CONTROLLED-SNARK,controlled-groth16-pilot-v1,controlled_kernel,ark-groth16-0.6.0-bn254,5477ab05b549b750fa32dc9a1bc61898f74ebf21,de947ec44a622d90f62e247e4cad4e4a81bb578c8249825f66cc44a0179ee3b2,4335458230582611621,0,28,default,{},1024,1024,16,16,adapter_process_wall,362.611993,1190.000000,9.445312,128,true,0,,1738,956,,,,linux-procfs,process,,,true,,,"Linux procfs read failed: [Errno 13] Permission denied: '/proc/1480/io'; private commit and per-process swap I/O are unavailable; VmSwap reports allocation, not swap traffic; No documented hardware or OS energy counter is configured in WSL2",,measured,within-stack pilot; no Groth16-versus-PLONK claim,os_cache_primer,false,true,ok,{},1024,2,1024,r1cs_constraints,5.0,67
da207adb-4075-4282-b43c-7f7959bff9a1,2026-08-09T02:46:23.568008+00:00,C2-CONTROLLED-SNARK,controlled-groth16-pilot-v1,controlled_kernel,ark-groth16-0.6.0-bn254,5477ab05b549b750fa32dc9a1bc61898f74ebf21,de947ec44a622d90f62e247e4cad4e4a81bb578c8249825f66cc44a0179ee3b2,7980924540317841104,1,29,default,{},1024,1024,16,16,native_execution,0.768580,,,,,,,,,,,,,phase,,,true,,,,,measured,within-stack pilot; no Groth16-versus-PLONK claim,os_cache_primer,false,true,ok,"{""application_units"":1024.0}",,,,,,
da207adb-4075-4282-b43c-7f7959bff9a1,2026-08-09T02:46:23.568070+00:00,C2-CONTROLLED-SNARK,controlled-groth16-pilot-v1,controlled_kernel,ark-groth16-0.6.0-bn254,5477ab05b549b750fa32dc9a1bc61898f74ebf21,de947ec44a622d90f62e247e4cad4e4a81bb578c8249825f66cc44a0179ee3b2,7980924540317841104,1,29,default,{},1024,1024,16,16,witness,160.438555,,,,,,,,,,,,,phase,,,true,,,,,measured,within-stack pilot; no Groth16-versus-PLONK claim,os_cache_primer,false,true,ok,"{""application_units"":1024.0,""constraint_count"":1024.0}",,,,,,
da207adb-4075-4282-b43c-7f7959bff9a1,2026-08-09T02:46:23.568091+00:00,C2-CONTROLLED-SNARK,controlled-groth16-pilot-v1,controlled_kernel,ark-groth16-0.6.0-bn254,5477ab05b549b750fa32dc9a1bc61898f74ebf21,de947ec44a622d90f62e247e4cad4e4a81bb578c8249825f66cc44a0179ee3b2,7980924540317841104,1,29,default,{},1024,1024,16,16,setup_or_preprocess,35.818122,,,,,,,,,,,,,phase,,,true,,,,,measured,within-stack pilot; no Groth16-versus-PLONK claim,os_cache_primer,false,true,ok,"{""constraint_count"":1024.0}",,,,,,
da207adb-4075-4282-b43c-7f7959bff9a1,2026-08-09T02:46:23.568107+00:00,C2-CONTROLLED-SNARK,controlled-groth16-pilot-v1,controlled_kernel,ark-groth16-0.6.0-bn254,5477ab05b549b750fa32dc9a1bc61898f74ebf21,de947ec44a622d90f62e247e4cad4e4a81bb578c8249825f66cc44a0179ee3b2,7980924540317841104,1,29,default,{},1024,1024,16,16,prove_total,120.647287,,,,,,,,,,,,,phase,,,true,,,,,measured,within-stack pilot; no Groth16-versus-PLONK claim,os_cache_primer,false,true,ok,"{""constraint_count"":1024.0}",,,,,,
da207adb-4075-4282-b43c-7f7959bff9a1,2026-08-09T02:46:23.568120+00:00,C2-CONTROLLED-SNARK,controlled-groth16-pilot-v1,controlled_kernel,ark-groth16-0.6.0-bn254,5477ab05b549b750fa32dc9a1bc61898f74ebf21,de947ec44a622d90f62e247e4cad4e4a81bb578c8249825f66cc44a0179ee3b2,7980924540317841104,1,29,default,{},1024,1024,16,16,serialize,0.007985,,,,,,,,,,,,,phase,,,true,,,,,measured,within-stack pilot; no Groth16-versus-PLONK claim,os_cache_primer,false,true,ok,"{""proof_bytes"":128.0}",,,,,,
da207adb-4075-4282-b43c-7f7959bff9a1,2026-08-09T02:46:23.568133+00:00,C2-CONTROLLED-SNARK,controlled-groth16-pilot-v1,controlled_kernel,ark-groth16-0.6.0-bn254,5477ab05b549b750fa32dc9a1bc61898f74ebf21,de947ec44a622d90f62e247e4cad4e4a81bb578c8249825f66cc44a0179ee3b2,7980924540317841104,1,29,default,{},1024,1024,16,16,deserialize,0.165327,,,,,,,,,,,,,phase,,,true,,,,,measured,within-stack pilot; no Groth16-versus-PLONK claim,os_cache_primer,false,true,ok,"{""proof_bytes"":128.0}",,,,,,
da207adb-4075-4282-b43c-7f7959bff9a1,2026-08-09T02:46:23.568146+00:00,C2-CONTROLLED-SNARK,controlled-groth16-pilot-v1,controlled_kernel,ark-groth16-0.6.0-bn254,5477ab05b549b750fa32dc9a1bc61898f74ebf21,de947ec44a622d90f62e247e4cad4e4a81bb578c8249825f66cc44a0179ee3b2,7980924540317841104,1,29,default,{},1024,1024,16,16,verify_core,1.008086,,,,,,,,,,,,,phase,,,true,,,,,measured,within-stack pilot; no Groth16-versus-PLONK claim,os_cache_primer,false,true,ok,{},,,,,,
da207adb-4075-4282-b43c-7f7959bff9a1,2026-08-09T02:46:23.568159+00:00,C2-CONTROLLED-SNARK,controlled-groth16-pilot-v1,controlled_kernel,ark-groth16-0.6.0-bn254,5477ab05b549b750fa32dc9a1bc61898f74ebf21,de947ec44a622d90f62e247e4cad4e4a81bb578c8249825f66cc44a0179ee3b2,7980924540317841104,1,29,default,{},1024,1024,16,16,verify_total,1.173523,,,,,,,,,,,,,phase,,,true,,,,,measured,within-stack pilot; no Groth16-versus-PLONK claim,os_cache_primer,false,true,ok,{},,,,,,
da207adb-4075-4282-b43c-7f7959bff9a1,2026-08-09T02:46:23.568171+00:00,C2-CONTROLLED-SNARK,controlled-groth16-pilot-v1,controlled_kernel,ark-groth16-0.6.0-bn254,5477ab05b549b750fa32dc9a1bc61898f74ebf21,de947ec44a622d90f62e247e4cad4e4a81bb578c8249825f66cc44a0179ee3b2,7980924540317841104,1,29,default,{},1024,1024,16,16,fft_ntt,,,,,,,,,,,,,,phase,,,true,,,ark-groth16 does not expose stable per-run phase hooks,,measured,within-stack pilot; no Groth16-versus-PLONK claim,os_cache_primer,false,false,unsupported,{},,,,,,
da207adb-4075-4282-b43c-7f7959bff9a1,2026-08-09T02:46:23.568184+00:00,C2-CONTROLLED-SNARK,controlled-groth16-pilot-v1,controlled_kernel,ark-groth16-0.6.0-bn254,5477ab05b549b750fa32dc9a1bc61898f74ebf21,de947ec44a622d90f62e247e4cad4e4a81bb578c8249825f66cc44a0179ee3b2,7980924540317841104,1,29,default,{},1024,1024,16,16,msm,,,,,,,,,,,,,,phase,,,true,,,ark-groth16 does not expose stable per-run phase hooks,,measured,within-stack pilot; no Groth16-versus-PLONK claim,os_cache_primer,false,false,unsupported,{},,,,,,
da207adb-4075-4282-b43c-7f7959bff9a1,2026-08-09T02:46:23.568196+00:00,C2-CONTROLLED-SNARK,controlled-groth16-pilot-v1,controlled_kernel,ark-groth16-0.6.0-bn254,5477ab05b549b750fa32dc9a1bc61898f74ebf21,de947ec44a622d90f62e247e4cad4e4a81bb578c8249825f66cc44a0179ee3b2,7980924540317841104,1,29,default,{},1024,1024,16,16,commitment,,,,,,,,,,,,,,phase,,,true,,,ark-groth16 does not expose stable per-run phase hooks,,measured,within-stack pilot; no Groth16-versus-PLONK claim,os_cache_primer,false,false,unsupported,{},,,,,,
da207adb-4075-4282-b43c-7f7959bff9a1,2026-08-09T02:46:23.568208+00:00,C2-CONTROLLED-SNARK,controlled-groth16-pilot-v1,controlled_kernel,ark-groth16-0.6.0-bn254,5477ab05b549b750fa32dc9a1bc61898f74ebf21,de947ec44a622d90f62e247e4cad4e4a81bb578c8249825f66cc44a0179ee3b2,7980924540317841104,1,29,default,{},1024,1024,16,16,key_load,,,,,,,,,,,,,,phase,,,true,,,ark-groth16 does not expose stable per-run phase hooks,,measured,within-stack pilot; no Groth16-versus-PLONK claim,os_cache_primer,false,false,unsupported,{},,,,,,
da207adb-4075-4282-b43c-7f7959bff9a1,2026-08-09T02:46:23.568220+00:00,C2-CONTROLLED-SNARK,controlled-groth16-pilot-v1,controlled_kernel,ark-groth16-0.6.0-bn254,5477ab05b549b750fa32dc9a1bc61898f74ebf21,de947ec44a622d90f62e247e4cad4e4a81bb578c8249825f66cc44a0179ee3b2,7980924540317841104,1,29,default,{},1024,1024,16,16,adapter_process_wall,371.697232,1240.000000,9.585938,128,true,0,,1845,956,,,,linux-procfs,process,,,true,,,"private commit and per-process swap I/O are unavailable; VmSwap reports allocation, not swap traffic; No documented hardware or OS energy counter is configured in WSL2",,measured,within-stack pilot; no Groth16-versus-PLONK claim,os_cache_primer,false,true,ok,{},1024,2,1024,r1cs_constraints,5.0,69
38f4e120-ce94-40af-978c-d7e1da8c62ed,2026-08-09T02:46:23.986625+00:00,C2-CONTROLLED-SNARK,controlled-groth16-pilot-v1,controlled_kernel,ark-groth16-0.6.0-bn254,5477ab05b549b750fa32dc9a1bc61898f74ebf21,de947ec44a622d90f62e247e4cad4e4a81bb578c8249825f66cc44a0179ee3b2,8319151330068525741,0,30,default,{},4096,4096,1,16,native_execution,0.796792,,,,,,,,,,,,,phase,,,true,,,,,measured,within-stack pilot; no Groth16-versus-PLONK claim,os_cache_primer,false,true,ok,"{""application_units"":4096.0}",,,,,,
38f4e120-ce94-40af-978c-d7e1da8c62ed,2026-08-09T02:46:23.986685+00:00,C2-CONTROLLED-SNARK,controlled-groth16-pilot-v1,controlled_kernel,ark-groth16-0.6.0-bn254,5477ab05b549b750fa32dc9a1bc61898f74ebf21,de947ec44a622d90f62e247e4cad4e4a81bb578c8249825f66cc44a0179ee3b2,8319151330068525741,0,30,default,{},4096,4096,1,16,witness,39.317144,,,,,,,,,,,,,phase,,,true,,,,,measured,within-stack pilot; no Groth16-versus-PLONK claim,os_cache_primer,false,true,ok,"{""application_units"":4096.0,""constraint_count"":4096.0}",,,,,,
38f4e120-ce94-40af-978c-d7e1da8c62ed,2026-08-09T02:46:23.986706+00:00,C2-CONTROLLED-SNARK,controlled-groth16-pilot-v1,controlled_kernel,ark-groth16-0.6.0-bn254,5477ab05b549b750fa32dc9a1bc61898f74ebf21,de947ec44a622d90f62e247e4cad4e4a81bb578c8249825f66cc44a0179ee3b2,8319151330068525741,0,30,default,{},4096,4096,1,16,setup_or_preprocess,187.756079,,,,,,,,,,,,,phase,,,true,,,,,measured,within-stack pilot; no Groth16-versus-PLONK claim,os_cache_primer,false,true,ok,"{""constraint_count"":4096.0}",,,,,,
38f4e120-ce94-40af-978c-d7e1da8c62ed,2026-08-09T02:46:23.986721+00:00,C2-CONTROLLED-SNARK,controlled-groth16-pilot-v1,controlled_kernel,ark-groth16-0.6.0-bn254,5477ab05b549b750fa32dc9a1bc61898f74ebf21,de947ec44a622d90f62e247e4cad4e4a81bb578c8249825f66cc44a0179ee3b2,8319151330068525741,0,30,default,{},4096,4096,1,16,prove_total,139.128761,,,,,,,,,,,,,phase,,,true,,,,,measured,within-stack pilot; no Groth16-versus-PLONK claim,os_cache_primer,false,true,ok,"{""constraint_count"":4096.0}",,,,,,
38f4e120-ce94-40af-978c-d7e1da8c62ed,2026-08-09T02:46:23.986734+00:00,C2-CONTROLLED-SNARK,controlled-groth16-pilot-v1,controlled_kernel,ark-groth16-0.6.0-bn254,5477ab05b549b750fa32dc9a1bc61898f74ebf21,de947ec44a622d90f62e247e4cad4e4a81bb578c8249825f66cc44a0179ee3b2,8319151330068525741,0,30,default,{},4096,4096,1,16,serialize,0.002174,,,,,,,,,,,,,phase,,,true,,,,,measured,within-stack pilot; no Groth16-versus-PLONK claim,os_cache_primer,false,true,ok,"{""proof_bytes"":128.0}",,,,,,
38f4e120-ce94-40af-978c-d7e1da8c62ed,2026-08-09T02:46:23.986747+00:00,C2-CONTROLLED-SNARK,controlled-groth16-pilot-v1,controlled_kernel,ark-groth16-0.6.0-bn254,5477ab05b549b750fa32dc9a1bc61898f74ebf21,de947ec44a622d90f62e247e4cad4e4a81bb578c8249825f66cc44a0179ee3b2,8319151330068525741,0,30,default,{},4096,4096,1,16,deserialize,0.205182,,,,,,,,,,,,,phase,,,true,,,,,measured,within-stack pilot; no Groth16-versus-PLONK claim,os_cache_primer,false,true,ok,"{""proof_bytes"":128.0}",,,,,,
38f4e120-ce94-40af-978c-d7e1da8c62ed,2026-08-09T02:46:23.986760+00:00,C2-CONTROLLED-SNARK,controlled-groth16-pilot-v1,controlled_kernel,ark-groth16-0.6.0-bn254,5477ab05b549b750fa32dc9a1bc61898f74ebf21,de947ec44a622d90f62e247e4cad4e4a81bb578c8249825f66cc44a0179ee3b2,8319151330068525741,0,30,default,{},4096,4096,1,16,verify_core,1.147866,,,,,,,,,,,,,phase,,,true,,,,,measured,within-stack pilot; no Groth16-versus-PLONK claim,os_cache_primer,false,true,ok,{},,,,,,
38f4e120-ce94-40af-978c-d7e1da8c62ed,2026-08-09T02:46:23.986772+00:00,C2-CONTROLLED-SNARK,controlled-groth16-pilot-v1,controlled_kernel,ark-groth16-0.6.0-bn254,5477ab05b549b750fa32dc9a1bc61898f74ebf21,de947ec44a622d90f62e247e4cad4e4a81bb578c8249825f66cc44a0179ee3b2,8319151330068525741,0,30,default,{},4096,4096,1,16,verify_total,1.353158,,,,,,,,,,,,,phase,,,true,,,,,measured,within-stack pilot; no Groth16-versus-PLONK claim,os_cache_primer,false,true,ok,{},,,,,,
38f4e120-ce94-40af-978c-d7e1da8c62ed,2026-08-09T02:46:23.986785+00:00,C2-CONTROLLED-SNARK,controlled-groth16-pilot-v1,controlled_kernel,ark-groth16-0.6.0-bn254,5477ab05b549b750fa32dc9a1bc61898f74ebf21,de947ec44a622d90f62e247e4cad4e4a81bb578c8249825f66cc44a0179ee3b2,8319151330068525741,0,30,default,{},4096,4096,1,16,fft_ntt,,,,,,,,,,,,,,phase,,,true,,,ark-groth16 does not expose stable per-run phase hooks,,measured,within-stack pilot; no Groth16-versus-PLONK claim,os_cache_primer,false,false,unsupported,{},,,,,,
38f4e120-ce94-40af-978c-d7e1da8c62ed,2026-08-09T02:46:23.986798+00:00,C2-CONTROLLED-SNARK,controlled-groth16-pilot-v1,controlled_kernel,ark-groth16-0.6.0-bn254,5477ab05b549b750fa32dc9a1bc61898f74ebf21,de947ec44a622d90f62e247e4cad4e4a81bb578c8249825f66cc44a0179ee3b2,8319151330068525741,0,30,default,{},4096,4096,1,16,msm,,,,,,,,,,,,,,phase,,,true,,,ark-groth16 does not expose stable per-run phase hooks,,measured,within-stack pilot; no Groth16-versus-PLONK claim,os_cache_primer,false,false,unsupported,{},,,,,,
38f4e120-ce94-40af-978c-d7e1da8c62ed,2026-08-09T02:46:23.986810+00:00,C2-CONTROLLED-SNARK,controlled-groth16-pilot-v1,controlled_kernel,ark-groth16-0.6.0-bn254,5477ab05b549b750fa32dc9a1bc61898f74ebf21,de947ec44a622d90f62e247e4cad4e4a81bb578c8249825f66cc44a0179ee3b2,8319151330068525741,0,30,default,{},4096,4096,1,16,commitment,,,,,,,,,,,,,,phase,,,true,,,ark-groth16 does not expose stable per-run phase hooks,,measured,within-stack pilot; no Groth16-versus-PLONK claim,os_cache_primer,false,false,unsupported,{},,,,,,
38f4e120-ce94-40af-978c-d7e1da8c62ed,2026-08-09T02:46:23.986822+00:00,C2-CONTROLLED-SNARK,controlled-groth16-pilot-v1,controlled_kernel,ark-groth16-0.6.0-bn254,5477ab05b549b750fa32dc9a1bc61898f74ebf21,de947ec44a622d90f62e247e4cad4e4a81bb578c8249825f66cc44a0179ee3b2,8319151330068525741,0,30,default,{},4096,4096,1,16,key_load,,,,,,,,,,,,,,phase,,,true,,,ark-groth16 does not expose stable per-run phase hooks,,measured,within-stack pilot; no Groth16-versus-PLONK claim,os_cache_primer,false,false,unsupported,{},,,,,,
38f4e120-ce94-40af-978c-d7e1da8c62ed,2026-08-09T02:46:23.986833+00:00,C2-CONTROLLED-SNARK,controlled-groth16-pilot-v1,controlled_kernel,ark-groth16-0.6.0-bn254,5477ab05b549b750fa32dc9a1bc61898f74ebf21,de947ec44a622d90f62e247e4cad4e4a81bb578c8249825f66cc44a0179ee3b2,8319151330068525741,0,30,default,{},4096,4096,1,16,adapter_process_wall,417.611736,370.000000,11.996094,128,true,0,,3796,956,,,,linux-procfs,process,,,true,,,"private commit and per-process swap I/O are unavailable; VmSwap reports allocation, not swap traffic; No documented hardware or OS energy counter is configured in WSL2",,measured,within-stack pilot; no Groth16-versus-PLONK claim,os_cache_primer,false,true,ok,{},4096,2,4096,r1cs_constraints,5.0,78
9efd5aa3-5812-4095-8114-d7786e016635,2026-08-09T02:46:24.395714+00:00,C2-CONTROLLED-SNARK,controlled-groth16-pilot-v1,controlled_kernel,ark-groth16-0.6.0-bn254,5477ab05b549b750fa32dc9a1bc61898f74ebf21,de947ec44a622d90f62e247e4cad4e4a81bb578c8249825f66cc44a0179ee3b2,1713282433899915653,1,31,default,{},4096,4096,1,16,native_execution,1.019026,,,,,,,,,,,,,phase,,,true,,,,,measured,within-stack pilot; no Groth16-versus-PLONK claim,os_cache_primer,false,true,ok,"{""application_units"":4096.0}",,,,,,
9efd5aa3-5812-4095-8114-d7786e016635,2026-08-09T02:46:24.395807+00:00,C2-CONTROLLED-SNARK,controlled-groth16-pilot-v1,controlled_kernel,ark-groth16-0.6.0-bn254,5477ab05b549b750fa32dc9a1bc61898f74ebf21,de947ec44a622d90f62e247e4cad4e4a81bb578c8249825f66cc44a0179ee3b2,1713282433899915653,1,31,default,{},4096,4096,1,16,witness,38.560754,,,,,,,,,,,,,phase,,,true,,,,,measured,within-stack pilot; no Groth16-versus-PLONK claim,os_cache_primer,false,true,ok,"{""application_units"":4096.0,""constraint_count"":4096.0}",,,,,,
9efd5aa3-5812-4095-8114-d7786e016635,2026-08-09T02:46:24.395852+00:00,C2-CONTROLLED-SNARK,controlled-groth16-pilot-v1,controlled_kernel,ark-groth16-0.6.0-bn254,5477ab05b549b750fa32dc9a1bc61898f74ebf21,de947ec44a622d90f62e247e4cad4e4a81bb578c8249825f66cc44a0179ee3b2,1713282433899915653,1,31,default,{},4096,4096,1,16,setup_or_preprocess,180.209158,,,,,,,,,,,,,phase,,,true,,,,,measured,within-stack pilot; no Groth16-versus-PLONK claim,os_cache_primer,false,true,ok,"{""constraint_count"":4096.0}",,,,,,
9efd5aa3-5812-4095-8114-d7786e016635,2026-08-09T02:46:24.395876+00:00,C2-CONTROLLED-SNARK,controlled-groth16-pilot-v1,controlled_kernel,ark-groth16-0.6.0-bn254,5477ab05b549b750fa32dc9a1bc61898f74ebf21,de947ec44a622d90f62e247e4cad4e4a81bb578c8249825f66cc44a0179ee3b2,1713282433899915653,1,31,default,{},4096,4096,1,16,prove_total,137.557337,,,,,,,,,,,,,phase,,,true,,,,,measured,within-stack pilot; no Groth16-versus-PLONK claim,os_cache_primer,false,true,ok,"{""constraint_count"":4096.0}",,,,,,
9efd5aa3-5812-4095-8114-d7786e016635,2026-08-09T02:46:24.395895+00:00,C2-CONTROLLED-SNARK,controlled-groth16-pilot-v1,controlled_kernel,ark-groth16-0.6.0-bn254,5477ab05b549b750fa32dc9a1bc61898f74ebf21,de947ec44a622d90f62e247e4cad4e4a81bb578c8249825f66cc44a0179ee3b2,1713282433899915653,1,31,default,{},4096,4096,1,16,serialize,0.002134,,,,,,,,,,,,,phase,,,true,,,,,measured,within-stack pilot; no Groth16-versus-PLONK claim,os_cache_primer,false,true,ok,"{""proof_bytes"":128.0}",,,,,,
9efd5aa3-5812-4095-8114-d7786e016635,2026-08-09T02:46:24.395912+00:00,C2-CONTROLLED-SNARK,controlled-groth16-pilot-v1,controlled_kernel,ark-groth16-0.6.0-bn254,5477ab05b549b750fa32dc9a1bc61898f74ebf21,de947ec44a622d90f62e247e4cad4e4a81bb578c8249825f66cc44a0179ee3b2,1713282433899915653,1,31,default,{},4096,4096,1,16,deserialize,0.160579,,,,,,,,,,,,,phase,,,true,,,,,measured,within-stack pilot; no Groth16-versus-PLONK claim,os_cache_primer,false,true,ok,"{""proof_bytes"":128.0}",,,,,,
9efd5aa3-5812-4095-8114-d7786e016635,2026-08-09T02:46:24.395927+00:00,C2-CONTROLLED-SNARK,controlled-groth16-pilot-v1,controlled_kernel,ark-groth16-0.6.0-bn254,5477ab05b549b750fa32dc9a1bc61898f74ebf21,de947ec44a622d90f62e247e4cad4e4a81bb578c8249825f66cc44a0179ee3b2,1713282433899915653,1,31,default,{},4096,4096,1,16,verify_core,1.312483,,,,,,,,,,,,,phase,,,true,,,,,measured,within-stack pilot; no Groth16-versus-PLONK claim,os_cache_primer,false,true,ok,{},,,,,,
9efd5aa3-5812-4095-8114-d7786e016635,2026-08-09T02:46:24.395942+00:00,C2-CONTROLLED-SNARK,controlled-groth16-pilot-v1,controlled_kernel,ark-groth16-0.6.0-bn254,5477ab05b549b750fa32dc9a1bc61898f74ebf21,de947ec44a622d90f62e247e4cad4e4a81bb578c8249825f66cc44a0179ee3b2,1713282433899915653,1,31,default,{},4096,4096,1,16,verify_total,1.473222,,,,,,,,,,,,,phase,,,true,,,,,measured,within-stack pilot; no Groth16-versus-PLONK claim,os_cache_primer,false,true,ok,{},,,,,,
9efd5aa3-5812-4095-8114-d7786e016635,2026-08-09T02:46:24.395957+00:00,C2-CONTROLLED-SNARK,controlled-groth16-pilot-v1,controlled_kernel,ark-groth16-0.6.0-bn254,5477ab05b549b750fa32dc9a1bc61898f74ebf21,de947ec44a622d90f62e247e4cad4e4a81bb578c8249825f66cc44a0179ee3b2,1713282433899915653,1,31,default,{},4096,4096,1,16,fft_ntt,,,,,,,,,,,,,,phase,,,true,,,ark-groth16 does not expose stable per-run phase hooks,,measured,within-stack pilot; no Groth16-versus-PLONK claim,os_cache_primer,false,false,unsupported,{},,,,,,
9efd5aa3-5812-4095-8114-d7786e016635,2026-08-09T02:46:24.395973+00:00,C2-CONTROLLED-SNARK,controlled-groth16-pilot-v1,controlled_kernel,ark-groth16-0.6.0-bn254,5477ab05b549b750fa32dc9a1bc61898f74ebf21,de947ec44a622d90f62e247e4cad4e4a81bb578c8249825f66cc44a0179ee3b2,1713282433899915653,1,31,default,{},4096,4096,1,16,msm,,,,,,,,,,,,,,phase,,,true,,,ark-groth16 does not expose stable per-run phase hooks,,measured,within-stack pilot; no Groth16-versus-PLONK claim,os_cache_primer,false,false,unsupported,{},,,,,,
9efd5aa3-5812-4095-8114-d7786e016635,2026-08-09T02:46:24.396030+00:00,C2-CONTROLLED-SNARK,controlled-groth16-pilot-v1,controlled_kernel,ark-groth16-0.6.0-bn254,5477ab05b549b750fa32dc9a1bc61898f74ebf21,de947ec44a622d90f62e247e4cad4e4a81bb578c8249825f66cc44a0179ee3b2,1713282433899915653,1,31,default,{},4096,4096,1,16,commitment,,,,,,,,,,,,,,phase,,,true,,,ark-groth16 does not expose stable per-run phase hooks,,measured,within-stack pilot; no Groth16-versus-PLONK claim,os_cache_primer,false,false,unsupported,{},,,,,,
9efd5aa3-5812-4095-8114-d7786e016635,2026-08-09T02:46:24.396063+00:00,C2-CONTROLLED-SNARK,controlled-groth16-pilot-v1,controlled_kernel,ark-groth16-0.6.0-bn254,5477ab05b549b750fa32dc9a1bc61898f74ebf21,de947ec44a622d90f62e247e4cad4e4a81bb578c8249825f66cc44a0179ee3b2,1713282433899915653,1,31,default,{},4096,4096,1,16,key_load,,,,,,,,,,,,,,phase,,,true,,,ark-groth16 does not expose stable per-run phase hooks,,measured,within-stack pilot; no Groth16-versus-PLONK claim,os_cache_primer,false,false,unsupported,{},,,,,,
9efd5aa3-5812-4095-8114-d7786e016635,2026-08-09T02:46:24.396082+00:00,C2-CONTROLLED-SNARK,controlled-groth16-pilot-v1,controlled_kernel,ark-groth16-0.6.0-bn254,5477ab05b549b750fa32dc9a1bc61898f74ebf21,de947ec44a622d90f62e247e4cad4e4a81bb578c8249825f66cc44a0179ee3b2,1713282433899915653,1,31,default,{},4096,4096,1,16,adapter_process_wall,408.073561,350.000000,11.761719,128,true,0,,3798,956,,,,linux-procfs,process,,,true,,,"private commit and per-process swap I/O are unavailable; VmSwap reports allocation, not swap traffic; No documented hardware or OS energy counter is configured in WSL2",,measured,within-stack pilot; no Groth16-versus-PLONK claim,os_cache_primer,false,true,ok,{},4096,2,4096,r1cs_constraints,5.0,76
efa15e00-5b99-45db-af1b-59a1c8c44258,2026-08-09T02:46:24.733137+00:00,C2-CONTROLLED-SNARK,controlled-groth16-pilot-v1,controlled_kernel,ark-groth16-0.6.0-bn254,5477ab05b549b750fa32dc9a1bc61898f74ebf21,de947ec44a622d90f62e247e4cad4e4a81bb578c8249825f66cc44a0179ee3b2,5224583859854934363,0,32,default,{},4096,4096,2,16,native_execution,0.782307,,,,,,,,,,,,,phase,,,true,,,,,measured,within-stack pilot; no Groth16-versus-PLONK claim,os_cache_primer,false,true,ok,"{""application_units"":4096.0}",,,,,,
efa15e00-5b99-45db-af1b-59a1c8c44258,2026-08-09T02:46:24.733214+00:00,C2-CONTROLLED-SNARK,controlled-groth16-pilot-v1,controlled_kernel,ark-groth16-0.6.0-bn254,5477ab05b549b750fa32dc9a1bc61898f74ebf21,de947ec44a622d90f62e247e4cad4e4a81bb578c8249825f66cc44a0179ee3b2,5224583859854934363,0,32,default,{},4096,4096,2,16,witness,110.644209,,,,,,,,,,,,,phase,,,true,,,,,measured,within-stack pilot; no Groth16-versus-PLONK claim,os_cache_primer,false,true,ok,"{""application_units"":4096.0,""constraint_count"":4096.0}",,,,,,
efa15e00-5b99-45db-af1b-59a1c8c44258,2026-08-09T02:46:24.733239+00:00,C2-CONTROLLED-SNARK,controlled-groth16-pilot-v1,controlled_kernel,ark-groth16-0.6.0-bn254,5477ab05b549b750fa32dc9a1bc61898f74ebf21,de947ec44a622d90f62e247e4cad4e4a81bb578c8249825f66cc44a0179ee3b2,5224583859854934363,0,32,default,{},4096,4096,2,16,setup_or_preprocess,92.209465,,,,,,,,,,,,,phase,,,true,,,,,measured,within-stack pilot; no Groth16-versus-PLONK claim,os_cache_primer,false,true,ok,"{""constraint_count"":4096.0}",,,,,,
efa15e00-5b99-45db-af1b-59a1c8c44258,2026-08-09T02:46:24.733259+00:00,C2-CONTROLLED-SNARK,controlled-groth16-pilot-v1,controlled_kernel,ark-groth16-0.6.0-bn254,5477ab05b549b750fa32dc9a1bc61898f74ebf21,de947ec44a622d90f62e247e4cad4e4a81bb578c8249825f66cc44a0179ee3b2,5224583859854934363,0,32,default,{},4096,4096,2,16,prove_total,79.656079,,,,,,,,,,,,,phase,,,true,,,,,measured,within-stack pilot; no Groth16-versus-PLONK claim,os_cache_primer,false,true,ok,"{""constraint_count"":4096.0}",,,,,,
efa15e00-5b99-45db-af1b-59a1c8c44258,2026-08-09T02:46:24.733276+00:00,C2-CONTROLLED-SNARK,controlled-groth16-pilot-v1,controlled_kernel,ark-groth16-0.6.0-bn254,5477ab05b549b750fa32dc9a1bc61898f74ebf21,de947ec44a622d90f62e247e4cad4e4a81bb578c8249825f66cc44a0179ee3b2,5224583859854934363,0,32,default,{},4096,4096,2,16,serialize,0.001824,,,,,,,,,,,,,phase,,,true,,,,,measured,within-stack pilot; no Groth16-versus-PLONK claim,os_cache_primer,false,true,ok,"{""proof_bytes"":128.0}",,,,,,
efa15e00-5b99-45db-af1b-59a1c8c44258,2026-08-09T02:46:24.733293+00:00,C2-CONTROLLED-SNARK,controlled-groth16-pilot-v1,controlled_kernel,ark-groth16-0.6.0-bn254,5477ab05b549b750fa32dc9a1bc61898f74ebf21,de947ec44a622d90f62e247e4cad4e4a81bb578c8249825f66cc44a0179ee3b2,5224583859854934363,0,32,default,{},4096,4096,2,16,deserialize,0.160349,,,,,,,,,,,,,phase,,,true,,,,,measured,within-stack pilot; no Groth16-versus-PLONK claim,os_cache_primer,false,true,ok,"{""proof_bytes"":128.0}",,,,,,
efa15e00-5b99-45db-af1b-59a1c8c44258,2026-08-09T02:46:24.733309+00:00,C2-CONTROLLED-SNARK,controlled-groth16-pilot-v1,controlled_kernel,ark-groth16-0.6.0-bn254,5477ab05b549b750fa32dc9a1bc61898f74ebf21,de947ec44a622d90f62e247e4cad4e4a81bb578c8249825f66cc44a0179ee3b2,5224583859854934363,0,32,default,{},4096,4096,2,16,verify_core,1.025478,,,,,,,,,,,,,phase,,,true,,,,,measured,within-stack pilot; no Groth16-versus-PLONK claim,os_cache_primer,false,true,ok,{},,,,,,
efa15e00-5b99-45db-af1b-59a1c8c44258,2026-08-09T02:46:24.733325+00:00,C2-CONTROLLED-SNARK,controlled-groth16-pilot-v1,controlled_kernel,ark-groth16-0.6.0-bn254,5477ab05b549b750fa32dc9a1bc61898f74ebf21,de947ec44a622d90f62e247e4cad4e4a81bb578c8249825f66cc44a0179ee3b2,5224583859854934363,0,32,default,{},4096,4096,2,16,verify_total,1.185937,,,,,,,,,,,,,phase,,,true,,,,,measured,within-stack pilot; no Groth16-versus-PLONK claim,os_cache_primer,false,true,ok,{},,,,,,
efa15e00-5b99-45db-af1b-59a1c8c44258,2026-08-09T02:46:24.733340+00:00,C2-CONTROLLED-SNARK,controlled-groth16-pilot-v1,controlled_kernel,ark-groth16-0.6.0-bn254,5477ab05b549b750fa32dc9a1bc61898f74ebf21,de947ec44a622d90f62e247e4cad4e4a81bb578c8249825f66cc44a0179ee3b2,5224583859854934363,0,32,default,{},4096,4096,2,16,fft_ntt,,,,,,,,,,,,,,phase,,,true,,,ark-groth16 does not expose stable per-run phase hooks,,measured,within-stack pilot; no Groth16-versus-PLONK claim,os_cache_primer,false,false,unsupported,{},,,,,,
efa15e00-5b99-45db-af1b-59a1c8c44258,2026-08-09T02:46:24.733356+00:00,C2-CONTROLLED-SNARK,controlled-groth16-pilot-v1,controlled_kernel,ark-groth16-0.6.0-bn254,5477ab05b549b750fa32dc9a1bc61898f74ebf21,de947ec44a622d90f62e247e4cad4e4a81bb578c8249825f66cc44a0179ee3b2,5224583859854934363,0,32,default,{},4096,4096,2,16,msm,,,,,,,,,,,,,,phase,,,true,,,ark-groth16 does not expose stable per-run phase hooks,,measured,within-stack pilot; no Groth16-versus-PLONK claim,os_cache_primer,false,false,unsupported,{},,,,,,
efa15e00-5b99-45db-af1b-59a1c8c44258,2026-08-09T02:46:24.733371+00:00,C2-CONTROLLED-SNARK,controlled-groth16-pilot-v1,controlled_kernel,ark-groth16-0.6.0-bn254,5477ab05b549b750fa32dc9a1bc61898f74ebf21,de947ec44a622d90f62e247e4cad4e4a81bb578c8249825f66cc44a0179ee3b2,5224583859854934363,0,32,default,{},4096,4096,2,16,commitment,,,,,,,,,,,,,,phase,,,true,,,ark-groth16 does not expose stable per-run phase hooks,,measured,within-stack pilot; no Groth16-versus-PLONK claim,os_cache_primer,false,false,unsupported,{},,,,,,
efa15e00-5b99-45db-af1b-59a1c8c44258,2026-08-09T02:46:24.733386+00:00,C2-CONTROLLED-SNARK,controlled-groth16-pilot-v1,controlled_kernel,ark-groth16-0.6.0-bn254,5477ab05b549b750fa32dc9a1bc61898f74ebf21,de947ec44a622d90f62e247e4cad4e4a81bb578c8249825f66cc44a0179ee3b2,5224583859854934363,0,32,default,{},4096,4096,2,16,key_load,,,,,,,,,,,,,,phase,,,true,,,ark-groth16 does not expose stable per-run phase hooks,,measured,within-stack pilot; no Groth16-versus-PLONK claim,os_cache_primer,false,false,unsupported,{},,,,,,
efa15e00-5b99-45db-af1b-59a1c8c44258,2026-08-09T02:46:24.733401+00:00,C2-CONTROLLED-SNARK,controlled-groth16-pilot-v1,controlled_kernel,ark-groth16-0.6.0-bn254,5477ab05b549b750fa32dc9a1bc61898f74ebf21,de947ec44a622d90f62e247e4cad4e4a81bb578c8249825f66cc44a0179ee3b2,5224583859854934363,0,32,default,{},4096,4096,2,16,adapter_process_wall,336.197760,500.000000,14.531250,128,true,0,,3675,956,,,,linux-procfs,process,,,true,,,"Linux procfs read failed: [Errno 13] Permission denied: '/proc/1700/io'; private commit and per-process swap I/O are unavailable; VmSwap reports allocation, not swap traffic; No documented hardware or OS energy counter is configured in WSL2",,measured,within-stack pilot; no Groth16-versus-PLONK claim,os_cache_primer,false,true,ok,{},4096,2,4096,r1cs_constraints,5.0,62
cc988221-54f5-4505-85d4-220959a00d27,2026-08-09T02:46:25.075909+00:00,C2-CONTROLLED-SNARK,controlled-groth16-pilot-v1,controlled_kernel,ark-groth16-0.6.0-bn254,5477ab05b549b750fa32dc9a1bc61898f74ebf21,de947ec44a622d90f62e247e4cad4e4a81bb578c8249825f66cc44a0179ee3b2,8772692261831334712,1,33,default,{},4096,4096,2,16,native_execution,0.814829,,,,,,,,,,,,,phase,,,true,,,,,measured,within-stack pilot; no Groth16-versus-PLONK claim,os_cache_primer,false,true,ok,"{""application_units"":4096.0}",,,,,,
cc988221-54f5-4505-85d4-220959a00d27,2026-08-09T02:46:25.075985+00:00,C2-CONTROLLED-SNARK,controlled-groth16-pilot-v1,controlled_kernel,ark-groth16-0.6.0-bn254,5477ab05b549b750fa32dc9a1bc61898f74ebf21,de947ec44a622d90f62e247e4cad4e4a81bb578c8249825f66cc44a0179ee3b2,8772692261831334712,1,33,default,{},4096,4096,2,16,witness,113.429457,,,,,,,,,,,,,phase,,,true,,,,,measured,within-stack pilot; no Groth16-versus-PLONK claim,os_cache_primer,false,true,ok,"{""application_units"":4096.0,""constraint_count"":4096.0}",,,,,,
cc988221-54f5-4505-85d4-220959a00d27,2026-08-09T02:46:25.076020+00:00,C2-CONTROLLED-SNARK,controlled-groth16-pilot-v1,controlled_kernel,ark-groth16-0.6.0-bn254,5477ab05b549b750fa32dc9a1bc61898f74ebf21,de947ec44a622d90f62e247e4cad4e4a81bb578c8249825f66cc44a0179ee3b2,8772692261831334712,1,33,default,{},4096,4096,2,16,setup_or_preprocess,94.621388,,,,,,,,,,,,,phase,,,true,,,,,measured,within-stack pilot; no Groth16-versus-PLONK claim,os_cache_primer,false,true,ok,"{""constraint_count"":4096.0}",,,,,,
cc988221-54f5-4505-85d4-220959a00d27,2026-08-09T02:46:25.076053+00:00,C2-CONTROLLED-SNARK,controlled-groth16-pilot-v1,controlled_kernel,ark-groth16-0.6.0-bn254,5477ab05b549b750fa32dc9a1bc61898f74ebf21,de947ec44a622d90f62e247e4cad4e4a81bb578c8249825f66cc44a0179ee3b2,8772692261831334712,1,33,default,{},4096,4096,2,16,prove_total,81.784571,,,,,,,,,,,,,phase,,,true,,,,,measured,within-stack pilot; no Groth16-versus-PLONK claim,os_cache_primer,false,true,ok,"{""constraint_count"":4096.0}",,,,,,
cc988221-54f5-4505-85d4-220959a00d27,2026-08-09T02:46:25.076075+00:00,C2-CONTROLLED-SNARK,controlled-groth16-pilot-v1,controlled_kernel,ark-groth16-0.6.0-bn254,5477ab05b549b750fa32dc9a1bc61898f74ebf21,de947ec44a622d90f62e247e4cad4e4a81bb578c8249825f66cc44a0179ee3b2,8772692261831334712,1,33,default,{},4096,4096,2,16,serialize,0.003126,,,,,,,,,,,,,phase,,,true,,,,,measured,within-stack pilot; no Groth16-versus-PLONK claim,os_cache_primer,false,true,ok,"{""proof_bytes"":128.0}",,,,,,
cc988221-54f5-4505-85d4-220959a00d27,2026-08-09T02:46:25.076097+00:00,C2-CONTROLLED-SNARK,controlled-groth16-pilot-v1,controlled_kernel,ark-groth16-0.6.0-bn254,5477ab05b549b750fa32dc9a1bc61898f74ebf21,de947ec44a622d90f62e247e4cad4e4a81bb578c8249825f66cc44a0179ee3b2,8772692261831334712,1,33,default,{},4096,4096,2,16,deserialize,0.204030,,,,,,,,,,,,,phase,,,true,,,,,measured,within-stack pilot; no Groth16-versus-PLONK claim,os_cache_primer,false,true,ok,"{""proof_bytes"":128.0}",,,,,,
cc988221-54f5-4505-85d4-220959a00d27,2026-08-09T02:46:25.076113+00:00,C2-CONTROLLED-SNARK,controlled-groth16-pilot-v1,controlled_kernel,ark-groth16-0.6.0-bn254,5477ab05b549b750fa32dc9a1bc61898f74ebf21,de947ec44a622d90f62e247e4cad4e4a81bb578c8249825f66cc44a0179ee3b2,8772692261831334712,1,33,default,{},4096,4096,2,16,verify_core,1.183713,,,,,,,,,,,,,phase,,,true,,,,,measured,within-stack pilot; no Groth16-versus-PLONK claim,os_cache_primer,false,true,ok,{},,,,,,
cc988221-54f5-4505-85d4-220959a00d27,2026-08-09T02:46:25.076126+00:00,C2-CONTROLLED-SNARK,controlled-groth16-pilot-v1,controlled_kernel,ark-groth16-0.6.0-bn254,5477ab05b549b750fa32dc9a1bc61898f74ebf21,de947ec44a622d90f62e247e4cad4e4a81bb578c8249825f66cc44a0179ee3b2,8772692261831334712,1,33,default,{},4096,4096,2,16,verify_total,1.387873,,,,,,,,,,,,,phase,,,true,,,,,measured,within-stack pilot; no Groth16-versus-PLONK claim,os_cache_primer,false,true,ok,{},,,,,,
cc988221-54f5-4505-85d4-220959a00d27,2026-08-09T02:46:25.076139+00:00,C2-CONTROLLED-SNARK,controlled-groth16-pilot-v1,controlled_kernel,ark-groth16-0.6.0-bn254,5477ab05b549b750fa32dc9a1bc61898f74ebf21,de947ec44a622d90f62e247e4cad4e4a81bb578c8249825f66cc44a0179ee3b2,8772692261831334712,1,33,default,{},4096,4096,2,16,fft_ntt,,,,,,,,,,,,,,phase,,,true,,,ark-groth16 does not expose stable per-run phase hooks,,measured,within-stack pilot; no Groth16-versus-PLONK claim,os_cache_primer,false,false,unsupported,{},,,,,,
cc988221-54f5-4505-85d4-220959a00d27,2026-08-09T02:46:25.076153+00:00,C2-CONTROLLED-SNARK,controlled-groth16-pilot-v1,controlled_kernel,ark-groth16-0.6.0-bn254,5477ab05b549b750fa32dc9a1bc61898f74ebf21,de947ec44a622d90f62e247e4cad4e4a81bb578c8249825f66cc44a0179ee3b2,8772692261831334712,1,33,default,{},4096,4096,2,16,msm,,,,,,,,,,,,,,phase,,,true,,,ark-groth16 does not expose stable per-run phase hooks,,measured,within-stack pilot; no Groth16-versus-PLONK claim,os_cache_primer,false,false,unsupported,{},,,,,,
cc988221-54f5-4505-85d4-220959a00d27,2026-08-09T02:46:25.076165+00:00,C2-CONTROLLED-SNARK,controlled-groth16-pilot-v1,controlled_kernel,ark-groth16-0.6.0-bn254,5477ab05b549b750fa32dc9a1bc61898f74ebf21,de947ec44a622d90f62e247e4cad4e4a81bb578c8249825f66cc44a0179ee3b2,8772692261831334712,1,33,default,{},4096,4096,2,16,commitment,,,,,,,,,,,,,,phase,,,true,,,ark-groth16 does not expose stable per-run phase hooks,,measured,within-stack pilot; no Groth16-versus-PLONK claim,os_cache_primer,false,false,unsupported,{},,,,,,
cc988221-54f5-4505-85d4-220959a00d27,2026-08-09T02:46:25.076177+00:00,C2-CONTROLLED-SNARK,controlled-groth16-pilot-v1,controlled_kernel,ark-groth16-0.6.0-bn254,5477ab05b549b750fa32dc9a1bc61898f74ebf21,de947ec44a622d90f62e247e4cad4e4a81bb578c8249825f66cc44a0179ee3b2,8772692261831334712,1,33,default,{},4096,4096,2,16,key_load,,,,,,,,,,,,,,phase,,,true,,,ark-groth16 does not expose stable per-run phase hooks,,measured,within-stack pilot; no Groth16-versus-PLONK claim,os_cache_primer,false,false,unsupported,{},,,,,,
cc988221-54f5-4505-85d4-220959a00d27,2026-08-09T02:46:25.076189+00:00,C2-CONTROLLED-SNARK,controlled-groth16-pilot-v1,controlled_kernel,ark-groth16-0.6.0-bn254,5477ab05b549b750fa32dc9a1bc61898f74ebf21,de947ec44a622d90f62e247e4cad4e4a81bb578c8249825f66cc44a0179ee3b2,8772692261831334712,1,33,default,{},4096,4096,2,16,adapter_process_wall,341.698937,520.000000,14.605469,128,true,0,,3665,956,,,,linux-procfs,process,,,true,,,"Linux procfs read failed: [Errno 13] Permission denied: '/proc/1714/io'; private commit and per-process swap I/O are unavailable; VmSwap reports allocation, not swap traffic; No documented hardware or OS energy counter is configured in WSL2",,measured,within-stack pilot; no Groth16-versus-PLONK claim,os_cache_primer,false,true,ok,{},4096,2,4096,r1cs_constraints,5.0,63
365dc48f-65b9-435c-8df8-d7b376e1cbd1,2026-08-09T02:46:25.542020+00:00,C2-CONTROLLED-SNARK,controlled-groth16-pilot-v1,controlled_kernel,ark-groth16-0.6.0-bn254,5477ab05b549b750fa32dc9a1bc61898f74ebf21,de947ec44a622d90f62e247e4cad4e4a81bb578c8249825f66cc44a0179ee3b2,4789749423946771501,0,34,default,{},4096,4096,4,16,native_execution,0.792154,,,,,,,,,,,,,phase,,,true,,,,,measured,within-stack pilot; no Groth16-versus-PLONK claim,os_cache_primer,false,true,ok,"{""application_units"":4096.0}",,,,,,
365dc48f-65b9-435c-8df8-d7b376e1cbd1,2026-08-09T02:46:25.542118+00:00,C2-CONTROLLED-SNARK,controlled-groth16-pilot-v1,controlled_kernel,ark-groth16-0.6.0-bn254,5477ab05b549b750fa32dc9a1bc61898f74ebf21,de947ec44a622d90f62e247e4cad4e4a81bb578c8249825f66cc44a0179ee3b2,4789749423946771501,0,34,default,{},4096,4096,4,16,witness,287.845112,,,,,,,,,,,,,phase,,,true,,,,,measured,within-stack pilot; no Groth16-versus-PLONK claim,os_cache_primer,false,true,ok,"{""application_units"":4096.0,""constraint_count"":4096.0}",,,,,,
365dc48f-65b9-435c-8df8-d7b376e1cbd1,2026-08-09T02:46:25.542139+00:00,C2-CONTROLLED-SNARK,controlled-groth16-pilot-v1,controlled_kernel,ark-groth16-0.6.0-bn254,5477ab05b549b750fa32dc9a1bc61898f74ebf21,de947ec44a622d90f62e247e4cad4e4a81bb578c8249825f66cc44a0179ee3b2,4789749423946771501,0,34,default,{},4096,4096,4,16,setup_or_preprocess,56.046756,,,,,,,,,,,,,phase,,,true,,,,,measured,within-stack pilot; no Groth16-versus-PLONK claim,os_cache_primer,false,true,ok,"{""constraint_count"":4096.0}",,,,,,
365dc48f-65b9-435c-8df8-d7b376e1cbd1,2026-08-09T02:46:25.542155+00:00,C2-CONTROLLED-SNARK,controlled-groth16-pilot-v1,controlled_kernel,ark-groth16-0.6.0-bn254,5477ab05b549b750fa32dc9a1bc61898f74ebf21,de947ec44a622d90f62e247e4cad4e4a81bb578c8249825f66cc44a0179ee3b2,4789749423946771501,0,34,default,{},4096,4096,4,16,prove_total,68.113991,,,,,,,,,,,,,phase,,,true,,,,,measured,within-stack pilot; no Groth16-versus-PLONK claim,os_cache_primer,false,true,ok,"{""constraint_count"":4096.0}",,,,,,
365dc48f-65b9-435c-8df8-d7b376e1cbd1,2026-08-09T02:46:25.542170+00:00,C2-CONTROLLED-SNARK,controlled-groth16-pilot-v1,controlled_kernel,ark-groth16-0.6.0-bn254,5477ab05b549b750fa32dc9a1bc61898f74ebf21,de947ec44a622d90f62e247e4cad4e4a81bb578c8249825f66cc44a0179ee3b2,4789749423946771501,0,34,default,{},4096,4096,4,16,serialize,0.002274,,,,,,,,,,,,,phase,,,true,,,,,measured,within-stack pilot; no Groth16-versus-PLONK claim,os_cache_primer,false,true,ok,"{""proof_bytes"":128.0}",,,,,,
365dc48f-65b9-435c-8df8-d7b376e1cbd1,2026-08-09T02:46:25.542185+00:00,C2-CONTROLLED-SNARK,controlled-groth16-pilot-v1,controlled_kernel,ark-groth16-0.6.0-bn254,5477ab05b549b750fa32dc9a1bc61898f74ebf21,de947ec44a622d90f62e247e4cad4e4a81bb578c8249825f66cc44a0179ee3b2,4789749423946771501,0,34,default,{},4096,4096,4,16,deserialize,0.203859,,,,,,,,,,,,,phase,,,true,,,,,measured,within-stack pilot; no Groth16-versus-PLONK claim,os_cache_primer,false,true,ok,"{""proof_bytes"":128.0}",,,,,,
365dc48f-65b9-435c-8df8-d7b376e1cbd1,2026-08-09T02:46:25.542198+00:00,C2-CONTROLLED-SNARK,controlled-groth16-pilot-v1,controlled_kernel,ark-groth16-0.6.0-bn254,5477ab05b549b750fa32dc9a1bc61898f74ebf21,de947ec44a622d90f62e247e4cad4e4a81bb578c8249825f66cc44a0179ee3b2,4789749423946771501,0,34,default,{},4096,4096,4,16,verify_core,1.259835,,,,,,,,,,,,,phase,,,true,,,,,measured,within-stack pilot; no Groth16-versus-PLONK claim,os_cache_primer,false,true,ok,{},,,,,,
365dc48f-65b9-435c-8df8-d7b376e1cbd1,2026-08-09T02:46:25.542211+00:00,C2-CONTROLLED-SNARK,controlled-groth16-pilot-v1,controlled_kernel,ark-groth16-0.6.0-bn254,5477ab05b549b750fa32dc9a1bc61898f74ebf21,de947ec44a622d90f62e247e4cad4e4a81bb578c8249825f66cc44a0179ee3b2,4789749423946771501,0,34,default,{},4096,4096,4,16,verify_total,1.463834,,,,,,,,,,,,,phase,,,true,,,,,measured,within-stack pilot; no Groth16-versus-PLONK claim,os_cache_primer,false,true,ok,{},,,,,,
365dc48f-65b9-435c-8df8-d7b376e1cbd1,2026-08-09T02:46:25.542224+00:00,C2-CONTROLLED-SNARK,controlled-groth16-pilot-v1,controlled_kernel,ark-groth16-0.6.0-bn254,5477ab05b549b750fa32dc9a1bc61898f74ebf21,de947ec44a622d90f62e247e4cad4e4a81bb578c8249825f66cc44a0179ee3b2,4789749423946771501,0,34,default,{},4096,4096,4,16,fft_ntt,,,,,,,,,,,,,,phase,,,true,,,ark-groth16 does not expose stable per-run phase hooks,,measured,within-stack pilot; no Groth16-versus-PLONK claim,os_cache_primer,false,false,unsupported,{},,,,,,
365dc48f-65b9-435c-8df8-d7b376e1cbd1,2026-08-09T02:46:25.542237+00:00,C2-CONTROLLED-SNARK,controlled-groth16-pilot-v1,controlled_kernel,ark-groth16-0.6.0-bn254,5477ab05b549b750fa32dc9a1bc61898f74ebf21,de947ec44a622d90f62e247e4cad4e4a81bb578c8249825f66cc44a0179ee3b2,4789749423946771501,0,34,default,{},4096,4096,4,16,msm,,,,,,,,,,,,,,phase,,,true,,,ark-groth16 does not expose stable per-run phase hooks,,measured,within-stack pilot; no Groth16-versus-PLONK claim,os_cache_primer,false,false,unsupported,{},,,,,,
365dc48f-65b9-435c-8df8-d7b376e1cbd1,2026-08-09T02:46:25.542249+00:00,C2-CONTROLLED-SNARK,controlled-groth16-pilot-v1,controlled_kernel,ark-groth16-0.6.0-bn254,5477ab05b549b750fa32dc9a1bc61898f74ebf21,de947ec44a622d90f62e247e4cad4e4a81bb578c8249825f66cc44a0179ee3b2,4789749423946771501,0,34,default,{},4096,4096,4,16,commitment,,,,,,,,,,,,,,phase,,,true,,,ark-groth16 does not expose stable per-run phase hooks,,measured,within-stack pilot; no Groth16-versus-PLONK claim,os_cache_primer,false,false,unsupported,{},,,,,,
365dc48f-65b9-435c-8df8-d7b376e1cbd1,2026-08-09T02:46:25.542261+00:00,C2-CONTROLLED-SNARK,controlled-groth16-pilot-v1,controlled_kernel,ark-groth16-0.6.0-bn254,5477ab05b549b750fa32dc9a1bc61898f74ebf21,de947ec44a622d90f62e247e4cad4e4a81bb578c8249825f66cc44a0179ee3b2,4789749423946771501,0,34,default,{},4096,4096,4,16,key_load,,,,,,,,,,,,,,phase,,,true,,,ark-groth16 does not expose stable per-run phase hooks,,measured,within-stack pilot; no Groth16-versus-PLONK claim,os_cache_primer,false,false,unsupported,{},,,,,,
365dc48f-65b9-435c-8df8-d7b376e1cbd1,2026-08-09T02:46:25.542273+00:00,C2-CONTROLLED-SNARK,controlled-groth16-pilot-v1,controlled_kernel,ark-groth16-0.6.0-bn254,5477ab05b549b750fa32dc9a1bc61898f74ebf21,de947ec44a622d90f62e247e4cad4e4a81bb578c8249825f66cc44a0179ee3b2,4789749423946771501,0,34,default,{},4096,4096,4,16,adapter_process_wall,465.010303,1100.000000,15.371094,128,true,0,,4159,956,,,,linux-procfs,process,,,true,,,"private commit and per-process swap I/O are unavailable; VmSwap reports allocation, not swap traffic; No documented hardware or OS energy counter is configured in WSL2",,measured,within-stack pilot; no Groth16-versus-PLONK claim,os_cache_primer,false,true,ok,{},4096,2,4096,r1cs_constraints,5.0,87
3228eb4b-b8a3-4627-b27e-18848f47f87d,2026-08-09T02:46:26.021666+00:00,C2-CONTROLLED-SNARK,controlled-groth16-pilot-v1,controlled_kernel,ark-groth16-0.6.0-bn254,5477ab05b549b750fa32dc9a1bc61898f74ebf21,de947ec44a622d90f62e247e4cad4e4a81bb578c8249825f66cc44a0179ee3b2,3279418608852778125,1,35,default,{},4096,4096,4,16,native_execution,0.669685,,,,,,,,,,,,,phase,,,true,,,,,measured,within-stack pilot; no Groth16-versus-PLONK claim,os_cache_primer,false,true,ok,"{""application_units"":4096.0}",,,,,,
3228eb4b-b8a3-4627-b27e-18848f47f87d,2026-08-09T02:46:26.021828+00:00,C2-CONTROLLED-SNARK,controlled-groth16-pilot-v1,controlled_kernel,ark-groth16-0.6.0-bn254,5477ab05b549b750fa32dc9a1bc61898f74ebf21,de947ec44a622d90f62e247e4cad4e4a81bb578c8249825f66cc44a0179ee3b2,3279418608852778125,1,35,default,{},4096,4096,4,16,witness,292.588409,,,,,,,,,,,,,phase,,,true,,,,,measured,within-stack pilot; no Groth16-versus-PLONK claim,os_cache_primer,false,true,ok,"{""application_units"":4096.0,""constraint_count"":4096.0}",,,,,,
3228eb4b-b8a3-4627-b27e-18848f47f87d,2026-08-09T02:46:26.021877+00:00,C2-CONTROLLED-SNARK,controlled-groth16-pilot-v1,controlled_kernel,ark-groth16-0.6.0-bn254,5477ab05b549b750fa32dc9a1bc61898f74ebf21,de947ec44a622d90f62e247e4cad4e4a81bb578c8249825f66cc44a0179ee3b2,3279418608852778125,1,35,default,{},4096,4096,4,16,setup_or_preprocess,58.075210,,,,,,,,,,,,,phase,,,true,,,,,measured,within-stack pilot; no Groth16-versus-PLONK claim,os_cache_primer,false,true,ok,"{""constraint_count"":4096.0}",,,,,,
3228eb4b-b8a3-4627-b27e-18848f47f87d,2026-08-09T02:46:26.021895+00:00,C2-CONTROLLED-SNARK,controlled-groth16-pilot-v1,controlled_kernel,ark-groth16-0.6.0-bn254,5477ab05b549b750fa32dc9a1bc61898f74ebf21,de947ec44a622d90f62e247e4cad4e4a81bb578c8249825f66cc44a0179ee3b2,3279418608852778125,1,35,default,{},4096,4096,4,16,prove_total,74.311164,,,,,,,,,,,,,phase,,,true,,,,,measured,within-stack pilot; no Groth16-versus-PLONK claim,os_cache_primer,false,true,ok,"{""constraint_count"":4096.0}",,,,,,
3228eb4b-b8a3-4627-b27e-18848f47f87d,2026-08-09T02:46:26.021911+00:00,C2-CONTROLLED-SNARK,controlled-groth16-pilot-v1,controlled_kernel,ark-groth16-0.6.0-bn254,5477ab05b549b750fa32dc9a1bc61898f74ebf21,de947ec44a622d90f62e247e4cad4e4a81bb578c8249825f66cc44a0179ee3b2,3279418608852778125,1,35,default,{},4096,4096,4,16,serialize,0.002675,,,,,,,,,,,,,phase,,,true,,,,,measured,within-stack pilot; no Groth16-versus-PLONK claim,os_cache_primer,false,true,ok,"{""proof_bytes"":128.0}",,,,,,
3228eb4b-b8a3-4627-b27e-18848f47f87d,2026-08-09T02:46:26.021924+00:00,C2-CONTROLLED-SNARK,controlled-groth16-pilot-v1,controlled_kernel,ark-groth16-0.6.0-bn254,5477ab05b549b750fa32dc9a1bc61898f74ebf21,de947ec44a622d90f62e247e4cad4e4a81bb578c8249825f66cc44a0179ee3b2,3279418608852778125,1,35,default,{},4096,4096,4,16,deserialize,0.205212,,,,,,,,,,,,,phase,,,true,,,,,measured,within-stack pilot; no Groth16-versus-PLONK claim,os_cache_primer,false,true,ok,"{""proof_bytes"":128.0}",,,,,,
3228eb4b-b8a3-4627-b27e-18848f47f87d,2026-08-09T02:46:26.021938+00:00,C2-CONTROLLED-SNARK,controlled-groth16-pilot-v1,controlled_kernel,ark-groth16-0.6.0-bn254,5477ab05b549b750fa32dc9a1bc61898f74ebf21,de947ec44a622d90f62e247e4cad4e4a81bb578c8249825f66cc44a0179ee3b2,3279418608852778125,1,35,default,{},4096,4096,4,16,verify_core,1.004058,,,,,,,,,,,,,phase,,,true,,,,,measured,within-stack pilot; no Groth16-versus-PLONK claim,os_cache_primer,false,true,ok,{},,,,,,
3228eb4b-b8a3-4627-b27e-18848f47f87d,2026-08-09T02:46:26.021952+00:00,C2-CONTROLLED-SNARK,controlled-groth16-pilot-v1,controlled_kernel,ark-groth16-0.6.0-bn254,5477ab05b549b750fa32dc9a1bc61898f74ebf21,de947ec44a622d90f62e247e4cad4e4a81bb578c8249825f66cc44a0179ee3b2,3279418608852778125,1,35,default,{},4096,4096,4,16,verify_total,1.209441,,,,,,,,,,,,,phase,,,true,,,,,measured,within-stack pilot; no Groth16-versus-PLONK claim,os_cache_primer,false,true,ok,{},,,,,,
3228eb4b-b8a3-4627-b27e-18848f47f87d,2026-08-09T02:46:26.021965+00:00,C2-CONTROLLED-SNARK,controlled-groth16-pilot-v1,controlled_kernel,ark-groth16-0.6.0-bn254,5477ab05b549b750fa32dc9a1bc61898f74ebf21,de947ec44a622d90f62e247e4cad4e4a81bb578c8249825f66cc44a0179ee3b2,3279418608852778125,1,35,default,{},4096,4096,4,16,fft_ntt,,,,,,,,,,,,,,phase,,,true,,,ark-groth16 does not expose stable per-run phase hooks,,measured,within-stack pilot; no Groth16-versus-PLONK claim,os_cache_primer,false,false,unsupported,{},,,,,,
3228eb4b-b8a3-4627-b27e-18848f47f87d,2026-08-09T02:46:26.021978+00:00,C2-CONTROLLED-SNARK,controlled-groth16-pilot-v1,controlled_kernel,ark-groth16-0.6.0-bn254,5477ab05b549b750fa32dc9a1bc61898f74ebf21,de947ec44a622d90f62e247e4cad4e4a81bb578c8249825f66cc44a0179ee3b2,3279418608852778125,1,35,default,{},4096,4096,4,16,msm,,,,,,,,,,,,,,phase,,,true,,,ark-groth16 does not expose stable per-run phase hooks,,measured,within-stack pilot; no Groth16-versus-PLONK claim,os_cache_primer,false,false,unsupported,{},,,,,,
3228eb4b-b8a3-4627-b27e-18848f47f87d,2026-08-09T02:46:26.021991+00:00,C2-CONTROLLED-SNARK,controlled-groth16-pilot-v1,controlled_kernel,ark-groth16-0.6.0-bn254,5477ab05b549b750fa32dc9a1bc61898f74ebf21,de947ec44a622d90f62e247e4cad4e4a81bb578c8249825f66cc44a0179ee3b2,3279418608852778125,1,35,default,{},4096,4096,4,16,commitment,,,,,,,,,,,,,,phase,,,true,,,ark-groth16 does not expose stable per-run phase hooks,,measured,within-stack pilot; no Groth16-versus-PLONK claim,os_cache_primer,false,false,unsupported,{},,,,,,
3228eb4b-b8a3-4627-b27e-18848f47f87d,2026-08-09T02:46:26.022004+00:00,C2-CONTROLLED-SNARK,controlled-groth16-pilot-v1,controlled_kernel,ark-groth16-0.6.0-bn254,5477ab05b549b750fa32dc9a1bc61898f74ebf21,de947ec44a622d90f62e247e4cad4e4a81bb578c8249825f66cc44a0179ee3b2,3279418608852778125,1,35,default,{},4096,4096,4,16,key_load,,,,,,,,,,,,,,phase,,,true,,,ark-groth16 does not expose stable per-run phase hooks,,measured,within-stack pilot; no Groth16-versus-PLONK claim,os_cache_primer,false,false,unsupported,{},,,,,,
3228eb4b-b8a3-4627-b27e-18848f47f87d,2026-08-09T02:46:26.022017+00:00,C2-CONTROLLED-SNARK,controlled-groth16-pilot-v1,controlled_kernel,ark-groth16-0.6.0-bn254,5477ab05b549b750fa32dc9a1bc61898f74ebf21,de947ec44a622d90f62e247e4cad4e4a81bb578c8249825f66cc44a0179ee3b2,3279418608852778125,1,35,default,{},4096,4096,4,16,adapter_process_wall,478.264667,1110.000000,15.621094,128,true,0,,4195,956,,,,linux-procfs,process,,,true,,,"private commit and per-process swap I/O are unavailable; VmSwap reports allocation, not swap traffic; No documented hardware or OS energy counter is configured in WSL2",,measured,within-stack pilot; no Groth16-versus-PLONK claim,os_cache_primer,false,true,ok,{},4096,2,4096,r1cs_constraints,5.0,89
aa46598d-f923-4a01-8746-893cd8ed5972,2026-08-09T02:46:26.924710+00:00,C2-CONTROLLED-SNARK,controlled-groth16-pilot-v1,controlled_kernel,ark-groth16-0.6.0-bn254,5477ab05b549b750fa32dc9a1bc61898f74ebf21,de947ec44a622d90f62e247e4cad4e4a81bb578c8249825f66cc44a0179ee3b2,4479097799337572075,0,36,default,{},4096,4096,8,16,native_execution,0.648867,,,,,,,,,,,,,phase,,,true,,,,,measured,within-stack pilot; no Groth16-versus-PLONK claim,os_cache_primer,false,true,ok,"{""application_units"":4096.0}",,,,,,
aa46598d-f923-4a01-8746-893cd8ed5972,2026-08-09T02:46:26.924782+00:00,C2-CONTROLLED-SNARK,controlled-groth16-pilot-v1,controlled_kernel,ark-groth16-0.6.0-bn254,5477ab05b549b750fa32dc9a1bc61898f74ebf21,de947ec44a622d90f62e247e4cad4e4a81bb578c8249825f66cc44a0179ee3b2,4479097799337572075,0,36,default,{},4096,4096,8,16,witness,695.234570,,,,,,,,,,,,,phase,,,true,,,,,measured,within-stack pilot; no Groth16-versus-PLONK claim,os_cache_primer,false,true,ok,"{""application_units"":4096.0,""constraint_count"":4096.0}",,,,,,
aa46598d-f923-4a01-8746-893cd8ed5972,2026-08-09T02:46:26.924823+00:00,C2-CONTROLLED-SNARK,controlled-groth16-pilot-v1,controlled_kernel,ark-groth16-0.6.0-bn254,5477ab05b549b750fa32dc9a1bc61898f74ebf21,de947ec44a622d90f62e247e4cad4e4a81bb578c8249825f66cc44a0179ee3b2,4479097799337572075,0,36,default,{},4096,4096,8,16,setup_or_preprocess,46.816459,,,,,,,,,,,,,phase,,,true,,,,,measured,within-stack pilot; no Groth16-versus-PLONK claim,os_cache_primer,false,true,ok,"{""constraint_count"":4096.0}",,,,,,
aa46598d-f923-4a01-8746-893cd8ed5972,2026-08-09T02:46:26.924864+00:00,C2-CONTROLLED-SNARK,controlled-groth16-pilot-v1,controlled_kernel,ark-groth16-0.6.0-bn254,5477ab05b549b750fa32dc9a1bc61898f74ebf21,de947ec44a622d90f62e247e4cad4e4a81bb578c8249825f66cc44a0179ee3b2,4479097799337572075,0,36,default,{},4096,4096,8,16,prove_total,105.636405,,,,,,,,,,,,,phase,,,true,,,,,measured,within-stack pilot; no Groth16-versus-PLONK claim,os_cache_primer,false,true,ok,"{""constraint_count"":4096.0}",,,,,,
aa46598d-f923-4a01-8746-893cd8ed5972,2026-08-09T02:46:26.924888+00:00,C2-CONTROLLED-SNARK,controlled-groth16-pilot-v1,controlled_kernel,ark-groth16-0.6.0-bn254,5477ab05b549b750fa32dc9a1bc61898f74ebf21,de947ec44a622d90f62e247e4cad4e4a81bb578c8249825f66cc44a0179ee3b2,4479097799337572075,0,36,default,{},4096,4096,8,16,serialize,0.004408,,,,,,,,,,,,,phase,,,true,,,,,measured,within-stack pilot; no Groth16-versus-PLONK claim,os_cache_primer,false,true,ok,"{""proof_bytes"":128.0}",,,,,,
aa46598d-f923-4a01-8746-893cd8ed5972,2026-08-09T02:46:26.924907+00:00,C2-CONTROLLED-SNARK,controlled-groth16-pilot-v1,controlled_kernel,ark-groth16-0.6.0-bn254,5477ab05b549b750fa32dc9a1bc61898f74ebf21,de947ec44a622d90f62e247e4cad4e4a81bb578c8249825f66cc44a0179ee3b2,4479097799337572075,0,36,default,{},4096,4096,8,16,deserialize,0.169946,,,,,,,,,,,,,phase,,,true,,,,,measured,within-stack pilot; no Groth16-versus-PLONK claim,os_cache_primer,false,true,ok,"{""proof_bytes"":128.0}",,,,,,
aa46598d-f923-4a01-8746-893cd8ed5972,2026-08-09T02:46:26.924924+00:00,C2-CONTROLLED-SNARK,controlled-groth16-pilot-v1,controlled_kernel,ark-groth16-0.6.0-bn254,5477ab05b549b750fa32dc9a1bc61898f74ebf21,de947ec44a622d90f62e247e4cad4e4a81bb578c8249825f66cc44a0179ee3b2,4479097799337572075,0,36,default,{},4096,4096,8,16,verify_core,1.043882,,,,,,,,,,,,,phase,,,true,,,,,measured,within-stack pilot; no Groth16-versus-PLONK claim,os_cache_primer,false,true,ok,{},,,,,,
aa46598d-f923-4a01-8746-893cd8ed5972,2026-08-09T02:46:26.924939+00:00,C2-CONTROLLED-SNARK,controlled-groth16-pilot-v1,controlled_kernel,ark-groth16-0.6.0-bn254,5477ab05b549b750fa32dc9a1bc61898f74ebf21,de947ec44a622d90f62e247e4cad4e4a81bb578c8249825f66cc44a0179ee3b2,4479097799337572075,0,36,default,{},4096,4096,8,16,verify_total,1.213939,,,,,,,,,,,,,phase,,,true,,,,,measured,within-stack pilot; no Groth16-versus-PLONK claim,os_cache_primer,false,true,ok,{},,,,,,
aa46598d-f923-4a01-8746-893cd8ed5972,2026-08-09T02:46:26.924954+00:00,C2-CONTROLLED-SNARK,controlled-groth16-pilot-v1,controlled_kernel,ark-groth16-0.6.0-bn254,5477ab05b549b750fa32dc9a1bc61898f74ebf21,de947ec44a622d90f62e247e4cad4e4a81bb578c8249825f66cc44a0179ee3b2,4479097799337572075,0,36,default,{},4096,4096,8,16,fft_ntt,,,,,,,,,,,,,,phase,,,true,,,ark-groth16 does not expose stable per-run phase hooks,,measured,within-stack pilot; no Groth16-versus-PLONK claim,os_cache_primer,false,false,unsupported,{},,,,,,
aa46598d-f923-4a01-8746-893cd8ed5972,2026-08-09T02:46:26.924970+00:00,C2-CONTROLLED-SNARK,controlled-groth16-pilot-v1,controlled_kernel,ark-groth16-0.6.0-bn254,5477ab05b549b750fa32dc9a1bc61898f74ebf21,de947ec44a622d90f62e247e4cad4e4a81bb578c8249825f66cc44a0179ee3b2,4479097799337572075,0,36,default,{},4096,4096,8,16,msm,,,,,,,,,,,,,,phase,,,true,,,ark-groth16 does not expose stable per-run phase hooks,,measured,within-stack pilot; no Groth16-versus-PLONK claim,os_cache_primer,false,false,unsupported,{},,,,,,
aa46598d-f923-4a01-8746-893cd8ed5972,2026-08-09T02:46:26.924985+00:00,C2-CONTROLLED-SNARK,controlled-groth16-pilot-v1,controlled_kernel,ark-groth16-0.6.0-bn254,5477ab05b549b750fa32dc9a1bc61898f74ebf21,de947ec44a622d90f62e247e4cad4e4a81bb578c8249825f66cc44a0179ee3b2,4479097799337572075,0,36,default,{},4096,4096,8,16,commitment,,,,,,,,,,,,,,phase,,,true,,,ark-groth16 does not expose stable per-run phase hooks,,measured,within-stack pilot; no Groth16-versus-PLONK claim,os_cache_primer,false,false,unsupported,{},,,,,,
aa46598d-f923-4a01-8746-893cd8ed5972,2026-08-09T02:46:26.925000+00:00,C2-CONTROLLED-SNARK,controlled-groth16-pilot-v1,controlled_kernel,ark-groth16-0.6.0-bn254,5477ab05b549b750fa32dc9a1bc61898f74ebf21,de947ec44a622d90f62e247e4cad4e4a81bb578c8249825f66cc44a0179ee3b2,4479097799337572075,0,36,default,{},4096,4096,8,16,key_load,,,,,,,,,,,,,,phase,,,true,,,ark-groth16 does not expose stable per-run phase hooks,,measured,within-stack pilot; no Groth16-versus-PLONK claim,os_cache_primer,false,false,unsupported,{},,,,,,
aa46598d-f923-4a01-8746-893cd8ed5972,2026-08-09T02:46:26.925015+00:00,C2-CONTROLLED-SNARK,controlled-groth16-pilot-v1,controlled_kernel,ark-groth16-0.6.0-bn254,5477ab05b549b750fa32dc9a1bc61898f74ebf21,de947ec44a622d90f62e247e4cad4e4a81bb578c8249825f66cc44a0179ee3b2,4479097799337572075,0,36,default,{},4096,4096,8,16,adapter_process_wall,901.674889,2460.000000,16.710938,128,true,0,,4152,956,,,,linux-procfs,process,,,true,,,"Linux procfs read failed: [Errno 13] Permission denied: '/proc/1788/io'; private commit and per-process swap I/O are unavailable; VmSwap reports allocation, not swap traffic; No documented hardware or OS energy counter is configured in WSL2",,measured,within-stack pilot; no Groth16-versus-PLONK claim,os_cache_primer,false,true,ok,{},4096,2,4096,r1cs_constraints,5.0,167
652c1b65-4f9c-4c0b-a61f-8795620f0f3e,2026-08-09T02:46:27.785889+00:00,C2-CONTROLLED-SNARK,controlled-groth16-pilot-v1,controlled_kernel,ark-groth16-0.6.0-bn254,5477ab05b549b750fa32dc9a1bc61898f74ebf21,de947ec44a622d90f62e247e4cad4e4a81bb578c8249825f66cc44a0179ee3b2,5016409158065352119,1,37,default,{},4096,4096,8,16,native_execution,0.701485,,,,,,,,,,,,,phase,,,true,,,,,measured,within-stack pilot; no Groth16-versus-PLONK claim,os_cache_primer,false,true,ok,"{""application_units"":4096.0}",,,,,,
652c1b65-4f9c-4c0b-a61f-8795620f0f3e,2026-08-09T02:46:27.786000+00:00,C2-CONTROLLED-SNARK,controlled-groth16-pilot-v1,controlled_kernel,ark-groth16-0.6.0-bn254,5477ab05b549b750fa32dc9a1bc61898f74ebf21,de947ec44a622d90f62e247e4cad4e4a81bb578c8249825f66cc44a0179ee3b2,5016409158065352119,1,37,default,{},4096,4096,8,16,witness,658.400728,,,,,,,,,,,,,phase,,,true,,,,,measured,within-stack pilot; no Groth16-versus-PLONK claim,os_cache_primer,false,true,ok,"{""application_units"":4096.0,""constraint_count"":4096.0}",,,,,,
652c1b65-4f9c-4c0b-a61f-8795620f0f3e,2026-08-09T02:46:27.786021+00:00,C2-CONTROLLED-SNARK,controlled-groth16-pilot-v1,controlled_kernel,ark-groth16-0.6.0-bn254,5477ab05b549b750fa32dc9a1bc61898f74ebf21,de947ec44a622d90f62e247e4cad4e4a81bb578c8249825f66cc44a0179ee3b2,5016409158065352119,1,37,default,{},4096,4096,8,16,setup_or_preprocess,44.149436,,,,,,,,,,,,,phase,,,true,,,,,measured,within-stack pilot; no Groth16-versus-PLONK claim,os_cache_primer,false,true,ok,"{""constraint_count"":4096.0}",,,,,,
652c1b65-4f9c-4c0b-a61f-8795620f0f3e,2026-08-09T02:46:27.786037+00:00,C2-CONTROLLED-SNARK,controlled-groth16-pilot-v1,controlled_kernel,ark-groth16-0.6.0-bn254,5477ab05b549b750fa32dc9a1bc61898f74ebf21,de947ec44a622d90f62e247e4cad4e4a81bb578c8249825f66cc44a0179ee3b2,5016409158065352119,1,37,default,{},4096,4096,8,16,prove_total,101.872211,,,,,,,,,,,,,phase,,,true,,,,,measured,within-stack pilot; no Groth16-versus-PLONK claim,os_cache_primer,false,true,ok,"{""constraint_count"":4096.0}",,,,,,
652c1b65-4f9c-4c0b-a61f-8795620f0f3e,2026-08-09T02:46:27.786080+00:00,C2-CONTROLLED-SNARK,controlled-groth16-pilot-v1,controlled_kernel,ark-groth16-0.6.0-bn254,5477ab05b549b750fa32dc9a1bc61898f74ebf21,de947ec44a622d90f62e247e4cad4e4a81bb578c8249825f66cc44a0179ee3b2,5016409158065352119,1,37,default,{},4096,4096,8,16,serialize,0.013214,,,,,,,,,,,,,phase,,,true,,,,,measured,within-stack pilot; no Groth16-versus-PLONK claim,os_cache_primer,false,true,ok,"{""proof_bytes"":128.0}",,,,,,
652c1b65-4f9c-4c0b-a61f-8795620f0f3e,2026-08-09T02:46:27.786104+00:00,C2-CONTROLLED-SNARK,controlled-groth16-pilot-v1,controlled_kernel,ark-groth16-0.6.0-bn254,5477ab05b549b750fa32dc9a1bc61898f74ebf21,de947ec44a622d90f62e247e4cad4e4a81bb578c8249825f66cc44a0179ee3b2,5016409158065352119,1,37,default,{},4096,4096,8,16,deserialize,0.207787,,,,,,,,,,,,,phase,,,true,,,,,measured,within-stack pilot; no Groth16-versus-PLONK claim,os_cache_primer,false,true,ok,"{""proof_bytes"":128.0}",,,,,,
652c1b65-4f9c-4c0b-a61f-8795620f0f3e,2026-08-09T02:46:27.786121+00:00,C2-CONTROLLED-SNARK,controlled-groth16-pilot-v1,controlled_kernel,ark-groth16-0.6.0-bn254,5477ab05b549b750fa32dc9a1bc61898f74ebf21,de947ec44a622d90f62e247e4cad4e4a81bb578c8249825f66cc44a0179ee3b2,5016409158065352119,1,37,default,{},4096,4096,8,16,verify_core,1.267990,,,,,,,,,,,,,phase,,,true,,,,,measured,within-stack pilot; no Groth16-versus-PLONK claim,os_cache_primer,false,true,ok,{},,,,,,
652c1b65-4f9c-4c0b-a61f-8795620f0f3e,2026-08-09T02:46:27.786135+00:00,C2-CONTROLLED-SNARK,controlled-groth16-pilot-v1,controlled_kernel,ark-groth16-0.6.0-bn254,5477ab05b549b750fa32dc9a1bc61898f74ebf21,de947ec44a622d90f62e247e4cad4e4a81bb578c8249825f66cc44a0179ee3b2,5016409158065352119,1,37,default,{},4096,4096,8,16,verify_total,1.475937,,,,,,,,,,,,,phase,,,true,,,,,measured,within-stack pilot; no Groth16-versus-PLONK claim,os_cache_primer,false,true,ok,{},,,,,,
652c1b65-4f9c-4c0b-a61f-8795620f0f3e,2026-08-09T02:46:27.786149+00:00,C2-CONTROLLED-SNARK,controlled-groth16-pilot-v1,controlled_kernel,ark-groth16-0.6.0-bn254,5477ab05b549b750fa32dc9a1bc61898f74ebf21,de947ec44a622d90f62e247e4cad4e4a81bb578c8249825f66cc44a0179ee3b2,5016409158065352119,1,37,default,{},4096,4096,8,16,fft_ntt,,,,,,,,,,,,,,phase,,,true,,,ark-groth16 does not expose stable per-run phase hooks,,measured,within-stack pilot; no Groth16-versus-PLONK claim,os_cache_primer,false,false,unsupported,{},,,,,,
652c1b65-4f9c-4c0b-a61f-8795620f0f3e,2026-08-09T02:46:27.786163+00:00,C2-CONTROLLED-SNARK,controlled-groth16-pilot-v1,controlled_kernel,ark-groth16-0.6.0-bn254,5477ab05b549b750fa32dc9a1bc61898f74ebf21,de947ec44a622d90f62e247e4cad4e4a81bb578c8249825f66cc44a0179ee3b2,5016409158065352119,1,37,default,{},4096,4096,8,16,msm,,,,,,,,,,,,,,phase,,,true,,,ark-groth16 does not expose stable per-run phase hooks,,measured,within-stack pilot; no Groth16-versus-PLONK claim,os_cache_primer,false,false,unsupported,{},,,,,,
652c1b65-4f9c-4c0b-a61f-8795620f0f3e,2026-08-09T02:46:27.786176+00:00,C2-CONTROLLED-SNARK,controlled-groth16-pilot-v1,controlled_kernel,ark-groth16-0.6.0-bn254,5477ab05b549b750fa32dc9a1bc61898f74ebf21,de947ec44a622d90f62e247e4cad4e4a81bb578c8249825f66cc44a0179ee3b2,5016409158065352119,1,37,default,{},4096,4096,8,16,commitment,,,,,,,,,,,,,,phase,,,true,,,ark-groth16 does not expose stable per-run phase hooks,,measured,within-stack pilot; no Groth16-versus-PLONK claim,os_cache_primer,false,false,unsupported,{},,,,,,
652c1b65-4f9c-4c0b-a61f-8795620f0f3e,2026-08-09T02:46:27.786189+00:00,C2-CONTROLLED-SNARK,controlled-groth16-pilot-v1,controlled_kernel,ark-groth16-0.6.0-bn254,5477ab05b549b750fa32dc9a1bc61898f74ebf21,de947ec44a622d90f62e247e4cad4e4a81bb578c8249825f66cc44a0179ee3b2,5016409158065352119,1,37,default,{},4096,4096,8,16,key_load,,,,,,,,,,,,,,phase,,,true,,,ark-groth16 does not expose stable per-run phase hooks,,measured,within-stack pilot; no Groth16-versus-PLONK claim,os_cache_primer,false,false,unsupported,{},,,,,,
652c1b65-4f9c-4c0b-a61f-8795620f0f3e,2026-08-09T02:46:27.786203+00:00,C2-CONTROLLED-SNARK,controlled-groth16-pilot-v1,controlled_kernel,ark-groth16-0.6.0-bn254,5477ab05b549b750fa32dc9a1bc61898f74ebf21,de947ec44a622d90f62e247e4cad4e4a81bb578c8249825f66cc44a0179ee3b2,5016409158065352119,1,37,default,{},4096,4096,8,16,adapter_process_wall,859.786179,2330.000000,17.343750,128,true,0,,4300,956,,,,linux-procfs,process,,,true,,,"Linux procfs read failed: [Errno 13] Permission denied: '/proc/1842/io'; private commit and per-process swap I/O are unavailable; VmSwap reports allocation, not swap traffic; No documented hardware or OS energy counter is configured in WSL2",,measured,within-stack pilot; no Groth16-versus-PLONK claim,os_cache_primer,false,true,ok,{},4096,2,4096,r1cs_constraints,5.0,160
cb20fb31-e776-4d63-9eb8-4390ddf41bda,2026-08-09T02:46:28.730843+00:00,C2-CONTROLLED-SNARK,controlled-groth16-pilot-v1,controlled_kernel,ark-groth16-0.6.0-bn254,5477ab05b549b750fa32dc9a1bc61898f74ebf21,de947ec44a622d90f62e247e4cad4e4a81bb578c8249825f66cc44a0179ee3b2,4396519611802031112,0,38,default,{},4096,4096,16,16,native_execution,0.755746,,,,,,,,,,,,,phase,,,true,,,,,measured,within-stack pilot; no Groth16-versus-PLONK claim,os_cache_primer,false,true,ok,"{""application_units"":4096.0}",,,,,,
cb20fb31-e776-4d63-9eb8-4390ddf41bda,2026-08-09T02:46:28.730945+00:00,C2-CONTROLLED-SNARK,controlled-groth16-pilot-v1,controlled_kernel,ark-groth16-0.6.0-bn254,5477ab05b549b750fa32dc9a1bc61898f74ebf21,de947ec44a622d90f62e247e4cad4e4a81bb578c8249825f66cc44a0179ee3b2,4396519611802031112,0,38,default,{},4096,4096,16,16,witness,628.162778,,,,,,,,,,,,,phase,,,true,,,,,measured,within-stack pilot; no Groth16-versus-PLONK claim,os_cache_primer,false,true,ok,"{""application_units"":4096.0,""constraint_count"":4096.0}",,,,,,
cb20fb31-e776-4d63-9eb8-4390ddf41bda,2026-08-09T02:46:28.730967+00:00,C2-CONTROLLED-SNARK,controlled-groth16-pilot-v1,controlled_kernel,ark-groth16-0.6.0-bn254,5477ab05b549b750fa32dc9a1bc61898f74ebf21,de947ec44a622d90f62e247e4cad4e4a81bb578c8249825f66cc44a0179ee3b2,4396519611802031112,0,38,default,{},4096,4096,16,16,setup_or_preprocess,56.287845,,,,,,,,,,,,,phase,,,true,,,,,measured,within-stack pilot; no Groth16-versus-PLONK claim,os_cache_primer,false,true,ok,"{""constraint_count"":4096.0}",,,,,,
cb20fb31-e776-4d63-9eb8-4390ddf41bda,2026-08-09T02:46:28.730982+00:00,C2-CONTROLLED-SNARK,controlled-groth16-pilot-v1,controlled_kernel,ark-groth16-0.6.0-bn254,5477ab05b549b750fa32dc9a1bc61898f74ebf21,de947ec44a622d90f62e247e4cad4e4a81bb578c8249825f66cc44a0179ee3b2,4396519611802031112,0,38,default,{},4096,4096,16,16,prove_total,203.648363,,,,,,,,,,,,,phase,,,true,,,,,measured,within-stack pilot; no Groth16-versus-PLONK claim,os_cache_primer,false,true,ok,"{""constraint_count"":4096.0}",,,,,,
cb20fb31-e776-4d63-9eb8-4390ddf41bda,2026-08-09T02:46:28.730996+00:00,C2-CONTROLLED-SNARK,controlled-groth16-pilot-v1,controlled_kernel,ark-groth16-0.6.0-bn254,5477ab05b549b750fa32dc9a1bc61898f74ebf21,de947ec44a622d90f62e247e4cad4e4a81bb578c8249825f66cc44a0179ee3b2,4396519611802031112,0,38,default,{},4096,4096,16,16,serialize,0.002996,,,,,,,,,,,,,phase,,,true,,,,,measured,within-stack pilot; no Groth16-versus-PLONK claim,os_cache_primer,false,true,ok,"{""proof_bytes"":128.0}",,,,,,
cb20fb31-e776-4d63-9eb8-4390ddf41bda,2026-08-09T02:46:28.731010+00:00,C2-CONTROLLED-SNARK,controlled-groth16-pilot-v1,controlled_kernel,ark-groth16-0.6.0-bn254,5477ab05b549b750fa32dc9a1bc61898f74ebf21,de947ec44a622d90f62e247e4cad4e4a81bb578c8249825f66cc44a0179ee3b2,4396519611802031112,0,38,default,{},4096,4096,16,16,deserialize,0.169415,,,,,,,,,,,,,phase,,,true,,,,,measured,within-stack pilot; no Groth16-versus-PLONK claim,os_cache_primer,false,true,ok,"{""proof_bytes"":128.0}",,,,,,
cb20fb31-e776-4d63-9eb8-4390ddf41bda,2026-08-09T02:46:28.731024+00:00,C2-CONTROLLED-SNARK,controlled-groth16-pilot-v1,controlled_kernel,ark-groth16-0.6.0-bn254,5477ab05b549b750fa32dc9a1bc61898f74ebf21,de947ec44a622d90f62e247e4cad4e4a81bb578c8249825f66cc44a0179ee3b2,4396519611802031112,0,38,default,{},4096,4096,16,16,verify_core,1.132537,,,,,,,,,,,,,phase,,,true,,,,,measured,within-stack pilot; no Groth16-versus-PLONK claim,os_cache_primer,false,true,ok,{},,,,,,
cb20fb31-e776-4d63-9eb8-4390ddf41bda,2026-08-09T02:46:28.731037+00:00,C2-CONTROLLED-SNARK,controlled-groth16-pilot-v1,controlled_kernel,ark-groth16-0.6.0-bn254,5477ab05b549b750fa32dc9a1bc61898f74ebf21,de947ec44a622d90f62e247e4cad4e4a81bb578c8249825f66cc44a0179ee3b2,4396519611802031112,0,38,default,{},4096,4096,16,16,verify_total,1.302073,,,,,,,,,,,,,phase,,,true,,,,,measured,within-stack pilot; no Groth16-versus-PLONK claim,os_cache_primer,false,true,ok,{},,,,,,
cb20fb31-e776-4d63-9eb8-4390ddf41bda,2026-08-09T02:46:28.731052+00:00,C2-CONTROLLED-SNARK,controlled-groth16-pilot-v1,controlled_kernel,ark-groth16-0.6.0-bn254,5477ab05b549b750fa32dc9a1bc61898f74ebf21,de947ec44a622d90f62e247e4cad4e4a81bb578c8249825f66cc44a0179ee3b2,4396519611802031112,0,38,default,{},4096,4096,16,16,fft_ntt,,,,,,,,,,,,,,phase,,,true,,,ark-groth16 does not expose stable per-run phase hooks,,measured,within-stack pilot; no Groth16-versus-PLONK claim,os_cache_primer,false,false,unsupported,{},,,,,,
cb20fb31-e776-4d63-9eb8-4390ddf41bda,2026-08-09T02:46:28.731066+00:00,C2-CONTROLLED-SNARK,controlled-groth16-pilot-v1,controlled_kernel,ark-groth16-0.6.0-bn254,5477ab05b549b750fa32dc9a1bc61898f74ebf21,de947ec44a622d90f62e247e4cad4e4a81bb578c8249825f66cc44a0179ee3b2,4396519611802031112,0,38,default,{},4096,4096,16,16,msm,,,,,,,,,,,,,,phase,,,true,,,ark-groth16 does not expose stable per-run phase hooks,,measured,within-stack pilot; no Groth16-versus-PLONK claim,os_cache_primer,false,false,unsupported,{},,,,,,
cb20fb31-e776-4d63-9eb8-4390ddf41bda,2026-08-09T02:46:28.731109+00:00,C2-CONTROLLED-SNARK,controlled-groth16-pilot-v1,controlled_kernel,ark-groth16-0.6.0-bn254,5477ab05b549b750fa32dc9a1bc61898f74ebf21,de947ec44a622d90f62e247e4cad4e4a81bb578c8249825f66cc44a0179ee3b2,4396519611802031112,0,38,default,{},4096,4096,16,16,commitment,,,,,,,,,,,,,,phase,,,true,,,ark-groth16 does not expose stable per-run phase hooks,,measured,within-stack pilot; no Groth16-versus-PLONK claim,os_cache_primer,false,false,unsupported,{},,,,,,
cb20fb31-e776-4d63-9eb8-4390ddf41bda,2026-08-09T02:46:28.731131+00:00,C2-CONTROLLED-SNARK,controlled-groth16-pilot-v1,controlled_kernel,ark-groth16-0.6.0-bn254,5477ab05b549b750fa32dc9a1bc61898f74ebf21,de947ec44a622d90f62e247e4cad4e4a81bb578c8249825f66cc44a0179ee3b2,4396519611802031112,0,38,default,{},4096,4096,16,16,key_load,,,,,,,,,,,,,,phase,,,true,,,ark-groth16 does not expose stable per-run phase hooks,,measured,within-stack pilot; no Groth16-versus-PLONK claim,os_cache_primer,false,false,unsupported,{},,,,,,
cb20fb31-e776-4d63-9eb8-4390ddf41bda,2026-08-09T02:46:28.731146+00:00,C2-CONTROLLED-SNARK,controlled-groth16-pilot-v1,controlled_kernel,ark-groth16-0.6.0-bn254,5477ab05b549b750fa32dc9a1bc61898f74ebf21,de947ec44a622d90f62e247e4cad4e4a81bb578c8249825f66cc44a0179ee3b2,4396519611802031112,0,38,default,{},4096,4096,16,16,adapter_process_wall,943.408519,3170.000000,18.734375,128,true,0,,4896,956,,,,linux-procfs,process,,,true,,,"Linux procfs read failed: [Errno 13] Permission denied: '/proc/1896/io'; private commit and per-process swap I/O are unavailable; VmSwap reports allocation, not swap traffic; No documented hardware or OS energy counter is configured in WSL2",,measured,within-stack pilot; no Groth16-versus-PLONK claim,os_cache_primer,false,true,ok,{},4096,2,4096,r1cs_constraints,5.0,172
0ef7c54e-ff55-46cc-98b7-9737b7a24edb,2026-08-09T02:46:29.676594+00:00,C2-CONTROLLED-SNARK,controlled-groth16-pilot-v1,controlled_kernel,ark-groth16-0.6.0-bn254,5477ab05b549b750fa32dc9a1bc61898f74ebf21,de947ec44a622d90f62e247e4cad4e4a81bb578c8249825f66cc44a0179ee3b2,764024091026169530,1,39,default,{},4096,4096,16,16,native_execution,0.767087,,,,,,,,,,,,,phase,,,true,,,,,measured,within-stack pilot; no Groth16-versus-PLONK claim,os_cache_primer,false,true,ok,"{""application_units"":4096.0}",,,,,,
0ef7c54e-ff55-46cc-98b7-9737b7a24edb,2026-08-09T02:46:29.676700+00:00,C2-CONTROLLED-SNARK,controlled-groth16-pilot-v1,controlled_kernel,ark-groth16-0.6.0-bn254,5477ab05b549b750fa32dc9a1bc61898f74ebf21,de947ec44a622d90f62e247e4cad4e4a81bb578c8249825f66cc44a0179ee3b2,764024091026169530,1,39,default,{},4096,4096,16,16,witness,660.038865,,,,,,,,,,,,,phase,,,true,,,,,measured,within-stack pilot; no Groth16-versus-PLONK claim,os_cache_primer,false,true,ok,"{""application_units"":4096.0,""constraint_count"":4096.0}",,,,,,
0ef7c54e-ff55-46cc-98b7-9737b7a24edb,2026-08-09T02:46:29.676727+00:00,C2-CONTROLLED-SNARK,controlled-groth16-pilot-v1,controlled_kernel,ark-groth16-0.6.0-bn254,5477ab05b549b750fa32dc9a1bc61898f74ebf21,de947ec44a622d90f62e247e4cad4e4a81bb578c8249825f66cc44a0179ee3b2,764024091026169530,1,39,default,{},4096,4096,16,16,setup_or_preprocess,62.682644,,,,,,,,,,,,,phase,,,true,,,,,measured,within-stack pilot; no Groth16-versus-PLONK claim,os_cache_primer,false,true,ok,"{""constraint_count"":4096.0}",,,,,,
0ef7c54e-ff55-46cc-98b7-9737b7a24edb,2026-08-09T02:46:29.676747+00:00,C2-CONTROLLED-SNARK,controlled-groth16-pilot-v1,controlled_kernel,ark-groth16-0.6.0-bn254,5477ab05b549b750fa32dc9a1bc61898f74ebf21,de947ec44a622d90f62e247e4cad4e4a81bb578c8249825f66cc44a0179ee3b2,764024091026169530,1,39,default,{},4096,4096,16,16,prove_total,168.679791,,,,,,,,,,,,,phase,,,true,,,,,measured,within-stack pilot; no Groth16-versus-PLONK claim,os_cache_primer,false,true,ok,"{""constraint_count"":4096.0}",,,,,,
0ef7c54e-ff55-46cc-98b7-9737b7a24edb,2026-08-09T02:46:29.676764+00:00,C2-CONTROLLED-SNARK,controlled-groth16-pilot-v1,controlled_kernel,ark-groth16-0.6.0-bn254,5477ab05b549b750fa32dc9a1bc61898f74ebf21,de947ec44a622d90f62e247e4cad4e4a81bb578c8249825f66cc44a0179ee3b2,764024091026169530,1,39,default,{},4096,4096,16,16,serialize,0.015559,,,,,,,,,,,,,phase,,,true,,,,,measured,within-stack pilot; no Groth16-versus-PLONK claim,os_cache_primer,false,true,ok,"{""proof_bytes"":128.0}",,,,,,
0ef7c54e-ff55-46cc-98b7-9737b7a24edb,2026-08-09T02:46:29.676782+00:00,C2-CONTROLLED-SNARK,controlled-groth16-pilot-v1,controlled_kernel,ark-groth16-0.6.0-bn254,5477ab05b549b750fa32dc9a1bc61898f74ebf21,de947ec44a622d90f62e247e4cad4e4a81bb578c8249825f66cc44a0179ee3b2,764024091026169530,1,39,default,{},4096,4096,16,16,deserialize,0.169195,,,,,,,,,,,,,phase,,,true,,,,,measured,within-stack pilot; no Groth16-versus-PLONK claim,os_cache_primer,false,true,ok,"{""proof_bytes"":128.0}",,,,,,
0ef7c54e-ff55-46cc-98b7-9737b7a24edb,2026-08-09T02:46:29.676798+00:00,C2-CONTROLLED-SNARK,controlled-groth16-pilot-v1,controlled_kernel,ark-groth16-0.6.0-bn254,5477ab05b549b750fa32dc9a1bc61898f74ebf21,de947ec44a622d90f62e247e4cad4e4a81bb578c8249825f66cc44a0179ee3b2,764024091026169530,1,39,default,{},4096,4096,16,16,verify_core,1.075902,,,,,,,,,,,,,phase,,,true,,,,,measured,within-stack pilot; no Groth16-versus-PLONK claim,os_cache_primer,false,true,ok,{},,,,,,
0ef7c54e-ff55-46cc-98b7-9737b7a24edb,2026-08-09T02:46:29.676848+00:00,C2-CONTROLLED-SNARK,controlled-groth16-pilot-v1,controlled_kernel,ark-groth16-0.6.0-bn254,5477ab05b549b750fa32dc9a1bc61898f74ebf21,de947ec44a622d90f62e247e4cad4e4a81bb578c8249825f66cc44a0179ee3b2,764024091026169530,1,39,default,{},4096,4096,16,16,verify_total,1.245207,,,,,,,,,,,,,phase,,,true,,,,,measured,within-stack pilot; no Groth16-versus-PLONK claim,os_cache_primer,false,true,ok,{},,,,,,
0ef7c54e-ff55-46cc-98b7-9737b7a24edb,2026-08-09T02:46:29.676879+00:00,C2-CONTROLLED-SNARK,controlled-groth16-pilot-v1,controlled_kernel,ark-groth16-0.6.0-bn254,5477ab05b549b750fa32dc9a1bc61898f74ebf21,de947ec44a622d90f62e247e4cad4e4a81bb578c8249825f66cc44a0179ee3b2,764024091026169530,1,39,default,{},4096,4096,16,16,fft_ntt,,,,,,,,,,,,,,phase,,,true,,,ark-groth16 does not expose stable per-run phase hooks,,measured,within-stack pilot; no Groth16-versus-PLONK claim,os_cache_primer,false,false,unsupported,{},,,,,,
0ef7c54e-ff55-46cc-98b7-9737b7a24edb,2026-08-09T02:46:29.676899+00:00,C2-CONTROLLED-SNARK,controlled-groth16-pilot-v1,controlled_kernel,ark-groth16-0.6.0-bn254,5477ab05b549b750fa32dc9a1bc61898f74ebf21,de947ec44a622d90f62e247e4cad4e4a81bb578c8249825f66cc44a0179ee3b2,764024091026169530,1,39,default,{},4096,4096,16,16,msm,,,,,,,,,,,,,,phase,,,true,,,ark-groth16 does not expose stable per-run phase hooks,,measured,within-stack pilot; no Groth16-versus-PLONK claim,os_cache_primer,false,false,unsupported,{},,,,,,
0ef7c54e-ff55-46cc-98b7-9737b7a24edb,2026-08-09T02:46:29.676917+00:00,C2-CONTROLLED-SNARK,controlled-groth16-pilot-v1,controlled_kernel,ark-groth16-0.6.0-bn254,5477ab05b549b750fa32dc9a1bc61898f74ebf21,de947ec44a622d90f62e247e4cad4e4a81bb578c8249825f66cc44a0179ee3b2,764024091026169530,1,39,default,{},4096,4096,16,16,commitment,,,,,,,,,,,,,,phase,,,true,,,ark-groth16 does not expose stable per-run phase hooks,,measured,within-stack pilot; no Groth16-versus-PLONK claim,os_cache_primer,false,false,unsupported,{},,,,,,
0ef7c54e-ff55-46cc-98b7-9737b7a24edb,2026-08-09T02:46:29.676933+00:00,C2-CONTROLLED-SNARK,controlled-groth16-pilot-v1,controlled_kernel,ark-groth16-0.6.0-bn254,5477ab05b549b750fa32dc9a1bc61898f74ebf21,de947ec44a622d90f62e247e4cad4e4a81bb578c8249825f66cc44a0179ee3b2,764024091026169530,1,39,default,{},4096,4096,16,16,key_load,,,,,,,,,,,,,,phase,,,true,,,ark-groth16 does not expose stable per-run phase hooks,,measured,within-stack pilot; no Groth16-versus-PLONK claim,os_cache_primer,false,false,unsupported,{},,,,,,
0ef7c54e-ff55-46cc-98b7-9737b7a24edb,2026-08-09T02:46:29.676950+00:00,C2-CONTROLLED-SNARK,controlled-groth16-pilot-v1,controlled_kernel,ark-groth16-0.6.0-bn254,5477ab05b549b750fa32dc9a1bc61898f74ebf21,de947ec44a622d90f62e247e4cad4e4a81bb578c8249825f66cc44a0179ee3b2,764024091026169530,1,39,default,{},4096,4096,16,16,adapter_process_wall,944.275253,3170.000000,18.574219,128,true,0,,4795,956,,,,linux-procfs,process,,,true,,,"Linux procfs read failed: [Errno 13] Permission denied: '/proc/1998/io'; private commit and per-process swap I/O are unavailable; VmSwap reports allocation, not swap traffic; No documented hardware or OS energy counter is configured in WSL2",,measured,within-stack pilot; no Groth16-versus-PLONK claim,os_cache_primer,false,true,ok,{},4096,2,4096,r1cs_constraints,5.0,172
77b94967-0727-4fb5-ad33-4598fb9cb8c7,2026-08-09T02:46:30.583742+00:00,C2-CONTROLLED-SNARK,controlled-groth16-pilot-v1,controlled_kernel,ark-groth16-0.6.0-bn254,5477ab05b549b750fa32dc9a1bc61898f74ebf21,de947ec44a622d90f62e247e4cad4e4a81bb578c8249825f66cc44a0179ee3b2,191077622551606768,1,40,default,{},4096,4096,8,16,native_execution,0.815838,,,,,,,,,,,,,phase,,,true,,,,,measured,within-stack pilot; no Groth16-versus-PLONK claim,measurement,true,true,ok,"{""application_units"":4096.0}",,,,,,
77b94967-0727-4fb5-ad33-4598fb9cb8c7,2026-08-09T02:46:30.583883+00:00,C2-CONTROLLED-SNARK,controlled-groth16-pilot-v1,controlled_kernel,ark-groth16-0.6.0-bn254,5477ab05b549b750fa32dc9a1bc61898f74ebf21,de947ec44a622d90f62e247e4cad4e4a81bb578c8249825f66cc44a0179ee3b2,191077622551606768,1,40,default,{},4096,4096,8,16,witness,704.531140,,,,,,,,,,,,,phase,,,true,,,,,measured,within-stack pilot; no Groth16-versus-PLONK claim,measurement,true,true,ok,"{""application_units"":4096.0,""constraint_count"":4096.0}",,,,,,
77b94967-0727-4fb5-ad33-4598fb9cb8c7,2026-08-09T02:46:30.583915+00:00,C2-CONTROLLED-SNARK,controlled-groth16-pilot-v1,controlled_kernel,ark-groth16-0.6.0-bn254,5477ab05b549b750fa32dc9a1bc61898f74ebf21,de947ec44a622d90f62e247e4cad4e4a81bb578c8249825f66cc44a0179ee3b2,191077622551606768,1,40,default,{},4096,4096,8,16,setup_or_preprocess,43.834110,,,,,,,,,,,,,phase,,,true,,,,,measured,within-stack pilot; no Groth16-versus-PLONK claim,measurement,true,true,ok,"{""constraint_count"":4096.0}",,,,,,
77b94967-0727-4fb5-ad33-4598fb9cb8c7,2026-08-09T02:46:30.583937+00:00,C2-CONTROLLED-SNARK,controlled-groth16-pilot-v1,controlled_kernel,ark-groth16-0.6.0-bn254,5477ab05b549b750fa32dc9a1bc61898f74ebf21,de947ec44a622d90f62e247e4cad4e4a81bb578c8249825f66cc44a0179ee3b2,191077622551606768,1,40,default,{},4096,4096,8,16,prove_total,103.513725,,,,,,,,,,,,,phase,,,true,,,,,measured,within-stack pilot; no Groth16-versus-PLONK claim,measurement,true,true,ok,"{""constraint_count"":4096.0}",,,,,,
77b94967-0727-4fb5-ad33-4598fb9cb8c7,2026-08-09T02:46:30.583955+00:00,C2-CONTROLLED-SNARK,controlled-groth16-pilot-v1,controlled_kernel,ark-groth16-0.6.0-bn254,5477ab05b549b750fa32dc9a1bc61898f74ebf21,de947ec44a622d90f62e247e4cad4e4a81bb578c8249825f66cc44a0179ee3b2,191077622551606768,1,40,default,{},4096,4096,8,16,serialize,0.003096,,,,,,,,,,,,,phase,,,true,,,,,measured,within-stack pilot; no Groth16-versus-PLONK claim,measurement,true,true,ok,"{""proof_bytes"":128.0}",,,,,,
77b94967-0727-4fb5-ad33-4598fb9cb8c7,2026-08-09T02:46:30.583972+00:00,C2-CONTROLLED-SNARK,controlled-groth16-pilot-v1,controlled_kernel,ark-groth16-0.6.0-bn254,5477ab05b549b750fa32dc9a1bc61898f74ebf21,de947ec44a622d90f62e247e4cad4e4a81bb578c8249825f66cc44a0179ee3b2,191077622551606768,1,40,default,{},4096,4096,8,16,deserialize,0.169045,,,,,,,,,,,,,phase,,,true,,,,,measured,within-stack pilot; no Groth16-versus-PLONK claim,measurement,true,true,ok,"{""proof_bytes"":128.0}",,,,,,
77b94967-0727-4fb5-ad33-4598fb9cb8c7,2026-08-09T02:46:30.583990+00:00,C2-CONTROLLED-SNARK,controlled-groth16-pilot-v1,controlled_kernel,ark-groth16-0.6.0-bn254,5477ab05b549b750fa32dc9a1bc61898f74ebf21,de947ec44a622d90f62e247e4cad4e4a81bb578c8249825f66cc44a0179ee3b2,191077622551606768,1,40,default,{},4096,4096,8,16,verify_core,1.050916,,,,,,,,,,,,,phase,,,true,,,,,measured,within-stack pilot; no Groth16-versus-PLONK claim,measurement,true,true,ok,{},,,,,,
77b94967-0727-4fb5-ad33-4598fb9cb8c7,2026-08-09T02:46:30.584007+00:00,C2-CONTROLLED-SNARK,controlled-groth16-pilot-v1,controlled_kernel,ark-groth16-0.6.0-bn254,5477ab05b549b750fa32dc9a1bc61898f74ebf21,de947ec44a622d90f62e247e4cad4e4a81bb578c8249825f66cc44a0179ee3b2,191077622551606768,1,40,default,{},4096,4096,8,16,verify_total,1.220071,,,,,,,,,,,,,phase,,,true,,,,,measured,within-stack pilot; no Groth16-versus-PLONK claim,measurement,true,true,ok,{},,,,,,
77b94967-0727-4fb5-ad33-4598fb9cb8c7,2026-08-09T02:46:30.584023+00:00,C2-CONTROLLED-SNARK,controlled-groth16-pilot-v1,controlled_kernel,ark-groth16-0.6.0-bn254,5477ab05b549b750fa32dc9a1bc61898f74ebf21,de947ec44a622d90f62e247e4cad4e4a81bb578c8249825f66cc44a0179ee3b2,191077622551606768,1,40,default,{},4096,4096,8,16,fft_ntt,,,,,,,,,,,,,,phase,,,true,,,ark-groth16 does not expose stable per-run phase hooks,,measured,within-stack pilot; no Groth16-versus-PLONK claim,measurement,true,false,unsupported,{},,,,,,
77b94967-0727-4fb5-ad33-4598fb9cb8c7,2026-08-09T02:46:30.584040+00:00,C2-CONTROLLED-SNARK,controlled-groth16-pilot-v1,controlled_kernel,ark-groth16-0.6.0-bn254,5477ab05b549b750fa32dc9a1bc61898f74ebf21,de947ec44a622d90f62e247e4cad4e4a81bb578c8249825f66cc44a0179ee3b2,191077622551606768,1,40,default,{},4096,4096,8,16,msm,,,,,,,,,,,,,,phase,,,true,,,ark-groth16 does not expose stable per-run phase hooks,,measured,within-stack pilot; no Groth16-versus-PLONK claim,measurement,true,false,unsupported,{},,,,,,
77b94967-0727-4fb5-ad33-4598fb9cb8c7,2026-08-09T02:46:30.584056+00:00,C2-CONTROLLED-SNARK,controlled-groth16-pilot-v1,controlled_kernel,ark-groth16-0.6.0-bn254,5477ab05b549b750fa32dc9a1bc61898f74ebf21,de947ec44a622d90f62e247e4cad4e4a81bb578c8249825f66cc44a0179ee3b2,191077622551606768,1,40,default,{},4096,4096,8,16,commitment,,,,,,,,,,,,,,phase,,,true,,,ark-groth16 does not expose stable per-run phase hooks,,measured,within-stack pilot; no Groth16-versus-PLONK claim,measurement,true,false,unsupported,{},,,,,,
77b94967-0727-4fb5-ad33-4598fb9cb8c7,2026-08-09T02:46:30.584071+00:00,C2-CONTROLLED-SNARK,controlled-groth16-pilot-v1,controlled_kernel,ark-groth16-0.6.0-bn254,5477ab05b549b750fa32dc9a1bc61898f74ebf21,de947ec44a622d90f62e247e4cad4e4a81bb578c8249825f66cc44a0179ee3b2,191077622551606768,1,40,default,{},4096,4096,8,16,key_load,,,,,,,,,,,,,,phase,,,true,,,ark-groth16 does not expose stable per-run phase hooks,,measured,within-stack pilot; no Groth16-versus-PLONK claim,measurement,true,false,unsupported,{},,,,,,
77b94967-0727-4fb5-ad33-4598fb9cb8c7,2026-08-09T02:46:30.584087+00:00,C2-CONTROLLED-SNARK,controlled-groth16-pilot-v1,controlled_kernel,ark-groth16-0.6.0-bn254,5477ab05b549b750fa32dc9a1bc61898f74ebf21,de947ec44a622d90f62e247e4cad4e4a81bb578c8249825f66cc44a0179ee3b2,191077622551606768,1,40,default,{},4096,4096,8,16,adapter_process_wall,905.590694,2450.000000,16.785156,128,true,0,,4154,956,,,,linux-procfs,process,,,true,,,"private commit and per-process swap I/O are unavailable; VmSwap reports allocation, not swap traffic; No documented hardware or OS energy counter is configured in WSL2",,measured,within-stack pilot; no Groth16-versus-PLONK claim,measurement,true,true,ok,{},4096,2,4096,r1cs_constraints,5.0,169
effcfe22-b621-4849-8c14-839bdefd2e55,2026-08-09T02:46:30.998514+00:00,C2-CONTROLLED-SNARK,controlled-groth16-pilot-v1,controlled_kernel,ark-groth16-0.6.0-bn254,5477ab05b549b750fa32dc9a1bc61898f74ebf21,de947ec44a622d90f62e247e4cad4e4a81bb578c8249825f66cc44a0179ee3b2,2619316878691246068,2,41,default,{},4096,4096,1,16,native_execution,0.665198,,,,,,,,,,,,,phase,,,true,wrong_public_input,,,,measured,within-stack pilot; no Groth16-versus-PLONK claim,measurement,true,true,ok,"{""application_units"":4096.0}",,,,,,
effcfe22-b621-4849-8c14-839bdefd2e55,2026-08-09T02:46:30.998602+00:00,C2-CONTROLLED-SNARK,controlled-groth16-pilot-v1,controlled_kernel,ark-groth16-0.6.0-bn254,5477ab05b549b750fa32dc9a1bc61898f74ebf21,de947ec44a622d90f62e247e4cad4e4a81bb578c8249825f66cc44a0179ee3b2,2619316878691246068,2,41,default,{},4096,4096,1,16,witness,37.340794,,,,,,,,,,,,,phase,,,true,wrong_public_input,,,,measured,within-stack pilot; no Groth16-versus-PLONK claim,measurement,true,true,ok,"{""application_units"":4096.0,""constraint_count"":4096.0}",,,,,,
effcfe22-b621-4849-8c14-839bdefd2e55,2026-08-09T02:46:30.998629+00:00,C2-CONTROLLED-SNARK,controlled-groth16-pilot-v1,controlled_kernel,ark-groth16-0.6.0-bn254,5477ab05b549b750fa32dc9a1bc61898f74ebf21,de947ec44a622d90f62e247e4cad4e4a81bb578c8249825f66cc44a0179ee3b2,2619316878691246068,2,41,default,{},4096,4096,1,16,setup_or_preprocess,184.830067,,,,,,,,,,,,,phase,,,true,wrong_public_input,,,,measured,within-stack pilot; no Groth16-versus-PLONK claim,measurement,true,true,ok,"{""constraint_count"":4096.0}",,,,,,
effcfe22-b621-4849-8c14-839bdefd2e55,2026-08-09T02:46:30.998649+00:00,C2-CONTROLLED-SNARK,controlled-groth16-pilot-v1,controlled_kernel,ark-groth16-0.6.0-bn254,5477ab05b549b750fa32dc9a1bc61898f74ebf21,de947ec44a622d90f62e247e4cad4e4a81bb578c8249825f66cc44a0179ee3b2,2619316878691246068,2,41,default,{},4096,4096,1,16,prove_total,138.303495,,,,,,,,,,,,,phase,,,true,wrong_public_input,,,,measured,within-stack pilot; no Groth16-versus-PLONK claim,measurement,true,true,ok,"{""constraint_count"":4096.0}",,,,,,
effcfe22-b621-4849-8c14-839bdefd2e55,2026-08-09T02:46:30.998666+00:00,C2-CONTROLLED-SNARK,controlled-groth16-pilot-v1,controlled_kernel,ark-groth16-0.6.0-bn254,5477ab05b549b750fa32dc9a1bc61898f74ebf21,de947ec44a622d90f62e247e4cad4e4a81bb578c8249825f66cc44a0179ee3b2,2619316878691246068,2,41,default,{},4096,4096,1,16,serialize,0.002816,,,,,,,,,,,,,phase,,,true,wrong_public_input,,,,measured,within-stack pilot; no Groth16-versus-PLONK claim,measurement,true,true,ok,"{""proof_bytes"":128.0}",,,,,,
effcfe22-b621-4849-8c14-839bdefd2e55,2026-08-09T02:46:30.998683+00:00,C2-CONTROLLED-SNARK,controlled-groth16-pilot-v1,controlled_kernel,ark-groth16-0.6.0-bn254,5477ab05b549b750fa32dc9a1bc61898f74ebf21,de947ec44a622d90f62e247e4cad4e4a81bb578c8249825f66cc44a0179ee3b2,2619316878691246068,2,41,default,{},4096,4096,1,16,deserialize,0.237862,,,,,,,,,,,,,phase,,,true,wrong_public_input,,,,measured,within-stack pilot; no Groth16-versus-PLONK claim,measurement,true,true,ok,"{""proof_bytes"":128.0}",,,,,,
effcfe22-b621-4849-8c14-839bdefd2e55,2026-08-09T02:46:30.998698+00:00,C2-CONTROLLED-SNARK,controlled-groth16-pilot-v1,controlled_kernel,ark-groth16-0.6.0-bn254,5477ab05b549b750fa32dc9a1bc61898f74ebf21,de947ec44a622d90f62e247e4cad4e4a81bb578c8249825f66cc44a0179ee3b2,2619316878691246068,2,41,default,{},4096,4096,1,16,verify_core,1.179014,,,,,,,,,,,,,phase,,,true,wrong_public_input,1.179014,,,measured,within-stack pilot; no Groth16-versus-PLONK claim,measurement,true,true,ok,{},,,,,,
effcfe22-b621-4849-8c14-839bdefd2e55,2026-08-09T02:46:30.998714+00:00,C2-CONTROLLED-SNARK,controlled-groth16-pilot-v1,controlled_kernel,ark-groth16-0.6.0-bn254,5477ab05b549b750fa32dc9a1bc61898f74ebf21,de947ec44a622d90f62e247e4cad4e4a81bb578c8249825f66cc44a0179ee3b2,2619316878691246068,2,41,default,{},4096,4096,1,16,invalid_reject,1.179014,,,,,,,,,,,,,phase,,,true,wrong_public_input,,,,measured,within-stack pilot; no Groth16-versus-PLONK claim,measurement,true,true,ok,{},,,,,,
effcfe22-b621-4849-8c14-839bdefd2e55,2026-08-09T02:46:30.998729+00:00,C2-CONTROLLED-SNARK,controlled-groth16-pilot-v1,controlled_kernel,ark-groth16-0.6.0-bn254,5477ab05b549b750fa32dc9a1bc61898f74ebf21,de947ec44a622d90f62e247e4cad4e4a81bb578c8249825f66cc44a0179ee3b2,2619316878691246068,2,41,default,{},4096,4096,1,16,verify_total,1.417177,,,,,,,,,,,,,phase,,,true,wrong_public_input,,,,measured,within-stack pilot; no Groth16-versus-PLONK claim,measurement,true,true,ok,{},,,,,,
effcfe22-b621-4849-8c14-839bdefd2e55,2026-08-09T02:46:30.998744+00:00,C2-CONTROLLED-SNARK,controlled-groth16-pilot-v1,controlled_kernel,ark-groth16-0.6.0-bn254,5477ab05b549b750fa32dc9a1bc61898f74ebf21,de947ec44a622d90f62e247e4cad4e4a81bb578c8249825f66cc44a0179ee3b2,2619316878691246068,2,41,default,{},4096,4096,1,16,fft_ntt,,,,,,,,,,,,,,phase,,,true,wrong_public_input,,ark-groth16 does not expose stable per-run phase hooks,,measured,within-stack pilot; no Groth16-versus-PLONK claim,measurement,true,false,unsupported,{},,,,,,
effcfe22-b621-4849-8c14-839bdefd2e55,2026-08-09T02:46:30.998760+00:00,C2-CONTROLLED-SNARK,controlled-groth16-pilot-v1,controlled_kernel,ark-groth16-0.6.0-bn254,5477ab05b549b750fa32dc9a1bc61898f74ebf21,de947ec44a622d90f62e247e4cad4e4a81bb578c8249825f66cc44a0179ee3b2,2619316878691246068,2,41,default,{},4096,4096,1,16,msm,,,,,,,,,,,,,,phase,,,true,wrong_public_input,,ark-groth16 does not expose stable per-run phase hooks,,measured,within-stack pilot; no Groth16-versus-PLONK claim,measurement,true,false,unsupported,{},,,,,,
effcfe22-b621-4849-8c14-839bdefd2e55,2026-08-09T02:46:30.998775+00:00,C2-CONTROLLED-SNARK,controlled-groth16-pilot-v1,controlled_kernel,ark-groth16-0.6.0-bn254,5477ab05b549b750fa32dc9a1bc61898f74ebf21,de947ec44a622d90f62e247e4cad4e4a81bb578c8249825f66cc44a0179ee3b2,2619316878691246068,2,41,default,{},4096,4096,1,16,commitment,,,,,,,,,,,,,,phase,,,true,wrong_public_input,,ark-groth16 does not expose stable per-run phase hooks,,measured,within-stack pilot; no Groth16-versus-PLONK claim,measurement,true,false,unsupported,{},,,,,,
effcfe22-b621-4849-8c14-839bdefd2e55,2026-08-09T02:46:30.998790+00:00,C2-CONTROLLED-SNARK,controlled-groth16-pilot-v1,controlled_kernel,ark-groth16-0.6.0-bn254,5477ab05b549b750fa32dc9a1bc61898f74ebf21,de947ec44a622d90f62e247e4cad4e4a81bb578c8249825f66cc44a0179ee3b2,2619316878691246068,2,41,default,{},4096,4096,1,16,key_load,,,,,,,,,,,,,,phase,,,true,wrong_public_input,,ark-groth16 does not expose stable per-run phase hooks,,measured,within-stack pilot; no Groth16-versus-PLONK claim,measurement,true,false,unsupported,{},,,,,,
effcfe22-b621-4849-8c14-839bdefd2e55,2026-08-09T02:46:30.998805+00:00,C2-CONTROLLED-SNARK,controlled-groth16-pilot-v1,controlled_kernel,ark-groth16-0.6.0-bn254,5477ab05b549b750fa32dc9a1bc61898f74ebf21,de947ec44a622d90f62e247e4cad4e4a81bb578c8249825f66cc44a0179ee3b2,2619316878691246068,2,41,default,{},4096,4096,1,16,adapter_process_wall,413.275261,360.000000,11.714844,128,false,0,cryptographic_rejection,3797,956,,,,linux-procfs,process,,,true,wrong_public_input,,"private commit and per-process swap I/O are unavailable; VmSwap reports allocation, not swap traffic; No documented hardware or OS energy counter is configured in WSL2",,measured,within-stack pilot; no Groth16-versus-PLONK claim,measurement,true,true,ok,{},4096,2,4096,r1cs_constraints,5.0,77
4dc37eb4-17d4-4b8f-a99f-313b21d1b975,2026-08-09T02:46:31.081100+00:00,C2-CONTROLLED-SNARK,controlled-groth16-pilot-v1,controlled_kernel,ark-groth16-0.6.0-bn254,5477ab05b549b750fa32dc9a1bc61898f74ebf21,de947ec44a622d90f62e247e4cad4e4a81bb578c8249825f66cc44a0179ee3b2,8385860632726908995,1,42,default,{},64,64,4,16,native_execution,0.662522,,,,,,,,,,,,,phase,,,true,,,,,measured,within-stack pilot; no Groth16-versus-PLONK claim,measurement,true,true,ok,"{""application_units"":64.0}",,,,,,
4dc37eb4-17d4-4b8f-a99f-313b21d1b975,2026-08-09T02:46:31.081198+00:00,C2-CONTROLLED-SNARK,controlled-groth16-pilot-v1,controlled_kernel,ark-groth16-0.6.0-bn254,5477ab05b549b750fa32dc9a1bc61898f74ebf21,de947ec44a622d90f62e247e4cad4e4a81bb578c8249825f66cc44a0179ee3b2,8385860632726908995,1,42,default,{},64,64,4,16,witness,8.551361,,,,,,,,,,,,,phase,,,true,,,,,measured,within-stack pilot; no Groth16-versus-PLONK claim,measurement,true,true,ok,"{""application_units"":64.0,""constraint_count"":64.0}",,,,,,
4dc37eb4-17d4-4b8f-a99f-313b21d1b975,2026-08-09T02:46:31.081225+00:00,C2-CONTROLLED-SNARK,controlled-groth16-pilot-v1,controlled_kernel,ark-groth16-0.6.0-bn254,5477ab05b549b750fa32dc9a1bc61898f74ebf21,de947ec44a622d90f62e247e4cad4e4a81bb578c8249825f66cc44a0179ee3b2,8385860632726908995,1,42,default,{},64,64,4,16,setup_or_preprocess,12.236823,,,,,,,,,,,,,phase,,,true,,,,,measured,within-stack pilot; no Groth16-versus-PLONK claim,measurement,true,true,ok,"{""constraint_count"":64.0}",,,,,,
4dc37eb4-17d4-4b8f-a99f-313b21d1b975,2026-08-09T02:46:31.081245+00:00,C2-CONTROLLED-SNARK,controlled-groth16-pilot-v1,controlled_kernel,ark-groth16-0.6.0-bn254,5477ab05b549b750fa32dc9a1bc61898f74ebf21,de947ec44a622d90f62e247e4cad4e4a81bb578c8249825f66cc44a0179ee3b2,8385860632726908995,1,42,default,{},64,64,4,16,prove_total,10.486264,,,,,,,,,,,,,phase,,,true,,,,,measured,within-stack pilot; no Groth16-versus-PLONK claim,measurement,true,true,ok,"{""constraint_count"":64.0}",,,,,,
4dc37eb4-17d4-4b8f-a99f-313b21d1b975,2026-08-09T02:46:31.081262+00:00,C2-CONTROLLED-SNARK,controlled-groth16-pilot-v1,controlled_kernel,ark-groth16-0.6.0-bn254,5477ab05b549b750fa32dc9a1bc61898f74ebf21,de947ec44a622d90f62e247e4cad4e4a81bb578c8249825f66cc44a0179ee3b2,8385860632726908995,1,42,default,{},64,64,4,16,serialize,0.002836,,,,,,,,,,,,,phase,,,true,,,,,measured,within-stack pilot; no Groth16-versus-PLONK claim,measurement,true,true,ok,"{""proof_bytes"":128.0}",,,,,,
4dc37eb4-17d4-4b8f-a99f-313b21d1b975,2026-08-09T02:46:31.081278+00:00,C2-CONTROLLED-SNARK,controlled-groth16-pilot-v1,controlled_kernel,ark-groth16-0.6.0-bn254,5477ab05b549b750fa32dc9a1bc61898f74ebf21,de947ec44a622d90f62e247e4cad4e4a81bb578c8249825f66cc44a0179ee3b2,8385860632726908995,1,42,default,{},64,64,4,16,deserialize,0.202517,,,,,,,,,,,,,phase,,,true,,,,,measured,within-stack pilot; no Groth16-versus-PLONK claim,measurement,true,true,ok,"{""proof_bytes"":128.0}",,,,,,
4dc37eb4-17d4-4b8f-a99f-313b21d1b975,2026-08-09T02:46:31.081295+00:00,C2-CONTROLLED-SNARK,controlled-groth16-pilot-v1,controlled_kernel,ark-groth16-0.6.0-bn254,5477ab05b549b750fa32dc9a1bc61898f74ebf21,de947ec44a622d90f62e247e4cad4e4a81bb578c8249825f66cc44a0179ee3b2,8385860632726908995,1,42,default,{},64,64,4,16,verify_core,1.133509,,,,,,,,,,,,,phase,,,true,,,,,measured,within-stack pilot; no Groth16-versus-PLONK claim,measurement,true,true,ok,{},,,,,,
4dc37eb4-17d4-4b8f-a99f-313b21d1b975,2026-08-09T02:46:31.081310+00:00,C2-CONTROLLED-SNARK,controlled-groth16-pilot-v1,controlled_kernel,ark-groth16-0.6.0-bn254,5477ab05b549b750fa32dc9a1bc61898f74ebf21,de947ec44a622d90f62e247e4cad4e4a81bb578c8249825f66cc44a0179ee3b2,8385860632726908995,1,42,default,{},64,64,4,16,verify_total,1.336156,,,,,,,,,,,,,phase,,,true,,,,,measured,within-stack pilot; no Groth16-versus-PLONK claim,measurement,true,true,ok,{},,,,,,
4dc37eb4-17d4-4b8f-a99f-313b21d1b975,2026-08-09T02:46:31.081326+00:00,C2-CONTROLLED-SNARK,controlled-groth16-pilot-v1,controlled_kernel,ark-groth16-0.6.0-bn254,5477ab05b549b750fa32dc9a1bc61898f74ebf21,de947ec44a622d90f62e247e4cad4e4a81bb578c8249825f66cc44a0179ee3b2,8385860632726908995,1,42,default,{},64,64,4,16,fft_ntt,,,,,,,,,,,,,,phase,,,true,,,ark-groth16 does not expose stable per-run phase hooks,,measured,within-stack pilot; no Groth16-versus-PLONK claim,measurement,true,false,unsupported,{},,,,,,
4dc37eb4-17d4-4b8f-a99f-313b21d1b975,2026-08-09T02:46:31.081417+00:00,C2-CONTROLLED-SNARK,controlled-groth16-pilot-v1,controlled_kernel,ark-groth16-0.6.0-bn254,5477ab05b549b750fa32dc9a1bc61898f74ebf21,de947ec44a622d90f62e247e4cad4e4a81bb578c8249825f66cc44a0179ee3b2,8385860632726908995,1,42,default,{},64,64,4,16,msm,,,,,,,,,,,,,,phase,,,true,,,ark-groth16 does not expose stable per-run phase hooks,,measured,within-stack pilot; no Groth16-versus-PLONK claim,measurement,true,false,unsupported,{},,,,,,
4dc37eb4-17d4-4b8f-a99f-313b21d1b975,2026-08-09T02:46:31.081442+00:00,C2-CONTROLLED-SNARK,controlled-groth16-pilot-v1,controlled_kernel,ark-groth16-0.6.0-bn254,5477ab05b549b750fa32dc9a1bc61898f74ebf21,de947ec44a622d90f62e247e4cad4e4a81bb578c8249825f66cc44a0179ee3b2,8385860632726908995,1,42,default,{},64,64,4,16,commitment,,,,,,,,,,,,,,phase,,,true,,,ark-groth16 does not expose stable per-run phase hooks,,measured,within-stack pilot; no Groth16-versus-PLONK claim,measurement,true,false,unsupported,{},,,,,,
4dc37eb4-17d4-4b8f-a99f-313b21d1b975,2026-08-09T02:46:31.081459+00:00,C2-CONTROLLED-SNARK,controlled-groth16-pilot-v1,controlled_kernel,ark-groth16-0.6.0-bn254,5477ab05b549b750fa32dc9a1bc61898f74ebf21,de947ec44a622d90f62e247e4cad4e4a81bb578c8249825f66cc44a0179ee3b2,8385860632726908995,1,42,default,{},64,64,4,16,key_load,,,,,,,,,,,,,,phase,,,true,,,ark-groth16 does not expose stable per-run phase hooks,,measured,within-stack pilot; no Groth16-versus-PLONK claim,measurement,true,false,unsupported,{},,,,,,
4dc37eb4-17d4-4b8f-a99f-313b21d1b975,2026-08-09T02:46:31.081475+00:00,C2-CONTROLLED-SNARK,controlled-groth16-pilot-v1,controlled_kernel,ark-groth16-0.6.0-bn254,5477ab05b549b750fa32dc9a1bc61898f74ebf21,de947ec44a622d90f62e247e4cad4e4a81bb578c8249825f66cc44a0179ee3b2,8385860632726908995,1,42,default,{},64,64,4,16,adapter_process_wall,81.349025,60.000000,5.546875,128,true,0,,449,956,,,,linux-procfs,process,,,true,,,"private commit and per-process swap I/O are unavailable; VmSwap reports allocation, not swap traffic; No documented hardware or OS energy counter is configured in WSL2",,measured,within-stack pilot; no Groth16-versus-PLONK claim,measurement,true,true,ok,{},64,2,64,r1cs_constraints,5.0,15
2be270e5-26dd-4518-a1c3-336743a5ac2a,2026-08-09T02:46:31.171053+00:00,C2-CONTROLLED-SNARK,controlled-groth16-pilot-v1,controlled_kernel,ark-groth16-0.6.0-bn254,5477ab05b549b750fa32dc9a1bc61898f74ebf21,de947ec44a622d90f62e247e4cad4e4a81bb578c8249825f66cc44a0179ee3b2,6886107980281069525,2,43,default,{},256,256,4,16,native_execution,0.018504,,,,,,,,,,,,,phase,,,true,,,,,measured,within-stack pilot; no Groth16-versus-PLONK claim,measurement,true,true,ok,"{""application_units"":256.0}",,,,,,
2be270e5-26dd-4518-a1c3-336743a5ac2a,2026-08-09T02:46:31.171121+00:00,C2-CONTROLLED-SNARK,controlled-groth16-pilot-v1,controlled_kernel,ark-groth16-0.6.0-bn254,5477ab05b549b750fa32dc9a1bc61898f74ebf21,de947ec44a622d90f62e247e4cad4e4a81bb578c8249825f66cc44a0179ee3b2,6886107980281069525,2,43,default,{},256,256,4,16,witness,18.501045,,,,,,,,,,,,,phase,,,true,,,,,measured,within-stack pilot; no Groth16-versus-PLONK claim,measurement,true,true,ok,"{""application_units"":256.0,""constraint_count"":256.0}",,,,,,
2be270e5-26dd-4518-a1c3-336743a5ac2a,2026-08-09T02:46:31.171145+00:00,C2-CONTROLLED-SNARK,controlled-groth16-pilot-v1,controlled_kernel,ark-groth16-0.6.0-bn254,5477ab05b549b750fa32dc9a1bc61898f74ebf21,de947ec44a622d90f62e247e4cad4e4a81bb578c8249825f66cc44a0179ee3b2,6886107980281069525,2,43,default,{},256,256,4,16,setup_or_preprocess,11.881372,,,,,,,,,,,,,phase,,,true,,,,,measured,within-stack pilot; no Groth16-versus-PLONK claim,measurement,true,true,ok,"{""constraint_count"":256.0}",,,,,,
2be270e5-26dd-4518-a1c3-336743a5ac2a,2026-08-09T02:46:31.171163+00:00,C2-CONTROLLED-SNARK,controlled-groth16-pilot-v1,controlled_kernel,ark-groth16-0.6.0-bn254,5477ab05b549b750fa32dc9a1bc61898f74ebf21,de947ec44a622d90f62e247e4cad4e4a81bb578c8249825f66cc44a0179ee3b2,6886107980281069525,2,43,default,{},256,256,4,16,prove_total,15.477669,,,,,,,,,,,,,phase,,,true,,,,,measured,within-stack pilot; no Groth16-versus-PLONK claim,measurement,true,true,ok,"{""constraint_count"":256.0}",,,,,,
2be270e5-26dd-4518-a1c3-336743a5ac2a,2026-08-09T02:46:31.171179+00:00,C2-CONTROLLED-SNARK,controlled-groth16-pilot-v1,controlled_kernel,ark-groth16-0.6.0-bn254,5477ab05b549b750fa32dc9a1bc61898f74ebf21,de947ec44a622d90f62e247e4cad4e4a81bb578c8249825f66cc44a0179ee3b2,6886107980281069525,2,43,default,{},256,256,4,16,serialize,0.002254,,,,,,,,,,,,,phase,,,true,,,,,measured,within-stack pilot; no Groth16-versus-PLONK claim,measurement,true,true,ok,"{""proof_bytes"":128.0}",,,,,,
2be270e5-26dd-4518-a1c3-336743a5ac2a,2026-08-09T02:46:31.171195+00:00,C2-CONTROLLED-SNARK,controlled-groth16-pilot-v1,controlled_kernel,ark-groth16-0.6.0-bn254,5477ab05b549b750fa32dc9a1bc61898f74ebf21,de947ec44a622d90f62e247e4cad4e4a81bb578c8249825f66cc44a0179ee3b2,6886107980281069525,2,43,default,{},256,256,4,16,deserialize,0.201675,,,,,,,,,,,,,phase,,,true,,,,,measured,within-stack pilot; no Groth16-versus-PLONK claim,measurement,true,true,ok,"{""proof_bytes"":128.0}",,,,,,
2be270e5-26dd-4518-a1c3-336743a5ac2a,2026-08-09T02:46:31.171228+00:00,C2-CONTROLLED-SNARK,controlled-groth16-pilot-v1,controlled_kernel,ark-groth16-0.6.0-bn254,5477ab05b549b750fa32dc9a1bc61898f74ebf21,de947ec44a622d90f62e247e4cad4e4a81bb578c8249825f66cc44a0179ee3b2,6886107980281069525,2,43,default,{},256,256,4,16,verify_core,1.488413,,,,,,,,,,,,,phase,,,true,,,,,measured,within-stack pilot; no Groth16-versus-PLONK claim,measurement,true,true,ok,{},,,,,,
2be270e5-26dd-4518-a1c3-336743a5ac2a,2026-08-09T02:46:31.171244+00:00,C2-CONTROLLED-SNARK,controlled-groth16-pilot-v1,controlled_kernel,ark-groth16-0.6.0-bn254,5477ab05b549b750fa32dc9a1bc61898f74ebf21,de947ec44a622d90f62e247e4cad4e4a81bb578c8249825f66cc44a0179ee3b2,6886107980281069525,2,43,default,{},256,256,4,16,verify_total,1.690238,,,,,,,,,,,,,phase,,,true,,,,,measured,within-stack pilot; no Groth16-versus-PLONK claim,measurement,true,true,ok,{},,,,,,
2be270e5-26dd-4518-a1c3-336743a5ac2a,2026-08-09T02:46:31.171259+00:00,C2-CONTROLLED-SNARK,controlled-groth16-pilot-v1,controlled_kernel,ark-groth16-0.6.0-bn254,5477ab05b549b750fa32dc9a1bc61898f74ebf21,de947ec44a622d90f62e247e4cad4e4a81bb578c8249825f66cc44a0179ee3b2,6886107980281069525,2,43,default,{},256,256,4,16,fft_ntt,,,,,,,,,,,,,,phase,,,true,,,ark-groth16 does not expose stable per-run phase hooks,,measured,within-stack pilot; no Groth16-versus-PLONK claim,measurement,true,false,unsupported,{},,,,,,
2be270e5-26dd-4518-a1c3-336743a5ac2a,2026-08-09T02:46:31.171275+00:00,C2-CONTROLLED-SNARK,controlled-groth16-pilot-v1,controlled_kernel,ark-groth16-0.6.0-bn254,5477ab05b549b750fa32dc9a1bc61898f74ebf21,de947ec44a622d90f62e247e4cad4e4a81bb578c8249825f66cc44a0179ee3b2,6886107980281069525,2,43,default,{},256,256,4,16,msm,,,,,,,,,,,,,,phase,,,true,,,ark-groth16 does not expose stable per-run phase hooks,,measured,within-stack pilot; no Groth16-versus-PLONK claim,measurement,true,false,unsupported,{},,,,,,
2be270e5-26dd-4518-a1c3-336743a5ac2a,2026-08-09T02:46:31.171290+00:00,C2-CONTROLLED-SNARK,controlled-groth16-pilot-v1,controlled_kernel,ark-groth16-0.6.0-bn254,5477ab05b549b750fa32dc9a1bc61898f74ebf21,de947ec44a622d90f62e247e4cad4e4a81bb578c8249825f66cc44a0179ee3b2,6886107980281069525,2,43,default,{},256,256,4,16,commitment,,,,,,,,,,,,,,phase,,,true,,,ark-groth16 does not expose stable per-run phase hooks,,measured,within-stack pilot; no Groth16-versus-PLONK claim,measurement,true,false,unsupported,{},,,,,,
2be270e5-26dd-4518-a1c3-336743a5ac2a,2026-08-09T02:46:31.171305+00:00,C2-CONTROLLED-SNARK,controlled-groth16-pilot-v1,controlled_kernel,ark-groth16-0.6.0-bn254,5477ab05b549b750fa32dc9a1bc61898f74ebf21,de947ec44a622d90f62e247e4cad4e4a81bb578c8249825f66cc44a0179ee3b2,6886107980281069525,2,43,default,{},256,256,4,16,key_load,,,,,,,,,,,,,,phase,,,true,,,ark-groth16 does not expose stable per-run phase hooks,,measured,within-stack pilot; no Groth16-versus-PLONK claim,measurement,true,false,unsupported,{},,,,,,
2be270e5-26dd-4518-a1c3-336743a5ac2a,2026-08-09T02:46:31.171320+00:00,C2-CONTROLLED-SNARK,controlled-groth16-pilot-v1,controlled_kernel,ark-groth16-0.6.0-bn254,5477ab05b549b750fa32dc9a1bc61898f74ebf21,de947ec44a622d90f62e247e4cad4e4a81bb578c8249825f66cc44a0179ee3b2,6886107980281069525,2,43,default,{},256,256,4,16,adapter_process_wall,88.365787,120.000000,6.210938,128,true,0,,614,956,,,,linux-procfs,process,,,true,,,"private commit and per-process swap I/O are unavailable; VmSwap reports allocation, not swap traffic; No documented hardware or OS energy counter is configured in WSL2",,measured,within-stack pilot; no Groth16-versus-PLONK claim,measurement,true,true,ok,{},256,2,256,r1cs_constraints,5.0,17
86f89808-474a-4e7d-8dc9-30f937f9b6cc,2026-08-09T02:46:31.340149+00:00,C2-CONTROLLED-SNARK,controlled-groth16-pilot-v1,controlled_kernel,ark-groth16-0.6.0-bn254,5477ab05b549b750fa32dc9a1bc61898f74ebf21,de947ec44a622d90f62e247e4cad4e4a81bb578c8249825f66cc44a0179ee3b2,6643237856536605824,2,44,default,{},1024,1024,4,16,native_execution,0.029555,,,,,,,,,,,,,phase,,,true,wrong_public_input,,,,measured,within-stack pilot; no Groth16-versus-PLONK claim,measurement,true,true,ok,"{""application_units"":1024.0}",,,,,,
86f89808-474a-4e7d-8dc9-30f937f9b6cc,2026-08-09T02:46:31.340216+00:00,C2-CONTROLLED-SNARK,controlled-groth16-pilot-v1,controlled_kernel,ark-groth16-0.6.0-bn254,5477ab05b549b750fa32dc9a1bc61898f74ebf21,de947ec44a622d90f62e247e4cad4e4a81bb578c8249825f66cc44a0179ee3b2,6643237856536605824,2,44,default,{},1024,1024,4,16,witness,71.541119,,,,,,,,,,,,,phase,,,true,wrong_public_input,,,,measured,within-stack pilot; no Groth16-versus-PLONK claim,measurement,true,true,ok,"{""application_units"":1024.0,""constraint_count"":1024.0}",,,,,,
86f89808-474a-4e7d-8dc9-30f937f9b6cc,2026-08-09T02:46:31.340242+00:00,C2-CONTROLLED-SNARK,controlled-groth16-pilot-v1,controlled_kernel,ark-groth16-0.6.0-bn254,5477ab05b549b750fa32dc9a1bc61898f74ebf21,de947ec44a622d90f62e247e4cad4e4a81bb578c8249825f66cc44a0179ee3b2,6643237856536605824,2,44,default,{},1024,1024,4,16,setup_or_preprocess,20.530444,,,,,,,,,,,,,phase,,,true,wrong_public_input,,,,measured,within-stack pilot; no Groth16-versus-PLONK claim,measurement,true,true,ok,"{""constraint_count"":1024.0}",,,,,,
86f89808-474a-4e7d-8dc9-30f937f9b6cc,2026-08-09T02:46:31.340261+00:00,C2-CONTROLLED-SNARK,controlled-groth16-pilot-v1,controlled_kernel,ark-groth16-0.6.0-bn254,5477ab05b549b750fa32dc9a1bc61898f74ebf21,de947ec44a622d90f62e247e4cad4e4a81bb578c8249825f66cc44a0179ee3b2,6643237856536605824,2,44,default,{},1024,1024,4,16,prove_total,35.343961,,,,,,,,,,,,,phase,,,true,wrong_public_input,,,,measured,within-stack pilot; no Groth16-versus-PLONK claim,measurement,true,true,ok,"{""constraint_count"":1024.0}",,,,,,
86f89808-474a-4e7d-8dc9-30f937f9b6cc,2026-08-09T02:46:31.340278+00:00,C2-CONTROLLED-SNARK,controlled-groth16-pilot-v1,controlled_kernel,ark-groth16-0.6.0-bn254,5477ab05b549b750fa32dc9a1bc61898f74ebf21,de947ec44a622d90f62e247e4cad4e4a81bb578c8249825f66cc44a0179ee3b2,6643237856536605824,2,44,default,{},1024,1024,4,16,serialize,0.001994,,,,,,,,,,,,,phase,,,true,wrong_public_input,,,,measured,within-stack pilot; no Groth16-versus-PLONK claim,measurement,true,true,ok,"{""proof_bytes"":128.0}",,,,,,
86f89808-474a-4e7d-8dc9-30f937f9b6cc,2026-08-09T02:46:31.340292+00:00,C2-CONTROLLED-SNARK,controlled-groth16-pilot-v1,controlled_kernel,ark-groth16-0.6.0-bn254,5477ab05b549b750fa32dc9a1bc61898f74ebf21,de947ec44a622d90f62e247e4cad4e4a81bb578c8249825f66cc44a0179ee3b2,6643237856536605824,2,44,default,{},1024,1024,4,16,deserialize,0.163474,,,,,,,,,,,,,phase,,,true,wrong_public_input,,,,measured,within-stack pilot; no Groth16-versus-PLONK claim,measurement,true,true,ok,"{""proof_bytes"":128.0}",,,,,,
86f89808-474a-4e7d-8dc9-30f937f9b6cc,2026-08-09T02:46:31.340305+00:00,C2-CONTROLLED-SNARK,controlled-groth16-pilot-v1,controlled_kernel,ark-groth16-0.6.0-bn254,5477ab05b549b750fa32dc9a1bc61898f74ebf21,de947ec44a622d90f62e247e4cad4e4a81bb578c8249825f66cc44a0179ee3b2,6643237856536605824,2,44,default,{},1024,1024,4,16,verify_core,0.994130,,,,,,,,,,,,,phase,,,true,wrong_public_input,0.994130,,,measured,within-stack pilot; no Groth16-versus-PLONK claim,measurement,true,true,ok,{},,,,,,
86f89808-474a-4e7d-8dc9-30f937f9b6cc,2026-08-09T02:46:31.340318+00:00,C2-CONTROLLED-SNARK,controlled-groth16-pilot-v1,controlled_kernel,ark-groth16-0.6.0-bn254,5477ab05b549b750fa32dc9a1bc61898f74ebf21,de947ec44a622d90f62e247e4cad4e4a81bb578c8249825f66cc44a0179ee3b2,6643237856536605824,2,44,default,{},1024,1024,4,16,invalid_reject,0.994130,,,,,,,,,,,,,phase,,,true,wrong_public_input,,,,measured,within-stack pilot; no Groth16-versus-PLONK claim,measurement,true,true,ok,{},,,,,,
86f89808-474a-4e7d-8dc9-30f937f9b6cc,2026-08-09T02:46:31.340331+00:00,C2-CONTROLLED-SNARK,controlled-groth16-pilot-v1,controlled_kernel,ark-groth16-0.6.0-bn254,5477ab05b549b750fa32dc9a1bc61898f74ebf21,de947ec44a622d90f62e247e4cad4e4a81bb578c8249825f66cc44a0179ee3b2,6643237856536605824,2,44,default,{},1024,1024,4,16,verify_total,1.157775,,,,,,,,,,,,,phase,,,true,wrong_public_input,,,,measured,within-stack pilot; no Groth16-versus-PLONK claim,measurement,true,true,ok,{},,,,,,
86f89808-474a-4e7d-8dc9-30f937f9b6cc,2026-08-09T02:46:31.340343+00:00,C2-CONTROLLED-SNARK,controlled-groth16-pilot-v1,controlled_kernel,ark-groth16-0.6.0-bn254,5477ab05b549b750fa32dc9a1bc61898f74ebf21,de947ec44a622d90f62e247e4cad4e4a81bb578c8249825f66cc44a0179ee3b2,6643237856536605824,2,44,default,{},1024,1024,4,16,fft_ntt,,,,,,,,,,,,,,phase,,,true,wrong_public_input,,ark-groth16 does not expose stable per-run phase hooks,,measured,within-stack pilot; no Groth16-versus-PLONK claim,measurement,true,false,unsupported,{},,,,,,
86f89808-474a-4e7d-8dc9-30f937f9b6cc,2026-08-09T02:46:31.340357+00:00,C2-CONTROLLED-SNARK,controlled-groth16-pilot-v1,controlled_kernel,ark-groth16-0.6.0-bn254,5477ab05b549b750fa32dc9a1bc61898f74ebf21,de947ec44a622d90f62e247e4cad4e4a81bb578c8249825f66cc44a0179ee3b2,6643237856536605824,2,44,default,{},1024,1024,4,16,msm,,,,,,,,,,,,,,phase,,,true,wrong_public_input,,ark-groth16 does not expose stable per-run phase hooks,,measured,within-stack pilot; no Groth16-versus-PLONK claim,measurement,true,false,unsupported,{},,,,,,
86f89808-474a-4e7d-8dc9-30f937f9b6cc,2026-08-09T02:46:31.340370+00:00,C2-CONTROLLED-SNARK,controlled-groth16-pilot-v1,controlled_kernel,ark-groth16-0.6.0-bn254,5477ab05b549b750fa32dc9a1bc61898f74ebf21,de947ec44a622d90f62e247e4cad4e4a81bb578c8249825f66cc44a0179ee3b2,6643237856536605824,2,44,default,{},1024,1024,4,16,commitment,,,,,,,,,,,,,,phase,,,true,wrong_public_input,,ark-groth16 does not expose stable per-run phase hooks,,measured,within-stack pilot; no Groth16-versus-PLONK claim,measurement,true,false,unsupported,{},,,,,,
86f89808-474a-4e7d-8dc9-30f937f9b6cc,2026-08-09T02:46:31.340382+00:00,C2-CONTROLLED-SNARK,controlled-groth16-pilot-v1,controlled_kernel,ark-groth16-0.6.0-bn254,5477ab05b549b750fa32dc9a1bc61898f74ebf21,de947ec44a622d90f62e247e4cad4e4a81bb578c8249825f66cc44a0179ee3b2,6643237856536605824,2,44,default,{},1024,1024,4,16,key_load,,,,,,,,,,,,,,phase,,,true,wrong_public_input,,ark-groth16 does not expose stable per-run phase hooks,,measured,within-stack pilot; no Groth16-versus-PLONK claim,measurement,true,false,unsupported,{},,,,,,
86f89808-474a-4e7d-8dc9-30f937f9b6cc,2026-08-09T02:46:31.340394+00:00,C2-CONTROLLED-SNARK,controlled-groth16-pilot-v1,controlled_kernel,ark-groth16-0.6.0-bn254,5477ab05b549b750fa32dc9a1bc61898f74ebf21,de947ec44a622d90f62e247e4cad4e4a81bb578c8249825f66cc44a0179ee3b2,6643237856536605824,2,44,default,{},1024,1024,4,16,adapter_process_wall,167.696181,320.000000,7.800781,128,false,0,cryptographic_rejection,1222,956,,,,linux-procfs,process,,,true,wrong_public_input,,"Linux procfs read failed: [Errno 13] Permission denied: '/proc/2222/io'; private commit and per-process swap I/O are unavailable; VmSwap reports allocation, not swap traffic; No documented hardware or OS energy counter is configured in WSL2",,measured,within-stack pilot; no Groth16-versus-PLONK claim,measurement,true,true,ok,{},1024,2,1024,r1cs_constraints,5.0,31
98679089-3801-4488-8bde-af9a9e32c418,2026-08-09T02:46:31.760458+00:00,C2-CONTROLLED-SNARK,controlled-groth16-pilot-v1,controlled_kernel,ark-groth16-0.6.0-bn254,5477ab05b549b750fa32dc9a1bc61898f74ebf21,de947ec44a622d90f62e247e4cad4e4a81bb578c8249825f66cc44a0179ee3b2,8901950208187360783,1,45,default,{},4096,4096,1,16,native_execution,0.594032,,,,,,,,,,,,,phase,,,true,,,,,measured,within-stack pilot; no Groth16-versus-PLONK claim,measurement,true,true,ok,"{""application_units"":4096.0}",,,,,,
98679089-3801-4488-8bde-af9a9e32c418,2026-08-09T02:46:31.760568+00:00,C2-CONTROLLED-SNARK,controlled-groth16-pilot-v1,controlled_kernel,ark-groth16-0.6.0-bn254,5477ab05b549b750fa32dc9a1bc61898f74ebf21,de947ec44a622d90f62e247e4cad4e4a81bb578c8249825f66cc44a0179ee3b2,8901950208187360783,1,45,default,{},4096,4096,1,16,witness,43.055573,,,,,,,,,,,,,phase,,,true,,,,,measured,within-stack pilot; no Groth16-versus-PLONK claim,measurement,true,true,ok,"{""application_units"":4096.0,""constraint_count"":4096.0}",,,,,,
98679089-3801-4488-8bde-af9a9e32c418,2026-08-09T02:46:31.760590+00:00,C2-CONTROLLED-SNARK,controlled-groth16-pilot-v1,controlled_kernel,ark-groth16-0.6.0-bn254,5477ab05b549b750fa32dc9a1bc61898f74ebf21,de947ec44a622d90f62e247e4cad4e4a81bb578c8249825f66cc44a0179ee3b2,8901950208187360783,1,45,default,{},4096,4096,1,16,setup_or_preprocess,181.528972,,,,,,,,,,,,,phase,,,true,,,,,measured,within-stack pilot; no Groth16-versus-PLONK claim,measurement,true,true,ok,"{""constraint_count"":4096.0}",,,,,,
98679089-3801-4488-8bde-af9a9e32c418,2026-08-09T02:46:31.760608+00:00,C2-CONTROLLED-SNARK,controlled-groth16-pilot-v1,controlled_kernel,ark-groth16-0.6.0-bn254,5477ab05b549b750fa32dc9a1bc61898f74ebf21,de947ec44a622d90f62e247e4cad4e4a81bb578c8249825f66cc44a0179ee3b2,8901950208187360783,1,45,default,{},4096,4096,1,16,prove_total,142.046360,,,,,,,,,,,,,phase,,,true,,,,,measured,within-stack pilot; no Groth16-versus-PLONK claim,measurement,true,true,ok,"{""constraint_count"":4096.0}",,,,,,
98679089-3801-4488-8bde-af9a9e32c418,2026-08-09T02:46:31.760622+00:00,C2-CONTROLLED-SNARK,controlled-groth16-pilot-v1,controlled_kernel,ark-groth16-0.6.0-bn254,5477ab05b549b750fa32dc9a1bc61898f74ebf21,de947ec44a622d90f62e247e4cad4e4a81bb578c8249825f66cc44a0179ee3b2,8901950208187360783,1,45,default,{},4096,4096,1,16,serialize,0.002053,,,,,,,,,,,,,phase,,,true,,,,,measured,within-stack pilot; no Groth16-versus-PLONK claim,measurement,true,true,ok,"{""proof_bytes"":128.0}",,,,,,
98679089-3801-4488-8bde-af9a9e32c418,2026-08-09T02:46:31.760636+00:00,C2-CONTROLLED-SNARK,controlled-groth16-pilot-v1,controlled_kernel,ark-groth16-0.6.0-bn254,5477ab05b549b750fa32dc9a1bc61898f74ebf21,de947ec44a622d90f62e247e4cad4e4a81bb578c8249825f66cc44a0179ee3b2,8901950208187360783,1,45,default,{},4096,4096,1,16,deserialize,0.160198,,,,,,,,,,,,,phase,,,true,,,,,measured,within-stack pilot; no Groth16-versus-PLONK claim,measurement,true,true,ok,"{""proof_bytes"":128.0}",,,,,,
98679089-3801-4488-8bde-af9a9e32c418,2026-08-09T02:46:31.760649+00:00,C2-CONTROLLED-SNARK,controlled-groth16-pilot-v1,controlled_kernel,ark-groth16-0.6.0-bn254,5477ab05b549b750fa32dc9a1bc61898f74ebf21,de947ec44a622d90f62e247e4cad4e4a81bb578c8249825f66cc44a0179ee3b2,8901950208187360783,1,45,default,{},4096,4096,1,16,verify_core,0.984792,,,,,,,,,,,,,phase,,,true,,,,,measured,within-stack pilot; no Groth16-versus-PLONK claim,measurement,true,true,ok,{},,,,,,
98679089-3801-4488-8bde-af9a9e32c418,2026-08-09T02:46:31.760662+00:00,C2-CONTROLLED-SNARK,controlled-groth16-pilot-v1,controlled_kernel,ark-groth16-0.6.0-bn254,5477ab05b549b750fa32dc9a1bc61898f74ebf21,de947ec44a622d90f62e247e4cad4e4a81bb578c8249825f66cc44a0179ee3b2,8901950208187360783,1,45,default,{},4096,4096,1,16,verify_total,1.145100,,,,,,,,,,,,,phase,,,true,,,,,measured,within-stack pilot; no Groth16-versus-PLONK claim,measurement,true,true,ok,{},,,,,,
98679089-3801-4488-8bde-af9a9e32c418,2026-08-09T02:46:31.760675+00:00,C2-CONTROLLED-SNARK,controlled-groth16-pilot-v1,controlled_kernel,ark-groth16-0.6.0-bn254,5477ab05b549b750fa32dc9a1bc61898f74ebf21,de947ec44a622d90f62e247e4cad4e4a81bb578c8249825f66cc44a0179ee3b2,8901950208187360783,1,45,default,{},4096,4096,1,16,fft_ntt,,,,,,,,,,,,,,phase,,,true,,,ark-groth16 does not expose stable per-run phase hooks,,measured,within-stack pilot; no Groth16-versus-PLONK claim,measurement,true,false,unsupported,{},,,,,,
98679089-3801-4488-8bde-af9a9e32c418,2026-08-09T02:46:31.760688+00:00,C2-CONTROLLED-SNARK,controlled-groth16-pilot-v1,controlled_kernel,ark-groth16-0.6.0-bn254,5477ab05b549b750fa32dc9a1bc61898f74ebf21,de947ec44a622d90f62e247e4cad4e4a81bb578c8249825f66cc44a0179ee3b2,8901950208187360783,1,45,default,{},4096,4096,1,16,msm,,,,,,,,,,,,,,phase,,,true,,,ark-groth16 does not expose stable per-run phase hooks,,measured,within-stack pilot; no Groth16-versus-PLONK claim,measurement,true,false,unsupported,{},,,,,,
98679089-3801-4488-8bde-af9a9e32c418,2026-08-09T02:46:31.760701+00:00,C2-CONTROLLED-SNARK,controlled-groth16-pilot-v1,controlled_kernel,ark-groth16-0.6.0-bn254,5477ab05b549b750fa32dc9a1bc61898f74ebf21,de947ec44a622d90f62e247e4cad4e4a81bb578c8249825f66cc44a0179ee3b2,8901950208187360783,1,45,default,{},4096,4096,1,16,commitment,,,,,,,,,,,,,,phase,,,true,,,ark-groth16 does not expose stable per-run phase hooks,,measured,within-stack pilot; no Groth16-versus-PLONK claim,measurement,true,false,unsupported,{},,,,,,
98679089-3801-4488-8bde-af9a9e32c418,2026-08-09T02:46:31.760712+00:00,C2-CONTROLLED-SNARK,controlled-groth16-pilot-v1,controlled_kernel,ark-groth16-0.6.0-bn254,5477ab05b549b750fa32dc9a1bc61898f74ebf21,de947ec44a622d90f62e247e4cad4e4a81bb578c8249825f66cc44a0179ee3b2,8901950208187360783,1,45,default,{},4096,4096,1,16,key_load,,,,,,,,,,,,,,phase,,,true,,,ark-groth16 does not expose stable per-run phase hooks,,measured,within-stack pilot; no Groth16-versus-PLONK claim,measurement,true,false,unsupported,{},,,,,,
98679089-3801-4488-8bde-af9a9e32c418,2026-08-09T02:46:31.760724+00:00,C2-CONTROLLED-SNARK,controlled-groth16-pilot-v1,controlled_kernel,ark-groth16-0.6.0-bn254,5477ab05b549b750fa32dc9a1bc61898f74ebf21,de947ec44a622d90f62e247e4cad4e4a81bb578c8249825f66cc44a0179ee3b2,8901950208187360783,1,45,default,{},4096,4096,1,16,adapter_process_wall,419.250049,370.000000,11.570312,128,true,0,,3797,956,,,,linux-procfs,process,,,true,,,"private commit and per-process swap I/O are unavailable; VmSwap reports allocation, not swap traffic; No documented hardware or OS energy counter is configured in WSL2",,measured,within-stack pilot; no Groth16-versus-PLONK claim,measurement,true,true,ok,{},4096,2,4096,r1cs_constraints,5.0,78
58cde98d-f8b5-4265-8f24-afb6506f011f,2026-08-09T02:46:31.839703+00:00,C2-CONTROLLED-SNARK,controlled-groth16-pilot-v1,controlled_kernel,ark-groth16-0.6.0-bn254,5477ab05b549b750fa32dc9a1bc61898f74ebf21,de947ec44a622d90f62e247e4cad4e4a81bb578c8249825f66cc44a0179ee3b2,5983865597450083302,0,46,default,{},64,64,1,16,native_execution,0.627067,,,,,,,,,,,,,phase,,,true,wrong_public_input,,,,measured,within-stack pilot; no Groth16-versus-PLONK claim,measurement,true,true,ok,"{""application_units"":64.0}",,,,,,
58cde98d-f8b5-4265-8f24-afb6506f011f,2026-08-09T02:46:31.839799+00:00,C2-CONTROLLED-SNARK,controlled-groth16-pilot-v1,controlled_kernel,ark-groth16-0.6.0-bn254,5477ab05b549b750fa32dc9a1bc61898f74ebf21,de947ec44a622d90f62e247e4cad4e4a81bb578c8249825f66cc44a0179ee3b2,5983865597450083302,0,46,default,{},64,64,1,16,witness,5.229602,,,,,,,,,,,,,phase,,,true,wrong_public_input,,,,measured,within-stack pilot; no Groth16-versus-PLONK claim,measurement,true,true,ok,"{""application_units"":64.0,""constraint_count"":64.0}",,,,,,
58cde98d-f8b5-4265-8f24-afb6506f011f,2026-08-09T02:46:31.839820+00:00,C2-CONTROLLED-SNARK,controlled-groth16-pilot-v1,controlled_kernel,ark-groth16-0.6.0-bn254,5477ab05b549b750fa32dc9a1bc61898f74ebf21,de947ec44a622d90f62e247e4cad4e4a81bb578c8249825f66cc44a0179ee3b2,5983865597450083302,0,46,default,{},64,64,1,16,setup_or_preprocess,13.628014,,,,,,,,,,,,,phase,,,true,wrong_public_input,,,,measured,within-stack pilot; no Groth16-versus-PLONK claim,measurement,true,true,ok,"{""constraint_count"":64.0}",,,,,,
58cde98d-f8b5-4265-8f24-afb6506f011f,2026-08-09T02:46:31.839836+00:00,C2-CONTROLLED-SNARK,controlled-groth16-pilot-v1,controlled_kernel,ark-groth16-0.6.0-bn254,5477ab05b549b750fa32dc9a1bc61898f74ebf21,de947ec44a622d90f62e247e4cad4e4a81bb578c8249825f66cc44a0179ee3b2,5983865597450083302,0,46,default,{},64,64,1,16,prove_total,8.289440,,,,,,,,,,,,,phase,,,true,wrong_public_input,,,,measured,within-stack pilot; no Groth16-versus-PLONK claim,measurement,true,true,ok,"{""constraint_count"":64.0}",,,,,,
58cde98d-f8b5-4265-8f24-afb6506f011f,2026-08-09T02:46:31.839850+00:00,C2-CONTROLLED-SNARK,controlled-groth16-pilot-v1,controlled_kernel,ark-groth16-0.6.0-bn254,5477ab05b549b750fa32dc9a1bc61898f74ebf21,de947ec44a622d90f62e247e4cad4e4a81bb578c8249825f66cc44a0179ee3b2,5983865597450083302,0,46,default,{},64,64,1,16,serialize,0.003907,,,,,,,,,,,,,phase,,,true,wrong_public_input,,,,measured,within-stack pilot; no Groth16-versus-PLONK claim,measurement,true,true,ok,"{""proof_bytes"":128.0}",,,,,,
58cde98d-f8b5-4265-8f24-afb6506f011f,2026-08-09T02:46:31.839864+00:00,C2-CONTROLLED-SNARK,controlled-groth16-pilot-v1,controlled_kernel,ark-groth16-0.6.0-bn254,5477ab05b549b750fa32dc9a1bc61898f74ebf21,de947ec44a622d90f62e247e4cad4e4a81bb578c8249825f66cc44a0179ee3b2,5983865597450083302,0,46,default,{},64,64,1,16,deserialize,0.211283,,,,,,,,,,,,,phase,,,true,wrong_public_input,,,,measured,within-stack pilot; no Groth16-versus-PLONK claim,measurement,true,true,ok,"{""proof_bytes"":128.0}",,,,,,
58cde98d-f8b5-4265-8f24-afb6506f011f,2026-08-09T02:46:31.839877+00:00,C2-CONTROLLED-SNARK,controlled-groth16-pilot-v1,controlled_kernel,ark-groth16-0.6.0-bn254,5477ab05b549b750fa32dc9a1bc61898f74ebf21,de947ec44a622d90f62e247e4cad4e4a81bb578c8249825f66cc44a0179ee3b2,5983865597450083302,0,46,default,{},64,64,1,16,verify_core,1.289851,,,,,,,,,,,,,phase,,,true,wrong_public_input,1.289851,,,measured,within-stack pilot; no Groth16-versus-PLONK claim,measurement,true,true,ok,{},,,,,,
58cde98d-f8b5-4265-8f24-afb6506f011f,2026-08-09T02:46:31.839890+00:00,C2-CONTROLLED-SNARK,controlled-groth16-pilot-v1,controlled_kernel,ark-groth16-0.6.0-bn254,5477ab05b549b750fa32dc9a1bc61898f74ebf21,de947ec44a622d90f62e247e4cad4e4a81bb578c8249825f66cc44a0179ee3b2,5983865597450083302,0,46,default,{},64,64,1,16,invalid_reject,1.289851,,,,,,,,,,,,,phase,,,true,wrong_public_input,,,,measured,within-stack pilot; no Groth16-versus-PLONK claim,measurement,true,true,ok,{},,,,,,
58cde98d-f8b5-4265-8f24-afb6506f011f,2026-08-09T02:46:31.839903+00:00,C2-CONTROLLED-SNARK,controlled-groth16-pilot-v1,controlled_kernel,ark-groth16-0.6.0-bn254,5477ab05b549b750fa32dc9a1bc61898f74ebf21,de947ec44a622d90f62e247e4cad4e4a81bb578c8249825f66cc44a0179ee3b2,5983865597450083302,0,46,default,{},64,64,1,16,verify_total,1.501424,,,,,,,,,,,,,phase,,,true,wrong_public_input,,,,measured,within-stack pilot; no Groth16-versus-PLONK claim,measurement,true,true,ok,{},,,,,,
58cde98d-f8b5-4265-8f24-afb6506f011f,2026-08-09T02:46:31.839916+00:00,C2-CONTROLLED-SNARK,controlled-groth16-pilot-v1,controlled_kernel,ark-groth16-0.6.0-bn254,5477ab05b549b750fa32dc9a1bc61898f74ebf21,de947ec44a622d90f62e247e4cad4e4a81bb578c8249825f66cc44a0179ee3b2,5983865597450083302,0,46,default,{},64,64,1,16,fft_ntt,,,,,,,,,,,,,,phase,,,true,wrong_public_input,,ark-groth16 does not expose stable per-run phase hooks,,measured,within-stack pilot; no Groth16-versus-PLONK claim,measurement,true,false,unsupported,{},,,,,,
58cde98d-f8b5-4265-8f24-afb6506f011f,2026-08-09T02:46:31.839929+00:00,C2-CONTROLLED-SNARK,controlled-groth16-pilot-v1,controlled_kernel,ark-groth16-0.6.0-bn254,5477ab05b549b750fa32dc9a1bc61898f74ebf21,de947ec44a622d90f62e247e4cad4e4a81bb578c8249825f66cc44a0179ee3b2,5983865597450083302,0,46,default,{},64,64,1,16,msm,,,,,,,,,,,,,,phase,,,true,wrong_public_input,,ark-groth16 does not expose stable per-run phase hooks,,measured,within-stack pilot; no Groth16-versus-PLONK claim,measurement,true,false,unsupported,{},,,,,,
58cde98d-f8b5-4265-8f24-afb6506f011f,2026-08-09T02:46:31.839941+00:00,C2-CONTROLLED-SNARK,controlled-groth16-pilot-v1,controlled_kernel,ark-groth16-0.6.0-bn254,5477ab05b549b750fa32dc9a1bc61898f74ebf21,de947ec44a622d90f62e247e4cad4e4a81bb578c8249825f66cc44a0179ee3b2,5983865597450083302,0,46,default,{},64,64,1,16,commitment,,,,,,,,,,,,,,phase,,,true,wrong_public_input,,ark-groth16 does not expose stable per-run phase hooks,,measured,within-stack pilot; no Groth16-versus-PLONK claim,measurement,true,false,unsupported,{},,,,,,
58cde98d-f8b5-4265-8f24-afb6506f011f,2026-08-09T02:46:31.839953+00:00,C2-CONTROLLED-SNARK,controlled-groth16-pilot-v1,controlled_kernel,ark-groth16-0.6.0-bn254,5477ab05b549b750fa32dc9a1bc61898f74ebf21,de947ec44a622d90f62e247e4cad4e4a81bb578c8249825f66cc44a0179ee3b2,5983865597450083302,0,46,default,{},64,64,1,16,key_load,,,,,,,,,,,,,,phase,,,true,wrong_public_input,,ark-groth16 does not expose stable per-run phase hooks,,measured,within-stack pilot; no Groth16-versus-PLONK claim,measurement,true,false,unsupported,{},,,,,,
58cde98d-f8b5-4265-8f24-afb6506f011f,2026-08-09T02:46:31.839965+00:00,C2-CONTROLLED-SNARK,controlled-groth16-pilot-v1,controlled_kernel,ark-groth16-0.6.0-bn254,5477ab05b549b750fa32dc9a1bc61898f74ebf21,de947ec44a622d90f62e247e4cad4e4a81bb578c8249825f66cc44a0179ee3b2,5983865597450083302,0,46,default,{},64,64,1,16,adapter_process_wall,78.068986,20.000000,5.121094,128,false,0,cryptographic_rejection,339,956,,,,linux-procfs,process,,,true,wrong_public_input,,"private commit and per-process swap I/O are unavailable; VmSwap reports allocation, not swap traffic; No documented hardware or OS energy counter is configured in WSL2",,measured,within-stack pilot; no Groth16-versus-PLONK claim,measurement,true,true,ok,{},64,2,64,r1cs_constraints,5.0,14
689df38b-975c-4145-9ecd-258fab82f2dc,2026-08-09T02:46:31.922542+00:00,C2-CONTROLLED-SNARK,controlled-groth16-pilot-v1,controlled_kernel,ark-groth16-0.6.0-bn254,5477ab05b549b750fa32dc9a1bc61898f74ebf21,de947ec44a622d90f62e247e4cad4e4a81bb578c8249825f66cc44a0179ee3b2,7253391693846219469,0,47,default,{},64,64,4,16,native_execution,0.594396,,,,,,,,,,,,,phase,,,true,wrong_public_input,,,,measured,within-stack pilot; no Groth16-versus-PLONK claim,measurement,true,true,ok,"{""application_units"":64.0}",,,,,,
689df38b-975c-4145-9ecd-258fab82f2dc,2026-08-09T02:46:31.922637+00:00,C2-CONTROLLED-SNARK,controlled-groth16-pilot-v1,controlled_kernel,ark-groth16-0.6.0-bn254,5477ab05b549b750fa32dc9a1bc61898f74ebf21,de947ec44a622d90f62e247e4cad4e4a81bb578c8249825f66cc44a0179ee3b2,7253391693846219469,0,47,default,{},64,64,4,16,witness,8.500178,,,,,,,,,,,,,phase,,,true,wrong_public_input,,,,measured,within-stack pilot; no Groth16-versus-PLONK claim,measurement,true,true,ok,"{""application_units"":64.0,""constraint_count"":64.0}",,,,,,
689df38b-975c-4145-9ecd-258fab82f2dc,2026-08-09T02:46:31.922658+00:00,C2-CONTROLLED-SNARK,controlled-groth16-pilot-v1,controlled_kernel,ark-groth16-0.6.0-bn254,5477ab05b549b750fa32dc9a1bc61898f74ebf21,de947ec44a622d90f62e247e4cad4e4a81bb578c8249825f66cc44a0179ee3b2,7253391693846219469,0,47,default,{},64,64,4,16,setup_or_preprocess,13.799279,,,,,,,,,,,,,phase,,,true,wrong_public_input,,,,measured,within-stack pilot; no Groth16-versus-PLONK claim,measurement,true,true,ok,"{""constraint_count"":64.0}",,,,,,
689df38b-975c-4145-9ecd-258fab82f2dc,2026-08-09T02:46:31.922674+00:00,C2-CONTROLLED-SNARK,controlled-groth16-pilot-v1,controlled_kernel,ark-groth16-0.6.0-bn254,5477ab05b549b750fa32dc9a1bc61898f74ebf21,de947ec44a622d90f62e247e4cad4e4a81bb578c8249825f66cc44a0179ee3b2,7253391693846219469,0,47,default,{},64,64,4,16,prove_total,10.566648,,,,,,,,,,,,,phase,,,true,wrong_public_input,,,,measured,within-stack pilot; no Groth16-versus-PLONK claim,measurement,true,true,ok,"{""constraint_count"":64.0}",,,,,,
689df38b-975c-4145-9ecd-258fab82f2dc,2026-08-09T02:46:31.922689+00:00,C2-CONTROLLED-SNARK,controlled-groth16-pilot-v1,controlled_kernel,ark-groth16-0.6.0-bn254,5477ab05b549b750fa32dc9a1bc61898f74ebf21,de947ec44a622d90f62e247e4cad4e4a81bb578c8249825f66cc44a0179ee3b2,7253391693846219469,0,47,default,{},64,64,4,16,serialize,0.004218,,,,,,,,,,,,,phase,,,true,wrong_public_input,,,,measured,within-stack pilot; no Groth16-versus-PLONK claim,measurement,true,true,ok,"{""proof_bytes"":128.0}",,,,,,
689df38b-975c-4145-9ecd-258fab82f2dc,2026-08-09T02:46:31.922704+00:00,C2-CONTROLLED-SNARK,controlled-groth16-pilot-v1,controlled_kernel,ark-groth16-0.6.0-bn254,5477ab05b549b750fa32dc9a1bc61898f74ebf21,de947ec44a622d90f62e247e4cad4e4a81bb578c8249825f66cc44a0179ee3b2,7253391693846219469,0,47,default,{},64,64,4,16,deserialize,0.176949,,,,,,,,,,,,,phase,,,true,wrong_public_input,,,,measured,within-stack pilot; no Groth16-versus-PLONK claim,measurement,true,true,ok,"{""proof_bytes"":128.0}",,,,,,
689df38b-975c-4145-9ecd-258fab82f2dc,2026-08-09T02:46:31.922717+00:00,C2-CONTROLLED-SNARK,controlled-groth16-pilot-v1,controlled_kernel,ark-groth16-0.6.0-bn254,5477ab05b549b750fa32dc9a1bc61898f74ebf21,de947ec44a622d90f62e247e4cad4e4a81bb578c8249825f66cc44a0179ee3b2,7253391693846219469,0,47,default,{},64,64,4,16,verify_core,1.085470,,,,,,,,,,,,,phase,,,true,wrong_public_input,1.085470,,,measured,within-stack pilot; no Groth16-versus-PLONK claim,measurement,true,true,ok,{},,,,,,
689df38b-975c-4145-9ecd-258fab82f2dc,2026-08-09T02:46:31.922731+00:00,C2-CONTROLLED-SNARK,controlled-groth16-pilot-v1,controlled_kernel,ark-groth16-0.6.0-bn254,5477ab05b549b750fa32dc9a1bc61898f74ebf21,de947ec44a622d90f62e247e4cad4e4a81bb578c8249825f66cc44a0179ee3b2,7253391693846219469,0,47,default,{},64,64,4,16,invalid_reject,1.085470,,,,,,,,,,,,,phase,,,true,wrong_public_input,,,,measured,within-stack pilot; no Groth16-versus-PLONK claim,measurement,true,true,ok,{},,,,,,
689df38b-975c-4145-9ecd-258fab82f2dc,2026-08-09T02:46:31.922744+00:00,C2-CONTROLLED-SNARK,controlled-groth16-pilot-v1,controlled_kernel,ark-groth16-0.6.0-bn254,5477ab05b549b750fa32dc9a1bc61898f74ebf21,de947ec44a622d90f62e247e4cad4e4a81bb578c8249825f66cc44a0179ee3b2,7253391693846219469,0,47,default,{},64,64,4,16,verify_total,1.262740,,,,,,,,,,,,,phase,,,true,wrong_public_input,,,,measured,within-stack pilot; no Groth16-versus-PLONK claim,measurement,true,true,ok,{},,,,,,
689df38b-975c-4145-9ecd-258fab82f2dc,2026-08-09T02:46:31.922757+00:00,C2-CONTROLLED-SNARK,controlled-groth16-pilot-v1,controlled_kernel,ark-groth16-0.6.0-bn254,5477ab05b549b750fa32dc9a1bc61898f74ebf21,de947ec44a622d90f62e247e4cad4e4a81bb578c8249825f66cc44a0179ee3b2,7253391693846219469,0,47,default,{},64,64,4,16,fft_ntt,,,,,,,,,,,,,,phase,,,true,wrong_public_input,,ark-groth16 does not expose stable per-run phase hooks,,measured,within-stack pilot; no Groth16-versus-PLONK claim,measurement,true,false,unsupported,{},,,,,,
689df38b-975c-4145-9ecd-258fab82f2dc,2026-08-09T02:46:31.922771+00:00,C2-CONTROLLED-SNARK,controlled-groth16-pilot-v1,controlled_kernel,ark-groth16-0.6.0-bn254,5477ab05b549b750fa32dc9a1bc61898f74ebf21,de947ec44a622d90f62e247e4cad4e4a81bb578c8249825f66cc44a0179ee3b2,7253391693846219469,0,47,default,{},64,64,4,16,msm,,,,,,,,,,,,,,phase,,,true,wrong_public_input,,ark-groth16 does not expose stable per-run phase hooks,,measured,within-stack pilot; no Groth16-versus-PLONK claim,measurement,true,false,unsupported,{},,,,,,
689df38b-975c-4145-9ecd-258fab82f2dc,2026-08-09T02:46:31.922784+00:00,C2-CONTROLLED-SNARK,controlled-groth16-pilot-v1,controlled_kernel,ark-groth16-0.6.0-bn254,5477ab05b549b750fa32dc9a1bc61898f74ebf21,de947ec44a622d90f62e247e4cad4e4a81bb578c8249825f66cc44a0179ee3b2,7253391693846219469,0,47,default,{},64,64,4,16,commitment,,,,,,,,,,,,,,phase,,,true,wrong_public_input,,ark-groth16 does not expose stable per-run phase hooks,,measured,within-stack pilot; no Groth16-versus-PLONK claim,measurement,true,false,unsupported,{},,,,,,
689df38b-975c-4145-9ecd-258fab82f2dc,2026-08-09T02:46:31.922796+00:00,C2-CONTROLLED-SNARK,controlled-groth16-pilot-v1,controlled_kernel,ark-groth16-0.6.0-bn254,5477ab05b549b750fa32dc9a1bc61898f74ebf21,de947ec44a622d90f62e247e4cad4e4a81bb578c8249825f66cc44a0179ee3b2,7253391693846219469,0,47,default,{},64,64,4,16,key_load,,,,,,,,,,,,,,phase,,,true,wrong_public_input,,ark-groth16 does not expose stable per-run phase hooks,,measured,within-stack pilot; no Groth16-versus-PLONK claim,measurement,true,false,unsupported,{},,,,,,
689df38b-975c-4145-9ecd-258fab82f2dc,2026-08-09T02:46:31.922808+00:00,C2-CONTROLLED-SNARK,controlled-groth16-pilot-v1,controlled_kernel,ark-groth16-0.6.0-bn254,5477ab05b549b750fa32dc9a1bc61898f74ebf21,de947ec44a622d90f62e247e4cad4e4a81bb578c8249825f66cc44a0179ee3b2,7253391693846219469,0,47,default,{},64,64,4,16,adapter_process_wall,81.633519,50.000000,5.464844,128,false,0,cryptographic_rejection,432,956,,,,linux-procfs,process,,,true,wrong_public_input,,"private commit and per-process swap I/O are unavailable; VmSwap reports allocation, not swap traffic; No documented hardware or OS energy counter is configured in WSL2",,measured,within-stack pilot; no Groth16-versus-PLONK claim,measurement,true,true,ok,{},64,2,64,r1cs_constraints,5.0,15
00eac9ed-8baa-4f35-ae4a-a421521a8f0d,2026-08-09T02:46:31.980849+00:00,C2-CONTROLLED-SNARK,controlled-groth16-pilot-v1,controlled_kernel,ark-groth16-0.6.0-bn254,5477ab05b549b750fa32dc9a1bc61898f74ebf21,de947ec44a622d90f62e247e4cad4e4a81bb578c8249825f66cc44a0179ee3b2,5108845575139123595,1,48,default,{},64,64,1,16,native_execution,0.010971,,,,,,,,,,,,,phase,,,true,wrong_public_input,,,,measured,within-stack pilot; no Groth16-versus-PLONK claim,measurement,true,true,ok,"{""application_units"":64.0}",,,,,,
00eac9ed-8baa-4f35-ae4a-a421521a8f0d,2026-08-09T02:46:31.980950+00:00,C2-CONTROLLED-SNARK,controlled-groth16-pilot-v1,controlled_kernel,ark-groth16-0.6.0-bn254,5477ab05b549b750fa32dc9a1bc61898f74ebf21,de947ec44a622d90f62e247e4cad4e4a81bb578c8249825f66cc44a0179ee3b2,5108845575139123595,1,48,default,{},64,64,1,16,witness,0.587453,,,,,,,,,,,,,phase,,,true,wrong_public_input,,,,measured,within-stack pilot; no Groth16-versus-PLONK claim,measurement,true,true,ok,"{""application_units"":64.0,""constraint_count"":64.0}",,,,,,
00eac9ed-8baa-4f35-ae4a-a421521a8f0d,2026-08-09T02:46:31.980975+00:00,C2-CONTROLLED-SNARK,controlled-groth16-pilot-v1,controlled_kernel,ark-groth16-0.6.0-bn254,5477ab05b549b750fa32dc9a1bc61898f74ebf21,de947ec44a622d90f62e247e4cad4e4a81bb578c8249825f66cc44a0179ee3b2,5108845575139123595,1,48,default,{},64,64,1,16,setup_or_preprocess,9.660647,,,,,,,,,,,,,phase,,,true,wrong_public_input,,,,measured,within-stack pilot; no Groth16-versus-PLONK claim,measurement,true,true,ok,"{""constraint_count"":64.0}",,,,,,
00eac9ed-8baa-4f35-ae4a-a421521a8f0d,2026-08-09T02:46:31.980993+00:00,C2-CONTROLLED-SNARK,controlled-groth16-pilot-v1,controlled_kernel,ark-groth16-0.6.0-bn254,5477ab05b549b750fa32dc9a1bc61898f74ebf21,de947ec44a622d90f62e247e4cad4e4a81bb578c8249825f66cc44a0179ee3b2,5108845575139123595,1,48,default,{},64,64,1,16,prove_total,7.726357,,,,,,,,,,,,,phase,,,true,wrong_public_input,,,,measured,within-stack pilot; no Groth16-versus-PLONK claim,measurement,true,true,ok,"{""constraint_count"":64.0}",,,,,,
00eac9ed-8baa-4f35-ae4a-a421521a8f0d,2026-08-09T02:46:31.981010+00:00,C2-CONTROLLED-SNARK,controlled-groth16-pilot-v1,controlled_kernel,ark-groth16-0.6.0-bn254,5477ab05b549b750fa32dc9a1bc61898f74ebf21,de947ec44a622d90f62e247e4cad4e4a81bb578c8249825f66cc44a0179ee3b2,5108845575139123595,1,48,default,{},64,64,1,16,serialize,0.002795,,,,,,,,,,,,,phase,,,true,wrong_public_input,,,,measured,within-stack pilot; no Groth16-versus-PLONK claim,measurement,true,true,ok,"{""proof_bytes"":128.0}",,,,,,
00eac9ed-8baa-4f35-ae4a-a421521a8f0d,2026-08-09T02:46:31.981027+00:00,C2-CONTROLLED-SNARK,controlled-groth16-pilot-v1,controlled_kernel,ark-groth16-0.6.0-bn254,5477ab05b549b750fa32dc9a1bc61898f74ebf21,de947ec44a622d90f62e247e4cad4e4a81bb578c8249825f66cc44a0179ee3b2,5108845575139123595,1,48,default,{},64,64,1,16,deserialize,0.203980,,,,,,,,,,,,,phase,,,true,wrong_public_input,,,,measured,within-stack pilot; no Groth16-versus-PLONK claim,measurement,true,true,ok,"{""proof_bytes"":128.0}",,,,,,
00eac9ed-8baa-4f35-ae4a-a421521a8f0d,2026-08-09T02:46:31.981044+00:00,C2-CONTROLLED-SNARK,controlled-groth16-pilot-v1,controlled_kernel,ark-groth16-0.6.0-bn254,5477ab05b549b750fa32dc9a1bc61898f74ebf21,de947ec44a622d90f62e247e4cad4e4a81bb578c8249825f66cc44a0179ee3b2,5108845575139123595,1,48,default,{},64,64,1,16,verify_core,1.612651,,,,,,,,,,,,,phase,,,true,wrong_public_input,1.612651,,,measured,within-stack pilot; no Groth16-versus-PLONK claim,measurement,true,true,ok,{},,,,,,
00eac9ed-8baa-4f35-ae4a-a421521a8f0d,2026-08-09T02:46:31.981060+00:00,C2-CONTROLLED-SNARK,controlled-groth16-pilot-v1,controlled_kernel,ark-groth16-0.6.0-bn254,5477ab05b549b750fa32dc9a1bc61898f74ebf21,de947ec44a622d90f62e247e4cad4e4a81bb578c8249825f66cc44a0179ee3b2,5108845575139123595,1,48,default,{},64,64,1,16,invalid_reject,1.612651,,,,,,,,,,,,,phase,,,true,wrong_public_input,,,,measured,within-stack pilot; no Groth16-versus-PLONK claim,measurement,true,true,ok,{},,,,,,
00eac9ed-8baa-4f35-ae4a-a421521a8f0d,2026-08-09T02:46:31.981075+00:00,C2-CONTROLLED-SNARK,controlled-groth16-pilot-v1,controlled_kernel,ark-groth16-0.6.0-bn254,5477ab05b549b750fa32dc9a1bc61898f74ebf21,de947ec44a622d90f62e247e4cad4e4a81bb578c8249825f66cc44a0179ee3b2,5108845575139123595,1,48,default,{},64,64,1,16,verify_total,1.816932,,,,,,,,,,,,,phase,,,true,wrong_public_input,,,,measured,within-stack pilot; no Groth16-versus-PLONK claim,measurement,true,true,ok,{},,,,,,
00eac9ed-8baa-4f35-ae4a-a421521a8f0d,2026-08-09T02:46:31.981090+00:00,C2-CONTROLLED-SNARK,controlled-groth16-pilot-v1,controlled_kernel,ark-groth16-0.6.0-bn254,5477ab05b549b750fa32dc9a1bc61898f74ebf21,de947ec44a622d90f62e247e4cad4e4a81bb578c8249825f66cc44a0179ee3b2,5108845575139123595,1,48,default,{},64,64,1,16,fft_ntt,,,,,,,,,,,,,,phase,,,true,wrong_public_input,,ark-groth16 does not expose stable per-run phase hooks,,measured,within-stack pilot; no Groth16-versus-PLONK claim,measurement,true,false,unsupported,{},,,,,,
00eac9ed-8baa-4f35-ae4a-a421521a8f0d,2026-08-09T02:46:31.981108+00:00,C2-CONTROLLED-SNARK,controlled-groth16-pilot-v1,controlled_kernel,ark-groth16-0.6.0-bn254,5477ab05b549b750fa32dc9a1bc61898f74ebf21,de947ec44a622d90f62e247e4cad4e4a81bb578c8249825f66cc44a0179ee3b2,5108845575139123595,1,48,default,{},64,64,1,16,msm,,,,,,,,,,,,,,phase,,,true,wrong_public_input,,ark-groth16 does not expose stable per-run phase hooks,,measured,within-stack pilot; no Groth16-versus-PLONK claim,measurement,true,false,unsupported,{},,,,,,
00eac9ed-8baa-4f35-ae4a-a421521a8f0d,2026-08-09T02:46:31.981124+00:00,C2-CONTROLLED-SNARK,controlled-groth16-pilot-v1,controlled_kernel,ark-groth16-0.6.0-bn254,5477ab05b549b750fa32dc9a1bc61898f74ebf21,de947ec44a622d90f62e247e4cad4e4a81bb578c8249825f66cc44a0179ee3b2,5108845575139123595,1,48,default,{},64,64,1,16,commitment,,,,,,,,,,,,,,phase,,,true,wrong_public_input,,ark-groth16 does not expose stable per-run phase hooks,,measured,within-stack pilot; no Groth16-versus-PLONK claim,measurement,true,false,unsupported,{},,,,,,
00eac9ed-8baa-4f35-ae4a-a421521a8f0d,2026-08-09T02:46:31.981136+00:00,C2-CONTROLLED-SNARK,controlled-groth16-pilot-v1,controlled_kernel,ark-groth16-0.6.0-bn254,5477ab05b549b750fa32dc9a1bc61898f74ebf21,de947ec44a622d90f62e247e4cad4e4a81bb578c8249825f66cc44a0179ee3b2,5108845575139123595,1,48,default,{},64,64,1,16,key_load,,,,,,,,,,,,,,phase,,,true,wrong_public_input,,ark-groth16 does not expose stable per-run phase hooks,,measured,within-stack pilot; no Groth16-versus-PLONK claim,measurement,true,false,unsupported,{},,,,,,
00eac9ed-8baa-4f35-ae4a-a421521a8f0d,2026-08-09T02:46:31.981148+00:00,C2-CONTROLLED-SNARK,controlled-groth16-pilot-v1,controlled_kernel,ark-groth16-0.6.0-bn254,5477ab05b549b750fa32dc9a1bc61898f74ebf21,de947ec44a622d90f62e247e4cad4e4a81bb578c8249825f66cc44a0179ee3b2,5108845575139123595,1,48,default,{},64,64,1,16,adapter_process_wall,56.882400,10.000000,5.105469,128,false,0,cryptographic_rejection,292,956,,,,linux-procfs,process,,,true,wrong_public_input,,"Linux procfs read failed: [Errno 13] Permission denied: '/proc/2298/io'; private commit and per-process swap I/O are unavailable; VmSwap reports allocation, not swap traffic; No documented hardware or OS energy counter is configured in WSL2",,measured,within-stack pilot; no Groth16-versus-PLONK claim,measurement,true,true,ok,{},64,2,64,r1cs_constraints,5.0,10
7309a297-081e-4a8d-b46d-0668138bdd08,2026-08-09T02:46:32.066575+00:00,C2-CONTROLLED-SNARK,controlled-groth16-pilot-v1,controlled_kernel,ark-groth16-0.6.0-bn254,5477ab05b549b750fa32dc9a1bc61898f74ebf21,de947ec44a622d90f62e247e4cad4e4a81bb578c8249825f66cc44a0179ee3b2,9113659614056292675,2,49,default,{},64,64,4,16,native_execution,0.937474,,,,,,,,,,,,,phase,,,true,,,,,measured,within-stack pilot; no Groth16-versus-PLONK claim,measurement,true,true,ok,"{""application_units"":64.0}",,,,,,
7309a297-081e-4a8d-b46d-0668138bdd08,2026-08-09T02:46:32.066702+00:00,C2-CONTROLLED-SNARK,controlled-groth16-pilot-v1,controlled_kernel,ark-groth16-0.6.0-bn254,5477ab05b549b750fa32dc9a1bc61898f74ebf21,de947ec44a622d90f62e247e4cad4e4a81bb578c8249825f66cc44a0179ee3b2,9113659614056292675,2,49,default,{},64,64,4,16,witness,8.477135,,,,,,,,,,,,,phase,,,true,,,,,measured,within-stack pilot; no Groth16-versus-PLONK claim,measurement,true,true,ok,"{""application_units"":64.0,""constraint_count"":64.0}",,,,,,
7309a297-081e-4a8d-b46d-0668138bdd08,2026-08-09T02:46:32.066729+00:00,C2-CONTROLLED-SNARK,controlled-groth16-pilot-v1,controlled_kernel,ark-groth16-0.6.0-bn254,5477ab05b549b750fa32dc9a1bc61898f74ebf21,de947ec44a622d90f62e247e4cad4e4a81bb578c8249825f66cc44a0179ee3b2,9113659614056292675,2,49,default,{},64,64,4,16,setup_or_preprocess,14.008468,,,,,,,,,,,,,phase,,,true,,,,,measured,within-stack pilot; no Groth16-versus-PLONK claim,measurement,true,true,ok,"{""constraint_count"":64.0}",,,,,,
7309a297-081e-4a8d-b46d-0668138bdd08,2026-08-09T02:46:32.066746+00:00,C2-CONTROLLED-SNARK,controlled-groth16-pilot-v1,controlled_kernel,ark-groth16-0.6.0-bn254,5477ab05b549b750fa32dc9a1bc61898f74ebf21,de947ec44a622d90f62e247e4cad4e4a81bb578c8249825f66cc44a0179ee3b2,9113659614056292675,2,49,default,{},64,64,4,16,prove_total,11.035105,,,,,,,,,,,,,phase,,,true,,,,,measured,within-stack pilot; no Groth16-versus-PLONK claim,measurement,true,true,ok,"{""constraint_count"":64.0}",,,,,,
7309a297-081e-4a8d-b46d-0668138bdd08,2026-08-09T02:46:32.066761+00:00,C2-CONTROLLED-SNARK,controlled-groth16-pilot-v1,controlled_kernel,ark-groth16-0.6.0-bn254,5477ab05b549b750fa32dc9a1bc61898f74ebf21,de947ec44a622d90f62e247e4cad4e4a81bb578c8249825f66cc44a0179ee3b2,9113659614056292675,2,49,default,{},64,64,4,16,serialize,0.002805,,,,,,,,,,,,,phase,,,true,,,,,measured,within-stack pilot; no Groth16-versus-PLONK claim,measurement,true,true,ok,"{""proof_bytes"":128.0}",,,,,,
7309a297-081e-4a8d-b46d-0668138bdd08,2026-08-09T02:46:32.066775+00:00,C2-CONTROLLED-SNARK,controlled-groth16-pilot-v1,controlled_kernel,ark-groth16-0.6.0-bn254,5477ab05b549b750fa32dc9a1bc61898f74ebf21,de947ec44a622d90f62e247e4cad4e4a81bb578c8249825f66cc44a0179ee3b2,9113659614056292675,2,49,default,{},64,64,4,16,deserialize,0.164947,,,,,,,,,,,,,phase,,,true,,,,,measured,within-stack pilot; no Groth16-versus-PLONK claim,measurement,true,true,ok,"{""proof_bytes"":128.0}",,,,,,
7309a297-081e-4a8d-b46d-0668138bdd08,2026-08-09T02:46:32.066788+00:00,C2-CONTROLLED-SNARK,controlled-groth16-pilot-v1,controlled_kernel,ark-groth16-0.6.0-bn254,5477ab05b549b750fa32dc9a1bc61898f74ebf21,de947ec44a622d90f62e247e4cad4e4a81bb578c8249825f66cc44a0179ee3b2,9113659614056292675,2,49,default,{},64,64,4,16,verify_core,1.052258,,,,,,,,,,,,,phase,,,true,,,,,measured,within-stack pilot; no Groth16-versus-PLONK claim,measurement,true,true,ok,{},,,,,,
7309a297-081e-4a8d-b46d-0668138bdd08,2026-08-09T02:46:32.066801+00:00,C2-CONTROLLED-SNARK,controlled-groth16-pilot-v1,controlled_kernel,ark-groth16-0.6.0-bn254,5477ab05b549b750fa32dc9a1bc61898f74ebf21,de947ec44a622d90f62e247e4cad4e4a81bb578c8249825f66cc44a0179ee3b2,9113659614056292675,2,49,default,{},64,64,4,16,verify_total,1.217315,,,,,,,,,,,,,phase,,,true,,,,,measured,within-stack pilot; no Groth16-versus-PLONK claim,measurement,true,true,ok,{},,,,,,
7309a297-081e-4a8d-b46d-0668138bdd08,2026-08-09T02:46:32.066814+00:00,C2-CONTROLLED-SNARK,controlled-groth16-pilot-v1,controlled_kernel,ark-groth16-0.6.0-bn254,5477ab05b549b750fa32dc9a1bc61898f74ebf21,de947ec44a622d90f62e247e4cad4e4a81bb578c8249825f66cc44a0179ee3b2,9113659614056292675,2,49,default,{},64,64,4,16,fft_ntt,,,,,,,,,,,,,,phase,,,true,,,ark-groth16 does not expose stable per-run phase hooks,,measured,within-stack pilot; no Groth16-versus-PLONK claim,measurement,true,false,unsupported,{},,,,,,
7309a297-081e-4a8d-b46d-0668138bdd08,2026-08-09T02:46:32.066828+00:00,C2-CONTROLLED-SNARK,controlled-groth16-pilot-v1,controlled_kernel,ark-groth16-0.6.0-bn254,5477ab05b549b750fa32dc9a1bc61898f74ebf21,de947ec44a622d90f62e247e4cad4e4a81bb578c8249825f66cc44a0179ee3b2,9113659614056292675,2,49,default,{},64,64,4,16,msm,,,,,,,,,,,,,,phase,,,true,,,ark-groth16 does not expose stable per-run phase hooks,,measured,within-stack pilot; no Groth16-versus-PLONK claim,measurement,true,false,unsupported,{},,,,,,
7309a297-081e-4a8d-b46d-0668138bdd08,2026-08-09T02:46:32.066841+00:00,C2-CONTROLLED-SNARK,controlled-groth16-pilot-v1,controlled_kernel,ark-groth16-0.6.0-bn254,5477ab05b549b750fa32dc9a1bc61898f74ebf21,de947ec44a622d90f62e247e4cad4e4a81bb578c8249825f66cc44a0179ee3b2,9113659614056292675,2,49,default,{},64,64,4,16,commitment,,,,,,,,,,,,,,phase,,,true,,,ark-groth16 does not expose stable per-run phase hooks,,measured,within-stack pilot; no Groth16-versus-PLONK claim,measurement,true,false,unsupported,{},,,,,,
7309a297-081e-4a8d-b46d-0668138bdd08,2026-08-09T02:46:32.066853+00:00,C2-CONTROLLED-SNARK,controlled-groth16-pilot-v1,controlled_kernel,ark-groth16-0.6.0-bn254,5477ab05b549b750fa32dc9a1bc61898f74ebf21,de947ec44a622d90f62e247e4cad4e4a81bb578c8249825f66cc44a0179ee3b2,9113659614056292675,2,49,default,{},64,64,4,16,key_load,,,,,,,,,,,,,,phase,,,true,,,ark-groth16 does not expose stable per-run phase hooks,,measured,within-stack pilot; no Groth16-versus-PLONK claim,measurement,true,false,unsupported,{},,,,,,
7309a297-081e-4a8d-b46d-0668138bdd08,2026-08-09T02:46:32.066866+00:00,C2-CONTROLLED-SNARK,controlled-groth16-pilot-v1,controlled_kernel,ark-groth16-0.6.0-bn254,5477ab05b549b750fa32dc9a1bc61898f74ebf21,de947ec44a622d90f62e247e4cad4e4a81bb578c8249825f66cc44a0179ee3b2,9113659614056292675,2,49,default,{},64,64,4,16,adapter_process_wall,84.245921,60.000000,5.496094,128,true,0,,443,956,,,,linux-procfs,process,,,true,,,"private commit and per-process swap I/O are unavailable; VmSwap reports allocation, not swap traffic; No documented hardware or OS energy counter is configured in WSL2",,measured,within-stack pilot; no Groth16-versus-PLONK claim,measurement,true,true,ok,{},64,2,64,r1cs_constraints,5.0,15
eeb7a688-c143-4712-9592-8c2b72a99c81,2026-08-09T02:46:33.008891+00:00,C2-CONTROLLED-SNARK,controlled-groth16-pilot-v1,controlled_kernel,ark-groth16-0.6.0-bn254,5477ab05b549b750fa32dc9a1bc61898f74ebf21,de947ec44a622d90f62e247e4cad4e4a81bb578c8249825f66cc44a0179ee3b2,731410537849365173,2,50,default,{},4096,4096,16,16,native_execution,0.071333,,,,,,,,,,,,,phase,,,true,,,,,measured,within-stack pilot; no Groth16-versus-PLONK claim,measurement,true,true,ok,"{""application_units"":4096.0}",,,,,,
eeb7a688-c143-4712-9592-8c2b72a99c81,2026-08-09T02:46:33.008955+00:00,C2-CONTROLLED-SNARK,controlled-groth16-pilot-v1,controlled_kernel,ark-groth16-0.6.0-bn254,5477ab05b549b750fa32dc9a1bc61898f74ebf21,de947ec44a622d90f62e247e4cad4e4a81bb578c8249825f66cc44a0179ee3b2,731410537849365173,2,50,default,{},4096,4096,16,16,witness,639.240262,,,,,,,,,,,,,phase,,,true,,,,,measured,within-stack pilot; no Groth16-versus-PLONK claim,measurement,true,true,ok,"{""application_units"":4096.0,""constraint_count"":4096.0}",,,,,,
eeb7a688-c143-4712-9592-8c2b72a99c81,2026-08-09T02:46:33.008976+00:00,C2-CONTROLLED-SNARK,controlled-groth16-pilot-v1,controlled_kernel,ark-groth16-0.6.0-bn254,5477ab05b549b750fa32dc9a1bc61898f74ebf21,de947ec44a622d90f62e247e4cad4e4a81bb578c8249825f66cc44a0179ee3b2,731410537849365173,2,50,default,{},4096,4096,16,16,setup_or_preprocess,65.353044,,,,,,,,,,,,,phase,,,true,,,,,measured,within-stack pilot; no Groth16-versus-PLONK claim,measurement,true,true,ok,"{""constraint_count"":4096.0}",,,,,,
eeb7a688-c143-4712-9592-8c2b72a99c81,2026-08-09T02:46:33.008991+00:00,C2-CONTROLLED-SNARK,controlled-groth16-pilot-v1,controlled_kernel,ark-groth16-0.6.0-bn254,5477ab05b549b750fa32dc9a1bc61898f74ebf21,de947ec44a622d90f62e247e4cad4e4a81bb578c8249825f66cc44a0179ee3b2,731410537849365173,2,50,default,{},4096,4096,16,16,prove_total,193.628306,,,,,,,,,,,,,phase,,,true,,,,,measured,within-stack pilot; no Groth16-versus-PLONK claim,measurement,true,true,ok,"{""constraint_count"":4096.0}",,,,,,
eeb7a688-c143-4712-9592-8c2b72a99c81,2026-08-09T02:46:33.009005+00:00,C2-CONTROLLED-SNARK,controlled-groth16-pilot-v1,controlled_kernel,ark-groth16-0.6.0-bn254,5477ab05b549b750fa32dc9a1bc61898f74ebf21,de947ec44a622d90f62e247e4cad4e4a81bb578c8249825f66cc44a0179ee3b2,731410537849365173,2,50,default,{},4096,4096,16,16,serialize,0.003136,,,,,,,,,,,,,phase,,,true,,,,,measured,within-stack pilot; no Groth16-versus-PLONK claim,measurement,true,true,ok,"{""proof_bytes"":128.0}",,,,,,
eeb7a688-c143-4712-9592-8c2b72a99c81,2026-08-09T02:46:33.009019+00:00,C2-CONTROLLED-SNARK,controlled-groth16-pilot-v1,controlled_kernel,ark-groth16-0.6.0-bn254,5477ab05b549b750fa32dc9a1bc61898f74ebf21,de947ec44a622d90f62e247e4cad4e4a81bb578c8249825f66cc44a0179ee3b2,731410537849365173,2,50,default,{},4096,4096,16,16,deserialize,0.170478,,,,,,,,,,,,,phase,,,true,,,,,measured,within-stack pilot; no Groth16-versus-PLONK claim,measurement,true,true,ok,"{""proof_bytes"":128.0}",,,,,,
eeb7a688-c143-4712-9592-8c2b72a99c81,2026-08-09T02:46:33.009032+00:00,C2-CONTROLLED-SNARK,controlled-groth16-pilot-v1,controlled_kernel,ark-groth16-0.6.0-bn254,5477ab05b549b750fa32dc9a1bc61898f74ebf21,de947ec44a622d90f62e247e4cad4e4a81bb578c8249825f66cc44a0179ee3b2,731410537849365173,2,50,default,{},4096,4096,16,16,verify_core,1.029245,,,,,,,,,,,,,phase,,,true,,,,,measured,within-stack pilot; no Groth16-versus-PLONK claim,measurement,true,true,ok,{},,,,,,
eeb7a688-c143-4712-9592-8c2b72a99c81,2026-08-09T02:46:33.009045+00:00,C2-CONTROLLED-SNARK,controlled-groth16-pilot-v1,controlled_kernel,ark-groth16-0.6.0-bn254,5477ab05b549b750fa32dc9a1bc61898f74ebf21,de947ec44a622d90f62e247e4cad4e4a81bb578c8249825f66cc44a0179ee3b2,731410537849365173,2,50,default,{},4096,4096,16,16,verify_total,1.199833,,,,,,,,,,,,,phase,,,true,,,,,measured,within-stack pilot; no Groth16-versus-PLONK claim,measurement,true,true,ok,{},,,,,,
eeb7a688-c143-4712-9592-8c2b72a99c81,2026-08-09T02:46:33.009057+00:00,C2-CONTROLLED-SNARK,controlled-groth16-pilot-v1,controlled_kernel,ark-groth16-0.6.0-bn254,5477ab05b549b750fa32dc9a1bc61898f74ebf21,de947ec44a622d90f62e247e4cad4e4a81bb578c8249825f66cc44a0179ee3b2,731410537849365173,2,50,default,{},4096,4096,16,16,fft_ntt,,,,,,,,,,,,,,phase,,,true,,,ark-groth16 does not expose stable per-run phase hooks,,measured,within-stack pilot; no Groth16-versus-PLONK claim,measurement,true,false,unsupported,{},,,,,,
eeb7a688-c143-4712-9592-8c2b72a99c81,2026-08-09T02:46:33.009071+00:00,C2-CONTROLLED-SNARK,controlled-groth16-pilot-v1,controlled_kernel,ark-groth16-0.6.0-bn254,5477ab05b549b750fa32dc9a1bc61898f74ebf21,de947ec44a622d90f62e247e4cad4e4a81bb578c8249825f66cc44a0179ee3b2,731410537849365173,2,50,default,{},4096,4096,16,16,msm,,,,,,,,,,,,,,phase,,,true,,,ark-groth16 does not expose stable per-run phase hooks,,measured,within-stack pilot; no Groth16-versus-PLONK claim,measurement,true,false,unsupported,{},,,,,,
eeb7a688-c143-4712-9592-8c2b72a99c81,2026-08-09T02:46:33.009084+00:00,C2-CONTROLLED-SNARK,controlled-groth16-pilot-v1,controlled_kernel,ark-groth16-0.6.0-bn254,5477ab05b549b750fa32dc9a1bc61898f74ebf21,de947ec44a622d90f62e247e4cad4e4a81bb578c8249825f66cc44a0179ee3b2,731410537849365173,2,50,default,{},4096,4096,16,16,commitment,,,,,,,,,,,,,,phase,,,true,,,ark-groth16 does not expose stable per-run phase hooks,,measured,within-stack pilot; no Groth16-versus-PLONK claim,measurement,true,false,unsupported,{},,,,,,
eeb7a688-c143-4712-9592-8c2b72a99c81,2026-08-09T02:46:33.009098+00:00,C2-CONTROLLED-SNARK,controlled-groth16-pilot-v1,controlled_kernel,ark-groth16-0.6.0-bn254,5477ab05b549b750fa32dc9a1bc61898f74ebf21,de947ec44a622d90f62e247e4cad4e4a81bb578c8249825f66cc44a0179ee3b2,731410537849365173,2,50,default,{},4096,4096,16,16,key_load,,,,,,,,,,,,,,phase,,,true,,,ark-groth16 does not expose stable per-run phase hooks,,measured,within-stack pilot; no Groth16-versus-PLONK claim,measurement,true,false,unsupported,{},,,,,,
eeb7a688-c143-4712-9592-8c2b72a99c81,2026-08-09T02:46:33.009110+00:00,C2-CONTROLLED-SNARK,controlled-groth16-pilot-v1,controlled_kernel,ark-groth16-0.6.0-bn254,5477ab05b549b750fa32dc9a1bc61898f74ebf21,de947ec44a622d90f62e247e4cad4e4a81bb578c8249825f66cc44a0179ee3b2,731410537849365173,2,50,default,{},4096,4096,16,16,adapter_process_wall,940.904169,3250.000000,19.160156,128,true,0,,4936,956,,,,linux-procfs,process,,,true,,,"Linux procfs read failed: [Errno 13] Permission denied: '/proc/2336/io'; private commit and per-process swap I/O are unavailable; VmSwap reports allocation, not swap traffic; No documented hardware or OS energy counter is configured in WSL2",,measured,within-stack pilot; no Groth16-versus-PLONK claim,measurement,true,true,ok,{},4096,2,4096,r1cs_constraints,5.0,174
31a1a85f-fc8f-49ce-bc96-3ea6bf0859a0,2026-08-09T02:46:33.923966+00:00,C2-CONTROLLED-SNARK,controlled-groth16-pilot-v1,controlled_kernel,ark-groth16-0.6.0-bn254,5477ab05b549b750fa32dc9a1bc61898f74ebf21,de947ec44a622d90f62e247e4cad4e4a81bb578c8249825f66cc44a0179ee3b2,3335006784086025361,1,51,default,{},4096,4096,8,16,native_execution,0.681328,,,,,,,,,,,,,phase,,,true,wrong_public_input,,,,measured,within-stack pilot; no Groth16-versus-PLONK claim,measurement,true,true,ok,"{""application_units"":4096.0}",,,,,,
31a1a85f-fc8f-49ce-bc96-3ea6bf0859a0,2026-08-09T02:46:33.924040+00:00,C2-CONTROLLED-SNARK,controlled-groth16-pilot-v1,controlled_kernel,ark-groth16-0.6.0-bn254,5477ab05b549b750fa32dc9a1bc61898f74ebf21,de947ec44a622d90f62e247e4cad4e4a81bb578c8249825f66cc44a0179ee3b2,3335006784086025361,1,51,default,{},4096,4096,8,16,witness,709.489056,,,,,,,,,,,,,phase,,,true,wrong_public_input,,,,measured,within-stack pilot; no Groth16-versus-PLONK claim,measurement,true,true,ok,"{""application_units"":4096.0,""constraint_count"":4096.0}",,,,,,
31a1a85f-fc8f-49ce-bc96-3ea6bf0859a0,2026-08-09T02:46:33.924065+00:00,C2-CONTROLLED-SNARK,controlled-groth16-pilot-v1,controlled_kernel,ark-groth16-0.6.0-bn254,5477ab05b549b750fa32dc9a1bc61898f74ebf21,de947ec44a622d90f62e247e4cad4e4a81bb578c8249825f66cc44a0179ee3b2,3335006784086025361,1,51,default,{},4096,4096,8,16,setup_or_preprocess,43.565199,,,,,,,,,,,,,phase,,,true,wrong_public_input,,,,measured,within-stack pilot; no Groth16-versus-PLONK claim,measurement,true,true,ok,"{""constraint_count"":4096.0}",,,,,,
31a1a85f-fc8f-49ce-bc96-3ea6bf0859a0,2026-08-09T02:46:33.924085+00:00,C2-CONTROLLED-SNARK,controlled-groth16-pilot-v1,controlled_kernel,ark-groth16-0.6.0-bn254,5477ab05b549b750fa32dc9a1bc61898f74ebf21,de947ec44a622d90f62e247e4cad4e4a81bb578c8249825f66cc44a0179ee3b2,3335006784086025361,1,51,default,{},4096,4096,8,16,prove_total,106.603215,,,,,,,,,,,,,phase,,,true,wrong_public_input,,,,measured,within-stack pilot; no Groth16-versus-PLONK claim,measurement,true,true,ok,"{""constraint_count"":4096.0}",,,,,,
31a1a85f-fc8f-49ce-bc96-3ea6bf0859a0,2026-08-09T02:46:33.924103+00:00,C2-CONTROLLED-SNARK,controlled-groth16-pilot-v1,controlled_kernel,ark-groth16-0.6.0-bn254,5477ab05b549b750fa32dc9a1bc61898f74ebf21,de947ec44a622d90f62e247e4cad4e4a81bb578c8249825f66cc44a0179ee3b2,3335006784086025361,1,51,default,{},4096,4096,8,16,serialize,0.013425,,,,,,,,,,,,,phase,,,true,wrong_public_input,,,,measured,within-stack pilot; no Groth16-versus-PLONK claim,measurement,true,true,ok,"{""proof_bytes"":128.0}",,,,,,
31a1a85f-fc8f-49ce-bc96-3ea6bf0859a0,2026-08-09T02:46:33.924119+00:00,C2-CONTROLLED-SNARK,controlled-groth16-pilot-v1,controlled_kernel,ark-groth16-0.6.0-bn254,5477ab05b549b750fa32dc9a1bc61898f74ebf21,de947ec44a622d90f62e247e4cad4e4a81bb578c8249825f66cc44a0179ee3b2,3335006784086025361,1,51,default,{},4096,4096,8,16,deserialize,0.209961,,,,,,,,,,,,,phase,,,true,wrong_public_input,,,,measured,within-stack pilot; no Groth16-versus-PLONK claim,measurement,true,true,ok,"{""proof_bytes"":128.0}",,,,,,
31a1a85f-fc8f-49ce-bc96-3ea6bf0859a0,2026-08-09T02:46:33.924136+00:00,C2-CONTROLLED-SNARK,controlled-groth16-pilot-v1,controlled_kernel,ark-groth16-0.6.0-bn254,5477ab05b549b750fa32dc9a1bc61898f74ebf21,de947ec44a622d90f62e247e4cad4e4a81bb578c8249825f66cc44a0179ee3b2,3335006784086025361,1,51,default,{},4096,4096,8,16,verify_core,1.088766,,,,,,,,,,,,,phase,,,true,wrong_public_input,1.088766,,,measured,within-stack pilot; no Groth16-versus-PLONK claim,measurement,true,true,ok,{},,,,,,
31a1a85f-fc8f-49ce-bc96-3ea6bf0859a0,2026-08-09T02:46:33.924154+00:00,C2-CONTROLLED-SNARK,controlled-groth16-pilot-v1,controlled_kernel,ark-groth16-0.6.0-bn254,5477ab05b549b750fa32dc9a1bc61898f74ebf21,de947ec44a622d90f62e247e4cad4e4a81bb578c8249825f66cc44a0179ee3b2,3335006784086025361,1,51,default,{},4096,4096,8,16,invalid_reject,1.088766,,,,,,,,,,,,,phase,,,true,wrong_public_input,,,,measured,within-stack pilot; no Groth16-versus-PLONK claim,measurement,true,true,ok,{},,,,,,
31a1a85f-fc8f-49ce-bc96-3ea6bf0859a0,2026-08-09T02:46:33.924170+00:00,C2-CONTROLLED-SNARK,controlled-groth16-pilot-v1,controlled_kernel,ark-groth16-0.6.0-bn254,5477ab05b549b750fa32dc9a1bc61898f74ebf21,de947ec44a622d90f62e247e4cad4e4a81bb578c8249825f66cc44a0179ee3b2,3335006784086025361,1,51,default,{},4096,4096,8,16,verify_total,1.299028,,,,,,,,,,,,,phase,,,true,wrong_public_input,,,,measured,within-stack pilot; no Groth16-versus-PLONK claim,measurement,true,true,ok,{},,,,,,
31a1a85f-fc8f-49ce-bc96-3ea6bf0859a0,2026-08-09T02:46:33.924186+00:00,C2-CONTROLLED-SNARK,controlled-groth16-pilot-v1,controlled_kernel,ark-groth16-0.6.0-bn254,5477ab05b549b750fa32dc9a1bc61898f74ebf21,de947ec44a622d90f62e247e4cad4e4a81bb578c8249825f66cc44a0179ee3b2,3335006784086025361,1,51,default,{},4096,4096,8,16,fft_ntt,,,,,,,,,,,,,,phase,,,true,wrong_public_input,,ark-groth16 does not expose stable per-run phase hooks,,measured,within-stack pilot; no Groth16-versus-PLONK claim,measurement,true,false,unsupported,{},,,,,,
31a1a85f-fc8f-49ce-bc96-3ea6bf0859a0,2026-08-09T02:46:33.924203+00:00,C2-CONTROLLED-SNARK,controlled-groth16-pilot-v1,controlled_kernel,ark-groth16-0.6.0-bn254,5477ab05b549b750fa32dc9a1bc61898f74ebf21,de947ec44a622d90f62e247e4cad4e4a81bb578c8249825f66cc44a0179ee3b2,3335006784086025361,1,51,default,{},4096,4096,8,16,msm,,,,,,,,,,,,,,phase,,,true,wrong_public_input,,ark-groth16 does not expose stable per-run phase hooks,,measured,within-stack pilot; no Groth16-versus-PLONK claim,measurement,true,false,unsupported,{},,,,,,
31a1a85f-fc8f-49ce-bc96-3ea6bf0859a0,2026-08-09T02:46:33.924218+00:00,C2-CONTROLLED-SNARK,controlled-groth16-pilot-v1,controlled_kernel,ark-groth16-0.6.0-bn254,5477ab05b549b750fa32dc9a1bc61898f74ebf21,de947ec44a622d90f62e247e4cad4e4a81bb578c8249825f66cc44a0179ee3b2,3335006784086025361,1,51,default,{},4096,4096,8,16,commitment,,,,,,,,,,,,,,phase,,,true,wrong_public_input,,ark-groth16 does not expose stable per-run phase hooks,,measured,within-stack pilot; no Groth16-versus-PLONK claim,measurement,true,false,unsupported,{},,,,,,
31a1a85f-fc8f-49ce-bc96-3ea6bf0859a0,2026-08-09T02:46:33.924233+00:00,C2-CONTROLLED-SNARK,controlled-groth16-pilot-v1,controlled_kernel,ark-groth16-0.6.0-bn254,5477ab05b549b750fa32dc9a1bc61898f74ebf21,de947ec44a622d90f62e247e4cad4e4a81bb578c8249825f66cc44a0179ee3b2,3335006784086025361,1,51,default,{},4096,4096,8,16,key_load,,,,,,,,,,,,,,phase,,,true,wrong_public_input,,ark-groth16 does not expose stable per-run phase hooks,,measured,within-stack pilot; no Groth16-versus-PLONK claim,measurement,true,false,unsupported,{},,,,,,
31a1a85f-fc8f-49ce-bc96-3ea6bf0859a0,2026-08-09T02:46:33.924248+00:00,C2-CONTROLLED-SNARK,controlled-groth16-pilot-v1,controlled_kernel,ark-groth16-0.6.0-bn254,5477ab05b549b750fa32dc9a1bc61898f74ebf21,de947ec44a622d90f62e247e4cad4e4a81bb578c8249825f66cc44a0179ee3b2,3335006784086025361,1,51,default,{},4096,4096,8,16,adapter_process_wall,914.010894,2500.000000,16.859375,128,false,0,cryptographic_rejection,4190,956,,,,linux-procfs,process,,,true,wrong_public_input,,"Linux procfs read failed: [Errno 13] Permission denied: '/proc/2438/io'; private commit and per-process swap I/O are unavailable; VmSwap reports allocation, not swap traffic; No documented hardware or OS energy counter is configured in WSL2",,measured,within-stack pilot; no Groth16-versus-PLONK claim,measurement,true,true,ok,{},4096,2,4096,r1cs_constraints,5.0,169
cbc6859c-d148-4ce7-8de7-88e1e3d3f6a3,2026-08-09T02:46:34.003611+00:00,C2-CONTROLLED-SNARK,controlled-groth16-pilot-v1,controlled_kernel,ark-groth16-0.6.0-bn254,5477ab05b549b750fa32dc9a1bc61898f74ebf21,de947ec44a622d90f62e247e4cad4e4a81bb578c8249825f66cc44a0179ee3b2,2243355889701740012,2,52,default,{},64,64,2,16,native_execution,0.556987,,,,,,,,,,,,,phase,,,true,,,,,measured,within-stack pilot; no Groth16-versus-PLONK claim,measurement,true,true,ok,"{""application_units"":64.0}",,,,,,
cbc6859c-d148-4ce7-8de7-88e1e3d3f6a3,2026-08-09T02:46:34.003693+00:00,C2-CONTROLLED-SNARK,controlled-groth16-pilot-v1,controlled_kernel,ark-groth16-0.6.0-bn254,5477ab05b549b750fa32dc9a1bc61898f74ebf21,de947ec44a622d90f62e247e4cad4e4a81bb578c8249825f66cc44a0179ee3b2,2243355889701740012,2,52,default,{},64,64,2,16,witness,5.611853,,,,,,,,,,,,,phase,,,true,,,,,measured,within-stack pilot; no Groth16-versus-PLONK claim,measurement,true,true,ok,"{""application_units"":64.0,""constraint_count"":64.0}",,,,,,
cbc6859c-d148-4ce7-8de7-88e1e3d3f6a3,2026-08-09T02:46:34.003719+00:00,C2-CONTROLLED-SNARK,controlled-groth16-pilot-v1,controlled_kernel,ark-groth16-0.6.0-bn254,5477ab05b549b750fa32dc9a1bc61898f74ebf21,de947ec44a622d90f62e247e4cad4e4a81bb578c8249825f66cc44a0179ee3b2,2243355889701740012,2,52,default,{},64,64,2,16,setup_or_preprocess,12.408601,,,,,,,,,,,,,phase,,,true,,,,,measured,within-stack pilot; no Groth16-versus-PLONK claim,measurement,true,true,ok,"{""constraint_count"":64.0}",,,,,,
cbc6859c-d148-4ce7-8de7-88e1e3d3f6a3,2026-08-09T02:46:34.003738+00:00,C2-CONTROLLED-SNARK,controlled-groth16-pilot-v1,controlled_kernel,ark-groth16-0.6.0-bn254,5477ab05b549b750fa32dc9a1bc61898f74ebf21,de947ec44a622d90f62e247e4cad4e4a81bb578c8249825f66cc44a0179ee3b2,2243355889701740012,2,52,default,{},64,64,2,16,prove_total,7.154013,,,,,,,,,,,,,phase,,,true,,,,,measured,within-stack pilot; no Groth16-versus-PLONK claim,measurement,true,true,ok,"{""constraint_count"":64.0}",,,,,,
cbc6859c-d148-4ce7-8de7-88e1e3d3f6a3,2026-08-09T02:46:34.003755+00:00,C2-CONTROLLED-SNARK,controlled-groth16-pilot-v1,controlled_kernel,ark-groth16-0.6.0-bn254,5477ab05b549b750fa32dc9a1bc61898f74ebf21,de947ec44a622d90f62e247e4cad4e4a81bb578c8249825f66cc44a0179ee3b2,2243355889701740012,2,52,default,{},64,64,2,16,serialize,0.005460,,,,,,,,,,,,,phase,,,true,,,,,measured,within-stack pilot; no Groth16-versus-PLONK claim,measurement,true,true,ok,"{""proof_bytes"":128.0}",,,,,,
cbc6859c-d148-4ce7-8de7-88e1e3d3f6a3,2026-08-09T02:46:34.003829+00:00,C2-CONTROLLED-SNARK,controlled-groth16-pilot-v1,controlled_kernel,ark-groth16-0.6.0-bn254,5477ab05b549b750fa32dc9a1bc61898f74ebf21,de947ec44a622d90f62e247e4cad4e4a81bb578c8249825f66cc44a0179ee3b2,2243355889701740012,2,52,default,{},64,64,2,16,deserialize,0.209340,,,,,,,,,,,,,phase,,,true,,,,,measured,within-stack pilot; no Groth16-versus-PLONK claim,measurement,true,true,ok,"{""proof_bytes"":128.0}",,,,,,
cbc6859c-d148-4ce7-8de7-88e1e3d3f6a3,2026-08-09T02:46:34.003855+00:00,C2-CONTROLLED-SNARK,controlled-groth16-pilot-v1,controlled_kernel,ark-groth16-0.6.0-bn254,5477ab05b549b750fa32dc9a1bc61898f74ebf21,de947ec44a622d90f62e247e4cad4e4a81bb578c8249825f66cc44a0179ee3b2,2243355889701740012,2,52,default,{},64,64,2,16,verify_core,1.267018,,,,,,,,,,,,,phase,,,true,,,,,measured,within-stack pilot; no Groth16-versus-PLONK claim,measurement,true,true,ok,{},,,,,,
cbc6859c-d148-4ce7-8de7-88e1e3d3f6a3,2026-08-09T02:46:34.003870+00:00,C2-CONTROLLED-SNARK,controlled-groth16-pilot-v1,controlled_kernel,ark-groth16-0.6.0-bn254,5477ab05b549b750fa32dc9a1bc61898f74ebf21,de947ec44a622d90f62e247e4cad4e4a81bb578c8249825f66cc44a0179ee3b2,2243355889701740012,2,52,default,{},64,64,2,16,verify_total,1.476738,,,,,,,,,,,,,phase,,,true,,,,,measured,within-stack pilot; no Groth16-versus-PLONK claim,measurement,true,true,ok,{},,,,,,
cbc6859c-d148-4ce7-8de7-88e1e3d3f6a3,2026-08-09T02:46:34.003883+00:00,C2-CONTROLLED-SNARK,controlled-groth16-pilot-v1,controlled_kernel,ark-groth16-0.6.0-bn254,5477ab05b549b750fa32dc9a1bc61898f74ebf21,de947ec44a622d90f62e247e4cad4e4a81bb578c8249825f66cc44a0179ee3b2,2243355889701740012,2,52,default,{},64,64,2,16,fft_ntt,,,,,,,,,,,,,,phase,,,true,,,ark-groth16 does not expose stable per-run phase hooks,,measured,within-stack pilot; no Groth16-versus-PLONK claim,measurement,true,false,unsupported,{},,,,,,
cbc6859c-d148-4ce7-8de7-88e1e3d3f6a3,2026-08-09T02:46:34.003897+00:00,C2-CONTROLLED-SNARK,controlled-groth16-pilot-v1,controlled_kernel,ark-groth16-0.6.0-bn254,5477ab05b549b750fa32dc9a1bc61898f74ebf21,de947ec44a622d90f62e247e4cad4e4a81bb578c8249825f66cc44a0179ee3b2,2243355889701740012,2,52,default,{},64,64,2,16,msm,,,,,,,,,,,,,,phase,,,true,,,ark-groth16 does not expose stable per-run phase hooks,,measured,within-stack pilot; no Groth16-versus-PLONK claim,measurement,true,false,unsupported,{},,,,,,
cbc6859c-d148-4ce7-8de7-88e1e3d3f6a3,2026-08-09T02:46:34.003909+00:00,C2-CONTROLLED-SNARK,controlled-groth16-pilot-v1,controlled_kernel,ark-groth16-0.6.0-bn254,5477ab05b549b750fa32dc9a1bc61898f74ebf21,de947ec44a622d90f62e247e4cad4e4a81bb578c8249825f66cc44a0179ee3b2,2243355889701740012,2,52,default,{},64,64,2,16,commitment,,,,,,,,,,,,,,phase,,,true,,,ark-groth16 does not expose stable per-run phase hooks,,measured,within-stack pilot; no Groth16-versus-PLONK claim,measurement,true,false,unsupported,{},,,,,,
cbc6859c-d148-4ce7-8de7-88e1e3d3f6a3,2026-08-09T02:46:34.003929+00:00,C2-CONTROLLED-SNARK,controlled-groth16-pilot-v1,controlled_kernel,ark-groth16-0.6.0-bn254,5477ab05b549b750fa32dc9a1bc61898f74ebf21,de947ec44a622d90f62e247e4cad4e4a81bb578c8249825f66cc44a0179ee3b2,2243355889701740012,2,52,default,{},64,64,2,16,key_load,,,,,,,,,,,,,,phase,,,true,,,ark-groth16 does not expose stable per-run phase hooks,,measured,within-stack pilot; no Groth16-versus-PLONK claim,measurement,true,false,unsupported,{},,,,,,
cbc6859c-d148-4ce7-8de7-88e1e3d3f6a3,2026-08-09T02:46:34.003941+00:00,C2-CONTROLLED-SNARK,controlled-groth16-pilot-v1,controlled_kernel,ark-groth16-0.6.0-bn254,5477ab05b549b750fa32dc9a1bc61898f74ebf21,de947ec44a622d90f62e247e4cad4e4a81bb578c8249825f66cc44a0179ee3b2,2243355889701740012,2,52,default,{},64,64,2,16,adapter_process_wall,78.298601,30.000000,5.222656,128,true,0,,366,956,,,,linux-procfs,process,,,true,,,"private commit and per-process swap I/O are unavailable; VmSwap reports allocation, not swap traffic; No documented hardware or OS energy counter is configured in WSL2",,measured,within-stack pilot; no Groth16-versus-PLONK claim,measurement,true,true,ok,{},64,2,64,r1cs_constraints,5.0,14
93e2fd15-a6f6-41a0-850b-411985321fc2,2026-08-09T02:46:34.083530+00:00,C2-CONTROLLED-SNARK,controlled-groth16-pilot-v1,controlled_kernel,ark-groth16-0.6.0-bn254,5477ab05b549b750fa32dc9a1bc61898f74ebf21,de947ec44a622d90f62e247e4cad4e4a81bb578c8249825f66cc44a0179ee3b2,8288166543164364543,2,53,default,{},64,64,1,16,native_execution,0.614223,,,,,,,,,,,,,phase,,,true,wrong_public_input,,,,measured,within-stack pilot; no Groth16-versus-PLONK claim,measurement,true,true,ok,"{""application_units"":64.0}",,,,,,
93e2fd15-a6f6-41a0-850b-411985321fc2,2026-08-09T02:46:34.083650+00:00,C2-CONTROLLED-SNARK,controlled-groth16-pilot-v1,controlled_kernel,ark-groth16-0.6.0-bn254,5477ab05b549b750fa32dc9a1bc61898f74ebf21,de947ec44a622d90f62e247e4cad4e4a81bb578c8249825f66cc44a0179ee3b2,8288166543164364543,2,53,default,{},64,64,1,16,witness,5.344946,,,,,,,,,,,,,phase,,,true,wrong_public_input,,,,measured,within-stack pilot; no Groth16-versus-PLONK claim,measurement,true,true,ok,"{""application_units"":64.0,""constraint_count"":64.0}",,,,,,
93e2fd15-a6f6-41a0-850b-411985321fc2,2026-08-09T02:46:34.083676+00:00,C2-CONTROLLED-SNARK,controlled-groth16-pilot-v1,controlled_kernel,ark-groth16-0.6.0-bn254,5477ab05b549b750fa32dc9a1bc61898f74ebf21,de947ec44a622d90f62e247e4cad4e4a81bb578c8249825f66cc44a0179ee3b2,8288166543164364543,2,53,default,{},64,64,1,16,setup_or_preprocess,13.290647,,,,,,,,,,,,,phase,,,true,wrong_public_input,,,,measured,within-stack pilot; no Groth16-versus-PLONK claim,measurement,true,true,ok,"{""constraint_count"":64.0}",,,,,,
93e2fd15-a6f6-41a0-850b-411985321fc2,2026-08-09T02:46:34.083695+00:00,C2-CONTROLLED-SNARK,controlled-groth16-pilot-v1,controlled_kernel,ark-groth16-0.6.0-bn254,5477ab05b549b750fa32dc9a1bc61898f74ebf21,de947ec44a622d90f62e247e4cad4e4a81bb578c8249825f66cc44a0179ee3b2,8288166543164364543,2,53,default,{},64,64,1,16,prove_total,7.803261,,,,,,,,,,,,,phase,,,true,wrong_public_input,,,,measured,within-stack pilot; no Groth16-versus-PLONK claim,measurement,true,true,ok,"{""constraint_count"":64.0}",,,,,,
93e2fd15-a6f6-41a0-850b-411985321fc2,2026-08-09T02:46:34.083727+00:00,C2-CONTROLLED-SNARK,controlled-groth16-pilot-v1,controlled_kernel,ark-groth16-0.6.0-bn254,5477ab05b549b750fa32dc9a1bc61898f74ebf21,de947ec44a622d90f62e247e4cad4e4a81bb578c8249825f66cc44a0179ee3b2,8288166543164364543,2,53,default,{},64,64,1,16,serialize,0.002776,,,,,,,,,,,,,phase,,,true,wrong_public_input,,,,measured,within-stack pilot; no Groth16-versus-PLONK claim,measurement,true,true,ok,"{""proof_bytes"":128.0}",,,,,,
93e2fd15-a6f6-41a0-850b-411985321fc2,2026-08-09T02:46:34.083744+00:00,C2-CONTROLLED-SNARK,controlled-groth16-pilot-v1,controlled_kernel,ark-groth16-0.6.0-bn254,5477ab05b549b750fa32dc9a1bc61898f74ebf21,de947ec44a622d90f62e247e4cad4e4a81bb578c8249825f66cc44a0179ee3b2,8288166543164364543,2,53,default,{},64,64,1,16,deserialize,0.174535,,,,,,,,,,,,,phase,,,true,wrong_public_input,,,,measured,within-stack pilot; no Groth16-versus-PLONK claim,measurement,true,true,ok,"{""proof_bytes"":128.0}",,,,,,
93e2fd15-a6f6-41a0-850b-411985321fc2,2026-08-09T02:46:34.083761+00:00,C2-CONTROLLED-SNARK,controlled-groth16-pilot-v1,controlled_kernel,ark-groth16-0.6.0-bn254,5477ab05b549b750fa32dc9a1bc61898f74ebf21,de947ec44a622d90f62e247e4cad4e4a81bb578c8249825f66cc44a0179ee3b2,8288166543164364543,2,53,default,{},64,64,1,16,verify_core,1.041919,,,,,,,,,,,,,phase,,,true,wrong_public_input,1.041919,,,measured,within-stack pilot; no Groth16-versus-PLONK claim,measurement,true,true,ok,{},,,,,,
93e2fd15-a6f6-41a0-850b-411985321fc2,2026-08-09T02:46:34.083777+00:00,C2-CONTROLLED-SNARK,controlled-groth16-pilot-v1,controlled_kernel,ark-groth16-0.6.0-bn254,5477ab05b549b750fa32dc9a1bc61898f74ebf21,de947ec44a622d90f62e247e4cad4e4a81bb578c8249825f66cc44a0179ee3b2,8288166543164364543,2,53,default,{},64,64,1,16,invalid_reject,1.041919,,,,,,,,,,,,,phase,,,true,wrong_public_input,,,,measured,within-stack pilot; no Groth16-versus-PLONK claim,measurement,true,true,ok,{},,,,,,
93e2fd15-a6f6-41a0-850b-411985321fc2,2026-08-09T02:46:34.083793+00:00,C2-CONTROLLED-SNARK,controlled-groth16-pilot-v1,controlled_kernel,ark-groth16-0.6.0-bn254,5477ab05b549b750fa32dc9a1bc61898f74ebf21,de947ec44a622d90f62e247e4cad4e4a81bb578c8249825f66cc44a0179ee3b2,8288166543164364543,2,53,default,{},64,64,1,16,verify_total,1.216764,,,,,,,,,,,,,phase,,,true,wrong_public_input,,,,measured,within-stack pilot; no Groth16-versus-PLONK claim,measurement,true,true,ok,{},,,,,,
93e2fd15-a6f6-41a0-850b-411985321fc2,2026-08-09T02:46:34.083809+00:00,C2-CONTROLLED-SNARK,controlled-groth16-pilot-v1,controlled_kernel,ark-groth16-0.6.0-bn254,5477ab05b549b750fa32dc9a1bc61898f74ebf21,de947ec44a622d90f62e247e4cad4e4a81bb578c8249825f66cc44a0179ee3b2,8288166543164364543,2,53,default,{},64,64,1,16,fft_ntt,,,,,,,,,,,,,,phase,,,true,wrong_public_input,,ark-groth16 does not expose stable per-run phase hooks,,measured,within-stack pilot; no Groth16-versus-PLONK claim,measurement,true,false,unsupported,{},,,,,,
93e2fd15-a6f6-41a0-850b-411985321fc2,2026-08-09T02:46:34.083824+00:00,C2-CONTROLLED-SNARK,controlled-groth16-pilot-v1,controlled_kernel,ark-groth16-0.6.0-bn254,5477ab05b549b750fa32dc9a1bc61898f74ebf21,de947ec44a622d90f62e247e4cad4e4a81bb578c8249825f66cc44a0179ee3b2,8288166543164364543,2,53,default,{},64,64,1,16,msm,,,,,,,,,,,,,,phase,,,true,wrong_public_input,,ark-groth16 does not expose stable per-run phase hooks,,measured,within-stack pilot; no Groth16-versus-PLONK claim,measurement,true,false,unsupported,{},,,,,,
93e2fd15-a6f6-41a0-850b-411985321fc2,2026-08-09T02:46:34.083839+00:00,C2-CONTROLLED-SNARK,controlled-groth16-pilot-v1,controlled_kernel,ark-groth16-0.6.0-bn254,5477ab05b549b750fa32dc9a1bc61898f74ebf21,de947ec44a622d90f62e247e4cad4e4a81bb578c8249825f66cc44a0179ee3b2,8288166543164364543,2,53,default,{},64,64,1,16,commitment,,,,,,,,,,,,,,phase,,,true,wrong_public_input,,ark-groth16 does not expose stable per-run phase hooks,,measured,within-stack pilot; no Groth16-versus-PLONK claim,measurement,true,false,unsupported,{},,,,,,
93e2fd15-a6f6-41a0-850b-411985321fc2,2026-08-09T02:46:34.083853+00:00,C2-CONTROLLED-SNARK,controlled-groth16-pilot-v1,controlled_kernel,ark-groth16-0.6.0-bn254,5477ab05b549b750fa32dc9a1bc61898f74ebf21,de947ec44a622d90f62e247e4cad4e4a81bb578c8249825f66cc44a0179ee3b2,8288166543164364543,2,53,default,{},64,64,1,16,key_load,,,,,,,,,,,,,,phase,,,true,wrong_public_input,,ark-groth16 does not expose stable per-run phase hooks,,measured,within-stack pilot; no Groth16-versus-PLONK claim,measurement,true,false,unsupported,{},,,,,,
93e2fd15-a6f6-41a0-850b-411985321fc2,2026-08-09T02:46:34.083869+00:00,C2-CONTROLLED-SNARK,controlled-groth16-pilot-v1,controlled_kernel,ark-groth16-0.6.0-bn254,5477ab05b549b750fa32dc9a1bc61898f74ebf21,de947ec44a622d90f62e247e4cad4e4a81bb578c8249825f66cc44a0179ee3b2,8288166543164364543,2,53,default,{},64,64,1,16,adapter_process_wall,78.693529,20.000000,5.039062,128,false,0,cryptographic_rejection,338,956,,,,linux-procfs,process,,,true,wrong_public_input,,"private commit and per-process swap I/O are unavailable; VmSwap reports allocation, not swap traffic; No documented hardware or OS energy counter is configured in WSL2",,measured,within-stack pilot; no Groth16-versus-PLONK claim,measurement,true,true,ok,{},64,2,64,r1cs_constraints,5.0,14
8be05f79-4b03-4ce3-96ef-c2066cf9c1e1,2026-08-09T02:46:34.190618+00:00,C2-CONTROLLED-SNARK,controlled-groth16-pilot-v1,controlled_kernel,ark-groth16-0.6.0-bn254,5477ab05b549b750fa32dc9a1bc61898f74ebf21,de947ec44a622d90f62e247e4cad4e4a81bb578c8249825f66cc44a0179ee3b2,7254807901482990779,1,54,default,{},256,256,4,16,native_execution,0.689493,,,,,,,,,,,,,phase,,,true,,,,,measured,within-stack pilot; no Groth16-versus-PLONK claim,measurement,true,true,ok,"{""application_units"":256.0}",,,,,,
8be05f79-4b03-4ce3-96ef-c2066cf9c1e1,2026-08-09T02:46:34.190692+00:00,C2-CONTROLLED-SNARK,controlled-groth16-pilot-v1,controlled_kernel,ark-groth16-0.6.0-bn254,5477ab05b549b750fa32dc9a1bc61898f74ebf21,de947ec44a622d90f62e247e4cad4e4a81bb578c8249825f66cc44a0179ee3b2,7254807901482990779,1,54,default,{},256,256,4,16,witness,23.104863,,,,,,,,,,,,,phase,,,true,,,,,measured,within-stack pilot; no Groth16-versus-PLONK claim,measurement,true,true,ok,"{""application_units"":256.0,""constraint_count"":256.0}",,,,,,
8be05f79-4b03-4ce3-96ef-c2066cf9c1e1,2026-08-09T02:46:34.190718+00:00,C2-CONTROLLED-SNARK,controlled-groth16-pilot-v1,controlled_kernel,ark-groth16-0.6.0-bn254,5477ab05b549b750fa32dc9a1bc61898f74ebf21,de947ec44a622d90f62e247e4cad4e4a81bb578c8249825f66cc44a0179ee3b2,7254807901482990779,1,54,default,{},256,256,4,16,setup_or_preprocess,16.030183,,,,,,,,,,,,,phase,,,true,,,,,measured,within-stack pilot; no Groth16-versus-PLONK claim,measurement,true,true,ok,"{""constraint_count"":256.0}",,,,,,
8be05f79-4b03-4ce3-96ef-c2066cf9c1e1,2026-08-09T02:46:34.190736+00:00,C2-CONTROLLED-SNARK,controlled-groth16-pilot-v1,controlled_kernel,ark-groth16-0.6.0-bn254,5477ab05b549b750fa32dc9a1bc61898f74ebf21,de947ec44a622d90f62e247e4cad4e4a81bb578c8249825f66cc44a0179ee3b2,7254807901482990779,1,54,default,{},256,256,4,16,prove_total,16.124456,,,,,,,,,,,,,phase,,,true,,,,,measured,within-stack pilot; no Groth16-versus-PLONK claim,measurement,true,true,ok,"{""constraint_count"":256.0}",,,,,,
8be05f79-4b03-4ce3-96ef-c2066cf9c1e1,2026-08-09T02:46:34.190753+00:00,C2-CONTROLLED-SNARK,controlled-groth16-pilot-v1,controlled_kernel,ark-groth16-0.6.0-bn254,5477ab05b549b750fa32dc9a1bc61898f74ebf21,de947ec44a622d90f62e247e4cad4e4a81bb578c8249825f66cc44a0179ee3b2,7254807901482990779,1,54,default,{},256,256,4,16,serialize,0.002063,,,,,,,,,,,,,phase,,,true,,,,,measured,within-stack pilot; no Groth16-versus-PLONK claim,measurement,true,true,ok,"{""proof_bytes"":128.0}",,,,,,
8be05f79-4b03-4ce3-96ef-c2066cf9c1e1,2026-08-09T02:46:34.190801+00:00,C2-CONTROLLED-SNARK,controlled-groth16-pilot-v1,controlled_kernel,ark-groth16-0.6.0-bn254,5477ab05b549b750fa32dc9a1bc61898f74ebf21,de947ec44a622d90f62e247e4cad4e4a81bb578c8249825f66cc44a0179ee3b2,7254807901482990779,1,54,default,{},256,256,4,16,deserialize,0.162863,,,,,,,,,,,,,phase,,,true,,,,,measured,within-stack pilot; no Groth16-versus-PLONK claim,measurement,true,true,ok,"{""proof_bytes"":128.0}",,,,,,
8be05f79-4b03-4ce3-96ef-c2066cf9c1e1,2026-08-09T02:46:34.190831+00:00,C2-CONTROLLED-SNARK,controlled-groth16-pilot-v1,controlled_kernel,ark-groth16-0.6.0-bn254,5477ab05b549b750fa32dc9a1bc61898f74ebf21,de947ec44a622d90f62e247e4cad4e4a81bb578c8249825f66cc44a0179ee3b2,7254807901482990779,1,54,default,{},256,256,4,16,verify_core,1.191547,,,,,,,,,,,,,phase,,,true,,,,,measured,within-stack pilot; no Groth16-versus-PLONK claim,measurement,true,true,ok,{},,,,,,
8be05f79-4b03-4ce3-96ef-c2066cf9c1e1,2026-08-09T02:46:34.190851+00:00,C2-CONTROLLED-SNARK,controlled-groth16-pilot-v1,controlled_kernel,ark-groth16-0.6.0-bn254,5477ab05b549b750fa32dc9a1bc61898f74ebf21,de947ec44a622d90f62e247e4cad4e4a81bb578c8249825f66cc44a0179ee3b2,7254807901482990779,1,54,default,{},256,256,4,16,verify_total,1.354560,,,,,,,,,,,,,phase,,,true,,,,,measured,within-stack pilot; no Groth16-versus-PLONK claim,measurement,true,true,ok,{},,,,,,
8be05f79-4b03-4ce3-96ef-c2066cf9c1e1,2026-08-09T02:46:34.190867+00:00,C2-CONTROLLED-SNARK,controlled-groth16-pilot-v1,controlled_kernel,ark-groth16-0.6.0-bn254,5477ab05b549b750fa32dc9a1bc61898f74ebf21,de947ec44a622d90f62e247e4cad4e4a81bb578c8249825f66cc44a0179ee3b2,7254807901482990779,1,54,default,{},256,256,4,16,fft_ntt,,,,,,,,,,,,,,phase,,,true,,,ark-groth16 does not expose stable per-run phase hooks,,measured,within-stack pilot; no Groth16-versus-PLONK claim,measurement,true,false,unsupported,{},,,,,,
8be05f79-4b03-4ce3-96ef-c2066cf9c1e1,2026-08-09T02:46:34.190883+00:00,C2-CONTROLLED-SNARK,controlled-groth16-pilot-v1,controlled_kernel,ark-groth16-0.6.0-bn254,5477ab05b549b750fa32dc9a1bc61898f74ebf21,de947ec44a622d90f62e247e4cad4e4a81bb578c8249825f66cc44a0179ee3b2,7254807901482990779,1,54,default,{},256,256,4,16,msm,,,,,,,,,,,,,,phase,,,true,,,ark-groth16 does not expose stable per-run phase hooks,,measured,within-stack pilot; no Groth16-versus-PLONK claim,measurement,true,false,unsupported,{},,,,,,
8be05f79-4b03-4ce3-96ef-c2066cf9c1e1,2026-08-09T02:46:34.190898+00:00,C2-CONTROLLED-SNARK,controlled-groth16-pilot-v1,controlled_kernel,ark-groth16-0.6.0-bn254,5477ab05b549b750fa32dc9a1bc61898f74ebf21,de947ec44a622d90f62e247e4cad4e4a81bb578c8249825f66cc44a0179ee3b2,7254807901482990779,1,54,default,{},256,256,4,16,commitment,,,,,,,,,,,,,,phase,,,true,,,ark-groth16 does not expose stable per-run phase hooks,,measured,within-stack pilot; no Groth16-versus-PLONK claim,measurement,true,false,unsupported,{},,,,,,
8be05f79-4b03-4ce3-96ef-c2066cf9c1e1,2026-08-09T02:46:34.190913+00:00,C2-CONTROLLED-SNARK,controlled-groth16-pilot-v1,controlled_kernel,ark-groth16-0.6.0-bn254,5477ab05b549b750fa32dc9a1bc61898f74ebf21,de947ec44a622d90f62e247e4cad4e4a81bb578c8249825f66cc44a0179ee3b2,7254807901482990779,1,54,default,{},256,256,4,16,key_load,,,,,,,,,,,,,,phase,,,true,,,ark-groth16 does not expose stable per-run phase hooks,,measured,within-stack pilot; no Groth16-versus-PLONK claim,measurement,true,false,unsupported,{},,,,,,
8be05f79-4b03-4ce3-96ef-c2066cf9c1e1,2026-08-09T02:46:34.190928+00:00,C2-CONTROLLED-SNARK,controlled-groth16-pilot-v1,controlled_kernel,ark-groth16-0.6.0-bn254,5477ab05b549b750fa32dc9a1bc61898f74ebf21,de947ec44a622d90f62e247e4cad4e4a81bb578c8249825f66cc44a0179ee3b2,7254807901482990779,1,54,default,{},256,256,4,16,adapter_process_wall,105.875821,110.000000,6.003906,128,true,0,,619,956,,,,linux-procfs,process,,,true,,,"private commit and per-process swap I/O are unavailable; VmSwap reports allocation, not swap traffic; No documented hardware or OS energy counter is configured in WSL2",,measured,within-stack pilot; no Groth16-versus-PLONK claim,measurement,true,true,ok,{},256,2,256,r1cs_constraints,5.0,19
378fd4fe-9a98-4bc2-bae9-f438b1b2d3fb,2026-08-09T02:46:34.270917+00:00,C2-CONTROLLED-SNARK,controlled-groth16-pilot-v1,controlled_kernel,ark-groth16-0.6.0-bn254,5477ab05b549b750fa32dc9a1bc61898f74ebf21,de947ec44a622d90f62e247e4cad4e4a81bb578c8249825f66cc44a0179ee3b2,3881778128217728283,0,55,default,{},256,256,1,16,native_execution,0.014738,,,,,,,,,,,,,phase,,,true,,,,,measured,within-stack pilot; no Groth16-versus-PLONK claim,measurement,true,true,ok,"{""application_units"":256.0}",,,,,,
378fd4fe-9a98-4bc2-bae9-f438b1b2d3fb,2026-08-09T02:46:34.270979+00:00,C2-CONTROLLED-SNARK,controlled-groth16-pilot-v1,controlled_kernel,ark-groth16-0.6.0-bn254,5477ab05b549b750fa32dc9a1bc61898f74ebf21,de947ec44a622d90f62e247e4cad4e4a81bb578c8249825f66cc44a0179ee3b2,3881778128217728283,0,55,default,{},256,256,1,16,witness,2.176871,,,,,,,,,,,,,phase,,,true,,,,,measured,within-stack pilot; no Groth16-versus-PLONK claim,measurement,true,true,ok,"{""application_units"":256.0,""constraint_count"":256.0}",,,,,,
378fd4fe-9a98-4bc2-bae9-f438b1b2d3fb,2026-08-09T02:46:34.271000+00:00,C2-CONTROLLED-SNARK,controlled-groth16-pilot-v1,controlled_kernel,ark-groth16-0.6.0-bn254,5477ab05b549b750fa32dc9a1bc61898f74ebf21,de947ec44a622d90f62e247e4cad4e4a81bb578c8249825f66cc44a0179ee3b2,3881778128217728283,0,55,default,{},256,256,1,16,setup_or_preprocess,20.012641,,,,,,,,,,,,,phase,,,true,,,,,measured,within-stack pilot; no Groth16-versus-PLONK claim,measurement,true,true,ok,"{""constraint_count"":256.0}",,,,,,
378fd4fe-9a98-4bc2-bae9-f438b1b2d3fb,2026-08-09T02:46:34.271015+00:00,C2-CONTROLLED-SNARK,controlled-groth16-pilot-v1,controlled_kernel,ark-groth16-0.6.0-bn254,5477ab05b549b750fa32dc9a1bc61898f74ebf21,de947ec44a622d90f62e247e4cad4e4a81bb578c8249825f66cc44a0179ee3b2,3881778128217728283,0,55,default,{},256,256,1,16,prove_total,16.717539,,,,,,,,,,,,,phase,,,true,,,,,measured,within-stack pilot; no Groth16-versus-PLONK claim,measurement,true,true,ok,"{""constraint_count"":256.0}",,,,,,
378fd4fe-9a98-4bc2-bae9-f438b1b2d3fb,2026-08-09T02:46:34.271028+00:00,C2-CONTROLLED-SNARK,controlled-groth16-pilot-v1,controlled_kernel,ark-groth16-0.6.0-bn254,5477ab05b549b750fa32dc9a1bc61898f74ebf21,de947ec44a622d90f62e247e4cad4e4a81bb578c8249825f66cc44a0179ee3b2,3881778128217728283,0,55,default,{},256,256,1,16,serialize,0.001964,,,,,,,,,,,,,phase,,,true,,,,,measured,within-stack pilot; no Groth16-versus-PLONK claim,measurement,true,true,ok,"{""proof_bytes"":128.0}",,,,,,
378fd4fe-9a98-4bc2-bae9-f438b1b2d3fb,2026-08-09T02:46:34.271042+00:00,C2-CONTROLLED-SNARK,controlled-groth16-pilot-v1,controlled_kernel,ark-groth16-0.6.0-bn254,5477ab05b549b750fa32dc9a1bc61898f74ebf21,de947ec44a622d90f62e247e4cad4e4a81bb578c8249825f66cc44a0179ee3b2,3881778128217728283,0,55,default,{},256,256,1,16,deserialize,0.160790,,,,,,,,,,,,,phase,,,true,,,,,measured,within-stack pilot; no Groth16-versus-PLONK claim,measurement,true,true,ok,"{""proof_bytes"":128.0}",,,,,,
378fd4fe-9a98-4bc2-bae9-f438b1b2d3fb,2026-08-09T02:46:34.271054+00:00,C2-CONTROLLED-SNARK,controlled-groth16-pilot-v1,controlled_kernel,ark-groth16-0.6.0-bn254,5477ab05b549b750fa32dc9a1bc61898f74ebf21,de947ec44a622d90f62e247e4cad4e4a81bb578c8249825f66cc44a0179ee3b2,3881778128217728283,0,55,default,{},256,256,1,16,verify_core,0.981195,,,,,,,,,,,,,phase,,,true,,,,,measured,within-stack pilot; no Groth16-versus-PLONK claim,measurement,true,true,ok,{},,,,,,
378fd4fe-9a98-4bc2-bae9-f438b1b2d3fb,2026-08-09T02:46:34.271067+00:00,C2-CONTROLLED-SNARK,controlled-groth16-pilot-v1,controlled_kernel,ark-groth16-0.6.0-bn254,5477ab05b549b750fa32dc9a1bc61898f74ebf21,de947ec44a622d90f62e247e4cad4e4a81bb578c8249825f66cc44a0179ee3b2,3881778128217728283,0,55,default,{},256,256,1,16,verify_total,1.142096,,,,,,,,,,,,,phase,,,true,,,,,measured,within-stack pilot; no Groth16-versus-PLONK claim,measurement,true,true,ok,{},,,,,,
378fd4fe-9a98-4bc2-bae9-f438b1b2d3fb,2026-08-09T02:46:34.271080+00:00,C2-CONTROLLED-SNARK,controlled-groth16-pilot-v1,controlled_kernel,ark-groth16-0.6.0-bn254,5477ab05b549b750fa32dc9a1bc61898f74ebf21,de947ec44a622d90f62e247e4cad4e4a81bb578c8249825f66cc44a0179ee3b2,3881778128217728283,0,55,default,{},256,256,1,16,fft_ntt,,,,,,,,,,,,,,phase,,,true,,,ark-groth16 does not expose stable per-run phase hooks,,measured,within-stack pilot; no Groth16-versus-PLONK claim,measurement,true,false,unsupported,{},,,,,,
378fd4fe-9a98-4bc2-bae9-f438b1b2d3fb,2026-08-09T02:46:34.271092+00:00,C2-CONTROLLED-SNARK,controlled-groth16-pilot-v1,controlled_kernel,ark-groth16-0.6.0-bn254,5477ab05b549b750fa32dc9a1bc61898f74ebf21,de947ec44a622d90f62e247e4cad4e4a81bb578c8249825f66cc44a0179ee3b2,3881778128217728283,0,55,default,{},256,256,1,16,msm,,,,,,,,,,,,,,phase,,,true,,,ark-groth16 does not expose stable per-run phase hooks,,measured,within-stack pilot; no Groth16-versus-PLONK claim,measurement,true,false,unsupported,{},,,,,,
378fd4fe-9a98-4bc2-bae9-f438b1b2d3fb,2026-08-09T02:46:34.271104+00:00,C2-CONTROLLED-SNARK,controlled-groth16-pilot-v1,controlled_kernel,ark-groth16-0.6.0-bn254,5477ab05b549b750fa32dc9a1bc61898f74ebf21,de947ec44a622d90f62e247e4cad4e4a81bb578c8249825f66cc44a0179ee3b2,3881778128217728283,0,55,default,{},256,256,1,16,commitment,,,,,,,,,,,,,,phase,,,true,,,ark-groth16 does not expose stable per-run phase hooks,,measured,within-stack pilot; no Groth16-versus-PLONK claim,measurement,true,false,unsupported,{},,,,,,
378fd4fe-9a98-4bc2-bae9-f438b1b2d3fb,2026-08-09T02:46:34.271116+00:00,C2-CONTROLLED-SNARK,controlled-groth16-pilot-v1,controlled_kernel,ark-groth16-0.6.0-bn254,5477ab05b549b750fa32dc9a1bc61898f74ebf21,de947ec44a622d90f62e247e4cad4e4a81bb578c8249825f66cc44a0179ee3b2,3881778128217728283,0,55,default,{},256,256,1,16,key_load,,,,,,,,,,,,,,phase,,,true,,,ark-groth16 does not expose stable per-run phase hooks,,measured,within-stack pilot; no Groth16-versus-PLONK claim,measurement,true,false,unsupported,{},,,,,,
378fd4fe-9a98-4bc2-bae9-f438b1b2d3fb,2026-08-09T02:46:34.271128+00:00,C2-CONTROLLED-SNARK,controlled-groth16-pilot-v1,controlled_kernel,ark-groth16-0.6.0-bn254,5477ab05b549b750fa32dc9a1bc61898f74ebf21,de947ec44a622d90f62e247e4cad4e4a81bb578c8249825f66cc44a0179ee3b2,3881778128217728283,0,55,default,{},256,256,1,16,adapter_process_wall,79.119892,30.000000,5.449219,128,true,0,,454,956,,,,linux-procfs,process,,,true,,,"Linux procfs read failed: [Errno 13] Permission denied: '/proc/2544/io'; private commit and per-process swap I/O are unavailable; VmSwap reports allocation, not swap traffic; No documented hardware or OS energy counter is configured in WSL2",,measured,within-stack pilot; no Groth16-versus-PLONK claim,measurement,true,true,ok,{},256,2,256,r1cs_constraints,5.0,14
4404088b-6298-4843-8597-4098fa49ee37,2026-08-09T02:46:34.363087+00:00,C2-CONTROLLED-SNARK,controlled-groth16-pilot-v1,controlled_kernel,ark-groth16-0.6.0-bn254,5477ab05b549b750fa32dc9a1bc61898f74ebf21,de947ec44a622d90f62e247e4cad4e4a81bb578c8249825f66cc44a0179ee3b2,4675915265017657485,0,56,default,{},256,256,2,16,native_execution,0.755296,,,,,,,,,,,,,phase,,,true,,,,,measured,within-stack pilot; no Groth16-versus-PLONK claim,measurement,true,true,ok,"{""application_units"":256.0}",,,,,,
4404088b-6298-4843-8597-4098fa49ee37,2026-08-09T02:46:34.363193+00:00,C2-CONTROLLED-SNARK,controlled-groth16-pilot-v1,controlled_kernel,ark-groth16-0.6.0-bn254,5477ab05b549b750fa32dc9a1bc61898f74ebf21,de947ec44a622d90f62e247e4cad4e4a81bb578c8249825f66cc44a0179ee3b2,4675915265017657485,0,56,default,{},256,256,2,16,witness,10.232862,,,,,,,,,,,,,phase,,,true,,,,,measured,within-stack pilot; no Groth16-versus-PLONK claim,measurement,true,true,ok,"{""application_units"":256.0,""constraint_count"":256.0}",,,,,,
4404088b-6298-4843-8597-4098fa49ee37,2026-08-09T02:46:34.363220+00:00,C2-CONTROLLED-SNARK,controlled-groth16-pilot-v1,controlled_kernel,ark-groth16-0.6.0-bn254,5477ab05b549b750fa32dc9a1bc61898f74ebf21,de947ec44a622d90f62e247e4cad4e4a81bb578c8249825f66cc44a0179ee3b2,4675915265017657485,0,56,default,{},256,256,2,16,setup_or_preprocess,16.811313,,,,,,,,,,,,,phase,,,true,,,,,measured,within-stack pilot; no Groth16-versus-PLONK claim,measurement,true,true,ok,"{""constraint_count"":256.0}",,,,,,
4404088b-6298-4843-8597-4098fa49ee37,2026-08-09T02:46:34.363238+00:00,C2-CONTROLLED-SNARK,controlled-groth16-pilot-v1,controlled_kernel,ark-groth16-0.6.0-bn254,5477ab05b549b750fa32dc9a1bc61898f74ebf21,de947ec44a622d90f62e247e4cad4e4a81bb578c8249825f66cc44a0179ee3b2,4675915265017657485,0,56,default,{},256,256,2,16,prove_total,12.882513,,,,,,,,,,,,,phase,,,true,,,,,measured,within-stack pilot; no Groth16-versus-PLONK claim,measurement,true,true,ok,"{""constraint_count"":256.0}",,,,,,
4404088b-6298-4843-8597-4098fa49ee37,2026-08-09T02:46:34.363256+00:00,C2-CONTROLLED-SNARK,controlled-groth16-pilot-v1,controlled_kernel,ark-groth16-0.6.0-bn254,5477ab05b549b750fa32dc9a1bc61898f74ebf21,de947ec44a622d90f62e247e4cad4e4a81bb578c8249825f66cc44a0179ee3b2,4675915265017657485,0,56,default,{},256,256,2,16,serialize,0.013655,,,,,,,,,,,,,phase,,,true,,,,,measured,within-stack pilot; no Groth16-versus-PLONK claim,measurement,true,true,ok,"{""proof_bytes"":128.0}",,,,,,
4404088b-6298-4843-8597-4098fa49ee37,2026-08-09T02:46:34.363275+00:00,C2-CONTROLLED-SNARK,controlled-groth16-pilot-v1,controlled_kernel,ark-groth16-0.6.0-bn254,5477ab05b549b750fa32dc9a1bc61898f74ebf21,de947ec44a622d90f62e247e4cad4e4a81bb578c8249825f66cc44a0179ee3b2,4675915265017657485,0,56,default,{},256,256,2,16,deserialize,0.188320,,,,,,,,,,,,,phase,,,true,,,,,measured,within-stack pilot; no Groth16-versus-PLONK claim,measurement,true,true,ok,"{""proof_bytes"":128.0}",,,,,,
4404088b-6298-4843-8597-4098fa49ee37,2026-08-09T02:46:34.363292+00:00,C2-CONTROLLED-SNARK,controlled-groth16-pilot-v1,controlled_kernel,ark-groth16-0.6.0-bn254,5477ab05b549b750fa32dc9a1bc61898f74ebf21,de947ec44a622d90f62e247e4cad4e4a81bb578c8249825f66cc44a0179ee3b2,4675915265017657485,0,56,default,{},256,256,2,16,verify_core,1.069610,,,,,,,,,,,,,phase,,,true,,,,,measured,within-stack pilot; no Groth16-versus-PLONK claim,measurement,true,true,ok,{},,,,,,
4404088b-6298-4843-8597-4098fa49ee37,2026-08-09T02:46:34.363309+00:00,C2-CONTROLLED-SNARK,controlled-groth16-pilot-v1,controlled_kernel,ark-groth16-0.6.0-bn254,5477ab05b549b750fa32dc9a1bc61898f74ebf21,de947ec44a622d90f62e247e4cad4e4a81bb578c8249825f66cc44a0179ee3b2,4675915265017657485,0,56,default,{},256,256,2,16,verify_total,1.258241,,,,,,,,,,,,,phase,,,true,,,,,measured,within-stack pilot; no Groth16-versus-PLONK claim,measurement,true,true,ok,{},,,,,,
4404088b-6298-4843-8597-4098fa49ee37,2026-08-09T02:46:34.363325+00:00,C2-CONTROLLED-SNARK,controlled-groth16-pilot-v1,controlled_kernel,ark-groth16-0.6.0-bn254,5477ab05b549b750fa32dc9a1bc61898f74ebf21,de947ec44a622d90f62e247e4cad4e4a81bb578c8249825f66cc44a0179ee3b2,4675915265017657485,0,56,default,{},256,256,2,16,fft_ntt,,,,,,,,,,,,,,phase,,,true,,,ark-groth16 does not expose stable per-run phase hooks,,measured,within-stack pilot; no Groth16-versus-PLONK claim,measurement,true,false,unsupported,{},,,,,,
4404088b-6298-4843-8597-4098fa49ee37,2026-08-09T02:46:34.363342+00:00,C2-CONTROLLED-SNARK,controlled-groth16-pilot-v1,controlled_kernel,ark-groth16-0.6.0-bn254,5477ab05b549b750fa32dc9a1bc61898f74ebf21,de947ec44a622d90f62e247e4cad4e4a81bb578c8249825f66cc44a0179ee3b2,4675915265017657485,0,56,default,{},256,256,2,16,msm,,,,,,,,,,,,,,phase,,,true,,,ark-groth16 does not expose stable per-run phase hooks,,measured,within-stack pilot; no Groth16-versus-PLONK claim,measurement,true,false,unsupported,{},,,,,,
4404088b-6298-4843-8597-4098fa49ee37,2026-08-09T02:46:34.363357+00:00,C2-CONTROLLED-SNARK,controlled-groth16-pilot-v1,controlled_kernel,ark-groth16-0.6.0-bn254,5477ab05b549b750fa32dc9a1bc61898f74ebf21,de947ec44a622d90f62e247e4cad4e4a81bb578c8249825f66cc44a0179ee3b2,4675915265017657485,0,56,default,{},256,256,2,16,commitment,,,,,,,,,,,,,,phase,,,true,,,ark-groth16 does not expose stable per-run phase hooks,,measured,within-stack pilot; no Groth16-versus-PLONK claim,measurement,true,false,unsupported,{},,,,,,
4404088b-6298-4843-8597-4098fa49ee37,2026-08-09T02:46:34.363372+00:00,C2-CONTROLLED-SNARK,controlled-groth16-pilot-v1,controlled_kernel,ark-groth16-0.6.0-bn254,5477ab05b549b750fa32dc9a1bc61898f74ebf21,de947ec44a622d90f62e247e4cad4e4a81bb578c8249825f66cc44a0179ee3b2,4675915265017657485,0,56,default,{},256,256,2,16,key_load,,,,,,,,,,,,,,phase,,,true,,,ark-groth16 does not expose stable per-run phase hooks,,measured,within-stack pilot; no Groth16-versus-PLONK claim,measurement,true,false,unsupported,{},,,,,,
4404088b-6298-4843-8597-4098fa49ee37,2026-08-09T02:46:34.363387+00:00,C2-CONTROLLED-SNARK,controlled-groth16-pilot-v1,controlled_kernel,ark-groth16-0.6.0-bn254,5477ab05b549b750fa32dc9a1bc61898f74ebf21,de947ec44a622d90f62e247e4cad4e4a81bb578c8249825f66cc44a0179ee3b2,4675915265017657485,0,56,default,{},256,256,2,16,adapter_process_wall,90.881349,60.000000,5.636719,128,true,0,,538,956,,,,linux-procfs,process,,,true,,,"private commit and per-process swap I/O are unavailable; VmSwap reports allocation, not swap traffic; No documented hardware or OS energy counter is configured in WSL2",,measured,within-stack pilot; no Groth16-versus-PLONK claim,measurement,true,true,ok,{},256,2,256,r1cs_constraints,5.0,17
54ea5c0b-5f52-4638-a79e-a170d27c0df3,2026-08-09T02:46:34.447665+00:00,C2-CONTROLLED-SNARK,controlled-groth16-pilot-v1,controlled_kernel,ark-groth16-0.6.0-bn254,5477ab05b549b750fa32dc9a1bc61898f74ebf21,de947ec44a622d90f62e247e4cad4e4a81bb578c8249825f66cc44a0179ee3b2,5247037270905735617,0,57,default,{},64,64,8,16,native_execution,0.012493,,,,,,,,,,,,,phase,,,true,,,,,measured,within-stack pilot; no Groth16-versus-PLONK claim,measurement,true,true,ok,"{""application_units"":64.0}",,,,,,
54ea5c0b-5f52-4638-a79e-a170d27c0df3,2026-08-09T02:46:34.447727+00:00,C2-CONTROLLED-SNARK,controlled-groth16-pilot-v1,controlled_kernel,ark-groth16-0.6.0-bn254,5477ab05b549b750fa32dc9a1bc61898f74ebf21,de947ec44a622d90f62e247e4cad4e4a81bb578c8249825f66cc44a0179ee3b2,5247037270905735617,0,57,default,{},64,64,8,16,witness,10.987316,,,,,,,,,,,,,phase,,,true,,,,,measured,within-stack pilot; no Groth16-versus-PLONK claim,measurement,true,true,ok,"{""application_units"":64.0,""constraint_count"":64.0}",,,,,,
54ea5c0b-5f52-4638-a79e-a170d27c0df3,2026-08-09T02:46:34.447748+00:00,C2-CONTROLLED-SNARK,controlled-groth16-pilot-v1,controlled_kernel,ark-groth16-0.6.0-bn254,5477ab05b549b750fa32dc9a1bc61898f74ebf21,de947ec44a622d90f62e247e4cad4e4a81bb578c8249825f66cc44a0179ee3b2,5247037270905735617,0,57,default,{},64,64,8,16,setup_or_preprocess,15.942385,,,,,,,,,,,,,phase,,,true,,,,,measured,within-stack pilot; no Groth16-versus-PLONK claim,measurement,true,true,ok,"{""constraint_count"":64.0}",,,,,,
54ea5c0b-5f52-4638-a79e-a170d27c0df3,2026-08-09T02:46:34.447763+00:00,C2-CONTROLLED-SNARK,controlled-groth16-pilot-v1,controlled_kernel,ark-groth16-0.6.0-bn254,5477ab05b549b750fa32dc9a1bc61898f74ebf21,de947ec44a622d90f62e247e4cad4e4a81bb578c8249825f66cc44a0179ee3b2,5247037270905735617,0,57,default,{},64,64,8,16,prove_total,17.537608,,,,,,,,,,,,,phase,,,true,,,,,measured,within-stack pilot; no Groth16-versus-PLONK claim,measurement,true,true,ok,"{""constraint_count"":64.0}",,,,,,
54ea5c0b-5f52-4638-a79e-a170d27c0df3,2026-08-09T02:46:34.447777+00:00,C2-CONTROLLED-SNARK,controlled-groth16-pilot-v1,controlled_kernel,ark-groth16-0.6.0-bn254,5477ab05b549b750fa32dc9a1bc61898f74ebf21,de947ec44a622d90f62e247e4cad4e4a81bb578c8249825f66cc44a0179ee3b2,5247037270905735617,0,57,default,{},64,64,8,16,serialize,0.002405,,,,,,,,,,,,,phase,,,true,,,,,measured,within-stack pilot; no Groth16-versus-PLONK claim,measurement,true,true,ok,"{""proof_bytes"":128.0}",,,,,,
54ea5c0b-5f52-4638-a79e-a170d27c0df3,2026-08-09T02:46:34.447790+00:00,C2-CONTROLLED-SNARK,controlled-groth16-pilot-v1,controlled_kernel,ark-groth16-0.6.0-bn254,5477ab05b549b750fa32dc9a1bc61898f74ebf21,de947ec44a622d90f62e247e4cad4e4a81bb578c8249825f66cc44a0179ee3b2,5247037270905735617,0,57,default,{},64,64,8,16,deserialize,0.167501,,,,,,,,,,,,,phase,,,true,,,,,measured,within-stack pilot; no Groth16-versus-PLONK claim,measurement,true,true,ok,"{""proof_bytes"":128.0}",,,,,,
54ea5c0b-5f52-4638-a79e-a170d27c0df3,2026-08-09T02:46:34.447804+00:00,C2-CONTROLLED-SNARK,controlled-groth16-pilot-v1,controlled_kernel,ark-groth16-0.6.0-bn254,5477ab05b549b750fa32dc9a1bc61898f74ebf21,de947ec44a622d90f62e247e4cad4e4a81bb578c8249825f66cc44a0179ee3b2,5247037270905735617,0,57,default,{},64,64,8,16,verify_core,1.018576,,,,,,,,,,,,,phase,,,true,,,,,measured,within-stack pilot; no Groth16-versus-PLONK claim,measurement,true,true,ok,{},,,,,,
54ea5c0b-5f52-4638-a79e-a170d27c0df3,2026-08-09T02:46:34.447816+00:00,C2-CONTROLLED-SNARK,controlled-groth16-pilot-v1,controlled_kernel,ark-groth16-0.6.0-bn254,5477ab05b549b750fa32dc9a1bc61898f74ebf21,de947ec44a622d90f62e247e4cad4e4a81bb578c8249825f66cc44a0179ee3b2,5247037270905735617,0,57,default,{},64,64,8,16,verify_total,1.186197,,,,,,,,,,,,,phase,,,true,,,,,measured,within-stack pilot; no Groth16-versus-PLONK claim,measurement,true,true,ok,{},,,,,,
54ea5c0b-5f52-4638-a79e-a170d27c0df3,2026-08-09T02:46:34.447829+00:00,C2-CONTROLLED-SNARK,controlled-groth16-pilot-v1,controlled_kernel,ark-groth16-0.6.0-bn254,5477ab05b549b750fa32dc9a1bc61898f74ebf21,de947ec44a622d90f62e247e4cad4e4a81bb578c8249825f66cc44a0179ee3b2,5247037270905735617,0,57,default,{},64,64,8,16,fft_ntt,,,,,,,,,,,,,,phase,,,true,,,ark-groth16 does not expose stable per-run phase hooks,,measured,within-stack pilot; no Groth16-versus-PLONK claim,measurement,true,false,unsupported,{},,,,,,
54ea5c0b-5f52-4638-a79e-a170d27c0df3,2026-08-09T02:46:34.447843+00:00,C2-CONTROLLED-SNARK,controlled-groth16-pilot-v1,controlled_kernel,ark-groth16-0.6.0-bn254,5477ab05b549b750fa32dc9a1bc61898f74ebf21,de947ec44a622d90f62e247e4cad4e4a81bb578c8249825f66cc44a0179ee3b2,5247037270905735617,0,57,default,{},64,64,8,16,msm,,,,,,,,,,,,,,phase,,,true,,,ark-groth16 does not expose stable per-run phase hooks,,measured,within-stack pilot; no Groth16-versus-PLONK claim,measurement,true,false,unsupported,{},,,,,,
54ea5c0b-5f52-4638-a79e-a170d27c0df3,2026-08-09T02:46:34.447855+00:00,C2-CONTROLLED-SNARK,controlled-groth16-pilot-v1,controlled_kernel,ark-groth16-0.6.0-bn254,5477ab05b549b750fa32dc9a1bc61898f74ebf21,de947ec44a622d90f62e247e4cad4e4a81bb578c8249825f66cc44a0179ee3b2,5247037270905735617,0,57,default,{},64,64,8,16,commitment,,,,,,,,,,,,,,phase,,,true,,,ark-groth16 does not expose stable per-run phase hooks,,measured,within-stack pilot; no Groth16-versus-PLONK claim,measurement,true,false,unsupported,{},,,,,,
54ea5c0b-5f52-4638-a79e-a170d27c0df3,2026-08-09T02:46:34.447867+00:00,C2-CONTROLLED-SNARK,controlled-groth16-pilot-v1,controlled_kernel,ark-groth16-0.6.0-bn254,5477ab05b549b750fa32dc9a1bc61898f74ebf21,de947ec44a622d90f62e247e4cad4e4a81bb578c8249825f66cc44a0179ee3b2,5247037270905735617,0,57,default,{},64,64,8,16,key_load,,,,,,,,,,,,,,phase,,,true,,,ark-groth16 does not expose stable per-run phase hooks,,measured,within-stack pilot; no Groth16-versus-PLONK claim,measurement,true,false,unsupported,{},,,,,,
54ea5c0b-5f52-4638-a79e-a170d27c0df3,2026-08-09T02:46:34.447879+00:00,C2-CONTROLLED-SNARK,controlled-groth16-pilot-v1,controlled_kernel,ark-groth16-0.6.0-bn254,5477ab05b549b750fa32dc9a1bc61898f74ebf21,de947ec44a622d90f62e247e4cad4e4a81bb578c8249825f66cc44a0179ee3b2,5247037270905735617,0,57,default,{},64,64,8,16,adapter_process_wall,83.071915,130.000000,5.929688,128,true,0,,522,956,,,,linux-procfs,process,,,true,,,"private commit and per-process swap I/O are unavailable; VmSwap reports allocation, not swap traffic; No documented hardware or OS energy counter is configured in WSL2",,measured,within-stack pilot; no Groth16-versus-PLONK claim,measurement,true,true,ok,{},64,2,64,r1cs_constraints,5.0,16
92f46a5a-1c7b-4453-ae54-300c35c29c4c,2026-08-09T02:46:34.520461+00:00,C2-CONTROLLED-SNARK,controlled-groth16-pilot-v1,controlled_kernel,ark-groth16-0.6.0-bn254,5477ab05b549b750fa32dc9a1bc61898f74ebf21,de947ec44a622d90f62e247e4cad4e4a81bb578c8249825f66cc44a0179ee3b2,2715572065901855187,1,58,default,{},256,256,2,16,native_execution,0.017122,,,,,,,,,,,,,phase,,,true,,,,,measured,within-stack pilot; no Groth16-versus-PLONK claim,measurement,true,true,ok,"{""application_units"":256.0}",,,,,,
92f46a5a-1c7b-4453-ae54-300c35c29c4c,2026-08-09T02:46:34.520575+00:00,C2-CONTROLLED-SNARK,controlled-groth16-pilot-v1,controlled_kernel,ark-groth16-0.6.0-bn254,5477ab05b549b750fa32dc9a1bc61898f74ebf21,de947ec44a622d90f62e247e4cad4e4a81bb578c8249825f66cc44a0179ee3b2,2715572065901855187,1,58,default,{},256,256,2,16,witness,6.981436,,,,,,,,,,,,,phase,,,true,,,,,measured,within-stack pilot; no Groth16-versus-PLONK claim,measurement,true,true,ok,"{""application_units"":256.0,""constraint_count"":256.0}",,,,,,
92f46a5a-1c7b-4453-ae54-300c35c29c4c,2026-08-09T02:46:34.520597+00:00,C2-CONTROLLED-SNARK,controlled-groth16-pilot-v1,controlled_kernel,ark-groth16-0.6.0-bn254,5477ab05b549b750fa32dc9a1bc61898f74ebf21,de947ec44a622d90f62e247e4cad4e4a81bb578c8249825f66cc44a0179ee3b2,2715572065901855187,1,58,default,{},256,256,2,16,setup_or_preprocess,12.969950,,,,,,,,,,,,,phase,,,true,,,,,measured,within-stack pilot; no Groth16-versus-PLONK claim,measurement,true,true,ok,"{""constraint_count"":256.0}",,,,,,
92f46a5a-1c7b-4453-ae54-300c35c29c4c,2026-08-09T02:46:34.520614+00:00,C2-CONTROLLED-SNARK,controlled-groth16-pilot-v1,controlled_kernel,ark-groth16-0.6.0-bn254,5477ab05b549b750fa32dc9a1bc61898f74ebf21,de947ec44a622d90f62e247e4cad4e4a81bb578c8249825f66cc44a0179ee3b2,2715572065901855187,1,58,default,{},256,256,2,16,prove_total,12.258424,,,,,,,,,,,,,phase,,,true,,,,,measured,within-stack pilot; no Groth16-versus-PLONK claim,measurement,true,true,ok,"{""constraint_count"":256.0}",,,,,,
92f46a5a-1c7b-4453-ae54-300c35c29c4c,2026-08-09T02:46:34.520627+00:00,C2-CONTROLLED-SNARK,controlled-groth16-pilot-v1,controlled_kernel,ark-groth16-0.6.0-bn254,5477ab05b549b750fa32dc9a1bc61898f74ebf21,de947ec44a622d90f62e247e4cad4e4a81bb578c8249825f66cc44a0179ee3b2,2715572065901855187,1,58,default,{},256,256,2,16,serialize,0.003105,,,,,,,,,,,,,phase,,,true,,,,,measured,within-stack pilot; no Groth16-versus-PLONK claim,measurement,true,true,ok,"{""proof_bytes"":128.0}",,,,,,
92f46a5a-1c7b-4453-ae54-300c35c29c4c,2026-08-09T02:46:34.520641+00:00,C2-CONTROLLED-SNARK,controlled-groth16-pilot-v1,controlled_kernel,ark-groth16-0.6.0-bn254,5477ab05b549b750fa32dc9a1bc61898f74ebf21,de947ec44a622d90f62e247e4cad4e4a81bb578c8249825f66cc44a0179ee3b2,2715572065901855187,1,58,default,{},256,256,2,16,deserialize,0.166100,,,,,,,,,,,,,phase,,,true,,,,,measured,within-stack pilot; no Groth16-versus-PLONK claim,measurement,true,true,ok,"{""proof_bytes"":128.0}",,,,,,
92f46a5a-1c7b-4453-ae54-300c35c29c4c,2026-08-09T02:46:34.520654+00:00,C2-CONTROLLED-SNARK,controlled-groth16-pilot-v1,controlled_kernel,ark-groth16-0.6.0-bn254,5477ab05b549b750fa32dc9a1bc61898f74ebf21,de947ec44a622d90f62e247e4cad4e4a81bb578c8249825f66cc44a0179ee3b2,2715572065901855187,1,58,default,{},256,256,2,16,verify_core,1.060022,,,,,,,,,,,,,phase,,,true,,,,,measured,within-stack pilot; no Groth16-versus-PLONK claim,measurement,true,true,ok,{},,,,,,
92f46a5a-1c7b-4453-ae54-300c35c29c4c,2026-08-09T02:46:34.520667+00:00,C2-CONTROLLED-SNARK,controlled-groth16-pilot-v1,controlled_kernel,ark-groth16-0.6.0-bn254,5477ab05b549b750fa32dc9a1bc61898f74ebf21,de947ec44a622d90f62e247e4cad4e4a81bb578c8249825f66cc44a0179ee3b2,2715572065901855187,1,58,default,{},256,256,2,16,verify_total,1.226282,,,,,,,,,,,,,phase,,,true,,,,,measured,within-stack pilot; no Groth16-versus-PLONK claim,measurement,true,true,ok,{},,,,,,
92f46a5a-1c7b-4453-ae54-300c35c29c4c,2026-08-09T02:46:34.520681+00:00,C2-CONTROLLED-SNARK,controlled-groth16-pilot-v1,controlled_kernel,ark-groth16-0.6.0-bn254,5477ab05b549b750fa32dc9a1bc61898f74ebf21,de947ec44a622d90f62e247e4cad4e4a81bb578c8249825f66cc44a0179ee3b2,2715572065901855187,1,58,default,{},256,256,2,16,fft_ntt,,,,,,,,,,,,,,phase,,,true,,,ark-groth16 does not expose stable per-run phase hooks,,measured,within-stack pilot; no Groth16-versus-PLONK claim,measurement,true,false,unsupported,{},,,,,,
92f46a5a-1c7b-4453-ae54-300c35c29c4c,2026-08-09T02:46:34.520694+00:00,C2-CONTROLLED-SNARK,controlled-groth16-pilot-v1,controlled_kernel,ark-groth16-0.6.0-bn254,5477ab05b549b750fa32dc9a1bc61898f74ebf21,de947ec44a622d90f62e247e4cad4e4a81bb578c8249825f66cc44a0179ee3b2,2715572065901855187,1,58,default,{},256,256,2,16,msm,,,,,,,,,,,,,,phase,,,true,,,ark-groth16 does not expose stable per-run phase hooks,,measured,within-stack pilot; no Groth16-versus-PLONK claim,measurement,true,false,unsupported,{},,,,,,
92f46a5a-1c7b-4453-ae54-300c35c29c4c,2026-08-09T02:46:34.520707+00:00,C2-CONTROLLED-SNARK,controlled-groth16-pilot-v1,controlled_kernel,ark-groth16-0.6.0-bn254,5477ab05b549b750fa32dc9a1bc61898f74ebf21,de947ec44a622d90f62e247e4cad4e4a81bb578c8249825f66cc44a0179ee3b2,2715572065901855187,1,58,default,{},256,256,2,16,commitment,,,,,,,,,,,,,,phase,,,true,,,ark-groth16 does not expose stable per-run phase hooks,,measured,within-stack pilot; no Groth16-versus-PLONK claim,measurement,true,false,unsupported,{},,,,,,
92f46a5a-1c7b-4453-ae54-300c35c29c4c,2026-08-09T02:46:34.520719+00:00,C2-CONTROLLED-SNARK,controlled-groth16-pilot-v1,controlled_kernel,ark-groth16-0.6.0-bn254,5477ab05b549b750fa32dc9a1bc61898f74ebf21,de947ec44a622d90f62e247e4cad4e4a81bb578c8249825f66cc44a0179ee3b2,2715572065901855187,1,58,default,{},256,256,2,16,key_load,,,,,,,,,,,,,,phase,,,true,,,ark-groth16 does not expose stable per-run phase hooks,,measured,within-stack pilot; no Groth16-versus-PLONK claim,measurement,true,false,unsupported,{},,,,,,
92f46a5a-1c7b-4453-ae54-300c35c29c4c,2026-08-09T02:46:34.520731+00:00,C2-CONTROLLED-SNARK,controlled-groth16-pilot-v1,controlled_kernel,ark-groth16-0.6.0-bn254,5477ab05b549b750fa32dc9a1bc61898f74ebf21,de947ec44a622d90f62e247e4cad4e4a81bb578c8249825f66cc44a0179ee3b2,2715572065901855187,1,58,default,{},256,256,2,16,adapter_process_wall,71.497828,50.000000,5.683594,128,true,0,,500,956,,,,linux-procfs,process,,,true,,,"private commit and per-process swap I/O are unavailable; VmSwap reports allocation, not swap traffic; No documented hardware or OS energy counter is configured in WSL2",,measured,within-stack pilot; no Groth16-versus-PLONK claim,measurement,true,true,ok,{},256,2,256,r1cs_constraints,5.0,13
a63b3b2f-06c7-4909-b362-1a7172e5f5fa,2026-08-09T02:46:34.840841+00:00,C2-CONTROLLED-SNARK,controlled-groth16-pilot-v1,controlled_kernel,ark-groth16-0.6.0-bn254,5477ab05b549b750fa32dc9a1bc61898f74ebf21,de947ec44a622d90f62e247e4cad4e4a81bb578c8249825f66cc44a0179ee3b2,8464278589594221366,1,59,default,{},1024,1024,8,16,native_execution,0.679425,,,,,,,,,,,,,phase,,,true,,,,,measured,within-stack pilot; no Groth16-versus-PLONK claim,measurement,true,true,ok,"{""application_units"":1024.0}",,,,,,
a63b3b2f-06c7-4909-b362-1a7172e5f5fa,2026-08-09T02:46:34.840932+00:00,C2-CONTROLLED-SNARK,controlled-groth16-pilot-v1,controlled_kernel,ark-groth16-0.6.0-bn254,5477ab05b549b750fa32dc9a1bc61898f74ebf21,de947ec44a622d90f62e247e4cad4e4a81bb578c8249825f66cc44a0179ee3b2,8464278589594221366,1,59,default,{},1024,1024,8,16,witness,171.636583,,,,,,,,,,,,,phase,,,true,,,,,measured,within-stack pilot; no Groth16-versus-PLONK claim,measurement,true,true,ok,"{""application_units"":1024.0,""constraint_count"":1024.0}",,,,,,
a63b3b2f-06c7-4909-b362-1a7172e5f5fa,2026-08-09T02:46:34.840955+00:00,C2-CONTROLLED-SNARK,controlled-groth16-pilot-v1,controlled_kernel,ark-groth16-0.6.0-bn254,5477ab05b549b750fa32dc9a1bc61898f74ebf21,de947ec44a622d90f62e247e4cad4e4a81bb578c8249825f66cc44a0179ee3b2,8464278589594221366,1,59,default,{},1024,1024,8,16,setup_or_preprocess,27.673404,,,,,,,,,,,,,phase,,,true,,,,,measured,within-stack pilot; no Groth16-versus-PLONK claim,measurement,true,true,ok,"{""constraint_count"":1024.0}",,,,,,
a63b3b2f-06c7-4909-b362-1a7172e5f5fa,2026-08-09T02:46:34.840971+00:00,C2-CONTROLLED-SNARK,controlled-groth16-pilot-v1,controlled_kernel,ark-groth16-0.6.0-bn254,5477ab05b549b750fa32dc9a1bc61898f74ebf21,de947ec44a622d90f62e247e4cad4e4a81bb578c8249825f66cc44a0179ee3b2,8464278589594221366,1,59,default,{},1024,1024,8,16,prove_total,66.082293,,,,,,,,,,,,,phase,,,true,,,,,measured,within-stack pilot; no Groth16-versus-PLONK claim,measurement,true,true,ok,"{""constraint_count"":1024.0}",,,,,,
a63b3b2f-06c7-4909-b362-1a7172e5f5fa,2026-08-09T02:46:34.840986+00:00,C2-CONTROLLED-SNARK,controlled-groth16-pilot-v1,controlled_kernel,ark-groth16-0.6.0-bn254,5477ab05b549b750fa32dc9a1bc61898f74ebf21,de947ec44a622d90f62e247e4cad4e4a81bb578c8249825f66cc44a0179ee3b2,8464278589594221366,1,59,default,{},1024,1024,8,16,serialize,0.002915,,,,,,,,,,,,,phase,,,true,,,,,measured,within-stack pilot; no Groth16-versus-PLONK claim,measurement,true,true,ok,"{""proof_bytes"":128.0}",,,,,,
a63b3b2f-06c7-4909-b362-1a7172e5f5fa,2026-08-09T02:46:34.841000+00:00,C2-CONTROLLED-SNARK,controlled-groth16-pilot-v1,controlled_kernel,ark-groth16-0.6.0-bn254,5477ab05b549b750fa32dc9a1bc61898f74ebf21,de947ec44a622d90f62e247e4cad4e4a81bb578c8249825f66cc44a0179ee3b2,8464278589594221366,1,59,default,{},1024,1024,8,16,deserialize,0.204932,,,,,,,,,,,,,phase,,,true,,,,,measured,within-stack pilot; no Groth16-versus-PLONK claim,measurement,true,true,ok,"{""proof_bytes"":128.0}",,,,,,
a63b3b2f-06c7-4909-b362-1a7172e5f5fa,2026-08-09T02:46:34.841014+00:00,C2-CONTROLLED-SNARK,controlled-groth16-pilot-v1,controlled_kernel,ark-groth16-0.6.0-bn254,5477ab05b549b750fa32dc9a1bc61898f74ebf21,de947ec44a622d90f62e247e4cad4e4a81bb578c8249825f66cc44a0179ee3b2,8464278589594221366,1,59,default,{},1024,1024,8,16,verify_core,1.059672,,,,,,,,,,,,,phase,,,true,,,,,measured,within-stack pilot; no Groth16-versus-PLONK claim,measurement,true,true,ok,{},,,,,,
a63b3b2f-06c7-4909-b362-1a7172e5f5fa,2026-08-09T02:46:34.841028+00:00,C2-CONTROLLED-SNARK,controlled-groth16-pilot-v1,controlled_kernel,ark-groth16-0.6.0-bn254,5477ab05b549b750fa32dc9a1bc61898f74ebf21,de947ec44a622d90f62e247e4cad4e4a81bb578c8249825f66cc44a0179ee3b2,8464278589594221366,1,59,default,{},1024,1024,8,16,verify_total,1.264804,,,,,,,,,,,,,phase,,,true,,,,,measured,within-stack pilot; no Groth16-versus-PLONK claim,measurement,true,true,ok,{},,,,,,
a63b3b2f-06c7-4909-b362-1a7172e5f5fa,2026-08-09T02:46:34.841041+00:00,C2-CONTROLLED-SNARK,controlled-groth16-pilot-v1,controlled_kernel,ark-groth16-0.6.0-bn254,5477ab05b549b750fa32dc9a1bc61898f74ebf21,de947ec44a622d90f62e247e4cad4e4a81bb578c8249825f66cc44a0179ee3b2,8464278589594221366,1,59,default,{},1024,1024,8,16,fft_ntt,,,,,,,,,,,,,,phase,,,true,,,ark-groth16 does not expose stable per-run phase hooks,,measured,within-stack pilot; no Groth16-versus-PLONK claim,measurement,true,false,unsupported,{},,,,,,
a63b3b2f-06c7-4909-b362-1a7172e5f5fa,2026-08-09T02:46:34.841054+00:00,C2-CONTROLLED-SNARK,controlled-groth16-pilot-v1,controlled_kernel,ark-groth16-0.6.0-bn254,5477ab05b549b750fa32dc9a1bc61898f74ebf21,de947ec44a622d90f62e247e4cad4e4a81bb578c8249825f66cc44a0179ee3b2,8464278589594221366,1,59,default,{},1024,1024,8,16,msm,,,,,,,,,,,,,,phase,,,true,,,ark-groth16 does not expose stable per-run phase hooks,,measured,within-stack pilot; no Groth16-versus-PLONK claim,measurement,true,false,unsupported,{},,,,,,
a63b3b2f-06c7-4909-b362-1a7172e5f5fa,2026-08-09T02:46:34.841067+00:00,C2-CONTROLLED-SNARK,controlled-groth16-pilot-v1,controlled_kernel,ark-groth16-0.6.0-bn254,5477ab05b549b750fa32dc9a1bc61898f74ebf21,de947ec44a622d90f62e247e4cad4e4a81bb578c8249825f66cc44a0179ee3b2,8464278589594221366,1,59,default,{},1024,1024,8,16,commitment,,,,,,,,,,,,,,phase,,,true,,,ark-groth16 does not expose stable per-run phase hooks,,measured,within-stack pilot; no Groth16-versus-PLONK claim,measurement,true,false,unsupported,{},,,,,,
a63b3b2f-06c7-4909-b362-1a7172e5f5fa,2026-08-09T02:46:34.841079+00:00,C2-CONTROLLED-SNARK,controlled-groth16-pilot-v1,controlled_kernel,ark-groth16-0.6.0-bn254,5477ab05b549b750fa32dc9a1bc61898f74ebf21,de947ec44a622d90f62e247e4cad4e4a81bb578c8249825f66cc44a0179ee3b2,8464278589594221366,1,59,default,{},1024,1024,8,16,key_load,,,,,,,,,,,,,,phase,,,true,,,ark-groth16 does not expose stable per-run phase hooks,,measured,within-stack pilot; no Groth16-versus-PLONK claim,measurement,true,false,unsupported,{},,,,,,
a63b3b2f-06c7-4909-b362-1a7172e5f5fa,2026-08-09T02:46:34.841091+00:00,C2-CONTROLLED-SNARK,controlled-groth16-pilot-v1,controlled_kernel,ark-groth16-0.6.0-bn254,5477ab05b549b750fa32dc9a1bc61898f74ebf21,de947ec44a622d90f62e247e4cad4e4a81bb578c8249825f66cc44a0179ee3b2,8464278589594221366,1,59,default,{},1024,1024,8,16,adapter_process_wall,319.102077,760.000000,8.503906,128,true,0,,1400,956,,,,linux-procfs,process,,,true,,,"Linux procfs read failed: [Errno 13] Permission denied: '/proc/2634/io'; private commit and per-process swap I/O are unavailable; VmSwap reports allocation, not swap traffic; No documented hardware or OS energy counter is configured in WSL2",,measured,within-stack pilot; no Groth16-versus-PLONK claim,measurement,true,true,ok,{},1024,2,1024,r1cs_constraints,5.0,59
194e335e-969c-4dc4-97a4-f309561d0dfb,2026-08-09T02:46:35.162941+00:00,C2-CONTROLLED-SNARK,controlled-groth16-pilot-v1,controlled_kernel,ark-groth16-0.6.0-bn254,5477ab05b549b750fa32dc9a1bc61898f74ebf21,de947ec44a622d90f62e247e4cad4e4a81bb578c8249825f66cc44a0179ee3b2,8055007965111325078,0,60,default,{},1024,1024,8,16,native_execution,0.837770,,,,,,,,,,,,,phase,,,true,,,,,measured,within-stack pilot; no Groth16-versus-PLONK claim,measurement,true,true,ok,"{""application_units"":1024.0}",,,,,,
194e335e-969c-4dc4-97a4-f309561d0dfb,2026-08-09T02:46:35.163048+00:00,C2-CONTROLLED-SNARK,controlled-groth16-pilot-v1,controlled_kernel,ark-groth16-0.6.0-bn254,5477ab05b549b750fa32dc9a1bc61898f74ebf21,de947ec44a622d90f62e247e4cad4e4a81bb578c8249825f66cc44a0179ee3b2,8055007965111325078,0,60,default,{},1024,1024,8,16,witness,171.552316,,,,,,,,,,,,,phase,,,true,,,,,measured,within-stack pilot; no Groth16-versus-PLONK claim,measurement,true,true,ok,"{""application_units"":1024.0,""constraint_count"":1024.0}",,,,,,
194e335e-969c-4dc4-97a4-f309561d0dfb,2026-08-09T02:46:35.163076+00:00,C2-CONTROLLED-SNARK,controlled-groth16-pilot-v1,controlled_kernel,ark-groth16-0.6.0-bn254,5477ab05b549b750fa32dc9a1bc61898f74ebf21,de947ec44a622d90f62e247e4cad4e4a81bb578c8249825f66cc44a0179ee3b2,8055007965111325078,0,60,default,{},1024,1024,8,16,setup_or_preprocess,24.718007,,,,,,,,,,,,,phase,,,true,,,,,measured,within-stack pilot; no Groth16-versus-PLONK claim,measurement,true,true,ok,"{""constraint_count"":1024.0}",,,,,,
194e335e-969c-4dc4-97a4-f309561d0dfb,2026-08-09T02:46:35.163096+00:00,C2-CONTROLLED-SNARK,controlled-groth16-pilot-v1,controlled_kernel,ark-groth16-0.6.0-bn254,5477ab05b549b750fa32dc9a1bc61898f74ebf21,de947ec44a622d90f62e247e4cad4e4a81bb578c8249825f66cc44a0179ee3b2,8055007965111325078,0,60,default,{},1024,1024,8,16,prove_total,72.100280,,,,,,,,,,,,,phase,,,true,,,,,measured,within-stack pilot; no Groth16-versus-PLONK claim,measurement,true,true,ok,"{""constraint_count"":1024.0}",,,,,,
194e335e-969c-4dc4-97a4-f309561d0dfb,2026-08-09T02:46:35.163113+00:00,C2-CONTROLLED-SNARK,controlled-groth16-pilot-v1,controlled_kernel,ark-groth16-0.6.0-bn254,5477ab05b549b750fa32dc9a1bc61898f74ebf21,de947ec44a622d90f62e247e4cad4e4a81bb578c8249825f66cc44a0179ee3b2,8055007965111325078,0,60,default,{},1024,1024,8,16,serialize,0.012823,,,,,,,,,,,,,phase,,,true,,,,,measured,within-stack pilot; no Groth16-versus-PLONK claim,measurement,true,true,ok,"{""proof_bytes"":128.0}",,,,,,
194e335e-969c-4dc4-97a4-f309561d0dfb,2026-08-09T02:46:35.163130+00:00,C2-CONTROLLED-SNARK,controlled-groth16-pilot-v1,controlled_kernel,ark-groth16-0.6.0-bn254,5477ab05b549b750fa32dc9a1bc61898f74ebf21,de947ec44a622d90f62e247e4cad4e4a81bb578c8249825f66cc44a0179ee3b2,8055007965111325078,0,60,default,{},1024,1024,8,16,deserialize,0.167031,,,,,,,,,,,,,phase,,,true,,,,,measured,within-stack pilot; no Groth16-versus-PLONK claim,measurement,true,true,ok,"{""proof_bytes"":128.0}",,,,,,
194e335e-969c-4dc4-97a4-f309561d0dfb,2026-08-09T02:46:35.163146+00:00,C2-CONTROLLED-SNARK,controlled-groth16-pilot-v1,controlled_kernel,ark-groth16-0.6.0-bn254,5477ab05b549b750fa32dc9a1bc61898f74ebf21,de947ec44a622d90f62e247e4cad4e4a81bb578c8249825f66cc44a0179ee3b2,8055007965111325078,0,60,default,{},1024,1024,8,16,verify_core,1.035867,,,,,,,,,,,,,phase,,,true,,,,,measured,within-stack pilot; no Groth16-versus-PLONK claim,measurement,true,true,ok,{},,,,,,
194e335e-969c-4dc4-97a4-f309561d0dfb,2026-08-09T02:46:35.163162+00:00,C2-CONTROLLED-SNARK,controlled-groth16-pilot-v1,controlled_kernel,ark-groth16-0.6.0-bn254,5477ab05b549b750fa32dc9a1bc61898f74ebf21,de947ec44a622d90f62e247e4cad4e4a81bb578c8249825f66cc44a0179ee3b2,8055007965111325078,0,60,default,{},1024,1024,8,16,verify_total,1.203159,,,,,,,,,,,,,phase,,,true,,,,,measured,within-stack pilot; no Groth16-versus-PLONK claim,measurement,true,true,ok,{},,,,,,
194e335e-969c-4dc4-97a4-f309561d0dfb,2026-08-09T02:46:35.163178+00:00,C2-CONTROLLED-SNARK,controlled-groth16-pilot-v1,controlled_kernel,ark-groth16-0.6.0-bn254,5477ab05b549b750fa32dc9a1bc61898f74ebf21,de947ec44a622d90f62e247e4cad4e4a81bb578c8249825f66cc44a0179ee3b2,8055007965111325078,0,60,default,{},1024,1024,8,16,fft_ntt,,,,,,,,,,,,,,phase,,,true,,,ark-groth16 does not expose stable per-run phase hooks,,measured,within-stack pilot; no Groth16-versus-PLONK claim,measurement,true,false,unsupported,{},,,,,,
194e335e-969c-4dc4-97a4-f309561d0dfb,2026-08-09T02:46:35.163195+00:00,C2-CONTROLLED-SNARK,controlled-groth16-pilot-v1,controlled_kernel,ark-groth16-0.6.0-bn254,5477ab05b549b750fa32dc9a1bc61898f74ebf21,de947ec44a622d90f62e247e4cad4e4a81bb578c8249825f66cc44a0179ee3b2,8055007965111325078,0,60,default,{},1024,1024,8,16,msm,,,,,,,,,,,,,,phase,,,true,,,ark-groth16 does not expose stable per-run phase hooks,,measured,within-stack pilot; no Groth16-versus-PLONK claim,measurement,true,false,unsupported,{},,,,,,
194e335e-969c-4dc4-97a4-f309561d0dfb,2026-08-09T02:46:35.163210+00:00,C2-CONTROLLED-SNARK,controlled-groth16-pilot-v1,controlled_kernel,ark-groth16-0.6.0-bn254,5477ab05b549b750fa32dc9a1bc61898f74ebf21,de947ec44a622d90f62e247e4cad4e4a81bb578c8249825f66cc44a0179ee3b2,8055007965111325078,0,60,default,{},1024,1024,8,16,commitment,,,,,,,,,,,,,,phase,,,true,,,ark-groth16 does not expose stable per-run phase hooks,,measured,within-stack pilot; no Groth16-versus-PLONK claim,measurement,true,false,unsupported,{},,,,,,
194e335e-969c-4dc4-97a4-f309561d0dfb,2026-08-09T02:46:35.163225+00:00,C2-CONTROLLED-SNARK,controlled-groth16-pilot-v1,controlled_kernel,ark-groth16-0.6.0-bn254,5477ab05b549b750fa32dc9a1bc61898f74ebf21,de947ec44a622d90f62e247e4cad4e4a81bb578c8249825f66cc44a0179ee3b2,8055007965111325078,0,60,default,{},1024,1024,8,16,key_load,,,,,,,,,,,,,,phase,,,true,,,ark-groth16 does not expose stable per-run phase hooks,,measured,within-stack pilot; no Groth16-versus-PLONK claim,measurement,true,false,unsupported,{},,,,,,
194e335e-969c-4dc4-97a4-f309561d0dfb,2026-08-09T02:46:35.163240+00:00,C2-CONTROLLED-SNARK,controlled-groth16-pilot-v1,controlled_kernel,ark-groth16-0.6.0-bn254,5477ab05b549b750fa32dc9a1bc61898f74ebf21,de947ec44a622d90f62e247e4cad4e4a81bb578c8249825f66cc44a0179ee3b2,8055007965111325078,0,60,default,{},1024,1024,8,16,adapter_process_wall,320.852514,780.000000,8.890625,128,true,0,,1495,956,,,,linux-procfs,process,,,true,,,"private commit and per-process swap I/O are unavailable; VmSwap reports allocation, not swap traffic; No documented hardware or OS energy counter is configured in WSL2",,measured,within-stack pilot; no Groth16-versus-PLONK claim,measurement,true,true,ok,{},1024,2,1024,r1cs_constraints,5.0,60
77bbe061-778e-4dbb-8aa6-7889530094fe,2026-08-09T02:46:35.534841+00:00,C2-CONTROLLED-SNARK,controlled-groth16-pilot-v1,controlled_kernel,ark-groth16-0.6.0-bn254,5477ab05b549b750fa32dc9a1bc61898f74ebf21,de947ec44a622d90f62e247e4cad4e4a81bb578c8249825f66cc44a0179ee3b2,1123632296941241698,0,61,default,{},1024,1024,16,16,native_execution,0.678923,,,,,,,,,,,,,phase,,,true,,,,,measured,within-stack pilot; no Groth16-versus-PLONK claim,measurement,true,true,ok,"{""application_units"":1024.0}",,,,,,
77bbe061-778e-4dbb-8aa6-7889530094fe,2026-08-09T02:46:35.534942+00:00,C2-CONTROLLED-SNARK,controlled-groth16-pilot-v1,controlled_kernel,ark-groth16-0.6.0-bn254,5477ab05b549b750fa32dc9a1bc61898f74ebf21,de947ec44a622d90f62e247e4cad4e4a81bb578c8249825f66cc44a0179ee3b2,1123632296941241698,0,61,default,{},1024,1024,16,16,witness,163.618573,,,,,,,,,,,,,phase,,,true,,,,,measured,within-stack pilot; no Groth16-versus-PLONK claim,measurement,true,true,ok,"{""application_units"":1024.0,""constraint_count"":1024.0}",,,,,,
77bbe061-778e-4dbb-8aa6-7889530094fe,2026-08-09T02:46:35.534963+00:00,C2-CONTROLLED-SNARK,controlled-groth16-pilot-v1,controlled_kernel,ark-groth16-0.6.0-bn254,5477ab05b549b750fa32dc9a1bc61898f74ebf21,de947ec44a622d90f62e247e4cad4e4a81bb578c8249825f66cc44a0179ee3b2,1123632296941241698,0,61,default,{},1024,1024,16,16,setup_or_preprocess,36.366414,,,,,,,,,,,,,phase,,,true,,,,,measured,within-stack pilot; no Groth16-versus-PLONK claim,measurement,true,true,ok,"{""constraint_count"":1024.0}",,,,,,
77bbe061-778e-4dbb-8aa6-7889530094fe,2026-08-09T02:46:35.534979+00:00,C2-CONTROLLED-SNARK,controlled-groth16-pilot-v1,controlled_kernel,ark-groth16-0.6.0-bn254,5477ab05b549b750fa32dc9a1bc61898f74ebf21,de947ec44a622d90f62e247e4cad4e4a81bb578c8249825f66cc44a0179ee3b2,1123632296941241698,0,61,default,{},1024,1024,16,16,prove_total,114.329151,,,,,,,,,,,,,phase,,,true,,,,,measured,within-stack pilot; no Groth16-versus-PLONK claim,measurement,true,true,ok,"{""constraint_count"":1024.0}",,,,,,
77bbe061-778e-4dbb-8aa6-7889530094fe,2026-08-09T02:46:35.534993+00:00,C2-CONTROLLED-SNARK,controlled-groth16-pilot-v1,controlled_kernel,ark-groth16-0.6.0-bn254,5477ab05b549b750fa32dc9a1bc61898f74ebf21,de947ec44a622d90f62e247e4cad4e4a81bb578c8249825f66cc44a0179ee3b2,1123632296941241698,0,61,default,{},1024,1024,16,16,serialize,0.003075,,,,,,,,,,,,,phase,,,true,,,,,measured,within-stack pilot; no Groth16-versus-PLONK claim,measurement,true,true,ok,"{""proof_bytes"":128.0}",,,,,,
77bbe061-778e-4dbb-8aa6-7889530094fe,2026-08-09T02:46:35.535008+00:00,C2-CONTROLLED-SNARK,controlled-groth16-pilot-v1,controlled_kernel,ark-groth16-0.6.0-bn254,5477ab05b549b750fa32dc9a1bc61898f74ebf21,de947ec44a622d90f62e247e4cad4e4a81bb578c8249825f66cc44a0179ee3b2,1123632296941241698,0,61,default,{},1024,1024,16,16,deserialize,0.168283,,,,,,,,,,,,,phase,,,true,,,,,measured,within-stack pilot; no Groth16-versus-PLONK claim,measurement,true,true,ok,"{""proof_bytes"":128.0}",,,,,,
77bbe061-778e-4dbb-8aa6-7889530094fe,2026-08-09T02:46:35.535021+00:00,C2-CONTROLLED-SNARK,controlled-groth16-pilot-v1,controlled_kernel,ark-groth16-0.6.0-bn254,5477ab05b549b750fa32dc9a1bc61898f74ebf21,de947ec44a622d90f62e247e4cad4e4a81bb578c8249825f66cc44a0179ee3b2,1123632296941241698,0,61,default,{},1024,1024,16,16,verify_core,1.081653,,,,,,,,,,,,,phase,,,true,,,,,measured,within-stack pilot; no Groth16-versus-PLONK claim,measurement,true,true,ok,{},,,,,,
77bbe061-778e-4dbb-8aa6-7889530094fe,2026-08-09T02:46:35.535034+00:00,C2-CONTROLLED-SNARK,controlled-groth16-pilot-v1,controlled_kernel,ark-groth16-0.6.0-bn254,5477ab05b549b750fa32dc9a1bc61898f74ebf21,de947ec44a622d90f62e247e4cad4e4a81bb578c8249825f66cc44a0179ee3b2,1123632296941241698,0,61,default,{},1024,1024,16,16,verify_total,1.250046,,,,,,,,,,,,,phase,,,true,,,,,measured,within-stack pilot; no Groth16-versus-PLONK claim,measurement,true,true,ok,{},,,,,,
77bbe061-778e-4dbb-8aa6-7889530094fe,2026-08-09T02:46:35.535048+00:00,C2-CONTROLLED-SNARK,controlled-groth16-pilot-v1,controlled_kernel,ark-groth16-0.6.0-bn254,5477ab05b549b750fa32dc9a1bc61898f74ebf21,de947ec44a622d90f62e247e4cad4e4a81bb578c8249825f66cc44a0179ee3b2,1123632296941241698,0,61,default,{},1024,1024,16,16,fft_ntt,,,,,,,,,,,,,,phase,,,true,,,ark-groth16 does not expose stable per-run phase hooks,,measured,within-stack pilot; no Groth16-versus-PLONK claim,measurement,true,false,unsupported,{},,,,,,
77bbe061-778e-4dbb-8aa6-7889530094fe,2026-08-09T02:46:35.535062+00:00,C2-CONTROLLED-SNARK,controlled-groth16-pilot-v1,controlled_kernel,ark-groth16-0.6.0-bn254,5477ab05b549b750fa32dc9a1bc61898f74ebf21,de947ec44a622d90f62e247e4cad4e4a81bb578c8249825f66cc44a0179ee3b2,1123632296941241698,0,61,default,{},1024,1024,16,16,msm,,,,,,,,,,,,,,phase,,,true,,,ark-groth16 does not expose stable per-run phase hooks,,measured,within-stack pilot; no Groth16-versus-PLONK claim,measurement,true,false,unsupported,{},,,,,,
77bbe061-778e-4dbb-8aa6-7889530094fe,2026-08-09T02:46:35.535075+00:00,C2-CONTROLLED-SNARK,controlled-groth16-pilot-v1,controlled_kernel,ark-groth16-0.6.0-bn254,5477ab05b549b750fa32dc9a1bc61898f74ebf21,de947ec44a622d90f62e247e4cad4e4a81bb578c8249825f66cc44a0179ee3b2,1123632296941241698,0,61,default,{},1024,1024,16,16,commitment,,,,,,,,,,,,,,phase,,,true,,,ark-groth16 does not expose stable per-run phase hooks,,measured,within-stack pilot; no Groth16-versus-PLONK claim,measurement,true,false,unsupported,{},,,,,,
77bbe061-778e-4dbb-8aa6-7889530094fe,2026-08-09T02:46:35.535088+00:00,C2-CONTROLLED-SNARK,controlled-groth16-pilot-v1,controlled_kernel,ark-groth16-0.6.0-bn254,5477ab05b549b750fa32dc9a1bc61898f74ebf21,de947ec44a622d90f62e247e4cad4e4a81bb578c8249825f66cc44a0179ee3b2,1123632296941241698,0,61,default,{},1024,1024,16,16,key_load,,,,,,,,,,,,,,phase,,,true,,,ark-groth16 does not expose stable per-run phase hooks,,measured,within-stack pilot; no Groth16-versus-PLONK claim,measurement,true,false,unsupported,{},,,,,,
77bbe061-778e-4dbb-8aa6-7889530094fe,2026-08-09T02:46:35.535100+00:00,C2-CONTROLLED-SNARK,controlled-groth16-pilot-v1,controlled_kernel,ark-groth16-0.6.0-bn254,5477ab05b549b750fa32dc9a1bc61898f74ebf21,de947ec44a622d90f62e247e4cad4e4a81bb578c8249825f66cc44a0179ee3b2,1123632296941241698,0,61,default,{},1024,1024,16,16,adapter_process_wall,370.563209,1200.000000,9.410156,128,true,0,,1731,956,,,,linux-procfs,process,,,true,,,"Linux procfs read failed: [Errno 13] Permission denied: '/proc/2742/io'; private commit and per-process swap I/O are unavailable; VmSwap reports allocation, not swap traffic; No documented hardware or OS energy counter is configured in WSL2",,measured,within-stack pilot; no Groth16-versus-PLONK claim,measurement,true,true,ok,{},1024,2,1024,r1cs_constraints,5.0,68
86e95cb2-1ad1-4af8-bc49-48632a9909b3,2026-08-09T02:46:35.677587+00:00,C2-CONTROLLED-SNARK,controlled-groth16-pilot-v1,controlled_kernel,ark-groth16-0.6.0-bn254,5477ab05b549b750fa32dc9a1bc61898f74ebf21,de947ec44a622d90f62e247e4cad4e4a81bb578c8249825f66cc44a0179ee3b2,5984907064924396843,1,62,default,{},64,64,16,16,native_execution,0.701265,,,,,,,,,,,,,phase,,,true,,,,,measured,within-stack pilot; no Groth16-versus-PLONK claim,measurement,true,true,ok,"{""application_units"":64.0}",,,,,,
86e95cb2-1ad1-4af8-bc49-48632a9909b3,2026-08-09T02:46:35.677741+00:00,C2-CONTROLLED-SNARK,controlled-groth16-pilot-v1,controlled_kernel,ark-groth16-0.6.0-bn254,5477ab05b549b750fa32dc9a1bc61898f74ebf21,de947ec44a622d90f62e247e4cad4e4a81bb578c8249825f66cc44a0179ee3b2,5984907064924396843,1,62,default,{},64,64,16,16,witness,13.522023,,,,,,,,,,,,,phase,,,true,,,,,measured,within-stack pilot; no Groth16-versus-PLONK claim,measurement,true,true,ok,"{""application_units"":64.0,""constraint_count"":64.0}",,,,,,
86e95cb2-1ad1-4af8-bc49-48632a9909b3,2026-08-09T02:46:35.677829+00:00,C2-CONTROLLED-SNARK,controlled-groth16-pilot-v1,controlled_kernel,ark-groth16-0.6.0-bn254,5477ab05b549b750fa32dc9a1bc61898f74ebf21,de947ec44a622d90f62e247e4cad4e4a81bb578c8249825f66cc44a0179ee3b2,5984907064924396843,1,62,default,{},64,64,16,16,setup_or_preprocess,37.891426,,,,,,,,,,,,,phase,,,true,,,,,measured,within-stack pilot; no Groth16-versus-PLONK claim,measurement,true,true,ok,"{""constraint_count"":64.0}",,,,,,
86e95cb2-1ad1-4af8-bc49-48632a9909b3,2026-08-09T02:46:35.677859+00:00,C2-CONTROLLED-SNARK,controlled-groth16-pilot-v1,controlled_kernel,ark-groth16-0.6.0-bn254,5477ab05b549b750fa32dc9a1bc61898f74ebf21,de947ec44a622d90f62e247e4cad4e4a81bb578c8249825f66cc44a0179ee3b2,5984907064924396843,1,62,default,{},64,64,16,16,prove_total,35.519262,,,,,,,,,,,,,phase,,,true,,,,,measured,within-stack pilot; no Groth16-versus-PLONK claim,measurement,true,true,ok,"{""constraint_count"":64.0}",,,,,,
86e95cb2-1ad1-4af8-bc49-48632a9909b3,2026-08-09T02:46:35.677877+00:00,C2-CONTROLLED-SNARK,controlled-groth16-pilot-v1,controlled_kernel,ark-groth16-0.6.0-bn254,5477ab05b549b750fa32dc9a1bc61898f74ebf21,de947ec44a622d90f62e247e4cad4e4a81bb578c8249825f66cc44a0179ee3b2,5984907064924396843,1,62,default,{},64,64,16,16,serialize,0.002605,,,,,,,,,,,,,phase,,,true,,,,,measured,within-stack pilot; no Groth16-versus-PLONK claim,measurement,true,true,ok,"{""proof_bytes"":128.0}",,,,,,
86e95cb2-1ad1-4af8-bc49-48632a9909b3,2026-08-09T02:46:35.677893+00:00,C2-CONTROLLED-SNARK,controlled-groth16-pilot-v1,controlled_kernel,ark-groth16-0.6.0-bn254,5477ab05b549b750fa32dc9a1bc61898f74ebf21,de947ec44a622d90f62e247e4cad4e4a81bb578c8249825f66cc44a0179ee3b2,5984907064924396843,1,62,default,{},64,64,16,16,deserialize,0.177210,,,,,,,,,,,,,phase,,,true,,,,,measured,within-stack pilot; no Groth16-versus-PLONK claim,measurement,true,true,ok,"{""proof_bytes"":128.0}",,,,,,
86e95cb2-1ad1-4af8-bc49-48632a9909b3,2026-08-09T02:46:35.677906+00:00,C2-CONTROLLED-SNARK,controlled-groth16-pilot-v1,controlled_kernel,ark-groth16-0.6.0-bn254,5477ab05b549b750fa32dc9a1bc61898f74ebf21,de947ec44a622d90f62e247e4cad4e4a81bb578c8249825f66cc44a0179ee3b2,5984907064924396843,1,62,default,{},64,64,16,16,verify_core,1.131816,,,,,,,,,,,,,phase,,,true,,,,,measured,within-stack pilot; no Groth16-versus-PLONK claim,measurement,true,true,ok,{},,,,,,
86e95cb2-1ad1-4af8-bc49-48632a9909b3,2026-08-09T02:46:35.677920+00:00,C2-CONTROLLED-SNARK,controlled-groth16-pilot-v1,controlled_kernel,ark-groth16-0.6.0-bn254,5477ab05b549b750fa32dc9a1bc61898f74ebf21,de947ec44a622d90f62e247e4cad4e4a81bb578c8249825f66cc44a0179ee3b2,5984907064924396843,1,62,default,{},64,64,16,16,verify_total,1.309146,,,,,,,,,,,,,phase,,,true,,,,,measured,within-stack pilot; no Groth16-versus-PLONK claim,measurement,true,true,ok,{},,,,,,
86e95cb2-1ad1-4af8-bc49-48632a9909b3,2026-08-09T02:46:35.677932+00:00,C2-CONTROLLED-SNARK,controlled-groth16-pilot-v1,controlled_kernel,ark-groth16-0.6.0-bn254,5477ab05b549b750fa32dc9a1bc61898f74ebf21,de947ec44a622d90f62e247e4cad4e4a81bb578c8249825f66cc44a0179ee3b2,5984907064924396843,1,62,default,{},64,64,16,16,fft_ntt,,,,,,,,,,,,,,phase,,,true,,,ark-groth16 does not expose stable per-run phase hooks,,measured,within-stack pilot; no Groth16-versus-PLONK claim,measurement,true,false,unsupported,{},,,,,,
86e95cb2-1ad1-4af8-bc49-48632a9909b3,2026-08-09T02:46:35.677946+00:00,C2-CONTROLLED-SNARK,controlled-groth16-pilot-v1,controlled_kernel,ark-groth16-0.6.0-bn254,5477ab05b549b750fa32dc9a1bc61898f74ebf21,de947ec44a622d90f62e247e4cad4e4a81bb578c8249825f66cc44a0179ee3b2,5984907064924396843,1,62,default,{},64,64,16,16,msm,,,,,,,,,,,,,,phase,,,true,,,ark-groth16 does not expose stable per-run phase hooks,,measured,within-stack pilot; no Groth16-versus-PLONK claim,measurement,true,false,unsupported,{},,,,,,
86e95cb2-1ad1-4af8-bc49-48632a9909b3,2026-08-09T02:46:35.677959+00:00,C2-CONTROLLED-SNARK,controlled-groth16-pilot-v1,controlled_kernel,ark-groth16-0.6.0-bn254,5477ab05b549b750fa32dc9a1bc61898f74ebf21,de947ec44a622d90f62e247e4cad4e4a81bb578c8249825f66cc44a0179ee3b2,5984907064924396843,1,62,default,{},64,64,16,16,commitment,,,,,,,,,,,,,,phase,,,true,,,ark-groth16 does not expose stable per-run phase hooks,,measured,within-stack pilot; no Groth16-versus-PLONK claim,measurement,true,false,unsupported,{},,,,,,
86e95cb2-1ad1-4af8-bc49-48632a9909b3,2026-08-09T02:46:35.677971+00:00,C2-CONTROLLED-SNARK,controlled-groth16-pilot-v1,controlled_kernel,ark-groth16-0.6.0-bn254,5477ab05b549b750fa32dc9a1bc61898f74ebf21,de947ec44a622d90f62e247e4cad4e4a81bb578c8249825f66cc44a0179ee3b2,5984907064924396843,1,62,default,{},64,64,16,16,key_load,,,,,,,,,,,,,,phase,,,true,,,ark-groth16 does not expose stable per-run phase hooks,,measured,within-stack pilot; no Groth16-versus-PLONK claim,measurement,true,false,unsupported,{},,,,,,
86e95cb2-1ad1-4af8-bc49-48632a9909b3,2026-08-09T02:46:35.677984+00:00,C2-CONTROLLED-SNARK,controlled-groth16-pilot-v1,controlled_kernel,ark-groth16-0.6.0-bn254,5477ab05b549b750fa32dc9a1bc61898f74ebf21,de947ec44a622d90f62e247e4cad4e4a81bb578c8249825f66cc44a0179ee3b2,5984907064924396843,1,62,default,{},64,64,16,16,adapter_process_wall,141.247313,380.000000,6.746094,128,true,0,,803,956,,,,linux-procfs,process,,,true,,,"private commit and per-process swap I/O are unavailable; VmSwap reports allocation, not swap traffic; No documented hardware or OS energy counter is configured in WSL2",,measured,within-stack pilot; no Groth16-versus-PLONK claim,measurement,true,true,ok,{},64,2,64,r1cs_constraints,5.0,26
1a4e9dde-ae97-4af4-a40d-16cd45f085bf,2026-08-09T02:46:36.020746+00:00,C2-CONTROLLED-SNARK,controlled-groth16-pilot-v1,controlled_kernel,ark-groth16-0.6.0-bn254,5477ab05b549b750fa32dc9a1bc61898f74ebf21,de947ec44a622d90f62e247e4cad4e4a81bb578c8249825f66cc44a0179ee3b2,8572124593532636016,1,63,default,{},4096,4096,2,16,native_execution,0.631084,,,,,,,,,,,,,phase,,,true,,,,,measured,within-stack pilot; no Groth16-versus-PLONK claim,measurement,true,true,ok,"{""application_units"":4096.0}",,,,,,
1a4e9dde-ae97-4af4-a40d-16cd45f085bf,2026-08-09T02:46:36.020837+00:00,C2-CONTROLLED-SNARK,controlled-groth16-pilot-v1,controlled_kernel,ark-groth16-0.6.0-bn254,5477ab05b549b750fa32dc9a1bc61898f74ebf21,de947ec44a622d90f62e247e4cad4e4a81bb578c8249825f66cc44a0179ee3b2,8572124593532636016,1,63,default,{},4096,4096,2,16,witness,110.549064,,,,,,,,,,,,,phase,,,true,,,,,measured,within-stack pilot; no Groth16-versus-PLONK claim,measurement,true,true,ok,"{""application_units"":4096.0,""constraint_count"":4096.0}",,,,,,
1a4e9dde-ae97-4af4-a40d-16cd45f085bf,2026-08-09T02:46:36.020858+00:00,C2-CONTROLLED-SNARK,controlled-groth16-pilot-v1,controlled_kernel,ark-groth16-0.6.0-bn254,5477ab05b549b750fa32dc9a1bc61898f74ebf21,de947ec44a622d90f62e247e4cad4e4a81bb578c8249825f66cc44a0179ee3b2,8572124593532636016,1,63,default,{},4096,4096,2,16,setup_or_preprocess,96.741603,,,,,,,,,,,,,phase,,,true,,,,,measured,within-stack pilot; no Groth16-versus-PLONK claim,measurement,true,true,ok,"{""constraint_count"":4096.0}",,,,,,
1a4e9dde-ae97-4af4-a40d-16cd45f085bf,2026-08-09T02:46:36.020876+00:00,C2-CONTROLLED-SNARK,controlled-groth16-pilot-v1,controlled_kernel,ark-groth16-0.6.0-bn254,5477ab05b549b750fa32dc9a1bc61898f74ebf21,de947ec44a622d90f62e247e4cad4e4a81bb578c8249825f66cc44a0179ee3b2,8572124593532636016,1,63,default,{},4096,4096,2,16,prove_total,79.727104,,,,,,,,,,,,,phase,,,true,,,,,measured,within-stack pilot; no Groth16-versus-PLONK claim,measurement,true,true,ok,"{""constraint_count"":4096.0}",,,,,,
1a4e9dde-ae97-4af4-a40d-16cd45f085bf,2026-08-09T02:46:36.020890+00:00,C2-CONTROLLED-SNARK,controlled-groth16-pilot-v1,controlled_kernel,ark-groth16-0.6.0-bn254,5477ab05b549b750fa32dc9a1bc61898f74ebf21,de947ec44a622d90f62e247e4cad4e4a81bb578c8249825f66cc44a0179ee3b2,8572124593532636016,1,63,default,{},4096,4096,2,16,serialize,0.002795,,,,,,,,,,,,,phase,,,true,,,,,measured,within-stack pilot; no Groth16-versus-PLONK claim,measurement,true,true,ok,"{""proof_bytes"":128.0}",,,,,,
1a4e9dde-ae97-4af4-a40d-16cd45f085bf,2026-08-09T02:46:36.020904+00:00,C2-CONTROLLED-SNARK,controlled-groth16-pilot-v1,controlled_kernel,ark-groth16-0.6.0-bn254,5477ab05b549b750fa32dc9a1bc61898f74ebf21,de947ec44a622d90f62e247e4cad4e4a81bb578c8249825f66cc44a0179ee3b2,8572124593532636016,1,63,default,{},4096,4096,2,16,deserialize,0.253802,,,,,,,,,,,,,phase,,,true,,,,,measured,within-stack pilot; no Groth16-versus-PLONK claim,measurement,true,true,ok,"{""proof_bytes"":128.0}",,,,,,
1a4e9dde-ae97-4af4-a40d-16cd45f085bf,2026-08-09T02:46:36.020918+00:00,C2-CONTROLLED-SNARK,controlled-groth16-pilot-v1,controlled_kernel,ark-groth16-0.6.0-bn254,5477ab05b549b750fa32dc9a1bc61898f74ebf21,de947ec44a622d90f62e247e4cad4e4a81bb578c8249825f66cc44a0179ee3b2,8572124593532636016,1,63,default,{},4096,4096,2,16,verify_core,1.166010,,,,,,,,,,,,,phase,,,true,,,,,measured,within-stack pilot; no Groth16-versus-PLONK claim,measurement,true,true,ok,{},,,,,,
1a4e9dde-ae97-4af4-a40d-16cd45f085bf,2026-08-09T02:46:36.020931+00:00,C2-CONTROLLED-SNARK,controlled-groth16-pilot-v1,controlled_kernel,ark-groth16-0.6.0-bn254,5477ab05b549b750fa32dc9a1bc61898f74ebf21,de947ec44a622d90f62e247e4cad4e4a81bb578c8249825f66cc44a0179ee3b2,8572124593532636016,1,63,default,{},4096,4096,2,16,verify_total,1.419972,,,,,,,,,,,,,phase,,,true,,,,,measured,within-stack pilot; no Groth16-versus-PLONK claim,measurement,true,true,ok,{},,,,,,
1a4e9dde-ae97-4af4-a40d-16cd45f085bf,2026-08-09T02:46:36.020944+00:00,C2-CONTROLLED-SNARK,controlled-groth16-pilot-v1,controlled_kernel,ark-groth16-0.6.0-bn254,5477ab05b549b750fa32dc9a1bc61898f74ebf21,de947ec44a622d90f62e247e4cad4e4a81bb578c8249825f66cc44a0179ee3b2,8572124593532636016,1,63,default,{},4096,4096,2,16,fft_ntt,,,,,,,,,,,,,,phase,,,true,,,ark-groth16 does not expose stable per-run phase hooks,,measured,within-stack pilot; no Groth16-versus-PLONK claim,measurement,true,false,unsupported,{},,,,,,
1a4e9dde-ae97-4af4-a40d-16cd45f085bf,2026-08-09T02:46:36.020958+00:00,C2-CONTROLLED-SNARK,controlled-groth16-pilot-v1,controlled_kernel,ark-groth16-0.6.0-bn254,5477ab05b549b750fa32dc9a1bc61898f74ebf21,de947ec44a622d90f62e247e4cad4e4a81bb578c8249825f66cc44a0179ee3b2,8572124593532636016,1,63,default,{},4096,4096,2,16,msm,,,,,,,,,,,,,,phase,,,true,,,ark-groth16 does not expose stable per-run phase hooks,,measured,within-stack pilot; no Groth16-versus-PLONK claim,measurement,true,false,unsupported,{},,,,,,
1a4e9dde-ae97-4af4-a40d-16cd45f085bf,2026-08-09T02:46:36.020971+00:00,C2-CONTROLLED-SNARK,controlled-groth16-pilot-v1,controlled_kernel,ark-groth16-0.6.0-bn254,5477ab05b549b750fa32dc9a1bc61898f74ebf21,de947ec44a622d90f62e247e4cad4e4a81bb578c8249825f66cc44a0179ee3b2,8572124593532636016,1,63,default,{},4096,4096,2,16,commitment,,,,,,,,,,,,,,phase,,,true,,,ark-groth16 does not expose stable per-run phase hooks,,measured,within-stack pilot; no Groth16-versus-PLONK claim,measurement,true,false,unsupported,{},,,,,,
1a4e9dde-ae97-4af4-a40d-16cd45f085bf,2026-08-09T02:46:36.020983+00:00,C2-CONTROLLED-SNARK,controlled-groth16-pilot-v1,controlled_kernel,ark-groth16-0.6.0-bn254,5477ab05b549b750fa32dc9a1bc61898f74ebf21,de947ec44a622d90f62e247e4cad4e4a81bb578c8249825f66cc44a0179ee3b2,8572124593532636016,1,63,default,{},4096,4096,2,16,key_load,,,,,,,,,,,,,,phase,,,true,,,ark-groth16 does not expose stable per-run phase hooks,,measured,within-stack pilot; no Groth16-versus-PLONK claim,measurement,true,false,unsupported,{},,,,,,
1a4e9dde-ae97-4af4-a40d-16cd45f085bf,2026-08-09T02:46:36.020995+00:00,C2-CONTROLLED-SNARK,controlled-groth16-pilot-v1,controlled_kernel,ark-groth16-0.6.0-bn254,5477ab05b549b750fa32dc9a1bc61898f74ebf21,de947ec44a622d90f62e247e4cad4e4a81bb578c8249825f66cc44a0179ee3b2,8572124593532636016,1,63,default,{},4096,4096,2,16,adapter_process_wall,341.402946,520.000000,14.609375,128,true,0,,3625,956,,,,linux-procfs,process,,,true,,,"Linux procfs read failed: [Errno 13] Permission denied: '/proc/2946/io'; private commit and per-process swap I/O are unavailable; VmSwap reports allocation, not swap traffic; No documented hardware or OS energy counter is configured in WSL2",,measured,within-stack pilot; no Groth16-versus-PLONK claim,measurement,true,true,ok,{},4096,2,4096,r1cs_constraints,5.0,63
92b720e4-b77f-44b1-adac-6b8019b7719c,2026-08-09T02:46:36.124590+00:00,C2-CONTROLLED-SNARK,controlled-groth16-pilot-v1,controlled_kernel,ark-groth16-0.6.0-bn254,5477ab05b549b750fa32dc9a1bc61898f74ebf21,de947ec44a622d90f62e247e4cad4e4a81bb578c8249825f66cc44a0179ee3b2,2476591271970705443,2,64,default,{},64,64,8,16,native_execution,0.621930,,,,,,,,,,,,,phase,,,true,,,,,measured,within-stack pilot; no Groth16-versus-PLONK claim,measurement,true,true,ok,"{""application_units"":64.0}",,,,,,
92b720e4-b77f-44b1-adac-6b8019b7719c,2026-08-09T02:46:36.124687+00:00,C2-CONTROLLED-SNARK,controlled-groth16-pilot-v1,controlled_kernel,ark-groth16-0.6.0-bn254,5477ab05b549b750fa32dc9a1bc61898f74ebf21,de947ec44a622d90f62e247e4cad4e4a81bb578c8249825f66cc44a0179ee3b2,2476591271970705443,2,64,default,{},64,64,8,16,witness,15.720434,,,,,,,,,,,,,phase,,,true,,,,,measured,within-stack pilot; no Groth16-versus-PLONK claim,measurement,true,true,ok,"{""application_units"":64.0,""constraint_count"":64.0}",,,,,,
92b720e4-b77f-44b1-adac-6b8019b7719c,2026-08-09T02:46:36.124709+00:00,C2-CONTROLLED-SNARK,controlled-groth16-pilot-v1,controlled_kernel,ark-groth16-0.6.0-bn254,5477ab05b549b750fa32dc9a1bc61898f74ebf21,de947ec44a622d90f62e247e4cad4e4a81bb578c8249825f66cc44a0179ee3b2,2476591271970705443,2,64,default,{},64,64,8,16,setup_or_preprocess,20.029793,,,,,,,,,,,,,phase,,,true,,,,,measured,within-stack pilot; no Groth16-versus-PLONK claim,measurement,true,true,ok,"{""constraint_count"":64.0}",,,,,,
92b720e4-b77f-44b1-adac-6b8019b7719c,2026-08-09T02:46:36.124725+00:00,C2-CONTROLLED-SNARK,controlled-groth16-pilot-v1,controlled_kernel,ark-groth16-0.6.0-bn254,5477ab05b549b750fa32dc9a1bc61898f74ebf21,de947ec44a622d90f62e247e4cad4e4a81bb578c8249825f66cc44a0179ee3b2,2476591271970705443,2,64,default,{},64,64,8,16,prove_total,18.712952,,,,,,,,,,,,,phase,,,true,,,,,measured,within-stack pilot; no Groth16-versus-PLONK claim,measurement,true,true,ok,"{""constraint_count"":64.0}",,,,,,
92b720e4-b77f-44b1-adac-6b8019b7719c,2026-08-09T02:46:36.124739+00:00,C2-CONTROLLED-SNARK,controlled-groth16-pilot-v1,controlled_kernel,ark-groth16-0.6.0-bn254,5477ab05b549b750fa32dc9a1bc61898f74ebf21,de947ec44a622d90f62e247e4cad4e4a81bb578c8249825f66cc44a0179ee3b2,2476591271970705443,2,64,default,{},64,64,8,16,serialize,0.002705,,,,,,,,,,,,,phase,,,true,,,,,measured,within-stack pilot; no Groth16-versus-PLONK claim,measurement,true,true,ok,"{""proof_bytes"":128.0}",,,,,,
92b720e4-b77f-44b1-adac-6b8019b7719c,2026-08-09T02:46:36.124753+00:00,C2-CONTROLLED-SNARK,controlled-groth16-pilot-v1,controlled_kernel,ark-groth16-0.6.0-bn254,5477ab05b549b750fa32dc9a1bc61898f74ebf21,de947ec44a622d90f62e247e4cad4e4a81bb578c8249825f66cc44a0179ee3b2,2476591271970705443,2,64,default,{},64,64,8,16,deserialize,0.167362,,,,,,,,,,,,,phase,,,true,,,,,measured,within-stack pilot; no Groth16-versus-PLONK claim,measurement,true,true,ok,"{""proof_bytes"":128.0}",,,,,,
92b720e4-b77f-44b1-adac-6b8019b7719c,2026-08-09T02:46:36.124766+00:00,C2-CONTROLLED-SNARK,controlled-groth16-pilot-v1,controlled_kernel,ark-groth16-0.6.0-bn254,5477ab05b549b750fa32dc9a1bc61898f74ebf21,de947ec44a622d90f62e247e4cad4e4a81bb578c8249825f66cc44a0179ee3b2,2476591271970705443,2,64,default,{},64,64,8,16,verify_core,1.033283,,,,,,,,,,,,,phase,,,true,,,,,measured,within-stack pilot; no Groth16-versus-PLONK claim,measurement,true,true,ok,{},,,,,,
92b720e4-b77f-44b1-adac-6b8019b7719c,2026-08-09T02:46:36.124781+00:00,C2-CONTROLLED-SNARK,controlled-groth16-pilot-v1,controlled_kernel,ark-groth16-0.6.0-bn254,5477ab05b549b750fa32dc9a1bc61898f74ebf21,de947ec44a622d90f62e247e4cad4e4a81bb578c8249825f66cc44a0179ee3b2,2476591271970705443,2,64,default,{},64,64,8,16,verify_total,1.200765,,,,,,,,,,,,,phase,,,true,,,,,measured,within-stack pilot; no Groth16-versus-PLONK claim,measurement,true,true,ok,{},,,,,,
92b720e4-b77f-44b1-adac-6b8019b7719c,2026-08-09T02:46:36.124798+00:00,C2-CONTROLLED-SNARK,controlled-groth16-pilot-v1,controlled_kernel,ark-groth16-0.6.0-bn254,5477ab05b549b750fa32dc9a1bc61898f74ebf21,de947ec44a622d90f62e247e4cad4e4a81bb578c8249825f66cc44a0179ee3b2,2476591271970705443,2,64,default,{},64,64,8,16,fft_ntt,,,,,,,,,,,,,,phase,,,true,,,ark-groth16 does not expose stable per-run phase hooks,,measured,within-stack pilot; no Groth16-versus-PLONK claim,measurement,true,false,unsupported,{},,,,,,
92b720e4-b77f-44b1-adac-6b8019b7719c,2026-08-09T02:46:36.124811+00:00,C2-CONTROLLED-SNARK,controlled-groth16-pilot-v1,controlled_kernel,ark-groth16-0.6.0-bn254,5477ab05b549b750fa32dc9a1bc61898f74ebf21,de947ec44a622d90f62e247e4cad4e4a81bb578c8249825f66cc44a0179ee3b2,2476591271970705443,2,64,default,{},64,64,8,16,msm,,,,,,,,,,,,,,phase,,,true,,,ark-groth16 does not expose stable per-run phase hooks,,measured,within-stack pilot; no Groth16-versus-PLONK claim,measurement,true,false,unsupported,{},,,,,,
92b720e4-b77f-44b1-adac-6b8019b7719c,2026-08-09T02:46:36.124824+00:00,C2-CONTROLLED-SNARK,controlled-groth16-pilot-v1,controlled_kernel,ark-groth16-0.6.0-bn254,5477ab05b549b750fa32dc9a1bc61898f74ebf21,de947ec44a622d90f62e247e4cad4e4a81bb578c8249825f66cc44a0179ee3b2,2476591271970705443,2,64,default,{},64,64,8,16,commitment,,,,,,,,,,,,,,phase,,,true,,,ark-groth16 does not expose stable per-run phase hooks,,measured,within-stack pilot; no Groth16-versus-PLONK claim,measurement,true,false,unsupported,{},,,,,,
92b720e4-b77f-44b1-adac-6b8019b7719c,2026-08-09T02:46:36.124836+00:00,C2-CONTROLLED-SNARK,controlled-groth16-pilot-v1,controlled_kernel,ark-groth16-0.6.0-bn254,5477ab05b549b750fa32dc9a1bc61898f74ebf21,de947ec44a622d90f62e247e4cad4e4a81bb578c8249825f66cc44a0179ee3b2,2476591271970705443,2,64,default,{},64,64,8,16,key_load,,,,,,,,,,,,,,phase,,,true,,,ark-groth16 does not expose stable per-run phase hooks,,measured,within-stack pilot; no Groth16-versus-PLONK claim,measurement,true,false,unsupported,{},,,,,,
92b720e4-b77f-44b1-adac-6b8019b7719c,2026-08-09T02:46:36.124848+00:00,C2-CONTROLLED-SNARK,controlled-groth16-pilot-v1,controlled_kernel,ark-groth16-0.6.0-bn254,5477ab05b549b750fa32dc9a1bc61898f74ebf21,de947ec44a622d90f62e247e4cad4e4a81bb578c8249825f66cc44a0179ee3b2,2476591271970705443,2,64,default,{},64,64,8,16,adapter_process_wall,102.514156,140.000000,5.867188,128,true,0,,556,956,,,,linux-procfs,process,,,true,,,"private commit and per-process swap I/O are unavailable; VmSwap reports allocation, not swap traffic; No documented hardware or OS energy counter is configured in WSL2",,measured,within-stack pilot; no Groth16-versus-PLONK claim,measurement,true,true,ok,{},64,2,64,r1cs_constraints,5.0,19
1e5f3bfb-c2bf-447d-aacf-bf6679975612,2026-08-09T02:46:36.423480+00:00,C2-CONTROLLED-SNARK,controlled-groth16-pilot-v1,controlled_kernel,ark-groth16-0.6.0-bn254,5477ab05b549b750fa32dc9a1bc61898f74ebf21,de947ec44a622d90f62e247e4cad4e4a81bb578c8249825f66cc44a0179ee3b2,1704744472512552343,2,65,default,{},1024,1024,8,16,native_execution,0.026840,,,,,,,,,,,,,phase,,,true,,,,,measured,within-stack pilot; no Groth16-versus-PLONK claim,measurement,true,true,ok,"{""application_units"":1024.0}",,,,,,
1e5f3bfb-c2bf-447d-aacf-bf6679975612,2026-08-09T02:46:36.423589+00:00,C2-CONTROLLED-SNARK,controlled-groth16-pilot-v1,controlled_kernel,ark-groth16-0.6.0-bn254,5477ab05b549b750fa32dc9a1bc61898f74ebf21,de947ec44a622d90f62e247e4cad4e4a81bb578c8249825f66cc44a0179ee3b2,1704744472512552343,2,65,default,{},1024,1024,8,16,witness,170.216506,,,,,,,,,,,,,phase,,,true,,,,,measured,within-stack pilot; no Groth16-versus-PLONK claim,measurement,true,true,ok,"{""application_units"":1024.0,""constraint_count"":1024.0}",,,,,,
1e5f3bfb-c2bf-447d-aacf-bf6679975612,2026-08-09T02:46:36.423613+00:00,C2-CONTROLLED-SNARK,controlled-groth16-pilot-v1,controlled_kernel,ark-groth16-0.6.0-bn254,5477ab05b549b750fa32dc9a1bc61898f74ebf21,de947ec44a622d90f62e247e4cad4e4a81bb578c8249825f66cc44a0179ee3b2,1704744472512552343,2,65,default,{},1024,1024,8,16,setup_or_preprocess,23.037540,,,,,,,,,,,,,phase,,,true,,,,,measured,within-stack pilot; no Groth16-versus-PLONK claim,measurement,true,true,ok,"{""constraint_count"":1024.0}",,,,,,
1e5f3bfb-c2bf-447d-aacf-bf6679975612,2026-08-09T02:46:36.423630+00:00,C2-CONTROLLED-SNARK,controlled-groth16-pilot-v1,controlled_kernel,ark-groth16-0.6.0-bn254,5477ab05b549b750fa32dc9a1bc61898f74ebf21,de947ec44a622d90f62e247e4cad4e4a81bb578c8249825f66cc44a0179ee3b2,1704744472512552343,2,65,default,{},1024,1024,8,16,prove_total,64.444102,,,,,,,,,,,,,phase,,,true,,,,,measured,within-stack pilot; no Groth16-versus-PLONK claim,measurement,true,true,ok,"{""constraint_count"":1024.0}",,,,,,
1e5f3bfb-c2bf-447d-aacf-bf6679975612,2026-08-09T02:46:36.423644+00:00,C2-CONTROLLED-SNARK,controlled-groth16-pilot-v1,controlled_kernel,ark-groth16-0.6.0-bn254,5477ab05b549b750fa32dc9a1bc61898f74ebf21,de947ec44a622d90f62e247e4cad4e4a81bb578c8249825f66cc44a0179ee3b2,1704744472512552343,2,65,default,{},1024,1024,8,16,serialize,0.003737,,,,,,,,,,,,,phase,,,true,,,,,measured,within-stack pilot; no Groth16-versus-PLONK claim,measurement,true,true,ok,"{""proof_bytes"":128.0}",,,,,,
1e5f3bfb-c2bf-447d-aacf-bf6679975612,2026-08-09T02:46:36.423658+00:00,C2-CONTROLLED-SNARK,controlled-groth16-pilot-v1,controlled_kernel,ark-groth16-0.6.0-bn254,5477ab05b549b750fa32dc9a1bc61898f74ebf21,de947ec44a622d90f62e247e4cad4e4a81bb578c8249825f66cc44a0179ee3b2,1704744472512552343,2,65,default,{},1024,1024,8,16,deserialize,0.167953,,,,,,,,,,,,,phase,,,true,,,,,measured,within-stack pilot; no Groth16-versus-PLONK claim,measurement,true,true,ok,"{""proof_bytes"":128.0}",,,,,,
1e5f3bfb-c2bf-447d-aacf-bf6679975612,2026-08-09T02:46:36.423673+00:00,C2-CONTROLLED-SNARK,controlled-groth16-pilot-v1,controlled_kernel,ark-groth16-0.6.0-bn254,5477ab05b549b750fa32dc9a1bc61898f74ebf21,de947ec44a622d90f62e247e4cad4e4a81bb578c8249825f66cc44a0179ee3b2,1704744472512552343,2,65,default,{},1024,1024,8,16,verify_core,1.159898,,,,,,,,,,,,,phase,,,true,,,,,measured,within-stack pilot; no Groth16-versus-PLONK claim,measurement,true,true,ok,{},,,,,,
1e5f3bfb-c2bf-447d-aacf-bf6679975612,2026-08-09T02:46:36.423686+00:00,C2-CONTROLLED-SNARK,controlled-groth16-pilot-v1,controlled_kernel,ark-groth16-0.6.0-bn254,5477ab05b549b750fa32dc9a1bc61898f74ebf21,de947ec44a622d90f62e247e4cad4e4a81bb578c8249825f66cc44a0179ee3b2,1704744472512552343,2,65,default,{},1024,1024,8,16,verify_total,1.327971,,,,,,,,,,,,,phase,,,true,,,,,measured,within-stack pilot; no Groth16-versus-PLONK claim,measurement,true,true,ok,{},,,,,,
1e5f3bfb-c2bf-447d-aacf-bf6679975612,2026-08-09T02:46:36.423727+00:00,C2-CONTROLLED-SNARK,controlled-groth16-pilot-v1,controlled_kernel,ark-groth16-0.6.0-bn254,5477ab05b549b750fa32dc9a1bc61898f74ebf21,de947ec44a622d90f62e247e4cad4e4a81bb578c8249825f66cc44a0179ee3b2,1704744472512552343,2,65,default,{},1024,1024,8,16,fft_ntt,,,,,,,,,,,,,,phase,,,true,,,ark-groth16 does not expose stable per-run phase hooks,,measured,within-stack pilot; no Groth16-versus-PLONK claim,measurement,true,false,unsupported,{},,,,,,
1e5f3bfb-c2bf-447d-aacf-bf6679975612,2026-08-09T02:46:36.423751+00:00,C2-CONTROLLED-SNARK,controlled-groth16-pilot-v1,controlled_kernel,ark-groth16-0.6.0-bn254,5477ab05b549b750fa32dc9a1bc61898f74ebf21,de947ec44a622d90f62e247e4cad4e4a81bb578c8249825f66cc44a0179ee3b2,1704744472512552343,2,65,default,{},1024,1024,8,16,msm,,,,,,,,,,,,,,phase,,,true,,,ark-groth16 does not expose stable per-run phase hooks,,measured,within-stack pilot; no Groth16-versus-PLONK claim,measurement,true,false,unsupported,{},,,,,,
1e5f3bfb-c2bf-447d-aacf-bf6679975612,2026-08-09T02:46:36.423767+00:00,C2-CONTROLLED-SNARK,controlled-groth16-pilot-v1,controlled_kernel,ark-groth16-0.6.0-bn254,5477ab05b549b750fa32dc9a1bc61898f74ebf21,de947ec44a622d90f62e247e4cad4e4a81bb578c8249825f66cc44a0179ee3b2,1704744472512552343,2,65,default,{},1024,1024,8,16,commitment,,,,,,,,,,,,,,phase,,,true,,,ark-groth16 does not expose stable per-run phase hooks,,measured,within-stack pilot; no Groth16-versus-PLONK claim,measurement,true,false,unsupported,{},,,,,,
1e5f3bfb-c2bf-447d-aacf-bf6679975612,2026-08-09T02:46:36.423780+00:00,C2-CONTROLLED-SNARK,controlled-groth16-pilot-v1,controlled_kernel,ark-groth16-0.6.0-bn254,5477ab05b549b750fa32dc9a1bc61898f74ebf21,de947ec44a622d90f62e247e4cad4e4a81bb578c8249825f66cc44a0179ee3b2,1704744472512552343,2,65,default,{},1024,1024,8,16,key_load,,,,,,,,,,,,,,phase,,,true,,,ark-groth16 does not expose stable per-run phase hooks,,measured,within-stack pilot; no Groth16-versus-PLONK claim,measurement,true,false,unsupported,{},,,,,,
1e5f3bfb-c2bf-447d-aacf-bf6679975612,2026-08-09T02:46:36.423793+00:00,C2-CONTROLLED-SNARK,controlled-groth16-pilot-v1,controlled_kernel,ark-groth16-0.6.0-bn254,5477ab05b549b750fa32dc9a1bc61898f74ebf21,de947ec44a622d90f62e247e4cad4e4a81bb578c8249825f66cc44a0179ee3b2,1704744472512552343,2,65,default,{},1024,1024,8,16,adapter_process_wall,297.105416,770.000000,8.496094,128,true,0,,1334,956,,,,linux-procfs,process,,,true,,,"private commit and per-process swap I/O are unavailable; VmSwap reports allocation, not swap traffic; No documented hardware or OS energy counter is configured in WSL2",,measured,within-stack pilot; no Groth16-versus-PLONK claim,measurement,true,true,ok,{},1024,2,1024,r1cs_constraints,5.0,56
bd33aa11-d53d-4948-8184-5f554f34f739,2026-08-09T02:46:36.775399+00:00,C2-CONTROLLED-SNARK,controlled-groth16-pilot-v1,controlled_kernel,ark-groth16-0.6.0-bn254,5477ab05b549b750fa32dc9a1bc61898f74ebf21,de947ec44a622d90f62e247e4cad4e4a81bb578c8249825f66cc44a0179ee3b2,594391916494335818,1,66,default,{},1024,1024,16,16,native_execution,0.032019,,,,,,,,,,,,,phase,,,true,,,,,measured,within-stack pilot; no Groth16-versus-PLONK claim,measurement,true,true,ok,"{""application_units"":1024.0}",,,,,,
bd33aa11-d53d-4948-8184-5f554f34f739,2026-08-09T02:46:36.775466+00:00,C2-CONTROLLED-SNARK,controlled-groth16-pilot-v1,controlled_kernel,ark-groth16-0.6.0-bn254,5477ab05b549b750fa32dc9a1bc61898f74ebf21,de947ec44a622d90f62e247e4cad4e4a81bb578c8249825f66cc44a0179ee3b2,594391916494335818,1,66,default,{},1024,1024,16,16,witness,158.667510,,,,,,,,,,,,,phase,,,true,,,,,measured,within-stack pilot; no Groth16-versus-PLONK claim,measurement,true,true,ok,"{""application_units"":1024.0,""constraint_count"":1024.0}",,,,,,
bd33aa11-d53d-4948-8184-5f554f34f739,2026-08-09T02:46:36.775488+00:00,C2-CONTROLLED-SNARK,controlled-groth16-pilot-v1,controlled_kernel,ark-groth16-0.6.0-bn254,5477ab05b549b750fa32dc9a1bc61898f74ebf21,de947ec44a622d90f62e247e4cad4e4a81bb578c8249825f66cc44a0179ee3b2,594391916494335818,1,66,default,{},1024,1024,16,16,setup_or_preprocess,35.782307,,,,,,,,,,,,,phase,,,true,,,,,measured,within-stack pilot; no Groth16-versus-PLONK claim,measurement,true,true,ok,"{""constraint_count"":1024.0}",,,,,,
bd33aa11-d53d-4948-8184-5f554f34f739,2026-08-09T02:46:36.775504+00:00,C2-CONTROLLED-SNARK,controlled-groth16-pilot-v1,controlled_kernel,ark-groth16-0.6.0-bn254,5477ab05b549b750fa32dc9a1bc61898f74ebf21,de947ec44a622d90f62e247e4cad4e4a81bb578c8249825f66cc44a0179ee3b2,594391916494335818,1,66,default,{},1024,1024,16,16,prove_total,113.366282,,,,,,,,,,,,,phase,,,true,,,,,measured,within-stack pilot; no Groth16-versus-PLONK claim,measurement,true,true,ok,"{""constraint_count"":1024.0}",,,,,,
bd33aa11-d53d-4948-8184-5f554f34f739,2026-08-09T02:46:36.775518+00:00,C2-CONTROLLED-SNARK,controlled-groth16-pilot-v1,controlled_kernel,ark-groth16-0.6.0-bn254,5477ab05b549b750fa32dc9a1bc61898f74ebf21,de947ec44a622d90f62e247e4cad4e4a81bb578c8249825f66cc44a0179ee3b2,594391916494335818,1,66,default,{},1024,1024,16,16,serialize,0.002415,,,,,,,,,,,,,phase,,,true,,,,,measured,within-stack pilot; no Groth16-versus-PLONK claim,measurement,true,true,ok,"{""proof_bytes"":128.0}",,,,,,
bd33aa11-d53d-4948-8184-5f554f34f739,2026-08-09T02:46:36.775531+00:00,C2-CONTROLLED-SNARK,controlled-groth16-pilot-v1,controlled_kernel,ark-groth16-0.6.0-bn254,5477ab05b549b750fa32dc9a1bc61898f74ebf21,de947ec44a622d90f62e247e4cad4e4a81bb578c8249825f66cc44a0179ee3b2,594391916494335818,1,66,default,{},1024,1024,16,16,deserialize,0.168872,,,,,,,,,,,,,phase,,,true,,,,,measured,within-stack pilot; no Groth16-versus-PLONK claim,measurement,true,true,ok,"{""proof_bytes"":128.0}",,,,,,
bd33aa11-d53d-4948-8184-5f554f34f739,2026-08-09T02:46:36.775544+00:00,C2-CONTROLLED-SNARK,controlled-groth16-pilot-v1,controlled_kernel,ark-groth16-0.6.0-bn254,5477ab05b549b750fa32dc9a1bc61898f74ebf21,de947ec44a622d90f62e247e4cad4e4a81bb578c8249825f66cc44a0179ee3b2,594391916494335818,1,66,default,{},1024,1024,16,16,verify_core,1.087262,,,,,,,,,,,,,phase,,,true,,,,,measured,within-stack pilot; no Groth16-versus-PLONK claim,measurement,true,true,ok,{},,,,,,
bd33aa11-d53d-4948-8184-5f554f34f739,2026-08-09T02:46:36.775557+00:00,C2-CONTROLLED-SNARK,controlled-groth16-pilot-v1,controlled_kernel,ark-groth16-0.6.0-bn254,5477ab05b549b750fa32dc9a1bc61898f74ebf21,de947ec44a622d90f62e247e4cad4e4a81bb578c8249825f66cc44a0179ee3b2,594391916494335818,1,66,default,{},1024,1024,16,16,verify_total,1.256265,,,,,,,,,,,,,phase,,,true,,,,,measured,within-stack pilot; no Groth16-versus-PLONK claim,measurement,true,true,ok,{},,,,,,
bd33aa11-d53d-4948-8184-5f554f34f739,2026-08-09T02:46:36.775569+00:00,C2-CONTROLLED-SNARK,controlled-groth16-pilot-v1,controlled_kernel,ark-groth16-0.6.0-bn254,5477ab05b549b750fa32dc9a1bc61898f74ebf21,de947ec44a622d90f62e247e4cad4e4a81bb578c8249825f66cc44a0179ee3b2,594391916494335818,1,66,default,{},1024,1024,16,16,fft_ntt,,,,,,,,,,,,,,phase,,,true,,,ark-groth16 does not expose stable per-run phase hooks,,measured,within-stack pilot; no Groth16-versus-PLONK claim,measurement,true,false,unsupported,{},,,,,,
bd33aa11-d53d-4948-8184-5f554f34f739,2026-08-09T02:46:36.775582+00:00,C2-CONTROLLED-SNARK,controlled-groth16-pilot-v1,controlled_kernel,ark-groth16-0.6.0-bn254,5477ab05b549b750fa32dc9a1bc61898f74ebf21,de947ec44a622d90f62e247e4cad4e4a81bb578c8249825f66cc44a0179ee3b2,594391916494335818,1,66,default,{},1024,1024,16,16,msm,,,,,,,,,,,,,,phase,,,true,,,ark-groth16 does not expose stable per-run phase hooks,,measured,within-stack pilot; no Groth16-versus-PLONK claim,measurement,true,false,unsupported,{},,,,,,
bd33aa11-d53d-4948-8184-5f554f34f739,2026-08-09T02:46:36.775595+00:00,C2-CONTROLLED-SNARK,controlled-groth16-pilot-v1,controlled_kernel,ark-groth16-0.6.0-bn254,5477ab05b549b750fa32dc9a1bc61898f74ebf21,de947ec44a622d90f62e247e4cad4e4a81bb578c8249825f66cc44a0179ee3b2,594391916494335818,1,66,default,{},1024,1024,16,16,commitment,,,,,,,,,,,,,,phase,,,true,,,ark-groth16 does not expose stable per-run phase hooks,,measured,within-stack pilot; no Groth16-versus-PLONK claim,measurement,true,false,unsupported,{},,,,,,
bd33aa11-d53d-4948-8184-5f554f34f739,2026-08-09T02:46:36.775607+00:00,C2-CONTROLLED-SNARK,controlled-groth16-pilot-v1,controlled_kernel,ark-groth16-0.6.0-bn254,5477ab05b549b750fa32dc9a1bc61898f74ebf21,de947ec44a622d90f62e247e4cad4e4a81bb578c8249825f66cc44a0179ee3b2,594391916494335818,1,66,default,{},1024,1024,16,16,key_load,,,,,,,,,,,,,,phase,,,true,,,ark-groth16 does not expose stable per-run phase hooks,,measured,within-stack pilot; no Groth16-versus-PLONK claim,measurement,true,false,unsupported,{},,,,,,
bd33aa11-d53d-4948-8184-5f554f34f739,2026-08-09T02:46:36.775619+00:00,C2-CONTROLLED-SNARK,controlled-groth16-pilot-v1,controlled_kernel,ark-groth16-0.6.0-bn254,5477ab05b549b750fa32dc9a1bc61898f74ebf21,de947ec44a622d90f62e247e4cad4e4a81bb578c8249825f66cc44a0179ee3b2,594391916494335818,1,66,default,{},1024,1024,16,16,adapter_process_wall,350.378466,1230.000000,9.433594,128,true,0,,1641,956,,,,linux-procfs,process,,,true,,,"Linux procfs read failed: [Errno 13] Permission denied: '/proc/3068/io'; private commit and per-process swap I/O are unavailable; VmSwap reports allocation, not swap traffic; No documented hardware or OS energy counter is configured in WSL2",,measured,within-stack pilot; no Groth16-versus-PLONK claim,measurement,true,true,ok,{},1024,2,1024,r1cs_constraints,5.0,65
4a686668-1193-4bc2-800f-46c4c30415ee,2026-08-09T02:46:37.128598+00:00,C2-CONTROLLED-SNARK,controlled-groth16-pilot-v1,controlled_kernel,ark-groth16-0.6.0-bn254,5477ab05b549b750fa32dc9a1bc61898f74ebf21,de947ec44a622d90f62e247e4cad4e4a81bb578c8249825f66cc44a0179ee3b2,1746639416534455026,0,67,default,{},4096,4096,2,16,native_execution,0.669034,,,,,,,,,,,,,phase,,,true,,,,,measured,within-stack pilot; no Groth16-versus-PLONK claim,measurement,true,true,ok,"{""application_units"":4096.0}",,,,,,
4a686668-1193-4bc2-800f-46c4c30415ee,2026-08-09T02:46:37.128672+00:00,C2-CONTROLLED-SNARK,controlled-groth16-pilot-v1,controlled_kernel,ark-groth16-0.6.0-bn254,5477ab05b549b750fa32dc9a1bc61898f74ebf21,de947ec44a622d90f62e247e4cad4e4a81bb578c8249825f66cc44a0179ee3b2,1746639416534455026,0,67,default,{},4096,4096,2,16,witness,113.805615,,,,,,,,,,,,,phase,,,true,,,,,measured,within-stack pilot; no Groth16-versus-PLONK claim,measurement,true,true,ok,"{""application_units"":4096.0,""constraint_count"":4096.0}",,,,,,
4a686668-1193-4bc2-800f-46c4c30415ee,2026-08-09T02:46:37.128697+00:00,C2-CONTROLLED-SNARK,controlled-groth16-pilot-v1,controlled_kernel,ark-groth16-0.6.0-bn254,5477ab05b549b750fa32dc9a1bc61898f74ebf21,de947ec44a622d90f62e247e4cad4e4a81bb578c8249825f66cc44a0179ee3b2,1746639416534455026,0,67,default,{},4096,4096,2,16,setup_or_preprocess,104.520490,,,,,,,,,,,,,phase,,,true,,,,,measured,within-stack pilot; no Groth16-versus-PLONK claim,measurement,true,true,ok,"{""constraint_count"":4096.0}",,,,,,
4a686668-1193-4bc2-800f-46c4c30415ee,2026-08-09T02:46:37.128716+00:00,C2-CONTROLLED-SNARK,controlled-groth16-pilot-v1,controlled_kernel,ark-groth16-0.6.0-bn254,5477ab05b549b750fa32dc9a1bc61898f74ebf21,de947ec44a622d90f62e247e4cad4e4a81bb578c8249825f66cc44a0179ee3b2,1746639416534455026,0,67,default,{},4096,4096,2,16,prove_total,80.004323,,,,,,,,,,,,,phase,,,true,,,,,measured,within-stack pilot; no Groth16-versus-PLONK claim,measurement,true,true,ok,"{""constraint_count"":4096.0}",,,,,,
4a686668-1193-4bc2-800f-46c4c30415ee,2026-08-09T02:46:37.128734+00:00,C2-CONTROLLED-SNARK,controlled-groth16-pilot-v1,controlled_kernel,ark-groth16-0.6.0-bn254,5477ab05b549b750fa32dc9a1bc61898f74ebf21,de947ec44a622d90f62e247e4cad4e4a81bb578c8249825f66cc44a0179ee3b2,1746639416534455026,0,67,default,{},4096,4096,2,16,serialize,0.016451,,,,,,,,,,,,,phase,,,true,,,,,measured,within-stack pilot; no Groth16-versus-PLONK claim,measurement,true,true,ok,"{""proof_bytes"":128.0}",,,,,,
4a686668-1193-4bc2-800f-46c4c30415ee,2026-08-09T02:46:37.128751+00:00,C2-CONTROLLED-SNARK,controlled-groth16-pilot-v1,controlled_kernel,ark-groth16-0.6.0-bn254,5477ab05b549b750fa32dc9a1bc61898f74ebf21,de947ec44a622d90f62e247e4cad4e4a81bb578c8249825f66cc44a0179ee3b2,1746639416534455026,0,67,default,{},4096,4096,2,16,deserialize,0.210289,,,,,,,,,,,,,phase,,,true,,,,,measured,within-stack pilot; no Groth16-versus-PLONK claim,measurement,true,true,ok,"{""proof_bytes"":128.0}",,,,,,
4a686668-1193-4bc2-800f-46c4c30415ee,2026-08-09T02:46:37.128768+00:00,C2-CONTROLLED-SNARK,controlled-groth16-pilot-v1,controlled_kernel,ark-groth16-0.6.0-bn254,5477ab05b549b750fa32dc9a1bc61898f74ebf21,de947ec44a622d90f62e247e4cad4e4a81bb578c8249825f66cc44a0179ee3b2,1746639416534455026,0,67,default,{},4096,4096,2,16,verify_core,1.179915,,,,,,,,,,,,,phase,,,true,,,,,measured,within-stack pilot; no Groth16-versus-PLONK claim,measurement,true,true,ok,{},,,,,,
4a686668-1193-4bc2-800f-46c4c30415ee,2026-08-09T02:46:37.128783+00:00,C2-CONTROLLED-SNARK,controlled-groth16-pilot-v1,controlled_kernel,ark-groth16-0.6.0-bn254,5477ab05b549b750fa32dc9a1bc61898f74ebf21,de947ec44a622d90f62e247e4cad4e4a81bb578c8249825f66cc44a0179ee3b2,1746639416534455026,0,67,default,{},4096,4096,2,16,verify_total,1.390314,,,,,,,,,,,,,phase,,,true,,,,,measured,within-stack pilot; no Groth16-versus-PLONK claim,measurement,true,true,ok,{},,,,,,
4a686668-1193-4bc2-800f-46c4c30415ee,2026-08-09T02:46:37.128799+00:00,C2-CONTROLLED-SNARK,controlled-groth16-pilot-v1,controlled_kernel,ark-groth16-0.6.0-bn254,5477ab05b549b750fa32dc9a1bc61898f74ebf21,de947ec44a622d90f62e247e4cad4e4a81bb578c8249825f66cc44a0179ee3b2,1746639416534455026,0,67,default,{},4096,4096,2,16,fft_ntt,,,,,,,,,,,,,,phase,,,true,,,ark-groth16 does not expose stable per-run phase hooks,,measured,within-stack pilot; no Groth16-versus-PLONK claim,measurement,true,false,unsupported,{},,,,,,
4a686668-1193-4bc2-800f-46c4c30415ee,2026-08-09T02:46:37.128815+00:00,C2-CONTROLLED-SNARK,controlled-groth16-pilot-v1,controlled_kernel,ark-groth16-0.6.0-bn254,5477ab05b549b750fa32dc9a1bc61898f74ebf21,de947ec44a622d90f62e247e4cad4e4a81bb578c8249825f66cc44a0179ee3b2,1746639416534455026,0,67,default,{},4096,4096,2,16,msm,,,,,,,,,,,,,,phase,,,true,,,ark-groth16 does not expose stable per-run phase hooks,,measured,within-stack pilot; no Groth16-versus-PLONK claim,measurement,true,false,unsupported,{},,,,,,
4a686668-1193-4bc2-800f-46c4c30415ee,2026-08-09T02:46:37.128830+00:00,C2-CONTROLLED-SNARK,controlled-groth16-pilot-v1,controlled_kernel,ark-groth16-0.6.0-bn254,5477ab05b549b750fa32dc9a1bc61898f74ebf21,de947ec44a622d90f62e247e4cad4e4a81bb578c8249825f66cc44a0179ee3b2,1746639416534455026,0,67,default,{},4096,4096,2,16,commitment,,,,,,,,,,,,,,phase,,,true,,,ark-groth16 does not expose stable per-run phase hooks,,measured,within-stack pilot; no Groth16-versus-PLONK claim,measurement,true,false,unsupported,{},,,,,,
4a686668-1193-4bc2-800f-46c4c30415ee,2026-08-09T02:46:37.128845+00:00,C2-CONTROLLED-SNARK,controlled-groth16-pilot-v1,controlled_kernel,ark-groth16-0.6.0-bn254,5477ab05b549b750fa32dc9a1bc61898f74ebf21,de947ec44a622d90f62e247e4cad4e4a81bb578c8249825f66cc44a0179ee3b2,1746639416534455026,0,67,default,{},4096,4096,2,16,key_load,,,,,,,,,,,,,,phase,,,true,,,ark-groth16 does not expose stable per-run phase hooks,,measured,within-stack pilot; no Groth16-versus-PLONK claim,measurement,true,false,unsupported,{},,,,,,
4a686668-1193-4bc2-800f-46c4c30415ee,2026-08-09T02:46:37.128860+00:00,C2-CONTROLLED-SNARK,controlled-groth16-pilot-v1,controlled_kernel,ark-groth16-0.6.0-bn254,5477ab05b549b750fa32dc9a1bc61898f74ebf21,de947ec44a622d90f62e247e4cad4e4a81bb578c8249825f66cc44a0179ee3b2,1746639416534455026,0,67,default,{},4096,4096,2,16,adapter_process_wall,352.169502,540.000000,14.507812,128,true,0,,3604,956,,,,linux-procfs,process,,,true,,,"Linux procfs read failed: [Errno 13] Permission denied: '/proc/3170/io'; private commit and per-process swap I/O are unavailable; VmSwap reports allocation, not swap traffic; No documented hardware or OS energy counter is configured in WSL2",,measured,within-stack pilot; no Groth16-versus-PLONK claim,measurement,true,true,ok,{},4096,2,4096,r1cs_constraints,5.0,64
8b361ebb-cd77-4e82-8429-e960ed7b5d8a,2026-08-09T02:46:37.444812+00:00,C2-CONTROLLED-SNARK,controlled-groth16-pilot-v1,controlled_kernel,ark-groth16-0.6.0-bn254,5477ab05b549b750fa32dc9a1bc61898f74ebf21,de947ec44a622d90f62e247e4cad4e4a81bb578c8249825f66cc44a0179ee3b2,6414992236904981164,1,68,default,{},1024,1024,8,16,native_execution,0.545415,,,,,,,,,,,,,phase,,,true,wrong_public_input,,,,measured,within-stack pilot; no Groth16-versus-PLONK claim,measurement,true,true,ok,"{""application_units"":1024.0}",,,,,,
8b361ebb-cd77-4e82-8429-e960ed7b5d8a,2026-08-09T02:46:37.444912+00:00,C2-CONTROLLED-SNARK,controlled-groth16-pilot-v1,controlled_kernel,ark-groth16-0.6.0-bn254,5477ab05b549b750fa32dc9a1bc61898f74ebf21,de947ec44a622d90f62e247e4cad4e4a81bb578c8249825f66cc44a0179ee3b2,6414992236904981164,1,68,default,{},1024,1024,8,16,witness,173.200071,,,,,,,,,,,,,phase,,,true,wrong_public_input,,,,measured,within-stack pilot; no Groth16-versus-PLONK claim,measurement,true,true,ok,"{""application_units"":1024.0,""constraint_count"":1024.0}",,,,,,
8b361ebb-cd77-4e82-8429-e960ed7b5d8a,2026-08-09T02:46:37.444934+00:00,C2-CONTROLLED-SNARK,controlled-groth16-pilot-v1,controlled_kernel,ark-groth16-0.6.0-bn254,5477ab05b549b750fa32dc9a1bc61898f74ebf21,de947ec44a622d90f62e247e4cad4e4a81bb578c8249825f66cc44a0179ee3b2,6414992236904981164,1,68,default,{},1024,1024,8,16,setup_or_preprocess,23.971411,,,,,,,,,,,,,phase,,,true,wrong_public_input,,,,measured,within-stack pilot; no Groth16-versus-PLONK claim,measurement,true,true,ok,"{""constraint_count"":1024.0}",,,,,,
8b361ebb-cd77-4e82-8429-e960ed7b5d8a,2026-08-09T02:46:37.444950+00:00,C2-CONTROLLED-SNARK,controlled-groth16-pilot-v1,controlled_kernel,ark-groth16-0.6.0-bn254,5477ab05b549b750fa32dc9a1bc61898f74ebf21,de947ec44a622d90f62e247e4cad4e4a81bb578c8249825f66cc44a0179ee3b2,6414992236904981164,1,68,default,{},1024,1024,8,16,prove_total,67.741054,,,,,,,,,,,,,phase,,,true,wrong_public_input,,,,measured,within-stack pilot; no Groth16-versus-PLONK claim,measurement,true,true,ok,"{""constraint_count"":1024.0}",,,,,,
8b361ebb-cd77-4e82-8429-e960ed7b5d8a,2026-08-09T02:46:37.444964+00:00,C2-CONTROLLED-SNARK,controlled-groth16-pilot-v1,controlled_kernel,ark-groth16-0.6.0-bn254,5477ab05b549b750fa32dc9a1bc61898f74ebf21,de947ec44a622d90f62e247e4cad4e4a81bb578c8249825f66cc44a0179ee3b2,6414992236904981164,1,68,default,{},1024,1024,8,16,serialize,0.003046,,,,,,,,,,,,,phase,,,true,wrong_public_input,,,,measured,within-stack pilot; no Groth16-versus-PLONK claim,measurement,true,true,ok,"{""proof_bytes"":128.0}",,,,,,
8b361ebb-cd77-4e82-8429-e960ed7b5d8a,2026-08-09T02:46:37.444978+00:00,C2-CONTROLLED-SNARK,controlled-groth16-pilot-v1,controlled_kernel,ark-groth16-0.6.0-bn254,5477ab05b549b750fa32dc9a1bc61898f74ebf21,de947ec44a622d90f62e247e4cad4e4a81bb578c8249825f66cc44a0179ee3b2,6414992236904981164,1,68,default,{},1024,1024,8,16,deserialize,0.208446,,,,,,,,,,,,,phase,,,true,wrong_public_input,,,,measured,within-stack pilot; no Groth16-versus-PLONK claim,measurement,true,true,ok,"{""proof_bytes"":128.0}",,,,,,
8b361ebb-cd77-4e82-8429-e960ed7b5d8a,2026-08-09T02:46:37.444991+00:00,C2-CONTROLLED-SNARK,controlled-groth16-pilot-v1,controlled_kernel,ark-groth16-0.6.0-bn254,5477ab05b549b750fa32dc9a1bc61898f74ebf21,de947ec44a622d90f62e247e4cad4e4a81bb578c8249825f66cc44a0179ee3b2,6414992236904981164,1,68,default,{},1024,1024,8,16,verify_core,1.191677,,,,,,,,,,,,,phase,,,true,wrong_public_input,1.191677,,,measured,within-stack pilot; no Groth16-versus-PLONK claim,measurement,true,true,ok,{},,,,,,
8b361ebb-cd77-4e82-8429-e960ed7b5d8a,2026-08-09T02:46:37.445006+00:00,C2-CONTROLLED-SNARK,controlled-groth16-pilot-v1,controlled_kernel,ark-groth16-0.6.0-bn254,5477ab05b549b750fa32dc9a1bc61898f74ebf21,de947ec44a622d90f62e247e4cad4e4a81bb578c8249825f66cc44a0179ee3b2,6414992236904981164,1,68,default,{},1024,1024,8,16,invalid_reject,1.191677,,,,,,,,,,,,,phase,,,true,wrong_public_input,,,,measured,within-stack pilot; no Groth16-versus-PLONK claim,measurement,true,true,ok,{},,,,,,
8b361ebb-cd77-4e82-8429-e960ed7b5d8a,2026-08-09T02:46:37.445019+00:00,C2-CONTROLLED-SNARK,controlled-groth16-pilot-v1,controlled_kernel,ark-groth16-0.6.0-bn254,5477ab05b549b750fa32dc9a1bc61898f74ebf21,de947ec44a622d90f62e247e4cad4e4a81bb578c8249825f66cc44a0179ee3b2,6414992236904981164,1,68,default,{},1024,1024,8,16,verify_total,1.400473,,,,,,,,,,,,,phase,,,true,wrong_public_input,,,,measured,within-stack pilot; no Groth16-versus-PLONK claim,measurement,true,true,ok,{},,,,,,
8b361ebb-cd77-4e82-8429-e960ed7b5d8a,2026-08-09T02:46:37.445033+00:00,C2-CONTROLLED-SNARK,controlled-groth16-pilot-v1,controlled_kernel,ark-groth16-0.6.0-bn254,5477ab05b549b750fa32dc9a1bc61898f74ebf21,de947ec44a622d90f62e247e4cad4e4a81bb578c8249825f66cc44a0179ee3b2,6414992236904981164,1,68,default,{},1024,1024,8,16,fft_ntt,,,,,,,,,,,,,,phase,,,true,wrong_public_input,,ark-groth16 does not expose stable per-run phase hooks,,measured,within-stack pilot; no Groth16-versus-PLONK claim,measurement,true,false,unsupported,{},,,,,,
8b361ebb-cd77-4e82-8429-e960ed7b5d8a,2026-08-09T02:46:37.445047+00:00,C2-CONTROLLED-SNARK,controlled-groth16-pilot-v1,controlled_kernel,ark-groth16-0.6.0-bn254,5477ab05b549b750fa32dc9a1bc61898f74ebf21,de947ec44a622d90f62e247e4cad4e4a81bb578c8249825f66cc44a0179ee3b2,6414992236904981164,1,68,default,{},1024,1024,8,16,msm,,,,,,,,,,,,,,phase,,,true,wrong_public_input,,ark-groth16 does not expose stable per-run phase hooks,,measured,within-stack pilot; no Groth16-versus-PLONK claim,measurement,true,false,unsupported,{},,,,,,
8b361ebb-cd77-4e82-8429-e960ed7b5d8a,2026-08-09T02:46:37.445092+00:00,C2-CONTROLLED-SNARK,controlled-groth16-pilot-v1,controlled_kernel,ark-groth16-0.6.0-bn254,5477ab05b549b750fa32dc9a1bc61898f74ebf21,de947ec44a622d90f62e247e4cad4e4a81bb578c8249825f66cc44a0179ee3b2,6414992236904981164,1,68,default,{},1024,1024,8,16,commitment,,,,,,,,,,,,,,phase,,,true,wrong_public_input,,ark-groth16 does not expose stable per-run phase hooks,,measured,within-stack pilot; no Groth16-versus-PLONK claim,measurement,true,false,unsupported,{},,,,,,
8b361ebb-cd77-4e82-8429-e960ed7b5d8a,2026-08-09T02:46:37.445111+00:00,C2-CONTROLLED-SNARK,controlled-groth16-pilot-v1,controlled_kernel,ark-groth16-0.6.0-bn254,5477ab05b549b750fa32dc9a1bc61898f74ebf21,de947ec44a622d90f62e247e4cad4e4a81bb578c8249825f66cc44a0179ee3b2,6414992236904981164,1,68,default,{},1024,1024,8,16,key_load,,,,,,,,,,,,,,phase,,,true,wrong_public_input,,ark-groth16 does not expose stable per-run phase hooks,,measured,within-stack pilot; no Groth16-versus-PLONK claim,measurement,true,false,unsupported,{},,,,,,
8b361ebb-cd77-4e82-8429-e960ed7b5d8a,2026-08-09T02:46:37.445126+00:00,C2-CONTROLLED-SNARK,controlled-groth16-pilot-v1,controlled_kernel,ark-groth16-0.6.0-bn254,5477ab05b549b750fa32dc9a1bc61898f74ebf21,de947ec44a622d90f62e247e4cad4e4a81bb578c8249825f66cc44a0179ee3b2,6414992236904981164,1,68,default,{},1024,1024,8,16,adapter_process_wall,315.046696,760.000000,8.500000,128,false,0,cryptographic_rejection,1398,956,,,,linux-procfs,process,,,true,wrong_public_input,,"private commit and per-process swap I/O are unavailable; VmSwap reports allocation, not swap traffic; No documented hardware or OS energy counter is configured in WSL2",,measured,within-stack pilot; no Groth16-versus-PLONK claim,measurement,true,true,ok,{},1024,2,1024,r1cs_constraints,5.0,59
ef4a8aca-6a6c-4982-8825-81a8305d1538,2026-08-09T02:46:37.519333+00:00,C2-CONTROLLED-SNARK,controlled-groth16-pilot-v1,controlled_kernel,ark-groth16-0.6.0-bn254,5477ab05b549b750fa32dc9a1bc61898f74ebf21,de947ec44a622d90f62e247e4cad4e4a81bb578c8249825f66cc44a0179ee3b2,4863821821766382102,1,69,default,{},64,64,2,16,native_execution,0.581257,,,,,,,,,,,,,phase,,,true,,,,,measured,within-stack pilot; no Groth16-versus-PLONK claim,measurement,true,true,ok,"{""application_units"":64.0}",,,,,,
ef4a8aca-6a6c-4982-8825-81a8305d1538,2026-08-09T02:46:37.519395+00:00,C2-CONTROLLED-SNARK,controlled-groth16-pilot-v1,controlled_kernel,ark-groth16-0.6.0-bn254,5477ab05b549b750fa32dc9a1bc61898f74ebf21,de947ec44a622d90f62e247e4cad4e4a81bb578c8249825f66cc44a0179ee3b2,4863821821766382102,1,69,default,{},64,64,2,16,witness,5.433700,,,,,,,,,,,,,phase,,,true,,,,,measured,within-stack pilot; no Groth16-versus-PLONK claim,measurement,true,true,ok,"{""application_units"":64.0,""constraint_count"":64.0}",,,,,,
ef4a8aca-6a6c-4982-8825-81a8305d1538,2026-08-09T02:46:37.519416+00:00,C2-CONTROLLED-SNARK,controlled-groth16-pilot-v1,controlled_kernel,ark-groth16-0.6.0-bn254,5477ab05b549b750fa32dc9a1bc61898f74ebf21,de947ec44a622d90f62e247e4cad4e4a81bb578c8249825f66cc44a0179ee3b2,4863821821766382102,1,69,default,{},64,64,2,16,setup_or_preprocess,11.867681,,,,,,,,,,,,,phase,,,true,,,,,measured,within-stack pilot; no Groth16-versus-PLONK claim,measurement,true,true,ok,"{""constraint_count"":64.0}",,,,,,
ef4a8aca-6a6c-4982-8825-81a8305d1538,2026-08-09T02:46:37.519432+00:00,C2-CONTROLLED-SNARK,controlled-groth16-pilot-v1,controlled_kernel,ark-groth16-0.6.0-bn254,5477ab05b549b750fa32dc9a1bc61898f74ebf21,de947ec44a622d90f62e247e4cad4e4a81bb578c8249825f66cc44a0179ee3b2,4863821821766382102,1,69,default,{},64,64,2,16,prove_total,6.708758,,,,,,,,,,,,,phase,,,true,,,,,measured,within-stack pilot; no Groth16-versus-PLONK claim,measurement,true,true,ok,"{""constraint_count"":64.0}",,,,,,
ef4a8aca-6a6c-4982-8825-81a8305d1538,2026-08-09T02:46:37.519447+00:00,C2-CONTROLLED-SNARK,controlled-groth16-pilot-v1,controlled_kernel,ark-groth16-0.6.0-bn254,5477ab05b549b750fa32dc9a1bc61898f74ebf21,de947ec44a622d90f62e247e4cad4e4a81bb578c8249825f66cc44a0179ee3b2,4863821821766382102,1,69,default,{},64,64,2,16,serialize,0.001974,,,,,,,,,,,,,phase,,,true,,,,,measured,within-stack pilot; no Groth16-versus-PLONK claim,measurement,true,true,ok,"{""proof_bytes"":128.0}",,,,,,
ef4a8aca-6a6c-4982-8825-81a8305d1538,2026-08-09T02:46:37.519460+00:00,C2-CONTROLLED-SNARK,controlled-groth16-pilot-v1,controlled_kernel,ark-groth16-0.6.0-bn254,5477ab05b549b750fa32dc9a1bc61898f74ebf21,de947ec44a622d90f62e247e4cad4e4a81bb578c8249825f66cc44a0179ee3b2,4863821821766382102,1,69,default,{},64,64,2,16,deserialize,0.259721,,,,,,,,,,,,,phase,,,true,,,,,measured,within-stack pilot; no Groth16-versus-PLONK claim,measurement,true,true,ok,"{""proof_bytes"":128.0}",,,,,,
ef4a8aca-6a6c-4982-8825-81a8305d1538,2026-08-09T02:46:37.519474+00:00,C2-CONTROLLED-SNARK,controlled-groth16-pilot-v1,controlled_kernel,ark-groth16-0.6.0-bn254,5477ab05b549b750fa32dc9a1bc61898f74ebf21,de947ec44a622d90f62e247e4cad4e4a81bb578c8249825f66cc44a0179ee3b2,4863821821766382102,1,69,default,{},64,64,2,16,verify_core,1.022518,,,,,,,,,,,,,phase,,,true,,,,,measured,within-stack pilot; no Groth16-versus-PLONK claim,measurement,true,true,ok,{},,,,,,
ef4a8aca-6a6c-4982-8825-81a8305d1538,2026-08-09T02:46:37.519486+00:00,C2-CONTROLLED-SNARK,controlled-groth16-pilot-v1,controlled_kernel,ark-groth16-0.6.0-bn254,5477ab05b549b750fa32dc9a1bc61898f74ebf21,de947ec44a622d90f62e247e4cad4e4a81bb578c8249825f66cc44a0179ee3b2,4863821821766382102,1,69,default,{},64,64,2,16,verify_total,1.282389,,,,,,,,,,,,,phase,,,true,,,,,measured,within-stack pilot; no Groth16-versus-PLONK claim,measurement,true,true,ok,{},,,,,,
ef4a8aca-6a6c-4982-8825-81a8305d1538,2026-08-09T02:46:37.519500+00:00,C2-CONTROLLED-SNARK,controlled-groth16-pilot-v1,controlled_kernel,ark-groth16-0.6.0-bn254,5477ab05b549b750fa32dc9a1bc61898f74ebf21,de947ec44a622d90f62e247e4cad4e4a81bb578c8249825f66cc44a0179ee3b2,4863821821766382102,1,69,default,{},64,64,2,16,fft_ntt,,,,,,,,,,,,,,phase,,,true,,,ark-groth16 does not expose stable per-run phase hooks,,measured,within-stack pilot; no Groth16-versus-PLONK claim,measurement,true,false,unsupported,{},,,,,,
ef4a8aca-6a6c-4982-8825-81a8305d1538,2026-08-09T02:46:37.519513+00:00,C2-CONTROLLED-SNARK,controlled-groth16-pilot-v1,controlled_kernel,ark-groth16-0.6.0-bn254,5477ab05b549b750fa32dc9a1bc61898f74ebf21,de947ec44a622d90f62e247e4cad4e4a81bb578c8249825f66cc44a0179ee3b2,4863821821766382102,1,69,default,{},64,64,2,16,msm,,,,,,,,,,,,,,phase,,,true,,,ark-groth16 does not expose stable per-run phase hooks,,measured,within-stack pilot; no Groth16-versus-PLONK claim,measurement,true,false,unsupported,{},,,,,,
ef4a8aca-6a6c-4982-8825-81a8305d1538,2026-08-09T02:46:37.519526+00:00,C2-CONTROLLED-SNARK,controlled-groth16-pilot-v1,controlled_kernel,ark-groth16-0.6.0-bn254,5477ab05b549b750fa32dc9a1bc61898f74ebf21,de947ec44a622d90f62e247e4cad4e4a81bb578c8249825f66cc44a0179ee3b2,4863821821766382102,1,69,default,{},64,64,2,16,commitment,,,,,,,,,,,,,,phase,,,true,,,ark-groth16 does not expose stable per-run phase hooks,,measured,within-stack pilot; no Groth16-versus-PLONK claim,measurement,true,false,unsupported,{},,,,,,
ef4a8aca-6a6c-4982-8825-81a8305d1538,2026-08-09T02:46:37.519538+00:00,C2-CONTROLLED-SNARK,controlled-groth16-pilot-v1,controlled_kernel,ark-groth16-0.6.0-bn254,5477ab05b549b750fa32dc9a1bc61898f74ebf21,de947ec44a622d90f62e247e4cad4e4a81bb578c8249825f66cc44a0179ee3b2,4863821821766382102,1,69,default,{},64,64,2,16,key_load,,,,,,,,,,,,,,phase,,,true,,,ark-groth16 does not expose stable per-run phase hooks,,measured,within-stack pilot; no Groth16-versus-PLONK claim,measurement,true,false,unsupported,{},,,,,,
ef4a8aca-6a6c-4982-8825-81a8305d1538,2026-08-09T02:46:37.519550+00:00,C2-CONTROLLED-SNARK,controlled-groth16-pilot-v1,controlled_kernel,ark-groth16-0.6.0-bn254,5477ab05b549b750fa32dc9a1bc61898f74ebf21,de947ec44a622d90f62e247e4cad4e4a81bb578c8249825f66cc44a0179ee3b2,4863821821766382102,1,69,default,{},64,64,2,16,adapter_process_wall,73.281128,20.000000,5.039062,128,true,0,,346,956,,,,linux-procfs,process,,,true,,,"Linux procfs read failed: [Errno 13] Permission denied: '/proc/3238/io'; private commit and per-process swap I/O are unavailable; VmSwap reports allocation, not swap traffic; No documented hardware or OS energy counter is configured in WSL2",,measured,within-stack pilot; no Groth16-versus-PLONK claim,measurement,true,true,ok,{},64,2,64,r1cs_constraints,5.0,13
146ed33a-e79c-4f0b-bdd1-6017d6536fe3,2026-08-09T02:46:37.580376+00:00,C2-CONTROLLED-SNARK,controlled-groth16-pilot-v1,controlled_kernel,ark-groth16-0.6.0-bn254,5477ab05b549b750fa32dc9a1bc61898f74ebf21,de947ec44a622d90f62e247e4cad4e4a81bb578c8249825f66cc44a0179ee3b2,2266839752194914300,0,70,default,{},64,64,1,16,native_execution,0.015108,,,,,,,,,,,,,phase,,,true,,,,,measured,within-stack pilot; no Groth16-versus-PLONK claim,measurement,true,true,ok,"{""application_units"":64.0}",,,,,,
146ed33a-e79c-4f0b-bdd1-6017d6536fe3,2026-08-09T02:46:37.580493+00:00,C2-CONTROLLED-SNARK,controlled-groth16-pilot-v1,controlled_kernel,ark-groth16-0.6.0-bn254,5477ab05b549b750fa32dc9a1bc61898f74ebf21,de947ec44a622d90f62e247e4cad4e4a81bb578c8249825f66cc44a0179ee3b2,2266839752194914300,0,70,default,{},64,64,1,16,witness,0.757393,,,,,,,,,,,,,phase,,,true,,,,,measured,within-stack pilot; no Groth16-versus-PLONK claim,measurement,true,true,ok,"{""application_units"":64.0,""constraint_count"":64.0}",,,,,,
146ed33a-e79c-4f0b-bdd1-6017d6536fe3,2026-08-09T02:46:37.580520+00:00,C2-CONTROLLED-SNARK,controlled-groth16-pilot-v1,controlled_kernel,ark-groth16-0.6.0-bn254,5477ab05b549b750fa32dc9a1bc61898f74ebf21,de947ec44a622d90f62e247e4cad4e4a81bb578c8249825f66cc44a0179ee3b2,2266839752194914300,0,70,default,{},64,64,1,16,setup_or_preprocess,10.040860,,,,,,,,,,,,,phase,,,true,,,,,measured,within-stack pilot; no Groth16-versus-PLONK claim,measurement,true,true,ok,"{""constraint_count"":64.0}",,,,,,
146ed33a-e79c-4f0b-bdd1-6017d6536fe3,2026-08-09T02:46:37.580539+00:00,C2-CONTROLLED-SNARK,controlled-groth16-pilot-v1,controlled_kernel,ark-groth16-0.6.0-bn254,5477ab05b549b750fa32dc9a1bc61898f74ebf21,de947ec44a622d90f62e247e4cad4e4a81bb578c8249825f66cc44a0179ee3b2,2266839752194914300,0,70,default,{},64,64,1,16,prove_total,7.710945,,,,,,,,,,,,,phase,,,true,,,,,measured,within-stack pilot; no Groth16-versus-PLONK claim,measurement,true,true,ok,"{""constraint_count"":64.0}",,,,,,
146ed33a-e79c-4f0b-bdd1-6017d6536fe3,2026-08-09T02:46:37.580560+00:00,C2-CONTROLLED-SNARK,controlled-groth16-pilot-v1,controlled_kernel,ark-groth16-0.6.0-bn254,5477ab05b549b750fa32dc9a1bc61898f74ebf21,de947ec44a622d90f62e247e4cad4e4a81bb578c8249825f66cc44a0179ee3b2,2266839752194914300,0,70,default,{},64,64,1,16,serialize,0.002525,,,,,,,,,,,,,phase,,,true,,,,,measured,within-stack pilot; no Groth16-versus-PLONK claim,measurement,true,true,ok,"{""proof_bytes"":128.0}",,,,,,
146ed33a-e79c-4f0b-bdd1-6017d6536fe3,2026-08-09T02:46:37.580576+00:00,C2-CONTROLLED-SNARK,controlled-groth16-pilot-v1,controlled_kernel,ark-groth16-0.6.0-bn254,5477ab05b549b750fa32dc9a1bc61898f74ebf21,de947ec44a622d90f62e247e4cad4e4a81bb578c8249825f66cc44a0179ee3b2,2266839752194914300,0,70,default,{},64,64,1,16,deserialize,0.165256,,,,,,,,,,,,,phase,,,true,,,,,measured,within-stack pilot; no Groth16-versus-PLONK claim,measurement,true,true,ok,"{""proof_bytes"":128.0}",,,,,,
146ed33a-e79c-4f0b-bdd1-6017d6536fe3,2026-08-09T02:46:37.580592+00:00,C2-CONTROLLED-SNARK,controlled-groth16-pilot-v1,controlled_kernel,ark-groth16-0.6.0-bn254,5477ab05b549b750fa32dc9a1bc61898f74ebf21,de947ec44a622d90f62e247e4cad4e4a81bb578c8249825f66cc44a0179ee3b2,2266839752194914300,0,70,default,{},64,64,1,16,verify_core,1.059912,,,,,,,,,,,,,phase,,,true,,,,,measured,within-stack pilot; no Groth16-versus-PLONK claim,measurement,true,true,ok,{},,,,,,
146ed33a-e79c-4f0b-bdd1-6017d6536fe3,2026-08-09T02:46:37.580608+00:00,C2-CONTROLLED-SNARK,controlled-groth16-pilot-v1,controlled_kernel,ark-groth16-0.6.0-bn254,5477ab05b549b750fa32dc9a1bc61898f74ebf21,de947ec44a622d90f62e247e4cad4e4a81bb578c8249825f66cc44a0179ee3b2,2266839752194914300,0,70,default,{},64,64,1,16,verify_total,1.225288,,,,,,,,,,,,,phase,,,true,,,,,measured,within-stack pilot; no Groth16-versus-PLONK claim,measurement,true,true,ok,{},,,,,,
146ed33a-e79c-4f0b-bdd1-6017d6536fe3,2026-08-09T02:46:37.580624+00:00,C2-CONTROLLED-SNARK,controlled-groth16-pilot-v1,controlled_kernel,ark-groth16-0.6.0-bn254,5477ab05b549b750fa32dc9a1bc61898f74ebf21,de947ec44a622d90f62e247e4cad4e4a81bb578c8249825f66cc44a0179ee3b2,2266839752194914300,0,70,default,{},64,64,1,16,fft_ntt,,,,,,,,,,,,,,phase,,,true,,,ark-groth16 does not expose stable per-run phase hooks,,measured,within-stack pilot; no Groth16-versus-PLONK claim,measurement,true,false,unsupported,{},,,,,,
146ed33a-e79c-4f0b-bdd1-6017d6536fe3,2026-08-09T02:46:37.580640+00:00,C2-CONTROLLED-SNARK,controlled-groth16-pilot-v1,controlled_kernel,ark-groth16-0.6.0-bn254,5477ab05b549b750fa32dc9a1bc61898f74ebf21,de947ec44a622d90f62e247e4cad4e4a81bb578c8249825f66cc44a0179ee3b2,2266839752194914300,0,70,default,{},64,64,1,16,msm,,,,,,,,,,,,,,phase,,,true,,,ark-groth16 does not expose stable per-run phase hooks,,measured,within-stack pilot; no Groth16-versus-PLONK claim,measurement,true,false,unsupported,{},,,,,,
146ed33a-e79c-4f0b-bdd1-6017d6536fe3,2026-08-09T02:46:37.580655+00:00,C2-CONTROLLED-SNARK,controlled-groth16-pilot-v1,controlled_kernel,ark-groth16-0.6.0-bn254,5477ab05b549b750fa32dc9a1bc61898f74ebf21,de947ec44a622d90f62e247e4cad4e4a81bb578c8249825f66cc44a0179ee3b2,2266839752194914300,0,70,default,{},64,64,1,16,commitment,,,,,,,,,,,,,,phase,,,true,,,ark-groth16 does not expose stable per-run phase hooks,,measured,within-stack pilot; no Groth16-versus-PLONK claim,measurement,true,false,unsupported,{},,,,,,
146ed33a-e79c-4f0b-bdd1-6017d6536fe3,2026-08-09T02:46:37.580670+00:00,C2-CONTROLLED-SNARK,controlled-groth16-pilot-v1,controlled_kernel,ark-groth16-0.6.0-bn254,5477ab05b549b750fa32dc9a1bc61898f74ebf21,de947ec44a622d90f62e247e4cad4e4a81bb578c8249825f66cc44a0179ee3b2,2266839752194914300,0,70,default,{},64,64,1,16,key_load,,,,,,,,,,,,,,phase,,,true,,,ark-groth16 does not expose stable per-run phase hooks,,measured,within-stack pilot; no Groth16-versus-PLONK claim,measurement,true,false,unsupported,{},,,,,,
146ed33a-e79c-4f0b-bdd1-6017d6536fe3,2026-08-09T02:46:37.580684+00:00,C2-CONTROLLED-SNARK,controlled-groth16-pilot-v1,controlled_kernel,ark-groth16-0.6.0-bn254,5477ab05b549b750fa32dc9a1bc61898f74ebf21,de947ec44a622d90f62e247e4cad4e4a81bb578c8249825f66cc44a0179ee3b2,2266839752194914300,0,70,default,{},64,64,1,16,adapter_process_wall,59.829705,10.000000,5.035156,128,true,0,,291,956,,,,linux-procfs,process,,,true,,,"private commit and per-process swap I/O are unavailable; VmSwap reports allocation, not swap traffic; No documented hardware or OS energy counter is configured in WSL2",,measured,within-stack pilot; no Groth16-versus-PLONK claim,measurement,true,true,ok,{},64,2,64,r1cs_constraints,5.0,11
a1c0dd49-f15b-472b-ba9f-2f1ccd7542cb,2026-08-09T02:46:37.994794+00:00,C2-CONTROLLED-SNARK,controlled-groth16-pilot-v1,controlled_kernel,ark-groth16-0.6.0-bn254,5477ab05b549b750fa32dc9a1bc61898f74ebf21,de947ec44a622d90f62e247e4cad4e4a81bb578c8249825f66cc44a0179ee3b2,2753419927700606393,0,71,default,{},4096,4096,1,16,native_execution,0.628720,,,,,,,,,,,,,phase,,,true,,,,,measured,within-stack pilot; no Groth16-versus-PLONK claim,measurement,true,true,ok,"{""application_units"":4096.0}",,,,,,
a1c0dd49-f15b-472b-ba9f-2f1ccd7542cb,2026-08-09T02:46:37.994910+00:00,C2-CONTROLLED-SNARK,controlled-groth16-pilot-v1,controlled_kernel,ark-groth16-0.6.0-bn254,5477ab05b549b750fa32dc9a1bc61898f74ebf21,de947ec44a622d90f62e247e4cad4e4a81bb578c8249825f66cc44a0179ee3b2,2753419927700606393,0,71,default,{},4096,4096,1,16,witness,40.826898,,,,,,,,,,,,,phase,,,true,,,,,measured,within-stack pilot; no Groth16-versus-PLONK claim,measurement,true,true,ok,"{""application_units"":4096.0,""constraint_count"":4096.0}",,,,,,
a1c0dd49-f15b-472b-ba9f-2f1ccd7542cb,2026-08-09T02:46:37.994933+00:00,C2-CONTROLLED-SNARK,controlled-groth16-pilot-v1,controlled_kernel,ark-groth16-0.6.0-bn254,5477ab05b549b750fa32dc9a1bc61898f74ebf21,de947ec44a622d90f62e247e4cad4e4a81bb578c8249825f66cc44a0179ee3b2,2753419927700606393,0,71,default,{},4096,4096,1,16,setup_or_preprocess,179.136973,,,,,,,,,,,,,phase,,,true,,,,,measured,within-stack pilot; no Groth16-versus-PLONK claim,measurement,true,true,ok,"{""constraint_count"":4096.0}",,,,,,
a1c0dd49-f15b-472b-ba9f-2f1ccd7542cb,2026-08-09T02:46:37.994949+00:00,C2-CONTROLLED-SNARK,controlled-groth16-pilot-v1,controlled_kernel,ark-groth16-0.6.0-bn254,5477ab05b549b750fa32dc9a1bc61898f74ebf21,de947ec44a622d90f62e247e4cad4e4a81bb578c8249825f66cc44a0179ee3b2,2753419927700606393,0,71,default,{},4096,4096,1,16,prove_total,138.515399,,,,,,,,,,,,,phase,,,true,,,,,measured,within-stack pilot; no Groth16-versus-PLONK claim,measurement,true,true,ok,"{""constraint_count"":4096.0}",,,,,,
a1c0dd49-f15b-472b-ba9f-2f1ccd7542cb,2026-08-09T02:46:37.994963+00:00,C2-CONTROLLED-SNARK,controlled-groth16-pilot-v1,controlled_kernel,ark-groth16-0.6.0-bn254,5477ab05b549b750fa32dc9a1bc61898f74ebf21,de947ec44a622d90f62e247e4cad4e4a81bb578c8249825f66cc44a0179ee3b2,2753419927700606393,0,71,default,{},4096,4096,1,16,serialize,0.002765,,,,,,,,,,,,,phase,,,true,,,,,measured,within-stack pilot; no Groth16-versus-PLONK claim,measurement,true,true,ok,"{""proof_bytes"":128.0}",,,,,,
a1c0dd49-f15b-472b-ba9f-2f1ccd7542cb,2026-08-09T02:46:37.994978+00:00,C2-CONTROLLED-SNARK,controlled-groth16-pilot-v1,controlled_kernel,ark-groth16-0.6.0-bn254,5477ab05b549b750fa32dc9a1bc61898f74ebf21,de947ec44a622d90f62e247e4cad4e4a81bb578c8249825f66cc44a0179ee3b2,2753419927700606393,0,71,default,{},4096,4096,1,16,deserialize,0.191837,,,,,,,,,,,,,phase,,,true,,,,,measured,within-stack pilot; no Groth16-versus-PLONK claim,measurement,true,true,ok,"{""proof_bytes"":128.0}",,,,,,
a1c0dd49-f15b-472b-ba9f-2f1ccd7542cb,2026-08-09T02:46:37.994991+00:00,C2-CONTROLLED-SNARK,controlled-groth16-pilot-v1,controlled_kernel,ark-groth16-0.6.0-bn254,5477ab05b549b750fa32dc9a1bc61898f74ebf21,de947ec44a622d90f62e247e4cad4e4a81bb578c8249825f66cc44a0179ee3b2,2753419927700606393,0,71,default,{},4096,4096,1,16,verify_core,1.243193,,,,,,,,,,,,,phase,,,true,,,,,measured,within-stack pilot; no Groth16-versus-PLONK claim,measurement,true,true,ok,{},,,,,,
a1c0dd49-f15b-472b-ba9f-2f1ccd7542cb,2026-08-09T02:46:37.995004+00:00,C2-CONTROLLED-SNARK,controlled-groth16-pilot-v1,controlled_kernel,ark-groth16-0.6.0-bn254,5477ab05b549b750fa32dc9a1bc61898f74ebf21,de947ec44a622d90f62e247e4cad4e4a81bb578c8249825f66cc44a0179ee3b2,2753419927700606393,0,71,default,{},4096,4096,1,16,verify_total,1.435270,,,,,,,,,,,,,phase,,,true,,,,,measured,within-stack pilot; no Groth16-versus-PLONK claim,measurement,true,true,ok,{},,,,,,
a1c0dd49-f15b-472b-ba9f-2f1ccd7542cb,2026-08-09T02:46:37.995019+00:00,C2-CONTROLLED-SNARK,controlled-groth16-pilot-v1,controlled_kernel,ark-groth16-0.6.0-bn254,5477ab05b549b750fa32dc9a1bc61898f74ebf21,de947ec44a622d90f62e247e4cad4e4a81bb578c8249825f66cc44a0179ee3b2,2753419927700606393,0,71,default,{},4096,4096,1,16,fft_ntt,,,,,,,,,,,,,,phase,,,true,,,ark-groth16 does not expose stable per-run phase hooks,,measured,within-stack pilot; no Groth16-versus-PLONK claim,measurement,true,false,unsupported,{},,,,,,
a1c0dd49-f15b-472b-ba9f-2f1ccd7542cb,2026-08-09T02:46:37.995034+00:00,C2-CONTROLLED-SNARK,controlled-groth16-pilot-v1,controlled_kernel,ark-groth16-0.6.0-bn254,5477ab05b549b750fa32dc9a1bc61898f74ebf21,de947ec44a622d90f62e247e4cad4e4a81bb578c8249825f66cc44a0179ee3b2,2753419927700606393,0,71,default,{},4096,4096,1,16,msm,,,,,,,,,,,,,,phase,,,true,,,ark-groth16 does not expose stable per-run phase hooks,,measured,within-stack pilot; no Groth16-versus-PLONK claim,measurement,true,false,unsupported,{},,,,,,
a1c0dd49-f15b-472b-ba9f-2f1ccd7542cb,2026-08-09T02:46:37.995047+00:00,C2-CONTROLLED-SNARK,controlled-groth16-pilot-v1,controlled_kernel,ark-groth16-0.6.0-bn254,5477ab05b549b750fa32dc9a1bc61898f74ebf21,de947ec44a622d90f62e247e4cad4e4a81bb578c8249825f66cc44a0179ee3b2,2753419927700606393,0,71,default,{},4096,4096,1,16,commitment,,,,,,,,,,,,,,phase,,,true,,,ark-groth16 does not expose stable per-run phase hooks,,measured,within-stack pilot; no Groth16-versus-PLONK claim,measurement,true,false,unsupported,{},,,,,,
a1c0dd49-f15b-472b-ba9f-2f1ccd7542cb,2026-08-09T02:46:37.995059+00:00,C2-CONTROLLED-SNARK,controlled-groth16-pilot-v1,controlled_kernel,ark-groth16-0.6.0-bn254,5477ab05b549b750fa32dc9a1bc61898f74ebf21,de947ec44a622d90f62e247e4cad4e4a81bb578c8249825f66cc44a0179ee3b2,2753419927700606393,0,71,default,{},4096,4096,1,16,key_load,,,,,,,,,,,,,,phase,,,true,,,ark-groth16 does not expose stable per-run phase hooks,,measured,within-stack pilot; no Groth16-versus-PLONK claim,measurement,true,false,unsupported,{},,,,,,
a1c0dd49-f15b-472b-ba9f-2f1ccd7542cb,2026-08-09T02:46:37.995071+00:00,C2-CONTROLLED-SNARK,controlled-groth16-pilot-v1,controlled_kernel,ark-groth16-0.6.0-bn254,5477ab05b549b750fa32dc9a1bc61898f74ebf21,de947ec44a622d90f62e247e4cad4e4a81bb578c8249825f66cc44a0179ee3b2,2753419927700606393,0,71,default,{},4096,4096,1,16,adapter_process_wall,413.067510,360.000000,11.667969,128,true,0,,3794,956,,,,linux-procfs,process,,,true,,,"private commit and per-process swap I/O are unavailable; VmSwap reports allocation, not swap traffic; No documented hardware or OS energy counter is configured in WSL2",,measured,within-stack pilot; no Groth16-versus-PLONK claim,measurement,true,true,ok,{},4096,2,4096,r1cs_constraints,5.0,77
3a94d18a-8a45-4511-839d-628dc5cc1f1e,2026-08-09T02:46:38.474325+00:00,C2-CONTROLLED-SNARK,controlled-groth16-pilot-v1,controlled_kernel,ark-groth16-0.6.0-bn254,5477ab05b549b750fa32dc9a1bc61898f74ebf21,de947ec44a622d90f62e247e4cad4e4a81bb578c8249825f66cc44a0179ee3b2,7478079452719971710,0,72,default,{},4096,4096,4,16,native_execution,0.748954,,,,,,,,,,,,,phase,,,true,,,,,measured,within-stack pilot; no Groth16-versus-PLONK claim,measurement,true,true,ok,"{""application_units"":4096.0}",,,,,,
3a94d18a-8a45-4511-839d-628dc5cc1f1e,2026-08-09T02:46:38.474430+00:00,C2-CONTROLLED-SNARK,controlled-groth16-pilot-v1,controlled_kernel,ark-groth16-0.6.0-bn254,5477ab05b549b750fa32dc9a1bc61898f74ebf21,de947ec44a622d90f62e247e4cad4e4a81bb578c8249825f66cc44a0179ee3b2,7478079452719971710,0,72,default,{},4096,4096,4,16,witness,288.900440,,,,,,,,,,,,,phase,,,true,,,,,measured,within-stack pilot; no Groth16-versus-PLONK claim,measurement,true,true,ok,"{""application_units"":4096.0,""constraint_count"":4096.0}",,,,,,
3a94d18a-8a45-4511-839d-628dc5cc1f1e,2026-08-09T02:46:38.474458+00:00,C2-CONTROLLED-SNARK,controlled-groth16-pilot-v1,controlled_kernel,ark-groth16-0.6.0-bn254,5477ab05b549b750fa32dc9a1bc61898f74ebf21,de947ec44a622d90f62e247e4cad4e4a81bb578c8249825f66cc44a0179ee3b2,7478079452719971710,0,72,default,{},4096,4096,4,16,setup_or_preprocess,56.255110,,,,,,,,,,,,,phase,,,true,,,,,measured,within-stack pilot; no Groth16-versus-PLONK claim,measurement,true,true,ok,"{""constraint_count"":4096.0}",,,,,,
3a94d18a-8a45-4511-839d-628dc5cc1f1e,2026-08-09T02:46:38.474474+00:00,C2-CONTROLLED-SNARK,controlled-groth16-pilot-v1,controlled_kernel,ark-groth16-0.6.0-bn254,5477ab05b549b750fa32dc9a1bc61898f74ebf21,de947ec44a622d90f62e247e4cad4e4a81bb578c8249825f66cc44a0179ee3b2,7478079452719971710,0,72,default,{},4096,4096,4,16,prove_total,79.696745,,,,,,,,,,,,,phase,,,true,,,,,measured,within-stack pilot; no Groth16-versus-PLONK claim,measurement,true,true,ok,"{""constraint_count"":4096.0}",,,,,,
3a94d18a-8a45-4511-839d-628dc5cc1f1e,2026-08-09T02:46:38.474488+00:00,C2-CONTROLLED-SNARK,controlled-groth16-pilot-v1,controlled_kernel,ark-groth16-0.6.0-bn254,5477ab05b549b750fa32dc9a1bc61898f74ebf21,de947ec44a622d90f62e247e4cad4e4a81bb578c8249825f66cc44a0179ee3b2,7478079452719971710,0,72,default,{},4096,4096,4,16,serialize,0.002965,,,,,,,,,,,,,phase,,,true,,,,,measured,within-stack pilot; no Groth16-versus-PLONK claim,measurement,true,true,ok,"{""proof_bytes"":128.0}",,,,,,
3a94d18a-8a45-4511-839d-628dc5cc1f1e,2026-08-09T02:46:38.474502+00:00,C2-CONTROLLED-SNARK,controlled-groth16-pilot-v1,controlled_kernel,ark-groth16-0.6.0-bn254,5477ab05b549b750fa32dc9a1bc61898f74ebf21,de947ec44a622d90f62e247e4cad4e4a81bb578c8249825f66cc44a0179ee3b2,7478079452719971710,0,72,default,{},4096,4096,4,16,deserialize,0.213146,,,,,,,,,,,,,phase,,,true,,,,,measured,within-stack pilot; no Groth16-versus-PLONK claim,measurement,true,true,ok,"{""proof_bytes"":128.0}",,,,,,
3a94d18a-8a45-4511-839d-628dc5cc1f1e,2026-08-09T02:46:38.474515+00:00,C2-CONTROLLED-SNARK,controlled-groth16-pilot-v1,controlled_kernel,ark-groth16-0.6.0-bn254,5477ab05b549b750fa32dc9a1bc61898f74ebf21,de947ec44a622d90f62e247e4cad4e4a81bb578c8249825f66cc44a0179ee3b2,7478079452719971710,0,72,default,{},4096,4096,4,16,verify_core,1.369788,,,,,,,,,,,,,phase,,,true,,,,,measured,within-stack pilot; no Groth16-versus-PLONK claim,measurement,true,true,ok,{},,,,,,
3a94d18a-8a45-4511-839d-628dc5cc1f1e,2026-08-09T02:46:38.474527+00:00,C2-CONTROLLED-SNARK,controlled-groth16-pilot-v1,controlled_kernel,ark-groth16-0.6.0-bn254,5477ab05b549b750fa32dc9a1bc61898f74ebf21,de947ec44a622d90f62e247e4cad4e4a81bb578c8249825f66cc44a0179ee3b2,7478079452719971710,0,72,default,{},4096,4096,4,16,verify_total,1.583085,,,,,,,,,,,,,phase,,,true,,,,,measured,within-stack pilot; no Groth16-versus-PLONK claim,measurement,true,true,ok,{},,,,,,
3a94d18a-8a45-4511-839d-628dc5cc1f1e,2026-08-09T02:46:38.474540+00:00,C2-CONTROLLED-SNARK,controlled-groth16-pilot-v1,controlled_kernel,ark-groth16-0.6.0-bn254,5477ab05b549b750fa32dc9a1bc61898f74ebf21,de947ec44a622d90f62e247e4cad4e4a81bb578c8249825f66cc44a0179ee3b2,7478079452719971710,0,72,default,{},4096,4096,4,16,fft_ntt,,,,,,,,,,,,,,phase,,,true,,,ark-groth16 does not expose stable per-run phase hooks,,measured,within-stack pilot; no Groth16-versus-PLONK claim,measurement,true,false,unsupported,{},,,,,,
3a94d18a-8a45-4511-839d-628dc5cc1f1e,2026-08-09T02:46:38.474554+00:00,C2-CONTROLLED-SNARK,controlled-groth16-pilot-v1,controlled_kernel,ark-groth16-0.6.0-bn254,5477ab05b549b750fa32dc9a1bc61898f74ebf21,de947ec44a622d90f62e247e4cad4e4a81bb578c8249825f66cc44a0179ee3b2,7478079452719971710,0,72,default,{},4096,4096,4,16,msm,,,,,,,,,,,,,,phase,,,true,,,ark-groth16 does not expose stable per-run phase hooks,,measured,within-stack pilot; no Groth16-versus-PLONK claim,measurement,true,false,unsupported,{},,,,,,
3a94d18a-8a45-4511-839d-628dc5cc1f1e,2026-08-09T02:46:38.474566+00:00,C2-CONTROLLED-SNARK,controlled-groth16-pilot-v1,controlled_kernel,ark-groth16-0.6.0-bn254,5477ab05b549b750fa32dc9a1bc61898f74ebf21,de947ec44a622d90f62e247e4cad4e4a81bb578c8249825f66cc44a0179ee3b2,7478079452719971710,0,72,default,{},4096,4096,4,16,commitment,,,,,,,,,,,,,,phase,,,true,,,ark-groth16 does not expose stable per-run phase hooks,,measured,within-stack pilot; no Groth16-versus-PLONK claim,measurement,true,false,unsupported,{},,,,,,
3a94d18a-8a45-4511-839d-628dc5cc1f1e,2026-08-09T02:46:38.474578+00:00,C2-CONTROLLED-SNARK,controlled-groth16-pilot-v1,controlled_kernel,ark-groth16-0.6.0-bn254,5477ab05b549b750fa32dc9a1bc61898f74ebf21,de947ec44a622d90f62e247e4cad4e4a81bb578c8249825f66cc44a0179ee3b2,7478079452719971710,0,72,default,{},4096,4096,4,16,key_load,,,,,,,,,,,,,,phase,,,true,,,ark-groth16 does not expose stable per-run phase hooks,,measured,within-stack pilot; no Groth16-versus-PLONK claim,measurement,true,false,unsupported,{},,,,,,
3a94d18a-8a45-4511-839d-628dc5cc1f1e,2026-08-09T02:46:38.474591+00:00,C2-CONTROLLED-SNARK,controlled-groth16-pilot-v1,controlled_kernel,ark-groth16-0.6.0-bn254,5477ab05b549b750fa32dc9a1bc61898f74ebf21,de947ec44a622d90f62e247e4cad4e4a81bb578c8249825f66cc44a0179ee3b2,7478079452719971710,0,72,default,{},4096,4096,4,16,adapter_process_wall,478.141819,1110.000000,15.921875,128,true,0,,4276,956,,,,linux-procfs,process,,,true,,,"Linux procfs read failed: [Errno 13] Permission denied: '/proc/3268/io'; private commit and per-process swap I/O are unavailable; VmSwap reports allocation, not swap traffic; No documented hardware or OS energy counter is configured in WSL2",,measured,within-stack pilot; no Groth16-versus-PLONK claim,measurement,true,true,ok,{},4096,2,4096,r1cs_constraints,5.0,89
46815ac1-9afe-4c0f-b59e-ade01451abe8,2026-08-09T02:46:38.577445+00:00,C2-CONTROLLED-SNARK,controlled-groth16-pilot-v1,controlled_kernel,ark-groth16-0.6.0-bn254,5477ab05b549b750fa32dc9a1bc61898f74ebf21,de947ec44a622d90f62e247e4cad4e4a81bb578c8249825f66cc44a0179ee3b2,4704960414811727623,2,73,default,{},256,256,1,16,native_execution,0.605827,,,,,,,,,,,,,phase,,,true,,,,,measured,within-stack pilot; no Groth16-versus-PLONK claim,measurement,true,true,ok,"{""application_units"":256.0}",,,,,,
46815ac1-9afe-4c0f-b59e-ade01451abe8,2026-08-09T02:46:38.577569+00:00,C2-CONTROLLED-SNARK,controlled-groth16-pilot-v1,controlled_kernel,ark-groth16-0.6.0-bn254,5477ab05b549b750fa32dc9a1bc61898f74ebf21,de947ec44a622d90f62e247e4cad4e4a81bb578c8249825f66cc44a0179ee3b2,4704960414811727623,2,73,default,{},256,256,1,16,witness,7.297963,,,,,,,,,,,,,phase,,,true,,,,,measured,within-stack pilot; no Groth16-versus-PLONK claim,measurement,true,true,ok,"{""application_units"":256.0,""constraint_count"":256.0}",,,,,,
46815ac1-9afe-4c0f-b59e-ade01451abe8,2026-08-09T02:46:38.577590+00:00,C2-CONTROLLED-SNARK,controlled-groth16-pilot-v1,controlled_kernel,ark-groth16-0.6.0-bn254,5477ab05b549b750fa32dc9a1bc61898f74ebf21,de947ec44a622d90f62e247e4cad4e4a81bb578c8249825f66cc44a0179ee3b2,4704960414811727623,2,73,default,{},256,256,1,16,setup_or_preprocess,23.154853,,,,,,,,,,,,,phase,,,true,,,,,measured,within-stack pilot; no Groth16-versus-PLONK claim,measurement,true,true,ok,"{""constraint_count"":256.0}",,,,,,
46815ac1-9afe-4c0f-b59e-ade01451abe8,2026-08-09T02:46:38.577606+00:00,C2-CONTROLLED-SNARK,controlled-groth16-pilot-v1,controlled_kernel,ark-groth16-0.6.0-bn254,5477ab05b549b750fa32dc9a1bc61898f74ebf21,de947ec44a622d90f62e247e4cad4e4a81bb578c8249825f66cc44a0179ee3b2,4704960414811727623,2,73,default,{},256,256,1,16,prove_total,17.436455,,,,,,,,,,,,,phase,,,true,,,,,measured,within-stack pilot; no Groth16-versus-PLONK claim,measurement,true,true,ok,"{""constraint_count"":256.0}",,,,,,
46815ac1-9afe-4c0f-b59e-ade01451abe8,2026-08-09T02:46:38.577620+00:00,C2-CONTROLLED-SNARK,controlled-groth16-pilot-v1,controlled_kernel,ark-groth16-0.6.0-bn254,5477ab05b549b750fa32dc9a1bc61898f74ebf21,de947ec44a622d90f62e247e4cad4e4a81bb578c8249825f66cc44a0179ee3b2,4704960414811727623,2,73,default,{},256,256,1,16,serialize,0.002685,,,,,,,,,,,,,phase,,,true,,,,,measured,within-stack pilot; no Groth16-versus-PLONK claim,measurement,true,true,ok,"{""proof_bytes"":128.0}",,,,,,
46815ac1-9afe-4c0f-b59e-ade01451abe8,2026-08-09T02:46:38.577682+00:00,C2-CONTROLLED-SNARK,controlled-groth16-pilot-v1,controlled_kernel,ark-groth16-0.6.0-bn254,5477ab05b549b750fa32dc9a1bc61898f74ebf21,de947ec44a622d90f62e247e4cad4e4a81bb578c8249825f66cc44a0179ee3b2,4704960414811727623,2,73,default,{},256,256,1,16,deserialize,0.163734,,,,,,,,,,,,,phase,,,true,,,,,measured,within-stack pilot; no Groth16-versus-PLONK claim,measurement,true,true,ok,"{""proof_bytes"":128.0}",,,,,,
46815ac1-9afe-4c0f-b59e-ade01451abe8,2026-08-09T02:46:38.577747+00:00,C2-CONTROLLED-SNARK,controlled-groth16-pilot-v1,controlled_kernel,ark-groth16-0.6.0-bn254,5477ab05b549b750fa32dc9a1bc61898f74ebf21,de947ec44a622d90f62e247e4cad4e4a81bb578c8249825f66cc44a0179ee3b2,4704960414811727623,2,73,default,{},256,256,1,16,verify_core,1.014388,,,,,,,,,,,,,phase,,,true,,,,,measured,within-stack pilot; no Groth16-versus-PLONK claim,measurement,true,true,ok,{},,,,,,
46815ac1-9afe-4c0f-b59e-ade01451abe8,2026-08-09T02:46:38.577784+00:00,C2-CONTROLLED-SNARK,controlled-groth16-pilot-v1,controlled_kernel,ark-groth16-0.6.0-bn254,5477ab05b549b750fa32dc9a1bc61898f74ebf21,de947ec44a622d90f62e247e4cad4e4a81bb578c8249825f66cc44a0179ee3b2,4704960414811727623,2,73,default,{},256,256,1,16,verify_total,1.178252,,,,,,,,,,,,,phase,,,true,,,,,measured,within-stack pilot; no Groth16-versus-PLONK claim,measurement,true,true,ok,{},,,,,,
46815ac1-9afe-4c0f-b59e-ade01451abe8,2026-08-09T02:46:38.577805+00:00,C2-CONTROLLED-SNARK,controlled-groth16-pilot-v1,controlled_kernel,ark-groth16-0.6.0-bn254,5477ab05b549b750fa32dc9a1bc61898f74ebf21,de947ec44a622d90f62e247e4cad4e4a81bb578c8249825f66cc44a0179ee3b2,4704960414811727623,2,73,default,{},256,256,1,16,fft_ntt,,,,,,,,,,,,,,phase,,,true,,,ark-groth16 does not expose stable per-run phase hooks,,measured,within-stack pilot; no Groth16-versus-PLONK claim,measurement,true,false,unsupported,{},,,,,,
46815ac1-9afe-4c0f-b59e-ade01451abe8,2026-08-09T02:46:38.577821+00:00,C2-CONTROLLED-SNARK,controlled-groth16-pilot-v1,controlled_kernel,ark-groth16-0.6.0-bn254,5477ab05b549b750fa32dc9a1bc61898f74ebf21,de947ec44a622d90f62e247e4cad4e4a81bb578c8249825f66cc44a0179ee3b2,4704960414811727623,2,73,default,{},256,256,1,16,msm,,,,,,,,,,,,,,phase,,,true,,,ark-groth16 does not expose stable per-run phase hooks,,measured,within-stack pilot; no Groth16-versus-PLONK claim,measurement,true,false,unsupported,{},,,,,,
46815ac1-9afe-4c0f-b59e-ade01451abe8,2026-08-09T02:46:38.577834+00:00,C2-CONTROLLED-SNARK,controlled-groth16-pilot-v1,controlled_kernel,ark-groth16-0.6.0-bn254,5477ab05b549b750fa32dc9a1bc61898f74ebf21,de947ec44a622d90f62e247e4cad4e4a81bb578c8249825f66cc44a0179ee3b2,4704960414811727623,2,73,default,{},256,256,1,16,commitment,,,,,,,,,,,,,,phase,,,true,,,ark-groth16 does not expose stable per-run phase hooks,,measured,within-stack pilot; no Groth16-versus-PLONK claim,measurement,true,false,unsupported,{},,,,,,
46815ac1-9afe-4c0f-b59e-ade01451abe8,2026-08-09T02:46:38.577846+00:00,C2-CONTROLLED-SNARK,controlled-groth16-pilot-v1,controlled_kernel,ark-groth16-0.6.0-bn254,5477ab05b549b750fa32dc9a1bc61898f74ebf21,de947ec44a622d90f62e247e4cad4e4a81bb578c8249825f66cc44a0179ee3b2,4704960414811727623,2,73,default,{},256,256,1,16,key_load,,,,,,,,,,,,,,phase,,,true,,,ark-groth16 does not expose stable per-run phase hooks,,measured,within-stack pilot; no Groth16-versus-PLONK claim,measurement,true,false,unsupported,{},,,,,,
46815ac1-9afe-4c0f-b59e-ade01451abe8,2026-08-09T02:46:38.577858+00:00,C2-CONTROLLED-SNARK,controlled-groth16-pilot-v1,controlled_kernel,ark-groth16-0.6.0-bn254,5477ab05b549b750fa32dc9a1bc61898f74ebf21,de947ec44a622d90f62e247e4cad4e4a81bb578c8249825f66cc44a0179ee3b2,4704960414811727623,2,73,default,{},256,256,1,16,adapter_process_wall,101.847054,40.000000,5.355469,128,true,0,,500,956,,,,linux-procfs,process,,,true,,,"private commit and per-process swap I/O are unavailable; VmSwap reports allocation, not swap traffic; No documented hardware or OS energy counter is configured in WSL2",,measured,within-stack pilot; no Groth16-versus-PLONK claim,measurement,true,true,ok,{},256,2,256,r1cs_constraints,5.0,19
8b6e7b3f-6ebc-4793-ae48-ad135734c404,2026-08-09T02:46:39.496014+00:00,C2-CONTROLLED-SNARK,controlled-groth16-pilot-v1,controlled_kernel,ark-groth16-0.6.0-bn254,5477ab05b549b750fa32dc9a1bc61898f74ebf21,de947ec44a622d90f62e247e4cad4e4a81bb578c8249825f66cc44a0179ee3b2,5975073586402521283,1,74,default,{},4096,4096,16,16,native_execution,0.884526,,,,,,,,,,,,,phase,,,true,,,,,measured,within-stack pilot; no Groth16-versus-PLONK claim,measurement,true,true,ok,"{""application_units"":4096.0}",,,,,,
8b6e7b3f-6ebc-4793-ae48-ad135734c404,2026-08-09T02:46:39.496118+00:00,C2-CONTROLLED-SNARK,controlled-groth16-pilot-v1,controlled_kernel,ark-groth16-0.6.0-bn254,5477ab05b549b750fa32dc9a1bc61898f74ebf21,de947ec44a622d90f62e247e4cad4e4a81bb578c8249825f66cc44a0179ee3b2,5975073586402521283,1,74,default,{},4096,4096,16,16,witness,608.278843,,,,,,,,,,,,,phase,,,true,,,,,measured,within-stack pilot; no Groth16-versus-PLONK claim,measurement,true,true,ok,"{""application_units"":4096.0,""constraint_count"":4096.0}",,,,,,
8b6e7b3f-6ebc-4793-ae48-ad135734c404,2026-08-09T02:46:39.496140+00:00,C2-CONTROLLED-SNARK,controlled-groth16-pilot-v1,controlled_kernel,ark-groth16-0.6.0-bn254,5477ab05b549b750fa32dc9a1bc61898f74ebf21,de947ec44a622d90f62e247e4cad4e4a81bb578c8249825f66cc44a0179ee3b2,5975073586402521283,1,74,default,{},4096,4096,16,16,setup_or_preprocess,68.306943,,,,,,,,,,,,,phase,,,true,,,,,measured,within-stack pilot; no Groth16-versus-PLONK claim,measurement,true,true,ok,"{""constraint_count"":4096.0}",,,,,,
8b6e7b3f-6ebc-4793-ae48-ad135734c404,2026-08-09T02:46:39.496156+00:00,C2-CONTROLLED-SNARK,controlled-groth16-pilot-v1,controlled_kernel,ark-groth16-0.6.0-bn254,5477ab05b549b750fa32dc9a1bc61898f74ebf21,de947ec44a622d90f62e247e4cad4e4a81bb578c8249825f66cc44a0179ee3b2,5975073586402521283,1,74,default,{},4096,4096,16,16,prove_total,186.739231,,,,,,,,,,,,,phase,,,true,,,,,measured,within-stack pilot; no Groth16-versus-PLONK claim,measurement,true,true,ok,"{""constraint_count"":4096.0}",,,,,,
8b6e7b3f-6ebc-4793-ae48-ad135734c404,2026-08-09T02:46:39.496214+00:00,C2-CONTROLLED-SNARK,controlled-groth16-pilot-v1,controlled_kernel,ark-groth16-0.6.0-bn254,5477ab05b549b750fa32dc9a1bc61898f74ebf21,de947ec44a622d90f62e247e4cad4e4a81bb578c8249825f66cc44a0179ee3b2,5975073586402521283,1,74,default,{},4096,4096,16,16,serialize,0.003737,,,,,,,,,,,,,phase,,,true,,,,,measured,within-stack pilot; no Groth16-versus-PLONK claim,measurement,true,true,ok,"{""proof_bytes"":128.0}",,,,,,
8b6e7b3f-6ebc-4793-ae48-ad135734c404,2026-08-09T02:46:39.496249+00:00,C2-CONTROLLED-SNARK,controlled-groth16-pilot-v1,controlled_kernel,ark-groth16-0.6.0-bn254,5477ab05b549b750fa32dc9a1bc61898f74ebf21,de947ec44a622d90f62e247e4cad4e4a81bb578c8249825f66cc44a0179ee3b2,5975073586402521283,1,74,default,{},4096,4096,16,16,deserialize,0.170918,,,,,,,,,,,,,phase,,,true,,,,,measured,within-stack pilot; no Groth16-versus-PLONK claim,measurement,true,true,ok,"{""proof_bytes"":128.0}",,,,,,
8b6e7b3f-6ebc-4793-ae48-ad135734c404,2026-08-09T02:46:39.496267+00:00,C2-CONTROLLED-SNARK,controlled-groth16-pilot-v1,controlled_kernel,ark-groth16-0.6.0-bn254,5477ab05b549b750fa32dc9a1bc61898f74ebf21,de947ec44a622d90f62e247e4cad4e4a81bb578c8249825f66cc44a0179ee3b2,5975073586402521283,1,74,default,{},4096,4096,16,16,verify_core,1.062507,,,,,,,,,,,,,phase,,,true,,,,,measured,within-stack pilot; no Groth16-versus-PLONK claim,measurement,true,true,ok,{},,,,,,
8b6e7b3f-6ebc-4793-ae48-ad135734c404,2026-08-09T02:46:39.496282+00:00,C2-CONTROLLED-SNARK,controlled-groth16-pilot-v1,controlled_kernel,ark-groth16-0.6.0-bn254,5477ab05b549b750fa32dc9a1bc61898f74ebf21,de947ec44a622d90f62e247e4cad4e4a81bb578c8249825f66cc44a0179ee3b2,5975073586402521283,1,74,default,{},4096,4096,16,16,verify_total,1.233545,,,,,,,,,,,,,phase,,,true,,,,,measured,within-stack pilot; no Groth16-versus-PLONK claim,measurement,true,true,ok,{},,,,,,
8b6e7b3f-6ebc-4793-ae48-ad135734c404,2026-08-09T02:46:39.496297+00:00,C2-CONTROLLED-SNARK,controlled-groth16-pilot-v1,controlled_kernel,ark-groth16-0.6.0-bn254,5477ab05b549b750fa32dc9a1bc61898f74ebf21,de947ec44a622d90f62e247e4cad4e4a81bb578c8249825f66cc44a0179ee3b2,5975073586402521283,1,74,default,{},4096,4096,16,16,fft_ntt,,,,,,,,,,,,,,phase,,,true,,,ark-groth16 does not expose stable per-run phase hooks,,measured,within-stack pilot; no Groth16-versus-PLONK claim,measurement,true,false,unsupported,{},,,,,,
8b6e7b3f-6ebc-4793-ae48-ad135734c404,2026-08-09T02:46:39.496311+00:00,C2-CONTROLLED-SNARK,controlled-groth16-pilot-v1,controlled_kernel,ark-groth16-0.6.0-bn254,5477ab05b549b750fa32dc9a1bc61898f74ebf21,de947ec44a622d90f62e247e4cad4e4a81bb578c8249825f66cc44a0179ee3b2,5975073586402521283,1,74,default,{},4096,4096,16,16,msm,,,,,,,,,,,,,,phase,,,true,,,ark-groth16 does not expose stable per-run phase hooks,,measured,within-stack pilot; no Groth16-versus-PLONK claim,measurement,true,false,unsupported,{},,,,,,
8b6e7b3f-6ebc-4793-ae48-ad135734c404,2026-08-09T02:46:39.496323+00:00,C2-CONTROLLED-SNARK,controlled-groth16-pilot-v1,controlled_kernel,ark-groth16-0.6.0-bn254,5477ab05b549b750fa32dc9a1bc61898f74ebf21,de947ec44a622d90f62e247e4cad4e4a81bb578c8249825f66cc44a0179ee3b2,5975073586402521283,1,74,default,{},4096,4096,16,16,commitment,,,,,,,,,,,,,,phase,,,true,,,ark-groth16 does not expose stable per-run phase hooks,,measured,within-stack pilot; no Groth16-versus-PLONK claim,measurement,true,false,unsupported,{},,,,,,
8b6e7b3f-6ebc-4793-ae48-ad135734c404,2026-08-09T02:46:39.496336+00:00,C2-CONTROLLED-SNARK,controlled-groth16-pilot-v1,controlled_kernel,ark-groth16-0.6.0-bn254,5477ab05b549b750fa32dc9a1bc61898f74ebf21,de947ec44a622d90f62e247e4cad4e4a81bb578c8249825f66cc44a0179ee3b2,5975073586402521283,1,74,default,{},4096,4096,16,16,key_load,,,,,,,,,,,,,,phase,,,true,,,ark-groth16 does not expose stable per-run phase hooks,,measured,within-stack pilot; no Groth16-versus-PLONK claim,measurement,true,false,unsupported,{},,,,,,
8b6e7b3f-6ebc-4793-ae48-ad135734c404,2026-08-09T02:46:39.496348+00:00,C2-CONTROLLED-SNARK,controlled-groth16-pilot-v1,controlled_kernel,ark-groth16-0.6.0-bn254,5477ab05b549b750fa32dc9a1bc61898f74ebf21,de947ec44a622d90f62e247e4cad4e4a81bb578c8249825f66cc44a0179ee3b2,5975073586402521283,1,74,default,{},4096,4096,16,16,adapter_process_wall,917.049159,3080.000000,18.800781,128,true,0,,4937,956,,,,linux-procfs,process,,,true,,,"Linux procfs read failed: [Errno 13] Permission denied: '/proc/3306/io'; private commit and per-process swap I/O are unavailable; VmSwap reports allocation, not swap traffic; No documented hardware or OS energy counter is configured in WSL2",,measured,within-stack pilot; no Groth16-versus-PLONK claim,measurement,true,true,ok,{},4096,2,4096,r1cs_constraints,5.0,169
4c05d9f9-c169-46e7-9ab9-c31d45ead2fd,2026-08-09T02:46:39.601567+00:00,C2-CONTROLLED-SNARK,controlled-groth16-pilot-v1,controlled_kernel,ark-groth16-0.6.0-bn254,5477ab05b549b750fa32dc9a1bc61898f74ebf21,de947ec44a622d90f62e247e4cad4e4a81bb578c8249825f66cc44a0179ee3b2,7151458694180204191,1,75,default,{},64,64,8,16,native_execution,0.667763,,,,,,,,,,,,,phase,,,true,wrong_public_input,,,,measured,within-stack pilot; no Groth16-versus-PLONK claim,measurement,true,true,ok,"{""application_units"":64.0}",,,,,,
4c05d9f9-c169-46e7-9ab9-c31d45ead2fd,2026-08-09T02:46:39.601685+00:00,C2-CONTROLLED-SNARK,controlled-groth16-pilot-v1,controlled_kernel,ark-groth16-0.6.0-bn254,5477ab05b549b750fa32dc9a1bc61898f74ebf21,de947ec44a622d90f62e247e4cad4e4a81bb578c8249825f66cc44a0179ee3b2,7151458694180204191,1,75,default,{},64,64,8,16,witness,14.805194,,,,,,,,,,,,,phase,,,true,wrong_public_input,,,,measured,within-stack pilot; no Groth16-versus-PLONK claim,measurement,true,true,ok,"{""application_units"":64.0,""constraint_count"":64.0}",,,,,,
4c05d9f9-c169-46e7-9ab9-c31d45ead2fd,2026-08-09T02:46:39.601782+00:00,C2-CONTROLLED-SNARK,controlled-groth16-pilot-v1,controlled_kernel,ark-groth16-0.6.0-bn254,5477ab05b549b750fa32dc9a1bc61898f74ebf21,de947ec44a622d90f62e247e4cad4e4a81bb578c8249825f66cc44a0179ee3b2,7151458694180204191,1,75,default,{},64,64,8,16,setup_or_preprocess,19.484380,,,,,,,,,,,,,phase,,,true,wrong_public_input,,,,measured,within-stack pilot; no Groth16-versus-PLONK claim,measurement,true,true,ok,"{""constraint_count"":64.0}",,,,,,
4c05d9f9-c169-46e7-9ab9-c31d45ead2fd,2026-08-09T02:46:39.601815+00:00,C2-CONTROLLED-SNARK,controlled-groth16-pilot-v1,controlled_kernel,ark-groth16-0.6.0-bn254,5477ab05b549b750fa32dc9a1bc61898f74ebf21,de947ec44a622d90f62e247e4cad4e4a81bb578c8249825f66cc44a0179ee3b2,7151458694180204191,1,75,default,{},64,64,8,16,prove_total,18.705851,,,,,,,,,,,,,phase,,,true,wrong_public_input,,,,measured,within-stack pilot; no Groth16-versus-PLONK claim,measurement,true,true,ok,"{""constraint_count"":64.0}",,,,,,
4c05d9f9-c169-46e7-9ab9-c31d45ead2fd,2026-08-09T02:46:39.601836+00:00,C2-CONTROLLED-SNARK,controlled-groth16-pilot-v1,controlled_kernel,ark-groth16-0.6.0-bn254,5477ab05b549b750fa32dc9a1bc61898f74ebf21,de947ec44a622d90f62e247e4cad4e4a81bb578c8249825f66cc44a0179ee3b2,7151458694180204191,1,75,default,{},64,64,8,16,serialize,0.002324,,,,,,,,,,,,,phase,,,true,wrong_public_input,,,,measured,within-stack pilot; no Groth16-versus-PLONK claim,measurement,true,true,ok,"{""proof_bytes"":128.0}",,,,,,
4c05d9f9-c169-46e7-9ab9-c31d45ead2fd,2026-08-09T02:46:39.601860+00:00,C2-CONTROLLED-SNARK,controlled-groth16-pilot-v1,controlled_kernel,ark-groth16-0.6.0-bn254,5477ab05b549b750fa32dc9a1bc61898f74ebf21,de947ec44a622d90f62e247e4cad4e4a81bb578c8249825f66cc44a0179ee3b2,7151458694180204191,1,75,default,{},64,64,8,16,deserialize,0.203479,,,,,,,,,,,,,phase,,,true,wrong_public_input,,,,measured,within-stack pilot; no Groth16-versus-PLONK claim,measurement,true,true,ok,"{""proof_bytes"":128.0}",,,,,,
4c05d9f9-c169-46e7-9ab9-c31d45ead2fd,2026-08-09T02:46:39.601880+00:00,C2-CONTROLLED-SNARK,controlled-groth16-pilot-v1,controlled_kernel,ark-groth16-0.6.0-bn254,5477ab05b549b750fa32dc9a1bc61898f74ebf21,de947ec44a622d90f62e247e4cad4e4a81bb578c8249825f66cc44a0179ee3b2,7151458694180204191,1,75,default,{},64,64,8,16,verify_core,1.084738,,,,,,,,,,,,,phase,,,true,wrong_public_input,1.084738,,,measured,within-stack pilot; no Groth16-versus-PLONK claim,measurement,true,true,ok,{},,,,,,
4c05d9f9-c169-46e7-9ab9-c31d45ead2fd,2026-08-09T02:46:39.601897+00:00,C2-CONTROLLED-SNARK,controlled-groth16-pilot-v1,controlled_kernel,ark-groth16-0.6.0-bn254,5477ab05b549b750fa32dc9a1bc61898f74ebf21,de947ec44a622d90f62e247e4cad4e4a81bb578c8249825f66cc44a0179ee3b2,7151458694180204191,1,75,default,{},64,64,8,16,invalid_reject,1.084738,,,,,,,,,,,,,phase,,,true,wrong_public_input,,,,measured,within-stack pilot; no Groth16-versus-PLONK claim,measurement,true,true,ok,{},,,,,,
4c05d9f9-c169-46e7-9ab9-c31d45ead2fd,2026-08-09T02:46:39.601913+00:00,C2-CONTROLLED-SNARK,controlled-groth16-pilot-v1,controlled_kernel,ark-groth16-0.6.0-bn254,5477ab05b549b750fa32dc9a1bc61898f74ebf21,de947ec44a622d90f62e247e4cad4e4a81bb578c8249825f66cc44a0179ee3b2,7151458694180204191,1,75,default,{},64,64,8,16,verify_total,1.288437,,,,,,,,,,,,,phase,,,true,wrong_public_input,,,,measured,within-stack pilot; no Groth16-versus-PLONK claim,measurement,true,true,ok,{},,,,,,
4c05d9f9-c169-46e7-9ab9-c31d45ead2fd,2026-08-09T02:46:39.601929+00:00,C2-CONTROLLED-SNARK,controlled-groth16-pilot-v1,controlled_kernel,ark-groth16-0.6.0-bn254,5477ab05b549b750fa32dc9a1bc61898f74ebf21,de947ec44a622d90f62e247e4cad4e4a81bb578c8249825f66cc44a0179ee3b2,7151458694180204191,1,75,default,{},64,64,8,16,fft_ntt,,,,,,,,,,,,,,phase,,,true,wrong_public_input,,ark-groth16 does not expose stable per-run phase hooks,,measured,within-stack pilot; no Groth16-versus-PLONK claim,measurement,true,false,unsupported,{},,,,,,
4c05d9f9-c169-46e7-9ab9-c31d45ead2fd,2026-08-09T02:46:39.601946+00:00,C2-CONTROLLED-SNARK,controlled-groth16-pilot-v1,controlled_kernel,ark-groth16-0.6.0-bn254,5477ab05b549b750fa32dc9a1bc61898f74ebf21,de947ec44a622d90f62e247e4cad4e4a81bb578c8249825f66cc44a0179ee3b2,7151458694180204191,1,75,default,{},64,64,8,16,msm,,,,,,,,,,,,,,phase,,,true,wrong_public_input,,ark-groth16 does not expose stable per-run phase hooks,,measured,within-stack pilot; no Groth16-versus-PLONK claim,measurement,true,false,unsupported,{},,,,,,
4c05d9f9-c169-46e7-9ab9-c31d45ead2fd,2026-08-09T02:46:39.601961+00:00,C2-CONTROLLED-SNARK,controlled-groth16-pilot-v1,controlled_kernel,ark-groth16-0.6.0-bn254,5477ab05b549b750fa32dc9a1bc61898f74ebf21,de947ec44a622d90f62e247e4cad4e4a81bb578c8249825f66cc44a0179ee3b2,7151458694180204191,1,75,default,{},64,64,8,16,commitment,,,,,,,,,,,,,,phase,,,true,wrong_public_input,,ark-groth16 does not expose stable per-run phase hooks,,measured,within-stack pilot; no Groth16-versus-PLONK claim,measurement,true,false,unsupported,{},,,,,,
4c05d9f9-c169-46e7-9ab9-c31d45ead2fd,2026-08-09T02:46:39.601976+00:00,C2-CONTROLLED-SNARK,controlled-groth16-pilot-v1,controlled_kernel,ark-groth16-0.6.0-bn254,5477ab05b549b750fa32dc9a1bc61898f74ebf21,de947ec44a622d90f62e247e4cad4e4a81bb578c8249825f66cc44a0179ee3b2,7151458694180204191,1,75,default,{},64,64,8,16,key_load,,,,,,,,,,,,,,phase,,,true,wrong_public_input,,ark-groth16 does not expose stable per-run phase hooks,,measured,within-stack pilot; no Groth16-versus-PLONK claim,measurement,true,false,unsupported,{},,,,,,
4c05d9f9-c169-46e7-9ab9-c31d45ead2fd,2026-08-09T02:46:39.601997+00:00,C2-CONTROLLED-SNARK,controlled-groth16-pilot-v1,controlled_kernel,ark-groth16-0.6.0-bn254,5477ab05b549b750fa32dc9a1bc61898f74ebf21,de947ec44a622d90f62e247e4cad4e4a81bb578c8249825f66cc44a0179ee3b2,7151458694180204191,1,75,default,{},64,64,8,16,adapter_process_wall,104.169955,140.000000,5.863281,128,false,0,cryptographic_rejection,556,956,,,,linux-procfs,process,,,true,wrong_public_input,,"private commit and per-process swap I/O are unavailable; VmSwap reports allocation, not swap traffic; No documented hardware or OS energy counter is configured in WSL2",,measured,within-stack pilot; no Groth16-versus-PLONK claim,measurement,true,true,ok,{},64,2,64,r1cs_constraints,5.0,19
cc1f5a58-7715-4841-872e-2d14f706ef3c,2026-08-09T02:46:39.662006+00:00,C2-CONTROLLED-SNARK,controlled-groth16-pilot-v1,controlled_kernel,ark-groth16-0.6.0-bn254,5477ab05b549b750fa32dc9a1bc61898f74ebf21,de947ec44a622d90f62e247e4cad4e4a81bb578c8249825f66cc44a0179ee3b2,4346449703657546340,1,76,default,{},64,64,1,16,native_execution,0.008516,,,,,,,,,,,,,phase,,,true,,,,,measured,within-stack pilot; no Groth16-versus-PLONK claim,measurement,true,true,ok,"{""application_units"":64.0}",,,,,,
cc1f5a58-7715-4841-872e-2d14f706ef3c,2026-08-09T02:46:39.662110+00:00,C2-CONTROLLED-SNARK,controlled-groth16-pilot-v1,controlled_kernel,ark-groth16-0.6.0-bn254,5477ab05b549b750fa32dc9a1bc61898f74ebf21,de947ec44a622d90f62e247e4cad4e4a81bb578c8249825f66cc44a0179ee3b2,4346449703657546340,1,76,default,{},64,64,1,16,witness,0.626495,,,,,,,,,,,,,phase,,,true,,,,,measured,within-stack pilot; no Groth16-versus-PLONK claim,measurement,true,true,ok,"{""application_units"":64.0,""constraint_count"":64.0}",,,,,,
cc1f5a58-7715-4841-872e-2d14f706ef3c,2026-08-09T02:46:39.662132+00:00,C2-CONTROLLED-SNARK,controlled-groth16-pilot-v1,controlled_kernel,ark-groth16-0.6.0-bn254,5477ab05b549b750fa32dc9a1bc61898f74ebf21,de947ec44a622d90f62e247e4cad4e4a81bb578c8249825f66cc44a0179ee3b2,4346449703657546340,1,76,default,{},64,64,1,16,setup_or_preprocess,10.198163,,,,,,,,,,,,,phase,,,true,,,,,measured,within-stack pilot; no Groth16-versus-PLONK claim,measurement,true,true,ok,"{""constraint_count"":64.0}",,,,,,
cc1f5a58-7715-4841-872e-2d14f706ef3c,2026-08-09T02:46:39.662148+00:00,C2-CONTROLLED-SNARK,controlled-groth16-pilot-v1,controlled_kernel,ark-groth16-0.6.0-bn254,5477ab05b549b750fa32dc9a1bc61898f74ebf21,de947ec44a622d90f62e247e4cad4e4a81bb578c8249825f66cc44a0179ee3b2,4346449703657546340,1,76,default,{},64,64,1,16,prove_total,7.579452,,,,,,,,,,,,,phase,,,true,,,,,measured,within-stack pilot; no Groth16-versus-PLONK claim,measurement,true,true,ok,"{""constraint_count"":64.0}",,,,,,
cc1f5a58-7715-4841-872e-2d14f706ef3c,2026-08-09T02:46:39.662162+00:00,C2-CONTROLLED-SNARK,controlled-groth16-pilot-v1,controlled_kernel,ark-groth16-0.6.0-bn254,5477ab05b549b750fa32dc9a1bc61898f74ebf21,de947ec44a622d90f62e247e4cad4e4a81bb578c8249825f66cc44a0179ee3b2,4346449703657546340,1,76,default,{},64,64,1,16,serialize,0.004648,,,,,,,,,,,,,phase,,,true,,,,,measured,within-stack pilot; no Groth16-versus-PLONK claim,measurement,true,true,ok,"{""proof_bytes"":128.0}",,,,,,
cc1f5a58-7715-4841-872e-2d14f706ef3c,2026-08-09T02:46:39.662176+00:00,C2-CONTROLLED-SNARK,controlled-groth16-pilot-v1,controlled_kernel,ark-groth16-0.6.0-bn254,5477ab05b549b750fa32dc9a1bc61898f74ebf21,de947ec44a622d90f62e247e4cad4e4a81bb578c8249825f66cc44a0179ee3b2,4346449703657546340,1,76,default,{},64,64,1,16,deserialize,0.243924,,,,,,,,,,,,,phase,,,true,,,,,measured,within-stack pilot; no Groth16-versus-PLONK claim,measurement,true,true,ok,"{""proof_bytes"":128.0}",,,,,,
cc1f5a58-7715-4841-872e-2d14f706ef3c,2026-08-09T02:46:39.662189+00:00,C2-CONTROLLED-SNARK,controlled-groth16-pilot-v1,controlled_kernel,ark-groth16-0.6.0-bn254,5477ab05b549b750fa32dc9a1bc61898f74ebf21,de947ec44a622d90f62e247e4cad4e4a81bb578c8249825f66cc44a0179ee3b2,4346449703657546340,1,76,default,{},64,64,1,16,verify_core,1.013536,,,,,,,,,,,,,phase,,,true,,,,,measured,within-stack pilot; no Groth16-versus-PLONK claim,measurement,true,true,ok,{},,,,,,
cc1f5a58-7715-4841-872e-2d14f706ef3c,2026-08-09T02:46:39.662202+00:00,C2-CONTROLLED-SNARK,controlled-groth16-pilot-v1,controlled_kernel,ark-groth16-0.6.0-bn254,5477ab05b549b750fa32dc9a1bc61898f74ebf21,de947ec44a622d90f62e247e4cad4e4a81bb578c8249825f66cc44a0179ee3b2,4346449703657546340,1,76,default,{},64,64,1,16,verify_total,1.257740,,,,,,,,,,,,,phase,,,true,,,,,measured,within-stack pilot; no Groth16-versus-PLONK claim,measurement,true,true,ok,{},,,,,,
cc1f5a58-7715-4841-872e-2d14f706ef3c,2026-08-09T02:46:39.662215+00:00,C2-CONTROLLED-SNARK,controlled-groth16-pilot-v1,controlled_kernel,ark-groth16-0.6.0-bn254,5477ab05b549b750fa32dc9a1bc61898f74ebf21,de947ec44a622d90f62e247e4cad4e4a81bb578c8249825f66cc44a0179ee3b2,4346449703657546340,1,76,default,{},64,64,1,16,fft_ntt,,,,,,,,,,,,,,phase,,,true,,,ark-groth16 does not expose stable per-run phase hooks,,measured,within-stack pilot; no Groth16-versus-PLONK claim,measurement,true,false,unsupported,{},,,,,,
cc1f5a58-7715-4841-872e-2d14f706ef3c,2026-08-09T02:46:39.662228+00:00,C2-CONTROLLED-SNARK,controlled-groth16-pilot-v1,controlled_kernel,ark-groth16-0.6.0-bn254,5477ab05b549b750fa32dc9a1bc61898f74ebf21,de947ec44a622d90f62e247e4cad4e4a81bb578c8249825f66cc44a0179ee3b2,4346449703657546340,1,76,default,{},64,64,1,16,msm,,,,,,,,,,,,,,phase,,,true,,,ark-groth16 does not expose stable per-run phase hooks,,measured,within-stack pilot; no Groth16-versus-PLONK claim,measurement,true,false,unsupported,{},,,,,,
cc1f5a58-7715-4841-872e-2d14f706ef3c,2026-08-09T02:46:39.662240+00:00,C2-CONTROLLED-SNARK,controlled-groth16-pilot-v1,controlled_kernel,ark-groth16-0.6.0-bn254,5477ab05b549b750fa32dc9a1bc61898f74ebf21,de947ec44a622d90f62e247e4cad4e4a81bb578c8249825f66cc44a0179ee3b2,4346449703657546340,1,76,default,{},64,64,1,16,commitment,,,,,,,,,,,,,,phase,,,true,,,ark-groth16 does not expose stable per-run phase hooks,,measured,within-stack pilot; no Groth16-versus-PLONK claim,measurement,true,false,unsupported,{},,,,,,
cc1f5a58-7715-4841-872e-2d14f706ef3c,2026-08-09T02:46:39.662255+00:00,C2-CONTROLLED-SNARK,controlled-groth16-pilot-v1,controlled_kernel,ark-groth16-0.6.0-bn254,5477ab05b549b750fa32dc9a1bc61898f74ebf21,de947ec44a622d90f62e247e4cad4e4a81bb578c8249825f66cc44a0179ee3b2,4346449703657546340,1,76,default,{},64,64,1,16,key_load,,,,,,,,,,,,,,phase,,,true,,,ark-groth16 does not expose stable per-run phase hooks,,measured,within-stack pilot; no Groth16-versus-PLONK claim,measurement,true,false,unsupported,{},,,,,,
cc1f5a58-7715-4841-872e-2d14f706ef3c,2026-08-09T02:46:39.662280+00:00,C2-CONTROLLED-SNARK,controlled-groth16-pilot-v1,controlled_kernel,ark-groth16-0.6.0-bn254,5477ab05b549b750fa32dc9a1bc61898f74ebf21,de947ec44a622d90f62e247e4cad4e4a81bb578c8249825f66cc44a0179ee3b2,4346449703657546340,1,76,default,{},64,64,1,16,adapter_process_wall,58.657802,20.000000,5.164062,128,true,0,,294,956,,,,linux-procfs,process,,,true,,,"private commit and per-process swap I/O are unavailable; VmSwap reports allocation, not swap traffic; No documented hardware or OS energy counter is configured in WSL2",,measured,within-stack pilot; no Groth16-versus-PLONK claim,measurement,true,true,ok,{},64,2,64,r1cs_constraints,5.0,11
6d3a224d-71ca-4e07-8fb6-0de589bd77d3,2026-08-09T02:46:39.851800+00:00,C2-CONTROLLED-SNARK,controlled-groth16-pilot-v1,controlled_kernel,ark-groth16-0.6.0-bn254,5477ab05b549b750fa32dc9a1bc61898f74ebf21,de947ec44a622d90f62e247e4cad4e4a81bb578c8249825f66cc44a0179ee3b2,247919492533450889,0,77,default,{},1024,1024,4,16,native_execution,0.646082,,,,,,,,,,,,,phase,,,true,,,,,measured,within-stack pilot; no Groth16-versus-PLONK claim,measurement,true,true,ok,"{""application_units"":1024.0}",,,,,,
6d3a224d-71ca-4e07-8fb6-0de589bd77d3,2026-08-09T02:46:39.851876+00:00,C2-CONTROLLED-SNARK,controlled-groth16-pilot-v1,controlled_kernel,ark-groth16-0.6.0-bn254,5477ab05b549b750fa32dc9a1bc61898f74ebf21,de947ec44a622d90f62e247e4cad4e4a81bb578c8249825f66cc44a0179ee3b2,247919492533450889,0,77,default,{},1024,1024,4,16,witness,74.406007,,,,,,,,,,,,,phase,,,true,,,,,measured,within-stack pilot; no Groth16-versus-PLONK claim,measurement,true,true,ok,"{""application_units"":1024.0,""constraint_count"":1024.0}",,,,,,
6d3a224d-71ca-4e07-8fb6-0de589bd77d3,2026-08-09T02:46:39.851903+00:00,C2-CONTROLLED-SNARK,controlled-groth16-pilot-v1,controlled_kernel,ark-groth16-0.6.0-bn254,5477ab05b549b750fa32dc9a1bc61898f74ebf21,de947ec44a622d90f62e247e4cad4e4a81bb578c8249825f66cc44a0179ee3b2,247919492533450889,0,77,default,{},1024,1024,4,16,setup_or_preprocess,24.135894,,,,,,,,,,,,,phase,,,true,,,,,measured,within-stack pilot; no Groth16-versus-PLONK claim,measurement,true,true,ok,"{""constraint_count"":1024.0}",,,,,,
6d3a224d-71ca-4e07-8fb6-0de589bd77d3,2026-08-09T02:46:39.851923+00:00,C2-CONTROLLED-SNARK,controlled-groth16-pilot-v1,controlled_kernel,ark-groth16-0.6.0-bn254,5477ab05b549b750fa32dc9a1bc61898f74ebf21,de947ec44a622d90f62e247e4cad4e4a81bb578c8249825f66cc44a0179ee3b2,247919492533450889,0,77,default,{},1024,1024,4,16,prove_total,39.783208,,,,,,,,,,,,,phase,,,true,,,,,measured,within-stack pilot; no Groth16-versus-PLONK claim,measurement,true,true,ok,"{""constraint_count"":1024.0}",,,,,,
6d3a224d-71ca-4e07-8fb6-0de589bd77d3,2026-08-09T02:46:39.851941+00:00,C2-CONTROLLED-SNARK,controlled-groth16-pilot-v1,controlled_kernel,ark-groth16-0.6.0-bn254,5477ab05b549b750fa32dc9a1bc61898f74ebf21,de947ec44a622d90f62e247e4cad4e4a81bb578c8249825f66cc44a0179ee3b2,247919492533450889,0,77,default,{},1024,1024,4,16,serialize,0.002204,,,,,,,,,,,,,phase,,,true,,,,,measured,within-stack pilot; no Groth16-versus-PLONK claim,measurement,true,true,ok,"{""proof_bytes"":128.0}",,,,,,
6d3a224d-71ca-4e07-8fb6-0de589bd77d3,2026-08-09T02:46:39.851957+00:00,C2-CONTROLLED-SNARK,controlled-groth16-pilot-v1,controlled_kernel,ark-groth16-0.6.0-bn254,5477ab05b549b750fa32dc9a1bc61898f74ebf21,de947ec44a622d90f62e247e4cad4e4a81bb578c8249825f66cc44a0179ee3b2,247919492533450889,0,77,default,{},1024,1024,4,16,deserialize,0.202286,,,,,,,,,,,,,phase,,,true,,,,,measured,within-stack pilot; no Groth16-versus-PLONK claim,measurement,true,true,ok,"{""proof_bytes"":128.0}",,,,,,
6d3a224d-71ca-4e07-8fb6-0de589bd77d3,2026-08-09T02:46:39.851973+00:00,C2-CONTROLLED-SNARK,controlled-groth16-pilot-v1,controlled_kernel,ark-groth16-0.6.0-bn254,5477ab05b549b750fa32dc9a1bc61898f74ebf21,de947ec44a622d90f62e247e4cad4e4a81bb578c8249825f66cc44a0179ee3b2,247919492533450889,0,77,default,{},1024,1024,4,16,verify_core,1.162904,,,,,,,,,,,,,phase,,,true,,,,,measured,within-stack pilot; no Groth16-versus-PLONK claim,measurement,true,true,ok,{},,,,,,
6d3a224d-71ca-4e07-8fb6-0de589bd77d3,2026-08-09T02:46:39.851989+00:00,C2-CONTROLLED-SNARK,controlled-groth16-pilot-v1,controlled_kernel,ark-groth16-0.6.0-bn254,5477ab05b549b750fa32dc9a1bc61898f74ebf21,de947ec44a622d90f62e247e4cad4e4a81bb578c8249825f66cc44a0179ee3b2,247919492533450889,0,77,default,{},1024,1024,4,16,verify_total,1.365370,,,,,,,,,,,,,phase,,,true,,,,,measured,within-stack pilot; no Groth16-versus-PLONK claim,measurement,true,true,ok,{},,,,,,
6d3a224d-71ca-4e07-8fb6-0de589bd77d3,2026-08-09T02:46:39.852005+00:00,C2-CONTROLLED-SNARK,controlled-groth16-pilot-v1,controlled_kernel,ark-groth16-0.6.0-bn254,5477ab05b549b750fa32dc9a1bc61898f74ebf21,de947ec44a622d90f62e247e4cad4e4a81bb578c8249825f66cc44a0179ee3b2,247919492533450889,0,77,default,{},1024,1024,4,16,fft_ntt,,,,,,,,,,,,,,phase,,,true,,,ark-groth16 does not expose stable per-run phase hooks,,measured,within-stack pilot; no Groth16-versus-PLONK claim,measurement,true,false,unsupported,{},,,,,,
6d3a224d-71ca-4e07-8fb6-0de589bd77d3,2026-08-09T02:46:39.852021+00:00,C2-CONTROLLED-SNARK,controlled-groth16-pilot-v1,controlled_kernel,ark-groth16-0.6.0-bn254,5477ab05b549b750fa32dc9a1bc61898f74ebf21,de947ec44a622d90f62e247e4cad4e4a81bb578c8249825f66cc44a0179ee3b2,247919492533450889,0,77,default,{},1024,1024,4,16,msm,,,,,,,,,,,,,,phase,,,true,,,ark-groth16 does not expose stable per-run phase hooks,,measured,within-stack pilot; no Groth16-versus-PLONK claim,measurement,true,false,unsupported,{},,,,,,
6d3a224d-71ca-4e07-8fb6-0de589bd77d3,2026-08-09T02:46:39.852035+00:00,C2-CONTROLLED-SNARK,controlled-groth16-pilot-v1,controlled_kernel,ark-groth16-0.6.0-bn254,5477ab05b549b750fa32dc9a1bc61898f74ebf21,de947ec44a622d90f62e247e4cad4e4a81bb578c8249825f66cc44a0179ee3b2,247919492533450889,0,77,default,{},1024,1024,4,16,commitment,,,,,,,,,,,,,,phase,,,true,,,ark-groth16 does not expose stable per-run phase hooks,,measured,within-stack pilot; no Groth16-versus-PLONK claim,measurement,true,false,unsupported,{},,,,,,
6d3a224d-71ca-4e07-8fb6-0de589bd77d3,2026-08-09T02:46:39.852047+00:00,C2-CONTROLLED-SNARK,controlled-groth16-pilot-v1,controlled_kernel,ark-groth16-0.6.0-bn254,5477ab05b549b750fa32dc9a1bc61898f74ebf21,de947ec44a622d90f62e247e4cad4e4a81bb578c8249825f66cc44a0179ee3b2,247919492533450889,0,77,default,{},1024,1024,4,16,key_load,,,,,,,,,,,,,,phase,,,true,,,ark-groth16 does not expose stable per-run phase hooks,,measured,within-stack pilot; no Groth16-versus-PLONK claim,measurement,true,false,unsupported,{},,,,,,
6d3a224d-71ca-4e07-8fb6-0de589bd77d3,2026-08-09T02:46:39.852063+00:00,C2-CONTROLLED-SNARK,controlled-groth16-pilot-v1,controlled_kernel,ark-groth16-0.6.0-bn254,5477ab05b549b750fa32dc9a1bc61898f74ebf21,de947ec44a622d90f62e247e4cad4e4a81bb578c8249825f66cc44a0179ee3b2,247919492533450889,0,77,default,{},1024,1024,4,16,adapter_process_wall,188.479970,340.000000,7.789062,128,true,0,,1289,956,,,,linux-procfs,process,,,true,,,"private commit and per-process swap I/O are unavailable; VmSwap reports allocation, not swap traffic; No documented hardware or OS energy counter is configured in WSL2",,measured,within-stack pilot; no Groth16-versus-PLONK claim,measurement,true,true,ok,{},1024,2,1024,r1cs_constraints,5.0,35
c1391565-7148-4bd1-8861-cfc0fc47633b,2026-08-09T02:46:40.768241+00:00,C2-CONTROLLED-SNARK,controlled-groth16-pilot-v1,controlled_kernel,ark-groth16-0.6.0-bn254,5477ab05b549b750fa32dc9a1bc61898f74ebf21,de947ec44a622d90f62e247e4cad4e4a81bb578c8249825f66cc44a0179ee3b2,3767308525709120916,2,78,default,{},4096,4096,8,16,native_execution,0.160158,,,,,,,,,,,,,phase,,,true,wrong_public_input,,,,measured,within-stack pilot; no Groth16-versus-PLONK claim,measurement,true,true,ok,"{""application_units"":4096.0}",,,,,,
c1391565-7148-4bd1-8861-cfc0fc47633b,2026-08-09T02:46:40.768358+00:00,C2-CONTROLLED-SNARK,controlled-groth16-pilot-v1,controlled_kernel,ark-groth16-0.6.0-bn254,5477ab05b549b750fa32dc9a1bc61898f74ebf21,de947ec44a622d90f62e247e4cad4e4a81bb578c8249825f66cc44a0179ee3b2,3767308525709120916,2,78,default,{},4096,4096,8,16,witness,733.966320,,,,,,,,,,,,,phase,,,true,wrong_public_input,,,,measured,within-stack pilot; no Groth16-versus-PLONK claim,measurement,true,true,ok,"{""application_units"":4096.0,""constraint_count"":4096.0}",,,,,,
c1391565-7148-4bd1-8861-cfc0fc47633b,2026-08-09T02:46:40.768384+00:00,C2-CONTROLLED-SNARK,controlled-groth16-pilot-v1,controlled_kernel,ark-groth16-0.6.0-bn254,5477ab05b549b750fa32dc9a1bc61898f74ebf21,de947ec44a622d90f62e247e4cad4e4a81bb578c8249825f66cc44a0179ee3b2,3767308525709120916,2,78,default,{},4096,4096,8,16,setup_or_preprocess,38.796645,,,,,,,,,,,,,phase,,,true,wrong_public_input,,,,measured,within-stack pilot; no Groth16-versus-PLONK claim,measurement,true,true,ok,"{""constraint_count"":4096.0}",,,,,,
c1391565-7148-4bd1-8861-cfc0fc47633b,2026-08-09T02:46:40.768403+00:00,C2-CONTROLLED-SNARK,controlled-groth16-pilot-v1,controlled_kernel,ark-groth16-0.6.0-bn254,5477ab05b549b750fa32dc9a1bc61898f74ebf21,de947ec44a622d90f62e247e4cad4e4a81bb578c8249825f66cc44a0179ee3b2,3767308525709120916,2,78,default,{},4096,4096,8,16,prove_total,100.048467,,,,,,,,,,,,,phase,,,true,wrong_public_input,,,,measured,within-stack pilot; no Groth16-versus-PLONK claim,measurement,true,true,ok,"{""constraint_count"":4096.0}",,,,,,
c1391565-7148-4bd1-8861-cfc0fc47633b,2026-08-09T02:46:40.768420+00:00,C2-CONTROLLED-SNARK,controlled-groth16-pilot-v1,controlled_kernel,ark-groth16-0.6.0-bn254,5477ab05b549b750fa32dc9a1bc61898f74ebf21,de947ec44a622d90f62e247e4cad4e4a81bb578c8249825f66cc44a0179ee3b2,3767308525709120916,2,78,default,{},4096,4096,8,16,serialize,0.002955,,,,,,,,,,,,,phase,,,true,wrong_public_input,,,,measured,within-stack pilot; no Groth16-versus-PLONK claim,measurement,true,true,ok,"{""proof_bytes"":128.0}",,,,,,
c1391565-7148-4bd1-8861-cfc0fc47633b,2026-08-09T02:46:40.768435+00:00,C2-CONTROLLED-SNARK,controlled-groth16-pilot-v1,controlled_kernel,ark-groth16-0.6.0-bn254,5477ab05b549b750fa32dc9a1bc61898f74ebf21,de947ec44a622d90f62e247e4cad4e4a81bb578c8249825f66cc44a0179ee3b2,3767308525709120916,2,78,default,{},4096,4096,8,16,deserialize,0.168353,,,,,,,,,,,,,phase,,,true,wrong_public_input,,,,measured,within-stack pilot; no Groth16-versus-PLONK claim,measurement,true,true,ok,"{""proof_bytes"":128.0}",,,,,,
c1391565-7148-4bd1-8861-cfc0fc47633b,2026-08-09T02:46:40.768451+00:00,C2-CONTROLLED-SNARK,controlled-groth16-pilot-v1,controlled_kernel,ark-groth16-0.6.0-bn254,5477ab05b549b750fa32dc9a1bc61898f74ebf21,de947ec44a622d90f62e247e4cad4e4a81bb578c8249825f66cc44a0179ee3b2,3767308525709120916,2,78,default,{},4096,4096,8,16,verify_core,1.086170,,,,,,,,,,,,,phase,,,true,wrong_public_input,1.086170,,,measured,within-stack pilot; no Groth16-versus-PLONK claim,measurement,true,true,ok,{},,,,,,
c1391565-7148-4bd1-8861-cfc0fc47633b,2026-08-09T02:46:40.768467+00:00,C2-CONTROLLED-SNARK,controlled-groth16-pilot-v1,controlled_kernel,ark-groth16-0.6.0-bn254,5477ab05b549b750fa32dc9a1bc61898f74ebf21,de947ec44a622d90f62e247e4cad4e4a81bb578c8249825f66cc44a0179ee3b2,3767308525709120916,2,78,default,{},4096,4096,8,16,invalid_reject,1.086170,,,,,,,,,,,,,phase,,,true,wrong_public_input,,,,measured,within-stack pilot; no Groth16-versus-PLONK claim,measurement,true,true,ok,{},,,,,,
c1391565-7148-4bd1-8861-cfc0fc47633b,2026-08-09T02:46:40.768483+00:00,C2-CONTROLLED-SNARK,controlled-groth16-pilot-v1,controlled_kernel,ark-groth16-0.6.0-bn254,5477ab05b549b750fa32dc9a1bc61898f74ebf21,de947ec44a622d90f62e247e4cad4e4a81bb578c8249825f66cc44a0179ee3b2,3767308525709120916,2,78,default,{},4096,4096,8,16,verify_total,1.254844,,,,,,,,,,,,,phase,,,true,wrong_public_input,,,,measured,within-stack pilot; no Groth16-versus-PLONK claim,measurement,true,true,ok,{},,,,,,
c1391565-7148-4bd1-8861-cfc0fc47633b,2026-08-09T02:46:40.768499+00:00,C2-CONTROLLED-SNARK,controlled-groth16-pilot-v1,controlled_kernel,ark-groth16-0.6.0-bn254,5477ab05b549b750fa32dc9a1bc61898f74ebf21,de947ec44a622d90f62e247e4cad4e4a81bb578c8249825f66cc44a0179ee3b2,3767308525709120916,2,78,default,{},4096,4096,8,16,fft_ntt,,,,,,,,,,,,,,phase,,,true,wrong_public_input,,ark-groth16 does not expose stable per-run phase hooks,,measured,within-stack pilot; no Groth16-versus-PLONK claim,measurement,true,false,unsupported,{},,,,,,
c1391565-7148-4bd1-8861-cfc0fc47633b,2026-08-09T02:46:40.768515+00:00,C2-CONTROLLED-SNARK,controlled-groth16-pilot-v1,controlled_kernel,ark-groth16-0.6.0-bn254,5477ab05b549b750fa32dc9a1bc61898f74ebf21,de947ec44a622d90f62e247e4cad4e4a81bb578c8249825f66cc44a0179ee3b2,3767308525709120916,2,78,default,{},4096,4096,8,16,msm,,,,,,,,,,,,,,phase,,,true,wrong_public_input,,ark-groth16 does not expose stable per-run phase hooks,,measured,within-stack pilot; no Groth16-versus-PLONK claim,measurement,true,false,unsupported,{},,,,,,
c1391565-7148-4bd1-8861-cfc0fc47633b,2026-08-09T02:46:40.768537+00:00,C2-CONTROLLED-SNARK,controlled-groth16-pilot-v1,controlled_kernel,ark-groth16-0.6.0-bn254,5477ab05b549b750fa32dc9a1bc61898f74ebf21,de947ec44a622d90f62e247e4cad4e4a81bb578c8249825f66cc44a0179ee3b2,3767308525709120916,2,78,default,{},4096,4096,8,16,commitment,,,,,,,,,,,,,,phase,,,true,wrong_public_input,,ark-groth16 does not expose stable per-run phase hooks,,measured,within-stack pilot; no Groth16-versus-PLONK claim,measurement,true,false,unsupported,{},,,,,,
c1391565-7148-4bd1-8861-cfc0fc47633b,2026-08-09T02:46:40.768553+00:00,C2-CONTROLLED-SNARK,controlled-groth16-pilot-v1,controlled_kernel,ark-groth16-0.6.0-bn254,5477ab05b549b750fa32dc9a1bc61898f74ebf21,de947ec44a622d90f62e247e4cad4e4a81bb578c8249825f66cc44a0179ee3b2,3767308525709120916,2,78,default,{},4096,4096,8,16,key_load,,,,,,,,,,,,,,phase,,,true,wrong_public_input,,ark-groth16 does not expose stable per-run phase hooks,,measured,within-stack pilot; no Groth16-versus-PLONK claim,measurement,true,false,unsupported,{},,,,,,
c1391565-7148-4bd1-8861-cfc0fc47633b,2026-08-09T02:46:40.768567+00:00,C2-CONTROLLED-SNARK,controlled-groth16-pilot-v1,controlled_kernel,ark-groth16-0.6.0-bn254,5477ab05b549b750fa32dc9a1bc61898f74ebf21,de947ec44a622d90f62e247e4cad4e4a81bb578c8249825f66cc44a0179ee3b2,3767308525709120916,2,78,default,{},4096,4096,8,16,adapter_process_wall,915.161262,2530.000000,16.679688,128,false,0,cryptographic_rejection,4108,956,,,,linux-procfs,process,,,true,wrong_public_input,,"Linux procfs read failed: [Errno 13] Permission denied: '/proc/3500/io'; private commit and per-process swap I/O are unavailable; VmSwap reports allocation, not swap traffic; No documented hardware or OS energy counter is configured in WSL2",,measured,within-stack pilot; no Groth16-versus-PLONK claim,measurement,true,true,ok,{},4096,2,4096,r1cs_constraints,5.0,168
b41e2ff6-1e1e-4418-b626-9d12c1f1b28f,2026-08-09T02:46:40.960961+00:00,C2-CONTROLLED-SNARK,controlled-groth16-pilot-v1,controlled_kernel,ark-groth16-0.6.0-bn254,5477ab05b549b750fa32dc9a1bc61898f74ebf21,de947ec44a622d90f62e247e4cad4e4a81bb578c8249825f66cc44a0179ee3b2,6904177569475029083,1,79,default,{},1024,1024,4,16,native_execution,0.643364,,,,,,,,,,,,,phase,,,true,wrong_public_input,,,,measured,within-stack pilot; no Groth16-versus-PLONK claim,measurement,true,true,ok,"{""application_units"":1024.0}",,,,,,
b41e2ff6-1e1e-4418-b626-9d12c1f1b28f,2026-08-09T02:46:40.961069+00:00,C2-CONTROLLED-SNARK,controlled-groth16-pilot-v1,controlled_kernel,ark-groth16-0.6.0-bn254,5477ab05b549b750fa32dc9a1bc61898f74ebf21,de947ec44a622d90f62e247e4cad4e4a81bb578c8249825f66cc44a0179ee3b2,6904177569475029083,1,79,default,{},1024,1024,4,16,witness,77.353795,,,,,,,,,,,,,phase,,,true,wrong_public_input,,,,measured,within-stack pilot; no Groth16-versus-PLONK claim,measurement,true,true,ok,"{""application_units"":1024.0,""constraint_count"":1024.0}",,,,,,
b41e2ff6-1e1e-4418-b626-9d12c1f1b28f,2026-08-09T02:46:40.961096+00:00,C2-CONTROLLED-SNARK,controlled-groth16-pilot-v1,controlled_kernel,ark-groth16-0.6.0-bn254,5477ab05b549b750fa32dc9a1bc61898f74ebf21,de947ec44a622d90f62e247e4cad4e4a81bb578c8249825f66cc44a0179ee3b2,6904177569475029083,1,79,default,{},1024,1024,4,16,setup_or_preprocess,24.100931,,,,,,,,,,,,,phase,,,true,wrong_public_input,,,,measured,within-stack pilot; no Groth16-versus-PLONK claim,measurement,true,true,ok,"{""constraint_count"":1024.0}",,,,,,
b41e2ff6-1e1e-4418-b626-9d12c1f1b28f,2026-08-09T02:46:40.961116+00:00,C2-CONTROLLED-SNARK,controlled-groth16-pilot-v1,controlled_kernel,ark-groth16-0.6.0-bn254,5477ab05b549b750fa32dc9a1bc61898f74ebf21,de947ec44a622d90f62e247e4cad4e4a81bb578c8249825f66cc44a0179ee3b2,6904177569475029083,1,79,default,{},1024,1024,4,16,prove_total,40.431161,,,,,,,,,,,,,phase,,,true,wrong_public_input,,,,measured,within-stack pilot; no Groth16-versus-PLONK claim,measurement,true,true,ok,"{""constraint_count"":1024.0}",,,,,,
b41e2ff6-1e1e-4418-b626-9d12c1f1b28f,2026-08-09T02:46:40.961133+00:00,C2-CONTROLLED-SNARK,controlled-groth16-pilot-v1,controlled_kernel,ark-groth16-0.6.0-bn254,5477ab05b549b750fa32dc9a1bc61898f74ebf21,de947ec44a622d90f62e247e4cad4e4a81bb578c8249825f66cc44a0179ee3b2,6904177569475029083,1,79,default,{},1024,1024,4,16,serialize,0.003006,,,,,,,,,,,,,phase,,,true,wrong_public_input,,,,measured,within-stack pilot; no Groth16-versus-PLONK claim,measurement,true,true,ok,"{""proof_bytes"":128.0}",,,,,,
b41e2ff6-1e1e-4418-b626-9d12c1f1b28f,2026-08-09T02:46:40.961150+00:00,C2-CONTROLLED-SNARK,controlled-groth16-pilot-v1,controlled_kernel,ark-groth16-0.6.0-bn254,5477ab05b549b750fa32dc9a1bc61898f74ebf21,de947ec44a622d90f62e247e4cad4e4a81bb578c8249825f66cc44a0179ee3b2,6904177569475029083,1,79,default,{},1024,1024,4,16,deserialize,0.203940,,,,,,,,,,,,,phase,,,true,wrong_public_input,,,,measured,within-stack pilot; no Groth16-versus-PLONK claim,measurement,true,true,ok,"{""proof_bytes"":128.0}",,,,,,
b41e2ff6-1e1e-4418-b626-9d12c1f1b28f,2026-08-09T02:46:40.961167+00:00,C2-CONTROLLED-SNARK,controlled-groth16-pilot-v1,controlled_kernel,ark-groth16-0.6.0-bn254,5477ab05b549b750fa32dc9a1bc61898f74ebf21,de947ec44a622d90f62e247e4cad4e4a81bb578c8249825f66cc44a0179ee3b2,6904177569475029083,1,79,default,{},1024,1024,4,16,verify_core,1.142546,,,,,,,,,,,,,phase,,,true,wrong_public_input,1.142546,,,measured,within-stack pilot; no Groth16-versus-PLONK claim,measurement,true,true,ok,{},,,,,,
b41e2ff6-1e1e-4418-b626-9d12c1f1b28f,2026-08-09T02:46:40.961183+00:00,C2-CONTROLLED-SNARK,controlled-groth16-pilot-v1,controlled_kernel,ark-groth16-0.6.0-bn254,5477ab05b549b750fa32dc9a1bc61898f74ebf21,de947ec44a622d90f62e247e4cad4e4a81bb578c8249825f66cc44a0179ee3b2,6904177569475029083,1,79,default,{},1024,1024,4,16,invalid_reject,1.142546,,,,,,,,,,,,,phase,,,true,wrong_public_input,,,,measured,within-stack pilot; no Groth16-versus-PLONK claim,measurement,true,true,ok,{},,,,,,
b41e2ff6-1e1e-4418-b626-9d12c1f1b28f,2026-08-09T02:46:40.961198+00:00,C2-CONTROLLED-SNARK,controlled-groth16-pilot-v1,controlled_kernel,ark-groth16-0.6.0-bn254,5477ab05b549b750fa32dc9a1bc61898f74ebf21,de947ec44a622d90f62e247e4cad4e4a81bb578c8249825f66cc44a0179ee3b2,6904177569475029083,1,79,default,{},1024,1024,4,16,verify_total,1.346866,,,,,,,,,,,,,phase,,,true,wrong_public_input,,,,measured,within-stack pilot; no Groth16-versus-PLONK claim,measurement,true,true,ok,{},,,,,,
b41e2ff6-1e1e-4418-b626-9d12c1f1b28f,2026-08-09T02:46:40.961215+00:00,C2-CONTROLLED-SNARK,controlled-groth16-pilot-v1,controlled_kernel,ark-groth16-0.6.0-bn254,5477ab05b549b750fa32dc9a1bc61898f74ebf21,de947ec44a622d90f62e247e4cad4e4a81bb578c8249825f66cc44a0179ee3b2,6904177569475029083,1,79,default,{},1024,1024,4,16,fft_ntt,,,,,,,,,,,,,,phase,,,true,wrong_public_input,,ark-groth16 does not expose stable per-run phase hooks,,measured,within-stack pilot; no Groth16-versus-PLONK claim,measurement,true,false,unsupported,{},,,,,,
b41e2ff6-1e1e-4418-b626-9d12c1f1b28f,2026-08-09T02:46:40.961237+00:00,C2-CONTROLLED-SNARK,controlled-groth16-pilot-v1,controlled_kernel,ark-groth16-0.6.0-bn254,5477ab05b549b750fa32dc9a1bc61898f74ebf21,de947ec44a622d90f62e247e4cad4e4a81bb578c8249825f66cc44a0179ee3b2,6904177569475029083,1,79,default,{},1024,1024,4,16,msm,,,,,,,,,,,,,,phase,,,true,wrong_public_input,,ark-groth16 does not expose stable per-run phase hooks,,measured,within-stack pilot; no Groth16-versus-PLONK claim,measurement,true,false,unsupported,{},,,,,,
b41e2ff6-1e1e-4418-b626-9d12c1f1b28f,2026-08-09T02:46:40.961253+00:00,C2-CONTROLLED-SNARK,controlled-groth16-pilot-v1,controlled_kernel,ark-groth16-0.6.0-bn254,5477ab05b549b750fa32dc9a1bc61898f74ebf21,de947ec44a622d90f62e247e4cad4e4a81bb578c8249825f66cc44a0179ee3b2,6904177569475029083,1,79,default,{},1024,1024,4,16,commitment,,,,,,,,,,,,,,phase,,,true,wrong_public_input,,ark-groth16 does not expose stable per-run phase hooks,,measured,within-stack pilot; no Groth16-versus-PLONK claim,measurement,true,false,unsupported,{},,,,,,
b41e2ff6-1e1e-4418-b626-9d12c1f1b28f,2026-08-09T02:46:40.961268+00:00,C2-CONTROLLED-SNARK,controlled-groth16-pilot-v1,controlled_kernel,ark-groth16-0.6.0-bn254,5477ab05b549b750fa32dc9a1bc61898f74ebf21,de947ec44a622d90f62e247e4cad4e4a81bb578c8249825f66cc44a0179ee3b2,6904177569475029083,1,79,default,{},1024,1024,4,16,key_load,,,,,,,,,,,,,,phase,,,true,wrong_public_input,,ark-groth16 does not expose stable per-run phase hooks,,measured,within-stack pilot; no Groth16-versus-PLONK claim,measurement,true,false,unsupported,{},,,,,,
b41e2ff6-1e1e-4418-b626-9d12c1f1b28f,2026-08-09T02:46:40.961284+00:00,C2-CONTROLLED-SNARK,controlled-groth16-pilot-v1,controlled_kernel,ark-groth16-0.6.0-bn254,5477ab05b549b750fa32dc9a1bc61898f74ebf21,de947ec44a622d90f62e247e4cad4e4a81bb578c8249825f66cc44a0179ee3b2,6904177569475029083,1,79,default,{},1024,1024,4,16,adapter_process_wall,191.180454,340.000000,7.847656,128,false,0,cryptographic_rejection,1316,956,,,,linux-procfs,process,,,true,wrong_public_input,,"private commit and per-process swap I/O are unavailable; VmSwap reports allocation, not swap traffic; No documented hardware or OS energy counter is configured in WSL2",,measured,within-stack pilot; no Groth16-versus-PLONK claim,measurement,true,true,ok,{},1024,2,1024,r1cs_constraints,5.0,35
e14eac4d-731e-4897-8e22-3a7f3920a1bd,2026-08-09T02:46:41.084670+00:00,C2-CONTROLLED-SNARK,controlled-groth16-pilot-v1,controlled_kernel,ark-groth16-0.6.0-bn254,5477ab05b549b750fa32dc9a1bc61898f74ebf21,de947ec44a622d90f62e247e4cad4e4a81bb578c8249825f66cc44a0179ee3b2,1707036570016548086,1,80,default,{},256,256,8,16,native_execution,0.010970,,,,,,,,,,,,,phase,,,true,,,,,measured,within-stack pilot; no Groth16-versus-PLONK claim,measurement,true,true,ok,"{""application_units"":256.0}",,,,,,
e14eac4d-731e-4897-8e22-3a7f3920a1bd,2026-08-09T02:46:41.084803+00:00,C2-CONTROLLED-SNARK,controlled-groth16-pilot-v1,controlled_kernel,ark-groth16-0.6.0-bn254,5477ab05b549b750fa32dc9a1bc61898f74ebf21,de947ec44a622d90f62e247e4cad4e4a81bb578c8249825f66cc44a0179ee3b2,1707036570016548086,1,80,default,{},256,256,8,16,witness,39.344210,,,,,,,,,,,,,phase,,,true,,,,,measured,within-stack pilot; no Groth16-versus-PLONK claim,measurement,true,true,ok,"{""application_units"":256.0,""constraint_count"":256.0}",,,,,,
e14eac4d-731e-4897-8e22-3a7f3920a1bd,2026-08-09T02:46:41.084833+00:00,C2-CONTROLLED-SNARK,controlled-groth16-pilot-v1,controlled_kernel,ark-groth16-0.6.0-bn254,5477ab05b549b750fa32dc9a1bc61898f74ebf21,de947ec44a622d90f62e247e4cad4e4a81bb578c8249825f66cc44a0179ee3b2,1707036570016548086,1,80,default,{},256,256,8,16,setup_or_preprocess,17.233491,,,,,,,,,,,,,phase,,,true,,,,,measured,within-stack pilot; no Groth16-versus-PLONK claim,measurement,true,true,ok,"{""constraint_count"":256.0}",,,,,,
e14eac4d-731e-4897-8e22-3a7f3920a1bd,2026-08-09T02:46:41.084856+00:00,C2-CONTROLLED-SNARK,controlled-groth16-pilot-v1,controlled_kernel,ark-groth16-0.6.0-bn254,5477ab05b549b750fa32dc9a1bc61898f74ebf21,de947ec44a622d90f62e247e4cad4e4a81bb578c8249825f66cc44a0179ee3b2,1707036570016548086,1,80,default,{},256,256,8,16,prove_total,26.722356,,,,,,,,,,,,,phase,,,true,,,,,measured,within-stack pilot; no Groth16-versus-PLONK claim,measurement,true,true,ok,"{""constraint_count"":256.0}",,,,,,
e14eac4d-731e-4897-8e22-3a7f3920a1bd,2026-08-09T02:46:41.084874+00:00,C2-CONTROLLED-SNARK,controlled-groth16-pilot-v1,controlled_kernel,ark-groth16-0.6.0-bn254,5477ab05b549b750fa32dc9a1bc61898f74ebf21,de947ec44a622d90f62e247e4cad4e4a81bb578c8249825f66cc44a0179ee3b2,1707036570016548086,1,80,default,{},256,256,8,16,serialize,0.003045,,,,,,,,,,,,,phase,,,true,,,,,measured,within-stack pilot; no Groth16-versus-PLONK claim,measurement,true,true,ok,"{""proof_bytes"":128.0}",,,,,,
e14eac4d-731e-4897-8e22-3a7f3920a1bd,2026-08-09T02:46:41.084891+00:00,C2-CONTROLLED-SNARK,controlled-groth16-pilot-v1,controlled_kernel,ark-groth16-0.6.0-bn254,5477ab05b549b750fa32dc9a1bc61898f74ebf21,de947ec44a622d90f62e247e4cad4e4a81bb578c8249825f66cc44a0179ee3b2,1707036570016548086,1,80,default,{},256,256,8,16,deserialize,0.168874,,,,,,,,,,,,,phase,,,true,,,,,measured,within-stack pilot; no Groth16-versus-PLONK claim,measurement,true,true,ok,"{""proof_bytes"":128.0}",,,,,,
e14eac4d-731e-4897-8e22-3a7f3920a1bd,2026-08-09T02:46:41.084907+00:00,C2-CONTROLLED-SNARK,controlled-groth16-pilot-v1,controlled_kernel,ark-groth16-0.6.0-bn254,5477ab05b549b750fa32dc9a1bc61898f74ebf21,de947ec44a622d90f62e247e4cad4e4a81bb578c8249825f66cc44a0179ee3b2,1707036570016548086,1,80,default,{},256,256,8,16,verify_core,1.024887,,,,,,,,,,,,,phase,,,true,,,,,measured,within-stack pilot; no Groth16-versus-PLONK claim,measurement,true,true,ok,{},,,,,,
e14eac4d-731e-4897-8e22-3a7f3920a1bd,2026-08-09T02:46:41.084922+00:00,C2-CONTROLLED-SNARK,controlled-groth16-pilot-v1,controlled_kernel,ark-groth16-0.6.0-bn254,5477ab05b549b750fa32dc9a1bc61898f74ebf21,de947ec44a622d90f62e247e4cad4e4a81bb578c8249825f66cc44a0179ee3b2,1707036570016548086,1,80,default,{},256,256,8,16,verify_total,1.193871,,,,,,,,,,,,,phase,,,true,,,,,measured,within-stack pilot; no Groth16-versus-PLONK claim,measurement,true,true,ok,{},,,,,,
e14eac4d-731e-4897-8e22-3a7f3920a1bd,2026-08-09T02:46:41.084937+00:00,C2-CONTROLLED-SNARK,controlled-groth16-pilot-v1,controlled_kernel,ark-groth16-0.6.0-bn254,5477ab05b549b750fa32dc9a1bc61898f74ebf21,de947ec44a622d90f62e247e4cad4e4a81bb578c8249825f66cc44a0179ee3b2,1707036570016548086,1,80,default,{},256,256,8,16,fft_ntt,,,,,,,,,,,,,,phase,,,true,,,ark-groth16 does not expose stable per-run phase hooks,,measured,within-stack pilot; no Groth16-versus-PLONK claim,measurement,true,false,unsupported,{},,,,,,
e14eac4d-731e-4897-8e22-3a7f3920a1bd,2026-08-09T02:46:41.084953+00:00,C2-CONTROLLED-SNARK,controlled-groth16-pilot-v1,controlled_kernel,ark-groth16-0.6.0-bn254,5477ab05b549b750fa32dc9a1bc61898f74ebf21,de947ec44a622d90f62e247e4cad4e4a81bb578c8249825f66cc44a0179ee3b2,1707036570016548086,1,80,default,{},256,256,8,16,msm,,,,,,,,,,,,,,phase,,,true,,,ark-groth16 does not expose stable per-run phase hooks,,measured,within-stack pilot; no Groth16-versus-PLONK claim,measurement,true,false,unsupported,{},,,,,,
e14eac4d-731e-4897-8e22-3a7f3920a1bd,2026-08-09T02:46:41.084968+00:00,C2-CONTROLLED-SNARK,controlled-groth16-pilot-v1,controlled_kernel,ark-groth16-0.6.0-bn254,5477ab05b549b750fa32dc9a1bc61898f74ebf21,de947ec44a622d90f62e247e4cad4e4a81bb578c8249825f66cc44a0179ee3b2,1707036570016548086,1,80,default,{},256,256,8,16,commitment,,,,,,,,,,,,,,phase,,,true,,,ark-groth16 does not expose stable per-run phase hooks,,measured,within-stack pilot; no Groth16-versus-PLONK claim,measurement,true,false,unsupported,{},,,,,,
e14eac4d-731e-4897-8e22-3a7f3920a1bd,2026-08-09T02:46:41.084983+00:00,C2-CONTROLLED-SNARK,controlled-groth16-pilot-v1,controlled_kernel,ark-groth16-0.6.0-bn254,5477ab05b549b750fa32dc9a1bc61898f74ebf21,de947ec44a622d90f62e247e4cad4e4a81bb578c8249825f66cc44a0179ee3b2,1707036570016548086,1,80,default,{},256,256,8,16,key_load,,,,,,,,,,,,,,phase,,,true,,,ark-groth16 does not expose stable per-run phase hooks,,measured,within-stack pilot; no Groth16-versus-PLONK claim,measurement,true,false,unsupported,{},,,,,,
e14eac4d-731e-4897-8e22-3a7f3920a1bd,2026-08-09T02:46:41.084998+00:00,C2-CONTROLLED-SNARK,controlled-groth16-pilot-v1,controlled_kernel,ark-groth16-0.6.0-bn254,5477ab05b549b750fa32dc9a1bc61898f74ebf21,de947ec44a622d90f62e247e4cad4e4a81bb578c8249825f66cc44a0179ee3b2,1707036570016548086,1,80,default,{},256,256,8,16,adapter_process_wall,121.921387,250.000000,6.546875,128,true,0,,712,956,,,,linux-procfs,process,,,true,,,"private commit and per-process swap I/O are unavailable; VmSwap reports allocation, not swap traffic; No documented hardware or OS energy counter is configured in WSL2",,measured,within-stack pilot; no Groth16-versus-PLONK claim,measurement,true,true,ok,{},256,2,256,r1cs_constraints,5.0,23
f754c3c3-58a2-4df9-a55a-00c182437037,2026-08-09T02:46:41.214086+00:00,C2-CONTROLLED-SNARK,controlled-groth16-pilot-v1,controlled_kernel,ark-groth16-0.6.0-bn254,5477ab05b549b750fa32dc9a1bc61898f74ebf21,de947ec44a622d90f62e247e4cad4e4a81bb578c8249825f66cc44a0179ee3b2,3235844711639393558,0,81,default,{},256,256,8,16,native_execution,0.014347,,,,,,,,,,,,,phase,,,true,,,,,measured,within-stack pilot; no Groth16-versus-PLONK claim,measurement,true,true,ok,"{""application_units"":256.0}",,,,,,
f754c3c3-58a2-4df9-a55a-00c182437037,2026-08-09T02:46:41.214227+00:00,C2-CONTROLLED-SNARK,controlled-groth16-pilot-v1,controlled_kernel,ark-groth16-0.6.0-bn254,5477ab05b549b750fa32dc9a1bc61898f74ebf21,de947ec44a622d90f62e247e4cad4e4a81bb578c8249825f66cc44a0179ee3b2,3235844711639393558,0,81,default,{},256,256,8,16,witness,37.993470,,,,,,,,,,,,,phase,,,true,,,,,measured,within-stack pilot; no Groth16-versus-PLONK claim,measurement,true,true,ok,"{""application_units"":256.0,""constraint_count"":256.0}",,,,,,
f754c3c3-58a2-4df9-a55a-00c182437037,2026-08-09T02:46:41.214258+00:00,C2-CONTROLLED-SNARK,controlled-groth16-pilot-v1,controlled_kernel,ark-groth16-0.6.0-bn254,5477ab05b549b750fa32dc9a1bc61898f74ebf21,de947ec44a622d90f62e247e4cad4e4a81bb578c8249825f66cc44a0179ee3b2,3235844711639393558,0,81,default,{},256,256,8,16,setup_or_preprocess,19.769300,,,,,,,,,,,,,phase,,,true,,,,,measured,within-stack pilot; no Groth16-versus-PLONK claim,measurement,true,true,ok,"{""constraint_count"":256.0}",,,,,,
f754c3c3-58a2-4df9-a55a-00c182437037,2026-08-09T02:46:41.214279+00:00,C2-CONTROLLED-SNARK,controlled-groth16-pilot-v1,controlled_kernel,ark-groth16-0.6.0-bn254,5477ab05b549b750fa32dc9a1bc61898f74ebf21,de947ec44a622d90f62e247e4cad4e4a81bb578c8249825f66cc44a0179ee3b2,3235844711639393558,0,81,default,{},256,256,8,16,prove_total,27.603616,,,,,,,,,,,,,phase,,,true,,,,,measured,within-stack pilot; no Groth16-versus-PLONK claim,measurement,true,true,ok,"{""constraint_count"":256.0}",,,,,,
f754c3c3-58a2-4df9-a55a-00c182437037,2026-08-09T02:46:41.214298+00:00,C2-CONTROLLED-SNARK,controlled-groth16-pilot-v1,controlled_kernel,ark-groth16-0.6.0-bn254,5477ab05b549b750fa32dc9a1bc61898f74ebf21,de947ec44a622d90f62e247e4cad4e4a81bb578c8249825f66cc44a0179ee3b2,3235844711639393558,0,81,default,{},256,256,8,16,serialize,0.002866,,,,,,,,,,,,,phase,,,true,,,,,measured,within-stack pilot; no Groth16-versus-PLONK claim,measurement,true,true,ok,"{""proof_bytes"":128.0}",,,,,,
f754c3c3-58a2-4df9-a55a-00c182437037,2026-08-09T02:46:41.214316+00:00,C2-CONTROLLED-SNARK,controlled-groth16-pilot-v1,controlled_kernel,ark-groth16-0.6.0-bn254,5477ab05b549b750fa32dc9a1bc61898f74ebf21,de947ec44a622d90f62e247e4cad4e4a81bb578c8249825f66cc44a0179ee3b2,3235844711639393558,0,81,default,{},256,256,8,16,deserialize,0.205983,,,,,,,,,,,,,phase,,,true,,,,,measured,within-stack pilot; no Groth16-versus-PLONK claim,measurement,true,true,ok,"{""proof_bytes"":128.0}",,,,,,
f754c3c3-58a2-4df9-a55a-00c182437037,2026-08-09T02:46:41.214332+00:00,C2-CONTROLLED-SNARK,controlled-groth16-pilot-v1,controlled_kernel,ark-groth16-0.6.0-bn254,5477ab05b549b750fa32dc9a1bc61898f74ebf21,de947ec44a622d90f62e247e4cad4e4a81bb578c8249825f66cc44a0179ee3b2,3235844711639393558,0,81,default,{},256,256,8,16,verify_core,1.028584,,,,,,,,,,,,,phase,,,true,,,,,measured,within-stack pilot; no Groth16-versus-PLONK claim,measurement,true,true,ok,{},,,,,,
f754c3c3-58a2-4df9-a55a-00c182437037,2026-08-09T02:46:41.214348+00:00,C2-CONTROLLED-SNARK,controlled-groth16-pilot-v1,controlled_kernel,ark-groth16-0.6.0-bn254,5477ab05b549b750fa32dc9a1bc61898f74ebf21,de947ec44a622d90f62e247e4cad4e4a81bb578c8249825f66cc44a0179ee3b2,3235844711639393558,0,81,default,{},256,256,8,16,verify_total,1.234687,,,,,,,,,,,,,phase,,,true,,,,,measured,within-stack pilot; no Groth16-versus-PLONK claim,measurement,true,true,ok,{},,,,,,
f754c3c3-58a2-4df9-a55a-00c182437037,2026-08-09T02:46:41.214365+00:00,C2-CONTROLLED-SNARK,controlled-groth16-pilot-v1,controlled_kernel,ark-groth16-0.6.0-bn254,5477ab05b549b750fa32dc9a1bc61898f74ebf21,de947ec44a622d90f62e247e4cad4e4a81bb578c8249825f66cc44a0179ee3b2,3235844711639393558,0,81,default,{},256,256,8,16,fft_ntt,,,,,,,,,,,,,,phase,,,true,,,ark-groth16 does not expose stable per-run phase hooks,,measured,within-stack pilot; no Groth16-versus-PLONK claim,measurement,true,false,unsupported,{},,,,,,
f754c3c3-58a2-4df9-a55a-00c182437037,2026-08-09T02:46:41.214382+00:00,C2-CONTROLLED-SNARK,controlled-groth16-pilot-v1,controlled_kernel,ark-groth16-0.6.0-bn254,5477ab05b549b750fa32dc9a1bc61898f74ebf21,de947ec44a622d90f62e247e4cad4e4a81bb578c8249825f66cc44a0179ee3b2,3235844711639393558,0,81,default,{},256,256,8,16,msm,,,,,,,,,,,,,,phase,,,true,,,ark-groth16 does not expose stable per-run phase hooks,,measured,within-stack pilot; no Groth16-versus-PLONK claim,measurement,true,false,unsupported,{},,,,,,
f754c3c3-58a2-4df9-a55a-00c182437037,2026-08-09T02:46:41.214406+00:00,C2-CONTROLLED-SNARK,controlled-groth16-pilot-v1,controlled_kernel,ark-groth16-0.6.0-bn254,5477ab05b549b750fa32dc9a1bc61898f74ebf21,de947ec44a622d90f62e247e4cad4e4a81bb578c8249825f66cc44a0179ee3b2,3235844711639393558,0,81,default,{},256,256,8,16,commitment,,,,,,,,,,,,,,phase,,,true,,,ark-groth16 does not expose stable per-run phase hooks,,measured,within-stack pilot; no Groth16-versus-PLONK claim,measurement,true,false,unsupported,{},,,,,,
f754c3c3-58a2-4df9-a55a-00c182437037,2026-08-09T02:46:41.214422+00:00,C2-CONTROLLED-SNARK,controlled-groth16-pilot-v1,controlled_kernel,ark-groth16-0.6.0-bn254,5477ab05b549b750fa32dc9a1bc61898f74ebf21,de947ec44a622d90f62e247e4cad4e4a81bb578c8249825f66cc44a0179ee3b2,3235844711639393558,0,81,default,{},256,256,8,16,key_load,,,,,,,,,,,,,,phase,,,true,,,ark-groth16 does not expose stable per-run phase hooks,,measured,within-stack pilot; no Groth16-versus-PLONK claim,measurement,true,false,unsupported,{},,,,,,
f754c3c3-58a2-4df9-a55a-00c182437037,2026-08-09T02:46:41.214437+00:00,C2-CONTROLLED-SNARK,controlled-groth16-pilot-v1,controlled_kernel,ark-groth16-0.6.0-bn254,5477ab05b549b750fa32dc9a1bc61898f74ebf21,de947ec44a622d90f62e247e4cad4e4a81bb578c8249825f66cc44a0179ee3b2,3235844711639393558,0,81,default,{},256,256,8,16,adapter_process_wall,127.608173,260.000000,6.429688,128,true,0,,724,956,,,,linux-procfs,process,,,true,,,"private commit and per-process swap I/O are unavailable; VmSwap reports allocation, not swap traffic; No documented hardware or OS energy counter is configured in WSL2",,measured,within-stack pilot; no Groth16-versus-PLONK claim,measurement,true,true,ok,{},256,2,256,r1cs_constraints,5.0,23
7b072044-70cd-453c-ad85-d599a6029735,2026-08-09T02:46:42.064482+00:00,C2-CONTROLLED-SNARK,controlled-groth16-pilot-v1,controlled_kernel,ark-groth16-0.6.0-bn254,5477ab05b549b750fa32dc9a1bc61898f74ebf21,de947ec44a622d90f62e247e4cad4e4a81bb578c8249825f66cc44a0179ee3b2,403690312370865143,0,82,default,{},4096,4096,8,16,native_execution,0.677711,,,,,,,,,,,,,phase,,,true,,,,,measured,within-stack pilot; no Groth16-versus-PLONK claim,measurement,true,true,ok,"{""application_units"":4096.0}",,,,,,
7b072044-70cd-453c-ad85-d599a6029735,2026-08-09T02:46:42.064550+00:00,C2-CONTROLLED-SNARK,controlled-groth16-pilot-v1,controlled_kernel,ark-groth16-0.6.0-bn254,5477ab05b549b750fa32dc9a1bc61898f74ebf21,de947ec44a622d90f62e247e4cad4e4a81bb578c8249825f66cc44a0179ee3b2,403690312370865143,0,82,default,{},4096,4096,8,16,witness,652.369302,,,,,,,,,,,,,phase,,,true,,,,,measured,within-stack pilot; no Groth16-versus-PLONK claim,measurement,true,true,ok,"{""application_units"":4096.0,""constraint_count"":4096.0}",,,,,,
7b072044-70cd-453c-ad85-d599a6029735,2026-08-09T02:46:42.064575+00:00,C2-CONTROLLED-SNARK,controlled-groth16-pilot-v1,controlled_kernel,ark-groth16-0.6.0-bn254,5477ab05b549b750fa32dc9a1bc61898f74ebf21,de947ec44a622d90f62e247e4cad4e4a81bb578c8249825f66cc44a0179ee3b2,403690312370865143,0,82,default,{},4096,4096,8,16,setup_or_preprocess,44.805028,,,,,,,,,,,,,phase,,,true,,,,,measured,within-stack pilot; no Groth16-versus-PLONK claim,measurement,true,true,ok,"{""constraint_count"":4096.0}",,,,,,
7b072044-70cd-453c-ad85-d599a6029735,2026-08-09T02:46:42.064593+00:00,C2-CONTROLLED-SNARK,controlled-groth16-pilot-v1,controlled_kernel,ark-groth16-0.6.0-bn254,5477ab05b549b750fa32dc9a1bc61898f74ebf21,de947ec44a622d90f62e247e4cad4e4a81bb578c8249825f66cc44a0179ee3b2,403690312370865143,0,82,default,{},4096,4096,8,16,prove_total,97.688125,,,,,,,,,,,,,phase,,,true,,,,,measured,within-stack pilot; no Groth16-versus-PLONK claim,measurement,true,true,ok,"{""constraint_count"":4096.0}",,,,,,
7b072044-70cd-453c-ad85-d599a6029735,2026-08-09T02:46:42.064610+00:00,C2-CONTROLLED-SNARK,controlled-groth16-pilot-v1,controlled_kernel,ark-groth16-0.6.0-bn254,5477ab05b549b750fa32dc9a1bc61898f74ebf21,de947ec44a622d90f62e247e4cad4e4a81bb578c8249825f66cc44a0179ee3b2,403690312370865143,0,82,default,{},4096,4096,8,16,serialize,0.003878,,,,,,,,,,,,,phase,,,true,,,,,measured,within-stack pilot; no Groth16-versus-PLONK claim,measurement,true,true,ok,"{""proof_bytes"":128.0}",,,,,,
7b072044-70cd-453c-ad85-d599a6029735,2026-08-09T02:46:42.064626+00:00,C2-CONTROLLED-SNARK,controlled-groth16-pilot-v1,controlled_kernel,ark-groth16-0.6.0-bn254,5477ab05b549b750fa32dc9a1bc61898f74ebf21,de947ec44a622d90f62e247e4cad4e4a81bb578c8249825f66cc44a0179ee3b2,403690312370865143,0,82,default,{},4096,4096,8,16,deserialize,0.183702,,,,,,,,,,,,,phase,,,true,,,,,measured,within-stack pilot; no Groth16-versus-PLONK claim,measurement,true,true,ok,"{""proof_bytes"":128.0}",,,,,,
7b072044-70cd-453c-ad85-d599a6029735,2026-08-09T02:46:42.064642+00:00,C2-CONTROLLED-SNARK,controlled-groth16-pilot-v1,controlled_kernel,ark-groth16-0.6.0-bn254,5477ab05b549b750fa32dc9a1bc61898f74ebf21,de947ec44a622d90f62e247e4cad4e4a81bb578c8249825f66cc44a0179ee3b2,403690312370865143,0,82,default,{},4096,4096,8,16,verify_core,1.074028,,,,,,,,,,,,,phase,,,true,,,,,measured,within-stack pilot; no Groth16-versus-PLONK claim,measurement,true,true,ok,{},,,,,,
7b072044-70cd-453c-ad85-d599a6029735,2026-08-09T02:46:42.064657+00:00,C2-CONTROLLED-SNARK,controlled-groth16-pilot-v1,controlled_kernel,ark-groth16-0.6.0-bn254,5477ab05b549b750fa32dc9a1bc61898f74ebf21,de947ec44a622d90f62e247e4cad4e4a81bb578c8249825f66cc44a0179ee3b2,403690312370865143,0,82,default,{},4096,4096,8,16,verify_total,1.257880,,,,,,,,,,,,,phase,,,true,,,,,measured,within-stack pilot; no Groth16-versus-PLONK claim,measurement,true,true,ok,{},,,,,,
7b072044-70cd-453c-ad85-d599a6029735,2026-08-09T02:46:42.064675+00:00,C2-CONTROLLED-SNARK,controlled-groth16-pilot-v1,controlled_kernel,ark-groth16-0.6.0-bn254,5477ab05b549b750fa32dc9a1bc61898f74ebf21,de947ec44a622d90f62e247e4cad4e4a81bb578c8249825f66cc44a0179ee3b2,403690312370865143,0,82,default,{},4096,4096,8,16,fft_ntt,,,,,,,,,,,,,,phase,,,true,,,ark-groth16 does not expose stable per-run phase hooks,,measured,within-stack pilot; no Groth16-versus-PLONK claim,measurement,true,false,unsupported,{},,,,,,
7b072044-70cd-453c-ad85-d599a6029735,2026-08-09T02:46:42.064692+00:00,C2-CONTROLLED-SNARK,controlled-groth16-pilot-v1,controlled_kernel,ark-groth16-0.6.0-bn254,5477ab05b549b750fa32dc9a1bc61898f74ebf21,de947ec44a622d90f62e247e4cad4e4a81bb578c8249825f66cc44a0179ee3b2,403690312370865143,0,82,default,{},4096,4096,8,16,msm,,,,,,,,,,,,,,phase,,,true,,,ark-groth16 does not expose stable per-run phase hooks,,measured,within-stack pilot; no Groth16-versus-PLONK claim,measurement,true,false,unsupported,{},,,,,,
7b072044-70cd-453c-ad85-d599a6029735,2026-08-09T02:46:42.064707+00:00,C2-CONTROLLED-SNARK,controlled-groth16-pilot-v1,controlled_kernel,ark-groth16-0.6.0-bn254,5477ab05b549b750fa32dc9a1bc61898f74ebf21,de947ec44a622d90f62e247e4cad4e4a81bb578c8249825f66cc44a0179ee3b2,403690312370865143,0,82,default,{},4096,4096,8,16,commitment,,,,,,,,,,,,,,phase,,,true,,,ark-groth16 does not expose stable per-run phase hooks,,measured,within-stack pilot; no Groth16-versus-PLONK claim,measurement,true,false,unsupported,{},,,,,,
7b072044-70cd-453c-ad85-d599a6029735,2026-08-09T02:46:42.064722+00:00,C2-CONTROLLED-SNARK,controlled-groth16-pilot-v1,controlled_kernel,ark-groth16-0.6.0-bn254,5477ab05b549b750fa32dc9a1bc61898f74ebf21,de947ec44a622d90f62e247e4cad4e4a81bb578c8249825f66cc44a0179ee3b2,403690312370865143,0,82,default,{},4096,4096,8,16,key_load,,,,,,,,,,,,,,phase,,,true,,,ark-groth16 does not expose stable per-run phase hooks,,measured,within-stack pilot; no Groth16-versus-PLONK claim,measurement,true,false,unsupported,{},,,,,,
7b072044-70cd-453c-ad85-d599a6029735,2026-08-09T02:46:42.064737+00:00,C2-CONTROLLED-SNARK,controlled-groth16-pilot-v1,controlled_kernel,ark-groth16-0.6.0-bn254,5477ab05b549b750fa32dc9a1bc61898f74ebf21,de947ec44a622d90f62e247e4cad4e4a81bb578c8249825f66cc44a0179ee3b2,403690312370865143,0,82,default,{},4096,4096,8,16,adapter_process_wall,848.835296,2320.000000,16.925781,128,true,0,,4181,956,,,,linux-procfs,process,,,true,,,"Linux procfs read failed: [Errno 13] Permission denied: '/proc/3692/io'; private commit and per-process swap I/O are unavailable; VmSwap reports allocation, not swap traffic; No documented hardware or OS energy counter is configured in WSL2",,measured,within-stack pilot; no Groth16-versus-PLONK claim,measurement,true,true,ok,{},4096,2,4096,r1cs_constraints,5.0,158
95bf111d-c934-460d-8a6c-04f92ad60ce1,2026-08-09T02:46:42.210179+00:00,C2-CONTROLLED-SNARK,controlled-groth16-pilot-v1,controlled_kernel,ark-groth16-0.6.0-bn254,5477ab05b549b750fa32dc9a1bc61898f74ebf21,de947ec44a622d90f62e247e4cad4e4a81bb578c8249825f66cc44a0179ee3b2,8642447205238202043,2,83,default,{},64,64,16,16,native_execution,0.700734,,,,,,,,,,,,,phase,,,true,,,,,measured,within-stack pilot; no Groth16-versus-PLONK claim,measurement,true,true,ok,"{""application_units"":64.0}",,,,,,
95bf111d-c934-460d-8a6c-04f92ad60ce1,2026-08-09T02:46:42.210279+00:00,C2-CONTROLLED-SNARK,controlled-groth16-pilot-v1,controlled_kernel,ark-groth16-0.6.0-bn254,5477ab05b549b750fa32dc9a1bc61898f74ebf21,de947ec44a622d90f62e247e4cad4e4a81bb578c8249825f66cc44a0179ee3b2,8642447205238202043,2,83,default,{},64,64,16,16,witness,14.909731,,,,,,,,,,,,,phase,,,true,,,,,measured,within-stack pilot; no Groth16-versus-PLONK claim,measurement,true,true,ok,"{""application_units"":64.0,""constraint_count"":64.0}",,,,,,
95bf111d-c934-460d-8a6c-04f92ad60ce1,2026-08-09T02:46:42.210307+00:00,C2-CONTROLLED-SNARK,controlled-groth16-pilot-v1,controlled_kernel,ark-groth16-0.6.0-bn254,5477ab05b549b750fa32dc9a1bc61898f74ebf21,de947ec44a622d90f62e247e4cad4e4a81bb578c8249825f66cc44a0179ee3b2,8642447205238202043,2,83,default,{},64,64,16,16,setup_or_preprocess,39.893711,,,,,,,,,,,,,phase,,,true,,,,,measured,within-stack pilot; no Groth16-versus-PLONK claim,measurement,true,true,ok,"{""constraint_count"":64.0}",,,,,,
95bf111d-c934-460d-8a6c-04f92ad60ce1,2026-08-09T02:46:42.210327+00:00,C2-CONTROLLED-SNARK,controlled-groth16-pilot-v1,controlled_kernel,ark-groth16-0.6.0-bn254,5477ab05b549b750fa32dc9a1bc61898f74ebf21,de947ec44a622d90f62e247e4cad4e4a81bb578c8249825f66cc44a0179ee3b2,8642447205238202043,2,83,default,{},64,64,16,16,prove_total,35.134263,,,,,,,,,,,,,phase,,,true,,,,,measured,within-stack pilot; no Groth16-versus-PLONK claim,measurement,true,true,ok,"{""constraint_count"":64.0}",,,,,,
95bf111d-c934-460d-8a6c-04f92ad60ce1,2026-08-09T02:46:42.210344+00:00,C2-CONTROLLED-SNARK,controlled-groth16-pilot-v1,controlled_kernel,ark-groth16-0.6.0-bn254,5477ab05b549b750fa32dc9a1bc61898f74ebf21,de947ec44a622d90f62e247e4cad4e4a81bb578c8249825f66cc44a0179ee3b2,8642447205238202043,2,83,default,{},64,64,16,16,serialize,0.002765,,,,,,,,,,,,,phase,,,true,,,,,measured,within-stack pilot; no Groth16-versus-PLONK claim,measurement,true,true,ok,"{""proof_bytes"":128.0}",,,,,,
95bf111d-c934-460d-8a6c-04f92ad60ce1,2026-08-09T02:46:42.210361+00:00,C2-CONTROLLED-SNARK,controlled-groth16-pilot-v1,controlled_kernel,ark-groth16-0.6.0-bn254,5477ab05b549b750fa32dc9a1bc61898f74ebf21,de947ec44a622d90f62e247e4cad4e4a81bb578c8249825f66cc44a0179ee3b2,8642447205238202043,2,83,default,{},64,64,16,16,deserialize,0.221401,,,,,,,,,,,,,phase,,,true,,,,,measured,within-stack pilot; no Groth16-versus-PLONK claim,measurement,true,true,ok,"{""proof_bytes"":128.0}",,,,,,
95bf111d-c934-460d-8a6c-04f92ad60ce1,2026-08-09T02:46:42.210378+00:00,C2-CONTROLLED-SNARK,controlled-groth16-pilot-v1,controlled_kernel,ark-groth16-0.6.0-bn254,5477ab05b549b750fa32dc9a1bc61898f74ebf21,de947ec44a622d90f62e247e4cad4e4a81bb578c8249825f66cc44a0179ee3b2,8642447205238202043,2,83,default,{},64,64,16,16,verify_core,1.101467,,,,,,,,,,,,,phase,,,true,,,,,measured,within-stack pilot; no Groth16-versus-PLONK claim,measurement,true,true,ok,{},,,,,,
95bf111d-c934-460d-8a6c-04f92ad60ce1,2026-08-09T02:46:42.210395+00:00,C2-CONTROLLED-SNARK,controlled-groth16-pilot-v1,controlled_kernel,ark-groth16-0.6.0-bn254,5477ab05b549b750fa32dc9a1bc61898f74ebf21,de947ec44a622d90f62e247e4cad4e4a81bb578c8249825f66cc44a0179ee3b2,8642447205238202043,2,83,default,{},64,64,16,16,verify_total,1.323009,,,,,,,,,,,,,phase,,,true,,,,,measured,within-stack pilot; no Groth16-versus-PLONK claim,measurement,true,true,ok,{},,,,,,
95bf111d-c934-460d-8a6c-04f92ad60ce1,2026-08-09T02:46:42.210411+00:00,C2-CONTROLLED-SNARK,controlled-groth16-pilot-v1,controlled_kernel,ark-groth16-0.6.0-bn254,5477ab05b549b750fa32dc9a1bc61898f74ebf21,de947ec44a622d90f62e247e4cad4e4a81bb578c8249825f66cc44a0179ee3b2,8642447205238202043,2,83,default,{},64,64,16,16,fft_ntt,,,,,,,,,,,,,,phase,,,true,,,ark-groth16 does not expose stable per-run phase hooks,,measured,within-stack pilot; no Groth16-versus-PLONK claim,measurement,true,false,unsupported,{},,,,,,
95bf111d-c934-460d-8a6c-04f92ad60ce1,2026-08-09T02:46:42.210428+00:00,C2-CONTROLLED-SNARK,controlled-groth16-pilot-v1,controlled_kernel,ark-groth16-0.6.0-bn254,5477ab05b549b750fa32dc9a1bc61898f74ebf21,de947ec44a622d90f62e247e4cad4e4a81bb578c8249825f66cc44a0179ee3b2,8642447205238202043,2,83,default,{},64,64,16,16,msm,,,,,,,,,,,,,,phase,,,true,,,ark-groth16 does not expose stable per-run phase hooks,,measured,within-stack pilot; no Groth16-versus-PLONK claim,measurement,true,false,unsupported,{},,,,,,
95bf111d-c934-460d-8a6c-04f92ad60ce1,2026-08-09T02:46:42.210444+00:00,C2-CONTROLLED-SNARK,controlled-groth16-pilot-v1,controlled_kernel,ark-groth16-0.6.0-bn254,5477ab05b549b750fa32dc9a1bc61898f74ebf21,de947ec44a622d90f62e247e4cad4e4a81bb578c8249825f66cc44a0179ee3b2,8642447205238202043,2,83,default,{},64,64,16,16,commitment,,,,,,,,,,,,,,phase,,,true,,,ark-groth16 does not expose stable per-run phase hooks,,measured,within-stack pilot; no Groth16-versus-PLONK claim,measurement,true,false,unsupported,{},,,,,,
95bf111d-c934-460d-8a6c-04f92ad60ce1,2026-08-09T02:46:42.210465+00:00,C2-CONTROLLED-SNARK,controlled-groth16-pilot-v1,controlled_kernel,ark-groth16-0.6.0-bn254,5477ab05b549b750fa32dc9a1bc61898f74ebf21,de947ec44a622d90f62e247e4cad4e4a81bb578c8249825f66cc44a0179ee3b2,8642447205238202043,2,83,default,{},64,64,16,16,key_load,,,,,,,,,,,,,,phase,,,true,,,ark-groth16 does not expose stable per-run phase hooks,,measured,within-stack pilot; no Groth16-versus-PLONK claim,measurement,true,false,unsupported,{},,,,,,
95bf111d-c934-460d-8a6c-04f92ad60ce1,2026-08-09T02:46:42.210480+00:00,C2-CONTROLLED-SNARK,controlled-groth16-pilot-v1,controlled_kernel,ark-groth16-0.6.0-bn254,5477ab05b549b750fa32dc9a1bc61898f74ebf21,de947ec44a622d90f62e247e4cad4e4a81bb578c8249825f66cc44a0179ee3b2,8642447205238202043,2,83,default,{},64,64,16,16,adapter_process_wall,144.551128,360.000000,6.570312,128,true,0,,751,956,,,,linux-procfs,process,,,true,,,"Linux procfs read failed: [Errno 13] Permission denied: '/proc/3746/io'; private commit and per-process swap I/O are unavailable; VmSwap reports allocation, not swap traffic; No documented hardware or OS energy counter is configured in WSL2",,measured,within-stack pilot; no Groth16-versus-PLONK claim,measurement,true,true,ok,{},64,2,64,r1cs_constraints,5.0,26
65b21a4c-4939-4b84-b0a8-3bef37c91eca,2026-08-09T02:46:42.360138+00:00,C2-CONTROLLED-SNARK,controlled-groth16-pilot-v1,controlled_kernel,ark-groth16-0.6.0-bn254,5477ab05b549b750fa32dc9a1bc61898f74ebf21,de947ec44a622d90f62e247e4cad4e4a81bb578c8249825f66cc44a0179ee3b2,5506091065762370739,0,84,default,{},1024,1024,2,16,native_execution,0.662993,,,,,,,,,,,,,phase,,,true,,,,,measured,within-stack pilot; no Groth16-versus-PLONK claim,measurement,true,true,ok,"{""application_units"":1024.0}",,,,,,
65b21a4c-4939-4b84-b0a8-3bef37c91eca,2026-08-09T02:46:42.360231+00:00,C2-CONTROLLED-SNARK,controlled-groth16-pilot-v1,controlled_kernel,ark-groth16-0.6.0-bn254,5477ab05b549b750fa32dc9a1bc61898f74ebf21,de947ec44a622d90f62e247e4cad4e4a81bb578c8249825f66cc44a0179ee3b2,5506091065762370739,0,84,default,{},1024,1024,2,16,witness,31.144230,,,,,,,,,,,,,phase,,,true,,,,,measured,within-stack pilot; no Groth16-versus-PLONK claim,measurement,true,true,ok,"{""application_units"":1024.0,""constraint_count"":1024.0}",,,,,,
65b21a4c-4939-4b84-b0a8-3bef37c91eca,2026-08-09T02:46:42.360253+00:00,C2-CONTROLLED-SNARK,controlled-groth16-pilot-v1,controlled_kernel,ark-groth16-0.6.0-bn254,5477ab05b549b750fa32dc9a1bc61898f74ebf21,de947ec44a622d90f62e247e4cad4e4a81bb578c8249825f66cc44a0179ee3b2,5506091065762370739,0,84,default,{},1024,1024,2,16,setup_or_preprocess,34.087311,,,,,,,,,,,,,phase,,,true,,,,,measured,within-stack pilot; no Groth16-versus-PLONK claim,measurement,true,true,ok,"{""constraint_count"":1024.0}",,,,,,
65b21a4c-4939-4b84-b0a8-3bef37c91eca,2026-08-09T02:46:42.360269+00:00,C2-CONTROLLED-SNARK,controlled-groth16-pilot-v1,controlled_kernel,ark-groth16-0.6.0-bn254,5477ab05b549b750fa32dc9a1bc61898f74ebf21,de947ec44a622d90f62e247e4cad4e4a81bb578c8249825f66cc44a0179ee3b2,5506091065762370739,0,84,default,{},1024,1024,2,16,prove_total,31.373189,,,,,,,,,,,,,phase,,,true,,,,,measured,within-stack pilot; no Groth16-versus-PLONK claim,measurement,true,true,ok,"{""constraint_count"":1024.0}",,,,,,
65b21a4c-4939-4b84-b0a8-3bef37c91eca,2026-08-09T02:46:42.360283+00:00,C2-CONTROLLED-SNARK,controlled-groth16-pilot-v1,controlled_kernel,ark-groth16-0.6.0-bn254,5477ab05b549b750fa32dc9a1bc61898f74ebf21,de947ec44a622d90f62e247e4cad4e4a81bb578c8249825f66cc44a0179ee3b2,5506091065762370739,0,84,default,{},1024,1024,2,16,serialize,0.002795,,,,,,,,,,,,,phase,,,true,,,,,measured,within-stack pilot; no Groth16-versus-PLONK claim,measurement,true,true,ok,"{""proof_bytes"":128.0}",,,,,,
65b21a4c-4939-4b84-b0a8-3bef37c91eca,2026-08-09T02:46:42.360297+00:00,C2-CONTROLLED-SNARK,controlled-groth16-pilot-v1,controlled_kernel,ark-groth16-0.6.0-bn254,5477ab05b549b750fa32dc9a1bc61898f74ebf21,de947ec44a622d90f62e247e4cad4e4a81bb578c8249825f66cc44a0179ee3b2,5506091065762370739,0,84,default,{},1024,1024,2,16,deserialize,0.167913,,,,,,,,,,,,,phase,,,true,,,,,measured,within-stack pilot; no Groth16-versus-PLONK claim,measurement,true,true,ok,"{""proof_bytes"":128.0}",,,,,,
65b21a4c-4939-4b84-b0a8-3bef37c91eca,2026-08-09T02:46:42.360310+00:00,C2-CONTROLLED-SNARK,controlled-groth16-pilot-v1,controlled_kernel,ark-groth16-0.6.0-bn254,5477ab05b549b750fa32dc9a1bc61898f74ebf21,de947ec44a622d90f62e247e4cad4e4a81bb578c8249825f66cc44a0179ee3b2,5506091065762370739,0,84,default,{},1024,1024,2,16,verify_core,1.023233,,,,,,,,,,,,,phase,,,true,,,,,measured,within-stack pilot; no Groth16-versus-PLONK claim,measurement,true,true,ok,{},,,,,,
65b21a4c-4939-4b84-b0a8-3bef37c91eca,2026-08-09T02:46:42.360323+00:00,C2-CONTROLLED-SNARK,controlled-groth16-pilot-v1,controlled_kernel,ark-groth16-0.6.0-bn254,5477ab05b549b750fa32dc9a1bc61898f74ebf21,de947ec44a622d90f62e247e4cad4e4a81bb578c8249825f66cc44a0179ee3b2,5506091065762370739,0,84,default,{},1024,1024,2,16,verify_total,1.191256,,,,,,,,,,,,,phase,,,true,,,,,measured,within-stack pilot; no Groth16-versus-PLONK claim,measurement,true,true,ok,{},,,,,,
65b21a4c-4939-4b84-b0a8-3bef37c91eca,2026-08-09T02:46:42.360336+00:00,C2-CONTROLLED-SNARK,controlled-groth16-pilot-v1,controlled_kernel,ark-groth16-0.6.0-bn254,5477ab05b549b750fa32dc9a1bc61898f74ebf21,de947ec44a622d90f62e247e4cad4e4a81bb578c8249825f66cc44a0179ee3b2,5506091065762370739,0,84,default,{},1024,1024,2,16,fft_ntt,,,,,,,,,,,,,,phase,,,true,,,ark-groth16 does not expose stable per-run phase hooks,,measured,within-stack pilot; no Groth16-versus-PLONK claim,measurement,true,false,unsupported,{},,,,,,
65b21a4c-4939-4b84-b0a8-3bef37c91eca,2026-08-09T02:46:42.360350+00:00,C2-CONTROLLED-SNARK,controlled-groth16-pilot-v1,controlled_kernel,ark-groth16-0.6.0-bn254,5477ab05b549b750fa32dc9a1bc61898f74ebf21,de947ec44a622d90f62e247e4cad4e4a81bb578c8249825f66cc44a0179ee3b2,5506091065762370739,0,84,default,{},1024,1024,2,16,msm,,,,,,,,,,,,,,phase,,,true,,,ark-groth16 does not expose stable per-run phase hooks,,measured,within-stack pilot; no Groth16-versus-PLONK claim,measurement,true,false,unsupported,{},,,,,,
65b21a4c-4939-4b84-b0a8-3bef37c91eca,2026-08-09T02:46:42.360363+00:00,C2-CONTROLLED-SNARK,controlled-groth16-pilot-v1,controlled_kernel,ark-groth16-0.6.0-bn254,5477ab05b549b750fa32dc9a1bc61898f74ebf21,de947ec44a622d90f62e247e4cad4e4a81bb578c8249825f66cc44a0179ee3b2,5506091065762370739,0,84,default,{},1024,1024,2,16,commitment,,,,,,,,,,,,,,phase,,,true,,,ark-groth16 does not expose stable per-run phase hooks,,measured,within-stack pilot; no Groth16-versus-PLONK claim,measurement,true,false,unsupported,{},,,,,,
65b21a4c-4939-4b84-b0a8-3bef37c91eca,2026-08-09T02:46:42.360380+00:00,C2-CONTROLLED-SNARK,controlled-groth16-pilot-v1,controlled_kernel,ark-groth16-0.6.0-bn254,5477ab05b549b750fa32dc9a1bc61898f74ebf21,de947ec44a622d90f62e247e4cad4e4a81bb578c8249825f66cc44a0179ee3b2,5506091065762370739,0,84,default,{},1024,1024,2,16,key_load,,,,,,,,,,,,,,phase,,,true,,,ark-groth16 does not expose stable per-run phase hooks,,measured,within-stack pilot; no Groth16-versus-PLONK claim,measurement,true,false,unsupported,{},,,,,,
65b21a4c-4939-4b84-b0a8-3bef37c91eca,2026-08-09T02:46:42.360392+00:00,C2-CONTROLLED-SNARK,controlled-groth16-pilot-v1,controlled_kernel,ark-groth16-0.6.0-bn254,5477ab05b549b750fa32dc9a1bc61898f74ebf21,de947ec44a622d90f62e247e4cad4e4a81bb578c8249825f66cc44a0179ee3b2,5506091065762370739,0,84,default,{},1024,1024,2,16,adapter_process_wall,148.489845,160.000000,7.335938,128,true,0,,1110,956,,,,linux-procfs,process,,,true,,,"Linux procfs read failed: [Errno 13] Permission denied: '/proc/3848/io'; private commit and per-process swap I/O are unavailable; VmSwap reports allocation, not swap traffic; No documented hardware or OS energy counter is configured in WSL2",,measured,within-stack pilot; no Groth16-versus-PLONK claim,measurement,true,true,ok,{},1024,2,1024,r1cs_constraints,5.0,27
cec6d742-7396-40e3-aba2-974f07772e2f,2026-08-09T02:46:42.502679+00:00,C2-CONTROLLED-SNARK,controlled-groth16-pilot-v1,controlled_kernel,ark-groth16-0.6.0-bn254,5477ab05b549b750fa32dc9a1bc61898f74ebf21,de947ec44a622d90f62e247e4cad4e4a81bb578c8249825f66cc44a0179ee3b2,8045553183514683610,0,85,default,{},256,256,16,16,native_execution,0.017172,,,,,,,,,,,,,phase,,,true,,,,,measured,within-stack pilot; no Groth16-versus-PLONK claim,measurement,true,true,ok,"{""application_units"":256.0}",,,,,,
cec6d742-7396-40e3-aba2-974f07772e2f,2026-08-09T02:46:42.502743+00:00,C2-CONTROLLED-SNARK,controlled-groth16-pilot-v1,controlled_kernel,ark-groth16-0.6.0-bn254,5477ab05b549b750fa32dc9a1bc61898f74ebf21,de947ec44a622d90f62e247e4cad4e4a81bb578c8249825f66cc44a0179ee3b2,8045553183514683610,0,85,default,{},256,256,16,16,witness,39.405482,,,,,,,,,,,,,phase,,,true,,,,,measured,within-stack pilot; no Groth16-versus-PLONK claim,measurement,true,true,ok,"{""application_units"":256.0,""constraint_count"":256.0}",,,,,,
cec6d742-7396-40e3-aba2-974f07772e2f,2026-08-09T02:46:42.502763+00:00,C2-CONTROLLED-SNARK,controlled-groth16-pilot-v1,controlled_kernel,ark-groth16-0.6.0-bn254,5477ab05b549b750fa32dc9a1bc61898f74ebf21,de947ec44a622d90f62e247e4cad4e4a81bb578c8249825f66cc44a0179ee3b2,8045553183514683610,0,85,default,{},256,256,16,16,setup_or_preprocess,17.910803,,,,,,,,,,,,,phase,,,true,,,,,measured,within-stack pilot; no Groth16-versus-PLONK claim,measurement,true,true,ok,"{""constraint_count"":256.0}",,,,,,
cec6d742-7396-40e3-aba2-974f07772e2f,2026-08-09T02:46:42.502778+00:00,C2-CONTROLLED-SNARK,controlled-groth16-pilot-v1,controlled_kernel,ark-groth16-0.6.0-bn254,5477ab05b549b750fa32dc9a1bc61898f74ebf21,de947ec44a622d90f62e247e4cad4e4a81bb578c8249825f66cc44a0179ee3b2,8045553183514683610,0,85,default,{},256,256,16,16,prove_total,43.041497,,,,,,,,,,,,,phase,,,true,,,,,measured,within-stack pilot; no Groth16-versus-PLONK claim,measurement,true,true,ok,"{""constraint_count"":256.0}",,,,,,
cec6d742-7396-40e3-aba2-974f07772e2f,2026-08-09T02:46:42.502792+00:00,C2-CONTROLLED-SNARK,controlled-groth16-pilot-v1,controlled_kernel,ark-groth16-0.6.0-bn254,5477ab05b549b750fa32dc9a1bc61898f74ebf21,de947ec44a622d90f62e247e4cad4e4a81bb578c8249825f66cc44a0179ee3b2,8045553183514683610,0,85,default,{},256,256,16,16,serialize,0.002826,,,,,,,,,,,,,phase,,,true,,,,,measured,within-stack pilot; no Groth16-versus-PLONK claim,measurement,true,true,ok,"{""proof_bytes"":128.0}",,,,,,
cec6d742-7396-40e3-aba2-974f07772e2f,2026-08-09T02:46:42.502805+00:00,C2-CONTROLLED-SNARK,controlled-groth16-pilot-v1,controlled_kernel,ark-groth16-0.6.0-bn254,5477ab05b549b750fa32dc9a1bc61898f74ebf21,de947ec44a622d90f62e247e4cad4e4a81bb578c8249825f66cc44a0179ee3b2,8045553183514683610,0,85,default,{},256,256,16,16,deserialize,0.168443,,,,,,,,,,,,,phase,,,true,,,,,measured,within-stack pilot; no Groth16-versus-PLONK claim,measurement,true,true,ok,"{""proof_bytes"":128.0}",,,,,,
cec6d742-7396-40e3-aba2-974f07772e2f,2026-08-09T02:46:42.502818+00:00,C2-CONTROLLED-SNARK,controlled-groth16-pilot-v1,controlled_kernel,ark-groth16-0.6.0-bn254,5477ab05b549b750fa32dc9a1bc61898f74ebf21,de947ec44a622d90f62e247e4cad4e4a81bb578c8249825f66cc44a0179ee3b2,8045553183514683610,0,85,default,{},256,256,16,16,verify_core,1.052689,,,,,,,,,,,,,phase,,,true,,,,,measured,within-stack pilot; no Groth16-versus-PLONK claim,measurement,true,true,ok,{},,,,,,
cec6d742-7396-40e3-aba2-974f07772e2f,2026-08-09T02:46:42.502831+00:00,C2-CONTROLLED-SNARK,controlled-groth16-pilot-v1,controlled_kernel,ark-groth16-0.6.0-bn254,5477ab05b549b750fa32dc9a1bc61898f74ebf21,de947ec44a622d90f62e247e4cad4e4a81bb578c8249825f66cc44a0179ee3b2,8045553183514683610,0,85,default,{},256,256,16,16,verify_total,1.221272,,,,,,,,,,,,,phase,,,true,,,,,measured,within-stack pilot; no Groth16-versus-PLONK claim,measurement,true,true,ok,{},,,,,,
cec6d742-7396-40e3-aba2-974f07772e2f,2026-08-09T02:46:42.502845+00:00,C2-CONTROLLED-SNARK,controlled-groth16-pilot-v1,controlled_kernel,ark-groth16-0.6.0-bn254,5477ab05b549b750fa32dc9a1bc61898f74ebf21,de947ec44a622d90f62e247e4cad4e4a81bb578c8249825f66cc44a0179ee3b2,8045553183514683610,0,85,default,{},256,256,16,16,fft_ntt,,,,,,,,,,,,,,phase,,,true,,,ark-groth16 does not expose stable per-run phase hooks,,measured,within-stack pilot; no Groth16-versus-PLONK claim,measurement,true,false,unsupported,{},,,,,,
cec6d742-7396-40e3-aba2-974f07772e2f,2026-08-09T02:46:42.502858+00:00,C2-CONTROLLED-SNARK,controlled-groth16-pilot-v1,controlled_kernel,ark-groth16-0.6.0-bn254,5477ab05b549b750fa32dc9a1bc61898f74ebf21,de947ec44a622d90f62e247e4cad4e4a81bb578c8249825f66cc44a0179ee3b2,8045553183514683610,0,85,default,{},256,256,16,16,msm,,,,,,,,,,,,,,phase,,,true,,,ark-groth16 does not expose stable per-run phase hooks,,measured,within-stack pilot; no Groth16-versus-PLONK claim,measurement,true,false,unsupported,{},,,,,,
cec6d742-7396-40e3-aba2-974f07772e2f,2026-08-09T02:46:42.502870+00:00,C2-CONTROLLED-SNARK,controlled-groth16-pilot-v1,controlled_kernel,ark-groth16-0.6.0-bn254,5477ab05b549b750fa32dc9a1bc61898f74ebf21,de947ec44a622d90f62e247e4cad4e4a81bb578c8249825f66cc44a0179ee3b2,8045553183514683610,0,85,default,{},256,256,16,16,commitment,,,,,,,,,,,,,,phase,,,true,,,ark-groth16 does not expose stable per-run phase hooks,,measured,within-stack pilot; no Groth16-versus-PLONK claim,measurement,true,false,unsupported,{},,,,,,
cec6d742-7396-40e3-aba2-974f07772e2f,2026-08-09T02:46:42.502891+00:00,C2-CONTROLLED-SNARK,controlled-groth16-pilot-v1,controlled_kernel,ark-groth16-0.6.0-bn254,5477ab05b549b750fa32dc9a1bc61898f74ebf21,de947ec44a622d90f62e247e4cad4e4a81bb578c8249825f66cc44a0179ee3b2,8045553183514683610,0,85,default,{},256,256,16,16,key_load,,,,,,,,,,,,,,phase,,,true,,,ark-groth16 does not expose stable per-run phase hooks,,measured,within-stack pilot; no Groth16-versus-PLONK claim,measurement,true,false,unsupported,{},,,,,,
cec6d742-7396-40e3-aba2-974f07772e2f,2026-08-09T02:46:42.502904+00:00,C2-CONTROLLED-SNARK,controlled-groth16-pilot-v1,controlled_kernel,ark-groth16-0.6.0-bn254,5477ab05b549b750fa32dc9a1bc61898f74ebf21,de947ec44a622d90f62e247e4cad4e4a81bb578c8249825f66cc44a0179ee3b2,8045553183514683610,0,85,default,{},256,256,16,16,adapter_process_wall,141.197859,420.000000,7.222656,128,true,0,,909,956,,,,linux-procfs,process,,,true,,,"Linux procfs read failed: [Errno 13] Permission denied: '/proc/3862/io'; private commit and per-process swap I/O are unavailable; VmSwap reports allocation, not swap traffic; No documented hardware or OS energy counter is configured in WSL2",,measured,within-stack pilot; no Groth16-versus-PLONK claim,measurement,true,true,ok,{},256,2,256,r1cs_constraints,5.0,26
5fcc8526-2282-474a-a780-97a5cb9ae0d1,2026-08-09T02:46:42.673769+00:00,C2-CONTROLLED-SNARK,controlled-groth16-pilot-v1,controlled_kernel,ark-groth16-0.6.0-bn254,5477ab05b549b750fa32dc9a1bc61898f74ebf21,de947ec44a622d90f62e247e4cad4e4a81bb578c8249825f66cc44a0179ee3b2,2066938782209097716,1,86,default,{},256,256,16,16,native_execution,0.622829,,,,,,,,,,,,,phase,,,true,,,,,measured,within-stack pilot; no Groth16-versus-PLONK claim,measurement,true,true,ok,"{""application_units"":256.0}",,,,,,
5fcc8526-2282-474a-a780-97a5cb9ae0d1,2026-08-09T02:46:42.673835+00:00,C2-CONTROLLED-SNARK,controlled-groth16-pilot-v1,controlled_kernel,ark-groth16-0.6.0-bn254,5477ab05b549b750fa32dc9a1bc61898f74ebf21,de947ec44a622d90f62e247e4cad4e4a81bb578c8249825f66cc44a0179ee3b2,2066938782209097716,1,86,default,{},256,256,16,16,witness,42.954033,,,,,,,,,,,,,phase,,,true,,,,,measured,within-stack pilot; no Groth16-versus-PLONK claim,measurement,true,true,ok,"{""application_units"":256.0,""constraint_count"":256.0}",,,,,,
5fcc8526-2282-474a-a780-97a5cb9ae0d1,2026-08-09T02:46:42.673856+00:00,C2-CONTROLLED-SNARK,controlled-groth16-pilot-v1,controlled_kernel,ark-groth16-0.6.0-bn254,5477ab05b549b750fa32dc9a1bc61898f74ebf21,de947ec44a622d90f62e247e4cad4e4a81bb578c8249825f66cc44a0179ee3b2,2066938782209097716,1,86,default,{},256,256,16,16,setup_or_preprocess,28.067063,,,,,,,,,,,,,phase,,,true,,,,,measured,within-stack pilot; no Groth16-versus-PLONK claim,measurement,true,true,ok,"{""constraint_count"":256.0}",,,,,,
5fcc8526-2282-474a-a780-97a5cb9ae0d1,2026-08-09T02:46:42.673872+00:00,C2-CONTROLLED-SNARK,controlled-groth16-pilot-v1,controlled_kernel,ark-groth16-0.6.0-bn254,5477ab05b549b750fa32dc9a1bc61898f74ebf21,de947ec44a622d90f62e247e4cad4e4a81bb578c8249825f66cc44a0179ee3b2,2066938782209097716,1,86,default,{},256,256,16,16,prove_total,45.260010,,,,,,,,,,,,,phase,,,true,,,,,measured,within-stack pilot; no Groth16-versus-PLONK claim,measurement,true,true,ok,"{""constraint_count"":256.0}",,,,,,
5fcc8526-2282-474a-a780-97a5cb9ae0d1,2026-08-09T02:46:42.673886+00:00,C2-CONTROLLED-SNARK,controlled-groth16-pilot-v1,controlled_kernel,ark-groth16-0.6.0-bn254,5477ab05b549b750fa32dc9a1bc61898f74ebf21,de947ec44a622d90f62e247e4cad4e4a81bb578c8249825f66cc44a0179ee3b2,2066938782209097716,1,86,default,{},256,256,16,16,serialize,0.003687,,,,,,,,,,,,,phase,,,true,,,,,measured,within-stack pilot; no Groth16-versus-PLONK claim,measurement,true,true,ok,"{""proof_bytes"":128.0}",,,,,,
5fcc8526-2282-474a-a780-97a5cb9ae0d1,2026-08-09T02:46:42.673899+00:00,C2-CONTROLLED-SNARK,controlled-groth16-pilot-v1,controlled_kernel,ark-groth16-0.6.0-bn254,5477ab05b549b750fa32dc9a1bc61898f74ebf21,de947ec44a622d90f62e247e4cad4e4a81bb578c8249825f66cc44a0179ee3b2,2066938782209097716,1,86,default,{},256,256,16,16,deserialize,0.169906,,,,,,,,,,,,,phase,,,true,,,,,measured,within-stack pilot; no Groth16-versus-PLONK claim,measurement,true,true,ok,"{""proof_bytes"":128.0}",,,,,,
5fcc8526-2282-474a-a780-97a5cb9ae0d1,2026-08-09T02:46:42.673913+00:00,C2-CONTROLLED-SNARK,controlled-groth16-pilot-v1,controlled_kernel,ark-groth16-0.6.0-bn254,5477ab05b549b750fa32dc9a1bc61898f74ebf21,de947ec44a622d90f62e247e4cad4e4a81bb578c8249825f66cc44a0179ee3b2,2066938782209097716,1,86,default,{},256,256,16,16,verify_core,1.160728,,,,,,,,,,,,,phase,,,true,,,,,measured,within-stack pilot; no Groth16-versus-PLONK claim,measurement,true,true,ok,{},,,,,,
5fcc8526-2282-474a-a780-97a5cb9ae0d1,2026-08-09T02:46:42.673925+00:00,C2-CONTROLLED-SNARK,controlled-groth16-pilot-v1,controlled_kernel,ark-groth16-0.6.0-bn254,5477ab05b549b750fa32dc9a1bc61898f74ebf21,de947ec44a622d90f62e247e4cad4e4a81bb578c8249825f66cc44a0179ee3b2,2066938782209097716,1,86,default,{},256,256,16,16,verify_total,1.330765,,,,,,,,,,,,,phase,,,true,,,,,measured,within-stack pilot; no Groth16-versus-PLONK claim,measurement,true,true,ok,{},,,,,,
5fcc8526-2282-474a-a780-97a5cb9ae0d1,2026-08-09T02:46:42.673938+00:00,C2-CONTROLLED-SNARK,controlled-groth16-pilot-v1,controlled_kernel,ark-groth16-0.6.0-bn254,5477ab05b549b750fa32dc9a1bc61898f74ebf21,de947ec44a622d90f62e247e4cad4e4a81bb578c8249825f66cc44a0179ee3b2,2066938782209097716,1,86,default,{},256,256,16,16,fft_ntt,,,,,,,,,,,,,,phase,,,true,,,ark-groth16 does not expose stable per-run phase hooks,,measured,within-stack pilot; no Groth16-versus-PLONK claim,measurement,true,false,unsupported,{},,,,,,
5fcc8526-2282-474a-a780-97a5cb9ae0d1,2026-08-09T02:46:42.673951+00:00,C2-CONTROLLED-SNARK,controlled-groth16-pilot-v1,controlled_kernel,ark-groth16-0.6.0-bn254,5477ab05b549b750fa32dc9a1bc61898f74ebf21,de947ec44a622d90f62e247e4cad4e4a81bb578c8249825f66cc44a0179ee3b2,2066938782209097716,1,86,default,{},256,256,16,16,msm,,,,,,,,,,,,,,phase,,,true,,,ark-groth16 does not expose stable per-run phase hooks,,measured,within-stack pilot; no Groth16-versus-PLONK claim,measurement,true,false,unsupported,{},,,,,,
5fcc8526-2282-474a-a780-97a5cb9ae0d1,2026-08-09T02:46:42.673964+00:00,C2-CONTROLLED-SNARK,controlled-groth16-pilot-v1,controlled_kernel,ark-groth16-0.6.0-bn254,5477ab05b549b750fa32dc9a1bc61898f74ebf21,de947ec44a622d90f62e247e4cad4e4a81bb578c8249825f66cc44a0179ee3b2,2066938782209097716,1,86,default,{},256,256,16,16,commitment,,,,,,,,,,,,,,phase,,,true,,,ark-groth16 does not expose stable per-run phase hooks,,measured,within-stack pilot; no Groth16-versus-PLONK claim,measurement,true,false,unsupported,{},,,,,,
5fcc8526-2282-474a-a780-97a5cb9ae0d1,2026-08-09T02:46:42.673981+00:00,C2-CONTROLLED-SNARK,controlled-groth16-pilot-v1,controlled_kernel,ark-groth16-0.6.0-bn254,5477ab05b549b750fa32dc9a1bc61898f74ebf21,de947ec44a622d90f62e247e4cad4e4a81bb578c8249825f66cc44a0179ee3b2,2066938782209097716,1,86,default,{},256,256,16,16,key_load,,,,,,,,,,,,,,phase,,,true,,,ark-groth16 does not expose stable per-run phase hooks,,measured,within-stack pilot; no Groth16-versus-PLONK claim,measurement,true,false,unsupported,{},,,,,,
5fcc8526-2282-474a-a780-97a5cb9ae0d1,2026-08-09T02:46:42.673993+00:00,C2-CONTROLLED-SNARK,controlled-groth16-pilot-v1,controlled_kernel,ark-groth16-0.6.0-bn254,5477ab05b549b750fa32dc9a1bc61898f74ebf21,de947ec44a622d90f62e247e4cad4e4a81bb578c8249825f66cc44a0179ee3b2,2066938782209097716,1,86,default,{},256,256,16,16,adapter_process_wall,170.052611,450.000000,7.128906,128,true,0,,1012,956,,,,linux-procfs,process,,,true,,,"Linux procfs read failed: [Errno 13] Permission denied: '/proc/3964/io'; private commit and per-process swap I/O are unavailable; VmSwap reports allocation, not swap traffic; No documented hardware or OS energy counter is configured in WSL2",,measured,within-stack pilot; no Groth16-versus-PLONK claim,measurement,true,true,ok,{},256,2,256,r1cs_constraints,5.0,31
83576c86-6f2f-4845-974b-4bea368d1f47,2026-08-09T02:46:42.758421+00:00,C2-CONTROLLED-SNARK,controlled-groth16-pilot-v1,controlled_kernel,ark-groth16-0.6.0-bn254,5477ab05b549b750fa32dc9a1bc61898f74ebf21,de947ec44a622d90f62e247e4cad4e4a81bb578c8249825f66cc44a0179ee3b2,2689427256903591709,1,87,default,{},64,64,4,16,native_execution,0.738841,,,,,,,,,,,,,phase,,,true,wrong_public_input,,,,measured,within-stack pilot; no Groth16-versus-PLONK claim,measurement,true,true,ok,"{""application_units"":64.0}",,,,,,
83576c86-6f2f-4845-974b-4bea368d1f47,2026-08-09T02:46:42.758487+00:00,C2-CONTROLLED-SNARK,controlled-groth16-pilot-v1,controlled_kernel,ark-groth16-0.6.0-bn254,5477ab05b549b750fa32dc9a1bc61898f74ebf21,de947ec44a622d90f62e247e4cad4e4a81bb578c8249825f66cc44a0179ee3b2,2689427256903591709,1,87,default,{},64,64,4,16,witness,9.036915,,,,,,,,,,,,,phase,,,true,wrong_public_input,,,,measured,within-stack pilot; no Groth16-versus-PLONK claim,measurement,true,true,ok,"{""application_units"":64.0,""constraint_count"":64.0}",,,,,,
83576c86-6f2f-4845-974b-4bea368d1f47,2026-08-09T02:46:42.758512+00:00,C2-CONTROLLED-SNARK,controlled-groth16-pilot-v1,controlled_kernel,ark-groth16-0.6.0-bn254,5477ab05b549b750fa32dc9a1bc61898f74ebf21,de947ec44a622d90f62e247e4cad4e4a81bb578c8249825f66cc44a0179ee3b2,2689427256903591709,1,87,default,{},64,64,4,16,setup_or_preprocess,14.084242,,,,,,,,,,,,,phase,,,true,wrong_public_input,,,,measured,within-stack pilot; no Groth16-versus-PLONK claim,measurement,true,true,ok,"{""constraint_count"":64.0}",,,,,,
83576c86-6f2f-4845-974b-4bea368d1f47,2026-08-09T02:46:42.758528+00:00,C2-CONTROLLED-SNARK,controlled-groth16-pilot-v1,controlled_kernel,ark-groth16-0.6.0-bn254,5477ab05b549b750fa32dc9a1bc61898f74ebf21,de947ec44a622d90f62e247e4cad4e4a81bb578c8249825f66cc44a0179ee3b2,2689427256903591709,1,87,default,{},64,64,4,16,prove_total,10.971092,,,,,,,,,,,,,phase,,,true,wrong_public_input,,,,measured,within-stack pilot; no Groth16-versus-PLONK claim,measurement,true,true,ok,"{""constraint_count"":64.0}",,,,,,
83576c86-6f2f-4845-974b-4bea368d1f47,2026-08-09T02:46:42.758542+00:00,C2-CONTROLLED-SNARK,controlled-groth16-pilot-v1,controlled_kernel,ark-groth16-0.6.0-bn254,5477ab05b549b750fa32dc9a1bc61898f74ebf21,de947ec44a622d90f62e247e4cad4e4a81bb578c8249825f66cc44a0179ee3b2,2689427256903591709,1,87,default,{},64,64,4,16,serialize,0.002104,,,,,,,,,,,,,phase,,,true,wrong_public_input,,,,measured,within-stack pilot; no Groth16-versus-PLONK claim,measurement,true,true,ok,"{""proof_bytes"":128.0}",,,,,,
83576c86-6f2f-4845-974b-4bea368d1f47,2026-08-09T02:46:42.758555+00:00,C2-CONTROLLED-SNARK,controlled-groth16-pilot-v1,controlled_kernel,ark-groth16-0.6.0-bn254,5477ab05b549b750fa32dc9a1bc61898f74ebf21,de947ec44a622d90f62e247e4cad4e4a81bb578c8249825f66cc44a0179ee3b2,2689427256903591709,1,87,default,{},64,64,4,16,deserialize,0.162803,,,,,,,,,,,,,phase,,,true,wrong_public_input,,,,measured,within-stack pilot; no Groth16-versus-PLONK claim,measurement,true,true,ok,"{""proof_bytes"":128.0}",,,,,,
83576c86-6f2f-4845-974b-4bea368d1f47,2026-08-09T02:46:42.758569+00:00,C2-CONTROLLED-SNARK,controlled-groth16-pilot-v1,controlled_kernel,ark-groth16-0.6.0-bn254,5477ab05b549b750fa32dc9a1bc61898f74ebf21,de947ec44a622d90f62e247e4cad4e4a81bb578c8249825f66cc44a0179ee3b2,2689427256903591709,1,87,default,{},64,64,4,16,verify_core,1.029045,,,,,,,,,,,,,phase,,,true,wrong_public_input,1.029045,,,measured,within-stack pilot; no Groth16-versus-PLONK claim,measurement,true,true,ok,{},,,,,,
83576c86-6f2f-4845-974b-4bea368d1f47,2026-08-09T02:46:42.758581+00:00,C2-CONTROLLED-SNARK,controlled-groth16-pilot-v1,controlled_kernel,ark-groth16-0.6.0-bn254,5477ab05b549b750fa32dc9a1bc61898f74ebf21,de947ec44a622d90f62e247e4cad4e4a81bb578c8249825f66cc44a0179ee3b2,2689427256903591709,1,87,default,{},64,64,4,16,invalid_reject,1.029045,,,,,,,,,,,,,phase,,,true,wrong_public_input,,,,measured,within-stack pilot; no Groth16-versus-PLONK claim,measurement,true,true,ok,{},,,,,,
83576c86-6f2f-4845-974b-4bea368d1f47,2026-08-09T02:46:42.758594+00:00,C2-CONTROLLED-SNARK,controlled-groth16-pilot-v1,controlled_kernel,ark-groth16-0.6.0-bn254,5477ab05b549b750fa32dc9a1bc61898f74ebf21,de947ec44a622d90f62e247e4cad4e4a81bb578c8249825f66cc44a0179ee3b2,2689427256903591709,1,87,default,{},64,64,4,16,verify_total,1.192048,,,,,,,,,,,,,phase,,,true,wrong_public_input,,,,measured,within-stack pilot; no Groth16-versus-PLONK claim,measurement,true,true,ok,{},,,,,,
83576c86-6f2f-4845-974b-4bea368d1f47,2026-08-09T02:46:42.758607+00:00,C2-CONTROLLED-SNARK,controlled-groth16-pilot-v1,controlled_kernel,ark-groth16-0.6.0-bn254,5477ab05b549b750fa32dc9a1bc61898f74ebf21,de947ec44a622d90f62e247e4cad4e4a81bb578c8249825f66cc44a0179ee3b2,2689427256903591709,1,87,default,{},64,64,4,16,fft_ntt,,,,,,,,,,,,,,phase,,,true,wrong_public_input,,ark-groth16 does not expose stable per-run phase hooks,,measured,within-stack pilot; no Groth16-versus-PLONK claim,measurement,true,false,unsupported,{},,,,,,
83576c86-6f2f-4845-974b-4bea368d1f47,2026-08-09T02:46:42.758624+00:00,C2-CONTROLLED-SNARK,controlled-groth16-pilot-v1,controlled_kernel,ark-groth16-0.6.0-bn254,5477ab05b549b750fa32dc9a1bc61898f74ebf21,de947ec44a622d90f62e247e4cad4e4a81bb578c8249825f66cc44a0179ee3b2,2689427256903591709,1,87,default,{},64,64,4,16,msm,,,,,,,,,,,,,,phase,,,true,wrong_public_input,,ark-groth16 does not expose stable per-run phase hooks,,measured,within-stack pilot; no Groth16-versus-PLONK claim,measurement,true,false,unsupported,{},,,,,,
83576c86-6f2f-4845-974b-4bea368d1f47,2026-08-09T02:46:42.758636+00:00,C2-CONTROLLED-SNARK,controlled-groth16-pilot-v1,controlled_kernel,ark-groth16-0.6.0-bn254,5477ab05b549b750fa32dc9a1bc61898f74ebf21,de947ec44a622d90f62e247e4cad4e4a81bb578c8249825f66cc44a0179ee3b2,2689427256903591709,1,87,default,{},64,64,4,16,commitment,,,,,,,,,,,,,,phase,,,true,wrong_public_input,,ark-groth16 does not expose stable per-run phase hooks,,measured,within-stack pilot; no Groth16-versus-PLONK claim,measurement,true,false,unsupported,{},,,,,,
83576c86-6f2f-4845-974b-4bea368d1f47,2026-08-09T02:46:42.758648+00:00,C2-CONTROLLED-SNARK,controlled-groth16-pilot-v1,controlled_kernel,ark-groth16-0.6.0-bn254,5477ab05b549b750fa32dc9a1bc61898f74ebf21,de947ec44a622d90f62e247e4cad4e4a81bb578c8249825f66cc44a0179ee3b2,2689427256903591709,1,87,default,{},64,64,4,16,key_load,,,,,,,,,,,,,,phase,,,true,wrong_public_input,,ark-groth16 does not expose stable per-run phase hooks,,measured,within-stack pilot; no Groth16-versus-PLONK claim,measurement,true,false,unsupported,{},,,,,,
83576c86-6f2f-4845-974b-4bea368d1f47,2026-08-09T02:46:42.758662+00:00,C2-CONTROLLED-SNARK,controlled-groth16-pilot-v1,controlled_kernel,ark-groth16-0.6.0-bn254,5477ab05b549b750fa32dc9a1bc61898f74ebf21,de947ec44a622d90f62e247e4cad4e4a81bb578c8249825f66cc44a0179ee3b2,2689427256903591709,1,87,default,{},64,64,4,16,adapter_process_wall,83.641358,40.000000,5.453125,128,false,0,cryptographic_rejection,437,956,,,,linux-procfs,process,,,true,wrong_public_input,,"private commit and per-process swap I/O are unavailable; VmSwap reports allocation, not swap traffic; No documented hardware or OS energy counter is configured in WSL2",,measured,within-stack pilot; no Groth16-versus-PLONK claim,measurement,true,true,ok,{},64,2,64,r1cs_constraints,5.0,15
f77d61cd-c6dc-435a-a6e9-6a1fd6fb2a9c,2026-08-09T02:46:43.212884+00:00,C2-CONTROLLED-SNARK,controlled-groth16-pilot-v1,controlled_kernel,ark-groth16-0.6.0-bn254,5477ab05b549b750fa32dc9a1bc61898f74ebf21,de947ec44a622d90f62e247e4cad4e4a81bb578c8249825f66cc44a0179ee3b2,79615277302054128,2,88,default,{},4096,4096,4,16,native_execution,0.090718,,,,,,,,,,,,,phase,,,true,,,,,measured,within-stack pilot; no Groth16-versus-PLONK claim,measurement,true,true,ok,"{""application_units"":4096.0}",,,,,,
f77d61cd-c6dc-435a-a6e9-6a1fd6fb2a9c,2026-08-09T02:46:43.212991+00:00,C2-CONTROLLED-SNARK,controlled-groth16-pilot-v1,controlled_kernel,ark-groth16-0.6.0-bn254,5477ab05b549b750fa32dc9a1bc61898f74ebf21,de947ec44a622d90f62e247e4cad4e4a81bb578c8249825f66cc44a0179ee3b2,79615277302054128,2,88,default,{},4096,4096,4,16,witness,286.389428,,,,,,,,,,,,,phase,,,true,,,,,measured,within-stack pilot; no Groth16-versus-PLONK claim,measurement,true,true,ok,"{""application_units"":4096.0,""constraint_count"":4096.0}",,,,,,
f77d61cd-c6dc-435a-a6e9-6a1fd6fb2a9c,2026-08-09T02:46:43.213017+00:00,C2-CONTROLLED-SNARK,controlled-groth16-pilot-v1,controlled_kernel,ark-groth16-0.6.0-bn254,5477ab05b549b750fa32dc9a1bc61898f74ebf21,de947ec44a622d90f62e247e4cad4e4a81bb578c8249825f66cc44a0179ee3b2,79615277302054128,2,88,default,{},4096,4096,4,16,setup_or_preprocess,50.414674,,,,,,,,,,,,,phase,,,true,,,,,measured,within-stack pilot; no Groth16-versus-PLONK claim,measurement,true,true,ok,"{""constraint_count"":4096.0}",,,,,,
f77d61cd-c6dc-435a-a6e9-6a1fd6fb2a9c,2026-08-09T02:46:43.213037+00:00,C2-CONTROLLED-SNARK,controlled-groth16-pilot-v1,controlled_kernel,ark-groth16-0.6.0-bn254,5477ab05b549b750fa32dc9a1bc61898f74ebf21,de947ec44a622d90f62e247e4cad4e4a81bb578c8249825f66cc44a0179ee3b2,79615277302054128,2,88,default,{},4096,4096,4,16,prove_total,73.674348,,,,,,,,,,,,,phase,,,true,,,,,measured,within-stack pilot; no Groth16-versus-PLONK claim,measurement,true,true,ok,"{""constraint_count"":4096.0}",,,,,,
f77d61cd-c6dc-435a-a6e9-6a1fd6fb2a9c,2026-08-09T02:46:43.213056+00:00,C2-CONTROLLED-SNARK,controlled-groth16-pilot-v1,controlled_kernel,ark-groth16-0.6.0-bn254,5477ab05b549b750fa32dc9a1bc61898f74ebf21,de947ec44a622d90f62e247e4cad4e4a81bb578c8249825f66cc44a0179ee3b2,79615277302054128,2,88,default,{},4096,4096,4,16,serialize,0.002024,,,,,,,,,,,,,phase,,,true,,,,,measured,within-stack pilot; no Groth16-versus-PLONK claim,measurement,true,true,ok,"{""proof_bytes"":128.0}",,,,,,
f77d61cd-c6dc-435a-a6e9-6a1fd6fb2a9c,2026-08-09T02:46:43.213073+00:00,C2-CONTROLLED-SNARK,controlled-groth16-pilot-v1,controlled_kernel,ark-groth16-0.6.0-bn254,5477ab05b549b750fa32dc9a1bc61898f74ebf21,de947ec44a622d90f62e247e4cad4e4a81bb578c8249825f66cc44a0179ee3b2,79615277302054128,2,88,default,{},4096,4096,4,16,deserialize,0.163995,,,,,,,,,,,,,phase,,,true,,,,,measured,within-stack pilot; no Groth16-versus-PLONK claim,measurement,true,true,ok,"{""proof_bytes"":128.0}",,,,,,
f77d61cd-c6dc-435a-a6e9-6a1fd6fb2a9c,2026-08-09T02:46:43.213090+00:00,C2-CONTROLLED-SNARK,controlled-groth16-pilot-v1,controlled_kernel,ark-groth16-0.6.0-bn254,5477ab05b549b750fa32dc9a1bc61898f74ebf21,de947ec44a622d90f62e247e4cad4e4a81bb578c8249825f66cc44a0179ee3b2,79615277302054128,2,88,default,{},4096,4096,4,16,verify_core,0.995412,,,,,,,,,,,,,phase,,,true,,,,,measured,within-stack pilot; no Groth16-versus-PLONK claim,measurement,true,true,ok,{},,,,,,
f77d61cd-c6dc-435a-a6e9-6a1fd6fb2a9c,2026-08-09T02:46:43.213106+00:00,C2-CONTROLLED-SNARK,controlled-groth16-pilot-v1,controlled_kernel,ark-groth16-0.6.0-bn254,5477ab05b549b750fa32dc9a1bc61898f74ebf21,de947ec44a622d90f62e247e4cad4e4a81bb578c8249825f66cc44a0179ee3b2,79615277302054128,2,88,default,{},4096,4096,4,16,verify_total,1.159497,,,,,,,,,,,,,phase,,,true,,,,,measured,within-stack pilot; no Groth16-versus-PLONK claim,measurement,true,true,ok,{},,,,,,
f77d61cd-c6dc-435a-a6e9-6a1fd6fb2a9c,2026-08-09T02:46:43.213123+00:00,C2-CONTROLLED-SNARK,controlled-groth16-pilot-v1,controlled_kernel,ark-groth16-0.6.0-bn254,5477ab05b549b750fa32dc9a1bc61898f74ebf21,de947ec44a622d90f62e247e4cad4e4a81bb578c8249825f66cc44a0179ee3b2,79615277302054128,2,88,default,{},4096,4096,4,16,fft_ntt,,,,,,,,,,,,,,phase,,,true,,,ark-groth16 does not expose stable per-run phase hooks,,measured,within-stack pilot; no Groth16-versus-PLONK claim,measurement,true,false,unsupported,{},,,,,,
f77d61cd-c6dc-435a-a6e9-6a1fd6fb2a9c,2026-08-09T02:46:43.213146+00:00,C2-CONTROLLED-SNARK,controlled-groth16-pilot-v1,controlled_kernel,ark-groth16-0.6.0-bn254,5477ab05b549b750fa32dc9a1bc61898f74ebf21,de947ec44a622d90f62e247e4cad4e4a81bb578c8249825f66cc44a0179ee3b2,79615277302054128,2,88,default,{},4096,4096,4,16,msm,,,,,,,,,,,,,,phase,,,true,,,ark-groth16 does not expose stable per-run phase hooks,,measured,within-stack pilot; no Groth16-versus-PLONK claim,measurement,true,false,unsupported,{},,,,,,
f77d61cd-c6dc-435a-a6e9-6a1fd6fb2a9c,2026-08-09T02:46:43.213162+00:00,C2-CONTROLLED-SNARK,controlled-groth16-pilot-v1,controlled_kernel,ark-groth16-0.6.0-bn254,5477ab05b549b750fa32dc9a1bc61898f74ebf21,de947ec44a622d90f62e247e4cad4e4a81bb578c8249825f66cc44a0179ee3b2,79615277302054128,2,88,default,{},4096,4096,4,16,commitment,,,,,,,,,,,,,,phase,,,true,,,ark-groth16 does not expose stable per-run phase hooks,,measured,within-stack pilot; no Groth16-versus-PLONK claim,measurement,true,false,unsupported,{},,,,,,
f77d61cd-c6dc-435a-a6e9-6a1fd6fb2a9c,2026-08-09T02:46:43.213176+00:00,C2-CONTROLLED-SNARK,controlled-groth16-pilot-v1,controlled_kernel,ark-groth16-0.6.0-bn254,5477ab05b549b750fa32dc9a1bc61898f74ebf21,de947ec44a622d90f62e247e4cad4e4a81bb578c8249825f66cc44a0179ee3b2,79615277302054128,2,88,default,{},4096,4096,4,16,key_load,,,,,,,,,,,,,,phase,,,true,,,ark-groth16 does not expose stable per-run phase hooks,,measured,within-stack pilot; no Groth16-versus-PLONK claim,measurement,true,false,unsupported,{},,,,,,
f77d61cd-c6dc-435a-a6e9-6a1fd6fb2a9c,2026-08-09T02:46:43.213194+00:00,C2-CONTROLLED-SNARK,controlled-groth16-pilot-v1,controlled_kernel,ark-groth16-0.6.0-bn254,5477ab05b549b750fa32dc9a1bc61898f74ebf21,de947ec44a622d90f62e247e4cad4e4a81bb578c8249825f66cc44a0179ee3b2,79615277302054128,2,88,default,{},4096,4096,4,16,adapter_process_wall,453.273174,1100.000000,15.167969,128,true,0,,3919,956,,,,linux-procfs,process,,,true,,,"Linux procfs read failed: [Errno 13] Permission denied: '/proc/4096/io'; private commit and per-process swap I/O are unavailable; VmSwap reports allocation, not swap traffic; No documented hardware or OS energy counter is configured in WSL2",,measured,within-stack pilot; no Groth16-versus-PLONK claim,measurement,true,true,ok,{},4096,2,4096,r1cs_constraints,5.0,84
3fbd4569-e4c2-4dbe-b5a6-1cfbad40ba4e,2026-08-09T02:46:43.402224+00:00,C2-CONTROLLED-SNARK,controlled-groth16-pilot-v1,controlled_kernel,ark-groth16-0.6.0-bn254,5477ab05b549b750fa32dc9a1bc61898f74ebf21,de947ec44a622d90f62e247e4cad4e4a81bb578c8249825f66cc44a0179ee3b2,655715683768296211,0,89,default,{},1024,1024,4,16,native_execution,0.670247,,,,,,,,,,,,,phase,,,true,wrong_public_input,,,,measured,within-stack pilot; no Groth16-versus-PLONK claim,measurement,true,true,ok,"{""application_units"":1024.0}",,,,,,
3fbd4569-e4c2-4dbe-b5a6-1cfbad40ba4e,2026-08-09T02:46:43.402289+00:00,C2-CONTROLLED-SNARK,controlled-groth16-pilot-v1,controlled_kernel,ark-groth16-0.6.0-bn254,5477ab05b549b750fa32dc9a1bc61898f74ebf21,de947ec44a622d90f62e247e4cad4e4a81bb578c8249825f66cc44a0179ee3b2,655715683768296211,0,89,default,{},1024,1024,4,16,witness,75.762304,,,,,,,,,,,,,phase,,,true,wrong_public_input,,,,measured,within-stack pilot; no Groth16-versus-PLONK claim,measurement,true,true,ok,"{""application_units"":1024.0,""constraint_count"":1024.0}",,,,,,
3fbd4569-e4c2-4dbe-b5a6-1cfbad40ba4e,2026-08-09T02:46:43.402309+00:00,C2-CONTROLLED-SNARK,controlled-groth16-pilot-v1,controlled_kernel,ark-groth16-0.6.0-bn254,5477ab05b549b750fa32dc9a1bc61898f74ebf21,de947ec44a622d90f62e247e4cad4e4a81bb578c8249825f66cc44a0179ee3b2,655715683768296211,0,89,default,{},1024,1024,4,16,setup_or_preprocess,24.021009,,,,,,,,,,,,,phase,,,true,wrong_public_input,,,,measured,within-stack pilot; no Groth16-versus-PLONK claim,measurement,true,true,ok,"{""constraint_count"":1024.0}",,,,,,
3fbd4569-e4c2-4dbe-b5a6-1cfbad40ba4e,2026-08-09T02:46:43.402325+00:00,C2-CONTROLLED-SNARK,controlled-groth16-pilot-v1,controlled_kernel,ark-groth16-0.6.0-bn254,5477ab05b549b750fa32dc9a1bc61898f74ebf21,de947ec44a622d90f62e247e4cad4e4a81bb578c8249825f66cc44a0179ee3b2,655715683768296211,0,89,default,{},1024,1024,4,16,prove_total,38.195238,,,,,,,,,,,,,phase,,,true,wrong_public_input,,,,measured,within-stack pilot; no Groth16-versus-PLONK claim,measurement,true,true,ok,"{""constraint_count"":1024.0}",,,,,,
3fbd4569-e4c2-4dbe-b5a6-1cfbad40ba4e,2026-08-09T02:46:43.402339+00:00,C2-CONTROLLED-SNARK,controlled-groth16-pilot-v1,controlled_kernel,ark-groth16-0.6.0-bn254,5477ab05b549b750fa32dc9a1bc61898f74ebf21,de947ec44a622d90f62e247e4cad4e4a81bb578c8249825f66cc44a0179ee3b2,655715683768296211,0,89,default,{},1024,1024,4,16,serialize,0.003106,,,,,,,,,,,,,phase,,,true,wrong_public_input,,,,measured,within-stack pilot; no Groth16-versus-PLONK claim,measurement,true,true,ok,"{""proof_bytes"":128.0}",,,,,,
3fbd4569-e4c2-4dbe-b5a6-1cfbad40ba4e,2026-08-09T02:46:43.402352+00:00,C2-CONTROLLED-SNARK,controlled-groth16-pilot-v1,controlled_kernel,ark-groth16-0.6.0-bn254,5477ab05b549b750fa32dc9a1bc61898f74ebf21,de947ec44a622d90f62e247e4cad4e4a81bb578c8249825f66cc44a0179ee3b2,655715683768296211,0,89,default,{},1024,1024,4,16,deserialize,0.166630,,,,,,,,,,,,,phase,,,true,wrong_public_input,,,,measured,within-stack pilot; no Groth16-versus-PLONK claim,measurement,true,true,ok,"{""proof_bytes"":128.0}",,,,,,
3fbd4569-e4c2-4dbe-b5a6-1cfbad40ba4e,2026-08-09T02:46:43.402366+00:00,C2-CONTROLLED-SNARK,controlled-groth16-pilot-v1,controlled_kernel,ark-groth16-0.6.0-bn254,5477ab05b549b750fa32dc9a1bc61898f74ebf21,de947ec44a622d90f62e247e4cad4e4a81bb578c8249825f66cc44a0179ee3b2,655715683768296211,0,89,default,{},1024,1024,4,16,verify_core,1.068876,,,,,,,,,,,,,phase,,,true,wrong_public_input,1.068876,,,measured,within-stack pilot; no Groth16-versus-PLONK claim,measurement,true,true,ok,{},,,,,,
3fbd4569-e4c2-4dbe-b5a6-1cfbad40ba4e,2026-08-09T02:46:43.402378+00:00,C2-CONTROLLED-SNARK,controlled-groth16-pilot-v1,controlled_kernel,ark-groth16-0.6.0-bn254,5477ab05b549b750fa32dc9a1bc61898f74ebf21,de947ec44a622d90f62e247e4cad4e4a81bb578c8249825f66cc44a0179ee3b2,655715683768296211,0,89,default,{},1024,1024,4,16,invalid_reject,1.068876,,,,,,,,,,,,,phase,,,true,wrong_public_input,,,,measured,within-stack pilot; no Groth16-versus-PLONK claim,measurement,true,true,ok,{},,,,,,
3fbd4569-e4c2-4dbe-b5a6-1cfbad40ba4e,2026-08-09T02:46:43.402390+00:00,C2-CONTROLLED-SNARK,controlled-groth16-pilot-v1,controlled_kernel,ark-groth16-0.6.0-bn254,5477ab05b549b750fa32dc9a1bc61898f74ebf21,de947ec44a622d90f62e247e4cad4e4a81bb578c8249825f66cc44a0179ee3b2,655715683768296211,0,89,default,{},1024,1024,4,16,verify_total,1.235857,,,,,,,,,,,,,phase,,,true,wrong_public_input,,,,measured,within-stack pilot; no Groth16-versus-PLONK claim,measurement,true,true,ok,{},,,,,,
3fbd4569-e4c2-4dbe-b5a6-1cfbad40ba4e,2026-08-09T02:46:43.402403+00:00,C2-CONTROLLED-SNARK,controlled-groth16-pilot-v1,controlled_kernel,ark-groth16-0.6.0-bn254,5477ab05b549b750fa32dc9a1bc61898f74ebf21,de947ec44a622d90f62e247e4cad4e4a81bb578c8249825f66cc44a0179ee3b2,655715683768296211,0,89,default,{},1024,1024,4,16,fft_ntt,,,,,,,,,,,,,,phase,,,true,wrong_public_input,,ark-groth16 does not expose stable per-run phase hooks,,measured,within-stack pilot; no Groth16-versus-PLONK claim,measurement,true,false,unsupported,{},,,,,,
3fbd4569-e4c2-4dbe-b5a6-1cfbad40ba4e,2026-08-09T02:46:43.402416+00:00,C2-CONTROLLED-SNARK,controlled-groth16-pilot-v1,controlled_kernel,ark-groth16-0.6.0-bn254,5477ab05b549b750fa32dc9a1bc61898f74ebf21,de947ec44a622d90f62e247e4cad4e4a81bb578c8249825f66cc44a0179ee3b2,655715683768296211,0,89,default,{},1024,1024,4,16,msm,,,,,,,,,,,,,,phase,,,true,wrong_public_input,,ark-groth16 does not expose stable per-run phase hooks,,measured,within-stack pilot; no Groth16-versus-PLONK claim,measurement,true,false,unsupported,{},,,,,,
3fbd4569-e4c2-4dbe-b5a6-1cfbad40ba4e,2026-08-09T02:46:43.402428+00:00,C2-CONTROLLED-SNARK,controlled-groth16-pilot-v1,controlled_kernel,ark-groth16-0.6.0-bn254,5477ab05b549b750fa32dc9a1bc61898f74ebf21,de947ec44a622d90f62e247e4cad4e4a81bb578c8249825f66cc44a0179ee3b2,655715683768296211,0,89,default,{},1024,1024,4,16,commitment,,,,,,,,,,,,,,phase,,,true,wrong_public_input,,ark-groth16 does not expose stable per-run phase hooks,,measured,within-stack pilot; no Groth16-versus-PLONK claim,measurement,true,false,unsupported,{},,,,,,
3fbd4569-e4c2-4dbe-b5a6-1cfbad40ba4e,2026-08-09T02:46:43.402440+00:00,C2-CONTROLLED-SNARK,controlled-groth16-pilot-v1,controlled_kernel,ark-groth16-0.6.0-bn254,5477ab05b549b750fa32dc9a1bc61898f74ebf21,de947ec44a622d90f62e247e4cad4e4a81bb578c8249825f66cc44a0179ee3b2,655715683768296211,0,89,default,{},1024,1024,4,16,key_load,,,,,,,,,,,,,,phase,,,true,wrong_public_input,,ark-groth16 does not expose stable per-run phase hooks,,measured,within-stack pilot; no Groth16-versus-PLONK claim,measurement,true,false,unsupported,{},,,,,,
3fbd4569-e4c2-4dbe-b5a6-1cfbad40ba4e,2026-08-09T02:46:43.402451+00:00,C2-CONTROLLED-SNARK,controlled-groth16-pilot-v1,controlled_kernel,ark-groth16-0.6.0-bn254,5477ab05b549b750fa32dc9a1bc61898f74ebf21,de947ec44a622d90f62e247e4cad4e4a81bb578c8249825f66cc44a0179ee3b2,655715683768296211,0,89,default,{},1024,1024,4,16,adapter_process_wall,188.062124,340.000000,7.832031,128,false,0,cryptographic_rejection,1308,956,,,,linux-procfs,process,,,true,wrong_public_input,,"private commit and per-process swap I/O are unavailable; VmSwap reports allocation, not swap traffic; No documented hardware or OS energy counter is configured in WSL2",,measured,within-stack pilot; no Groth16-versus-PLONK claim,measurement,true,true,ok,{},1024,2,1024,r1cs_constraints,5.0,35
d6d3613f-19d1-4b28-bdf6-7ba2d2e5356c,2026-08-09T02:46:43.505615+00:00,C2-CONTROLLED-SNARK,controlled-groth16-pilot-v1,controlled_kernel,ark-groth16-0.6.0-bn254,5477ab05b549b750fa32dc9a1bc61898f74ebf21,de947ec44a622d90f62e247e4cad4e4a81bb578c8249825f66cc44a0179ee3b2,6617435380921876869,0,90,default,{},256,256,4,16,native_execution,0.688807,,,,,,,,,,,,,phase,,,true,,,,,measured,within-stack pilot; no Groth16-versus-PLONK claim,measurement,true,true,ok,"{""application_units"":256.0}",,,,,,
d6d3613f-19d1-4b28-bdf6-7ba2d2e5356c,2026-08-09T02:46:43.505683+00:00,C2-CONTROLLED-SNARK,controlled-groth16-pilot-v1,controlled_kernel,ark-groth16-0.6.0-bn254,5477ab05b549b750fa32dc9a1bc61898f74ebf21,de947ec44a622d90f62e247e4cad4e4a81bb578c8249825f66cc44a0179ee3b2,6617435380921876869,0,90,default,{},256,256,4,16,witness,21.683190,,,,,,,,,,,,,phase,,,true,,,,,measured,within-stack pilot; no Groth16-versus-PLONK claim,measurement,true,true,ok,"{""application_units"":256.0,""constraint_count"":256.0}",,,,,,
d6d3613f-19d1-4b28-bdf6-7ba2d2e5356c,2026-08-09T02:46:43.505765+00:00,C2-CONTROLLED-SNARK,controlled-groth16-pilot-v1,controlled_kernel,ark-groth16-0.6.0-bn254,5477ab05b549b750fa32dc9a1bc61898f74ebf21,de947ec44a622d90f62e247e4cad4e4a81bb578c8249825f66cc44a0179ee3b2,6617435380921876869,0,90,default,{},256,256,4,16,setup_or_preprocess,14.798277,,,,,,,,,,,,,phase,,,true,,,,,measured,within-stack pilot; no Groth16-versus-PLONK claim,measurement,true,true,ok,"{""constraint_count"":256.0}",,,,,,
d6d3613f-19d1-4b28-bdf6-7ba2d2e5356c,2026-08-09T02:46:43.505800+00:00,C2-CONTROLLED-SNARK,controlled-groth16-pilot-v1,controlled_kernel,ark-groth16-0.6.0-bn254,5477ab05b549b750fa32dc9a1bc61898f74ebf21,de947ec44a622d90f62e247e4cad4e4a81bb578c8249825f66cc44a0179ee3b2,6617435380921876869,0,90,default,{},256,256,4,16,prove_total,16.522524,,,,,,,,,,,,,phase,,,true,,,,,measured,within-stack pilot; no Groth16-versus-PLONK claim,measurement,true,true,ok,"{""constraint_count"":256.0}",,,,,,
d6d3613f-19d1-4b28-bdf6-7ba2d2e5356c,2026-08-09T02:46:43.505819+00:00,C2-CONTROLLED-SNARK,controlled-groth16-pilot-v1,controlled_kernel,ark-groth16-0.6.0-bn254,5477ab05b549b750fa32dc9a1bc61898f74ebf21,de947ec44a622d90f62e247e4cad4e4a81bb578c8249825f66cc44a0179ee3b2,6617435380921876869,0,90,default,{},256,256,4,16,serialize,0.008446,,,,,,,,,,,,,phase,,,true,,,,,measured,within-stack pilot; no Groth16-versus-PLONK claim,measurement,true,true,ok,"{""proof_bytes"":128.0}",,,,,,
d6d3613f-19d1-4b28-bdf6-7ba2d2e5356c,2026-08-09T02:46:43.505837+00:00,C2-CONTROLLED-SNARK,controlled-groth16-pilot-v1,controlled_kernel,ark-groth16-0.6.0-bn254,5477ab05b549b750fa32dc9a1bc61898f74ebf21,de947ec44a622d90f62e247e4cad4e4a81bb578c8249825f66cc44a0179ee3b2,6617435380921876869,0,90,default,{},256,256,4,16,deserialize,0.200092,,,,,,,,,,,,,phase,,,true,,,,,measured,within-stack pilot; no Groth16-versus-PLONK claim,measurement,true,true,ok,"{""proof_bytes"":128.0}",,,,,,
d6d3613f-19d1-4b28-bdf6-7ba2d2e5356c,2026-08-09T02:46:43.505853+00:00,C2-CONTROLLED-SNARK,controlled-groth16-pilot-v1,controlled_kernel,ark-groth16-0.6.0-bn254,5477ab05b549b750fa32dc9a1bc61898f74ebf21,de947ec44a622d90f62e247e4cad4e4a81bb578c8249825f66cc44a0179ee3b2,6617435380921876869,0,90,default,{},256,256,4,16,verify_core,1.287024,,,,,,,,,,,,,phase,,,true,,,,,measured,within-stack pilot; no Groth16-versus-PLONK claim,measurement,true,true,ok,{},,,,,,
d6d3613f-19d1-4b28-bdf6-7ba2d2e5356c,2026-08-09T02:46:43.505869+00:00,C2-CONTROLLED-SNARK,controlled-groth16-pilot-v1,controlled_kernel,ark-groth16-0.6.0-bn254,5477ab05b549b750fa32dc9a1bc61898f74ebf21,de947ec44a622d90f62e247e4cad4e4a81bb578c8249825f66cc44a0179ee3b2,6617435380921876869,0,90,default,{},256,256,4,16,verify_total,1.487247,,,,,,,,,,,,,phase,,,true,,,,,measured,within-stack pilot; no Groth16-versus-PLONK claim,measurement,true,true,ok,{},,,,,,
d6d3613f-19d1-4b28-bdf6-7ba2d2e5356c,2026-08-09T02:46:43.505885+00:00,C2-CONTROLLED-SNARK,controlled-groth16-pilot-v1,controlled_kernel,ark-groth16-0.6.0-bn254,5477ab05b549b750fa32dc9a1bc61898f74ebf21,de947ec44a622d90f62e247e4cad4e4a81bb578c8249825f66cc44a0179ee3b2,6617435380921876869,0,90,default,{},256,256,4,16,fft_ntt,,,,,,,,,,,,,,phase,,,true,,,ark-groth16 does not expose stable per-run phase hooks,,measured,within-stack pilot; no Groth16-versus-PLONK claim,measurement,true,false,unsupported,{},,,,,,
d6d3613f-19d1-4b28-bdf6-7ba2d2e5356c,2026-08-09T02:46:43.505901+00:00,C2-CONTROLLED-SNARK,controlled-groth16-pilot-v1,controlled_kernel,ark-groth16-0.6.0-bn254,5477ab05b549b750fa32dc9a1bc61898f74ebf21,de947ec44a622d90f62e247e4cad4e4a81bb578c8249825f66cc44a0179ee3b2,6617435380921876869,0,90,default,{},256,256,4,16,msm,,,,,,,,,,,,,,phase,,,true,,,ark-groth16 does not expose stable per-run phase hooks,,measured,within-stack pilot; no Groth16-versus-PLONK claim,measurement,true,false,unsupported,{},,,,,,
d6d3613f-19d1-4b28-bdf6-7ba2d2e5356c,2026-08-09T02:46:43.505916+00:00,C2-CONTROLLED-SNARK,controlled-groth16-pilot-v1,controlled_kernel,ark-groth16-0.6.0-bn254,5477ab05b549b750fa32dc9a1bc61898f74ebf21,de947ec44a622d90f62e247e4cad4e4a81bb578c8249825f66cc44a0179ee3b2,6617435380921876869,0,90,default,{},256,256,4,16,commitment,,,,,,,,,,,,,,phase,,,true,,,ark-groth16 does not expose stable per-run phase hooks,,measured,within-stack pilot; no Groth16-versus-PLONK claim,measurement,true,false,unsupported,{},,,,,,
d6d3613f-19d1-4b28-bdf6-7ba2d2e5356c,2026-08-09T02:46:43.505959+00:00,C2-CONTROLLED-SNARK,controlled-groth16-pilot-v1,controlled_kernel,ark-groth16-0.6.0-bn254,5477ab05b549b750fa32dc9a1bc61898f74ebf21,de947ec44a622d90f62e247e4cad4e4a81bb578c8249825f66cc44a0179ee3b2,6617435380921876869,0,90,default,{},256,256,4,16,key_load,,,,,,,,,,,,,,phase,,,true,,,ark-groth16 does not expose stable per-run phase hooks,,measured,within-stack pilot; no Groth16-versus-PLONK claim,measurement,true,false,unsupported,{},,,,,,
d6d3613f-19d1-4b28-bdf6-7ba2d2e5356c,2026-08-09T02:46:43.505993+00:00,C2-CONTROLLED-SNARK,controlled-groth16-pilot-v1,controlled_kernel,ark-groth16-0.6.0-bn254,5477ab05b549b750fa32dc9a1bc61898f74ebf21,de947ec44a622d90f62e247e4cad4e4a81bb578c8249825f66cc44a0179ee3b2,6617435380921876869,0,90,default,{},256,256,4,16,adapter_process_wall,102.293082,110.000000,6.054688,128,true,0,,650,956,,,,linux-procfs,process,,,true,,,"private commit and per-process swap I/O are unavailable; VmSwap reports allocation, not swap traffic; No documented hardware or OS energy counter is configured in WSL2",,measured,within-stack pilot; no Groth16-versus-PLONK claim,measurement,true,true,ok,{},256,2,256,r1cs_constraints,5.0,19
99939906-c5e9-4e5b-b5de-0f1be8ddc03c,2026-08-09T02:46:43.890850+00:00,C2-CONTROLLED-SNARK,controlled-groth16-pilot-v1,controlled_kernel,ark-groth16-0.6.0-bn254,5477ab05b549b750fa32dc9a1bc61898f74ebf21,de947ec44a622d90f62e247e4cad4e4a81bb578c8249825f66cc44a0179ee3b2,5593322615450572235,0,91,default,{},4096,4096,1,16,native_execution,0.085929,,,,,,,,,,,,,phase,,,true,wrong_public_input,,,,measured,within-stack pilot; no Groth16-versus-PLONK claim,measurement,true,true,ok,"{""application_units"":4096.0}",,,,,,
99939906-c5e9-4e5b-b5de-0f1be8ddc03c,2026-08-09T02:46:43.890918+00:00,C2-CONTROLLED-SNARK,controlled-groth16-pilot-v1,controlled_kernel,ark-groth16-0.6.0-bn254,5477ab05b549b750fa32dc9a1bc61898f74ebf21,de947ec44a622d90f62e247e4cad4e4a81bb578c8249825f66cc44a0179ee3b2,5593322615450572235,0,91,default,{},4096,4096,1,16,witness,33.074349,,,,,,,,,,,,,phase,,,true,wrong_public_input,,,,measured,within-stack pilot; no Groth16-versus-PLONK claim,measurement,true,true,ok,"{""application_units"":4096.0,""constraint_count"":4096.0}",,,,,,
99939906-c5e9-4e5b-b5de-0f1be8ddc03c,2026-08-09T02:46:43.890939+00:00,C2-CONTROLLED-SNARK,controlled-groth16-pilot-v1,controlled_kernel,ark-groth16-0.6.0-bn254,5477ab05b549b750fa32dc9a1bc61898f74ebf21,de947ec44a622d90f62e247e4cad4e4a81bb578c8249825f66cc44a0179ee3b2,5593322615450572235,0,91,default,{},4096,4096,1,16,setup_or_preprocess,174.549571,,,,,,,,,,,,,phase,,,true,wrong_public_input,,,,measured,within-stack pilot; no Groth16-versus-PLONK claim,measurement,true,true,ok,"{""constraint_count"":4096.0}",,,,,,
99939906-c5e9-4e5b-b5de-0f1be8ddc03c,2026-08-09T02:46:43.890955+00:00,C2-CONTROLLED-SNARK,controlled-groth16-pilot-v1,controlled_kernel,ark-groth16-0.6.0-bn254,5477ab05b549b750fa32dc9a1bc61898f74ebf21,de947ec44a622d90f62e247e4cad4e4a81bb578c8249825f66cc44a0179ee3b2,5593322615450572235,0,91,default,{},4096,4096,1,16,prove_total,137.269990,,,,,,,,,,,,,phase,,,true,wrong_public_input,,,,measured,within-stack pilot; no Groth16-versus-PLONK claim,measurement,true,true,ok,"{""constraint_count"":4096.0}",,,,,,
99939906-c5e9-4e5b-b5de-0f1be8ddc03c,2026-08-09T02:46:43.890968+00:00,C2-CONTROLLED-SNARK,controlled-groth16-pilot-v1,controlled_kernel,ark-groth16-0.6.0-bn254,5477ab05b549b750fa32dc9a1bc61898f74ebf21,de947ec44a622d90f62e247e4cad4e4a81bb578c8249825f66cc44a0179ee3b2,5593322615450572235,0,91,default,{},4096,4096,1,16,serialize,0.002284,,,,,,,,,,,,,phase,,,true,wrong_public_input,,,,measured,within-stack pilot; no Groth16-versus-PLONK claim,measurement,true,true,ok,"{""proof_bytes"":128.0}",,,,,,
99939906-c5e9-4e5b-b5de-0f1be8ddc03c,2026-08-09T02:46:43.890982+00:00,C2-CONTROLLED-SNARK,controlled-groth16-pilot-v1,controlled_kernel,ark-groth16-0.6.0-bn254,5477ab05b549b750fa32dc9a1bc61898f74ebf21,de947ec44a622d90f62e247e4cad4e4a81bb578c8249825f66cc44a0179ee3b2,5593322615450572235,0,91,default,{},4096,4096,1,16,deserialize,0.197918,,,,,,,,,,,,,phase,,,true,wrong_public_input,,,,measured,within-stack pilot; no Groth16-versus-PLONK claim,measurement,true,true,ok,"{""proof_bytes"":128.0}",,,,,,
99939906-c5e9-4e5b-b5de-0f1be8ddc03c,2026-08-09T02:46:43.890995+00:00,C2-CONTROLLED-SNARK,controlled-groth16-pilot-v1,controlled_kernel,ark-groth16-0.6.0-bn254,5477ab05b549b750fa32dc9a1bc61898f74ebf21,de947ec44a622d90f62e247e4cad4e4a81bb578c8249825f66cc44a0179ee3b2,5593322615450572235,0,91,default,{},4096,4096,1,16,verify_core,1.052668,,,,,,,,,,,,,phase,,,true,wrong_public_input,1.052668,,,measured,within-stack pilot; no Groth16-versus-PLONK claim,measurement,true,true,ok,{},,,,,,
99939906-c5e9-4e5b-b5de-0f1be8ddc03c,2026-08-09T02:46:43.891008+00:00,C2-CONTROLLED-SNARK,controlled-groth16-pilot-v1,controlled_kernel,ark-groth16-0.6.0-bn254,5477ab05b549b750fa32dc9a1bc61898f74ebf21,de947ec44a622d90f62e247e4cad4e4a81bb578c8249825f66cc44a0179ee3b2,5593322615450572235,0,91,default,{},4096,4096,1,16,invalid_reject,1.052668,,,,,,,,,,,,,phase,,,true,wrong_public_input,,,,measured,within-stack pilot; no Groth16-versus-PLONK claim,measurement,true,true,ok,{},,,,,,
99939906-c5e9-4e5b-b5de-0f1be8ddc03c,2026-08-09T02:46:43.891021+00:00,C2-CONTROLLED-SNARK,controlled-groth16-pilot-v1,controlled_kernel,ark-groth16-0.6.0-bn254,5477ab05b549b750fa32dc9a1bc61898f74ebf21,de947ec44a622d90f62e247e4cad4e4a81bb578c8249825f66cc44a0179ee3b2,5593322615450572235,0,91,default,{},4096,4096,1,16,verify_total,1.250787,,,,,,,,,,,,,phase,,,true,wrong_public_input,,,,measured,within-stack pilot; no Groth16-versus-PLONK claim,measurement,true,true,ok,{},,,,,,
99939906-c5e9-4e5b-b5de-0f1be8ddc03c,2026-08-09T02:46:43.891033+00:00,C2-CONTROLLED-SNARK,controlled-groth16-pilot-v1,controlled_kernel,ark-groth16-0.6.0-bn254,5477ab05b549b750fa32dc9a1bc61898f74ebf21,de947ec44a622d90f62e247e4cad4e4a81bb578c8249825f66cc44a0179ee3b2,5593322615450572235,0,91,default,{},4096,4096,1,16,fft_ntt,,,,,,,,,,,,,,phase,,,true,wrong_public_input,,ark-groth16 does not expose stable per-run phase hooks,,measured,within-stack pilot; no Groth16-versus-PLONK claim,measurement,true,false,unsupported,{},,,,,,
99939906-c5e9-4e5b-b5de-0f1be8ddc03c,2026-08-09T02:46:43.891050+00:00,C2-CONTROLLED-SNARK,controlled-groth16-pilot-v1,controlled_kernel,ark-groth16-0.6.0-bn254,5477ab05b549b750fa32dc9a1bc61898f74ebf21,de947ec44a622d90f62e247e4cad4e4a81bb578c8249825f66cc44a0179ee3b2,5593322615450572235,0,91,default,{},4096,4096,1,16,msm,,,,,,,,,,,,,,phase,,,true,wrong_public_input,,ark-groth16 does not expose stable per-run phase hooks,,measured,within-stack pilot; no Groth16-versus-PLONK claim,measurement,true,false,unsupported,{},,,,,,
99939906-c5e9-4e5b-b5de-0f1be8ddc03c,2026-08-09T02:46:43.891062+00:00,C2-CONTROLLED-SNARK,controlled-groth16-pilot-v1,controlled_kernel,ark-groth16-0.6.0-bn254,5477ab05b549b750fa32dc9a1bc61898f74ebf21,de947ec44a622d90f62e247e4cad4e4a81bb578c8249825f66cc44a0179ee3b2,5593322615450572235,0,91,default,{},4096,4096,1,16,commitment,,,,,,,,,,,,,,phase,,,true,wrong_public_input,,ark-groth16 does not expose stable per-run phase hooks,,measured,within-stack pilot; no Groth16-versus-PLONK claim,measurement,true,false,unsupported,{},,,,,,
99939906-c5e9-4e5b-b5de-0f1be8ddc03c,2026-08-09T02:46:43.891074+00:00,C2-CONTROLLED-SNARK,controlled-groth16-pilot-v1,controlled_kernel,ark-groth16-0.6.0-bn254,5477ab05b549b750fa32dc9a1bc61898f74ebf21,de947ec44a622d90f62e247e4cad4e4a81bb578c8249825f66cc44a0179ee3b2,5593322615450572235,0,91,default,{},4096,4096,1,16,key_load,,,,,,,,,,,,,,phase,,,true,wrong_public_input,,ark-groth16 does not expose stable per-run phase hooks,,measured,within-stack pilot; no Groth16-versus-PLONK claim,measurement,true,false,unsupported,{},,,,,,
99939906-c5e9-4e5b-b5de-0f1be8ddc03c,2026-08-09T02:46:43.891086+00:00,C2-CONTROLLED-SNARK,controlled-groth16-pilot-v1,controlled_kernel,ark-groth16-0.6.0-bn254,5477ab05b549b750fa32dc9a1bc61898f74ebf21,de947ec44a622d90f62e247e4cad4e4a81bb578c8249825f66cc44a0179ee3b2,5593322615450572235,0,91,default,{},4096,4096,1,16,adapter_process_wall,383.991679,360.000000,11.613281,128,false,0,cryptographic_rejection,3750,956,,,,linux-procfs,process,,,true,wrong_public_input,,"private commit and per-process swap I/O are unavailable; VmSwap reports allocation, not swap traffic; No documented hardware or OS energy counter is configured in WSL2",,measured,within-stack pilot; no Groth16-versus-PLONK claim,measurement,true,true,ok,{},4096,2,4096,r1cs_constraints,5.0,72
1463ec8e-e27b-4fb5-975d-68e329061e5e,2026-08-09T02:46:43.993127+00:00,C2-CONTROLLED-SNARK,controlled-groth16-pilot-v1,controlled_kernel,ark-groth16-0.6.0-bn254,5477ab05b549b750fa32dc9a1bc61898f74ebf21,de947ec44a622d90f62e247e4cad4e4a81bb578c8249825f66cc44a0179ee3b2,1864289094747078159,2,92,default,{},64,64,8,16,native_execution,0.833706,,,,,,,,,,,,,phase,,,true,wrong_public_input,,,,measured,within-stack pilot; no Groth16-versus-PLONK claim,measurement,true,true,ok,"{""application_units"":64.0}",,,,,,
1463ec8e-e27b-4fb5-975d-68e329061e5e,2026-08-09T02:46:43.993203+00:00,C2-CONTROLLED-SNARK,controlled-groth16-pilot-v1,controlled_kernel,ark-groth16-0.6.0-bn254,5477ab05b549b750fa32dc9a1bc61898f74ebf21,de947ec44a622d90f62e247e4cad4e4a81bb578c8249825f66cc44a0179ee3b2,1864289094747078159,2,92,default,{},64,64,8,16,witness,14.057264,,,,,,,,,,,,,phase,,,true,wrong_public_input,,,,measured,within-stack pilot; no Groth16-versus-PLONK claim,measurement,true,true,ok,"{""application_units"":64.0,""constraint_count"":64.0}",,,,,,
1463ec8e-e27b-4fb5-975d-68e329061e5e,2026-08-09T02:46:43.993228+00:00,C2-CONTROLLED-SNARK,controlled-groth16-pilot-v1,controlled_kernel,ark-groth16-0.6.0-bn254,5477ab05b549b750fa32dc9a1bc61898f74ebf21,de947ec44a622d90f62e247e4cad4e4a81bb578c8249825f66cc44a0179ee3b2,1864289094747078159,2,92,default,{},64,64,8,16,setup_or_preprocess,20.747569,,,,,,,,,,,,,phase,,,true,wrong_public_input,,,,measured,within-stack pilot; no Groth16-versus-PLONK claim,measurement,true,true,ok,"{""constraint_count"":64.0}",,,,,,
1463ec8e-e27b-4fb5-975d-68e329061e5e,2026-08-09T02:46:43.993245+00:00,C2-CONTROLLED-SNARK,controlled-groth16-pilot-v1,controlled_kernel,ark-groth16-0.6.0-bn254,5477ab05b549b750fa32dc9a1bc61898f74ebf21,de947ec44a622d90f62e247e4cad4e4a81bb578c8249825f66cc44a0179ee3b2,1864289094747078159,2,92,default,{},64,64,8,16,prove_total,16.816948,,,,,,,,,,,,,phase,,,true,wrong_public_input,,,,measured,within-stack pilot; no Groth16-versus-PLONK claim,measurement,true,true,ok,"{""constraint_count"":64.0}",,,,,,
1463ec8e-e27b-4fb5-975d-68e329061e5e,2026-08-09T02:46:43.993260+00:00,C2-CONTROLLED-SNARK,controlled-groth16-pilot-v1,controlled_kernel,ark-groth16-0.6.0-bn254,5477ab05b549b750fa32dc9a1bc61898f74ebf21,de947ec44a622d90f62e247e4cad4e4a81bb578c8249825f66cc44a0179ee3b2,1864289094747078159,2,92,default,{},64,64,8,16,serialize,0.002304,,,,,,,,,,,,,phase,,,true,wrong_public_input,,,,measured,within-stack pilot; no Groth16-versus-PLONK claim,measurement,true,true,ok,"{""proof_bytes"":128.0}",,,,,,
1463ec8e-e27b-4fb5-975d-68e329061e5e,2026-08-09T02:46:43.993276+00:00,C2-CONTROLLED-SNARK,controlled-groth16-pilot-v1,controlled_kernel,ark-groth16-0.6.0-bn254,5477ab05b549b750fa32dc9a1bc61898f74ebf21,de947ec44a622d90f62e247e4cad4e4a81bb578c8249825f66cc44a0179ee3b2,1864289094747078159,2,92,default,{},64,64,8,16,deserialize,0.164065,,,,,,,,,,,,,phase,,,true,wrong_public_input,,,,measured,within-stack pilot; no Groth16-versus-PLONK claim,measurement,true,true,ok,"{""proof_bytes"":128.0}",,,,,,
1463ec8e-e27b-4fb5-975d-68e329061e5e,2026-08-09T02:46:43.993290+00:00,C2-CONTROLLED-SNARK,controlled-groth16-pilot-v1,controlled_kernel,ark-groth16-0.6.0-bn254,5477ab05b549b750fa32dc9a1bc61898f74ebf21,de947ec44a622d90f62e247e4cad4e4a81bb578c8249825f66cc44a0179ee3b2,1864289094747078159,2,92,default,{},64,64,8,16,verify_core,1.035546,,,,,,,,,,,,,phase,,,true,wrong_public_input,1.035546,,,measured,within-stack pilot; no Groth16-versus-PLONK claim,measurement,true,true,ok,{},,,,,,
1463ec8e-e27b-4fb5-975d-68e329061e5e,2026-08-09T02:46:43.993303+00:00,C2-CONTROLLED-SNARK,controlled-groth16-pilot-v1,controlled_kernel,ark-groth16-0.6.0-bn254,5477ab05b549b750fa32dc9a1bc61898f74ebf21,de947ec44a622d90f62e247e4cad4e4a81bb578c8249825f66cc44a0179ee3b2,1864289094747078159,2,92,default,{},64,64,8,16,invalid_reject,1.035546,,,,,,,,,,,,,phase,,,true,wrong_public_input,,,,measured,within-stack pilot; no Groth16-versus-PLONK claim,measurement,true,true,ok,{},,,,,,
1463ec8e-e27b-4fb5-975d-68e329061e5e,2026-08-09T02:46:43.993315+00:00,C2-CONTROLLED-SNARK,controlled-groth16-pilot-v1,controlled_kernel,ark-groth16-0.6.0-bn254,5477ab05b549b750fa32dc9a1bc61898f74ebf21,de947ec44a622d90f62e247e4cad4e4a81bb578c8249825f66cc44a0179ee3b2,1864289094747078159,2,92,default,{},64,64,8,16,verify_total,1.199923,,,,,,,,,,,,,phase,,,true,wrong_public_input,,,,measured,within-stack pilot; no Groth16-versus-PLONK claim,measurement,true,true,ok,{},,,,,,
1463ec8e-e27b-4fb5-975d-68e329061e5e,2026-08-09T02:46:43.993328+00:00,C2-CONTROLLED-SNARK,controlled-groth16-pilot-v1,controlled_kernel,ark-groth16-0.6.0-bn254,5477ab05b549b750fa32dc9a1bc61898f74ebf21,de947ec44a622d90f62e247e4cad4e4a81bb578c8249825f66cc44a0179ee3b2,1864289094747078159,2,92,default,{},64,64,8,16,fft_ntt,,,,,,,,,,,,,,phase,,,true,wrong_public_input,,ark-groth16 does not expose stable per-run phase hooks,,measured,within-stack pilot; no Groth16-versus-PLONK claim,measurement,true,false,unsupported,{},,,,,,
1463ec8e-e27b-4fb5-975d-68e329061e5e,2026-08-09T02:46:43.993342+00:00,C2-CONTROLLED-SNARK,controlled-groth16-pilot-v1,controlled_kernel,ark-groth16-0.6.0-bn254,5477ab05b549b750fa32dc9a1bc61898f74ebf21,de947ec44a622d90f62e247e4cad4e4a81bb578c8249825f66cc44a0179ee3b2,1864289094747078159,2,92,default,{},64,64,8,16,msm,,,,,,,,,,,,,,phase,,,true,wrong_public_input,,ark-groth16 does not expose stable per-run phase hooks,,measured,within-stack pilot; no Groth16-versus-PLONK claim,measurement,true,false,unsupported,{},,,,,,
1463ec8e-e27b-4fb5-975d-68e329061e5e,2026-08-09T02:46:43.993354+00:00,C2-CONTROLLED-SNARK,controlled-groth16-pilot-v1,controlled_kernel,ark-groth16-0.6.0-bn254,5477ab05b549b750fa32dc9a1bc61898f74ebf21,de947ec44a622d90f62e247e4cad4e4a81bb578c8249825f66cc44a0179ee3b2,1864289094747078159,2,92,default,{},64,64,8,16,commitment,,,,,,,,,,,,,,phase,,,true,wrong_public_input,,ark-groth16 does not expose stable per-run phase hooks,,measured,within-stack pilot; no Groth16-versus-PLONK claim,measurement,true,false,unsupported,{},,,,,,
1463ec8e-e27b-4fb5-975d-68e329061e5e,2026-08-09T02:46:43.993367+00:00,C2-CONTROLLED-SNARK,controlled-groth16-pilot-v1,controlled_kernel,ark-groth16-0.6.0-bn254,5477ab05b549b750fa32dc9a1bc61898f74ebf21,de947ec44a622d90f62e247e4cad4e4a81bb578c8249825f66cc44a0179ee3b2,1864289094747078159,2,92,default,{},64,64,8,16,key_load,,,,,,,,,,,,,,phase,,,true,wrong_public_input,,ark-groth16 does not expose stable per-run phase hooks,,measured,within-stack pilot; no Groth16-versus-PLONK claim,measurement,true,false,unsupported,{},,,,,,
1463ec8e-e27b-4fb5-975d-68e329061e5e,2026-08-09T02:46:43.993386+00:00,C2-CONTROLLED-SNARK,controlled-groth16-pilot-v1,controlled_kernel,ark-groth16-0.6.0-bn254,5477ab05b549b750fa32dc9a1bc61898f74ebf21,de947ec44a622d90f62e247e4cad4e4a81bb578c8249825f66cc44a0179ee3b2,1864289094747078159,2,92,default,{},64,64,8,16,adapter_process_wall,101.189445,130.000000,5.941406,128,false,0,cryptographic_rejection,561,956,,,,linux-procfs,process,,,true,wrong_public_input,,"Linux procfs read failed: [Errno 13] Permission denied: '/proc/4194/io'; private commit and per-process swap I/O are unavailable; VmSwap reports allocation, not swap traffic; No documented hardware or OS energy counter is configured in WSL2",,measured,within-stack pilot; no Groth16-versus-PLONK claim,measurement,true,true,ok,{},64,2,64,r1cs_constraints,5.0,18
876b647a-0aa4-432a-a0e7-741773b8bc73,2026-08-09T02:46:44.140486+00:00,C2-CONTROLLED-SNARK,controlled-groth16-pilot-v1,controlled_kernel,ark-groth16-0.6.0-bn254,5477ab05b549b750fa32dc9a1bc61898f74ebf21,de947ec44a622d90f62e247e4cad4e4a81bb578c8249825f66cc44a0179ee3b2,7454639794657381736,0,93,default,{},1024,1024,1,16,native_execution,0.033692,,,,,,,,,,,,,phase,,,true,wrong_public_input,,,,measured,within-stack pilot; no Groth16-versus-PLONK claim,measurement,true,true,ok,"{""application_units"":1024.0}",,,,,,
876b647a-0aa4-432a-a0e7-741773b8bc73,2026-08-09T02:46:44.140593+00:00,C2-CONTROLLED-SNARK,controlled-groth16-pilot-v1,controlled_kernel,ark-groth16-0.6.0-bn254,5477ab05b549b750fa32dc9a1bc61898f74ebf21,de947ec44a622d90f62e247e4cad4e4a81bb578c8249825f66cc44a0179ee3b2,7454639794657381736,0,93,default,{},1024,1024,1,16,witness,8.212619,,,,,,,,,,,,,phase,,,true,wrong_public_input,,,,measured,within-stack pilot; no Groth16-versus-PLONK claim,measurement,true,true,ok,"{""application_units"":1024.0,""constraint_count"":1024.0}",,,,,,
876b647a-0aa4-432a-a0e7-741773b8bc73,2026-08-09T02:46:44.140619+00:00,C2-CONTROLLED-SNARK,controlled-groth16-pilot-v1,controlled_kernel,ark-groth16-0.6.0-bn254,5477ab05b549b750fa32dc9a1bc61898f74ebf21,de947ec44a622d90f62e247e4cad4e4a81bb578c8249825f66cc44a0179ee3b2,7454639794657381736,0,93,default,{},1024,1024,1,16,setup_or_preprocess,52.613645,,,,,,,,,,,,,phase,,,true,wrong_public_input,,,,measured,within-stack pilot; no Groth16-versus-PLONK claim,measurement,true,true,ok,"{""constraint_count"":1024.0}",,,,,,
876b647a-0aa4-432a-a0e7-741773b8bc73,2026-08-09T02:46:44.140638+00:00,C2-CONTROLLED-SNARK,controlled-groth16-pilot-v1,controlled_kernel,ark-groth16-0.6.0-bn254,5477ab05b549b750fa32dc9a1bc61898f74ebf21,de947ec44a622d90f62e247e4cad4e4a81bb578c8249825f66cc44a0179ee3b2,7454639794657381736,0,93,default,{},1024,1024,1,16,prove_total,45.480623,,,,,,,,,,,,,phase,,,true,wrong_public_input,,,,measured,within-stack pilot; no Groth16-versus-PLONK claim,measurement,true,true,ok,"{""constraint_count"":1024.0}",,,,,,
876b647a-0aa4-432a-a0e7-741773b8bc73,2026-08-09T02:46:44.140656+00:00,C2-CONTROLLED-SNARK,controlled-groth16-pilot-v1,controlled_kernel,ark-groth16-0.6.0-bn254,5477ab05b549b750fa32dc9a1bc61898f74ebf21,de947ec44a622d90f62e247e4cad4e4a81bb578c8249825f66cc44a0179ee3b2,7454639794657381736,0,93,default,{},1024,1024,1,16,serialize,0.002174,,,,,,,,,,,,,phase,,,true,wrong_public_input,,,,measured,within-stack pilot; no Groth16-versus-PLONK claim,measurement,true,true,ok,"{""proof_bytes"":128.0}",,,,,,
876b647a-0aa4-432a-a0e7-741773b8bc73,2026-08-09T02:46:44.140672+00:00,C2-CONTROLLED-SNARK,controlled-groth16-pilot-v1,controlled_kernel,ark-groth16-0.6.0-bn254,5477ab05b549b750fa32dc9a1bc61898f74ebf21,de947ec44a622d90f62e247e4cad4e4a81bb578c8249825f66cc44a0179ee3b2,7454639794657381736,0,93,default,{},1024,1024,1,16,deserialize,0.199261,,,,,,,,,,,,,phase,,,true,wrong_public_input,,,,measured,within-stack pilot; no Groth16-versus-PLONK claim,measurement,true,true,ok,"{""proof_bytes"":128.0}",,,,,,
876b647a-0aa4-432a-a0e7-741773b8bc73,2026-08-09T02:46:44.140688+00:00,C2-CONTROLLED-SNARK,controlled-groth16-pilot-v1,controlled_kernel,ark-groth16-0.6.0-bn254,5477ab05b549b750fa32dc9a1bc61898f74ebf21,de947ec44a622d90f62e247e4cad4e4a81bb578c8249825f66cc44a0179ee3b2,7454639794657381736,0,93,default,{},1024,1024,1,16,verify_core,1.020598,,,,,,,,,,,,,phase,,,true,wrong_public_input,1.020598,,,measured,within-stack pilot; no Groth16-versus-PLONK claim,measurement,true,true,ok,{},,,,,,
876b647a-0aa4-432a-a0e7-741773b8bc73,2026-08-09T02:46:44.140738+00:00,C2-CONTROLLED-SNARK,controlled-groth16-pilot-v1,controlled_kernel,ark-groth16-0.6.0-bn254,5477ab05b549b750fa32dc9a1bc61898f74ebf21,de947ec44a622d90f62e247e4cad4e4a81bb578c8249825f66cc44a0179ee3b2,7454639794657381736,0,93,default,{},1024,1024,1,16,invalid_reject,1.020598,,,,,,,,,,,,,phase,,,true,wrong_public_input,,,,measured,within-stack pilot; no Groth16-versus-PLONK claim,measurement,true,true,ok,{},,,,,,
876b647a-0aa4-432a-a0e7-741773b8bc73,2026-08-09T02:46:44.140767+00:00,C2-CONTROLLED-SNARK,controlled-groth16-pilot-v1,controlled_kernel,ark-groth16-0.6.0-bn254,5477ab05b549b750fa32dc9a1bc61898f74ebf21,de947ec44a622d90f62e247e4cad4e4a81bb578c8249825f66cc44a0179ee3b2,7454639794657381736,0,93,default,{},1024,1024,1,16,verify_total,1.220130,,,,,,,,,,,,,phase,,,true,wrong_public_input,,,,measured,within-stack pilot; no Groth16-versus-PLONK claim,measurement,true,true,ok,{},,,,,,
876b647a-0aa4-432a-a0e7-741773b8bc73,2026-08-09T02:46:44.140788+00:00,C2-CONTROLLED-SNARK,controlled-groth16-pilot-v1,controlled_kernel,ark-groth16-0.6.0-bn254,5477ab05b549b750fa32dc9a1bc61898f74ebf21,de947ec44a622d90f62e247e4cad4e4a81bb578c8249825f66cc44a0179ee3b2,7454639794657381736,0,93,default,{},1024,1024,1,16,fft_ntt,,,,,,,,,,,,,,phase,,,true,wrong_public_input,,ark-groth16 does not expose stable per-run phase hooks,,measured,within-stack pilot; no Groth16-versus-PLONK claim,measurement,true,false,unsupported,{},,,,,,
876b647a-0aa4-432a-a0e7-741773b8bc73,2026-08-09T02:46:44.140805+00:00,C2-CONTROLLED-SNARK,controlled-groth16-pilot-v1,controlled_kernel,ark-groth16-0.6.0-bn254,5477ab05b549b750fa32dc9a1bc61898f74ebf21,de947ec44a622d90f62e247e4cad4e4a81bb578c8249825f66cc44a0179ee3b2,7454639794657381736,0,93,default,{},1024,1024,1,16,msm,,,,,,,,,,,,,,phase,,,true,wrong_public_input,,ark-groth16 does not expose stable per-run phase hooks,,measured,within-stack pilot; no Groth16-versus-PLONK claim,measurement,true,false,unsupported,{},,,,,,
876b647a-0aa4-432a-a0e7-741773b8bc73,2026-08-09T02:46:44.140821+00:00,C2-CONTROLLED-SNARK,controlled-groth16-pilot-v1,controlled_kernel,ark-groth16-0.6.0-bn254,5477ab05b549b750fa32dc9a1bc61898f74ebf21,de947ec44a622d90f62e247e4cad4e4a81bb578c8249825f66cc44a0179ee3b2,7454639794657381736,0,93,default,{},1024,1024,1,16,commitment,,,,,,,,,,,,,,phase,,,true,wrong_public_input,,ark-groth16 does not expose stable per-run phase hooks,,measured,within-stack pilot; no Groth16-versus-PLONK claim,measurement,true,false,unsupported,{},,,,,,
876b647a-0aa4-432a-a0e7-741773b8bc73,2026-08-09T02:46:44.140835+00:00,C2-CONTROLLED-SNARK,controlled-groth16-pilot-v1,controlled_kernel,ark-groth16-0.6.0-bn254,5477ab05b549b750fa32dc9a1bc61898f74ebf21,de947ec44a622d90f62e247e4cad4e4a81bb578c8249825f66cc44a0179ee3b2,7454639794657381736,0,93,default,{},1024,1024,1,16,key_load,,,,,,,,,,,,,,phase,,,true,wrong_public_input,,ark-groth16 does not expose stable per-run phase hooks,,measured,within-stack pilot; no Groth16-versus-PLONK claim,measurement,true,false,unsupported,{},,,,,,
876b647a-0aa4-432a-a0e7-741773b8bc73,2026-08-09T02:46:44.140851+00:00,C2-CONTROLLED-SNARK,controlled-groth16-pilot-v1,controlled_kernel,ark-groth16-0.6.0-bn254,5477ab05b549b750fa32dc9a1bc61898f74ebf21,de947ec44a622d90f62e247e4cad4e4a81bb578c8249825f66cc44a0179ee3b2,7454639794657381736,0,93,default,{},1024,1024,1,16,adapter_process_wall,145.990928,110.000000,6.472656,128,false,0,cryptographic_rejection,1082,956,,,,linux-procfs,process,,,true,wrong_public_input,,"private commit and per-process swap I/O are unavailable; VmSwap reports allocation, not swap traffic; No documented hardware or OS energy counter is configured in WSL2",,measured,within-stack pilot; no Groth16-versus-PLONK claim,measurement,true,true,ok,{},1024,2,1024,r1cs_constraints,5.0,27
790f63fe-af20-4cf9-9733-2cde2a61c1fc,2026-08-09T02:46:44.247386+00:00,C2-CONTROLLED-SNARK,controlled-groth16-pilot-v1,controlled_kernel,ark-groth16-0.6.0-bn254,5477ab05b549b750fa32dc9a1bc61898f74ebf21,de947ec44a622d90f62e247e4cad4e4a81bb578c8249825f66cc44a0179ee3b2,1647261785460495522,1,94,default,{},64,64,8,16,native_execution,0.832399,,,,,,,,,,,,,phase,,,true,,,,,measured,within-stack pilot; no Groth16-versus-PLONK claim,measurement,true,true,ok,"{""application_units"":64.0}",,,,,,
790f63fe-af20-4cf9-9733-2cde2a61c1fc,2026-08-09T02:46:44.247481+00:00,C2-CONTROLLED-SNARK,controlled-groth16-pilot-v1,controlled_kernel,ark-groth16-0.6.0-bn254,5477ab05b549b750fa32dc9a1bc61898f74ebf21,de947ec44a622d90f62e247e4cad4e4a81bb578c8249825f66cc44a0179ee3b2,1647261785460495522,1,94,default,{},64,64,8,16,witness,15.340348,,,,,,,,,,,,,phase,,,true,,,,,measured,within-stack pilot; no Groth16-versus-PLONK claim,measurement,true,true,ok,"{""application_units"":64.0,""constraint_count"":64.0}",,,,,,
790f63fe-af20-4cf9-9733-2cde2a61c1fc,2026-08-09T02:46:44.247502+00:00,C2-CONTROLLED-SNARK,controlled-groth16-pilot-v1,controlled_kernel,ark-groth16-0.6.0-bn254,5477ab05b549b750fa32dc9a1bc61898f74ebf21,de947ec44a622d90f62e247e4cad4e4a81bb578c8249825f66cc44a0179ee3b2,1647261785460495522,1,94,default,{},64,64,8,16,setup_or_preprocess,23.101727,,,,,,,,,,,,,phase,,,true,,,,,measured,within-stack pilot; no Groth16-versus-PLONK claim,measurement,true,true,ok,"{""constraint_count"":64.0}",,,,,,
790f63fe-af20-4cf9-9733-2cde2a61c1fc,2026-08-09T02:46:44.247520+00:00,C2-CONTROLLED-SNARK,controlled-groth16-pilot-v1,controlled_kernel,ark-groth16-0.6.0-bn254,5477ab05b549b750fa32dc9a1bc61898f74ebf21,de947ec44a622d90f62e247e4cad4e4a81bb578c8249825f66cc44a0179ee3b2,1647261785460495522,1,94,default,{},64,64,8,16,prove_total,17.180199,,,,,,,,,,,,,phase,,,true,,,,,measured,within-stack pilot; no Groth16-versus-PLONK claim,measurement,true,true,ok,"{""constraint_count"":64.0}",,,,,,
790f63fe-af20-4cf9-9733-2cde2a61c1fc,2026-08-09T02:46:44.247534+00:00,C2-CONTROLLED-SNARK,controlled-groth16-pilot-v1,controlled_kernel,ark-groth16-0.6.0-bn254,5477ab05b549b750fa32dc9a1bc61898f74ebf21,de947ec44a622d90f62e247e4cad4e4a81bb578c8249825f66cc44a0179ee3b2,1647261785460495522,1,94,default,{},64,64,8,16,serialize,0.002945,,,,,,,,,,,,,phase,,,true,,,,,measured,within-stack pilot; no Groth16-versus-PLONK claim,measurement,true,true,ok,"{""proof_bytes"":128.0}",,,,,,
790f63fe-af20-4cf9-9733-2cde2a61c1fc,2026-08-09T02:46:44.247547+00:00,C2-CONTROLLED-SNARK,controlled-groth16-pilot-v1,controlled_kernel,ark-groth16-0.6.0-bn254,5477ab05b549b750fa32dc9a1bc61898f74ebf21,de947ec44a622d90f62e247e4cad4e4a81bb578c8249825f66cc44a0179ee3b2,1647261785460495522,1,94,default,{},64,64,8,16,deserialize,0.172882,,,,,,,,,,,,,phase,,,true,,,,,measured,within-stack pilot; no Groth16-versus-PLONK claim,measurement,true,true,ok,"{""proof_bytes"":128.0}",,,,,,
790f63fe-af20-4cf9-9733-2cde2a61c1fc,2026-08-09T02:46:44.247560+00:00,C2-CONTROLLED-SNARK,controlled-groth16-pilot-v1,controlled_kernel,ark-groth16-0.6.0-bn254,5477ab05b549b750fa32dc9a1bc61898f74ebf21,de947ec44a622d90f62e247e4cad4e4a81bb578c8249825f66cc44a0179ee3b2,1647261785460495522,1,94,default,{},64,64,8,16,verify_core,1.089492,,,,,,,,,,,,,phase,,,true,,,,,measured,within-stack pilot; no Groth16-versus-PLONK claim,measurement,true,true,ok,{},,,,,,
790f63fe-af20-4cf9-9733-2cde2a61c1fc,2026-08-09T02:46:44.247597+00:00,C2-CONTROLLED-SNARK,controlled-groth16-pilot-v1,controlled_kernel,ark-groth16-0.6.0-bn254,5477ab05b549b750fa32dc9a1bc61898f74ebf21,de947ec44a622d90f62e247e4cad4e4a81bb578c8249825f66cc44a0179ee3b2,1647261785460495522,1,94,default,{},64,64,8,16,verify_total,1.262514,,,,,,,,,,,,,phase,,,true,,,,,measured,within-stack pilot; no Groth16-versus-PLONK claim,measurement,true,true,ok,{},,,,,,
790f63fe-af20-4cf9-9733-2cde2a61c1fc,2026-08-09T02:46:44.247624+00:00,C2-CONTROLLED-SNARK,controlled-groth16-pilot-v1,controlled_kernel,ark-groth16-0.6.0-bn254,5477ab05b549b750fa32dc9a1bc61898f74ebf21,de947ec44a622d90f62e247e4cad4e4a81bb578c8249825f66cc44a0179ee3b2,1647261785460495522,1,94,default,{},64,64,8,16,fft_ntt,,,,,,,,,,,,,,phase,,,true,,,ark-groth16 does not expose stable per-run phase hooks,,measured,within-stack pilot; no Groth16-versus-PLONK claim,measurement,true,false,unsupported,{},,,,,,
790f63fe-af20-4cf9-9733-2cde2a61c1fc,2026-08-09T02:46:44.247642+00:00,C2-CONTROLLED-SNARK,controlled-groth16-pilot-v1,controlled_kernel,ark-groth16-0.6.0-bn254,5477ab05b549b750fa32dc9a1bc61898f74ebf21,de947ec44a622d90f62e247e4cad4e4a81bb578c8249825f66cc44a0179ee3b2,1647261785460495522,1,94,default,{},64,64,8,16,msm,,,,,,,,,,,,,,phase,,,true,,,ark-groth16 does not expose stable per-run phase hooks,,measured,within-stack pilot; no Groth16-versus-PLONK claim,measurement,true,false,unsupported,{},,,,,,
790f63fe-af20-4cf9-9733-2cde2a61c1fc,2026-08-09T02:46:44.247656+00:00,C2-CONTROLLED-SNARK,controlled-groth16-pilot-v1,controlled_kernel,ark-groth16-0.6.0-bn254,5477ab05b549b750fa32dc9a1bc61898f74ebf21,de947ec44a622d90f62e247e4cad4e4a81bb578c8249825f66cc44a0179ee3b2,1647261785460495522,1,94,default,{},64,64,8,16,commitment,,,,,,,,,,,,,,phase,,,true,,,ark-groth16 does not expose stable per-run phase hooks,,measured,within-stack pilot; no Groth16-versus-PLONK claim,measurement,true,false,unsupported,{},,,,,,
790f63fe-af20-4cf9-9733-2cde2a61c1fc,2026-08-09T02:46:44.247669+00:00,C2-CONTROLLED-SNARK,controlled-groth16-pilot-v1,controlled_kernel,ark-groth16-0.6.0-bn254,5477ab05b549b750fa32dc9a1bc61898f74ebf21,de947ec44a622d90f62e247e4cad4e4a81bb578c8249825f66cc44a0179ee3b2,1647261785460495522,1,94,default,{},64,64,8,16,key_load,,,,,,,,,,,,,,phase,,,true,,,ark-groth16 does not expose stable per-run phase hooks,,measured,within-stack pilot; no Groth16-versus-PLONK claim,measurement,true,false,unsupported,{},,,,,,
790f63fe-af20-4cf9-9733-2cde2a61c1fc,2026-08-09T02:46:44.247682+00:00,C2-CONTROLLED-SNARK,controlled-groth16-pilot-v1,controlled_kernel,ark-groth16-0.6.0-bn254,5477ab05b549b750fa32dc9a1bc61898f74ebf21,de947ec44a622d90f62e247e4cad4e4a81bb578c8249825f66cc44a0179ee3b2,1647261785460495522,1,94,default,{},64,64,8,16,adapter_process_wall,105.513128,150.000000,5.984375,128,true,0,,595,956,,,,linux-procfs,process,,,true,,,"private commit and per-process swap I/O are unavailable; VmSwap reports allocation, not swap traffic; No documented hardware or OS energy counter is configured in WSL2",,measured,within-stack pilot; no Groth16-versus-PLONK claim,measurement,true,true,ok,{},64,2,64,r1cs_constraints,5.0,20
7b4bddc5-da68-4b8a-b93a-fb9f97b019d8,2026-08-09T02:46:44.391806+00:00,C2-CONTROLLED-SNARK,controlled-groth16-pilot-v1,controlled_kernel,ark-groth16-0.6.0-bn254,5477ab05b549b750fa32dc9a1bc61898f74ebf21,de947ec44a622d90f62e247e4cad4e4a81bb578c8249825f66cc44a0179ee3b2,291532625278676157,2,95,default,{},1024,1024,1,16,native_execution,0.032911,,,,,,,,,,,,,phase,,,true,,,,,measured,within-stack pilot; no Groth16-versus-PLONK claim,measurement,true,true,ok,"{""application_units"":1024.0}",,,,,,
7b4bddc5-da68-4b8a-b93a-fb9f97b019d8,2026-08-09T02:46:44.391869+00:00,C2-CONTROLLED-SNARK,controlled-groth16-pilot-v1,controlled_kernel,ark-groth16-0.6.0-bn254,5477ab05b549b750fa32dc9a1bc61898f74ebf21,de947ec44a622d90f62e247e4cad4e4a81bb578c8249825f66cc44a0179ee3b2,291532625278676157,2,95,default,{},1024,1024,1,16,witness,8.603436,,,,,,,,,,,,,phase,,,true,,,,,measured,within-stack pilot; no Groth16-versus-PLONK claim,measurement,true,true,ok,"{""application_units"":1024.0,""constraint_count"":1024.0}",,,,,,
7b4bddc5-da68-4b8a-b93a-fb9f97b019d8,2026-08-09T02:46:44.391889+00:00,C2-CONTROLLED-SNARK,controlled-groth16-pilot-v1,controlled_kernel,ark-groth16-0.6.0-bn254,5477ab05b549b750fa32dc9a1bc61898f74ebf21,de947ec44a622d90f62e247e4cad4e4a81bb578c8249825f66cc44a0179ee3b2,291532625278676157,2,95,default,{},1024,1024,1,16,setup_or_preprocess,50.887664,,,,,,,,,,,,,phase,,,true,,,,,measured,within-stack pilot; no Groth16-versus-PLONK claim,measurement,true,true,ok,"{""constraint_count"":1024.0}",,,,,,
7b4bddc5-da68-4b8a-b93a-fb9f97b019d8,2026-08-09T02:46:44.391905+00:00,C2-CONTROLLED-SNARK,controlled-groth16-pilot-v1,controlled_kernel,ark-groth16-0.6.0-bn254,5477ab05b549b750fa32dc9a1bc61898f74ebf21,de947ec44a622d90f62e247e4cad4e4a81bb578c8249825f66cc44a0179ee3b2,291532625278676157,2,95,default,{},1024,1024,1,16,prove_total,44.137334,,,,,,,,,,,,,phase,,,true,,,,,measured,within-stack pilot; no Groth16-versus-PLONK claim,measurement,true,true,ok,"{""constraint_count"":1024.0}",,,,,,
7b4bddc5-da68-4b8a-b93a-fb9f97b019d8,2026-08-09T02:46:44.391918+00:00,C2-CONTROLLED-SNARK,controlled-groth16-pilot-v1,controlled_kernel,ark-groth16-0.6.0-bn254,5477ab05b549b750fa32dc9a1bc61898f74ebf21,de947ec44a622d90f62e247e4cad4e4a81bb578c8249825f66cc44a0179ee3b2,291532625278676157,2,95,default,{},1024,1024,1,16,serialize,0.002655,,,,,,,,,,,,,phase,,,true,,,,,measured,within-stack pilot; no Groth16-versus-PLONK claim,measurement,true,true,ok,"{""proof_bytes"":128.0}",,,,,,
7b4bddc5-da68-4b8a-b93a-fb9f97b019d8,2026-08-09T02:46:44.391931+00:00,C2-CONTROLLED-SNARK,controlled-groth16-pilot-v1,controlled_kernel,ark-groth16-0.6.0-bn254,5477ab05b549b750fa32dc9a1bc61898f74ebf21,de947ec44a622d90f62e247e4cad4e4a81bb578c8249825f66cc44a0179ee3b2,291532625278676157,2,95,default,{},1024,1024,1,16,deserialize,0.202086,,,,,,,,,,,,,phase,,,true,,,,,measured,within-stack pilot; no Groth16-versus-PLONK claim,measurement,true,true,ok,"{""proof_bytes"":128.0}",,,,,,
7b4bddc5-da68-4b8a-b93a-fb9f97b019d8,2026-08-09T02:46:44.391944+00:00,C2-CONTROLLED-SNARK,controlled-groth16-pilot-v1,controlled_kernel,ark-groth16-0.6.0-bn254,5477ab05b549b750fa32dc9a1bc61898f74ebf21,de947ec44a622d90f62e247e4cad4e4a81bb578c8249825f66cc44a0179ee3b2,291532625278676157,2,95,default,{},1024,1024,1,16,verify_core,1.157273,,,,,,,,,,,,,phase,,,true,,,,,measured,within-stack pilot; no Groth16-versus-PLONK claim,measurement,true,true,ok,{},,,,,,
7b4bddc5-da68-4b8a-b93a-fb9f97b019d8,2026-08-09T02:46:44.391956+00:00,C2-CONTROLLED-SNARK,controlled-groth16-pilot-v1,controlled_kernel,ark-groth16-0.6.0-bn254,5477ab05b549b750fa32dc9a1bc61898f74ebf21,de947ec44a622d90f62e247e4cad4e4a81bb578c8249825f66cc44a0179ee3b2,291532625278676157,2,95,default,{},1024,1024,1,16,verify_total,1.359479,,,,,,,,,,,,,phase,,,true,,,,,measured,within-stack pilot; no Groth16-versus-PLONK claim,measurement,true,true,ok,{},,,,,,
7b4bddc5-da68-4b8a-b93a-fb9f97b019d8,2026-08-09T02:46:44.391969+00:00,C2-CONTROLLED-SNARK,controlled-groth16-pilot-v1,controlled_kernel,ark-groth16-0.6.0-bn254,5477ab05b549b750fa32dc9a1bc61898f74ebf21,de947ec44a622d90f62e247e4cad4e4a81bb578c8249825f66cc44a0179ee3b2,291532625278676157,2,95,default,{},1024,1024,1,16,fft_ntt,,,,,,,,,,,,,,phase,,,true,,,ark-groth16 does not expose stable per-run phase hooks,,measured,within-stack pilot; no Groth16-versus-PLONK claim,measurement,true,false,unsupported,{},,,,,,
7b4bddc5-da68-4b8a-b93a-fb9f97b019d8,2026-08-09T02:46:44.391982+00:00,C2-CONTROLLED-SNARK,controlled-groth16-pilot-v1,controlled_kernel,ark-groth16-0.6.0-bn254,5477ab05b549b750fa32dc9a1bc61898f74ebf21,de947ec44a622d90f62e247e4cad4e4a81bb578c8249825f66cc44a0179ee3b2,291532625278676157,2,95,default,{},1024,1024,1,16,msm,,,,,,,,,,,,,,phase,,,true,,,ark-groth16 does not expose stable per-run phase hooks,,measured,within-stack pilot; no Groth16-versus-PLONK claim,measurement,true,false,unsupported,{},,,,,,
7b4bddc5-da68-4b8a-b93a-fb9f97b019d8,2026-08-09T02:46:44.391994+00:00,C2-CONTROLLED-SNARK,controlled-groth16-pilot-v1,controlled_kernel,ark-groth16-0.6.0-bn254,5477ab05b549b750fa32dc9a1bc61898f74ebf21,de947ec44a622d90f62e247e4cad4e4a81bb578c8249825f66cc44a0179ee3b2,291532625278676157,2,95,default,{},1024,1024,1,16,commitment,,,,,,,,,,,,,,phase,,,true,,,ark-groth16 does not expose stable per-run phase hooks,,measured,within-stack pilot; no Groth16-versus-PLONK claim,measurement,true,false,unsupported,{},,,,,,
7b4bddc5-da68-4b8a-b93a-fb9f97b019d8,2026-08-09T02:46:44.392006+00:00,C2-CONTROLLED-SNARK,controlled-groth16-pilot-v1,controlled_kernel,ark-groth16-0.6.0-bn254,5477ab05b549b750fa32dc9a1bc61898f74ebf21,de947ec44a622d90f62e247e4cad4e4a81bb578c8249825f66cc44a0179ee3b2,291532625278676157,2,95,default,{},1024,1024,1,16,key_load,,,,,,,,,,,,,,phase,,,true,,,ark-groth16 does not expose stable per-run phase hooks,,measured,within-stack pilot; no Groth16-versus-PLONK claim,measurement,true,false,unsupported,{},,,,,,
7b4bddc5-da68-4b8a-b93a-fb9f97b019d8,2026-08-09T02:46:44.392017+00:00,C2-CONTROLLED-SNARK,controlled-groth16-pilot-v1,controlled_kernel,ark-groth16-0.6.0-bn254,5477ab05b549b750fa32dc9a1bc61898f74ebf21,de947ec44a622d90f62e247e4cad4e4a81bb578c8249825f66cc44a0179ee3b2,291532625278676157,2,95,default,{},1024,1024,1,16,adapter_process_wall,142.677978,90.000000,6.511719,128,true,0,,1084,956,,,,linux-procfs,process,,,true,,,"Linux procfs read failed: [Errno 13] Permission denied: '/proc/4310/io'; private commit and per-process swap I/O are unavailable; VmSwap reports allocation, not swap traffic; No documented hardware or OS energy counter is configured in WSL2",,measured,within-stack pilot; no Groth16-versus-PLONK claim,measurement,true,true,ok,{},1024,2,1024,r1cs_constraints,5.0,26
4f5dced9-b989-4f4f-bcb5-e78e7aa7c7c6,2026-08-09T02:46:44.557504+00:00,C2-CONTROLLED-SNARK,controlled-groth16-pilot-v1,controlled_kernel,ark-groth16-0.6.0-bn254,5477ab05b549b750fa32dc9a1bc61898f74ebf21,de947ec44a622d90f62e247e4cad4e4a81bb578c8249825f66cc44a0179ee3b2,4740619819415943056,1,96,default,{},1024,1024,1,16,native_execution,0.602865,,,,,,,,,,,,,phase,,,true,,,,,measured,within-stack pilot; no Groth16-versus-PLONK claim,measurement,true,true,ok,"{""application_units"":1024.0}",,,,,,
4f5dced9-b989-4f4f-bcb5-e78e7aa7c7c6,2026-08-09T02:46:44.557596+00:00,C2-CONTROLLED-SNARK,controlled-groth16-pilot-v1,controlled_kernel,ark-groth16-0.6.0-bn254,5477ab05b549b750fa32dc9a1bc61898f74ebf21,de947ec44a622d90f62e247e4cad4e4a81bb578c8249825f66cc44a0179ee3b2,4740619819415943056,1,96,default,{},1024,1024,1,16,witness,12.497200,,,,,,,,,,,,,phase,,,true,,,,,measured,within-stack pilot; no Groth16-versus-PLONK claim,measurement,true,true,ok,"{""application_units"":1024.0,""constraint_count"":1024.0}",,,,,,
4f5dced9-b989-4f4f-bcb5-e78e7aa7c7c6,2026-08-09T02:46:44.557616+00:00,C2-CONTROLLED-SNARK,controlled-groth16-pilot-v1,controlled_kernel,ark-groth16-0.6.0-bn254,5477ab05b549b750fa32dc9a1bc61898f74ebf21,de947ec44a622d90f62e247e4cad4e4a81bb578c8249825f66cc44a0179ee3b2,4740619819415943056,1,96,default,{},1024,1024,1,16,setup_or_preprocess,54.357476,,,,,,,,,,,,,phase,,,true,,,,,measured,within-stack pilot; no Groth16-versus-PLONK claim,measurement,true,true,ok,"{""constraint_count"":1024.0}",,,,,,
4f5dced9-b989-4f4f-bcb5-e78e7aa7c7c6,2026-08-09T02:46:44.557632+00:00,C2-CONTROLLED-SNARK,controlled-groth16-pilot-v1,controlled_kernel,ark-groth16-0.6.0-bn254,5477ab05b549b750fa32dc9a1bc61898f74ebf21,de947ec44a622d90f62e247e4cad4e4a81bb578c8249825f66cc44a0179ee3b2,4740619819415943056,1,96,default,{},1024,1024,1,16,prove_total,47.316670,,,,,,,,,,,,,phase,,,true,,,,,measured,within-stack pilot; no Groth16-versus-PLONK claim,measurement,true,true,ok,"{""constraint_count"":1024.0}",,,,,,
4f5dced9-b989-4f4f-bcb5-e78e7aa7c7c6,2026-08-09T02:46:44.557645+00:00,C2-CONTROLLED-SNARK,controlled-groth16-pilot-v1,controlled_kernel,ark-groth16-0.6.0-bn254,5477ab05b549b750fa32dc9a1bc61898f74ebf21,de947ec44a622d90f62e247e4cad4e4a81bb578c8249825f66cc44a0179ee3b2,4740619819415943056,1,96,default,{},1024,1024,1,16,serialize,0.002735,,,,,,,,,,,,,phase,,,true,,,,,measured,within-stack pilot; no Groth16-versus-PLONK claim,measurement,true,true,ok,"{""proof_bytes"":128.0}",,,,,,
4f5dced9-b989-4f4f-bcb5-e78e7aa7c7c6,2026-08-09T02:46:44.557658+00:00,C2-CONTROLLED-SNARK,controlled-groth16-pilot-v1,controlled_kernel,ark-groth16-0.6.0-bn254,5477ab05b549b750fa32dc9a1bc61898f74ebf21,de947ec44a622d90f62e247e4cad4e4a81bb578c8249825f66cc44a0179ee3b2,4740619819415943056,1,96,default,{},1024,1024,1,16,deserialize,0.165377,,,,,,,,,,,,,phase,,,true,,,,,measured,within-stack pilot; no Groth16-versus-PLONK claim,measurement,true,true,ok,"{""proof_bytes"":128.0}",,,,,,
4f5dced9-b989-4f4f-bcb5-e78e7aa7c7c6,2026-08-09T02:46:44.557671+00:00,C2-CONTROLLED-SNARK,controlled-groth16-pilot-v1,controlled_kernel,ark-groth16-0.6.0-bn254,5477ab05b549b750fa32dc9a1bc61898f74ebf21,de947ec44a622d90f62e247e4cad4e4a81bb578c8249825f66cc44a0179ee3b2,4740619819415943056,1,96,default,{},1024,1024,1,16,verify_core,1.011622,,,,,,,,,,,,,phase,,,true,,,,,measured,within-stack pilot; no Groth16-versus-PLONK claim,measurement,true,true,ok,{},,,,,,
4f5dced9-b989-4f4f-bcb5-e78e7aa7c7c6,2026-08-09T02:46:44.557683+00:00,C2-CONTROLLED-SNARK,controlled-groth16-pilot-v1,controlled_kernel,ark-groth16-0.6.0-bn254,5477ab05b549b750fa32dc9a1bc61898f74ebf21,de947ec44a622d90f62e247e4cad4e4a81bb578c8249825f66cc44a0179ee3b2,4740619819415943056,1,96,default,{},1024,1024,1,16,verify_total,1.177400,,,,,,,,,,,,,phase,,,true,,,,,measured,within-stack pilot; no Groth16-versus-PLONK claim,measurement,true,true,ok,{},,,,,,
4f5dced9-b989-4f4f-bcb5-e78e7aa7c7c6,2026-08-09T02:46:44.557741+00:00,C2-CONTROLLED-SNARK,controlled-groth16-pilot-v1,controlled_kernel,ark-groth16-0.6.0-bn254,5477ab05b549b750fa32dc9a1bc61898f74ebf21,de947ec44a622d90f62e247e4cad4e4a81bb578c8249825f66cc44a0179ee3b2,4740619819415943056,1,96,default,{},1024,1024,1,16,fft_ntt,,,,,,,,,,,,,,phase,,,true,,,ark-groth16 does not expose stable per-run phase hooks,,measured,within-stack pilot; no Groth16-versus-PLONK claim,measurement,true,false,unsupported,{},,,,,,
4f5dced9-b989-4f4f-bcb5-e78e7aa7c7c6,2026-08-09T02:46:44.557793+00:00,C2-CONTROLLED-SNARK,controlled-groth16-pilot-v1,controlled_kernel,ark-groth16-0.6.0-bn254,5477ab05b549b750fa32dc9a1bc61898f74ebf21,de947ec44a622d90f62e247e4cad4e4a81bb578c8249825f66cc44a0179ee3b2,4740619819415943056,1,96,default,{},1024,1024,1,16,msm,,,,,,,,,,,,,,phase,,,true,,,ark-groth16 does not expose stable per-run phase hooks,,measured,within-stack pilot; no Groth16-versus-PLONK claim,measurement,true,false,unsupported,{},,,,,,
4f5dced9-b989-4f4f-bcb5-e78e7aa7c7c6,2026-08-09T02:46:44.557815+00:00,C2-CONTROLLED-SNARK,controlled-groth16-pilot-v1,controlled_kernel,ark-groth16-0.6.0-bn254,5477ab05b549b750fa32dc9a1bc61898f74ebf21,de947ec44a622d90f62e247e4cad4e4a81bb578c8249825f66cc44a0179ee3b2,4740619819415943056,1,96,default,{},1024,1024,1,16,commitment,,,,,,,,,,,,,,phase,,,true,,,ark-groth16 does not expose stable per-run phase hooks,,measured,within-stack pilot; no Groth16-versus-PLONK claim,measurement,true,false,unsupported,{},,,,,,
4f5dced9-b989-4f4f-bcb5-e78e7aa7c7c6,2026-08-09T02:46:44.557830+00:00,C2-CONTROLLED-SNARK,controlled-groth16-pilot-v1,controlled_kernel,ark-groth16-0.6.0-bn254,5477ab05b549b750fa32dc9a1bc61898f74ebf21,de947ec44a622d90f62e247e4cad4e4a81bb578c8249825f66cc44a0179ee3b2,4740619819415943056,1,96,default,{},1024,1024,1,16,key_load,,,,,,,,,,,,,,phase,,,true,,,ark-groth16 does not expose stable per-run phase hooks,,measured,within-stack pilot; no Groth16-versus-PLONK claim,measurement,true,false,unsupported,{},,,,,,
4f5dced9-b989-4f4f-bcb5-e78e7aa7c7c6,2026-08-09T02:46:44.557844+00:00,C2-CONTROLLED-SNARK,controlled-groth16-pilot-v1,controlled_kernel,ark-groth16-0.6.0-bn254,5477ab05b549b750fa32dc9a1bc61898f74ebf21,de947ec44a622d90f62e247e4cad4e4a81bb578c8249825f66cc44a0179ee3b2,4740619819415943056,1,96,default,{},1024,1024,1,16,adapter_process_wall,164.684744,100.000000,6.429688,128,true,0,,1127,956,,,,linux-procfs,process,,,true,,,"Linux procfs read failed: [Errno 13] Permission denied: '/proc/4318/io'; private commit and per-process swap I/O are unavailable; VmSwap reports allocation, not swap traffic; No documented hardware or OS energy counter is configured in WSL2",,measured,within-stack pilot; no Groth16-versus-PLONK claim,measurement,true,true,ok,{},1024,2,1024,r1cs_constraints,5.0,30
defa9d40-5695-4b83-a25f-47f4608f0b35,2026-08-09T02:46:45.039679+00:00,C2-CONTROLLED-SNARK,controlled-groth16-pilot-v1,controlled_kernel,ark-groth16-0.6.0-bn254,5477ab05b549b750fa32dc9a1bc61898f74ebf21,de947ec44a622d90f62e247e4cad4e4a81bb578c8249825f66cc44a0179ee3b2,4850382823425469821,1,97,default,{},4096,4096,4,16,native_execution,0.907399,,,,,,,,,,,,,phase,,,true,,,,,measured,within-stack pilot; no Groth16-versus-PLONK claim,measurement,true,true,ok,"{""application_units"":4096.0}",,,,,,
defa9d40-5695-4b83-a25f-47f4608f0b35,2026-08-09T02:46:45.039749+00:00,C2-CONTROLLED-SNARK,controlled-groth16-pilot-v1,controlled_kernel,ark-groth16-0.6.0-bn254,5477ab05b549b750fa32dc9a1bc61898f74ebf21,de947ec44a622d90f62e247e4cad4e4a81bb578c8249825f66cc44a0179ee3b2,4850382823425469821,1,97,default,{},4096,4096,4,16,witness,292.675285,,,,,,,,,,,,,phase,,,true,,,,,measured,within-stack pilot; no Groth16-versus-PLONK claim,measurement,true,true,ok,"{""application_units"":4096.0,""constraint_count"":4096.0}",,,,,,
defa9d40-5695-4b83-a25f-47f4608f0b35,2026-08-09T02:46:45.039774+00:00,C2-CONTROLLED-SNARK,controlled-groth16-pilot-v1,controlled_kernel,ark-groth16-0.6.0-bn254,5477ab05b549b750fa32dc9a1bc61898f74ebf21,de947ec44a622d90f62e247e4cad4e4a81bb578c8249825f66cc44a0179ee3b2,4850382823425469821,1,97,default,{},4096,4096,4,16,setup_or_preprocess,55.264271,,,,,,,,,,,,,phase,,,true,,,,,measured,within-stack pilot; no Groth16-versus-PLONK claim,measurement,true,true,ok,"{""constraint_count"":4096.0}",,,,,,
defa9d40-5695-4b83-a25f-47f4608f0b35,2026-08-09T02:46:45.039790+00:00,C2-CONTROLLED-SNARK,controlled-groth16-pilot-v1,controlled_kernel,ark-groth16-0.6.0-bn254,5477ab05b549b750fa32dc9a1bc61898f74ebf21,de947ec44a622d90f62e247e4cad4e4a81bb578c8249825f66cc44a0179ee3b2,4850382823425469821,1,97,default,{},4096,4096,4,16,prove_total,81.390237,,,,,,,,,,,,,phase,,,true,,,,,measured,within-stack pilot; no Groth16-versus-PLONK claim,measurement,true,true,ok,"{""constraint_count"":4096.0}",,,,,,
defa9d40-5695-4b83-a25f-47f4608f0b35,2026-08-09T02:46:45.039804+00:00,C2-CONTROLLED-SNARK,controlled-groth16-pilot-v1,controlled_kernel,ark-groth16-0.6.0-bn254,5477ab05b549b750fa32dc9a1bc61898f74ebf21,de947ec44a622d90f62e247e4cad4e4a81bb578c8249825f66cc44a0179ee3b2,4850382823425469821,1,97,default,{},4096,4096,4,16,serialize,0.002254,,,,,,,,,,,,,phase,,,true,,,,,measured,within-stack pilot; no Groth16-versus-PLONK claim,measurement,true,true,ok,"{""proof_bytes"":128.0}",,,,,,
defa9d40-5695-4b83-a25f-47f4608f0b35,2026-08-09T02:46:45.039817+00:00,C2-CONTROLLED-SNARK,controlled-groth16-pilot-v1,controlled_kernel,ark-groth16-0.6.0-bn254,5477ab05b549b750fa32dc9a1bc61898f74ebf21,de947ec44a622d90f62e247e4cad4e4a81bb578c8249825f66cc44a0179ee3b2,4850382823425469821,1,97,default,{},4096,4096,4,16,deserialize,0.161351,,,,,,,,,,,,,phase,,,true,,,,,measured,within-stack pilot; no Groth16-versus-PLONK claim,measurement,true,true,ok,"{""proof_bytes"":128.0}",,,,,,
defa9d40-5695-4b83-a25f-47f4608f0b35,2026-08-09T02:46:45.039829+00:00,C2-CONTROLLED-SNARK,controlled-groth16-pilot-v1,controlled_kernel,ark-groth16-0.6.0-bn254,5477ab05b549b750fa32dc9a1bc61898f74ebf21,de947ec44a622d90f62e247e4cad4e4a81bb578c8249825f66cc44a0179ee3b2,4850382823425469821,1,97,default,{},4096,4096,4,16,verify_core,1.057109,,,,,,,,,,,,,phase,,,true,,,,,measured,within-stack pilot; no Groth16-versus-PLONK claim,measurement,true,true,ok,{},,,,,,
defa9d40-5695-4b83-a25f-47f4608f0b35,2026-08-09T02:46:45.039841+00:00,C2-CONTROLLED-SNARK,controlled-groth16-pilot-v1,controlled_kernel,ark-groth16-0.6.0-bn254,5477ab05b549b750fa32dc9a1bc61898f74ebf21,de947ec44a622d90f62e247e4cad4e4a81bb578c8249825f66cc44a0179ee3b2,4850382823425469821,1,97,default,{},4096,4096,4,16,verify_total,1.218580,,,,,,,,,,,,,phase,,,true,,,,,measured,within-stack pilot; no Groth16-versus-PLONK claim,measurement,true,true,ok,{},,,,,,
defa9d40-5695-4b83-a25f-47f4608f0b35,2026-08-09T02:46:45.039854+00:00,C2-CONTROLLED-SNARK,controlled-groth16-pilot-v1,controlled_kernel,ark-groth16-0.6.0-bn254,5477ab05b549b750fa32dc9a1bc61898f74ebf21,de947ec44a622d90f62e247e4cad4e4a81bb578c8249825f66cc44a0179ee3b2,4850382823425469821,1,97,default,{},4096,4096,4,16,fft_ntt,,,,,,,,,,,,,,phase,,,true,,,ark-groth16 does not expose stable per-run phase hooks,,measured,within-stack pilot; no Groth16-versus-PLONK claim,measurement,true,false,unsupported,{},,,,,,
defa9d40-5695-4b83-a25f-47f4608f0b35,2026-08-09T02:46:45.039867+00:00,C2-CONTROLLED-SNARK,controlled-groth16-pilot-v1,controlled_kernel,ark-groth16-0.6.0-bn254,5477ab05b549b750fa32dc9a1bc61898f74ebf21,de947ec44a622d90f62e247e4cad4e4a81bb578c8249825f66cc44a0179ee3b2,4850382823425469821,1,97,default,{},4096,4096,4,16,msm,,,,,,,,,,,,,,phase,,,true,,,ark-groth16 does not expose stable per-run phase hooks,,measured,within-stack pilot; no Groth16-versus-PLONK claim,measurement,true,false,unsupported,{},,,,,,
defa9d40-5695-4b83-a25f-47f4608f0b35,2026-08-09T02:46:45.039879+00:00,C2-CONTROLLED-SNARK,controlled-groth16-pilot-v1,controlled_kernel,ark-groth16-0.6.0-bn254,5477ab05b549b750fa32dc9a1bc61898f74ebf21,de947ec44a622d90f62e247e4cad4e4a81bb578c8249825f66cc44a0179ee3b2,4850382823425469821,1,97,default,{},4096,4096,4,16,commitment,,,,,,,,,,,,,,phase,,,true,,,ark-groth16 does not expose stable per-run phase hooks,,measured,within-stack pilot; no Groth16-versus-PLONK claim,measurement,true,false,unsupported,{},,,,,,
defa9d40-5695-4b83-a25f-47f4608f0b35,2026-08-09T02:46:45.039890+00:00,C2-CONTROLLED-SNARK,controlled-groth16-pilot-v1,controlled_kernel,ark-groth16-0.6.0-bn254,5477ab05b549b750fa32dc9a1bc61898f74ebf21,de947ec44a622d90f62e247e4cad4e4a81bb578c8249825f66cc44a0179ee3b2,4850382823425469821,1,97,default,{},4096,4096,4,16,key_load,,,,,,,,,,,,,,phase,,,true,,,ark-groth16 does not expose stable per-run phase hooks,,measured,within-stack pilot; no Groth16-versus-PLONK claim,measurement,true,false,unsupported,{},,,,,,
defa9d40-5695-4b83-a25f-47f4608f0b35,2026-08-09T02:46:45.039947+00:00,C2-CONTROLLED-SNARK,controlled-groth16-pilot-v1,controlled_kernel,ark-groth16-0.6.0-bn254,5477ab05b549b750fa32dc9a1bc61898f74ebf21,de947ec44a622d90f62e247e4cad4e4a81bb578c8249825f66cc44a0179ee3b2,4850382823425469821,1,97,default,{},4096,4096,4,16,adapter_process_wall,480.990867,1110.000000,15.117188,128,true,0,,4074,956,,,,linux-procfs,process,,,true,,,"Linux procfs read failed: [Errno 13] Permission denied: '/proc/4326/io'; private commit and per-process swap I/O are unavailable; VmSwap reports allocation, not swap traffic; No documented hardware or OS energy counter is configured in WSL2",,measured,within-stack pilot; no Groth16-versus-PLONK claim,measurement,true,true,ok,{},4096,2,4096,r1cs_constraints,5.0,89
1bcd52f7-3c02-4a94-a680-07c7e25800c1,2026-08-09T02:46:45.219190+00:00,C2-CONTROLLED-SNARK,controlled-groth16-pilot-v1,controlled_kernel,ark-groth16-0.6.0-bn254,5477ab05b549b750fa32dc9a1bc61898f74ebf21,de947ec44a622d90f62e247e4cad4e4a81bb578c8249825f66cc44a0179ee3b2,8793007034461658459,2,98,default,{},256,256,16,16,native_execution,0.687800,,,,,,,,,,,,,phase,,,true,,,,,measured,within-stack pilot; no Groth16-versus-PLONK claim,measurement,true,true,ok,"{""application_units"":256.0}",,,,,,
1bcd52f7-3c02-4a94-a680-07c7e25800c1,2026-08-09T02:46:45.219296+00:00,C2-CONTROLLED-SNARK,controlled-groth16-pilot-v1,controlled_kernel,ark-groth16-0.6.0-bn254,5477ab05b549b750fa32dc9a1bc61898f74ebf21,de947ec44a622d90f62e247e4cad4e4a81bb578c8249825f66cc44a0179ee3b2,8793007034461658459,2,98,default,{},256,256,16,16,witness,43.180970,,,,,,,,,,,,,phase,,,true,,,,,measured,within-stack pilot; no Groth16-versus-PLONK claim,measurement,true,true,ok,"{""application_units"":256.0,""constraint_count"":256.0}",,,,,,
1bcd52f7-3c02-4a94-a680-07c7e25800c1,2026-08-09T02:46:45.219317+00:00,C2-CONTROLLED-SNARK,controlled-groth16-pilot-v1,controlled_kernel,ark-groth16-0.6.0-bn254,5477ab05b549b750fa32dc9a1bc61898f74ebf21,de947ec44a622d90f62e247e4cad4e4a81bb578c8249825f66cc44a0179ee3b2,8793007034461658459,2,98,default,{},256,256,16,16,setup_or_preprocess,35.413524,,,,,,,,,,,,,phase,,,true,,,,,measured,within-stack pilot; no Groth16-versus-PLONK claim,measurement,true,true,ok,"{""constraint_count"":256.0}",,,,,,
1bcd52f7-3c02-4a94-a680-07c7e25800c1,2026-08-09T02:46:45.219334+00:00,C2-CONTROLLED-SNARK,controlled-groth16-pilot-v1,controlled_kernel,ark-groth16-0.6.0-bn254,5477ab05b549b750fa32dc9a1bc61898f74ebf21,de947ec44a622d90f62e247e4cad4e4a81bb578c8249825f66cc44a0179ee3b2,8793007034461658459,2,98,default,{},256,256,16,16,prove_total,47.337746,,,,,,,,,,,,,phase,,,true,,,,,measured,within-stack pilot; no Groth16-versus-PLONK claim,measurement,true,true,ok,"{""constraint_count"":256.0}",,,,,,
1bcd52f7-3c02-4a94-a680-07c7e25800c1,2026-08-09T02:46:45.219348+00:00,C2-CONTROLLED-SNARK,controlled-groth16-pilot-v1,controlled_kernel,ark-groth16-0.6.0-bn254,5477ab05b549b750fa32dc9a1bc61898f74ebf21,de947ec44a622d90f62e247e4cad4e4a81bb578c8249825f66cc44a0179ee3b2,8793007034461658459,2,98,default,{},256,256,16,16,serialize,0.012974,,,,,,,,,,,,,phase,,,true,,,,,measured,within-stack pilot; no Groth16-versus-PLONK claim,measurement,true,true,ok,"{""proof_bytes"":128.0}",,,,,,
1bcd52f7-3c02-4a94-a680-07c7e25800c1,2026-08-09T02:46:45.219362+00:00,C2-CONTROLLED-SNARK,controlled-groth16-pilot-v1,controlled_kernel,ark-groth16-0.6.0-bn254,5477ab05b549b750fa32dc9a1bc61898f74ebf21,de947ec44a622d90f62e247e4cad4e4a81bb578c8249825f66cc44a0179ee3b2,8793007034461658459,2,98,default,{},256,256,16,16,deserialize,0.170307,,,,,,,,,,,,,phase,,,true,,,,,measured,within-stack pilot; no Groth16-versus-PLONK claim,measurement,true,true,ok,"{""proof_bytes"":128.0}",,,,,,
1bcd52f7-3c02-4a94-a680-07c7e25800c1,2026-08-09T02:46:45.219375+00:00,C2-CONTROLLED-SNARK,controlled-groth16-pilot-v1,controlled_kernel,ark-groth16-0.6.0-bn254,5477ab05b549b750fa32dc9a1bc61898f74ebf21,de947ec44a622d90f62e247e4cad4e4a81bb578c8249825f66cc44a0179ee3b2,8793007034461658459,2,98,default,{},256,256,16,16,verify_core,1.047830,,,,,,,,,,,,,phase,,,true,,,,,measured,within-stack pilot; no Groth16-versus-PLONK claim,measurement,true,true,ok,{},,,,,,
1bcd52f7-3c02-4a94-a680-07c7e25800c1,2026-08-09T02:46:45.219389+00:00,C2-CONTROLLED-SNARK,controlled-groth16-pilot-v1,controlled_kernel,ark-groth16-0.6.0-bn254,5477ab05b549b750fa32dc9a1bc61898f74ebf21,de947ec44a622d90f62e247e4cad4e4a81bb578c8249825f66cc44a0179ee3b2,8793007034461658459,2,98,default,{},256,256,16,16,verify_total,1.218537,,,,,,,,,,,,,phase,,,true,,,,,measured,within-stack pilot; no Groth16-versus-PLONK claim,measurement,true,true,ok,{},,,,,,
1bcd52f7-3c02-4a94-a680-07c7e25800c1,2026-08-09T02:46:45.219402+00:00,C2-CONTROLLED-SNARK,controlled-groth16-pilot-v1,controlled_kernel,ark-groth16-0.6.0-bn254,5477ab05b549b750fa32dc9a1bc61898f74ebf21,de947ec44a622d90f62e247e4cad4e4a81bb578c8249825f66cc44a0179ee3b2,8793007034461658459,2,98,default,{},256,256,16,16,fft_ntt,,,,,,,,,,,,,,phase,,,true,,,ark-groth16 does not expose stable per-run phase hooks,,measured,within-stack pilot; no Groth16-versus-PLONK claim,measurement,true,false,unsupported,{},,,,,,
1bcd52f7-3c02-4a94-a680-07c7e25800c1,2026-08-09T02:46:45.219444+00:00,C2-CONTROLLED-SNARK,controlled-groth16-pilot-v1,controlled_kernel,ark-groth16-0.6.0-bn254,5477ab05b549b750fa32dc9a1bc61898f74ebf21,de947ec44a622d90f62e247e4cad4e4a81bb578c8249825f66cc44a0179ee3b2,8793007034461658459,2,98,default,{},256,256,16,16,msm,,,,,,,,,,,,,,phase,,,true,,,ark-groth16 does not expose stable per-run phase hooks,,measured,within-stack pilot; no Groth16-versus-PLONK claim,measurement,true,false,unsupported,{},,,,,,
1bcd52f7-3c02-4a94-a680-07c7e25800c1,2026-08-09T02:46:45.219467+00:00,C2-CONTROLLED-SNARK,controlled-groth16-pilot-v1,controlled_kernel,ark-groth16-0.6.0-bn254,5477ab05b549b750fa32dc9a1bc61898f74ebf21,de947ec44a622d90f62e247e4cad4e4a81bb578c8249825f66cc44a0179ee3b2,8793007034461658459,2,98,default,{},256,256,16,16,commitment,,,,,,,,,,,,,,phase,,,true,,,ark-groth16 does not expose stable per-run phase hooks,,measured,within-stack pilot; no Groth16-versus-PLONK claim,measurement,true,false,unsupported,{},,,,,,
1bcd52f7-3c02-4a94-a680-07c7e25800c1,2026-08-09T02:46:45.219482+00:00,C2-CONTROLLED-SNARK,controlled-groth16-pilot-v1,controlled_kernel,ark-groth16-0.6.0-bn254,5477ab05b549b750fa32dc9a1bc61898f74ebf21,de947ec44a622d90f62e247e4cad4e4a81bb578c8249825f66cc44a0179ee3b2,8793007034461658459,2,98,default,{},256,256,16,16,key_load,,,,,,,,,,,,,,phase,,,true,,,ark-groth16 does not expose stable per-run phase hooks,,measured,within-stack pilot; no Groth16-versus-PLONK claim,measurement,true,false,unsupported,{},,,,,,
1bcd52f7-3c02-4a94-a680-07c7e25800c1,2026-08-09T02:46:45.219500+00:00,C2-CONTROLLED-SNARK,controlled-groth16-pilot-v1,controlled_kernel,ark-groth16-0.6.0-bn254,5477ab05b549b750fa32dc9a1bc61898f74ebf21,de947ec44a622d90f62e247e4cad4e4a81bb578c8249825f66cc44a0179ee3b2,8793007034461658459,2,98,default,{},256,256,16,16,adapter_process_wall,178.364340,510.000000,7.285156,128,true,0,,990,956,,,,linux-procfs,process,,,true,,,"private commit and per-process swap I/O are unavailable; VmSwap reports allocation, not swap traffic; No documented hardware or OS energy counter is configured in WSL2",,measured,within-stack pilot; no Groth16-versus-PLONK claim,measurement,true,true,ok,{},256,2,256,r1cs_constraints,5.0,33
ff1bbd2a-ccfc-471c-be90-41e9894ad6f3,2026-08-09T02:46:45.542890+00:00,C2-CONTROLLED-SNARK,controlled-groth16-pilot-v1,controlled_kernel,ark-groth16-0.6.0-bn254,5477ab05b549b750fa32dc9a1bc61898f74ebf21,de947ec44a622d90f62e247e4cad4e4a81bb578c8249825f66cc44a0179ee3b2,7084745416332104138,0,99,default,{},1024,1024,8,16,native_execution,0.669587,,,,,,,,,,,,,phase,,,true,wrong_public_input,,,,measured,within-stack pilot; no Groth16-versus-PLONK claim,measurement,true,true,ok,"{""application_units"":1024.0}",,,,,,
ff1bbd2a-ccfc-471c-be90-41e9894ad6f3,2026-08-09T02:46:45.542963+00:00,C2-CONTROLLED-SNARK,controlled-groth16-pilot-v1,controlled_kernel,ark-groth16-0.6.0-bn254,5477ab05b549b750fa32dc9a1bc61898f74ebf21,de947ec44a622d90f62e247e4cad4e4a81bb578c8249825f66cc44a0179ee3b2,7084745416332104138,0,99,default,{},1024,1024,8,16,witness,178.916873,,,,,,,,,,,,,phase,,,true,wrong_public_input,,,,measured,within-stack pilot; no Groth16-versus-PLONK claim,measurement,true,true,ok,"{""application_units"":1024.0,""constraint_count"":1024.0}",,,,,,
ff1bbd2a-ccfc-471c-be90-41e9894ad6f3,2026-08-09T02:46:45.542990+00:00,C2-CONTROLLED-SNARK,controlled-groth16-pilot-v1,controlled_kernel,ark-groth16-0.6.0-bn254,5477ab05b549b750fa32dc9a1bc61898f74ebf21,de947ec44a622d90f62e247e4cad4e4a81bb578c8249825f66cc44a0179ee3b2,7084745416332104138,0,99,default,{},1024,1024,8,16,setup_or_preprocess,25.088524,,,,,,,,,,,,,phase,,,true,wrong_public_input,,,,measured,within-stack pilot; no Groth16-versus-PLONK claim,measurement,true,true,ok,"{""constraint_count"":1024.0}",,,,,,
ff1bbd2a-ccfc-471c-be90-41e9894ad6f3,2026-08-09T02:46:45.543010+00:00,C2-CONTROLLED-SNARK,controlled-groth16-pilot-v1,controlled_kernel,ark-groth16-0.6.0-bn254,5477ab05b549b750fa32dc9a1bc61898f74ebf21,de947ec44a622d90f62e247e4cad4e4a81bb578c8249825f66cc44a0179ee3b2,7084745416332104138,0,99,default,{},1024,1024,8,16,prove_total,65.939870,,,,,,,,,,,,,phase,,,true,wrong_public_input,,,,measured,within-stack pilot; no Groth16-versus-PLONK claim,measurement,true,true,ok,"{""constraint_count"":1024.0}",,,,,,
ff1bbd2a-ccfc-471c-be90-41e9894ad6f3,2026-08-09T02:46:45.543027+00:00,C2-CONTROLLED-SNARK,controlled-groth16-pilot-v1,controlled_kernel,ark-groth16-0.6.0-bn254,5477ab05b549b750fa32dc9a1bc61898f74ebf21,de947ec44a622d90f62e247e4cad4e4a81bb578c8249825f66cc44a0179ee3b2,7084745416332104138,0,99,default,{},1024,1024,8,16,serialize,0.002094,,,,,,,,,,,,,phase,,,true,wrong_public_input,,,,measured,within-stack pilot; no Groth16-versus-PLONK claim,measurement,true,true,ok,"{""proof_bytes"":128.0}",,,,,,
ff1bbd2a-ccfc-471c-be90-41e9894ad6f3,2026-08-09T02:46:45.543044+00:00,C2-CONTROLLED-SNARK,controlled-groth16-pilot-v1,controlled_kernel,ark-groth16-0.6.0-bn254,5477ab05b549b750fa32dc9a1bc61898f74ebf21,de947ec44a622d90f62e247e4cad4e4a81bb578c8249825f66cc44a0179ee3b2,7084745416332104138,0,99,default,{},1024,1024,8,16,deserialize,0.169736,,,,,,,,,,,,,phase,,,true,wrong_public_input,,,,measured,within-stack pilot; no Groth16-versus-PLONK claim,measurement,true,true,ok,"{""proof_bytes"":128.0}",,,,,,
ff1bbd2a-ccfc-471c-be90-41e9894ad6f3,2026-08-09T02:46:45.543062+00:00,C2-CONTROLLED-SNARK,controlled-groth16-pilot-v1,controlled_kernel,ark-groth16-0.6.0-bn254,5477ab05b549b750fa32dc9a1bc61898f74ebf21,de947ec44a622d90f62e247e4cad4e4a81bb578c8249825f66cc44a0179ee3b2,7084745416332104138,0,99,default,{},1024,1024,8,16,verify_core,1.044193,,,,,,,,,,,,,phase,,,true,wrong_public_input,1.044193,,,measured,within-stack pilot; no Groth16-versus-PLONK claim,measurement,true,true,ok,{},,,,,,
ff1bbd2a-ccfc-471c-be90-41e9894ad6f3,2026-08-09T02:46:45.543078+00:00,C2-CONTROLLED-SNARK,controlled-groth16-pilot-v1,controlled_kernel,ark-groth16-0.6.0-bn254,5477ab05b549b750fa32dc9a1bc61898f74ebf21,de947ec44a622d90f62e247e4cad4e4a81bb578c8249825f66cc44a0179ee3b2,7084745416332104138,0,99,default,{},1024,1024,8,16,invalid_reject,1.044193,,,,,,,,,,,,,phase,,,true,wrong_public_input,,,,measured,within-stack pilot; no Groth16-versus-PLONK claim,measurement,true,true,ok,{},,,,,,
ff1bbd2a-ccfc-471c-be90-41e9894ad6f3,2026-08-09T02:46:45.543094+00:00,C2-CONTROLLED-SNARK,controlled-groth16-pilot-v1,controlled_kernel,ark-groth16-0.6.0-bn254,5477ab05b549b750fa32dc9a1bc61898f74ebf21,de947ec44a622d90f62e247e4cad4e4a81bb578c8249825f66cc44a0179ee3b2,7084745416332104138,0,99,default,{},1024,1024,8,16,verify_total,1.214149,,,,,,,,,,,,,phase,,,true,wrong_public_input,,,,measured,within-stack pilot; no Groth16-versus-PLONK claim,measurement,true,true,ok,{},,,,,,
ff1bbd2a-ccfc-471c-be90-41e9894ad6f3,2026-08-09T02:46:45.543109+00:00,C2-CONTROLLED-SNARK,controlled-groth16-pilot-v1,controlled_kernel,ark-groth16-0.6.0-bn254,5477ab05b549b750fa32dc9a1bc61898f74ebf21,de947ec44a622d90f62e247e4cad4e4a81bb578c8249825f66cc44a0179ee3b2,7084745416332104138,0,99,default,{},1024,1024,8,16,fft_ntt,,,,,,,,,,,,,,phase,,,true,wrong_public_input,,ark-groth16 does not expose stable per-run phase hooks,,measured,within-stack pilot; no Groth16-versus-PLONK claim,measurement,true,false,unsupported,{},,,,,,
ff1bbd2a-ccfc-471c-be90-41e9894ad6f3,2026-08-09T02:46:45.543125+00:00,C2-CONTROLLED-SNARK,controlled-groth16-pilot-v1,controlled_kernel,ark-groth16-0.6.0-bn254,5477ab05b549b750fa32dc9a1bc61898f74ebf21,de947ec44a622d90f62e247e4cad4e4a81bb578c8249825f66cc44a0179ee3b2,7084745416332104138,0,99,default,{},1024,1024,8,16,msm,,,,,,,,,,,,,,phase,,,true,wrong_public_input,,ark-groth16 does not expose stable per-run phase hooks,,measured,within-stack pilot; no Groth16-versus-PLONK claim,measurement,true,false,unsupported,{},,,,,,
ff1bbd2a-ccfc-471c-be90-41e9894ad6f3,2026-08-09T02:46:45.543140+00:00,C2-CONTROLLED-SNARK,controlled-groth16-pilot-v1,controlled_kernel,ark-groth16-0.6.0-bn254,5477ab05b549b750fa32dc9a1bc61898f74ebf21,de947ec44a622d90f62e247e4cad4e4a81bb578c8249825f66cc44a0179ee3b2,7084745416332104138,0,99,default,{},1024,1024,8,16,commitment,,,,,,,,,,,,,,phase,,,true,wrong_public_input,,ark-groth16 does not expose stable per-run phase hooks,,measured,within-stack pilot; no Groth16-versus-PLONK claim,measurement,true,false,unsupported,{},,,,,,
ff1bbd2a-ccfc-471c-be90-41e9894ad6f3,2026-08-09T02:46:45.543155+00:00,C2-CONTROLLED-SNARK,controlled-groth16-pilot-v1,controlled_kernel,ark-groth16-0.6.0-bn254,5477ab05b549b750fa32dc9a1bc61898f74ebf21,de947ec44a622d90f62e247e4cad4e4a81bb578c8249825f66cc44a0179ee3b2,7084745416332104138,0,99,default,{},1024,1024,8,16,key_load,,,,,,,,,,,,,,phase,,,true,wrong_public_input,,ark-groth16 does not expose stable per-run phase hooks,,measured,within-stack pilot; no Groth16-versus-PLONK claim,measurement,true,false,unsupported,{},,,,,,
ff1bbd2a-ccfc-471c-be90-41e9894ad6f3,2026-08-09T02:46:45.543170+00:00,C2-CONTROLLED-SNARK,controlled-groth16-pilot-v1,controlled_kernel,ark-groth16-0.6.0-bn254,5477ab05b549b750fa32dc9a1bc61898f74ebf21,de947ec44a622d90f62e247e4cad4e4a81bb578c8249825f66cc44a0179ee3b2,7084745416332104138,0,99,default,{},1024,1024,8,16,adapter_process_wall,322.319721,790.000000,8.722656,128,false,0,cryptographic_rejection,1475,956,,,,linux-procfs,process,,,true,wrong_public_input,,"private commit and per-process swap I/O are unavailable; VmSwap reports allocation, not swap traffic; No documented hardware or OS energy counter is configured in WSL2",,measured,within-stack pilot; no Groth16-versus-PLONK claim,measurement,true,true,ok,{},1024,2,1024,r1cs_constraints,5.0,60
47b8aae6-22fc-4c47-a38a-27952dfec285,2026-08-09T02:46:45.670562+00:00,C2-CONTROLLED-SNARK,controlled-groth16-pilot-v1,controlled_kernel,ark-groth16-0.6.0-bn254,5477ab05b549b750fa32dc9a1bc61898f74ebf21,de947ec44a622d90f62e247e4cad4e4a81bb578c8249825f66cc44a0179ee3b2,3422720089306998187,2,100,default,{},1024,1024,2,16,native_execution,0.026800,,,,,,,,,,,,,phase,,,true,,,,,measured,within-stack pilot; no Groth16-versus-PLONK claim,measurement,true,true,ok,"{""application_units"":1024.0}",,,,,,
47b8aae6-22fc-4c47-a38a-27952dfec285,2026-08-09T02:46:45.670626+00:00,C2-CONTROLLED-SNARK,controlled-groth16-pilot-v1,controlled_kernel,ark-groth16-0.6.0-bn254,5477ab05b549b750fa32dc9a1bc61898f74ebf21,de947ec44a622d90f62e247e4cad4e4a81bb578c8249825f66cc44a0179ee3b2,3422720089306998187,2,100,default,{},1024,1024,2,16,witness,26.355926,,,,,,,,,,,,,phase,,,true,,,,,measured,within-stack pilot; no Groth16-versus-PLONK claim,measurement,true,true,ok,"{""application_units"":1024.0,""constraint_count"":1024.0}",,,,,,
47b8aae6-22fc-4c47-a38a-27952dfec285,2026-08-09T02:46:45.670646+00:00,C2-CONTROLLED-SNARK,controlled-groth16-pilot-v1,controlled_kernel,ark-groth16-0.6.0-bn254,5477ab05b549b750fa32dc9a1bc61898f74ebf21,de947ec44a622d90f62e247e4cad4e4a81bb578c8249825f66cc44a0179ee3b2,3422720089306998187,2,100,default,{},1024,1024,2,16,setup_or_preprocess,30.259138,,,,,,,,,,,,,phase,,,true,,,,,measured,within-stack pilot; no Groth16-versus-PLONK claim,measurement,true,true,ok,"{""constraint_count"":1024.0}",,,,,,
47b8aae6-22fc-4c47-a38a-27952dfec285,2026-08-09T02:46:45.670662+00:00,C2-CONTROLLED-SNARK,controlled-groth16-pilot-v1,controlled_kernel,ark-groth16-0.6.0-bn254,5477ab05b549b750fa32dc9a1bc61898f74ebf21,de947ec44a622d90f62e247e4cad4e4a81bb578c8249825f66cc44a0179ee3b2,3422720089306998187,2,100,default,{},1024,1024,2,16,prove_total,30.473572,,,,,,,,,,,,,phase,,,true,,,,,measured,within-stack pilot; no Groth16-versus-PLONK claim,measurement,true,true,ok,"{""constraint_count"":1024.0}",,,,,,
47b8aae6-22fc-4c47-a38a-27952dfec285,2026-08-09T02:46:45.670676+00:00,C2-CONTROLLED-SNARK,controlled-groth16-pilot-v1,controlled_kernel,ark-groth16-0.6.0-bn254,5477ab05b549b750fa32dc9a1bc61898f74ebf21,de947ec44a622d90f62e247e4cad4e4a81bb578c8249825f66cc44a0179ee3b2,3422720089306998187,2,100,default,{},1024,1024,2,16,serialize,0.003547,,,,,,,,,,,,,phase,,,true,,,,,measured,within-stack pilot; no Groth16-versus-PLONK claim,measurement,true,true,ok,"{""proof_bytes"":128.0}",,,,,,
47b8aae6-22fc-4c47-a38a-27952dfec285,2026-08-09T02:46:45.670689+00:00,C2-CONTROLLED-SNARK,controlled-groth16-pilot-v1,controlled_kernel,ark-groth16-0.6.0-bn254,5477ab05b549b750fa32dc9a1bc61898f74ebf21,de947ec44a622d90f62e247e4cad4e4a81bb578c8249825f66cc44a0179ee3b2,3422720089306998187,2,100,default,{},1024,1024,2,16,deserialize,0.168794,,,,,,,,,,,,,phase,,,true,,,,,measured,within-stack pilot; no Groth16-versus-PLONK claim,measurement,true,true,ok,"{""proof_bytes"":128.0}",,,,,,
47b8aae6-22fc-4c47-a38a-27952dfec285,2026-08-09T02:46:45.670703+00:00,C2-CONTROLLED-SNARK,controlled-groth16-pilot-v1,controlled_kernel,ark-groth16-0.6.0-bn254,5477ab05b549b750fa32dc9a1bc61898f74ebf21,de947ec44a622d90f62e247e4cad4e4a81bb578c8249825f66cc44a0179ee3b2,3422720089306998187,2,100,default,{},1024,1024,2,16,verify_core,1.032611,,,,,,,,,,,,,phase,,,true,,,,,measured,within-stack pilot; no Groth16-versus-PLONK claim,measurement,true,true,ok,{},,,,,,
47b8aae6-22fc-4c47-a38a-27952dfec285,2026-08-09T02:46:45.670715+00:00,C2-CONTROLLED-SNARK,controlled-groth16-pilot-v1,controlled_kernel,ark-groth16-0.6.0-bn254,5477ab05b549b750fa32dc9a1bc61898f74ebf21,de947ec44a622d90f62e247e4cad4e4a81bb578c8249825f66cc44a0179ee3b2,3422720089306998187,2,100,default,{},1024,1024,2,16,verify_total,1.201526,,,,,,,,,,,,,phase,,,true,,,,,measured,within-stack pilot; no Groth16-versus-PLONK claim,measurement,true,true,ok,{},,,,,,
47b8aae6-22fc-4c47-a38a-27952dfec285,2026-08-09T02:46:45.670729+00:00,C2-CONTROLLED-SNARK,controlled-groth16-pilot-v1,controlled_kernel,ark-groth16-0.6.0-bn254,5477ab05b549b750fa32dc9a1bc61898f74ebf21,de947ec44a622d90f62e247e4cad4e4a81bb578c8249825f66cc44a0179ee3b2,3422720089306998187,2,100,default,{},1024,1024,2,16,fft_ntt,,,,,,,,,,,,,,phase,,,true,,,ark-groth16 does not expose stable per-run phase hooks,,measured,within-stack pilot; no Groth16-versus-PLONK claim,measurement,true,false,unsupported,{},,,,,,
47b8aae6-22fc-4c47-a38a-27952dfec285,2026-08-09T02:46:45.670741+00:00,C2-CONTROLLED-SNARK,controlled-groth16-pilot-v1,controlled_kernel,ark-groth16-0.6.0-bn254,5477ab05b549b750fa32dc9a1bc61898f74ebf21,de947ec44a622d90f62e247e4cad4e4a81bb578c8249825f66cc44a0179ee3b2,3422720089306998187,2,100,default,{},1024,1024,2,16,msm,,,,,,,,,,,,,,phase,,,true,,,ark-groth16 does not expose stable per-run phase hooks,,measured,within-stack pilot; no Groth16-versus-PLONK claim,measurement,true,false,unsupported,{},,,,,,
47b8aae6-22fc-4c47-a38a-27952dfec285,2026-08-09T02:46:45.670757+00:00,C2-CONTROLLED-SNARK,controlled-groth16-pilot-v1,controlled_kernel,ark-groth16-0.6.0-bn254,5477ab05b549b750fa32dc9a1bc61898f74ebf21,de947ec44a622d90f62e247e4cad4e4a81bb578c8249825f66cc44a0179ee3b2,3422720089306998187,2,100,default,{},1024,1024,2,16,commitment,,,,,,,,,,,,,,phase,,,true,,,ark-groth16 does not expose stable per-run phase hooks,,measured,within-stack pilot; no Groth16-versus-PLONK claim,measurement,true,false,unsupported,{},,,,,,
47b8aae6-22fc-4c47-a38a-27952dfec285,2026-08-09T02:46:45.670769+00:00,C2-CONTROLLED-SNARK,controlled-groth16-pilot-v1,controlled_kernel,ark-groth16-0.6.0-bn254,5477ab05b549b750fa32dc9a1bc61898f74ebf21,de947ec44a622d90f62e247e4cad4e4a81bb578c8249825f66cc44a0179ee3b2,3422720089306998187,2,100,default,{},1024,1024,2,16,key_load,,,,,,,,,,,,,,phase,,,true,,,ark-groth16 does not expose stable per-run phase hooks,,measured,within-stack pilot; no Groth16-versus-PLONK claim,measurement,true,false,unsupported,{},,,,,,
47b8aae6-22fc-4c47-a38a-27952dfec285,2026-08-09T02:46:45.670781+00:00,C2-CONTROLLED-SNARK,controlled-groth16-pilot-v1,controlled_kernel,ark-groth16-0.6.0-bn254,5477ab05b549b750fa32dc9a1bc61898f74ebf21,de947ec44a622d90f62e247e4cad4e4a81bb578c8249825f66cc44a0179ee3b2,3422720089306998187,2,100,default,{},1024,1024,2,16,adapter_process_wall,126.476857,150.000000,7.300781,128,true,0,,1055,956,,,,linux-procfs,process,,,true,,,"Linux procfs read failed: [Errno 13] Permission denied: '/proc/4515/io'; private commit and per-process swap I/O are unavailable; VmSwap reports allocation, not swap traffic; No documented hardware or OS energy counter is configured in WSL2",,measured,within-stack pilot; no Groth16-versus-PLONK claim,measurement,true,true,ok,{},1024,2,1024,r1cs_constraints,5.0,23
68f78563-2abd-4c65-aeb2-37042db84f3e,2026-08-09T02:46:45.818032+00:00,C2-CONTROLLED-SNARK,controlled-groth16-pilot-v1,controlled_kernel,ark-groth16-0.6.0-bn254,5477ab05b549b750fa32dc9a1bc61898f74ebf21,de947ec44a622d90f62e247e4cad4e4a81bb578c8249825f66cc44a0179ee3b2,827078467618681301,2,101,default,{},256,256,8,16,native_execution,0.642841,,,,,,,,,,,,,phase,,,true,,,,,measured,within-stack pilot; no Groth16-versus-PLONK claim,measurement,true,true,ok,"{""application_units"":256.0}",,,,,,
68f78563-2abd-4c65-aeb2-37042db84f3e,2026-08-09T02:46:45.818173+00:00,C2-CONTROLLED-SNARK,controlled-groth16-pilot-v1,controlled_kernel,ark-groth16-0.6.0-bn254,5477ab05b549b750fa32dc9a1bc61898f74ebf21,de947ec44a622d90f62e247e4cad4e4a81bb578c8249825f66cc44a0179ee3b2,827078467618681301,2,101,default,{},256,256,8,16,witness,46.783873,,,,,,,,,,,,,phase,,,true,,,,,measured,within-stack pilot; no Groth16-versus-PLONK claim,measurement,true,true,ok,"{""application_units"":256.0,""constraint_count"":256.0}",,,,,,
68f78563-2abd-4c65-aeb2-37042db84f3e,2026-08-09T02:46:45.818200+00:00,C2-CONTROLLED-SNARK,controlled-groth16-pilot-v1,controlled_kernel,ark-groth16-0.6.0-bn254,5477ab05b549b750fa32dc9a1bc61898f74ebf21,de947ec44a622d90f62e247e4cad4e4a81bb578c8249825f66cc44a0179ee3b2,827078467618681301,2,101,default,{},256,256,8,16,setup_or_preprocess,23.762882,,,,,,,,,,,,,phase,,,true,,,,,measured,within-stack pilot; no Groth16-versus-PLONK claim,measurement,true,true,ok,"{""constraint_count"":256.0}",,,,,,
68f78563-2abd-4c65-aeb2-37042db84f3e,2026-08-09T02:46:45.818218+00:00,C2-CONTROLLED-SNARK,controlled-groth16-pilot-v1,controlled_kernel,ark-groth16-0.6.0-bn254,5477ab05b549b750fa32dc9a1bc61898f74ebf21,de947ec44a622d90f62e247e4cad4e4a81bb578c8249825f66cc44a0179ee3b2,827078467618681301,2,101,default,{},256,256,8,16,prove_total,26.086704,,,,,,,,,,,,,phase,,,true,,,,,measured,within-stack pilot; no Groth16-versus-PLONK claim,measurement,true,true,ok,"{""constraint_count"":256.0}",,,,,,
68f78563-2abd-4c65-aeb2-37042db84f3e,2026-08-09T02:46:45.818233+00:00,C2-CONTROLLED-SNARK,controlled-groth16-pilot-v1,controlled_kernel,ark-groth16-0.6.0-bn254,5477ab05b549b750fa32dc9a1bc61898f74ebf21,de947ec44a622d90f62e247e4cad4e4a81bb578c8249825f66cc44a0179ee3b2,827078467618681301,2,101,default,{},256,256,8,16,serialize,0.002836,,,,,,,,,,,,,phase,,,true,,,,,measured,within-stack pilot; no Groth16-versus-PLONK claim,measurement,true,true,ok,"{""proof_bytes"":128.0}",,,,,,
68f78563-2abd-4c65-aeb2-37042db84f3e,2026-08-09T02:46:45.818246+00:00,C2-CONTROLLED-SNARK,controlled-groth16-pilot-v1,controlled_kernel,ark-groth16-0.6.0-bn254,5477ab05b549b750fa32dc9a1bc61898f74ebf21,de947ec44a622d90f62e247e4cad4e4a81bb578c8249825f66cc44a0179ee3b2,827078467618681301,2,101,default,{},256,256,8,16,deserialize,0.168062,,,,,,,,,,,,,phase,,,true,,,,,measured,within-stack pilot; no Groth16-versus-PLONK claim,measurement,true,true,ok,"{""proof_bytes"":128.0}",,,,,,
68f78563-2abd-4c65-aeb2-37042db84f3e,2026-08-09T02:46:45.818260+00:00,C2-CONTROLLED-SNARK,controlled-groth16-pilot-v1,controlled_kernel,ark-groth16-0.6.0-bn254,5477ab05b549b750fa32dc9a1bc61898f74ebf21,de947ec44a622d90f62e247e4cad4e4a81bb578c8249825f66cc44a0179ee3b2,827078467618681301,2,101,default,{},256,256,8,16,verify_core,1.064569,,,,,,,,,,,,,phase,,,true,,,,,measured,within-stack pilot; no Groth16-versus-PLONK claim,measurement,true,true,ok,{},,,,,,
68f78563-2abd-4c65-aeb2-37042db84f3e,2026-08-09T02:46:45.818274+00:00,C2-CONTROLLED-SNARK,controlled-groth16-pilot-v1,controlled_kernel,ark-groth16-0.6.0-bn254,5477ab05b549b750fa32dc9a1bc61898f74ebf21,de947ec44a622d90f62e247e4cad4e4a81bb578c8249825f66cc44a0179ee3b2,827078467618681301,2,101,default,{},256,256,8,16,verify_total,1.232881,,,,,,,,,,,,,phase,,,true,,,,,measured,within-stack pilot; no Groth16-versus-PLONK claim,measurement,true,true,ok,{},,,,,,
68f78563-2abd-4c65-aeb2-37042db84f3e,2026-08-09T02:46:45.818287+00:00,C2-CONTROLLED-SNARK,controlled-groth16-pilot-v1,controlled_kernel,ark-groth16-0.6.0-bn254,5477ab05b549b750fa32dc9a1bc61898f74ebf21,de947ec44a622d90f62e247e4cad4e4a81bb578c8249825f66cc44a0179ee3b2,827078467618681301,2,101,default,{},256,256,8,16,fft_ntt,,,,,,,,,,,,,,phase,,,true,,,ark-groth16 does not expose stable per-run phase hooks,,measured,within-stack pilot; no Groth16-versus-PLONK claim,measurement,true,false,unsupported,{},,,,,,
68f78563-2abd-4c65-aeb2-37042db84f3e,2026-08-09T02:46:45.818301+00:00,C2-CONTROLLED-SNARK,controlled-groth16-pilot-v1,controlled_kernel,ark-groth16-0.6.0-bn254,5477ab05b549b750fa32dc9a1bc61898f74ebf21,de947ec44a622d90f62e247e4cad4e4a81bb578c8249825f66cc44a0179ee3b2,827078467618681301,2,101,default,{},256,256,8,16,msm,,,,,,,,,,,,,,phase,,,true,,,ark-groth16 does not expose stable per-run phase hooks,,measured,within-stack pilot; no Groth16-versus-PLONK claim,measurement,true,false,unsupported,{},,,,,,
68f78563-2abd-4c65-aeb2-37042db84f3e,2026-08-09T02:46:45.818314+00:00,C2-CONTROLLED-SNARK,controlled-groth16-pilot-v1,controlled_kernel,ark-groth16-0.6.0-bn254,5477ab05b549b750fa32dc9a1bc61898f74ebf21,de947ec44a622d90f62e247e4cad4e4a81bb578c8249825f66cc44a0179ee3b2,827078467618681301,2,101,default,{},256,256,8,16,commitment,,,,,,,,,,,,,,phase,,,true,,,ark-groth16 does not expose stable per-run phase hooks,,measured,within-stack pilot; no Groth16-versus-PLONK claim,measurement,true,false,unsupported,{},,,,,,
68f78563-2abd-4c65-aeb2-37042db84f3e,2026-08-09T02:46:45.818327+00:00,C2-CONTROLLED-SNARK,controlled-groth16-pilot-v1,controlled_kernel,ark-groth16-0.6.0-bn254,5477ab05b549b750fa32dc9a1bc61898f74ebf21,de947ec44a622d90f62e247e4cad4e4a81bb578c8249825f66cc44a0179ee3b2,827078467618681301,2,101,default,{},256,256,8,16,key_load,,,,,,,,,,,,,,phase,,,true,,,ark-groth16 does not expose stable per-run phase hooks,,measured,within-stack pilot; no Groth16-versus-PLONK claim,measurement,true,false,unsupported,{},,,,,,
68f78563-2abd-4c65-aeb2-37042db84f3e,2026-08-09T02:46:45.818340+00:00,C2-CONTROLLED-SNARK,controlled-groth16-pilot-v1,controlled_kernel,ark-groth16-0.6.0-bn254,5477ab05b549b750fa32dc9a1bc61898f74ebf21,de947ec44a622d90f62e247e4cad4e4a81bb578c8249825f66cc44a0179ee3b2,827078467618681301,2,101,default,{},256,256,8,16,adapter_process_wall,146.207299,270.000000,6.433594,128,true,0,,763,956,,,,linux-procfs,process,,,true,,,"private commit and per-process swap I/O are unavailable; VmSwap reports allocation, not swap traffic; No documented hardware or OS energy counter is configured in WSL2",,measured,within-stack pilot; no Groth16-versus-PLONK claim,measurement,true,true,ok,{},256,2,256,r1cs_constraints,5.0,27
1f95d09b-41d9-4c9e-b28c-aa44e8a6756b,2026-08-09T02:46:45.891127+00:00,C2-CONTROLLED-SNARK,controlled-groth16-pilot-v1,controlled_kernel,ark-groth16-0.6.0-bn254,5477ab05b549b750fa32dc9a1bc61898f74ebf21,de947ec44a622d90f62e247e4cad4e4a81bb578c8249825f66cc44a0179ee3b2,9095709391648575459,2,102,default,{},256,256,2,16,native_execution,0.019116,,,,,,,,,,,,,phase,,,true,,,,,measured,within-stack pilot; no Groth16-versus-PLONK claim,measurement,true,true,ok,"{""application_units"":256.0}",,,,,,
1f95d09b-41d9-4c9e-b28c-aa44e8a6756b,2026-08-09T02:46:45.891189+00:00,C2-CONTROLLED-SNARK,controlled-groth16-pilot-v1,controlled_kernel,ark-groth16-0.6.0-bn254,5477ab05b549b750fa32dc9a1bc61898f74ebf21,de947ec44a622d90f62e247e4cad4e4a81bb578c8249825f66cc44a0179ee3b2,9095709391648575459,2,102,default,{},256,256,2,16,witness,6.191599,,,,,,,,,,,,,phase,,,true,,,,,measured,within-stack pilot; no Groth16-versus-PLONK claim,measurement,true,true,ok,"{""application_units"":256.0,""constraint_count"":256.0}",,,,,,
1f95d09b-41d9-4c9e-b28c-aa44e8a6756b,2026-08-09T02:46:45.891210+00:00,C2-CONTROLLED-SNARK,controlled-groth16-pilot-v1,controlled_kernel,ark-groth16-0.6.0-bn254,5477ab05b549b750fa32dc9a1bc61898f74ebf21,de947ec44a622d90f62e247e4cad4e4a81bb578c8249825f66cc44a0179ee3b2,9095709391648575459,2,102,default,{},256,256,2,16,setup_or_preprocess,12.538027,,,,,,,,,,,,,phase,,,true,,,,,measured,within-stack pilot; no Groth16-versus-PLONK claim,measurement,true,true,ok,"{""constraint_count"":256.0}",,,,,,
1f95d09b-41d9-4c9e-b28c-aa44e8a6756b,2026-08-09T02:46:45.891226+00:00,C2-CONTROLLED-SNARK,controlled-groth16-pilot-v1,controlled_kernel,ark-groth16-0.6.0-bn254,5477ab05b549b750fa32dc9a1bc61898f74ebf21,de947ec44a622d90f62e247e4cad4e4a81bb578c8249825f66cc44a0179ee3b2,9095709391648575459,2,102,default,{},256,256,2,16,prove_total,12.444955,,,,,,,,,,,,,phase,,,true,,,,,measured,within-stack pilot; no Groth16-versus-PLONK claim,measurement,true,true,ok,"{""constraint_count"":256.0}",,,,,,
1f95d09b-41d9-4c9e-b28c-aa44e8a6756b,2026-08-09T02:46:45.891239+00:00,C2-CONTROLLED-SNARK,controlled-groth16-pilot-v1,controlled_kernel,ark-groth16-0.6.0-bn254,5477ab05b549b750fa32dc9a1bc61898f74ebf21,de947ec44a622d90f62e247e4cad4e4a81bb578c8249825f66cc44a0179ee3b2,9095709391648575459,2,102,default,{},256,256,2,16,serialize,0.003366,,,,,,,,,,,,,phase,,,true,,,,,measured,within-stack pilot; no Groth16-versus-PLONK claim,measurement,true,true,ok,"{""proof_bytes"":128.0}",,,,,,
1f95d09b-41d9-4c9e-b28c-aa44e8a6756b,2026-08-09T02:46:45.891251+00:00,C2-CONTROLLED-SNARK,controlled-groth16-pilot-v1,controlled_kernel,ark-groth16-0.6.0-bn254,5477ab05b549b750fa32dc9a1bc61898f74ebf21,de947ec44a622d90f62e247e4cad4e4a81bb578c8249825f66cc44a0179ee3b2,9095709391648575459,2,102,default,{},256,256,2,16,deserialize,0.221753,,,,,,,,,,,,,phase,,,true,,,,,measured,within-stack pilot; no Groth16-versus-PLONK claim,measurement,true,true,ok,"{""proof_bytes"":128.0}",,,,,,
1f95d09b-41d9-4c9e-b28c-aa44e8a6756b,2026-08-09T02:46:45.891264+00:00,C2-CONTROLLED-SNARK,controlled-groth16-pilot-v1,controlled_kernel,ark-groth16-0.6.0-bn254,5477ab05b549b750fa32dc9a1bc61898f74ebf21,de947ec44a622d90f62e247e4cad4e4a81bb578c8249825f66cc44a0179ee3b2,9095709391648575459,2,102,default,{},256,256,2,16,verify_core,1.065642,,,,,,,,,,,,,phase,,,true,,,,,measured,within-stack pilot; no Groth16-versus-PLONK claim,measurement,true,true,ok,{},,,,,,
1f95d09b-41d9-4c9e-b28c-aa44e8a6756b,2026-08-09T02:46:45.891277+00:00,C2-CONTROLLED-SNARK,controlled-groth16-pilot-v1,controlled_kernel,ark-groth16-0.6.0-bn254,5477ab05b549b750fa32dc9a1bc61898f74ebf21,de947ec44a622d90f62e247e4cad4e4a81bb578c8249825f66cc44a0179ee3b2,9095709391648575459,2,102,default,{},256,256,2,16,verify_total,1.287565,,,,,,,,,,,,,phase,,,true,,,,,measured,within-stack pilot; no Groth16-versus-PLONK claim,measurement,true,true,ok,{},,,,,,
1f95d09b-41d9-4c9e-b28c-aa44e8a6756b,2026-08-09T02:46:45.891290+00:00,C2-CONTROLLED-SNARK,controlled-groth16-pilot-v1,controlled_kernel,ark-groth16-0.6.0-bn254,5477ab05b549b750fa32dc9a1bc61898f74ebf21,de947ec44a622d90f62e247e4cad4e4a81bb578c8249825f66cc44a0179ee3b2,9095709391648575459,2,102,default,{},256,256,2,16,fft_ntt,,,,,,,,,,,,,,phase,,,true,,,ark-groth16 does not expose stable per-run phase hooks,,measured,within-stack pilot; no Groth16-versus-PLONK claim,measurement,true,false,unsupported,{},,,,,,
1f95d09b-41d9-4c9e-b28c-aa44e8a6756b,2026-08-09T02:46:45.891326+00:00,C2-CONTROLLED-SNARK,controlled-groth16-pilot-v1,controlled_kernel,ark-groth16-0.6.0-bn254,5477ab05b549b750fa32dc9a1bc61898f74ebf21,de947ec44a622d90f62e247e4cad4e4a81bb578c8249825f66cc44a0179ee3b2,9095709391648575459,2,102,default,{},256,256,2,16,msm,,,,,,,,,,,,,,phase,,,true,,,ark-groth16 does not expose stable per-run phase hooks,,measured,within-stack pilot; no Groth16-versus-PLONK claim,measurement,true,false,unsupported,{},,,,,,
1f95d09b-41d9-4c9e-b28c-aa44e8a6756b,2026-08-09T02:46:45.891353+00:00,C2-CONTROLLED-SNARK,controlled-groth16-pilot-v1,controlled_kernel,ark-groth16-0.6.0-bn254,5477ab05b549b750fa32dc9a1bc61898f74ebf21,de947ec44a622d90f62e247e4cad4e4a81bb578c8249825f66cc44a0179ee3b2,9095709391648575459,2,102,default,{},256,256,2,16,commitment,,,,,,,,,,,,,,phase,,,true,,,ark-groth16 does not expose stable per-run phase hooks,,measured,within-stack pilot; no Groth16-versus-PLONK claim,measurement,true,false,unsupported,{},,,,,,
1f95d09b-41d9-4c9e-b28c-aa44e8a6756b,2026-08-09T02:46:45.891368+00:00,C2-CONTROLLED-SNARK,controlled-groth16-pilot-v1,controlled_kernel,ark-groth16-0.6.0-bn254,5477ab05b549b750fa32dc9a1bc61898f74ebf21,de947ec44a622d90f62e247e4cad4e4a81bb578c8249825f66cc44a0179ee3b2,9095709391648575459,2,102,default,{},256,256,2,16,key_load,,,,,,,,,,,,,,phase,,,true,,,ark-groth16 does not expose stable per-run phase hooks,,measured,within-stack pilot; no Groth16-versus-PLONK claim,measurement,true,false,unsupported,{},,,,,,
1f95d09b-41d9-4c9e-b28c-aa44e8a6756b,2026-08-09T02:46:45.891380+00:00,C2-CONTROLLED-SNARK,controlled-groth16-pilot-v1,controlled_kernel,ark-groth16-0.6.0-bn254,5477ab05b549b750fa32dc9a1bc61898f74ebf21,de947ec44a622d90f62e247e4cad4e4a81bb578c8249825f66cc44a0179ee3b2,9095709391648575459,2,102,default,{},256,256,2,16,adapter_process_wall,71.680911,40.000000,5.671875,128,true,0,,483,956,,,,linux-procfs,process,,,true,,,"private commit and per-process swap I/O are unavailable; VmSwap reports allocation, not swap traffic; No documented hardware or OS energy counter is configured in WSL2",,measured,within-stack pilot; no Groth16-versus-PLONK claim,measurement,true,true,ok,{},256,2,256,r1cs_constraints,5.0,13
9a4c9a84-17fb-4ea2-aeb5-05e77b2770f6,2026-08-09T02:46:46.768752+00:00,C2-CONTROLLED-SNARK,controlled-groth16-pilot-v1,controlled_kernel,ark-groth16-0.6.0-bn254,5477ab05b549b750fa32dc9a1bc61898f74ebf21,de947ec44a622d90f62e247e4cad4e4a81bb578c8249825f66cc44a0179ee3b2,7936344707405539537,2,103,default,{},4096,4096,8,16,native_execution,0.701650,,,,,,,,,,,,,phase,,,true,,,,,measured,within-stack pilot; no Groth16-versus-PLONK claim,measurement,true,true,ok,"{""application_units"":4096.0}",,,,,,
9a4c9a84-17fb-4ea2-aeb5-05e77b2770f6,2026-08-09T02:46:46.768866+00:00,C2-CONTROLLED-SNARK,controlled-groth16-pilot-v1,controlled_kernel,ark-groth16-0.6.0-bn254,5477ab05b549b750fa32dc9a1bc61898f74ebf21,de947ec44a622d90f62e247e4cad4e4a81bb578c8249825f66cc44a0179ee3b2,7936344707405539537,2,103,default,{},4096,4096,8,16,witness,677.701506,,,,,,,,,,,,,phase,,,true,,,,,measured,within-stack pilot; no Groth16-versus-PLONK claim,measurement,true,true,ok,"{""application_units"":4096.0,""constraint_count"":4096.0}",,,,,,
9a4c9a84-17fb-4ea2-aeb5-05e77b2770f6,2026-08-09T02:46:46.768890+00:00,C2-CONTROLLED-SNARK,controlled-groth16-pilot-v1,controlled_kernel,ark-groth16-0.6.0-bn254,5477ab05b549b750fa32dc9a1bc61898f74ebf21,de947ec44a622d90f62e247e4cad4e4a81bb578c8249825f66cc44a0179ee3b2,7936344707405539537,2,103,default,{},4096,4096,8,16,setup_or_preprocess,44.494245,,,,,,,,,,,,,phase,,,true,,,,,measured,within-stack pilot; no Groth16-versus-PLONK claim,measurement,true,true,ok,"{""constraint_count"":4096.0}",,,,,,
9a4c9a84-17fb-4ea2-aeb5-05e77b2770f6,2026-08-09T02:46:46.768907+00:00,C2-CONTROLLED-SNARK,controlled-groth16-pilot-v1,controlled_kernel,ark-groth16-0.6.0-bn254,5477ab05b549b750fa32dc9a1bc61898f74ebf21,de947ec44a622d90f62e247e4cad4e4a81bb578c8249825f66cc44a0179ee3b2,7936344707405539537,2,103,default,{},4096,4096,8,16,prove_total,100.634675,,,,,,,,,,,,,phase,,,true,,,,,measured,within-stack pilot; no Groth16-versus-PLONK claim,measurement,true,true,ok,"{""constraint_count"":4096.0}",,,,,,
9a4c9a84-17fb-4ea2-aeb5-05e77b2770f6,2026-08-09T02:46:46.768922+00:00,C2-CONTROLLED-SNARK,controlled-groth16-pilot-v1,controlled_kernel,ark-groth16-0.6.0-bn254,5477ab05b549b750fa32dc9a1bc61898f74ebf21,de947ec44a622d90f62e247e4cad4e4a81bb578c8249825f66cc44a0179ee3b2,7936344707405539537,2,103,default,{},4096,4096,8,16,serialize,0.003256,,,,,,,,,,,,,phase,,,true,,,,,measured,within-stack pilot; no Groth16-versus-PLONK claim,measurement,true,true,ok,"{""proof_bytes"":128.0}",,,,,,
9a4c9a84-17fb-4ea2-aeb5-05e77b2770f6,2026-08-09T02:46:46.768936+00:00,C2-CONTROLLED-SNARK,controlled-groth16-pilot-v1,controlled_kernel,ark-groth16-0.6.0-bn254,5477ab05b549b750fa32dc9a1bc61898f74ebf21,de947ec44a622d90f62e247e4cad4e4a81bb578c8249825f66cc44a0179ee3b2,7936344707405539537,2,103,default,{},4096,4096,8,16,deserialize,0.178943,,,,,,,,,,,,,phase,,,true,,,,,measured,within-stack pilot; no Groth16-versus-PLONK claim,measurement,true,true,ok,"{""proof_bytes"":128.0}",,,,,,
9a4c9a84-17fb-4ea2-aeb5-05e77b2770f6,2026-08-09T02:46:46.768968+00:00,C2-CONTROLLED-SNARK,controlled-groth16-pilot-v1,controlled_kernel,ark-groth16-0.6.0-bn254,5477ab05b549b750fa32dc9a1bc61898f74ebf21,de947ec44a622d90f62e247e4cad4e4a81bb578c8249825f66cc44a0179ee3b2,7936344707405539537,2,103,default,{},4096,4096,8,16,verify_core,1.065733,,,,,,,,,,,,,phase,,,true,,,,,measured,within-stack pilot; no Groth16-versus-PLONK claim,measurement,true,true,ok,{},,,,,,
9a4c9a84-17fb-4ea2-aeb5-05e77b2770f6,2026-08-09T02:46:46.769002+00:00,C2-CONTROLLED-SNARK,controlled-groth16-pilot-v1,controlled_kernel,ark-groth16-0.6.0-bn254,5477ab05b549b750fa32dc9a1bc61898f74ebf21,de947ec44a622d90f62e247e4cad4e4a81bb578c8249825f66cc44a0179ee3b2,7936344707405539537,2,103,default,{},4096,4096,8,16,verify_total,1.244796,,,,,,,,,,,,,phase,,,true,,,,,measured,within-stack pilot; no Groth16-versus-PLONK claim,measurement,true,true,ok,{},,,,,,
9a4c9a84-17fb-4ea2-aeb5-05e77b2770f6,2026-08-09T02:46:46.769020+00:00,C2-CONTROLLED-SNARK,controlled-groth16-pilot-v1,controlled_kernel,ark-groth16-0.6.0-bn254,5477ab05b549b750fa32dc9a1bc61898f74ebf21,de947ec44a622d90f62e247e4cad4e4a81bb578c8249825f66cc44a0179ee3b2,7936344707405539537,2,103,default,{},4096,4096,8,16,fft_ntt,,,,,,,,,,,,,,phase,,,true,,,ark-groth16 does not expose stable per-run phase hooks,,measured,within-stack pilot; no Groth16-versus-PLONK claim,measurement,true,false,unsupported,{},,,,,,
9a4c9a84-17fb-4ea2-aeb5-05e77b2770f6,2026-08-09T02:46:46.769036+00:00,C2-CONTROLLED-SNARK,controlled-groth16-pilot-v1,controlled_kernel,ark-groth16-0.6.0-bn254,5477ab05b549b750fa32dc9a1bc61898f74ebf21,de947ec44a622d90f62e247e4cad4e4a81bb578c8249825f66cc44a0179ee3b2,7936344707405539537,2,103,default,{},4096,4096,8,16,msm,,,,,,,,,,,,,,phase,,,true,,,ark-groth16 does not expose stable per-run phase hooks,,measured,within-stack pilot; no Groth16-versus-PLONK claim,measurement,true,false,unsupported,{},,,,,,
9a4c9a84-17fb-4ea2-aeb5-05e77b2770f6,2026-08-09T02:46:46.769058+00:00,C2-CONTROLLED-SNARK,controlled-groth16-pilot-v1,controlled_kernel,ark-groth16-0.6.0-bn254,5477ab05b549b750fa32dc9a1bc61898f74ebf21,de947ec44a622d90f62e247e4cad4e4a81bb578c8249825f66cc44a0179ee3b2,7936344707405539537,2,103,default,{},4096,4096,8,16,commitment,,,,,,,,,,,,,,phase,,,true,,,ark-groth16 does not expose stable per-run phase hooks,,measured,within-stack pilot; no Groth16-versus-PLONK claim,measurement,true,false,unsupported,{},,,,,,
9a4c9a84-17fb-4ea2-aeb5-05e77b2770f6,2026-08-09T02:46:46.769072+00:00,C2-CONTROLLED-SNARK,controlled-groth16-pilot-v1,controlled_kernel,ark-groth16-0.6.0-bn254,5477ab05b549b750fa32dc9a1bc61898f74ebf21,de947ec44a622d90f62e247e4cad4e4a81bb578c8249825f66cc44a0179ee3b2,7936344707405539537,2,103,default,{},4096,4096,8,16,key_load,,,,,,,,,,,,,,phase,,,true,,,ark-groth16 does not expose stable per-run phase hooks,,measured,within-stack pilot; no Groth16-versus-PLONK claim,measurement,true,false,unsupported,{},,,,,,
9a4c9a84-17fb-4ea2-aeb5-05e77b2770f6,2026-08-09T02:46:46.769085+00:00,C2-CONTROLLED-SNARK,controlled-groth16-pilot-v1,controlled_kernel,ark-groth16-0.6.0-bn254,5477ab05b549b750fa32dc9a1bc61898f74ebf21,de947ec44a622d90f62e247e4cad4e4a81bb578c8249825f66cc44a0179ee3b2,7936344707405539537,2,103,default,{},4096,4096,8,16,adapter_process_wall,876.392410,2400.000000,16.898438,128,true,0,,4183,956,,,,linux-procfs,process,,,true,,,"private commit and per-process swap I/O are unavailable; VmSwap reports allocation, not swap traffic; No documented hardware or OS energy counter is configured in WSL2",,measured,within-stack pilot; no Groth16-versus-PLONK claim,measurement,true,true,ok,{},4096,2,4096,r1cs_constraints,5.0,164
6915cf2d-93e5-4525-a325-d07e16c2e483,2026-08-09T02:46:46.848210+00:00,C2-CONTROLLED-SNARK,controlled-groth16-pilot-v1,controlled_kernel,ark-groth16-0.6.0-bn254,5477ab05b549b750fa32dc9a1bc61898f74ebf21,de947ec44a622d90f62e247e4cad4e4a81bb578c8249825f66cc44a0179ee3b2,1422698080808560758,2,104,default,{},64,64,1,16,native_execution,0.850006,,,,,,,,,,,,,phase,,,true,,,,,measured,within-stack pilot; no Groth16-versus-PLONK claim,measurement,true,true,ok,"{""application_units"":64.0}",,,,,,
6915cf2d-93e5-4525-a325-d07e16c2e483,2026-08-09T02:46:46.848323+00:00,C2-CONTROLLED-SNARK,controlled-groth16-pilot-v1,controlled_kernel,ark-groth16-0.6.0-bn254,5477ab05b549b750fa32dc9a1bc61898f74ebf21,de947ec44a622d90f62e247e4cad4e4a81bb578c8249825f66cc44a0179ee3b2,1422698080808560758,2,104,default,{},64,64,1,16,witness,4.324741,,,,,,,,,,,,,phase,,,true,,,,,measured,within-stack pilot; no Groth16-versus-PLONK claim,measurement,true,true,ok,"{""application_units"":64.0,""constraint_count"":64.0}",,,,,,
6915cf2d-93e5-4525-a325-d07e16c2e483,2026-08-09T02:46:46.848350+00:00,C2-CONTROLLED-SNARK,controlled-groth16-pilot-v1,controlled_kernel,ark-groth16-0.6.0-bn254,5477ab05b549b750fa32dc9a1bc61898f74ebf21,de947ec44a622d90f62e247e4cad4e4a81bb578c8249825f66cc44a0179ee3b2,1422698080808560758,2,104,default,{},64,64,1,16,setup_or_preprocess,14.036511,,,,,,,,,,,,,phase,,,true,,,,,measured,within-stack pilot; no Groth16-versus-PLONK claim,measurement,true,true,ok,"{""constraint_count"":64.0}",,,,,,
6915cf2d-93e5-4525-a325-d07e16c2e483,2026-08-09T02:46:46.848369+00:00,C2-CONTROLLED-SNARK,controlled-groth16-pilot-v1,controlled_kernel,ark-groth16-0.6.0-bn254,5477ab05b549b750fa32dc9a1bc61898f74ebf21,de947ec44a622d90f62e247e4cad4e4a81bb578c8249825f66cc44a0179ee3b2,1422698080808560758,2,104,default,{},64,64,1,16,prove_total,7.874649,,,,,,,,,,,,,phase,,,true,,,,,measured,within-stack pilot; no Groth16-versus-PLONK claim,measurement,true,true,ok,"{""constraint_count"":64.0}",,,,,,
6915cf2d-93e5-4525-a325-d07e16c2e483,2026-08-09T02:46:46.848387+00:00,C2-CONTROLLED-SNARK,controlled-groth16-pilot-v1,controlled_kernel,ark-groth16-0.6.0-bn254,5477ab05b549b750fa32dc9a1bc61898f74ebf21,de947ec44a622d90f62e247e4cad4e4a81bb578c8249825f66cc44a0179ee3b2,1422698080808560758,2,104,default,{},64,64,1,16,serialize,0.003396,,,,,,,,,,,,,phase,,,true,,,,,measured,within-stack pilot; no Groth16-versus-PLONK claim,measurement,true,true,ok,"{""proof_bytes"":128.0}",,,,,,
6915cf2d-93e5-4525-a325-d07e16c2e483,2026-08-09T02:46:46.848404+00:00,C2-CONTROLLED-SNARK,controlled-groth16-pilot-v1,controlled_kernel,ark-groth16-0.6.0-bn254,5477ab05b549b750fa32dc9a1bc61898f74ebf21,de947ec44a622d90f62e247e4cad4e4a81bb578c8249825f66cc44a0179ee3b2,1422698080808560758,2,104,default,{},64,64,1,16,deserialize,0.208268,,,,,,,,,,,,,phase,,,true,,,,,measured,within-stack pilot; no Groth16-versus-PLONK claim,measurement,true,true,ok,"{""proof_bytes"":128.0}",,,,,,
6915cf2d-93e5-4525-a325-d07e16c2e483,2026-08-09T02:46:46.848421+00:00,C2-CONTROLLED-SNARK,controlled-groth16-pilot-v1,controlled_kernel,ark-groth16-0.6.0-bn254,5477ab05b549b750fa32dc9a1bc61898f74ebf21,de947ec44a622d90f62e247e4cad4e4a81bb578c8249825f66cc44a0179ee3b2,1422698080808560758,2,104,default,{},64,64,1,16,verify_core,1.287605,,,,,,,,,,,,,phase,,,true,,,,,measured,within-stack pilot; no Groth16-versus-PLONK claim,measurement,true,true,ok,{},,,,,,
6915cf2d-93e5-4525-a325-d07e16c2e483,2026-08-09T02:46:46.848437+00:00,C2-CONTROLLED-SNARK,controlled-groth16-pilot-v1,controlled_kernel,ark-groth16-0.6.0-bn254,5477ab05b549b750fa32dc9a1bc61898f74ebf21,de947ec44a622d90f62e247e4cad4e4a81bb578c8249825f66cc44a0179ee3b2,1422698080808560758,2,104,default,{},64,64,1,16,verify_total,1.496003,,,,,,,,,,,,,phase,,,true,,,,,measured,within-stack pilot; no Groth16-versus-PLONK claim,measurement,true,true,ok,{},,,,,,
6915cf2d-93e5-4525-a325-d07e16c2e483,2026-08-09T02:46:46.848453+00:00,C2-CONTROLLED-SNARK,controlled-groth16-pilot-v1,controlled_kernel,ark-groth16-0.6.0-bn254,5477ab05b549b750fa32dc9a1bc61898f74ebf21,de947ec44a622d90f62e247e4cad4e4a81bb578c8249825f66cc44a0179ee3b2,1422698080808560758,2,104,default,{},64,64,1,16,fft_ntt,,,,,,,,,,,,,,phase,,,true,,,ark-groth16 does not expose stable per-run phase hooks,,measured,within-stack pilot; no Groth16-versus-PLONK claim,measurement,true,false,unsupported,{},,,,,,
6915cf2d-93e5-4525-a325-d07e16c2e483,2026-08-09T02:46:46.848469+00:00,C2-CONTROLLED-SNARK,controlled-groth16-pilot-v1,controlled_kernel,ark-groth16-0.6.0-bn254,5477ab05b549b750fa32dc9a1bc61898f74ebf21,de947ec44a622d90f62e247e4cad4e4a81bb578c8249825f66cc44a0179ee3b2,1422698080808560758,2,104,default,{},64,64,1,16,msm,,,,,,,,,,,,,,phase,,,true,,,ark-groth16 does not expose stable per-run phase hooks,,measured,within-stack pilot; no Groth16-versus-PLONK claim,measurement,true,false,unsupported,{},,,,,,
6915cf2d-93e5-4525-a325-d07e16c2e483,2026-08-09T02:46:46.848484+00:00,C2-CONTROLLED-SNARK,controlled-groth16-pilot-v1,controlled_kernel,ark-groth16-0.6.0-bn254,5477ab05b549b750fa32dc9a1bc61898f74ebf21,de947ec44a622d90f62e247e4cad4e4a81bb578c8249825f66cc44a0179ee3b2,1422698080808560758,2,104,default,{},64,64,1,16,commitment,,,,,,,,,,,,,,phase,,,true,,,ark-groth16 does not expose stable per-run phase hooks,,measured,within-stack pilot; no Groth16-versus-PLONK claim,measurement,true,false,unsupported,{},,,,,,
6915cf2d-93e5-4525-a325-d07e16c2e483,2026-08-09T02:46:46.848509+00:00,C2-CONTROLLED-SNARK,controlled-groth16-pilot-v1,controlled_kernel,ark-groth16-0.6.0-bn254,5477ab05b549b750fa32dc9a1bc61898f74ebf21,de947ec44a622d90f62e247e4cad4e4a81bb578c8249825f66cc44a0179ee3b2,1422698080808560758,2,104,default,{},64,64,1,16,key_load,,,,,,,,,,,,,,phase,,,true,,,ark-groth16 does not expose stable per-run phase hooks,,measured,within-stack pilot; no Groth16-versus-PLONK claim,measurement,true,false,unsupported,{},,,,,,
6915cf2d-93e5-4525-a325-d07e16c2e483,2026-08-09T02:46:46.848525+00:00,C2-CONTROLLED-SNARK,controlled-groth16-pilot-v1,controlled_kernel,ark-groth16-0.6.0-bn254,5477ab05b549b750fa32dc9a1bc61898f74ebf21,de947ec44a622d90f62e247e4cad4e4a81bb578c8249825f66cc44a0179ee3b2,1422698080808560758,2,104,default,{},64,64,1,16,adapter_process_wall,77.995905,20.000000,5.085938,128,true,0,,339,956,,,,linux-procfs,process,,,true,,,"private commit and per-process swap I/O are unavailable; VmSwap reports allocation, not swap traffic; No documented hardware or OS energy counter is configured in WSL2",,measured,within-stack pilot; no Groth16-versus-PLONK claim,measurement,true,true,ok,{},64,2,64,r1cs_constraints,5.0,14
1a73f55e-015c-47b4-a0f7-f5f6bb442a41,2026-08-09T02:46:47.014258+00:00,C2-CONTROLLED-SNARK,controlled-groth16-pilot-v1,controlled_kernel,ark-groth16-0.6.0-bn254,5477ab05b549b750fa32dc9a1bc61898f74ebf21,de947ec44a622d90f62e247e4cad4e4a81bb578c8249825f66cc44a0179ee3b2,8311505645075102493,2,105,default,{},1024,1024,1,16,native_execution,0.694622,,,,,,,,,,,,,phase,,,true,wrong_public_input,,,,measured,within-stack pilot; no Groth16-versus-PLONK claim,measurement,true,true,ok,"{""application_units"":1024.0}",,,,,,
1a73f55e-015c-47b4-a0f7-f5f6bb442a41,2026-08-09T02:46:47.014352+00:00,C2-CONTROLLED-SNARK,controlled-groth16-pilot-v1,controlled_kernel,ark-groth16-0.6.0-bn254,5477ab05b549b750fa32dc9a1bc61898f74ebf21,de947ec44a622d90f62e247e4cad4e4a81bb578c8249825f66cc44a0179ee3b2,8311505645075102493,2,105,default,{},1024,1024,1,16,witness,12.404709,,,,,,,,,,,,,phase,,,true,wrong_public_input,,,,measured,within-stack pilot; no Groth16-versus-PLONK claim,measurement,true,true,ok,"{""application_units"":1024.0,""constraint_count"":1024.0}",,,,,,
1a73f55e-015c-47b4-a0f7-f5f6bb442a41,2026-08-09T02:46:47.014374+00:00,C2-CONTROLLED-SNARK,controlled-groth16-pilot-v1,controlled_kernel,ark-groth16-0.6.0-bn254,5477ab05b549b750fa32dc9a1bc61898f74ebf21,de947ec44a622d90f62e247e4cad4e4a81bb578c8249825f66cc44a0179ee3b2,8311505645075102493,2,105,default,{},1024,1024,1,16,setup_or_preprocess,54.791251,,,,,,,,,,,,,phase,,,true,wrong_public_input,,,,measured,within-stack pilot; no Groth16-versus-PLONK claim,measurement,true,true,ok,"{""constraint_count"":1024.0}",,,,,,
1a73f55e-015c-47b4-a0f7-f5f6bb442a41,2026-08-09T02:46:47.014389+00:00,C2-CONTROLLED-SNARK,controlled-groth16-pilot-v1,controlled_kernel,ark-groth16-0.6.0-bn254,5477ab05b549b750fa32dc9a1bc61898f74ebf21,de947ec44a622d90f62e247e4cad4e4a81bb578c8249825f66cc44a0179ee3b2,8311505645075102493,2,105,default,{},1024,1024,1,16,prove_total,46.253532,,,,,,,,,,,,,phase,,,true,wrong_public_input,,,,measured,within-stack pilot; no Groth16-versus-PLONK claim,measurement,true,true,ok,"{""constraint_count"":1024.0}",,,,,,
1a73f55e-015c-47b4-a0f7-f5f6bb442a41,2026-08-09T02:46:47.014403+00:00,C2-CONTROLLED-SNARK,controlled-groth16-pilot-v1,controlled_kernel,ark-groth16-0.6.0-bn254,5477ab05b549b750fa32dc9a1bc61898f74ebf21,de947ec44a622d90f62e247e4cad4e4a81bb578c8249825f66cc44a0179ee3b2,8311505645075102493,2,105,default,{},1024,1024,1,16,serialize,0.002925,,,,,,,,,,,,,phase,,,true,wrong_public_input,,,,measured,within-stack pilot; no Groth16-versus-PLONK claim,measurement,true,true,ok,"{""proof_bytes"":128.0}",,,,,,
1a73f55e-015c-47b4-a0f7-f5f6bb442a41,2026-08-09T02:46:47.014416+00:00,C2-CONTROLLED-SNARK,controlled-groth16-pilot-v1,controlled_kernel,ark-groth16-0.6.0-bn254,5477ab05b549b750fa32dc9a1bc61898f74ebf21,de947ec44a622d90f62e247e4cad4e4a81bb578c8249825f66cc44a0179ee3b2,8311505645075102493,2,105,default,{},1024,1024,1,16,deserialize,0.202897,,,,,,,,,,,,,phase,,,true,wrong_public_input,,,,measured,within-stack pilot; no Groth16-versus-PLONK claim,measurement,true,true,ok,"{""proof_bytes"":128.0}",,,,,,
1a73f55e-015c-47b4-a0f7-f5f6bb442a41,2026-08-09T02:46:47.014429+00:00,C2-CONTROLLED-SNARK,controlled-groth16-pilot-v1,controlled_kernel,ark-groth16-0.6.0-bn254,5477ab05b549b750fa32dc9a1bc61898f74ebf21,de947ec44a622d90f62e247e4cad4e4a81bb578c8249825f66cc44a0179ee3b2,8311505645075102493,2,105,default,{},1024,1024,1,16,verify_core,1.141313,,,,,,,,,,,,,phase,,,true,wrong_public_input,1.141313,,,measured,within-stack pilot; no Groth16-versus-PLONK claim,measurement,true,true,ok,{},,,,,,
1a73f55e-015c-47b4-a0f7-f5f6bb442a41,2026-08-09T02:46:47.014443+00:00,C2-CONTROLLED-SNARK,controlled-groth16-pilot-v1,controlled_kernel,ark-groth16-0.6.0-bn254,5477ab05b549b750fa32dc9a1bc61898f74ebf21,de947ec44a622d90f62e247e4cad4e4a81bb578c8249825f66cc44a0179ee3b2,8311505645075102493,2,105,default,{},1024,1024,1,16,invalid_reject,1.141313,,,,,,,,,,,,,phase,,,true,wrong_public_input,,,,measured,within-stack pilot; no Groth16-versus-PLONK claim,measurement,true,true,ok,{},,,,,,
1a73f55e-015c-47b4-a0f7-f5f6bb442a41,2026-08-09T02:46:47.014461+00:00,C2-CONTROLLED-SNARK,controlled-groth16-pilot-v1,controlled_kernel,ark-groth16-0.6.0-bn254,5477ab05b549b750fa32dc9a1bc61898f74ebf21,de947ec44a622d90f62e247e4cad4e4a81bb578c8249825f66cc44a0179ee3b2,8311505645075102493,2,105,default,{},1024,1024,1,16,verify_total,1.344531,,,,,,,,,,,,,phase,,,true,wrong_public_input,,,,measured,within-stack pilot; no Groth16-versus-PLONK claim,measurement,true,true,ok,{},,,,,,
1a73f55e-015c-47b4-a0f7-f5f6bb442a41,2026-08-09T02:46:47.014474+00:00,C2-CONTROLLED-SNARK,controlled-groth16-pilot-v1,controlled_kernel,ark-groth16-0.6.0-bn254,5477ab05b549b750fa32dc9a1bc61898f74ebf21,de947ec44a622d90f62e247e4cad4e4a81bb578c8249825f66cc44a0179ee3b2,8311505645075102493,2,105,default,{},1024,1024,1,16,fft_ntt,,,,,,,,,,,,,,phase,,,true,wrong_public_input,,ark-groth16 does not expose stable per-run phase hooks,,measured,within-stack pilot; no Groth16-versus-PLONK claim,measurement,true,false,unsupported,{},,,,,,
1a73f55e-015c-47b4-a0f7-f5f6bb442a41,2026-08-09T02:46:47.014487+00:00,C2-CONTROLLED-SNARK,controlled-groth16-pilot-v1,controlled_kernel,ark-groth16-0.6.0-bn254,5477ab05b549b750fa32dc9a1bc61898f74ebf21,de947ec44a622d90f62e247e4cad4e4a81bb578c8249825f66cc44a0179ee3b2,8311505645075102493,2,105,default,{},1024,1024,1,16,msm,,,,,,,,,,,,,,phase,,,true,wrong_public_input,,ark-groth16 does not expose stable per-run phase hooks,,measured,within-stack pilot; no Groth16-versus-PLONK claim,measurement,true,false,unsupported,{},,,,,,
1a73f55e-015c-47b4-a0f7-f5f6bb442a41,2026-08-09T02:46:47.014526+00:00,C2-CONTROLLED-SNARK,controlled-groth16-pilot-v1,controlled_kernel,ark-groth16-0.6.0-bn254,5477ab05b549b750fa32dc9a1bc61898f74ebf21,de947ec44a622d90f62e247e4cad4e4a81bb578c8249825f66cc44a0179ee3b2,8311505645075102493,2,105,default,{},1024,1024,1,16,commitment,,,,,,,,,,,,,,phase,,,true,wrong_public_input,,ark-groth16 does not expose stable per-run phase hooks,,measured,within-stack pilot; no Groth16-versus-PLONK claim,measurement,true,false,unsupported,{},,,,,,
1a73f55e-015c-47b4-a0f7-f5f6bb442a41,2026-08-09T02:46:47.014549+00:00,C2-CONTROLLED-SNARK,controlled-groth16-pilot-v1,controlled_kernel,ark-groth16-0.6.0-bn254,5477ab05b549b750fa32dc9a1bc61898f74ebf21,de947ec44a622d90f62e247e4cad4e4a81bb578c8249825f66cc44a0179ee3b2,8311505645075102493,2,105,default,{},1024,1024,1,16,key_load,,,,,,,,,,,,,,phase,,,true,wrong_public_input,,ark-groth16 does not expose stable per-run phase hooks,,measured,within-stack pilot; no Groth16-versus-PLONK claim,measurement,true,false,unsupported,{},,,,,,
1a73f55e-015c-47b4-a0f7-f5f6bb442a41,2026-08-09T02:46:47.014564+00:00,C2-CONTROLLED-SNARK,controlled-groth16-pilot-v1,controlled_kernel,ark-groth16-0.6.0-bn254,5477ab05b549b750fa32dc9a1bc61898f74ebf21,de947ec44a622d90f62e247e4cad4e4a81bb578c8249825f66cc44a0179ee3b2,8311505645075102493,2,105,default,{},1024,1024,1,16,adapter_process_wall,164.590148,100.000000,6.675781,128,false,0,cryptographic_rejection,1190,956,,,,linux-procfs,process,,,true,wrong_public_input,,"Linux procfs read failed: [Errno 13] Permission denied: '/proc/4659/io'; private commit and per-process swap I/O are unavailable; VmSwap reports allocation, not swap traffic; No documented hardware or OS energy counter is configured in WSL2",,measured,within-stack pilot; no Groth16-versus-PLONK claim,measurement,true,true,ok,{},1024,2,1024,r1cs_constraints,5.0,30
e241a927-a512-4668-a8a5-5ae67a7274c5,2026-08-09T02:46:47.423797+00:00,C2-CONTROLLED-SNARK,controlled-groth16-pilot-v1,controlled_kernel,ark-groth16-0.6.0-bn254,5477ab05b549b750fa32dc9a1bc61898f74ebf21,de947ec44a622d90f62e247e4cad4e4a81bb578c8249825f66cc44a0179ee3b2,4857815525151674898,1,106,default,{},4096,4096,1,16,native_execution,0.776660,,,,,,,,,,,,,phase,,,true,wrong_public_input,,,,measured,within-stack pilot; no Groth16-versus-PLONK claim,measurement,true,true,ok,"{""application_units"":4096.0}",,,,,,
e241a927-a512-4668-a8a5-5ae67a7274c5,2026-08-09T02:46:47.423867+00:00,C2-CONTROLLED-SNARK,controlled-groth16-pilot-v1,controlled_kernel,ark-groth16-0.6.0-bn254,5477ab05b549b750fa32dc9a1bc61898f74ebf21,de947ec44a622d90f62e247e4cad4e4a81bb578c8249825f66cc44a0179ee3b2,4857815525151674898,1,106,default,{},4096,4096,1,16,witness,36.640400,,,,,,,,,,,,,phase,,,true,wrong_public_input,,,,measured,within-stack pilot; no Groth16-versus-PLONK claim,measurement,true,true,ok,"{""application_units"":4096.0,""constraint_count"":4096.0}",,,,,,
e241a927-a512-4668-a8a5-5ae67a7274c5,2026-08-09T02:46:47.423888+00:00,C2-CONTROLLED-SNARK,controlled-groth16-pilot-v1,controlled_kernel,ark-groth16-0.6.0-bn254,5477ab05b549b750fa32dc9a1bc61898f74ebf21,de947ec44a622d90f62e247e4cad4e4a81bb578c8249825f66cc44a0179ee3b2,4857815525151674898,1,106,default,{},4096,4096,1,16,setup_or_preprocess,182.774506,,,,,,,,,,,,,phase,,,true,wrong_public_input,,,,measured,within-stack pilot; no Groth16-versus-PLONK claim,measurement,true,true,ok,"{""constraint_count"":4096.0}",,,,,,
e241a927-a512-4668-a8a5-5ae67a7274c5,2026-08-09T02:46:47.423904+00:00,C2-CONTROLLED-SNARK,controlled-groth16-pilot-v1,controlled_kernel,ark-groth16-0.6.0-bn254,5477ab05b549b750fa32dc9a1bc61898f74ebf21,de947ec44a622d90f62e247e4cad4e4a81bb578c8249825f66cc44a0179ee3b2,4857815525151674898,1,106,default,{},4096,4096,1,16,prove_total,137.403490,,,,,,,,,,,,,phase,,,true,wrong_public_input,,,,measured,within-stack pilot; no Groth16-versus-PLONK claim,measurement,true,true,ok,"{""constraint_count"":4096.0}",,,,,,
e241a927-a512-4668-a8a5-5ae67a7274c5,2026-08-09T02:46:47.423917+00:00,C2-CONTROLLED-SNARK,controlled-groth16-pilot-v1,controlled_kernel,ark-groth16-0.6.0-bn254,5477ab05b549b750fa32dc9a1bc61898f74ebf21,de947ec44a622d90f62e247e4cad4e4a81bb578c8249825f66cc44a0179ee3b2,4857815525151674898,1,106,default,{},4096,4096,1,16,serialize,0.003226,,,,,,,,,,,,,phase,,,true,wrong_public_input,,,,measured,within-stack pilot; no Groth16-versus-PLONK claim,measurement,true,true,ok,"{""proof_bytes"":128.0}",,,,,,
e241a927-a512-4668-a8a5-5ae67a7274c5,2026-08-09T02:46:47.423930+00:00,C2-CONTROLLED-SNARK,controlled-groth16-pilot-v1,controlled_kernel,ark-groth16-0.6.0-bn254,5477ab05b549b750fa32dc9a1bc61898f74ebf21,de947ec44a622d90f62e247e4cad4e4a81bb578c8249825f66cc44a0179ee3b2,4857815525151674898,1,106,default,{},4096,4096,1,16,deserialize,0.202156,,,,,,,,,,,,,phase,,,true,wrong_public_input,,,,measured,within-stack pilot; no Groth16-versus-PLONK claim,measurement,true,true,ok,"{""proof_bytes"":128.0}",,,,,,
e241a927-a512-4668-a8a5-5ae67a7274c5,2026-08-09T02:46:47.423943+00:00,C2-CONTROLLED-SNARK,controlled-groth16-pilot-v1,controlled_kernel,ark-groth16-0.6.0-bn254,5477ab05b549b750fa32dc9a1bc61898f74ebf21,de947ec44a622d90f62e247e4cad4e4a81bb578c8249825f66cc44a0179ee3b2,4857815525151674898,1,106,default,{},4096,4096,1,16,verify_core,1.164326,,,,,,,,,,,,,phase,,,true,wrong_public_input,1.164326,,,measured,within-stack pilot; no Groth16-versus-PLONK claim,measurement,true,true,ok,{},,,,,,
e241a927-a512-4668-a8a5-5ae67a7274c5,2026-08-09T02:46:47.423956+00:00,C2-CONTROLLED-SNARK,controlled-groth16-pilot-v1,controlled_kernel,ark-groth16-0.6.0-bn254,5477ab05b549b750fa32dc9a1bc61898f74ebf21,de947ec44a622d90f62e247e4cad4e4a81bb578c8249825f66cc44a0179ee3b2,4857815525151674898,1,106,default,{},4096,4096,1,16,invalid_reject,1.164326,,,,,,,,,,,,,phase,,,true,wrong_public_input,,,,measured,within-stack pilot; no Groth16-versus-PLONK claim,measurement,true,true,ok,{},,,,,,
e241a927-a512-4668-a8a5-5ae67a7274c5,2026-08-09T02:46:47.423969+00:00,C2-CONTROLLED-SNARK,controlled-groth16-pilot-v1,controlled_kernel,ark-groth16-0.6.0-bn254,5477ab05b549b750fa32dc9a1bc61898f74ebf21,de947ec44a622d90f62e247e4cad4e4a81bb578c8249825f66cc44a0179ee3b2,4857815525151674898,1,106,default,{},4096,4096,1,16,verify_total,1.366753,,,,,,,,,,,,,phase,,,true,wrong_public_input,,,,measured,within-stack pilot; no Groth16-versus-PLONK claim,measurement,true,true,ok,{},,,,,,
e241a927-a512-4668-a8a5-5ae67a7274c5,2026-08-09T02:46:47.423987+00:00,C2-CONTROLLED-SNARK,controlled-groth16-pilot-v1,controlled_kernel,ark-groth16-0.6.0-bn254,5477ab05b549b750fa32dc9a1bc61898f74ebf21,de947ec44a622d90f62e247e4cad4e4a81bb578c8249825f66cc44a0179ee3b2,4857815525151674898,1,106,default,{},4096,4096,1,16,fft_ntt,,,,,,,,,,,,,,phase,,,true,wrong_public_input,,ark-groth16 does not expose stable per-run phase hooks,,measured,within-stack pilot; no Groth16-versus-PLONK claim,measurement,true,false,unsupported,{},,,,,,
e241a927-a512-4668-a8a5-5ae67a7274c5,2026-08-09T02:46:47.424000+00:00,C2-CONTROLLED-SNARK,controlled-groth16-pilot-v1,controlled_kernel,ark-groth16-0.6.0-bn254,5477ab05b549b750fa32dc9a1bc61898f74ebf21,de947ec44a622d90f62e247e4cad4e4a81bb578c8249825f66cc44a0179ee3b2,4857815525151674898,1,106,default,{},4096,4096,1,16,msm,,,,,,,,,,,,,,phase,,,true,wrong_public_input,,ark-groth16 does not expose stable per-run phase hooks,,measured,within-stack pilot; no Groth16-versus-PLONK claim,measurement,true,false,unsupported,{},,,,,,
e241a927-a512-4668-a8a5-5ae67a7274c5,2026-08-09T02:46:47.424011+00:00,C2-CONTROLLED-SNARK,controlled-groth16-pilot-v1,controlled_kernel,ark-groth16-0.6.0-bn254,5477ab05b549b750fa32dc9a1bc61898f74ebf21,de947ec44a622d90f62e247e4cad4e4a81bb578c8249825f66cc44a0179ee3b2,4857815525151674898,1,106,default,{},4096,4096,1,16,commitment,,,,,,,,,,,,,,phase,,,true,wrong_public_input,,ark-groth16 does not expose stable per-run phase hooks,,measured,within-stack pilot; no Groth16-versus-PLONK claim,measurement,true,false,unsupported,{},,,,,,
e241a927-a512-4668-a8a5-5ae67a7274c5,2026-08-09T02:46:47.424023+00:00,C2-CONTROLLED-SNARK,controlled-groth16-pilot-v1,controlled_kernel,ark-groth16-0.6.0-bn254,5477ab05b549b750fa32dc9a1bc61898f74ebf21,de947ec44a622d90f62e247e4cad4e4a81bb578c8249825f66cc44a0179ee3b2,4857815525151674898,1,106,default,{},4096,4096,1,16,key_load,,,,,,,,,,,,,,phase,,,true,wrong_public_input,,ark-groth16 does not expose stable per-run phase hooks,,measured,within-stack pilot; no Groth16-versus-PLONK claim,measurement,true,false,unsupported,{},,,,,,
e241a927-a512-4668-a8a5-5ae67a7274c5,2026-08-09T02:46:47.424035+00:00,C2-CONTROLLED-SNARK,controlled-groth16-pilot-v1,controlled_kernel,ark-groth16-0.6.0-bn254,5477ab05b549b750fa32dc9a1bc61898f74ebf21,de947ec44a622d90f62e247e4cad4e4a81bb578c8249825f66cc44a0179ee3b2,4857815525151674898,1,106,default,{},4096,4096,1,16,adapter_process_wall,408.360245,360.000000,11.589844,128,false,0,cryptographic_rejection,3796,956,,,,linux-procfs,process,,,true,wrong_public_input,,"private commit and per-process swap I/O are unavailable; VmSwap reports allocation, not swap traffic; No documented hardware or OS energy counter is configured in WSL2",,measured,within-stack pilot; no Groth16-versus-PLONK claim,measurement,true,true,ok,{},4096,2,4096,r1cs_constraints,5.0,76
5135564d-7ec9-4b81-ac9d-593773e0a986,2026-08-09T02:46:47.586854+00:00,C2-CONTROLLED-SNARK,controlled-groth16-pilot-v1,controlled_kernel,ark-groth16-0.6.0-bn254,5477ab05b549b750fa32dc9a1bc61898f74ebf21,de947ec44a622d90f62e247e4cad4e4a81bb578c8249825f66cc44a0179ee3b2,5979391295532119979,0,107,default,{},1024,1024,1,16,native_execution,0.848085,,,,,,,,,,,,,phase,,,true,,,,,measured,within-stack pilot; no Groth16-versus-PLONK claim,measurement,true,true,ok,"{""application_units"":1024.0}",,,,,,
5135564d-7ec9-4b81-ac9d-593773e0a986,2026-08-09T02:46:47.586980+00:00,C2-CONTROLLED-SNARK,controlled-groth16-pilot-v1,controlled_kernel,ark-groth16-0.6.0-bn254,5477ab05b549b750fa32dc9a1bc61898f74ebf21,de947ec44a622d90f62e247e4cad4e4a81bb578c8249825f66cc44a0179ee3b2,5979391295532119979,0,107,default,{},1024,1024,1,16,witness,11.363626,,,,,,,,,,,,,phase,,,true,,,,,measured,within-stack pilot; no Groth16-versus-PLONK claim,measurement,true,true,ok,"{""application_units"":1024.0,""constraint_count"":1024.0}",,,,,,
5135564d-7ec9-4b81-ac9d-593773e0a986,2026-08-09T02:46:47.587006+00:00,C2-CONTROLLED-SNARK,controlled-groth16-pilot-v1,controlled_kernel,ark-groth16-0.6.0-bn254,5477ab05b549b750fa32dc9a1bc61898f74ebf21,de947ec44a622d90f62e247e4cad4e4a81bb578c8249825f66cc44a0179ee3b2,5979391295532119979,0,107,default,{},1024,1024,1,16,setup_or_preprocess,54.824514,,,,,,,,,,,,,phase,,,true,,,,,measured,within-stack pilot; no Groth16-versus-PLONK claim,measurement,true,true,ok,"{""constraint_count"":1024.0}",,,,,,
5135564d-7ec9-4b81-ac9d-593773e0a986,2026-08-09T02:46:47.587029+00:00,C2-CONTROLLED-SNARK,controlled-groth16-pilot-v1,controlled_kernel,ark-groth16-0.6.0-bn254,5477ab05b549b750fa32dc9a1bc61898f74ebf21,de947ec44a622d90f62e247e4cad4e4a81bb578c8249825f66cc44a0179ee3b2,5979391295532119979,0,107,default,{},1024,1024,1,16,prove_total,46.721493,,,,,,,,,,,,,phase,,,true,,,,,measured,within-stack pilot; no Groth16-versus-PLONK claim,measurement,true,true,ok,"{""constraint_count"":1024.0}",,,,,,
5135564d-7ec9-4b81-ac9d-593773e0a986,2026-08-09T02:46:47.587047+00:00,C2-CONTROLLED-SNARK,controlled-groth16-pilot-v1,controlled_kernel,ark-groth16-0.6.0-bn254,5477ab05b549b750fa32dc9a1bc61898f74ebf21,de947ec44a622d90f62e247e4cad4e4a81bb578c8249825f66cc44a0179ee3b2,5979391295532119979,0,107,default,{},1024,1024,1,16,serialize,0.003326,,,,,,,,,,,,,phase,,,true,,,,,measured,within-stack pilot; no Groth16-versus-PLONK claim,measurement,true,true,ok,"{""proof_bytes"":128.0}",,,,,,
5135564d-7ec9-4b81-ac9d-593773e0a986,2026-08-09T02:46:47.587063+00:00,C2-CONTROLLED-SNARK,controlled-groth16-pilot-v1,controlled_kernel,ark-groth16-0.6.0-bn254,5477ab05b549b750fa32dc9a1bc61898f74ebf21,de947ec44a622d90f62e247e4cad4e4a81bb578c8249825f66cc44a0179ee3b2,5979391295532119979,0,107,default,{},1024,1024,1,16,deserialize,0.164276,,,,,,,,,,,,,phase,,,true,,,,,measured,within-stack pilot; no Groth16-versus-PLONK claim,measurement,true,true,ok,"{""proof_bytes"":128.0}",,,,,,
5135564d-7ec9-4b81-ac9d-593773e0a986,2026-08-09T02:46:47.587079+00:00,C2-CONTROLLED-SNARK,controlled-groth16-pilot-v1,controlled_kernel,ark-groth16-0.6.0-bn254,5477ab05b549b750fa32dc9a1bc61898f74ebf21,de947ec44a622d90f62e247e4cad4e4a81bb578c8249825f66cc44a0179ee3b2,5979391295532119979,0,107,default,{},1024,1024,1,16,verify_core,1.015960,,,,,,,,,,,,,phase,,,true,,,,,measured,within-stack pilot; no Groth16-versus-PLONK claim,measurement,true,true,ok,{},,,,,,
5135564d-7ec9-4b81-ac9d-593773e0a986,2026-08-09T02:46:47.587095+00:00,C2-CONTROLLED-SNARK,controlled-groth16-pilot-v1,controlled_kernel,ark-groth16-0.6.0-bn254,5477ab05b549b750fa32dc9a1bc61898f74ebf21,de947ec44a622d90f62e247e4cad4e4a81bb578c8249825f66cc44a0179ee3b2,5979391295532119979,0,107,default,{},1024,1024,1,16,verify_total,1.180356,,,,,,,,,,,,,phase,,,true,,,,,measured,within-stack pilot; no Groth16-versus-PLONK claim,measurement,true,true,ok,{},,,,,,
5135564d-7ec9-4b81-ac9d-593773e0a986,2026-08-09T02:46:47.587111+00:00,C2-CONTROLLED-SNARK,controlled-groth16-pilot-v1,controlled_kernel,ark-groth16-0.6.0-bn254,5477ab05b549b750fa32dc9a1bc61898f74ebf21,de947ec44a622d90f62e247e4cad4e4a81bb578c8249825f66cc44a0179ee3b2,5979391295532119979,0,107,default,{},1024,1024,1,16,fft_ntt,,,,,,,,,,,,,,phase,,,true,,,ark-groth16 does not expose stable per-run phase hooks,,measured,within-stack pilot; no Groth16-versus-PLONK claim,measurement,true,false,unsupported,{},,,,,,
5135564d-7ec9-4b81-ac9d-593773e0a986,2026-08-09T02:46:47.587127+00:00,C2-CONTROLLED-SNARK,controlled-groth16-pilot-v1,controlled_kernel,ark-groth16-0.6.0-bn254,5477ab05b549b750fa32dc9a1bc61898f74ebf21,de947ec44a622d90f62e247e4cad4e4a81bb578c8249825f66cc44a0179ee3b2,5979391295532119979,0,107,default,{},1024,1024,1,16,msm,,,,,,,,,,,,,,phase,,,true,,,ark-groth16 does not expose stable per-run phase hooks,,measured,within-stack pilot; no Groth16-versus-PLONK claim,measurement,true,false,unsupported,{},,,,,,
5135564d-7ec9-4b81-ac9d-593773e0a986,2026-08-09T02:46:47.587145+00:00,C2-CONTROLLED-SNARK,controlled-groth16-pilot-v1,controlled_kernel,ark-groth16-0.6.0-bn254,5477ab05b549b750fa32dc9a1bc61898f74ebf21,de947ec44a622d90f62e247e4cad4e4a81bb578c8249825f66cc44a0179ee3b2,5979391295532119979,0,107,default,{},1024,1024,1,16,commitment,,,,,,,,,,,,,,phase,,,true,,,ark-groth16 does not expose stable per-run phase hooks,,measured,within-stack pilot; no Groth16-versus-PLONK claim,measurement,true,false,unsupported,{},,,,,,
5135564d-7ec9-4b81-ac9d-593773e0a986,2026-08-09T02:46:47.587160+00:00,C2-CONTROLLED-SNARK,controlled-groth16-pilot-v1,controlled_kernel,ark-groth16-0.6.0-bn254,5477ab05b549b750fa32dc9a1bc61898f74ebf21,de947ec44a622d90f62e247e4cad4e4a81bb578c8249825f66cc44a0179ee3b2,5979391295532119979,0,107,default,{},1024,1024,1,16,key_load,,,,,,,,,,,,,,phase,,,true,,,ark-groth16 does not expose stable per-run phase hooks,,measured,within-stack pilot; no Groth16-versus-PLONK claim,measurement,true,false,unsupported,{},,,,,,
5135564d-7ec9-4b81-ac9d-593773e0a986,2026-08-09T02:46:47.587176+00:00,C2-CONTROLLED-SNARK,controlled-groth16-pilot-v1,controlled_kernel,ark-groth16-0.6.0-bn254,5477ab05b549b750fa32dc9a1bc61898f74ebf21,de947ec44a622d90f62e247e4cad4e4a81bb578c8249825f66cc44a0179ee3b2,5979391295532119979,0,107,default,{},1024,1024,1,16,adapter_process_wall,161.917987,110.000000,6.425781,128,true,0,,1131,956,,,,linux-procfs,process,,,true,,,"private commit and per-process swap I/O are unavailable; VmSwap reports allocation, not swap traffic; No documented hardware or OS energy counter is configured in WSL2",,measured,within-stack pilot; no Groth16-versus-PLONK claim,measurement,true,true,ok,{},1024,2,1024,r1cs_constraints,5.0,30
365c42b3-b54f-4a29-b1ec-022f46bd741a,2026-08-09T02:46:47.753899+00:00,C2-CONTROLLED-SNARK,controlled-groth16-pilot-v1,controlled_kernel,ark-groth16-0.6.0-bn254,5477ab05b549b750fa32dc9a1bc61898f74ebf21,de947ec44a622d90f62e247e4cad4e4a81bb578c8249825f66cc44a0179ee3b2,156286572324019917,1,108,default,{},1024,1024,1,16,native_execution,0.557993,,,,,,,,,,,,,phase,,,true,wrong_public_input,,,,measured,within-stack pilot; no Groth16-versus-PLONK claim,measurement,true,true,ok,"{""application_units"":1024.0}",,,,,,
365c42b3-b54f-4a29-b1ec-022f46bd741a,2026-08-09T02:46:47.753974+00:00,C2-CONTROLLED-SNARK,controlled-groth16-pilot-v1,controlled_kernel,ark-groth16-0.6.0-bn254,5477ab05b549b750fa32dc9a1bc61898f74ebf21,de947ec44a622d90f62e247e4cad4e4a81bb578c8249825f66cc44a0179ee3b2,156286572324019917,1,108,default,{},1024,1024,1,16,witness,14.907586,,,,,,,,,,,,,phase,,,true,wrong_public_input,,,,measured,within-stack pilot; no Groth16-versus-PLONK claim,measurement,true,true,ok,"{""application_units"":1024.0,""constraint_count"":1024.0}",,,,,,
365c42b3-b54f-4a29-b1ec-022f46bd741a,2026-08-09T02:46:47.753998+00:00,C2-CONTROLLED-SNARK,controlled-groth16-pilot-v1,controlled_kernel,ark-groth16-0.6.0-bn254,5477ab05b549b750fa32dc9a1bc61898f74ebf21,de947ec44a622d90f62e247e4cad4e4a81bb578c8249825f66cc44a0179ee3b2,156286572324019917,1,108,default,{},1024,1024,1,16,setup_or_preprocess,56.710397,,,,,,,,,,,,,phase,,,true,wrong_public_input,,,,measured,within-stack pilot; no Groth16-versus-PLONK claim,measurement,true,true,ok,"{""constraint_count"":1024.0}",,,,,,
365c42b3-b54f-4a29-b1ec-022f46bd741a,2026-08-09T02:46:47.754017+00:00,C2-CONTROLLED-SNARK,controlled-groth16-pilot-v1,controlled_kernel,ark-groth16-0.6.0-bn254,5477ab05b549b750fa32dc9a1bc61898f74ebf21,de947ec44a622d90f62e247e4cad4e4a81bb578c8249825f66cc44a0179ee3b2,156286572324019917,1,108,default,{},1024,1024,1,16,prove_total,45.296683,,,,,,,,,,,,,phase,,,true,wrong_public_input,,,,measured,within-stack pilot; no Groth16-versus-PLONK claim,measurement,true,true,ok,"{""constraint_count"":1024.0}",,,,,,
365c42b3-b54f-4a29-b1ec-022f46bd741a,2026-08-09T02:46:47.754034+00:00,C2-CONTROLLED-SNARK,controlled-groth16-pilot-v1,controlled_kernel,ark-groth16-0.6.0-bn254,5477ab05b549b750fa32dc9a1bc61898f74ebf21,de947ec44a622d90f62e247e4cad4e4a81bb578c8249825f66cc44a0179ee3b2,156286572324019917,1,108,default,{},1024,1024,1,16,serialize,0.003416,,,,,,,,,,,,,phase,,,true,wrong_public_input,,,,measured,within-stack pilot; no Groth16-versus-PLONK claim,measurement,true,true,ok,"{""proof_bytes"":128.0}",,,,,,
365c42b3-b54f-4a29-b1ec-022f46bd741a,2026-08-09T02:46:47.754050+00:00,C2-CONTROLLED-SNARK,controlled-groth16-pilot-v1,controlled_kernel,ark-groth16-0.6.0-bn254,5477ab05b549b750fa32dc9a1bc61898f74ebf21,de947ec44a622d90f62e247e4cad4e4a81bb578c8249825f66cc44a0179ee3b2,156286572324019917,1,108,default,{},1024,1024,1,16,deserialize,0.213437,,,,,,,,,,,,,phase,,,true,wrong_public_input,,,,measured,within-stack pilot; no Groth16-versus-PLONK claim,measurement,true,true,ok,"{""proof_bytes"":128.0}",,,,,,
365c42b3-b54f-4a29-b1ec-022f46bd741a,2026-08-09T02:46:47.754066+00:00,C2-CONTROLLED-SNARK,controlled-groth16-pilot-v1,controlled_kernel,ark-groth16-0.6.0-bn254,5477ab05b549b750fa32dc9a1bc61898f74ebf21,de947ec44a622d90f62e247e4cad4e4a81bb578c8249825f66cc44a0179ee3b2,156286572324019917,1,108,default,{},1024,1024,1,16,verify_core,1.032541,,,,,,,,,,,,,phase,,,true,wrong_public_input,1.032541,,,measured,within-stack pilot; no Groth16-versus-PLONK claim,measurement,true,true,ok,{},,,,,,
365c42b3-b54f-4a29-b1ec-022f46bd741a,2026-08-09T02:46:47.754081+00:00,C2-CONTROLLED-SNARK,controlled-groth16-pilot-v1,controlled_kernel,ark-groth16-0.6.0-bn254,5477ab05b549b750fa32dc9a1bc61898f74ebf21,de947ec44a622d90f62e247e4cad4e4a81bb578c8249825f66cc44a0179ee3b2,156286572324019917,1,108,default,{},1024,1024,1,16,invalid_reject,1.032541,,,,,,,,,,,,,phase,,,true,wrong_public_input,,,,measured,within-stack pilot; no Groth16-versus-PLONK claim,measurement,true,true,ok,{},,,,,,
365c42b3-b54f-4a29-b1ec-022f46bd741a,2026-08-09T02:46:47.754097+00:00,C2-CONTROLLED-SNARK,controlled-groth16-pilot-v1,controlled_kernel,ark-groth16-0.6.0-bn254,5477ab05b549b750fa32dc9a1bc61898f74ebf21,de947ec44a622d90f62e247e4cad4e4a81bb578c8249825f66cc44a0179ee3b2,156286572324019917,1,108,default,{},1024,1024,1,16,verify_total,1.246449,,,,,,,,,,,,,phase,,,true,wrong_public_input,,,,measured,within-stack pilot; no Groth16-versus-PLONK claim,measurement,true,true,ok,{},,,,,,
365c42b3-b54f-4a29-b1ec-022f46bd741a,2026-08-09T02:46:47.754112+00:00,C2-CONTROLLED-SNARK,controlled-groth16-pilot-v1,controlled_kernel,ark-groth16-0.6.0-bn254,5477ab05b549b750fa32dc9a1bc61898f74ebf21,de947ec44a622d90f62e247e4cad4e4a81bb578c8249825f66cc44a0179ee3b2,156286572324019917,1,108,default,{},1024,1024,1,16,fft_ntt,,,,,,,,,,,,,,phase,,,true,wrong_public_input,,ark-groth16 does not expose stable per-run phase hooks,,measured,within-stack pilot; no Groth16-versus-PLONK claim,measurement,true,false,unsupported,{},,,,,,
365c42b3-b54f-4a29-b1ec-022f46bd741a,2026-08-09T02:46:47.754127+00:00,C2-CONTROLLED-SNARK,controlled-groth16-pilot-v1,controlled_kernel,ark-groth16-0.6.0-bn254,5477ab05b549b750fa32dc9a1bc61898f74ebf21,de947ec44a622d90f62e247e4cad4e4a81bb578c8249825f66cc44a0179ee3b2,156286572324019917,1,108,default,{},1024,1024,1,16,msm,,,,,,,,,,,,,,phase,,,true,wrong_public_input,,ark-groth16 does not expose stable per-run phase hooks,,measured,within-stack pilot; no Groth16-versus-PLONK claim,measurement,true,false,unsupported,{},,,,,,
365c42b3-b54f-4a29-b1ec-022f46bd741a,2026-08-09T02:46:47.754142+00:00,C2-CONTROLLED-SNARK,controlled-groth16-pilot-v1,controlled_kernel,ark-groth16-0.6.0-bn254,5477ab05b549b750fa32dc9a1bc61898f74ebf21,de947ec44a622d90f62e247e4cad4e4a81bb578c8249825f66cc44a0179ee3b2,156286572324019917,1,108,default,{},1024,1024,1,16,commitment,,,,,,,,,,,,,,phase,,,true,wrong_public_input,,ark-groth16 does not expose stable per-run phase hooks,,measured,within-stack pilot; no Groth16-versus-PLONK claim,measurement,true,false,unsupported,{},,,,,,
365c42b3-b54f-4a29-b1ec-022f46bd741a,2026-08-09T02:46:47.754156+00:00,C2-CONTROLLED-SNARK,controlled-groth16-pilot-v1,controlled_kernel,ark-groth16-0.6.0-bn254,5477ab05b549b750fa32dc9a1bc61898f74ebf21,de947ec44a622d90f62e247e4cad4e4a81bb578c8249825f66cc44a0179ee3b2,156286572324019917,1,108,default,{},1024,1024,1,16,key_load,,,,,,,,,,,,,,phase,,,true,wrong_public_input,,ark-groth16 does not expose stable per-run phase hooks,,measured,within-stack pilot; no Groth16-versus-PLONK claim,measurement,true,false,unsupported,{},,,,,,
365c42b3-b54f-4a29-b1ec-022f46bd741a,2026-08-09T02:46:47.754175+00:00,C2-CONTROLLED-SNARK,controlled-groth16-pilot-v1,controlled_kernel,ark-groth16-0.6.0-bn254,5477ab05b549b750fa32dc9a1bc61898f74ebf21,de947ec44a622d90f62e247e4cad4e4a81bb578c8249825f66cc44a0179ee3b2,156286572324019917,1,108,default,{},1024,1024,1,16,adapter_process_wall,165.421996,110.000000,6.441406,128,false,0,cryptographic_rejection,1132,956,,,,linux-procfs,process,,,true,wrong_public_input,,"private commit and per-process swap I/O are unavailable; VmSwap reports allocation, not swap traffic; No documented hardware or OS energy counter is configured in WSL2",,measured,within-stack pilot; no Groth16-versus-PLONK claim,measurement,true,true,ok,{},1024,2,1024,r1cs_constraints,5.0,31
9074aff8-4bca-48b4-8440-004638cde697,2026-08-09T02:46:48.068792+00:00,C2-CONTROLLED-SNARK,controlled-groth16-pilot-v1,controlled_kernel,ark-groth16-0.6.0-bn254,5477ab05b549b750fa32dc9a1bc61898f74ebf21,de947ec44a622d90f62e247e4cad4e4a81bb578c8249825f66cc44a0179ee3b2,9051626748391553185,2,109,default,{},1024,1024,8,16,native_execution,0.705618,,,,,,,,,,,,,phase,,,true,wrong_public_input,,,,measured,within-stack pilot; no Groth16-versus-PLONK claim,measurement,true,true,ok,"{""application_units"":1024.0}",,,,,,
9074aff8-4bca-48b4-8440-004638cde697,2026-08-09T02:46:48.068915+00:00,C2-CONTROLLED-SNARK,controlled-groth16-pilot-v1,controlled_kernel,ark-groth16-0.6.0-bn254,5477ab05b549b750fa32dc9a1bc61898f74ebf21,de947ec44a622d90f62e247e4cad4e4a81bb578c8249825f66cc44a0179ee3b2,9051626748391553185,2,109,default,{},1024,1024,8,16,witness,172.680922,,,,,,,,,,,,,phase,,,true,wrong_public_input,,,,measured,within-stack pilot; no Groth16-versus-PLONK claim,measurement,true,true,ok,"{""application_units"":1024.0,""constraint_count"":1024.0}",,,,,,
9074aff8-4bca-48b4-8440-004638cde697,2026-08-09T02:46:48.068938+00:00,C2-CONTROLLED-SNARK,controlled-groth16-pilot-v1,controlled_kernel,ark-groth16-0.6.0-bn254,5477ab05b549b750fa32dc9a1bc61898f74ebf21,de947ec44a622d90f62e247e4cad4e4a81bb578c8249825f66cc44a0179ee3b2,9051626748391553185,2,109,default,{},1024,1024,8,16,setup_or_preprocess,25.519891,,,,,,,,,,,,,phase,,,true,wrong_public_input,,,,measured,within-stack pilot; no Groth16-versus-PLONK claim,measurement,true,true,ok,"{""constraint_count"":1024.0}",,,,,,
9074aff8-4bca-48b4-8440-004638cde697,2026-08-09T02:46:48.068955+00:00,C2-CONTROLLED-SNARK,controlled-groth16-pilot-v1,controlled_kernel,ark-groth16-0.6.0-bn254,5477ab05b549b750fa32dc9a1bc61898f74ebf21,de947ec44a622d90f62e247e4cad4e4a81bb578c8249825f66cc44a0179ee3b2,9051626748391553185,2,109,default,{},1024,1024,8,16,prove_total,68.029051,,,,,,,,,,,,,phase,,,true,wrong_public_input,,,,measured,within-stack pilot; no Groth16-versus-PLONK claim,measurement,true,true,ok,"{""constraint_count"":1024.0}",,,,,,
9074aff8-4bca-48b4-8440-004638cde697,2026-08-09T02:46:48.068969+00:00,C2-CONTROLLED-SNARK,controlled-groth16-pilot-v1,controlled_kernel,ark-groth16-0.6.0-bn254,5477ab05b549b750fa32dc9a1bc61898f74ebf21,de947ec44a622d90f62e247e4cad4e4a81bb578c8249825f66cc44a0179ee3b2,9051626748391553185,2,109,default,{},1024,1024,8,16,serialize,0.003977,,,,,,,,,,,,,phase,,,true,wrong_public_input,,,,measured,within-stack pilot; no Groth16-versus-PLONK claim,measurement,true,true,ok,"{""proof_bytes"":128.0}",,,,,,
9074aff8-4bca-48b4-8440-004638cde697,2026-08-09T02:46:48.068984+00:00,C2-CONTROLLED-SNARK,controlled-groth16-pilot-v1,controlled_kernel,ark-groth16-0.6.0-bn254,5477ab05b549b750fa32dc9a1bc61898f74ebf21,de947ec44a622d90f62e247e4cad4e4a81bb578c8249825f66cc44a0179ee3b2,9051626748391553185,2,109,default,{},1024,1024,8,16,deserialize,0.178252,,,,,,,,,,,,,phase,,,true,wrong_public_input,,,,measured,within-stack pilot; no Groth16-versus-PLONK claim,measurement,true,true,ok,"{""proof_bytes"":128.0}",,,,,,
9074aff8-4bca-48b4-8440-004638cde697,2026-08-09T02:46:48.068998+00:00,C2-CONTROLLED-SNARK,controlled-groth16-pilot-v1,controlled_kernel,ark-groth16-0.6.0-bn254,5477ab05b549b750fa32dc9a1bc61898f74ebf21,de947ec44a622d90f62e247e4cad4e4a81bb578c8249825f66cc44a0179ee3b2,9051626748391553185,2,109,default,{},1024,1024,8,16,verify_core,1.069630,,,,,,,,,,,,,phase,,,true,wrong_public_input,1.069630,,,measured,within-stack pilot; no Groth16-versus-PLONK claim,measurement,true,true,ok,{},,,,,,
9074aff8-4bca-48b4-8440-004638cde697,2026-08-09T02:46:48.069012+00:00,C2-CONTROLLED-SNARK,controlled-groth16-pilot-v1,controlled_kernel,ark-groth16-0.6.0-bn254,5477ab05b549b750fa32dc9a1bc61898f74ebf21,de947ec44a622d90f62e247e4cad4e4a81bb578c8249825f66cc44a0179ee3b2,9051626748391553185,2,109,default,{},1024,1024,8,16,invalid_reject,1.069630,,,,,,,,,,,,,phase,,,true,wrong_public_input,,,,measured,within-stack pilot; no Groth16-versus-PLONK claim,measurement,true,true,ok,{},,,,,,
9074aff8-4bca-48b4-8440-004638cde697,2026-08-09T02:46:48.069026+00:00,C2-CONTROLLED-SNARK,controlled-groth16-pilot-v1,controlled_kernel,ark-groth16-0.6.0-bn254,5477ab05b549b750fa32dc9a1bc61898f74ebf21,de947ec44a622d90f62e247e4cad4e4a81bb578c8249825f66cc44a0179ee3b2,9051626748391553185,2,109,default,{},1024,1024,8,16,verify_total,1.248222,,,,,,,,,,,,,phase,,,true,wrong_public_input,,,,measured,within-stack pilot; no Groth16-versus-PLONK claim,measurement,true,true,ok,{},,,,,,
9074aff8-4bca-48b4-8440-004638cde697,2026-08-09T02:46:48.069046+00:00,C2-CONTROLLED-SNARK,controlled-groth16-pilot-v1,controlled_kernel,ark-groth16-0.6.0-bn254,5477ab05b549b750fa32dc9a1bc61898f74ebf21,de947ec44a622d90f62e247e4cad4e4a81bb578c8249825f66cc44a0179ee3b2,9051626748391553185,2,109,default,{},1024,1024,8,16,fft_ntt,,,,,,,,,,,,,,phase,,,true,wrong_public_input,,ark-groth16 does not expose stable per-run phase hooks,,measured,within-stack pilot; no Groth16-versus-PLONK claim,measurement,true,false,unsupported,{},,,,,,
9074aff8-4bca-48b4-8440-004638cde697,2026-08-09T02:46:48.069060+00:00,C2-CONTROLLED-SNARK,controlled-groth16-pilot-v1,controlled_kernel,ark-groth16-0.6.0-bn254,5477ab05b549b750fa32dc9a1bc61898f74ebf21,de947ec44a622d90f62e247e4cad4e4a81bb578c8249825f66cc44a0179ee3b2,9051626748391553185,2,109,default,{},1024,1024,8,16,msm,,,,,,,,,,,,,,phase,,,true,wrong_public_input,,ark-groth16 does not expose stable per-run phase hooks,,measured,within-stack pilot; no Groth16-versus-PLONK claim,measurement,true,false,unsupported,{},,,,,,
9074aff8-4bca-48b4-8440-004638cde697,2026-08-09T02:46:48.069072+00:00,C2-CONTROLLED-SNARK,controlled-groth16-pilot-v1,controlled_kernel,ark-groth16-0.6.0-bn254,5477ab05b549b750fa32dc9a1bc61898f74ebf21,de947ec44a622d90f62e247e4cad4e4a81bb578c8249825f66cc44a0179ee3b2,9051626748391553185,2,109,default,{},1024,1024,8,16,commitment,,,,,,,,,,,,,,phase,,,true,wrong_public_input,,ark-groth16 does not expose stable per-run phase hooks,,measured,within-stack pilot; no Groth16-versus-PLONK claim,measurement,true,false,unsupported,{},,,,,,
9074aff8-4bca-48b4-8440-004638cde697,2026-08-09T02:46:48.069088+00:00,C2-CONTROLLED-SNARK,controlled-groth16-pilot-v1,controlled_kernel,ark-groth16-0.6.0-bn254,5477ab05b549b750fa32dc9a1bc61898f74ebf21,de947ec44a622d90f62e247e4cad4e4a81bb578c8249825f66cc44a0179ee3b2,9051626748391553185,2,109,default,{},1024,1024,8,16,key_load,,,,,,,,,,,,,,phase,,,true,wrong_public_input,,ark-groth16 does not expose stable per-run phase hooks,,measured,within-stack pilot; no Groth16-versus-PLONK claim,measurement,true,false,unsupported,{},,,,,,
9074aff8-4bca-48b4-8440-004638cde697,2026-08-09T02:46:48.069100+00:00,C2-CONTROLLED-SNARK,controlled-groth16-pilot-v1,controlled_kernel,ark-groth16-0.6.0-bn254,5477ab05b549b750fa32dc9a1bc61898f74ebf21,de947ec44a622d90f62e247e4cad4e4a81bb578c8249825f66cc44a0179ee3b2,9051626748391553185,2,109,default,{},1024,1024,8,16,adapter_process_wall,313.729679,770.000000,8.488281,128,false,0,cryptographic_rejection,1416,956,,,,linux-procfs,process,,,true,wrong_public_input,,"private commit and per-process swap I/O are unavailable; VmSwap reports allocation, not swap traffic; No documented hardware or OS energy counter is configured in WSL2",,measured,within-stack pilot; no Groth16-versus-PLONK claim,measurement,true,true,ok,{},1024,2,1024,r1cs_constraints,5.0,58
2564a201-050a-459d-9037-fb311a91eb75,2026-08-09T02:46:48.151682+00:00,C2-CONTROLLED-SNARK,controlled-groth16-pilot-v1,controlled_kernel,ark-groth16-0.6.0-bn254,5477ab05b549b750fa32dc9a1bc61898f74ebf21,de947ec44a622d90f62e247e4cad4e4a81bb578c8249825f66cc44a0179ee3b2,3269998540988214514,1,110,default,{},256,256,1,16,native_execution,0.006402,,,,,,,,,,,,,phase,,,true,,,,,measured,within-stack pilot; no Groth16-versus-PLONK claim,measurement,true,true,ok,"{""application_units"":256.0}",,,,,,
2564a201-050a-459d-9037-fb311a91eb75,2026-08-09T02:46:48.151758+00:00,C2-CONTROLLED-SNARK,controlled-groth16-pilot-v1,controlled_kernel,ark-groth16-0.6.0-bn254,5477ab05b549b750fa32dc9a1bc61898f74ebf21,de947ec44a622d90f62e247e4cad4e4a81bb578c8249825f66cc44a0179ee3b2,3269998540988214514,1,110,default,{},256,256,1,16,witness,1.926934,,,,,,,,,,,,,phase,,,true,,,,,measured,within-stack pilot; no Groth16-versus-PLONK claim,measurement,true,true,ok,"{""application_units"":256.0,""constraint_count"":256.0}",,,,,,
2564a201-050a-459d-9037-fb311a91eb75,2026-08-09T02:46:48.151780+00:00,C2-CONTROLLED-SNARK,controlled-groth16-pilot-v1,controlled_kernel,ark-groth16-0.6.0-bn254,5477ab05b549b750fa32dc9a1bc61898f74ebf21,de947ec44a622d90f62e247e4cad4e4a81bb578c8249825f66cc44a0179ee3b2,3269998540988214514,1,110,default,{},256,256,1,16,setup_or_preprocess,20.005601,,,,,,,,,,,,,phase,,,true,,,,,measured,within-stack pilot; no Groth16-versus-PLONK claim,measurement,true,true,ok,"{""constraint_count"":256.0}",,,,,,
2564a201-050a-459d-9037-fb311a91eb75,2026-08-09T02:46:48.151797+00:00,C2-CONTROLLED-SNARK,controlled-groth16-pilot-v1,controlled_kernel,ark-groth16-0.6.0-bn254,5477ab05b549b750fa32dc9a1bc61898f74ebf21,de947ec44a622d90f62e247e4cad4e4a81bb578c8249825f66cc44a0179ee3b2,3269998540988214514,1,110,default,{},256,256,1,16,prove_total,16.696946,,,,,,,,,,,,,phase,,,true,,,,,measured,within-stack pilot; no Groth16-versus-PLONK claim,measurement,true,true,ok,"{""constraint_count"":256.0}",,,,,,
2564a201-050a-459d-9037-fb311a91eb75,2026-08-09T02:46:48.151811+00:00,C2-CONTROLLED-SNARK,controlled-groth16-pilot-v1,controlled_kernel,ark-groth16-0.6.0-bn254,5477ab05b549b750fa32dc9a1bc61898f74ebf21,de947ec44a622d90f62e247e4cad4e4a81bb578c8249825f66cc44a0179ee3b2,3269998540988214514,1,110,default,{},256,256,1,16,serialize,0.002164,,,,,,,,,,,,,phase,,,true,,,,,measured,within-stack pilot; no Groth16-versus-PLONK claim,measurement,true,true,ok,"{""proof_bytes"":128.0}",,,,,,
2564a201-050a-459d-9037-fb311a91eb75,2026-08-09T02:46:48.151825+00:00,C2-CONTROLLED-SNARK,controlled-groth16-pilot-v1,controlled_kernel,ark-groth16-0.6.0-bn254,5477ab05b549b750fa32dc9a1bc61898f74ebf21,de947ec44a622d90f62e247e4cad4e4a81bb578c8249825f66cc44a0179ee3b2,3269998540988214514,1,110,default,{},256,256,1,16,deserialize,0.201114,,,,,,,,,,,,,phase,,,true,,,,,measured,within-stack pilot; no Groth16-versus-PLONK claim,measurement,true,true,ok,"{""proof_bytes"":128.0}",,,,,,
2564a201-050a-459d-9037-fb311a91eb75,2026-08-09T02:46:48.151838+00:00,C2-CONTROLLED-SNARK,controlled-groth16-pilot-v1,controlled_kernel,ark-groth16-0.6.0-bn254,5477ab05b549b750fa32dc9a1bc61898f74ebf21,de947ec44a622d90f62e247e4cad4e4a81bb578c8249825f66cc44a0179ee3b2,3269998540988214514,1,110,default,{},256,256,1,16,verify_core,1.075441,,,,,,,,,,,,,phase,,,true,,,,,measured,within-stack pilot; no Groth16-versus-PLONK claim,measurement,true,true,ok,{},,,,,,
2564a201-050a-459d-9037-fb311a91eb75,2026-08-09T02:46:48.151850+00:00,C2-CONTROLLED-SNARK,controlled-groth16-pilot-v1,controlled_kernel,ark-groth16-0.6.0-bn254,5477ab05b549b750fa32dc9a1bc61898f74ebf21,de947ec44a622d90f62e247e4cad4e4a81bb578c8249825f66cc44a0179ee3b2,3269998540988214514,1,110,default,{},256,256,1,16,verify_total,1.276686,,,,,,,,,,,,,phase,,,true,,,,,measured,within-stack pilot; no Groth16-versus-PLONK claim,measurement,true,true,ok,{},,,,,,
2564a201-050a-459d-9037-fb311a91eb75,2026-08-09T02:46:48.151863+00:00,C2-CONTROLLED-SNARK,controlled-groth16-pilot-v1,controlled_kernel,ark-groth16-0.6.0-bn254,5477ab05b549b750fa32dc9a1bc61898f74ebf21,de947ec44a622d90f62e247e4cad4e4a81bb578c8249825f66cc44a0179ee3b2,3269998540988214514,1,110,default,{},256,256,1,16,fft_ntt,,,,,,,,,,,,,,phase,,,true,,,ark-groth16 does not expose stable per-run phase hooks,,measured,within-stack pilot; no Groth16-versus-PLONK claim,measurement,true,false,unsupported,{},,,,,,
2564a201-050a-459d-9037-fb311a91eb75,2026-08-09T02:46:48.151876+00:00,C2-CONTROLLED-SNARK,controlled-groth16-pilot-v1,controlled_kernel,ark-groth16-0.6.0-bn254,5477ab05b549b750fa32dc9a1bc61898f74ebf21,de947ec44a622d90f62e247e4cad4e4a81bb578c8249825f66cc44a0179ee3b2,3269998540988214514,1,110,default,{},256,256,1,16,msm,,,,,,,,,,,,,,phase,,,true,,,ark-groth16 does not expose stable per-run phase hooks,,measured,within-stack pilot; no Groth16-versus-PLONK claim,measurement,true,false,unsupported,{},,,,,,
2564a201-050a-459d-9037-fb311a91eb75,2026-08-09T02:46:48.151888+00:00,C2-CONTROLLED-SNARK,controlled-groth16-pilot-v1,controlled_kernel,ark-groth16-0.6.0-bn254,5477ab05b549b750fa32dc9a1bc61898f74ebf21,de947ec44a622d90f62e247e4cad4e4a81bb578c8249825f66cc44a0179ee3b2,3269998540988214514,1,110,default,{},256,256,1,16,commitment,,,,,,,,,,,,,,phase,,,true,,,ark-groth16 does not expose stable per-run phase hooks,,measured,within-stack pilot; no Groth16-versus-PLONK claim,measurement,true,false,unsupported,{},,,,,,
2564a201-050a-459d-9037-fb311a91eb75,2026-08-09T02:46:48.151900+00:00,C2-CONTROLLED-SNARK,controlled-groth16-pilot-v1,controlled_kernel,ark-groth16-0.6.0-bn254,5477ab05b549b750fa32dc9a1bc61898f74ebf21,de947ec44a622d90f62e247e4cad4e4a81bb578c8249825f66cc44a0179ee3b2,3269998540988214514,1,110,default,{},256,256,1,16,key_load,,,,,,,,,,,,,,phase,,,true,,,ark-groth16 does not expose stable per-run phase hooks,,measured,within-stack pilot; no Groth16-versus-PLONK claim,measurement,true,false,unsupported,{},,,,,,
2564a201-050a-459d-9037-fb311a91eb75,2026-08-09T02:46:48.151912+00:00,C2-CONTROLLED-SNARK,controlled-groth16-pilot-v1,controlled_kernel,ark-groth16-0.6.0-bn254,5477ab05b549b750fa32dc9a1bc61898f74ebf21,de947ec44a622d90f62e247e4cad4e4a81bb578c8249825f66cc44a0179ee3b2,3269998540988214514,1,110,default,{},256,256,1,16,adapter_process_wall,81.073341,40.000000,5.371094,128,true,0,,464,956,,,,linux-procfs,process,,,true,,,"private commit and per-process swap I/O are unavailable; VmSwap reports allocation, not swap traffic; No documented hardware or OS energy counter is configured in WSL2",,measured,within-stack pilot; no Groth16-versus-PLONK claim,measurement,true,true,ok,{},256,2,256,r1cs_constraints,5.0,15
86313836-2b7f-4ce0-95cf-bb39cec61fa8,2026-08-09T02:46:48.496329+00:00,C2-CONTROLLED-SNARK,controlled-groth16-pilot-v1,controlled_kernel,ark-groth16-0.6.0-bn254,5477ab05b549b750fa32dc9a1bc61898f74ebf21,de947ec44a622d90f62e247e4cad4e4a81bb578c8249825f66cc44a0179ee3b2,1113096606543738808,2,111,default,{},4096,4096,2,16,native_execution,0.672071,,,,,,,,,,,,,phase,,,true,,,,,measured,within-stack pilot; no Groth16-versus-PLONK claim,measurement,true,true,ok,"{""application_units"":4096.0}",,,,,,
86313836-2b7f-4ce0-95cf-bb39cec61fa8,2026-08-09T02:46:48.496392+00:00,C2-CONTROLLED-SNARK,controlled-groth16-pilot-v1,controlled_kernel,ark-groth16-0.6.0-bn254,5477ab05b549b750fa32dc9a1bc61898f74ebf21,de947ec44a622d90f62e247e4cad4e4a81bb578c8249825f66cc44a0179ee3b2,1113096606543738808,2,111,default,{},4096,4096,2,16,witness,113.504776,,,,,,,,,,,,,phase,,,true,,,,,measured,within-stack pilot; no Groth16-versus-PLONK claim,measurement,true,true,ok,"{""application_units"":4096.0,""constraint_count"":4096.0}",,,,,,
86313836-2b7f-4ce0-95cf-bb39cec61fa8,2026-08-09T02:46:48.496412+00:00,C2-CONTROLLED-SNARK,controlled-groth16-pilot-v1,controlled_kernel,ark-groth16-0.6.0-bn254,5477ab05b549b750fa32dc9a1bc61898f74ebf21,de947ec44a622d90f62e247e4cad4e4a81bb578c8249825f66cc44a0179ee3b2,1113096606543738808,2,111,default,{},4096,4096,2,16,setup_or_preprocess,92.388725,,,,,,,,,,,,,phase,,,true,,,,,measured,within-stack pilot; no Groth16-versus-PLONK claim,measurement,true,true,ok,"{""constraint_count"":4096.0}",,,,,,
86313836-2b7f-4ce0-95cf-bb39cec61fa8,2026-08-09T02:46:48.496427+00:00,C2-CONTROLLED-SNARK,controlled-groth16-pilot-v1,controlled_kernel,ark-groth16-0.6.0-bn254,5477ab05b549b750fa32dc9a1bc61898f74ebf21,de947ec44a622d90f62e247e4cad4e4a81bb578c8249825f66cc44a0179ee3b2,1113096606543738808,2,111,default,{},4096,4096,2,16,prove_total,81.891682,,,,,,,,,,,,,phase,,,true,,,,,measured,within-stack pilot; no Groth16-versus-PLONK claim,measurement,true,true,ok,"{""constraint_count"":4096.0}",,,,,,
86313836-2b7f-4ce0-95cf-bb39cec61fa8,2026-08-09T02:46:48.496441+00:00,C2-CONTROLLED-SNARK,controlled-groth16-pilot-v1,controlled_kernel,ark-groth16-0.6.0-bn254,5477ab05b549b750fa32dc9a1bc61898f74ebf21,de947ec44a622d90f62e247e4cad4e4a81bb578c8249825f66cc44a0179ee3b2,1113096606543738808,2,111,default,{},4096,4096,2,16,serialize,0.002094,,,,,,,,,,,,,phase,,,true,,,,,measured,within-stack pilot; no Groth16-versus-PLONK claim,measurement,true,true,ok,"{""proof_bytes"":128.0}",,,,,,
86313836-2b7f-4ce0-95cf-bb39cec61fa8,2026-08-09T02:46:48.496455+00:00,C2-CONTROLLED-SNARK,controlled-groth16-pilot-v1,controlled_kernel,ark-groth16-0.6.0-bn254,5477ab05b549b750fa32dc9a1bc61898f74ebf21,de947ec44a622d90f62e247e4cad4e4a81bb578c8249825f66cc44a0179ee3b2,1113096606543738808,2,111,default,{},4096,4096,2,16,deserialize,0.208958,,,,,,,,,,,,,phase,,,true,,,,,measured,within-stack pilot; no Groth16-versus-PLONK claim,measurement,true,true,ok,"{""proof_bytes"":128.0}",,,,,,
86313836-2b7f-4ce0-95cf-bb39cec61fa8,2026-08-09T02:46:48.496467+00:00,C2-CONTROLLED-SNARK,controlled-groth16-pilot-v1,controlled_kernel,ark-groth16-0.6.0-bn254,5477ab05b549b750fa32dc9a1bc61898f74ebf21,de947ec44a622d90f62e247e4cad4e4a81bb578c8249825f66cc44a0179ee3b2,1113096606543738808,2,111,default,{},4096,4096,2,16,verify_core,1.185476,,,,,,,,,,,,,phase,,,true,,,,,measured,within-stack pilot; no Groth16-versus-PLONK claim,measurement,true,true,ok,{},,,,,,
86313836-2b7f-4ce0-95cf-bb39cec61fa8,2026-08-09T02:46:48.496480+00:00,C2-CONTROLLED-SNARK,controlled-groth16-pilot-v1,controlled_kernel,ark-groth16-0.6.0-bn254,5477ab05b549b750fa32dc9a1bc61898f74ebf21,de947ec44a622d90f62e247e4cad4e4a81bb578c8249825f66cc44a0179ee3b2,1113096606543738808,2,111,default,{},4096,4096,2,16,verify_total,1.394655,,,,,,,,,,,,,phase,,,true,,,,,measured,within-stack pilot; no Groth16-versus-PLONK claim,measurement,true,true,ok,{},,,,,,
86313836-2b7f-4ce0-95cf-bb39cec61fa8,2026-08-09T02:46:48.496492+00:00,C2-CONTROLLED-SNARK,controlled-groth16-pilot-v1,controlled_kernel,ark-groth16-0.6.0-bn254,5477ab05b549b750fa32dc9a1bc61898f74ebf21,de947ec44a622d90f62e247e4cad4e4a81bb578c8249825f66cc44a0179ee3b2,1113096606543738808,2,111,default,{},4096,4096,2,16,fft_ntt,,,,,,,,,,,,,,phase,,,true,,,ark-groth16 does not expose stable per-run phase hooks,,measured,within-stack pilot; no Groth16-versus-PLONK claim,measurement,true,false,unsupported,{},,,,,,
86313836-2b7f-4ce0-95cf-bb39cec61fa8,2026-08-09T02:46:48.496505+00:00,C2-CONTROLLED-SNARK,controlled-groth16-pilot-v1,controlled_kernel,ark-groth16-0.6.0-bn254,5477ab05b549b750fa32dc9a1bc61898f74ebf21,de947ec44a622d90f62e247e4cad4e4a81bb578c8249825f66cc44a0179ee3b2,1113096606543738808,2,111,default,{},4096,4096,2,16,msm,,,,,,,,,,,,,,phase,,,true,,,ark-groth16 does not expose stable per-run phase hooks,,measured,within-stack pilot; no Groth16-versus-PLONK claim,measurement,true,false,unsupported,{},,,,,,
86313836-2b7f-4ce0-95cf-bb39cec61fa8,2026-08-09T02:46:48.496517+00:00,C2-CONTROLLED-SNARK,controlled-groth16-pilot-v1,controlled_kernel,ark-groth16-0.6.0-bn254,5477ab05b549b750fa32dc9a1bc61898f74ebf21,de947ec44a622d90f62e247e4cad4e4a81bb578c8249825f66cc44a0179ee3b2,1113096606543738808,2,111,default,{},4096,4096,2,16,commitment,,,,,,,,,,,,,,phase,,,true,,,ark-groth16 does not expose stable per-run phase hooks,,measured,within-stack pilot; no Groth16-versus-PLONK claim,measurement,true,false,unsupported,{},,,,,,
86313836-2b7f-4ce0-95cf-bb39cec61fa8,2026-08-09T02:46:48.496534+00:00,C2-CONTROLLED-SNARK,controlled-groth16-pilot-v1,controlled_kernel,ark-groth16-0.6.0-bn254,5477ab05b549b750fa32dc9a1bc61898f74ebf21,de947ec44a622d90f62e247e4cad4e4a81bb578c8249825f66cc44a0179ee3b2,1113096606543738808,2,111,default,{},4096,4096,2,16,key_load,,,,,,,,,,,,,,phase,,,true,,,ark-groth16 does not expose stable per-run phase hooks,,measured,within-stack pilot; no Groth16-versus-PLONK claim,measurement,true,false,unsupported,{},,,,,,
86313836-2b7f-4ce0-95cf-bb39cec61fa8,2026-08-09T02:46:48.496546+00:00,C2-CONTROLLED-SNARK,controlled-groth16-pilot-v1,controlled_kernel,ark-groth16-0.6.0-bn254,5477ab05b549b750fa32dc9a1bc61898f74ebf21,de947ec44a622d90f62e247e4cad4e4a81bb578c8249825f66cc44a0179ee3b2,1113096606543738808,2,111,default,{},4096,4096,2,16,adapter_process_wall,343.472187,510.000000,14.628906,128,true,0,,3881,956,,,,linux-procfs,process,,,true,,,"Linux procfs read failed: [Errno 13] Permission denied: '/proc/4753/io'; private commit and per-process swap I/O are unavailable; VmSwap reports allocation, not swap traffic; No documented hardware or OS energy counter is configured in WSL2",,measured,within-stack pilot; no Groth16-versus-PLONK claim,measurement,true,true,ok,{},4096,2,4096,r1cs_constraints,5.0,63
d0d16615-beda-4339-9940-cebaa24a2573,2026-08-09T02:46:49.361953+00:00,C2-CONTROLLED-SNARK,controlled-groth16-pilot-v1,controlled_kernel,ark-groth16-0.6.0-bn254,5477ab05b549b750fa32dc9a1bc61898f74ebf21,de947ec44a622d90f62e247e4cad4e4a81bb578c8249825f66cc44a0179ee3b2,749052726128541795,0,112,default,{},4096,4096,8,16,native_execution,0.713297,,,,,,,,,,,,,phase,,,true,wrong_public_input,,,,measured,within-stack pilot; no Groth16-versus-PLONK claim,measurement,true,true,ok,"{""application_units"":4096.0}",,,,,,
d0d16615-beda-4339-9940-cebaa24a2573,2026-08-09T02:46:49.362017+00:00,C2-CONTROLLED-SNARK,controlled-groth16-pilot-v1,controlled_kernel,ark-groth16-0.6.0-bn254,5477ab05b549b750fa32dc9a1bc61898f74ebf21,de947ec44a622d90f62e247e4cad4e4a81bb578c8249825f66cc44a0179ee3b2,749052726128541795,0,112,default,{},4096,4096,8,16,witness,662.157715,,,,,,,,,,,,,phase,,,true,wrong_public_input,,,,measured,within-stack pilot; no Groth16-versus-PLONK claim,measurement,true,true,ok,"{""application_units"":4096.0,""constraint_count"":4096.0}",,,,,,
d0d16615-beda-4339-9940-cebaa24a2573,2026-08-09T02:46:49.362037+00:00,C2-CONTROLLED-SNARK,controlled-groth16-pilot-v1,controlled_kernel,ark-groth16-0.6.0-bn254,5477ab05b549b750fa32dc9a1bc61898f74ebf21,de947ec44a622d90f62e247e4cad4e4a81bb578c8249825f66cc44a0179ee3b2,749052726128541795,0,112,default,{},4096,4096,8,16,setup_or_preprocess,45.033394,,,,,,,,,,,,,phase,,,true,wrong_public_input,,,,measured,within-stack pilot; no Groth16-versus-PLONK claim,measurement,true,true,ok,"{""constraint_count"":4096.0}",,,,,,
d0d16615-beda-4339-9940-cebaa24a2573,2026-08-09T02:46:49.362053+00:00,C2-CONTROLLED-SNARK,controlled-groth16-pilot-v1,controlled_kernel,ark-groth16-0.6.0-bn254,5477ab05b549b750fa32dc9a1bc61898f74ebf21,de947ec44a622d90f62e247e4cad4e4a81bb578c8249825f66cc44a0179ee3b2,749052726128541795,0,112,default,{},4096,4096,8,16,prove_total,106.398322,,,,,,,,,,,,,phase,,,true,wrong_public_input,,,,measured,within-stack pilot; no Groth16-versus-PLONK claim,measurement,true,true,ok,"{""constraint_count"":4096.0}",,,,,,
d0d16615-beda-4339-9940-cebaa24a2573,2026-08-09T02:46:49.362067+00:00,C2-CONTROLLED-SNARK,controlled-groth16-pilot-v1,controlled_kernel,ark-groth16-0.6.0-bn254,5477ab05b549b750fa32dc9a1bc61898f74ebf21,de947ec44a622d90f62e247e4cad4e4a81bb578c8249825f66cc44a0179ee3b2,749052726128541795,0,112,default,{},4096,4096,8,16,serialize,0.003998,,,,,,,,,,,,,phase,,,true,wrong_public_input,,,,measured,within-stack pilot; no Groth16-versus-PLONK claim,measurement,true,true,ok,"{""proof_bytes"":128.0}",,,,,,
d0d16615-beda-4339-9940-cebaa24a2573,2026-08-09T02:46:49.362081+00:00,C2-CONTROLLED-SNARK,controlled-groth16-pilot-v1,controlled_kernel,ark-groth16-0.6.0-bn254,5477ab05b549b750fa32dc9a1bc61898f74ebf21,de947ec44a622d90f62e247e4cad4e4a81bb578c8249825f66cc44a0179ee3b2,749052726128541795,0,112,default,{},4096,4096,8,16,deserialize,0.180947,,,,,,,,,,,,,phase,,,true,wrong_public_input,,,,measured,within-stack pilot; no Groth16-versus-PLONK claim,measurement,true,true,ok,"{""proof_bytes"":128.0}",,,,,,
d0d16615-beda-4339-9940-cebaa24a2573,2026-08-09T02:46:49.362094+00:00,C2-CONTROLLED-SNARK,controlled-groth16-pilot-v1,controlled_kernel,ark-groth16-0.6.0-bn254,5477ab05b549b750fa32dc9a1bc61898f74ebf21,de947ec44a622d90f62e247e4cad4e4a81bb578c8249825f66cc44a0179ee3b2,749052726128541795,0,112,default,{},4096,4096,8,16,verify_core,1.091321,,,,,,,,,,,,,phase,,,true,wrong_public_input,1.091321,,,measured,within-stack pilot; no Groth16-versus-PLONK claim,measurement,true,true,ok,{},,,,,,
d0d16615-beda-4339-9940-cebaa24a2573,2026-08-09T02:46:49.362107+00:00,C2-CONTROLLED-SNARK,controlled-groth16-pilot-v1,controlled_kernel,ark-groth16-0.6.0-bn254,5477ab05b549b750fa32dc9a1bc61898f74ebf21,de947ec44a622d90f62e247e4cad4e4a81bb578c8249825f66cc44a0179ee3b2,749052726128541795,0,112,default,{},4096,4096,8,16,invalid_reject,1.091321,,,,,,,,,,,,,phase,,,true,wrong_public_input,,,,measured,within-stack pilot; no Groth16-versus-PLONK claim,measurement,true,true,ok,{},,,,,,
d0d16615-beda-4339-9940-cebaa24a2573,2026-08-09T02:46:49.362120+00:00,C2-CONTROLLED-SNARK,controlled-groth16-pilot-v1,controlled_kernel,ark-groth16-0.6.0-bn254,5477ab05b549b750fa32dc9a1bc61898f74ebf21,de947ec44a622d90f62e247e4cad4e4a81bb578c8249825f66cc44a0179ee3b2,749052726128541795,0,112,default,{},4096,4096,8,16,verify_total,1.272698,,,,,,,,,,,,,phase,,,true,wrong_public_input,,,,measured,within-stack pilot; no Groth16-versus-PLONK claim,measurement,true,true,ok,{},,,,,,
d0d16615-beda-4339-9940-cebaa24a2573,2026-08-09T02:46:49.362132+00:00,C2-CONTROLLED-SNARK,controlled-groth16-pilot-v1,controlled_kernel,ark-groth16-0.6.0-bn254,5477ab05b549b750fa32dc9a1bc61898f74ebf21,de947ec44a622d90f62e247e4cad4e4a81bb578c8249825f66cc44a0179ee3b2,749052726128541795,0,112,default,{},4096,4096,8,16,fft_ntt,,,,,,,,,,,,,,phase,,,true,wrong_public_input,,ark-groth16 does not expose stable per-run phase hooks,,measured,within-stack pilot; no Groth16-versus-PLONK claim,measurement,true,false,unsupported,{},,,,,,
d0d16615-beda-4339-9940-cebaa24a2573,2026-08-09T02:46:49.362148+00:00,C2-CONTROLLED-SNARK,controlled-groth16-pilot-v1,controlled_kernel,ark-groth16-0.6.0-bn254,5477ab05b549b750fa32dc9a1bc61898f74ebf21,de947ec44a622d90f62e247e4cad4e4a81bb578c8249825f66cc44a0179ee3b2,749052726128541795,0,112,default,{},4096,4096,8,16,msm,,,,,,,,,,,,,,phase,,,true,wrong_public_input,,ark-groth16 does not expose stable per-run phase hooks,,measured,within-stack pilot; no Groth16-versus-PLONK claim,measurement,true,false,unsupported,{},,,,,,
d0d16615-beda-4339-9940-cebaa24a2573,2026-08-09T02:46:49.362160+00:00,C2-CONTROLLED-SNARK,controlled-groth16-pilot-v1,controlled_kernel,ark-groth16-0.6.0-bn254,5477ab05b549b750fa32dc9a1bc61898f74ebf21,de947ec44a622d90f62e247e4cad4e4a81bb578c8249825f66cc44a0179ee3b2,749052726128541795,0,112,default,{},4096,4096,8,16,commitment,,,,,,,,,,,,,,phase,,,true,wrong_public_input,,ark-groth16 does not expose stable per-run phase hooks,,measured,within-stack pilot; no Groth16-versus-PLONK claim,measurement,true,false,unsupported,{},,,,,,
d0d16615-beda-4339-9940-cebaa24a2573,2026-08-09T02:46:49.362172+00:00,C2-CONTROLLED-SNARK,controlled-groth16-pilot-v1,controlled_kernel,ark-groth16-0.6.0-bn254,5477ab05b549b750fa32dc9a1bc61898f74ebf21,de947ec44a622d90f62e247e4cad4e4a81bb578c8249825f66cc44a0179ee3b2,749052726128541795,0,112,default,{},4096,4096,8,16,key_load,,,,,,,,,,,,,,phase,,,true,wrong_public_input,,ark-groth16 does not expose stable per-run phase hooks,,measured,within-stack pilot; no Groth16-versus-PLONK claim,measurement,true,false,unsupported,{},,,,,,
d0d16615-beda-4339-9940-cebaa24a2573,2026-08-09T02:46:49.362211+00:00,C2-CONTROLLED-SNARK,controlled-groth16-pilot-v1,controlled_kernel,ark-groth16-0.6.0-bn254,5477ab05b549b750fa32dc9a1bc61898f74ebf21,de947ec44a622d90f62e247e4cad4e4a81bb578c8249825f66cc44a0179ee3b2,749052726128541795,0,112,default,{},4096,4096,8,16,adapter_process_wall,864.622427,2340.000000,16.636719,128,false,0,cryptographic_rejection,4110,956,,,,linux-procfs,process,,,true,wrong_public_input,,"Linux procfs read failed: [Errno 13] Permission denied: '/proc/4767/io'; private commit and per-process swap I/O are unavailable; VmSwap reports allocation, not swap traffic; No documented hardware or OS energy counter is configured in WSL2",,measured,within-stack pilot; no Groth16-versus-PLONK claim,measurement,true,true,ok,{},4096,2,4096,r1cs_constraints,5.0,161
27fa3355-95e5-4b4c-a758-876463380b13,2026-08-09T02:46:49.557544+00:00,C2-CONTROLLED-SNARK,controlled-groth16-pilot-v1,controlled_kernel,ark-groth16-0.6.0-bn254,5477ab05b549b750fa32dc9a1bc61898f74ebf21,de947ec44a622d90f62e247e4cad4e4a81bb578c8249825f66cc44a0179ee3b2,3572660669647351451,2,113,default,{},1024,1024,4,16,native_execution,0.874768,,,,,,,,,,,,,phase,,,true,,,,,measured,within-stack pilot; no Groth16-versus-PLONK claim,measurement,true,true,ok,"{""application_units"":1024.0}",,,,,,
27fa3355-95e5-4b4c-a758-876463380b13,2026-08-09T02:46:49.557616+00:00,C2-CONTROLLED-SNARK,controlled-groth16-pilot-v1,controlled_kernel,ark-groth16-0.6.0-bn254,5477ab05b549b750fa32dc9a1bc61898f74ebf21,de947ec44a622d90f62e247e4cad4e4a81bb578c8249825f66cc44a0179ee3b2,3572660669647351451,2,113,default,{},1024,1024,4,16,witness,78.396156,,,,,,,,,,,,,phase,,,true,,,,,measured,within-stack pilot; no Groth16-versus-PLONK claim,measurement,true,true,ok,"{""application_units"":1024.0,""constraint_count"":1024.0}",,,,,,
27fa3355-95e5-4b4c-a758-876463380b13,2026-08-09T02:46:49.557642+00:00,C2-CONTROLLED-SNARK,controlled-groth16-pilot-v1,controlled_kernel,ark-groth16-0.6.0-bn254,5477ab05b549b750fa32dc9a1bc61898f74ebf21,de947ec44a622d90f62e247e4cad4e4a81bb578c8249825f66cc44a0179ee3b2,3572660669647351451,2,113,default,{},1024,1024,4,16,setup_or_preprocess,23.969911,,,,,,,,,,,,,phase,,,true,,,,,measured,within-stack pilot; no Groth16-versus-PLONK claim,measurement,true,true,ok,"{""constraint_count"":1024.0}",,,,,,
27fa3355-95e5-4b4c-a758-876463380b13,2026-08-09T02:46:49.557662+00:00,C2-CONTROLLED-SNARK,controlled-groth16-pilot-v1,controlled_kernel,ark-groth16-0.6.0-bn254,5477ab05b549b750fa32dc9a1bc61898f74ebf21,de947ec44a622d90f62e247e4cad4e4a81bb578c8249825f66cc44a0179ee3b2,3572660669647351451,2,113,default,{},1024,1024,4,16,prove_total,39.860873,,,,,,,,,,,,,phase,,,true,,,,,measured,within-stack pilot; no Groth16-versus-PLONK claim,measurement,true,true,ok,"{""constraint_count"":1024.0}",,,,,,
27fa3355-95e5-4b4c-a758-876463380b13,2026-08-09T02:46:49.557679+00:00,C2-CONTROLLED-SNARK,controlled-groth16-pilot-v1,controlled_kernel,ark-groth16-0.6.0-bn254,5477ab05b549b750fa32dc9a1bc61898f74ebf21,de947ec44a622d90f62e247e4cad4e4a81bb578c8249825f66cc44a0179ee3b2,3572660669647351451,2,113,default,{},1024,1024,4,16,serialize,0.008797,,,,,,,,,,,,,phase,,,true,,,,,measured,within-stack pilot; no Groth16-versus-PLONK claim,measurement,true,true,ok,"{""proof_bytes"":128.0}",,,,,,
27fa3355-95e5-4b4c-a758-876463380b13,2026-08-09T02:46:49.557706+00:00,C2-CONTROLLED-SNARK,controlled-groth16-pilot-v1,controlled_kernel,ark-groth16-0.6.0-bn254,5477ab05b549b750fa32dc9a1bc61898f74ebf21,de947ec44a622d90f62e247e4cad4e4a81bb578c8249825f66cc44a0179ee3b2,3572660669647351451,2,113,default,{},1024,1024,4,16,deserialize,0.160779,,,,,,,,,,,,,phase,,,true,,,,,measured,within-stack pilot; no Groth16-versus-PLONK claim,measurement,true,true,ok,"{""proof_bytes"":128.0}",,,,,,
27fa3355-95e5-4b4c-a758-876463380b13,2026-08-09T02:46:49.557723+00:00,C2-CONTROLLED-SNARK,controlled-groth16-pilot-v1,controlled_kernel,ark-groth16-0.6.0-bn254,5477ab05b549b750fa32dc9a1bc61898f74ebf21,de947ec44a622d90f62e247e4cad4e4a81bb578c8249825f66cc44a0179ee3b2,3572660669647351451,2,113,default,{},1024,1024,4,16,verify_core,0.990493,,,,,,,,,,,,,phase,,,true,,,,,measured,within-stack pilot; no Groth16-versus-PLONK claim,measurement,true,true,ok,{},,,,,,
27fa3355-95e5-4b4c-a758-876463380b13,2026-08-09T02:46:49.557738+00:00,C2-CONTROLLED-SNARK,controlled-groth16-pilot-v1,controlled_kernel,ark-groth16-0.6.0-bn254,5477ab05b549b750fa32dc9a1bc61898f74ebf21,de947ec44a622d90f62e247e4cad4e4a81bb578c8249825f66cc44a0179ee3b2,3572660669647351451,2,113,default,{},1024,1024,4,16,verify_total,1.151352,,,,,,,,,,,,,phase,,,true,,,,,measured,within-stack pilot; no Groth16-versus-PLONK claim,measurement,true,true,ok,{},,,,,,
27fa3355-95e5-4b4c-a758-876463380b13,2026-08-09T02:46:49.557754+00:00,C2-CONTROLLED-SNARK,controlled-groth16-pilot-v1,controlled_kernel,ark-groth16-0.6.0-bn254,5477ab05b549b750fa32dc9a1bc61898f74ebf21,de947ec44a622d90f62e247e4cad4e4a81bb578c8249825f66cc44a0179ee3b2,3572660669647351451,2,113,default,{},1024,1024,4,16,fft_ntt,,,,,,,,,,,,,,phase,,,true,,,ark-groth16 does not expose stable per-run phase hooks,,measured,within-stack pilot; no Groth16-versus-PLONK claim,measurement,true,false,unsupported,{},,,,,,
27fa3355-95e5-4b4c-a758-876463380b13,2026-08-09T02:46:49.557775+00:00,C2-CONTROLLED-SNARK,controlled-groth16-pilot-v1,controlled_kernel,ark-groth16-0.6.0-bn254,5477ab05b549b750fa32dc9a1bc61898f74ebf21,de947ec44a622d90f62e247e4cad4e4a81bb578c8249825f66cc44a0179ee3b2,3572660669647351451,2,113,default,{},1024,1024,4,16,msm,,,,,,,,,,,,,,phase,,,true,,,ark-groth16 does not expose stable per-run phase hooks,,measured,within-stack pilot; no Groth16-versus-PLONK claim,measurement,true,false,unsupported,{},,,,,,
27fa3355-95e5-4b4c-a758-876463380b13,2026-08-09T02:46:49.557791+00:00,C2-CONTROLLED-SNARK,controlled-groth16-pilot-v1,controlled_kernel,ark-groth16-0.6.0-bn254,5477ab05b549b750fa32dc9a1bc61898f74ebf21,de947ec44a622d90f62e247e4cad4e4a81bb578c8249825f66cc44a0179ee3b2,3572660669647351451,2,113,default,{},1024,1024,4,16,commitment,,,,,,,,,,,,,,phase,,,true,,,ark-groth16 does not expose stable per-run phase hooks,,measured,within-stack pilot; no Groth16-versus-PLONK claim,measurement,true,false,unsupported,{},,,,,,
27fa3355-95e5-4b4c-a758-876463380b13,2026-08-09T02:46:49.557806+00:00,C2-CONTROLLED-SNARK,controlled-groth16-pilot-v1,controlled_kernel,ark-groth16-0.6.0-bn254,5477ab05b549b750fa32dc9a1bc61898f74ebf21,de947ec44a622d90f62e247e4cad4e4a81bb578c8249825f66cc44a0179ee3b2,3572660669647351451,2,113,default,{},1024,1024,4,16,key_load,,,,,,,,,,,,,,phase,,,true,,,ark-groth16 does not expose stable per-run phase hooks,,measured,within-stack pilot; no Groth16-versus-PLONK claim,measurement,true,false,unsupported,{},,,,,,
27fa3355-95e5-4b4c-a758-876463380b13,2026-08-09T02:46:49.557821+00:00,C2-CONTROLLED-SNARK,controlled-groth16-pilot-v1,controlled_kernel,ark-groth16-0.6.0-bn254,5477ab05b549b750fa32dc9a1bc61898f74ebf21,de947ec44a622d90f62e247e4cad4e4a81bb578c8249825f66cc44a0179ee3b2,3572660669647351451,2,113,default,{},1024,1024,4,16,adapter_process_wall,194.484253,340.000000,7.691406,128,true,0,,1291,956,,,,linux-procfs,process,,,true,,,"private commit and per-process swap I/O are unavailable; VmSwap reports allocation, not swap traffic; No documented hardware or OS energy counter is configured in WSL2",,measured,within-stack pilot; no Groth16-versus-PLONK claim,measurement,true,true,ok,{},1024,2,1024,r1cs_constraints,5.0,36
f39ed3fd-a5b1-4b22-8376-3fcf10a67e28,2026-08-09T02:46:49.943627+00:00,C2-CONTROLLED-SNARK,controlled-groth16-pilot-v1,controlled_kernel,ark-groth16-0.6.0-bn254,5477ab05b549b750fa32dc9a1bc61898f74ebf21,de947ec44a622d90f62e247e4cad4e4a81bb578c8249825f66cc44a0179ee3b2,439332828224869395,2,114,default,{},4096,4096,1,16,native_execution,0.083606,,,,,,,,,,,,,phase,,,true,,,,,measured,within-stack pilot; no Groth16-versus-PLONK claim,measurement,true,true,ok,"{""application_units"":4096.0}",,,,,,
f39ed3fd-a5b1-4b22-8376-3fcf10a67e28,2026-08-09T02:46:49.943723+00:00,C2-CONTROLLED-SNARK,controlled-groth16-pilot-v1,controlled_kernel,ark-groth16-0.6.0-bn254,5477ab05b549b750fa32dc9a1bc61898f74ebf21,de947ec44a622d90f62e247e4cad4e4a81bb578c8249825f66cc44a0179ee3b2,439332828224869395,2,114,default,{},4096,4096,1,16,witness,34.259942,,,,,,,,,,,,,phase,,,true,,,,,measured,within-stack pilot; no Groth16-versus-PLONK claim,measurement,true,true,ok,"{""application_units"":4096.0,""constraint_count"":4096.0}",,,,,,
f39ed3fd-a5b1-4b22-8376-3fcf10a67e28,2026-08-09T02:46:49.943746+00:00,C2-CONTROLLED-SNARK,controlled-groth16-pilot-v1,controlled_kernel,ark-groth16-0.6.0-bn254,5477ab05b549b750fa32dc9a1bc61898f74ebf21,de947ec44a622d90f62e247e4cad4e4a81bb578c8249825f66cc44a0179ee3b2,439332828224869395,2,114,default,{},4096,4096,1,16,setup_or_preprocess,174.466503,,,,,,,,,,,,,phase,,,true,,,,,measured,within-stack pilot; no Groth16-versus-PLONK claim,measurement,true,true,ok,"{""constraint_count"":4096.0}",,,,,,
f39ed3fd-a5b1-4b22-8376-3fcf10a67e28,2026-08-09T02:46:49.943763+00:00,C2-CONTROLLED-SNARK,controlled-groth16-pilot-v1,controlled_kernel,ark-groth16-0.6.0-bn254,5477ab05b549b750fa32dc9a1bc61898f74ebf21,de947ec44a622d90f62e247e4cad4e4a81bb578c8249825f66cc44a0179ee3b2,439332828224869395,2,114,default,{},4096,4096,1,16,prove_total,135.529315,,,,,,,,,,,,,phase,,,true,,,,,measured,within-stack pilot; no Groth16-versus-PLONK claim,measurement,true,true,ok,"{""constraint_count"":4096.0}",,,,,,
f39ed3fd-a5b1-4b22-8376-3fcf10a67e28,2026-08-09T02:46:49.943777+00:00,C2-CONTROLLED-SNARK,controlled-groth16-pilot-v1,controlled_kernel,ark-groth16-0.6.0-bn254,5477ab05b549b750fa32dc9a1bc61898f74ebf21,de947ec44a622d90f62e247e4cad4e4a81bb578c8249825f66cc44a0179ee3b2,439332828224869395,2,114,default,{},4096,4096,1,16,serialize,0.004208,,,,,,,,,,,,,phase,,,true,,,,,measured,within-stack pilot; no Groth16-versus-PLONK claim,measurement,true,true,ok,"{""proof_bytes"":128.0}",,,,,,
f39ed3fd-a5b1-4b22-8376-3fcf10a67e28,2026-08-09T02:46:49.943791+00:00,C2-CONTROLLED-SNARK,controlled-groth16-pilot-v1,controlled_kernel,ark-groth16-0.6.0-bn254,5477ab05b549b750fa32dc9a1bc61898f74ebf21,de947ec44a622d90f62e247e4cad4e4a81bb578c8249825f66cc44a0179ee3b2,439332828224869395,2,114,default,{},4096,4096,1,16,deserialize,0.213868,,,,,,,,,,,,,phase,,,true,,,,,measured,within-stack pilot; no Groth16-versus-PLONK claim,measurement,true,true,ok,"{""proof_bytes"":128.0}",,,,,,
f39ed3fd-a5b1-4b22-8376-3fcf10a67e28,2026-08-09T02:46:49.943804+00:00,C2-CONTROLLED-SNARK,controlled-groth16-pilot-v1,controlled_kernel,ark-groth16-0.6.0-bn254,5477ab05b549b750fa32dc9a1bc61898f74ebf21,de947ec44a622d90f62e247e4cad4e4a81bb578c8249825f66cc44a0179ee3b2,439332828224869395,2,114,default,{},4096,4096,1,16,verify_core,1.086041,,,,,,,,,,,,,phase,,,true,,,,,measured,within-stack pilot; no Groth16-versus-PLONK claim,measurement,true,true,ok,{},,,,,,
f39ed3fd-a5b1-4b22-8376-3fcf10a67e28,2026-08-09T02:46:49.943817+00:00,C2-CONTROLLED-SNARK,controlled-groth16-pilot-v1,controlled_kernel,ark-groth16-0.6.0-bn254,5477ab05b549b750fa32dc9a1bc61898f74ebf21,de947ec44a622d90f62e247e4cad4e4a81bb578c8249825f66cc44a0179ee3b2,439332828224869395,2,114,default,{},4096,4096,1,16,verify_total,1.300069,,,,,,,,,,,,,phase,,,true,,,,,measured,within-stack pilot; no Groth16-versus-PLONK claim,measurement,true,true,ok,{},,,,,,
f39ed3fd-a5b1-4b22-8376-3fcf10a67e28,2026-08-09T02:46:49.943830+00:00,C2-CONTROLLED-SNARK,controlled-groth16-pilot-v1,controlled_kernel,ark-groth16-0.6.0-bn254,5477ab05b549b750fa32dc9a1bc61898f74ebf21,de947ec44a622d90f62e247e4cad4e4a81bb578c8249825f66cc44a0179ee3b2,439332828224869395,2,114,default,{},4096,4096,1,16,fft_ntt,,,,,,,,,,,,,,phase,,,true,,,ark-groth16 does not expose stable per-run phase hooks,,measured,within-stack pilot; no Groth16-versus-PLONK claim,measurement,true,false,unsupported,{},,,,,,
f39ed3fd-a5b1-4b22-8376-3fcf10a67e28,2026-08-09T02:46:49.943843+00:00,C2-CONTROLLED-SNARK,controlled-groth16-pilot-v1,controlled_kernel,ark-groth16-0.6.0-bn254,5477ab05b549b750fa32dc9a1bc61898f74ebf21,de947ec44a622d90f62e247e4cad4e4a81bb578c8249825f66cc44a0179ee3b2,439332828224869395,2,114,default,{},4096,4096,1,16,msm,,,,,,,,,,,,,,phase,,,true,,,ark-groth16 does not expose stable per-run phase hooks,,measured,within-stack pilot; no Groth16-versus-PLONK claim,measurement,true,false,unsupported,{},,,,,,
f39ed3fd-a5b1-4b22-8376-3fcf10a67e28,2026-08-09T02:46:49.943855+00:00,C2-CONTROLLED-SNARK,controlled-groth16-pilot-v1,controlled_kernel,ark-groth16-0.6.0-bn254,5477ab05b549b750fa32dc9a1bc61898f74ebf21,de947ec44a622d90f62e247e4cad4e4a81bb578c8249825f66cc44a0179ee3b2,439332828224869395,2,114,default,{},4096,4096,1,16,commitment,,,,,,,,,,,,,,phase,,,true,,,ark-groth16 does not expose stable per-run phase hooks,,measured,within-stack pilot; no Groth16-versus-PLONK claim,measurement,true,false,unsupported,{},,,,,,
f39ed3fd-a5b1-4b22-8376-3fcf10a67e28,2026-08-09T02:46:49.943867+00:00,C2-CONTROLLED-SNARK,controlled-groth16-pilot-v1,controlled_kernel,ark-groth16-0.6.0-bn254,5477ab05b549b750fa32dc9a1bc61898f74ebf21,de947ec44a622d90f62e247e4cad4e4a81bb578c8249825f66cc44a0179ee3b2,439332828224869395,2,114,default,{},4096,4096,1,16,key_load,,,,,,,,,,,,,,phase,,,true,,,ark-groth16 does not expose stable per-run phase hooks,,measured,within-stack pilot; no Groth16-versus-PLONK claim,measurement,true,false,unsupported,{},,,,,,
f39ed3fd-a5b1-4b22-8376-3fcf10a67e28,2026-08-09T02:46:49.943994+00:00,C2-CONTROLLED-SNARK,controlled-groth16-pilot-v1,controlled_kernel,ark-groth16-0.6.0-bn254,5477ab05b549b750fa32dc9a1bc61898f74ebf21,de947ec44a622d90f62e247e4cad4e4a81bb578c8249825f66cc44a0179ee3b2,439332828224869395,2,114,default,{},4096,4096,1,16,adapter_process_wall,384.721277,350.000000,11.703125,128,true,0,,3752,956,,,,linux-procfs,process,,,true,,,"private commit and per-process swap I/O are unavailable; VmSwap reports allocation, not swap traffic; No documented hardware or OS energy counter is configured in WSL2",,measured,within-stack pilot; no Groth16-versus-PLONK claim,measurement,true,true,ok,{},4096,2,4096,r1cs_constraints,5.0,72
a5c2f29f-22b0-4670-955a-231b46b6ad88,2026-08-09T02:46:50.903774+00:00,C2-CONTROLLED-SNARK,controlled-groth16-pilot-v1,controlled_kernel,ark-groth16-0.6.0-bn254,5477ab05b549b750fa32dc9a1bc61898f74ebf21,de947ec44a622d90f62e247e4cad4e4a81bb578c8249825f66cc44a0179ee3b2,3110669835397939257,0,115,default,{},4096,4096,16,16,native_execution,0.657228,,,,,,,,,,,,,phase,,,true,,,,,measured,within-stack pilot; no Groth16-versus-PLONK claim,measurement,true,true,ok,"{""application_units"":4096.0}",,,,,,
a5c2f29f-22b0-4670-955a-231b46b6ad88,2026-08-09T02:46:50.903896+00:00,C2-CONTROLLED-SNARK,controlled-groth16-pilot-v1,controlled_kernel,ark-groth16-0.6.0-bn254,5477ab05b549b750fa32dc9a1bc61898f74ebf21,de947ec44a622d90f62e247e4cad4e4a81bb578c8249825f66cc44a0179ee3b2,3110669835397939257,0,115,default,{},4096,4096,16,16,witness,657.174645,,,,,,,,,,,,,phase,,,true,,,,,measured,within-stack pilot; no Groth16-versus-PLONK claim,measurement,true,true,ok,"{""application_units"":4096.0,""constraint_count"":4096.0}",,,,,,
a5c2f29f-22b0-4670-955a-231b46b6ad88,2026-08-09T02:46:50.903924+00:00,C2-CONTROLLED-SNARK,controlled-groth16-pilot-v1,controlled_kernel,ark-groth16-0.6.0-bn254,5477ab05b549b750fa32dc9a1bc61898f74ebf21,de947ec44a622d90f62e247e4cad4e4a81bb578c8249825f66cc44a0179ee3b2,3110669835397939257,0,115,default,{},4096,4096,16,16,setup_or_preprocess,66.137471,,,,,,,,,,,,,phase,,,true,,,,,measured,within-stack pilot; no Groth16-versus-PLONK claim,measurement,true,true,ok,"{""constraint_count"":4096.0}",,,,,,
a5c2f29f-22b0-4670-955a-231b46b6ad88,2026-08-09T02:46:50.903943+00:00,C2-CONTROLLED-SNARK,controlled-groth16-pilot-v1,controlled_kernel,ark-groth16-0.6.0-bn254,5477ab05b549b750fa32dc9a1bc61898f74ebf21,de947ec44a622d90f62e247e4cad4e4a81bb578c8249825f66cc44a0179ee3b2,3110669835397939257,0,115,default,{},4096,4096,16,16,prove_total,178.791069,,,,,,,,,,,,,phase,,,true,,,,,measured,within-stack pilot; no Groth16-versus-PLONK claim,measurement,true,true,ok,"{""constraint_count"":4096.0}",,,,,,
a5c2f29f-22b0-4670-955a-231b46b6ad88,2026-08-09T02:46:50.903962+00:00,C2-CONTROLLED-SNARK,controlled-groth16-pilot-v1,controlled_kernel,ark-groth16-0.6.0-bn254,5477ab05b549b750fa32dc9a1bc61898f74ebf21,de947ec44a622d90f62e247e4cad4e4a81bb578c8249825f66cc44a0179ee3b2,3110669835397939257,0,115,default,{},4096,4096,16,16,serialize,0.004117,,,,,,,,,,,,,phase,,,true,,,,,measured,within-stack pilot; no Groth16-versus-PLONK claim,measurement,true,true,ok,"{""proof_bytes"":128.0}",,,,,,
a5c2f29f-22b0-4670-955a-231b46b6ad88,2026-08-09T02:46:50.903979+00:00,C2-CONTROLLED-SNARK,controlled-groth16-pilot-v1,controlled_kernel,ark-groth16-0.6.0-bn254,5477ab05b549b750fa32dc9a1bc61898f74ebf21,de947ec44a622d90f62e247e4cad4e4a81bb578c8249825f66cc44a0179ee3b2,3110669835397939257,0,115,default,{},4096,4096,16,16,deserialize,0.226502,,,,,,,,,,,,,phase,,,true,,,,,measured,within-stack pilot; no Groth16-versus-PLONK claim,measurement,true,true,ok,"{""proof_bytes"":128.0}",,,,,,
a5c2f29f-22b0-4670-955a-231b46b6ad88,2026-08-09T02:46:50.903995+00:00,C2-CONTROLLED-SNARK,controlled-groth16-pilot-v1,controlled_kernel,ark-groth16-0.6.0-bn254,5477ab05b549b750fa32dc9a1bc61898f74ebf21,de947ec44a622d90f62e247e4cad4e4a81bb578c8249825f66cc44a0179ee3b2,3110669835397939257,0,115,default,{},4096,4096,16,16,verify_core,1.275353,,,,,,,,,,,,,phase,,,true,,,,,measured,within-stack pilot; no Groth16-versus-PLONK claim,measurement,true,true,ok,{},,,,,,
a5c2f29f-22b0-4670-955a-231b46b6ad88,2026-08-09T02:46:50.904012+00:00,C2-CONTROLLED-SNARK,controlled-groth16-pilot-v1,controlled_kernel,ark-groth16-0.6.0-bn254,5477ab05b549b750fa32dc9a1bc61898f74ebf21,de947ec44a622d90f62e247e4cad4e4a81bb578c8249825f66cc44a0179ee3b2,3110669835397939257,0,115,default,{},4096,4096,16,16,verify_total,1.502155,,,,,,,,,,,,,phase,,,true,,,,,measured,within-stack pilot; no Groth16-versus-PLONK claim,measurement,true,true,ok,{},,,,,,
a5c2f29f-22b0-4670-955a-231b46b6ad88,2026-08-09T02:46:50.904029+00:00,C2-CONTROLLED-SNARK,controlled-groth16-pilot-v1,controlled_kernel,ark-groth16-0.6.0-bn254,5477ab05b549b750fa32dc9a1bc61898f74ebf21,de947ec44a622d90f62e247e4cad4e4a81bb578c8249825f66cc44a0179ee3b2,3110669835397939257,0,115,default,{},4096,4096,16,16,fft_ntt,,,,,,,,,,,,,,phase,,,true,,,ark-groth16 does not expose stable per-run phase hooks,,measured,within-stack pilot; no Groth16-versus-PLONK claim,measurement,true,false,unsupported,{},,,,,,
a5c2f29f-22b0-4670-955a-231b46b6ad88,2026-08-09T02:46:50.904046+00:00,C2-CONTROLLED-SNARK,controlled-groth16-pilot-v1,controlled_kernel,ark-groth16-0.6.0-bn254,5477ab05b549b750fa32dc9a1bc61898f74ebf21,de947ec44a622d90f62e247e4cad4e4a81bb578c8249825f66cc44a0179ee3b2,3110669835397939257,0,115,default,{},4096,4096,16,16,msm,,,,,,,,,,,,,,phase,,,true,,,ark-groth16 does not expose stable per-run phase hooks,,measured,within-stack pilot; no Groth16-versus-PLONK claim,measurement,true,false,unsupported,{},,,,,,
a5c2f29f-22b0-4670-955a-231b46b6ad88,2026-08-09T02:46:50.904062+00:00,C2-CONTROLLED-SNARK,controlled-groth16-pilot-v1,controlled_kernel,ark-groth16-0.6.0-bn254,5477ab05b549b750fa32dc9a1bc61898f74ebf21,de947ec44a622d90f62e247e4cad4e4a81bb578c8249825f66cc44a0179ee3b2,3110669835397939257,0,115,default,{},4096,4096,16,16,commitment,,,,,,,,,,,,,,phase,,,true,,,ark-groth16 does not expose stable per-run phase hooks,,measured,within-stack pilot; no Groth16-versus-PLONK claim,measurement,true,false,unsupported,{},,,,,,
a5c2f29f-22b0-4670-955a-231b46b6ad88,2026-08-09T02:46:50.904077+00:00,C2-CONTROLLED-SNARK,controlled-groth16-pilot-v1,controlled_kernel,ark-groth16-0.6.0-bn254,5477ab05b549b750fa32dc9a1bc61898f74ebf21,de947ec44a622d90f62e247e4cad4e4a81bb578c8249825f66cc44a0179ee3b2,3110669835397939257,0,115,default,{},4096,4096,16,16,key_load,,,,,,,,,,,,,,phase,,,true,,,ark-groth16 does not expose stable per-run phase hooks,,measured,within-stack pilot; no Groth16-versus-PLONK claim,measurement,true,false,unsupported,{},,,,,,
a5c2f29f-22b0-4670-955a-231b46b6ad88,2026-08-09T02:46:50.904104+00:00,C2-CONTROLLED-SNARK,controlled-groth16-pilot-v1,controlled_kernel,ark-groth16-0.6.0-bn254,5477ab05b549b750fa32dc9a1bc61898f74ebf21,de947ec44a622d90f62e247e4cad4e4a81bb578c8249825f66cc44a0179ee3b2,3110669835397939257,0,115,default,{},4096,4096,16,16,adapter_process_wall,958.663941,3210.000000,19.003906,128,true,0,,4998,956,,,,linux-procfs,process,,,true,,,"Linux procfs read failed: [Errno 13] Permission denied: '/proc/4859/io'; private commit and per-process swap I/O are unavailable; VmSwap reports allocation, not swap traffic; No documented hardware or OS energy counter is configured in WSL2",,measured,within-stack pilot; no Groth16-versus-PLONK claim,measurement,true,true,ok,{},4096,2,4096,r1cs_constraints,5.0,175
3708f842-c4d5-4042-9128-05cb6982cb9e,2026-08-09T02:46:50.987187+00:00,C2-CONTROLLED-SNARK,controlled-groth16-pilot-v1,controlled_kernel,ark-groth16-0.6.0-bn254,5477ab05b549b750fa32dc9a1bc61898f74ebf21,de947ec44a622d90f62e247e4cad4e4a81bb578c8249825f66cc44a0179ee3b2,9030005420792428640,0,116,default,{},64,64,4,16,native_execution,0.610171,,,,,,,,,,,,,phase,,,true,,,,,measured,within-stack pilot; no Groth16-versus-PLONK claim,measurement,true,true,ok,"{""application_units"":64.0}",,,,,,
3708f842-c4d5-4042-9128-05cb6982cb9e,2026-08-09T02:46:50.987297+00:00,C2-CONTROLLED-SNARK,controlled-groth16-pilot-v1,controlled_kernel,ark-groth16-0.6.0-bn254,5477ab05b549b750fa32dc9a1bc61898f74ebf21,de947ec44a622d90f62e247e4cad4e4a81bb578c8249825f66cc44a0179ee3b2,9030005420792428640,0,116,default,{},64,64,4,16,witness,8.684777,,,,,,,,,,,,,phase,,,true,,,,,measured,within-stack pilot; no Groth16-versus-PLONK claim,measurement,true,true,ok,"{""application_units"":64.0,""constraint_count"":64.0}",,,,,,
3708f842-c4d5-4042-9128-05cb6982cb9e,2026-08-09T02:46:50.987319+00:00,C2-CONTROLLED-SNARK,controlled-groth16-pilot-v1,controlled_kernel,ark-groth16-0.6.0-bn254,5477ab05b549b750fa32dc9a1bc61898f74ebf21,de947ec44a622d90f62e247e4cad4e4a81bb578c8249825f66cc44a0179ee3b2,9030005420792428640,0,116,default,{},64,64,4,16,setup_or_preprocess,12.885445,,,,,,,,,,,,,phase,,,true,,,,,measured,within-stack pilot; no Groth16-versus-PLONK claim,measurement,true,true,ok,"{""constraint_count"":64.0}",,,,,,
3708f842-c4d5-4042-9128-05cb6982cb9e,2026-08-09T02:46:50.987337+00:00,C2-CONTROLLED-SNARK,controlled-groth16-pilot-v1,controlled_kernel,ark-groth16-0.6.0-bn254,5477ab05b549b750fa32dc9a1bc61898f74ebf21,de947ec44a622d90f62e247e4cad4e4a81bb578c8249825f66cc44a0179ee3b2,9030005420792428640,0,116,default,{},64,64,4,16,prove_total,10.334178,,,,,,,,,,,,,phase,,,true,,,,,measured,within-stack pilot; no Groth16-versus-PLONK claim,measurement,true,true,ok,"{""constraint_count"":64.0}",,,,,,
3708f842-c4d5-4042-9128-05cb6982cb9e,2026-08-09T02:46:50.987351+00:00,C2-CONTROLLED-SNARK,controlled-groth16-pilot-v1,controlled_kernel,ark-groth16-0.6.0-bn254,5477ab05b549b750fa32dc9a1bc61898f74ebf21,de947ec44a622d90f62e247e4cad4e4a81bb578c8249825f66cc44a0179ee3b2,9030005420792428640,0,116,default,{},64,64,4,16,serialize,0.010599,,,,,,,,,,,,,phase,,,true,,,,,measured,within-stack pilot; no Groth16-versus-PLONK claim,measurement,true,true,ok,"{""proof_bytes"":128.0}",,,,,,
3708f842-c4d5-4042-9128-05cb6982cb9e,2026-08-09T02:46:50.987365+00:00,C2-CONTROLLED-SNARK,controlled-groth16-pilot-v1,controlled_kernel,ark-groth16-0.6.0-bn254,5477ab05b549b750fa32dc9a1bc61898f74ebf21,de947ec44a622d90f62e247e4cad4e4a81bb578c8249825f66cc44a0179ee3b2,9030005420792428640,0,116,default,{},64,64,4,16,deserialize,0.164987,,,,,,,,,,,,,phase,,,true,,,,,measured,within-stack pilot; no Groth16-versus-PLONK claim,measurement,true,true,ok,"{""proof_bytes"":128.0}",,,,,,
3708f842-c4d5-4042-9128-05cb6982cb9e,2026-08-09T02:46:50.987378+00:00,C2-CONTROLLED-SNARK,controlled-groth16-pilot-v1,controlled_kernel,ark-groth16-0.6.0-bn254,5477ab05b549b750fa32dc9a1bc61898f74ebf21,de947ec44a622d90f62e247e4cad4e4a81bb578c8249825f66cc44a0179ee3b2,9030005420792428640,0,116,default,{},64,64,4,16,verify_core,1.155911,,,,,,,,,,,,,phase,,,true,,,,,measured,within-stack pilot; no Groth16-versus-PLONK claim,measurement,true,true,ok,{},,,,,,
3708f842-c4d5-4042-9128-05cb6982cb9e,2026-08-09T02:46:50.987391+00:00,C2-CONTROLLED-SNARK,controlled-groth16-pilot-v1,controlled_kernel,ark-groth16-0.6.0-bn254,5477ab05b549b750fa32dc9a1bc61898f74ebf21,de947ec44a622d90f62e247e4cad4e4a81bb578c8249825f66cc44a0179ee3b2,9030005420792428640,0,116,default,{},64,64,4,16,verify_total,1.321028,,,,,,,,,,,,,phase,,,true,,,,,measured,within-stack pilot; no Groth16-versus-PLONK claim,measurement,true,true,ok,{},,,,,,
3708f842-c4d5-4042-9128-05cb6982cb9e,2026-08-09T02:46:50.987404+00:00,C2-CONTROLLED-SNARK,controlled-groth16-pilot-v1,controlled_kernel,ark-groth16-0.6.0-bn254,5477ab05b549b750fa32dc9a1bc61898f74ebf21,de947ec44a622d90f62e247e4cad4e4a81bb578c8249825f66cc44a0179ee3b2,9030005420792428640,0,116,default,{},64,64,4,16,fft_ntt,,,,,,,,,,,,,,phase,,,true,,,ark-groth16 does not expose stable per-run phase hooks,,measured,within-stack pilot; no Groth16-versus-PLONK claim,measurement,true,false,unsupported,{},,,,,,
3708f842-c4d5-4042-9128-05cb6982cb9e,2026-08-09T02:46:50.987419+00:00,C2-CONTROLLED-SNARK,controlled-groth16-pilot-v1,controlled_kernel,ark-groth16-0.6.0-bn254,5477ab05b549b750fa32dc9a1bc61898f74ebf21,de947ec44a622d90f62e247e4cad4e4a81bb578c8249825f66cc44a0179ee3b2,9030005420792428640,0,116,default,{},64,64,4,16,msm,,,,,,,,,,,,,,phase,,,true,,,ark-groth16 does not expose stable per-run phase hooks,,measured,within-stack pilot; no Groth16-versus-PLONK claim,measurement,true,false,unsupported,{},,,,,,
3708f842-c4d5-4042-9128-05cb6982cb9e,2026-08-09T02:46:50.987431+00:00,C2-CONTROLLED-SNARK,controlled-groth16-pilot-v1,controlled_kernel,ark-groth16-0.6.0-bn254,5477ab05b549b750fa32dc9a1bc61898f74ebf21,de947ec44a622d90f62e247e4cad4e4a81bb578c8249825f66cc44a0179ee3b2,9030005420792428640,0,116,default,{},64,64,4,16,commitment,,,,,,,,,,,,,,phase,,,true,,,ark-groth16 does not expose stable per-run phase hooks,,measured,within-stack pilot; no Groth16-versus-PLONK claim,measurement,true,false,unsupported,{},,,,,,
3708f842-c4d5-4042-9128-05cb6982cb9e,2026-08-09T02:46:50.987443+00:00,C2-CONTROLLED-SNARK,controlled-groth16-pilot-v1,controlled_kernel,ark-groth16-0.6.0-bn254,5477ab05b549b750fa32dc9a1bc61898f74ebf21,de947ec44a622d90f62e247e4cad4e4a81bb578c8249825f66cc44a0179ee3b2,9030005420792428640,0,116,default,{},64,64,4,16,key_load,,,,,,,,,,,,,,phase,,,true,,,ark-groth16 does not expose stable per-run phase hooks,,measured,within-stack pilot; no Groth16-versus-PLONK claim,measurement,true,false,unsupported,{},,,,,,
3708f842-c4d5-4042-9128-05cb6982cb9e,2026-08-09T02:46:50.987460+00:00,C2-CONTROLLED-SNARK,controlled-groth16-pilot-v1,controlled_kernel,ark-groth16-0.6.0-bn254,5477ab05b549b750fa32dc9a1bc61898f74ebf21,de947ec44a622d90f62e247e4cad4e4a81bb578c8249825f66cc44a0179ee3b2,9030005420792428640,0,116,default,{},64,64,4,16,adapter_process_wall,81.890957,50.000000,5.550781,128,true,0,,450,956,,,,linux-procfs,process,,,true,,,"private commit and per-process swap I/O are unavailable; VmSwap reports allocation, not swap traffic; No documented hardware or OS energy counter is configured in WSL2",,measured,within-stack pilot; no Groth16-versus-PLONK claim,measurement,true,true,ok,{},64,2,64,r1cs_constraints,5.0,15
b631585e-edc1-469e-8e1e-154f35a07927,2026-08-09T02:46:51.443982+00:00,C2-CONTROLLED-SNARK,controlled-groth16-pilot-v1,controlled_kernel,ark-groth16-0.6.0-bn254,5477ab05b549b750fa32dc9a1bc61898f74ebf21,de947ec44a622d90f62e247e4cad4e4a81bb578c8249825f66cc44a0179ee3b2,8103656017800778148,1,117,default,{},4096,4096,4,16,native_execution,0.078166,,,,,,,,,,,,,phase,,,true,wrong_public_input,,,,measured,within-stack pilot; no Groth16-versus-PLONK claim,measurement,true,true,ok,"{""application_units"":4096.0}",,,,,,
b631585e-edc1-469e-8e1e-154f35a07927,2026-08-09T02:46:51.444085+00:00,C2-CONTROLLED-SNARK,controlled-groth16-pilot-v1,controlled_kernel,ark-groth16-0.6.0-bn254,5477ab05b549b750fa32dc9a1bc61898f74ebf21,de947ec44a622d90f62e247e4cad4e4a81bb578c8249825f66cc44a0179ee3b2,8103656017800778148,1,117,default,{},4096,4096,4,16,witness,284.780658,,,,,,,,,,,,,phase,,,true,wrong_public_input,,,,measured,within-stack pilot; no Groth16-versus-PLONK claim,measurement,true,true,ok,"{""application_units"":4096.0,""constraint_count"":4096.0}",,,,,,
b631585e-edc1-469e-8e1e-154f35a07927,2026-08-09T02:46:51.444112+00:00,C2-CONTROLLED-SNARK,controlled-groth16-pilot-v1,controlled_kernel,ark-groth16-0.6.0-bn254,5477ab05b549b750fa32dc9a1bc61898f74ebf21,de947ec44a622d90f62e247e4cad4e4a81bb578c8249825f66cc44a0179ee3b2,8103656017800778148,1,117,default,{},4096,4096,4,16,setup_or_preprocess,52.555971,,,,,,,,,,,,,phase,,,true,wrong_public_input,,,,measured,within-stack pilot; no Groth16-versus-PLONK claim,measurement,true,true,ok,"{""constraint_count"":4096.0}",,,,,,
b631585e-edc1-469e-8e1e-154f35a07927,2026-08-09T02:46:51.444130+00:00,C2-CONTROLLED-SNARK,controlled-groth16-pilot-v1,controlled_kernel,ark-groth16-0.6.0-bn254,5477ab05b549b750fa32dc9a1bc61898f74ebf21,de947ec44a622d90f62e247e4cad4e4a81bb578c8249825f66cc44a0179ee3b2,8103656017800778148,1,117,default,{},4096,4096,4,16,prove_total,76.300947,,,,,,,,,,,,,phase,,,true,wrong_public_input,,,,measured,within-stack pilot; no Groth16-versus-PLONK claim,measurement,true,true,ok,"{""constraint_count"":4096.0}",,,,,,
b631585e-edc1-469e-8e1e-154f35a07927,2026-08-09T02:46:51.444147+00:00,C2-CONTROLLED-SNARK,controlled-groth16-pilot-v1,controlled_kernel,ark-groth16-0.6.0-bn254,5477ab05b549b750fa32dc9a1bc61898f74ebf21,de947ec44a622d90f62e247e4cad4e4a81bb578c8249825f66cc44a0179ee3b2,8103656017800778148,1,117,default,{},4096,4096,4,16,serialize,0.002164,,,,,,,,,,,,,phase,,,true,wrong_public_input,,,,measured,within-stack pilot; no Groth16-versus-PLONK claim,measurement,true,true,ok,"{""proof_bytes"":128.0}",,,,,,
b631585e-edc1-469e-8e1e-154f35a07927,2026-08-09T02:46:51.444163+00:00,C2-CONTROLLED-SNARK,controlled-groth16-pilot-v1,controlled_kernel,ark-groth16-0.6.0-bn254,5477ab05b549b750fa32dc9a1bc61898f74ebf21,de947ec44a622d90f62e247e4cad4e4a81bb578c8249825f66cc44a0179ee3b2,8103656017800778148,1,117,default,{},4096,4096,4,16,deserialize,0.170577,,,,,,,,,,,,,phase,,,true,wrong_public_input,,,,measured,within-stack pilot; no Groth16-versus-PLONK claim,measurement,true,true,ok,"{""proof_bytes"":128.0}",,,,,,
b631585e-edc1-469e-8e1e-154f35a07927,2026-08-09T02:46:51.444180+00:00,C2-CONTROLLED-SNARK,controlled-groth16-pilot-v1,controlled_kernel,ark-groth16-0.6.0-bn254,5477ab05b549b750fa32dc9a1bc61898f74ebf21,de947ec44a622d90f62e247e4cad4e4a81bb578c8249825f66cc44a0179ee3b2,8103656017800778148,1,117,default,{},4096,4096,4,16,verify_core,1.036738,,,,,,,,,,,,,phase,,,true,wrong_public_input,1.036738,,,measured,within-stack pilot; no Groth16-versus-PLONK claim,measurement,true,true,ok,{},,,,,,
b631585e-edc1-469e-8e1e-154f35a07927,2026-08-09T02:46:51.444196+00:00,C2-CONTROLLED-SNARK,controlled-groth16-pilot-v1,controlled_kernel,ark-groth16-0.6.0-bn254,5477ab05b549b750fa32dc9a1bc61898f74ebf21,de947ec44a622d90f62e247e4cad4e4a81bb578c8249825f66cc44a0179ee3b2,8103656017800778148,1,117,default,{},4096,4096,4,16,invalid_reject,1.036738,,,,,,,,,,,,,phase,,,true,wrong_public_input,,,,measured,within-stack pilot; no Groth16-versus-PLONK claim,measurement,true,true,ok,{},,,,,,
b631585e-edc1-469e-8e1e-154f35a07927,2026-08-09T02:46:51.444212+00:00,C2-CONTROLLED-SNARK,controlled-groth16-pilot-v1,controlled_kernel,ark-groth16-0.6.0-bn254,5477ab05b549b750fa32dc9a1bc61898f74ebf21,de947ec44a622d90f62e247e4cad4e4a81bb578c8249825f66cc44a0179ee3b2,8103656017800778148,1,117,default,{},4096,4096,4,16,verify_total,1.207606,,,,,,,,,,,,,phase,,,true,wrong_public_input,,,,measured,within-stack pilot; no Groth16-versus-PLONK claim,measurement,true,true,ok,{},,,,,,
b631585e-edc1-469e-8e1e-154f35a07927,2026-08-09T02:46:51.444227+00:00,C2-CONTROLLED-SNARK,controlled-groth16-pilot-v1,controlled_kernel,ark-groth16-0.6.0-bn254,5477ab05b549b750fa32dc9a1bc61898f74ebf21,de947ec44a622d90f62e247e4cad4e4a81bb578c8249825f66cc44a0179ee3b2,8103656017800778148,1,117,default,{},4096,4096,4,16,fft_ntt,,,,,,,,,,,,,,phase,,,true,wrong_public_input,,ark-groth16 does not expose stable per-run phase hooks,,measured,within-stack pilot; no Groth16-versus-PLONK claim,measurement,true,false,unsupported,{},,,,,,
b631585e-edc1-469e-8e1e-154f35a07927,2026-08-09T02:46:51.444243+00:00,C2-CONTROLLED-SNARK,controlled-groth16-pilot-v1,controlled_kernel,ark-groth16-0.6.0-bn254,5477ab05b549b750fa32dc9a1bc61898f74ebf21,de947ec44a622d90f62e247e4cad4e4a81bb578c8249825f66cc44a0179ee3b2,8103656017800778148,1,117,default,{},4096,4096,4,16,msm,,,,,,,,,,,,,,phase,,,true,wrong_public_input,,ark-groth16 does not expose stable per-run phase hooks,,measured,within-stack pilot; no Groth16-versus-PLONK claim,measurement,true,false,unsupported,{},,,,,,
b631585e-edc1-469e-8e1e-154f35a07927,2026-08-09T02:46:51.444258+00:00,C2-CONTROLLED-SNARK,controlled-groth16-pilot-v1,controlled_kernel,ark-groth16-0.6.0-bn254,5477ab05b549b750fa32dc9a1bc61898f74ebf21,de947ec44a622d90f62e247e4cad4e4a81bb578c8249825f66cc44a0179ee3b2,8103656017800778148,1,117,default,{},4096,4096,4,16,commitment,,,,,,,,,,,,,,phase,,,true,wrong_public_input,,ark-groth16 does not expose stable per-run phase hooks,,measured,within-stack pilot; no Groth16-versus-PLONK claim,measurement,true,false,unsupported,{},,,,,,
b631585e-edc1-469e-8e1e-154f35a07927,2026-08-09T02:46:51.444279+00:00,C2-CONTROLLED-SNARK,controlled-groth16-pilot-v1,controlled_kernel,ark-groth16-0.6.0-bn254,5477ab05b549b750fa32dc9a1bc61898f74ebf21,de947ec44a622d90f62e247e4cad4e4a81bb578c8249825f66cc44a0179ee3b2,8103656017800778148,1,117,default,{},4096,4096,4,16,key_load,,,,,,,,,,,,,,phase,,,true,wrong_public_input,,ark-groth16 does not expose stable per-run phase hooks,,measured,within-stack pilot; no Groth16-versus-PLONK claim,measurement,true,false,unsupported,{},,,,,,
b631585e-edc1-469e-8e1e-154f35a07927,2026-08-09T02:46:51.444294+00:00,C2-CONTROLLED-SNARK,controlled-groth16-pilot-v1,controlled_kernel,ark-groth16-0.6.0-bn254,5477ab05b549b750fa32dc9a1bc61898f74ebf21,de947ec44a622d90f62e247e4cad4e4a81bb578c8249825f66cc44a0179ee3b2,8103656017800778148,1,117,default,{},4096,4096,4,16,adapter_process_wall,455.165713,1100.000000,15.910156,128,false,0,cryptographic_rejection,4214,956,,,,linux-procfs,process,,,true,wrong_public_input,,"Linux procfs read failed: [Errno 13] Permission denied: '/proc/4991/io'; private commit and per-process swap I/O are unavailable; VmSwap reports allocation, not swap traffic; No documented hardware or OS energy counter is configured in WSL2",,measured,within-stack pilot; no Groth16-versus-PLONK claim,measurement,true,true,ok,{},4096,2,4096,r1cs_constraints,5.0,85
304cdbfc-1695-4d03-a7a0-6670da206b52,2026-08-09T02:46:51.527109+00:00,C2-CONTROLLED-SNARK,controlled-groth16-pilot-v1,controlled_kernel,ark-groth16-0.6.0-bn254,5477ab05b549b750fa32dc9a1bc61898f74ebf21,de947ec44a622d90f62e247e4cad4e4a81bb578c8249825f66cc44a0179ee3b2,4047630004969908597,2,118,default,{},64,64,4,16,native_execution,0.596690,,,,,,,,,,,,,phase,,,true,wrong_public_input,,,,measured,within-stack pilot; no Groth16-versus-PLONK claim,measurement,true,true,ok,"{""application_units"":64.0}",,,,,,
304cdbfc-1695-4d03-a7a0-6670da206b52,2026-08-09T02:46:51.527202+00:00,C2-CONTROLLED-SNARK,controlled-groth16-pilot-v1,controlled_kernel,ark-groth16-0.6.0-bn254,5477ab05b549b750fa32dc9a1bc61898f74ebf21,de947ec44a622d90f62e247e4cad4e4a81bb578c8249825f66cc44a0179ee3b2,4047630004969908597,2,118,default,{},64,64,4,16,witness,8.538941,,,,,,,,,,,,,phase,,,true,wrong_public_input,,,,measured,within-stack pilot; no Groth16-versus-PLONK claim,measurement,true,true,ok,"{""application_units"":64.0,""constraint_count"":64.0}",,,,,,
304cdbfc-1695-4d03-a7a0-6670da206b52,2026-08-09T02:46:51.527223+00:00,C2-CONTROLLED-SNARK,controlled-groth16-pilot-v1,controlled_kernel,ark-groth16-0.6.0-bn254,5477ab05b549b750fa32dc9a1bc61898f74ebf21,de947ec44a622d90f62e247e4cad4e4a81bb578c8249825f66cc44a0179ee3b2,4047630004969908597,2,118,default,{},64,64,4,16,setup_or_preprocess,12.677287,,,,,,,,,,,,,phase,,,true,wrong_public_input,,,,measured,within-stack pilot; no Groth16-versus-PLONK claim,measurement,true,true,ok,"{""constraint_count"":64.0}",,,,,,
304cdbfc-1695-4d03-a7a0-6670da206b52,2026-08-09T02:46:51.527241+00:00,C2-CONTROLLED-SNARK,controlled-groth16-pilot-v1,controlled_kernel,ark-groth16-0.6.0-bn254,5477ab05b549b750fa32dc9a1bc61898f74ebf21,de947ec44a622d90f62e247e4cad4e4a81bb578c8249825f66cc44a0179ee3b2,4047630004969908597,2,118,default,{},64,64,4,16,prove_total,10.346260,,,,,,,,,,,,,phase,,,true,wrong_public_input,,,,measured,within-stack pilot; no Groth16-versus-PLONK claim,measurement,true,true,ok,"{""constraint_count"":64.0}",,,,,,
304cdbfc-1695-4d03-a7a0-6670da206b52,2026-08-09T02:46:51.527257+00:00,C2-CONTROLLED-SNARK,controlled-groth16-pilot-v1,controlled_kernel,ark-groth16-0.6.0-bn254,5477ab05b549b750fa32dc9a1bc61898f74ebf21,de947ec44a622d90f62e247e4cad4e4a81bb578c8249825f66cc44a0179ee3b2,4047630004969908597,2,118,default,{},64,64,4,16,serialize,0.002946,,,,,,,,,,,,,phase,,,true,wrong_public_input,,,,measured,within-stack pilot; no Groth16-versus-PLONK claim,measurement,true,true,ok,"{""proof_bytes"":128.0}",,,,,,
304cdbfc-1695-4d03-a7a0-6670da206b52,2026-08-09T02:46:51.527271+00:00,C2-CONTROLLED-SNARK,controlled-groth16-pilot-v1,controlled_kernel,ark-groth16-0.6.0-bn254,5477ab05b549b750fa32dc9a1bc61898f74ebf21,de947ec44a622d90f62e247e4cad4e4a81bb578c8249825f66cc44a0179ee3b2,4047630004969908597,2,118,default,{},64,64,4,16,deserialize,0.203889,,,,,,,,,,,,,phase,,,true,wrong_public_input,,,,measured,within-stack pilot; no Groth16-versus-PLONK claim,measurement,true,true,ok,"{""proof_bytes"":128.0}",,,,,,
304cdbfc-1695-4d03-a7a0-6670da206b52,2026-08-09T02:46:51.527285+00:00,C2-CONTROLLED-SNARK,controlled-groth16-pilot-v1,controlled_kernel,ark-groth16-0.6.0-bn254,5477ab05b549b750fa32dc9a1bc61898f74ebf21,de947ec44a622d90f62e247e4cad4e4a81bb578c8249825f66cc44a0179ee3b2,4047630004969908597,2,118,default,{},64,64,4,16,verify_core,1.085801,,,,,,,,,,,,,phase,,,true,wrong_public_input,1.085801,,,measured,within-stack pilot; no Groth16-versus-PLONK claim,measurement,true,true,ok,{},,,,,,
304cdbfc-1695-4d03-a7a0-6670da206b52,2026-08-09T02:46:51.527299+00:00,C2-CONTROLLED-SNARK,controlled-groth16-pilot-v1,controlled_kernel,ark-groth16-0.6.0-bn254,5477ab05b549b750fa32dc9a1bc61898f74ebf21,de947ec44a622d90f62e247e4cad4e4a81bb578c8249825f66cc44a0179ee3b2,4047630004969908597,2,118,default,{},64,64,4,16,invalid_reject,1.085801,,,,,,,,,,,,,phase,,,true,wrong_public_input,,,,measured,within-stack pilot; no Groth16-versus-PLONK claim,measurement,true,true,ok,{},,,,,,
304cdbfc-1695-4d03-a7a0-6670da206b52,2026-08-09T02:46:51.527312+00:00,C2-CONTROLLED-SNARK,controlled-groth16-pilot-v1,controlled_kernel,ark-groth16-0.6.0-bn254,5477ab05b549b750fa32dc9a1bc61898f74ebf21,de947ec44a622d90f62e247e4cad4e4a81bb578c8249825f66cc44a0179ee3b2,4047630004969908597,2,118,default,{},64,64,4,16,verify_total,1.289990,,,,,,,,,,,,,phase,,,true,wrong_public_input,,,,measured,within-stack pilot; no Groth16-versus-PLONK claim,measurement,true,true,ok,{},,,,,,
304cdbfc-1695-4d03-a7a0-6670da206b52,2026-08-09T02:46:51.527324+00:00,C2-CONTROLLED-SNARK,controlled-groth16-pilot-v1,controlled_kernel,ark-groth16-0.6.0-bn254,5477ab05b549b750fa32dc9a1bc61898f74ebf21,de947ec44a622d90f62e247e4cad4e4a81bb578c8249825f66cc44a0179ee3b2,4047630004969908597,2,118,default,{},64,64,4,16,fft_ntt,,,,,,,,,,,,,,phase,,,true,wrong_public_input,,ark-groth16 does not expose stable per-run phase hooks,,measured,within-stack pilot; no Groth16-versus-PLONK claim,measurement,true,false,unsupported,{},,,,,,
304cdbfc-1695-4d03-a7a0-6670da206b52,2026-08-09T02:46:51.527337+00:00,C2-CONTROLLED-SNARK,controlled-groth16-pilot-v1,controlled_kernel,ark-groth16-0.6.0-bn254,5477ab05b549b750fa32dc9a1bc61898f74ebf21,de947ec44a622d90f62e247e4cad4e4a81bb578c8249825f66cc44a0179ee3b2,4047630004969908597,2,118,default,{},64,64,4,16,msm,,,,,,,,,,,,,,phase,,,true,wrong_public_input,,ark-groth16 does not expose stable per-run phase hooks,,measured,within-stack pilot; no Groth16-versus-PLONK claim,measurement,true,false,unsupported,{},,,,,,
304cdbfc-1695-4d03-a7a0-6670da206b52,2026-08-09T02:46:51.527368+00:00,C2-CONTROLLED-SNARK,controlled-groth16-pilot-v1,controlled_kernel,ark-groth16-0.6.0-bn254,5477ab05b549b750fa32dc9a1bc61898f74ebf21,de947ec44a622d90f62e247e4cad4e4a81bb578c8249825f66cc44a0179ee3b2,4047630004969908597,2,118,default,{},64,64,4,16,commitment,,,,,,,,,,,,,,phase,,,true,wrong_public_input,,ark-groth16 does not expose stable per-run phase hooks,,measured,within-stack pilot; no Groth16-versus-PLONK claim,measurement,true,false,unsupported,{},,,,,,
304cdbfc-1695-4d03-a7a0-6670da206b52,2026-08-09T02:46:51.527401+00:00,C2-CONTROLLED-SNARK,controlled-groth16-pilot-v1,controlled_kernel,ark-groth16-0.6.0-bn254,5477ab05b549b750fa32dc9a1bc61898f74ebf21,de947ec44a622d90f62e247e4cad4e4a81bb578c8249825f66cc44a0179ee3b2,4047630004969908597,2,118,default,{},64,64,4,16,key_load,,,,,,,,,,,,,,phase,,,true,wrong_public_input,,ark-groth16 does not expose stable per-run phase hooks,,measured,within-stack pilot; no Groth16-versus-PLONK claim,measurement,true,false,unsupported,{},,,,,,
304cdbfc-1695-4d03-a7a0-6670da206b52,2026-08-09T02:46:51.527419+00:00,C2-CONTROLLED-SNARK,controlled-groth16-pilot-v1,controlled_kernel,ark-groth16-0.6.0-bn254,5477ab05b549b750fa32dc9a1bc61898f74ebf21,de947ec44a622d90f62e247e4cad4e4a81bb578c8249825f66cc44a0179ee3b2,4047630004969908597,2,118,default,{},64,64,4,16,adapter_process_wall,81.800504,50.000000,5.437500,128,false,0,cryptographic_rejection,436,956,,,,linux-procfs,process,,,true,wrong_public_input,,"private commit and per-process swap I/O are unavailable; VmSwap reports allocation, not swap traffic; No documented hardware or OS energy counter is configured in WSL2",,measured,within-stack pilot; no Groth16-versus-PLONK claim,measurement,true,true,ok,{},64,2,64,r1cs_constraints,5.0,15
6b8846d2-e15b-44e8-86d5-a8c73cf1275a,2026-08-09T02:46:51.584693+00:00,C2-CONTROLLED-SNARK,controlled-groth16-pilot-v1,controlled_kernel,ark-groth16-0.6.0-bn254,5477ab05b549b750fa32dc9a1bc61898f74ebf21,de947ec44a622d90f62e247e4cad4e4a81bb578c8249825f66cc44a0179ee3b2,6102935205249082171,0,119,default,{},64,64,2,16,native_execution,0.011150,,,,,,,,,,,,,phase,,,true,,,,,measured,within-stack pilot; no Groth16-versus-PLONK claim,measurement,true,true,ok,"{""application_units"":64.0}",,,,,,
6b8846d2-e15b-44e8-86d5-a8c73cf1275a,2026-08-09T02:46:51.584795+00:00,C2-CONTROLLED-SNARK,controlled-groth16-pilot-v1,controlled_kernel,ark-groth16-0.6.0-bn254,5477ab05b549b750fa32dc9a1bc61898f74ebf21,de947ec44a622d90f62e247e4cad4e4a81bb578c8249825f66cc44a0179ee3b2,6102935205249082171,0,119,default,{},64,64,2,16,witness,1.739782,,,,,,,,,,,,,phase,,,true,,,,,measured,within-stack pilot; no Groth16-versus-PLONK claim,measurement,true,true,ok,"{""application_units"":64.0,""constraint_count"":64.0}",,,,,,
6b8846d2-e15b-44e8-86d5-a8c73cf1275a,2026-08-09T02:46:51.584816+00:00,C2-CONTROLLED-SNARK,controlled-groth16-pilot-v1,controlled_kernel,ark-groth16-0.6.0-bn254,5477ab05b549b750fa32dc9a1bc61898f74ebf21,de947ec44a622d90f62e247e4cad4e4a81bb578c8249825f66cc44a0179ee3b2,6102935205249082171,0,119,default,{},64,64,2,16,setup_or_preprocess,7.773523,,,,,,,,,,,,,phase,,,true,,,,,measured,within-stack pilot; no Groth16-versus-PLONK claim,measurement,true,true,ok,"{""constraint_count"":64.0}",,,,,,
6b8846d2-e15b-44e8-86d5-a8c73cf1275a,2026-08-09T02:46:51.584832+00:00,C2-CONTROLLED-SNARK,controlled-groth16-pilot-v1,controlled_kernel,ark-groth16-0.6.0-bn254,5477ab05b549b750fa32dc9a1bc61898f74ebf21,de947ec44a622d90f62e247e4cad4e4a81bb578c8249825f66cc44a0179ee3b2,6102935205249082171,0,119,default,{},64,64,2,16,prove_total,6.257316,,,,,,,,,,,,,phase,,,true,,,,,measured,within-stack pilot; no Groth16-versus-PLONK claim,measurement,true,true,ok,"{""constraint_count"":64.0}",,,,,,
6b8846d2-e15b-44e8-86d5-a8c73cf1275a,2026-08-09T02:46:51.584845+00:00,C2-CONTROLLED-SNARK,controlled-groth16-pilot-v1,controlled_kernel,ark-groth16-0.6.0-bn254,5477ab05b549b750fa32dc9a1bc61898f74ebf21,de947ec44a622d90f62e247e4cad4e4a81bb578c8249825f66cc44a0179ee3b2,6102935205249082171,0,119,default,{},64,64,2,16,serialize,0.002615,,,,,,,,,,,,,phase,,,true,,,,,measured,within-stack pilot; no Groth16-versus-PLONK claim,measurement,true,true,ok,"{""proof_bytes"":128.0}",,,,,,
6b8846d2-e15b-44e8-86d5-a8c73cf1275a,2026-08-09T02:46:51.584861+00:00,C2-CONTROLLED-SNARK,controlled-groth16-pilot-v1,controlled_kernel,ark-groth16-0.6.0-bn254,5477ab05b549b750fa32dc9a1bc61898f74ebf21,de947ec44a622d90f62e247e4cad4e4a81bb578c8249825f66cc44a0179ee3b2,6102935205249082171,0,119,default,{},64,64,2,16,deserialize,0.166420,,,,,,,,,,,,,phase,,,true,,,,,measured,within-stack pilot; no Groth16-versus-PLONK claim,measurement,true,true,ok,"{""proof_bytes"":128.0}",,,,,,
6b8846d2-e15b-44e8-86d5-a8c73cf1275a,2026-08-09T02:46:51.584874+00:00,C2-CONTROLLED-SNARK,controlled-groth16-pilot-v1,controlled_kernel,ark-groth16-0.6.0-bn254,5477ab05b549b750fa32dc9a1bc61898f74ebf21,de947ec44a622d90f62e247e4cad4e4a81bb578c8249825f66cc44a0179ee3b2,6102935205249082171,0,119,default,{},64,64,2,16,verify_core,0.987307,,,,,,,,,,,,,phase,,,true,,,,,measured,within-stack pilot; no Groth16-versus-PLONK claim,measurement,true,true,ok,{},,,,,,
6b8846d2-e15b-44e8-86d5-a8c73cf1275a,2026-08-09T02:46:51.584887+00:00,C2-CONTROLLED-SNARK,controlled-groth16-pilot-v1,controlled_kernel,ark-groth16-0.6.0-bn254,5477ab05b549b750fa32dc9a1bc61898f74ebf21,de947ec44a622d90f62e247e4cad4e4a81bb578c8249825f66cc44a0179ee3b2,6102935205249082171,0,119,default,{},64,64,2,16,verify_total,1.153827,,,,,,,,,,,,,phase,,,true,,,,,measured,within-stack pilot; no Groth16-versus-PLONK claim,measurement,true,true,ok,{},,,,,,
6b8846d2-e15b-44e8-86d5-a8c73cf1275a,2026-08-09T02:46:51.584906+00:00,C2-CONTROLLED-SNARK,controlled-groth16-pilot-v1,controlled_kernel,ark-groth16-0.6.0-bn254,5477ab05b549b750fa32dc9a1bc61898f74ebf21,de947ec44a622d90f62e247e4cad4e4a81bb578c8249825f66cc44a0179ee3b2,6102935205249082171,0,119,default,{},64,64,2,16,fft_ntt,,,,,,,,,,,,,,phase,,,true,,,ark-groth16 does not expose stable per-run phase hooks,,measured,within-stack pilot; no Groth16-versus-PLONK claim,measurement,true,false,unsupported,{},,,,,,
6b8846d2-e15b-44e8-86d5-a8c73cf1275a,2026-08-09T02:46:51.584920+00:00,C2-CONTROLLED-SNARK,controlled-groth16-pilot-v1,controlled_kernel,ark-groth16-0.6.0-bn254,5477ab05b549b750fa32dc9a1bc61898f74ebf21,de947ec44a622d90f62e247e4cad4e4a81bb578c8249825f66cc44a0179ee3b2,6102935205249082171,0,119,default,{},64,64,2,16,msm,,,,,,,,,,,,,,phase,,,true,,,ark-groth16 does not expose stable per-run phase hooks,,measured,within-stack pilot; no Groth16-versus-PLONK claim,measurement,true,false,unsupported,{},,,,,,
6b8846d2-e15b-44e8-86d5-a8c73cf1275a,2026-08-09T02:46:51.584932+00:00,C2-CONTROLLED-SNARK,controlled-groth16-pilot-v1,controlled_kernel,ark-groth16-0.6.0-bn254,5477ab05b549b750fa32dc9a1bc61898f74ebf21,de947ec44a622d90f62e247e4cad4e4a81bb578c8249825f66cc44a0179ee3b2,6102935205249082171,0,119,default,{},64,64,2,16,commitment,,,,,,,,,,,,,,phase,,,true,,,ark-groth16 does not expose stable per-run phase hooks,,measured,within-stack pilot; no Groth16-versus-PLONK claim,measurement,true,false,unsupported,{},,,,,,
6b8846d2-e15b-44e8-86d5-a8c73cf1275a,2026-08-09T02:46:51.584946+00:00,C2-CONTROLLED-SNARK,controlled-groth16-pilot-v1,controlled_kernel,ark-groth16-0.6.0-bn254,5477ab05b549b750fa32dc9a1bc61898f74ebf21,de947ec44a622d90f62e247e4cad4e4a81bb578c8249825f66cc44a0179ee3b2,6102935205249082171,0,119,default,{},64,64,2,16,key_load,,,,,,,,,,,,,,phase,,,true,,,ark-groth16 does not expose stable per-run phase hooks,,measured,within-stack pilot; no Groth16-versus-PLONK claim,measurement,true,false,unsupported,{},,,,,,
6b8846d2-e15b-44e8-86d5-a8c73cf1275a,2026-08-09T02:46:51.584958+00:00,C2-CONTROLLED-SNARK,controlled-groth16-pilot-v1,controlled_kernel,ark-groth16-0.6.0-bn254,5477ab05b549b750fa32dc9a1bc61898f74ebf21,de947ec44a622d90f62e247e4cad4e4a81bb578c8249825f66cc44a0179ee3b2,6102935205249082171,0,119,default,{},64,64,2,16,adapter_process_wall,56.178291,20.000000,5.207031,128,true,0,,318,956,,,,linux-procfs,process,,,true,,,"Linux procfs read failed: [Errno 13] Permission denied: '/proc/5051/io'; private commit and per-process swap I/O are unavailable; VmSwap reports allocation, not swap traffic; No documented hardware or OS energy counter is configured in WSL2",,measured,within-stack pilot; no Groth16-versus-PLONK claim,measurement,true,true,ok,{},64,2,64,r1cs_constraints,5.0,10
0e606fee-644c-4ca1-82a6-5ddf4cdd3922,2026-08-09T02:46:51.726318+00:00,C2-CONTROLLED-SNARK,controlled-groth16-pilot-v1,controlled_kernel,ark-groth16-0.6.0-bn254,5477ab05b549b750fa32dc9a1bc61898f74ebf21,de947ec44a622d90f62e247e4cad4e4a81bb578c8249825f66cc44a0179ee3b2,2466447563747402417,0,120,default,{},64,64,16,16,native_execution,0.752175,,,,,,,,,,,,,phase,,,true,,,,,measured,within-stack pilot; no Groth16-versus-PLONK claim,measurement,true,true,ok,"{""application_units"":64.0}",,,,,,
0e606fee-644c-4ca1-82a6-5ddf4cdd3922,2026-08-09T02:46:51.726394+00:00,C2-CONTROLLED-SNARK,controlled-groth16-pilot-v1,controlled_kernel,ark-groth16-0.6.0-bn254,5477ab05b549b750fa32dc9a1bc61898f74ebf21,de947ec44a622d90f62e247e4cad4e4a81bb578c8249825f66cc44a0179ee3b2,2466447563747402417,0,120,default,{},64,64,16,16,witness,14.134659,,,,,,,,,,,,,phase,,,true,,,,,measured,within-stack pilot; no Groth16-versus-PLONK claim,measurement,true,true,ok,"{""application_units"":64.0,""constraint_count"":64.0}",,,,,,
0e606fee-644c-4ca1-82a6-5ddf4cdd3922,2026-08-09T02:46:51.726421+00:00,C2-CONTROLLED-SNARK,controlled-groth16-pilot-v1,controlled_kernel,ark-groth16-0.6.0-bn254,5477ab05b549b750fa32dc9a1bc61898f74ebf21,de947ec44a622d90f62e247e4cad4e4a81bb578c8249825f66cc44a0179ee3b2,2466447563747402417,0,120,default,{},64,64,16,16,setup_or_preprocess,39.500673,,,,,,,,,,,,,phase,,,true,,,,,measured,within-stack pilot; no Groth16-versus-PLONK claim,measurement,true,true,ok,"{""constraint_count"":64.0}",,,,,,
0e606fee-644c-4ca1-82a6-5ddf4cdd3922,2026-08-09T02:46:51.726441+00:00,C2-CONTROLLED-SNARK,controlled-groth16-pilot-v1,controlled_kernel,ark-groth16-0.6.0-bn254,5477ab05b549b750fa32dc9a1bc61898f74ebf21,de947ec44a622d90f62e247e4cad4e4a81bb578c8249825f66cc44a0179ee3b2,2466447563747402417,0,120,default,{},64,64,16,16,prove_total,33.868123,,,,,,,,,,,,,phase,,,true,,,,,measured,within-stack pilot; no Groth16-versus-PLONK claim,measurement,true,true,ok,"{""constraint_count"":64.0}",,,,,,
0e606fee-644c-4ca1-82a6-5ddf4cdd3922,2026-08-09T02:46:51.726459+00:00,C2-CONTROLLED-SNARK,controlled-groth16-pilot-v1,controlled_kernel,ark-groth16-0.6.0-bn254,5477ab05b549b750fa32dc9a1bc61898f74ebf21,de947ec44a622d90f62e247e4cad4e4a81bb578c8249825f66cc44a0179ee3b2,2466447563747402417,0,120,default,{},64,64,16,16,serialize,0.001923,,,,,,,,,,,,,phase,,,true,,,,,measured,within-stack pilot; no Groth16-versus-PLONK claim,measurement,true,true,ok,"{""proof_bytes"":128.0}",,,,,,
0e606fee-644c-4ca1-82a6-5ddf4cdd3922,2026-08-09T02:46:51.726476+00:00,C2-CONTROLLED-SNARK,controlled-groth16-pilot-v1,controlled_kernel,ark-groth16-0.6.0-bn254,5477ab05b549b750fa32dc9a1bc61898f74ebf21,de947ec44a622d90f62e247e4cad4e4a81bb578c8249825f66cc44a0179ee3b2,2466447563747402417,0,120,default,{},64,64,16,16,deserialize,0.169015,,,,,,,,,,,,,phase,,,true,,,,,measured,within-stack pilot; no Groth16-versus-PLONK claim,measurement,true,true,ok,"{""proof_bytes"":128.0}",,,,,,
0e606fee-644c-4ca1-82a6-5ddf4cdd3922,2026-08-09T02:46:51.726494+00:00,C2-CONTROLLED-SNARK,controlled-groth16-pilot-v1,controlled_kernel,ark-groth16-0.6.0-bn254,5477ab05b549b750fa32dc9a1bc61898f74ebf21,de947ec44a622d90f62e247e4cad4e4a81bb578c8249825f66cc44a0179ee3b2,2466447563747402417,0,120,default,{},64,64,16,16,verify_core,1.003758,,,,,,,,,,,,,phase,,,true,,,,,measured,within-stack pilot; no Groth16-versus-PLONK claim,measurement,true,true,ok,{},,,,,,
0e606fee-644c-4ca1-82a6-5ddf4cdd3922,2026-08-09T02:46:51.726510+00:00,C2-CONTROLLED-SNARK,controlled-groth16-pilot-v1,controlled_kernel,ark-groth16-0.6.0-bn254,5477ab05b549b750fa32dc9a1bc61898f74ebf21,de947ec44a622d90f62e247e4cad4e4a81bb578c8249825f66cc44a0179ee3b2,2466447563747402417,0,120,default,{},64,64,16,16,verify_total,1.173203,,,,,,,,,,,,,phase,,,true,,,,,measured,within-stack pilot; no Groth16-versus-PLONK claim,measurement,true,true,ok,{},,,,,,
0e606fee-644c-4ca1-82a6-5ddf4cdd3922,2026-08-09T02:46:51.726526+00:00,C2-CONTROLLED-SNARK,controlled-groth16-pilot-v1,controlled_kernel,ark-groth16-0.6.0-bn254,5477ab05b549b750fa32dc9a1bc61898f74ebf21,de947ec44a622d90f62e247e4cad4e4a81bb578c8249825f66cc44a0179ee3b2,2466447563747402417,0,120,default,{},64,64,16,16,fft_ntt,,,,,,,,,,,,,,phase,,,true,,,ark-groth16 does not expose stable per-run phase hooks,,measured,within-stack pilot; no Groth16-versus-PLONK claim,measurement,true,false,unsupported,{},,,,,,
0e606fee-644c-4ca1-82a6-5ddf4cdd3922,2026-08-09T02:46:51.726542+00:00,C2-CONTROLLED-SNARK,controlled-groth16-pilot-v1,controlled_kernel,ark-groth16-0.6.0-bn254,5477ab05b549b750fa32dc9a1bc61898f74ebf21,de947ec44a622d90f62e247e4cad4e4a81bb578c8249825f66cc44a0179ee3b2,2466447563747402417,0,120,default,{},64,64,16,16,msm,,,,,,,,,,,,,,phase,,,true,,,ark-groth16 does not expose stable per-run phase hooks,,measured,within-stack pilot; no Groth16-versus-PLONK claim,measurement,true,false,unsupported,{},,,,,,
0e606fee-644c-4ca1-82a6-5ddf4cdd3922,2026-08-09T02:46:51.726557+00:00,C2-CONTROLLED-SNARK,controlled-groth16-pilot-v1,controlled_kernel,ark-groth16-0.6.0-bn254,5477ab05b549b750fa32dc9a1bc61898f74ebf21,de947ec44a622d90f62e247e4cad4e4a81bb578c8249825f66cc44a0179ee3b2,2466447563747402417,0,120,default,{},64,64,16,16,commitment,,,,,,,,,,,,,,phase,,,true,,,ark-groth16 does not expose stable per-run phase hooks,,measured,within-stack pilot; no Groth16-versus-PLONK claim,measurement,true,false,unsupported,{},,,,,,
0e606fee-644c-4ca1-82a6-5ddf4cdd3922,2026-08-09T02:46:51.726576+00:00,C2-CONTROLLED-SNARK,controlled-groth16-pilot-v1,controlled_kernel,ark-groth16-0.6.0-bn254,5477ab05b549b750fa32dc9a1bc61898f74ebf21,de947ec44a622d90f62e247e4cad4e4a81bb578c8249825f66cc44a0179ee3b2,2466447563747402417,0,120,default,{},64,64,16,16,key_load,,,,,,,,,,,,,,phase,,,true,,,ark-groth16 does not expose stable per-run phase hooks,,measured,within-stack pilot; no Groth16-versus-PLONK claim,measurement,true,false,unsupported,{},,,,,,
0e606fee-644c-4ca1-82a6-5ddf4cdd3922,2026-08-09T02:46:51.726592+00:00,C2-CONTROLLED-SNARK,controlled-groth16-pilot-v1,controlled_kernel,ark-groth16-0.6.0-bn254,5477ab05b549b750fa32dc9a1bc61898f74ebf21,de947ec44a622d90f62e247e4cad4e4a81bb578c8249825f66cc44a0179ee3b2,2466447563747402417,0,120,default,{},64,64,16,16,adapter_process_wall,140.134417,350.000000,6.554688,128,true,0,,755,956,,,,linux-procfs,process,,,true,,,"Linux procfs read failed: [Errno 13] Permission denied: '/proc/5065/io'; private commit and per-process swap I/O are unavailable; VmSwap reports allocation, not swap traffic; No documented hardware or OS energy counter is configured in WSL2",,measured,within-stack pilot; no Groth16-versus-PLONK claim,measurement,true,true,ok,{},64,2,64,r1cs_constraints,5.0,25
31b682c3-3923-46f9-a2f1-4e53bcef39b0,2026-08-09T02:46:52.211481+00:00,C2-CONTROLLED-SNARK,controlled-groth16-pilot-v1,controlled_kernel,ark-groth16-0.6.0-bn254,5477ab05b549b750fa32dc9a1bc61898f74ebf21,de947ec44a622d90f62e247e4cad4e4a81bb578c8249825f66cc44a0179ee3b2,8733507232029868433,2,121,default,{},4096,4096,4,16,native_execution,0.850242,,,,,,,,,,,,,phase,,,true,wrong_public_input,,,,measured,within-stack pilot; no Groth16-versus-PLONK claim,measurement,true,true,ok,"{""application_units"":4096.0}",,,,,,
31b682c3-3923-46f9-a2f1-4e53bcef39b0,2026-08-09T02:46:52.211583+00:00,C2-CONTROLLED-SNARK,controlled-groth16-pilot-v1,controlled_kernel,ark-groth16-0.6.0-bn254,5477ab05b549b750fa32dc9a1bc61898f74ebf21,de947ec44a622d90f62e247e4cad4e4a81bb578c8249825f66cc44a0179ee3b2,8733507232029868433,2,121,default,{},4096,4096,4,16,witness,290.909552,,,,,,,,,,,,,phase,,,true,wrong_public_input,,,,measured,within-stack pilot; no Groth16-versus-PLONK claim,measurement,true,true,ok,"{""application_units"":4096.0,""constraint_count"":4096.0}",,,,,,
31b682c3-3923-46f9-a2f1-4e53bcef39b0,2026-08-09T02:46:52.211611+00:00,C2-CONTROLLED-SNARK,controlled-groth16-pilot-v1,controlled_kernel,ark-groth16-0.6.0-bn254,5477ab05b549b750fa32dc9a1bc61898f74ebf21,de947ec44a622d90f62e247e4cad4e4a81bb578c8249825f66cc44a0179ee3b2,8733507232029868433,2,121,default,{},4096,4096,4,16,setup_or_preprocess,57.443568,,,,,,,,,,,,,phase,,,true,wrong_public_input,,,,measured,within-stack pilot; no Groth16-versus-PLONK claim,measurement,true,true,ok,"{""constraint_count"":4096.0}",,,,,,
31b682c3-3923-46f9-a2f1-4e53bcef39b0,2026-08-09T02:46:52.211631+00:00,C2-CONTROLLED-SNARK,controlled-groth16-pilot-v1,controlled_kernel,ark-groth16-0.6.0-bn254,5477ab05b549b750fa32dc9a1bc61898f74ebf21,de947ec44a622d90f62e247e4cad4e4a81bb578c8249825f66cc44a0179ee3b2,8733507232029868433,2,121,default,{},4096,4096,4,16,prove_total,84.059106,,,,,,,,,,,,,phase,,,true,wrong_public_input,,,,measured,within-stack pilot; no Groth16-versus-PLONK claim,measurement,true,true,ok,"{""constraint_count"":4096.0}",,,,,,
31b682c3-3923-46f9-a2f1-4e53bcef39b0,2026-08-09T02:46:52.211648+00:00,C2-CONTROLLED-SNARK,controlled-groth16-pilot-v1,controlled_kernel,ark-groth16-0.6.0-bn254,5477ab05b549b750fa32dc9a1bc61898f74ebf21,de947ec44a622d90f62e247e4cad4e4a81bb578c8249825f66cc44a0179ee3b2,8733507232029868433,2,121,default,{},4096,4096,4,16,serialize,0.001944,,,,,,,,,,,,,phase,,,true,wrong_public_input,,,,measured,within-stack pilot; no Groth16-versus-PLONK claim,measurement,true,true,ok,"{""proof_bytes"":128.0}",,,,,,
31b682c3-3923-46f9-a2f1-4e53bcef39b0,2026-08-09T02:46:52.211666+00:00,C2-CONTROLLED-SNARK,controlled-groth16-pilot-v1,controlled_kernel,ark-groth16-0.6.0-bn254,5477ab05b549b750fa32dc9a1bc61898f74ebf21,de947ec44a622d90f62e247e4cad4e4a81bb578c8249825f66cc44a0179ee3b2,8733507232029868433,2,121,default,{},4096,4096,4,16,deserialize,0.163414,,,,,,,,,,,,,phase,,,true,wrong_public_input,,,,measured,within-stack pilot; no Groth16-versus-PLONK claim,measurement,true,true,ok,"{""proof_bytes"":128.0}",,,,,,
31b682c3-3923-46f9-a2f1-4e53bcef39b0,2026-08-09T02:46:52.211682+00:00,C2-CONTROLLED-SNARK,controlled-groth16-pilot-v1,controlled_kernel,ark-groth16-0.6.0-bn254,5477ab05b549b750fa32dc9a1bc61898f74ebf21,de947ec44a622d90f62e247e4cad4e4a81bb578c8249825f66cc44a0179ee3b2,8733507232029868433,2,121,default,{},4096,4096,4,16,verify_core,0.997726,,,,,,,,,,,,,phase,,,true,wrong_public_input,0.997726,,,measured,within-stack pilot; no Groth16-versus-PLONK claim,measurement,true,true,ok,{},,,,,,
31b682c3-3923-46f9-a2f1-4e53bcef39b0,2026-08-09T02:46:52.211698+00:00,C2-CONTROLLED-SNARK,controlled-groth16-pilot-v1,controlled_kernel,ark-groth16-0.6.0-bn254,5477ab05b549b750fa32dc9a1bc61898f74ebf21,de947ec44a622d90f62e247e4cad4e4a81bb578c8249825f66cc44a0179ee3b2,8733507232029868433,2,121,default,{},4096,4096,4,16,invalid_reject,0.997726,,,,,,,,,,,,,phase,,,true,wrong_public_input,,,,measured,within-stack pilot; no Groth16-versus-PLONK claim,measurement,true,true,ok,{},,,,,,
31b682c3-3923-46f9-a2f1-4e53bcef39b0,2026-08-09T02:46:52.211715+00:00,C2-CONTROLLED-SNARK,controlled-groth16-pilot-v1,controlled_kernel,ark-groth16-0.6.0-bn254,5477ab05b549b750fa32dc9a1bc61898f74ebf21,de947ec44a622d90f62e247e4cad4e4a81bb578c8249825f66cc44a0179ee3b2,8733507232029868433,2,121,default,{},4096,4096,4,16,verify_total,1.161451,,,,,,,,,,,,,phase,,,true,wrong_public_input,,,,measured,within-stack pilot; no Groth16-versus-PLONK claim,measurement,true,true,ok,{},,,,,,
31b682c3-3923-46f9-a2f1-4e53bcef39b0,2026-08-09T02:46:52.211732+00:00,C2-CONTROLLED-SNARK,controlled-groth16-pilot-v1,controlled_kernel,ark-groth16-0.6.0-bn254,5477ab05b549b750fa32dc9a1bc61898f74ebf21,de947ec44a622d90f62e247e4cad4e4a81bb578c8249825f66cc44a0179ee3b2,8733507232029868433,2,121,default,{},4096,4096,4,16,fft_ntt,,,,,,,,,,,,,,phase,,,true,wrong_public_input,,ark-groth16 does not expose stable per-run phase hooks,,measured,within-stack pilot; no Groth16-versus-PLONK claim,measurement,true,false,unsupported,{},,,,,,
31b682c3-3923-46f9-a2f1-4e53bcef39b0,2026-08-09T02:46:52.211755+00:00,C2-CONTROLLED-SNARK,controlled-groth16-pilot-v1,controlled_kernel,ark-groth16-0.6.0-bn254,5477ab05b549b750fa32dc9a1bc61898f74ebf21,de947ec44a622d90f62e247e4cad4e4a81bb578c8249825f66cc44a0179ee3b2,8733507232029868433,2,121,default,{},4096,4096,4,16,msm,,,,,,,,,,,,,,phase,,,true,wrong_public_input,,ark-groth16 does not expose stable per-run phase hooks,,measured,within-stack pilot; no Groth16-versus-PLONK claim,measurement,true,false,unsupported,{},,,,,,
31b682c3-3923-46f9-a2f1-4e53bcef39b0,2026-08-09T02:46:52.211770+00:00,C2-CONTROLLED-SNARK,controlled-groth16-pilot-v1,controlled_kernel,ark-groth16-0.6.0-bn254,5477ab05b549b750fa32dc9a1bc61898f74ebf21,de947ec44a622d90f62e247e4cad4e4a81bb578c8249825f66cc44a0179ee3b2,8733507232029868433,2,121,default,{},4096,4096,4,16,commitment,,,,,,,,,,,,,,phase,,,true,wrong_public_input,,ark-groth16 does not expose stable per-run phase hooks,,measured,within-stack pilot; no Groth16-versus-PLONK claim,measurement,true,false,unsupported,{},,,,,,
31b682c3-3923-46f9-a2f1-4e53bcef39b0,2026-08-09T02:46:52.211786+00:00,C2-CONTROLLED-SNARK,controlled-groth16-pilot-v1,controlled_kernel,ark-groth16-0.6.0-bn254,5477ab05b549b750fa32dc9a1bc61898f74ebf21,de947ec44a622d90f62e247e4cad4e4a81bb578c8249825f66cc44a0179ee3b2,8733507232029868433,2,121,default,{},4096,4096,4,16,key_load,,,,,,,,,,,,,,phase,,,true,wrong_public_input,,ark-groth16 does not expose stable per-run phase hooks,,measured,within-stack pilot; no Groth16-versus-PLONK claim,measurement,true,false,unsupported,{},,,,,,
31b682c3-3923-46f9-a2f1-4e53bcef39b0,2026-08-09T02:46:52.211801+00:00,C2-CONTROLLED-SNARK,controlled-groth16-pilot-v1,controlled_kernel,ark-groth16-0.6.0-bn254,5477ab05b549b750fa32dc9a1bc61898f74ebf21,de947ec44a622d90f62e247e4cad4e4a81bb578c8249825f66cc44a0179ee3b2,8733507232029868433,2,121,default,{},4096,4096,4,16,adapter_process_wall,483.975963,1120.000000,15.175781,128,false,0,cryptographic_rejection,4015,956,,,,linux-procfs,process,,,true,wrong_public_input,,"Linux procfs read failed: [Errno 13] Permission denied: '/proc/5167/io'; private commit and per-process swap I/O are unavailable; VmSwap reports allocation, not swap traffic; No documented hardware or OS energy counter is configured in WSL2",,measured,within-stack pilot; no Groth16-versus-PLONK claim,measurement,true,true,ok,{},4096,2,4096,r1cs_constraints,5.0,90
470ef887-4f9e-46df-99f1-bf6d632a7e16,2026-08-09T02:46:52.580556+00:00,C2-CONTROLLED-SNARK,controlled-groth16-pilot-v1,controlled_kernel,ark-groth16-0.6.0-bn254,5477ab05b549b750fa32dc9a1bc61898f74ebf21,de947ec44a622d90f62e247e4cad4e4a81bb578c8249825f66cc44a0179ee3b2,635878119570831002,2,122,default,{},1024,1024,16,16,native_execution,0.654073,,,,,,,,,,,,,phase,,,true,,,,,measured,within-stack pilot; no Groth16-versus-PLONK claim,measurement,true,true,ok,"{""application_units"":1024.0}",,,,,,
470ef887-4f9e-46df-99f1-bf6d632a7e16,2026-08-09T02:46:52.580684+00:00,C2-CONTROLLED-SNARK,controlled-groth16-pilot-v1,controlled_kernel,ark-groth16-0.6.0-bn254,5477ab05b549b750fa32dc9a1bc61898f74ebf21,de947ec44a622d90f62e247e4cad4e4a81bb578c8249825f66cc44a0179ee3b2,635878119570831002,2,122,default,{},1024,1024,16,16,witness,165.534505,,,,,,,,,,,,,phase,,,true,,,,,measured,within-stack pilot; no Groth16-versus-PLONK claim,measurement,true,true,ok,"{""application_units"":1024.0,""constraint_count"":1024.0}",,,,,,
470ef887-4f9e-46df-99f1-bf6d632a7e16,2026-08-09T02:46:52.580715+00:00,C2-CONTROLLED-SNARK,controlled-groth16-pilot-v1,controlled_kernel,ark-groth16-0.6.0-bn254,5477ab05b549b750fa32dc9a1bc61898f74ebf21,de947ec44a622d90f62e247e4cad4e4a81bb578c8249825f66cc44a0179ee3b2,635878119570831002,2,122,default,{},1024,1024,16,16,setup_or_preprocess,43.754187,,,,,,,,,,,,,phase,,,true,,,,,measured,within-stack pilot; no Groth16-versus-PLONK claim,measurement,true,true,ok,"{""constraint_count"":1024.0}",,,,,,
470ef887-4f9e-46df-99f1-bf6d632a7e16,2026-08-09T02:46:52.580736+00:00,C2-CONTROLLED-SNARK,controlled-groth16-pilot-v1,controlled_kernel,ark-groth16-0.6.0-bn254,5477ab05b549b750fa32dc9a1bc61898f74ebf21,de947ec44a622d90f62e247e4cad4e4a81bb578c8249825f66cc44a0179ee3b2,635878119570831002,2,122,default,{},1024,1024,16,16,prove_total,105.650107,,,,,,,,,,,,,phase,,,true,,,,,measured,within-stack pilot; no Groth16-versus-PLONK claim,measurement,true,true,ok,"{""constraint_count"":1024.0}",,,,,,
470ef887-4f9e-46df-99f1-bf6d632a7e16,2026-08-09T02:46:52.580751+00:00,C2-CONTROLLED-SNARK,controlled-groth16-pilot-v1,controlled_kernel,ark-groth16-0.6.0-bn254,5477ab05b549b750fa32dc9a1bc61898f74ebf21,de947ec44a622d90f62e247e4cad4e4a81bb578c8249825f66cc44a0179ee3b2,635878119570831002,2,122,default,{},1024,1024,16,16,serialize,0.003086,,,,,,,,,,,,,phase,,,true,,,,,measured,within-stack pilot; no Groth16-versus-PLONK claim,measurement,true,true,ok,"{""proof_bytes"":128.0}",,,,,,
470ef887-4f9e-46df-99f1-bf6d632a7e16,2026-08-09T02:46:52.580765+00:00,C2-CONTROLLED-SNARK,controlled-groth16-pilot-v1,controlled_kernel,ark-groth16-0.6.0-bn254,5477ab05b549b750fa32dc9a1bc61898f74ebf21,de947ec44a622d90f62e247e4cad4e4a81bb578c8249825f66cc44a0179ee3b2,635878119570831002,2,122,default,{},1024,1024,16,16,deserialize,0.168374,,,,,,,,,,,,,phase,,,true,,,,,measured,within-stack pilot; no Groth16-versus-PLONK claim,measurement,true,true,ok,"{""proof_bytes"":128.0}",,,,,,
470ef887-4f9e-46df-99f1-bf6d632a7e16,2026-08-09T02:46:52.580778+00:00,C2-CONTROLLED-SNARK,controlled-groth16-pilot-v1,controlled_kernel,ark-groth16-0.6.0-bn254,5477ab05b549b750fa32dc9a1bc61898f74ebf21,de947ec44a622d90f62e247e4cad4e4a81bb578c8249825f66cc44a0179ee3b2,635878119570831002,2,122,default,{},1024,1024,16,16,verify_core,1.059751,,,,,,,,,,,,,phase,,,true,,,,,measured,within-stack pilot; no Groth16-versus-PLONK claim,measurement,true,true,ok,{},,,,,,
470ef887-4f9e-46df-99f1-bf6d632a7e16,2026-08-09T02:46:52.580791+00:00,C2-CONTROLLED-SNARK,controlled-groth16-pilot-v1,controlled_kernel,ark-groth16-0.6.0-bn254,5477ab05b549b750fa32dc9a1bc61898f74ebf21,de947ec44a622d90f62e247e4cad4e4a81bb578c8249825f66cc44a0179ee3b2,635878119570831002,2,122,default,{},1024,1024,16,16,verify_total,1.228236,,,,,,,,,,,,,phase,,,true,,,,,measured,within-stack pilot; no Groth16-versus-PLONK claim,measurement,true,true,ok,{},,,,,,
470ef887-4f9e-46df-99f1-bf6d632a7e16,2026-08-09T02:46:52.580805+00:00,C2-CONTROLLED-SNARK,controlled-groth16-pilot-v1,controlled_kernel,ark-groth16-0.6.0-bn254,5477ab05b549b750fa32dc9a1bc61898f74ebf21,de947ec44a622d90f62e247e4cad4e4a81bb578c8249825f66cc44a0179ee3b2,635878119570831002,2,122,default,{},1024,1024,16,16,fft_ntt,,,,,,,,,,,,,,phase,,,true,,,ark-groth16 does not expose stable per-run phase hooks,,measured,within-stack pilot; no Groth16-versus-PLONK claim,measurement,true,false,unsupported,{},,,,,,
470ef887-4f9e-46df-99f1-bf6d632a7e16,2026-08-09T02:46:52.580825+00:00,C2-CONTROLLED-SNARK,controlled-groth16-pilot-v1,controlled_kernel,ark-groth16-0.6.0-bn254,5477ab05b549b750fa32dc9a1bc61898f74ebf21,de947ec44a622d90f62e247e4cad4e4a81bb578c8249825f66cc44a0179ee3b2,635878119570831002,2,122,default,{},1024,1024,16,16,msm,,,,,,,,,,,,,,phase,,,true,,,ark-groth16 does not expose stable per-run phase hooks,,measured,within-stack pilot; no Groth16-versus-PLONK claim,measurement,true,false,unsupported,{},,,,,,
470ef887-4f9e-46df-99f1-bf6d632a7e16,2026-08-09T02:46:52.580838+00:00,C2-CONTROLLED-SNARK,controlled-groth16-pilot-v1,controlled_kernel,ark-groth16-0.6.0-bn254,5477ab05b549b750fa32dc9a1bc61898f74ebf21,de947ec44a622d90f62e247e4cad4e4a81bb578c8249825f66cc44a0179ee3b2,635878119570831002,2,122,default,{},1024,1024,16,16,commitment,,,,,,,,,,,,,,phase,,,true,,,ark-groth16 does not expose stable per-run phase hooks,,measured,within-stack pilot; no Groth16-versus-PLONK claim,measurement,true,false,unsupported,{},,,,,,
470ef887-4f9e-46df-99f1-bf6d632a7e16,2026-08-09T02:46:52.580850+00:00,C2-CONTROLLED-SNARK,controlled-groth16-pilot-v1,controlled_kernel,ark-groth16-0.6.0-bn254,5477ab05b549b750fa32dc9a1bc61898f74ebf21,de947ec44a622d90f62e247e4cad4e4a81bb578c8249825f66cc44a0179ee3b2,635878119570831002,2,122,default,{},1024,1024,16,16,key_load,,,,,,,,,,,,,,phase,,,true,,,ark-groth16 does not expose stable per-run phase hooks,,measured,within-stack pilot; no Groth16-versus-PLONK claim,measurement,true,false,unsupported,{},,,,,,
470ef887-4f9e-46df-99f1-bf6d632a7e16,2026-08-09T02:46:52.580863+00:00,C2-CONTROLLED-SNARK,controlled-groth16-pilot-v1,controlled_kernel,ark-groth16-0.6.0-bn254,5477ab05b549b750fa32dc9a1bc61898f74ebf21,de947ec44a622d90f62e247e4cad4e4a81bb578c8249825f66cc44a0179ee3b2,635878119570831002,2,122,default,{},1024,1024,16,16,adapter_process_wall,367.613919,1210.000000,9.453125,128,true,0,,1810,956,,,,linux-procfs,process,,,true,,,"private commit and per-process swap I/O are unavailable; VmSwap reports allocation, not swap traffic; No documented hardware or OS energy counter is configured in WSL2",,measured,within-stack pilot; no Groth16-versus-PLONK claim,measurement,true,true,ok,{},1024,2,1024,r1cs_constraints,5.0,68
3b41c50a-7fe7-4258-9c62-962daecb39ba,2026-08-09T02:46:52.729740+00:00,C2-CONTROLLED-SNARK,controlled-groth16-pilot-v1,controlled_kernel,ark-groth16-0.6.0-bn254,5477ab05b549b750fa32dc9a1bc61898f74ebf21,de947ec44a622d90f62e247e4cad4e4a81bb578c8249825f66cc44a0179ee3b2,7647646605806179270,1,123,default,{},1024,1024,2,16,native_execution,0.711284,,,,,,,,,,,,,phase,,,true,,,,,measured,within-stack pilot; no Groth16-versus-PLONK claim,measurement,true,true,ok,"{""application_units"":1024.0}",,,,,,
3b41c50a-7fe7-4258-9c62-962daecb39ba,2026-08-09T02:46:52.729812+00:00,C2-CONTROLLED-SNARK,controlled-groth16-pilot-v1,controlled_kernel,ark-groth16-0.6.0-bn254,5477ab05b549b750fa32dc9a1bc61898f74ebf21,de947ec44a622d90f62e247e4cad4e4a81bb578c8249825f66cc44a0179ee3b2,7647646605806179270,1,123,default,{},1024,1024,2,16,witness,29.595285,,,,,,,,,,,,,phase,,,true,,,,,measured,within-stack pilot; no Groth16-versus-PLONK claim,measurement,true,true,ok,"{""application_units"":1024.0,""constraint_count"":1024.0}",,,,,,
3b41c50a-7fe7-4258-9c62-962daecb39ba,2026-08-09T02:46:52.729833+00:00,C2-CONTROLLED-SNARK,controlled-groth16-pilot-v1,controlled_kernel,ark-groth16-0.6.0-bn254,5477ab05b549b750fa32dc9a1bc61898f74ebf21,de947ec44a622d90f62e247e4cad4e4a81bb578c8249825f66cc44a0179ee3b2,7647646605806179270,1,123,default,{},1024,1024,2,16,setup_or_preprocess,34.074198,,,,,,,,,,,,,phase,,,true,,,,,measured,within-stack pilot; no Groth16-versus-PLONK claim,measurement,true,true,ok,"{""constraint_count"":1024.0}",,,,,,
3b41c50a-7fe7-4258-9c62-962daecb39ba,2026-08-09T02:46:52.729848+00:00,C2-CONTROLLED-SNARK,controlled-groth16-pilot-v1,controlled_kernel,ark-groth16-0.6.0-bn254,5477ab05b549b750fa32dc9a1bc61898f74ebf21,de947ec44a622d90f62e247e4cad4e4a81bb578c8249825f66cc44a0179ee3b2,7647646605806179270,1,123,default,{},1024,1024,2,16,prove_total,31.706308,,,,,,,,,,,,,phase,,,true,,,,,measured,within-stack pilot; no Groth16-versus-PLONK claim,measurement,true,true,ok,"{""constraint_count"":1024.0}",,,,,,
3b41c50a-7fe7-4258-9c62-962daecb39ba,2026-08-09T02:46:52.729862+00:00,C2-CONTROLLED-SNARK,controlled-groth16-pilot-v1,controlled_kernel,ark-groth16-0.6.0-bn254,5477ab05b549b750fa32dc9a1bc61898f74ebf21,de947ec44a622d90f62e247e4cad4e4a81bb578c8249825f66cc44a0179ee3b2,7647646605806179270,1,123,default,{},1024,1024,2,16,serialize,0.003226,,,,,,,,,,,,,phase,,,true,,,,,measured,within-stack pilot; no Groth16-versus-PLONK claim,measurement,true,true,ok,"{""proof_bytes"":128.0}",,,,,,
3b41c50a-7fe7-4258-9c62-962daecb39ba,2026-08-09T02:46:52.729876+00:00,C2-CONTROLLED-SNARK,controlled-groth16-pilot-v1,controlled_kernel,ark-groth16-0.6.0-bn254,5477ab05b549b750fa32dc9a1bc61898f74ebf21,de947ec44a622d90f62e247e4cad4e4a81bb578c8249825f66cc44a0179ee3b2,7647646605806179270,1,123,default,{},1024,1024,2,16,deserialize,0.218036,,,,,,,,,,,,,phase,,,true,,,,,measured,within-stack pilot; no Groth16-versus-PLONK claim,measurement,true,true,ok,"{""proof_bytes"":128.0}",,,,,,
3b41c50a-7fe7-4258-9c62-962daecb39ba,2026-08-09T02:46:52.729889+00:00,C2-CONTROLLED-SNARK,controlled-groth16-pilot-v1,controlled_kernel,ark-groth16-0.6.0-bn254,5477ab05b549b750fa32dc9a1bc61898f74ebf21,de947ec44a622d90f62e247e4cad4e4a81bb578c8249825f66cc44a0179ee3b2,7647646605806179270,1,123,default,{},1024,1024,2,16,verify_core,1.165589,,,,,,,,,,,,,phase,,,true,,,,,measured,within-stack pilot; no Groth16-versus-PLONK claim,measurement,true,true,ok,{},,,,,,
3b41c50a-7fe7-4258-9c62-962daecb39ba,2026-08-09T02:46:52.729901+00:00,C2-CONTROLLED-SNARK,controlled-groth16-pilot-v1,controlled_kernel,ark-groth16-0.6.0-bn254,5477ab05b549b750fa32dc9a1bc61898f74ebf21,de947ec44a622d90f62e247e4cad4e4a81bb578c8249825f66cc44a0179ee3b2,7647646605806179270,1,123,default,{},1024,1024,2,16,verify_total,1.383785,,,,,,,,,,,,,phase,,,true,,,,,measured,within-stack pilot; no Groth16-versus-PLONK claim,measurement,true,true,ok,{},,,,,,
3b41c50a-7fe7-4258-9c62-962daecb39ba,2026-08-09T02:46:52.729914+00:00,C2-CONTROLLED-SNARK,controlled-groth16-pilot-v1,controlled_kernel,ark-groth16-0.6.0-bn254,5477ab05b549b750fa32dc9a1bc61898f74ebf21,de947ec44a622d90f62e247e4cad4e4a81bb578c8249825f66cc44a0179ee3b2,7647646605806179270,1,123,default,{},1024,1024,2,16,fft_ntt,,,,,,,,,,,,,,phase,,,true,,,ark-groth16 does not expose stable per-run phase hooks,,measured,within-stack pilot; no Groth16-versus-PLONK claim,measurement,true,false,unsupported,{},,,,,,
3b41c50a-7fe7-4258-9c62-962daecb39ba,2026-08-09T02:46:52.729927+00:00,C2-CONTROLLED-SNARK,controlled-groth16-pilot-v1,controlled_kernel,ark-groth16-0.6.0-bn254,5477ab05b549b750fa32dc9a1bc61898f74ebf21,de947ec44a622d90f62e247e4cad4e4a81bb578c8249825f66cc44a0179ee3b2,7647646605806179270,1,123,default,{},1024,1024,2,16,msm,,,,,,,,,,,,,,phase,,,true,,,ark-groth16 does not expose stable per-run phase hooks,,measured,within-stack pilot; no Groth16-versus-PLONK claim,measurement,true,false,unsupported,{},,,,,,
3b41c50a-7fe7-4258-9c62-962daecb39ba,2026-08-09T02:46:52.729939+00:00,C2-CONTROLLED-SNARK,controlled-groth16-pilot-v1,controlled_kernel,ark-groth16-0.6.0-bn254,5477ab05b549b750fa32dc9a1bc61898f74ebf21,de947ec44a622d90f62e247e4cad4e4a81bb578c8249825f66cc44a0179ee3b2,7647646605806179270,1,123,default,{},1024,1024,2,16,commitment,,,,,,,,,,,,,,phase,,,true,,,ark-groth16 does not expose stable per-run phase hooks,,measured,within-stack pilot; no Groth16-versus-PLONK claim,measurement,true,false,unsupported,{},,,,,,
3b41c50a-7fe7-4258-9c62-962daecb39ba,2026-08-09T02:46:52.729951+00:00,C2-CONTROLLED-SNARK,controlled-groth16-pilot-v1,controlled_kernel,ark-groth16-0.6.0-bn254,5477ab05b549b750fa32dc9a1bc61898f74ebf21,de947ec44a622d90f62e247e4cad4e4a81bb578c8249825f66cc44a0179ee3b2,7647646605806179270,1,123,default,{},1024,1024,2,16,key_load,,,,,,,,,,,,,,phase,,,true,,,ark-groth16 does not expose stable per-run phase hooks,,measured,within-stack pilot; no Groth16-versus-PLONK claim,measurement,true,false,unsupported,{},,,,,,
3b41c50a-7fe7-4258-9c62-962daecb39ba,2026-08-09T02:46:52.729966+00:00,C2-CONTROLLED-SNARK,controlled-groth16-pilot-v1,controlled_kernel,ark-groth16-0.6.0-bn254,5477ab05b549b750fa32dc9a1bc61898f74ebf21,de947ec44a622d90f62e247e4cad4e4a81bb578c8249825f66cc44a0179ee3b2,7647646605806179270,1,123,default,{},1024,1024,2,16,adapter_process_wall,147.782466,150.000000,7.414062,128,true,0,,1166,956,,,,linux-procfs,process,,,true,,,"private commit and per-process swap I/O are unavailable; VmSwap reports allocation, not swap traffic; No documented hardware or OS energy counter is configured in WSL2",,measured,within-stack pilot; no Groth16-versus-PLONK claim,measurement,true,true,ok,{},1024,2,1024,r1cs_constraints,5.0,27
eac2c926-d43c-4463-b50f-9fd2c2ce2cae,2026-08-09T02:46:53.206620+00:00,C2-CONTROLLED-SNARK,controlled-groth16-pilot-v1,controlled_kernel,ark-groth16-0.6.0-bn254,5477ab05b549b750fa32dc9a1bc61898f74ebf21,de947ec44a622d90f62e247e4cad4e4a81bb578c8249825f66cc44a0179ee3b2,756235820131434365,0,124,default,{},4096,4096,4,16,native_execution,0.690375,,,,,,,,,,,,,phase,,,true,wrong_public_input,,,,measured,within-stack pilot; no Groth16-versus-PLONK claim,measurement,true,true,ok,"{""application_units"":4096.0}",,,,,,
eac2c926-d43c-4463-b50f-9fd2c2ce2cae,2026-08-09T02:46:53.206740+00:00,C2-CONTROLLED-SNARK,controlled-groth16-pilot-v1,controlled_kernel,ark-groth16-0.6.0-bn254,5477ab05b549b750fa32dc9a1bc61898f74ebf21,de947ec44a622d90f62e247e4cad4e4a81bb578c8249825f66cc44a0179ee3b2,756235820131434365,0,124,default,{},4096,4096,4,16,witness,290.204357,,,,,,,,,,,,,phase,,,true,wrong_public_input,,,,measured,within-stack pilot; no Groth16-versus-PLONK claim,measurement,true,true,ok,"{""application_units"":4096.0,""constraint_count"":4096.0}",,,,,,
eac2c926-d43c-4463-b50f-9fd2c2ce2cae,2026-08-09T02:46:53.206768+00:00,C2-CONTROLLED-SNARK,controlled-groth16-pilot-v1,controlled_kernel,ark-groth16-0.6.0-bn254,5477ab05b549b750fa32dc9a1bc61898f74ebf21,de947ec44a622d90f62e247e4cad4e4a81bb578c8249825f66cc44a0179ee3b2,756235820131434365,0,124,default,{},4096,4096,4,16,setup_or_preprocess,56.894051,,,,,,,,,,,,,phase,,,true,wrong_public_input,,,,measured,within-stack pilot; no Groth16-versus-PLONK claim,measurement,true,true,ok,"{""constraint_count"":4096.0}",,,,,,
eac2c926-d43c-4463-b50f-9fd2c2ce2cae,2026-08-09T02:46:53.206788+00:00,C2-CONTROLLED-SNARK,controlled-groth16-pilot-v1,controlled_kernel,ark-groth16-0.6.0-bn254,5477ab05b549b750fa32dc9a1bc61898f74ebf21,de947ec44a622d90f62e247e4cad4e4a81bb578c8249825f66cc44a0179ee3b2,756235820131434365,0,124,default,{},4096,4096,4,16,prove_total,75.544346,,,,,,,,,,,,,phase,,,true,wrong_public_input,,,,measured,within-stack pilot; no Groth16-versus-PLONK claim,measurement,true,true,ok,"{""constraint_count"":4096.0}",,,,,,
eac2c926-d43c-4463-b50f-9fd2c2ce2cae,2026-08-09T02:46:53.206806+00:00,C2-CONTROLLED-SNARK,controlled-groth16-pilot-v1,controlled_kernel,ark-groth16-0.6.0-bn254,5477ab05b549b750fa32dc9a1bc61898f74ebf21,de947ec44a622d90f62e247e4cad4e4a81bb578c8249825f66cc44a0179ee3b2,756235820131434365,0,124,default,{},4096,4096,4,16,serialize,0.010309,,,,,,,,,,,,,phase,,,true,wrong_public_input,,,,measured,within-stack pilot; no Groth16-versus-PLONK claim,measurement,true,true,ok,"{""proof_bytes"":128.0}",,,,,,
eac2c926-d43c-4463-b50f-9fd2c2ce2cae,2026-08-09T02:46:53.206823+00:00,C2-CONTROLLED-SNARK,controlled-groth16-pilot-v1,controlled_kernel,ark-groth16-0.6.0-bn254,5477ab05b549b750fa32dc9a1bc61898f74ebf21,de947ec44a622d90f62e247e4cad4e4a81bb578c8249825f66cc44a0179ee3b2,756235820131434365,0,124,default,{},4096,4096,4,16,deserialize,0.254814,,,,,,,,,,,,,phase,,,true,wrong_public_input,,,,measured,within-stack pilot; no Groth16-versus-PLONK claim,measurement,true,true,ok,"{""proof_bytes"":128.0}",,,,,,
eac2c926-d43c-4463-b50f-9fd2c2ce2cae,2026-08-09T02:46:53.206840+00:00,C2-CONTROLLED-SNARK,controlled-groth16-pilot-v1,controlled_kernel,ark-groth16-0.6.0-bn254,5477ab05b549b750fa32dc9a1bc61898f74ebf21,de947ec44a622d90f62e247e4cad4e4a81bb578c8249825f66cc44a0179ee3b2,756235820131434365,0,124,default,{},4096,4096,4,16,verify_core,1.092824,,,,,,,,,,,,,phase,,,true,wrong_public_input,1.092824,,,measured,within-stack pilot; no Groth16-versus-PLONK claim,measurement,true,true,ok,{},,,,,,
eac2c926-d43c-4463-b50f-9fd2c2ce2cae,2026-08-09T02:46:53.206857+00:00,C2-CONTROLLED-SNARK,controlled-groth16-pilot-v1,controlled_kernel,ark-groth16-0.6.0-bn254,5477ab05b549b750fa32dc9a1bc61898f74ebf21,de947ec44a622d90f62e247e4cad4e4a81bb578c8249825f66cc44a0179ee3b2,756235820131434365,0,124,default,{},4096,4096,4,16,invalid_reject,1.092824,,,,,,,,,,,,,phase,,,true,wrong_public_input,,,,measured,within-stack pilot; no Groth16-versus-PLONK claim,measurement,true,true,ok,{},,,,,,
eac2c926-d43c-4463-b50f-9fd2c2ce2cae,2026-08-09T02:46:53.206875+00:00,C2-CONTROLLED-SNARK,controlled-groth16-pilot-v1,controlled_kernel,ark-groth16-0.6.0-bn254,5477ab05b549b750fa32dc9a1bc61898f74ebf21,de947ec44a622d90f62e247e4cad4e4a81bb578c8249825f66cc44a0179ee3b2,756235820131434365,0,124,default,{},4096,4096,4,16,verify_total,1.347878,,,,,,,,,,,,,phase,,,true,wrong_public_input,,,,measured,within-stack pilot; no Groth16-versus-PLONK claim,measurement,true,true,ok,{},,,,,,
eac2c926-d43c-4463-b50f-9fd2c2ce2cae,2026-08-09T02:46:53.206892+00:00,C2-CONTROLLED-SNARK,controlled-groth16-pilot-v1,controlled_kernel,ark-groth16-0.6.0-bn254,5477ab05b549b750fa32dc9a1bc61898f74ebf21,de947ec44a622d90f62e247e4cad4e4a81bb578c8249825f66cc44a0179ee3b2,756235820131434365,0,124,default,{},4096,4096,4,16,fft_ntt,,,,,,,,,,,,,,phase,,,true,wrong_public_input,,ark-groth16 does not expose stable per-run phase hooks,,measured,within-stack pilot; no Groth16-versus-PLONK claim,measurement,true,false,unsupported,{},,,,,,
eac2c926-d43c-4463-b50f-9fd2c2ce2cae,2026-08-09T02:46:53.206910+00:00,C2-CONTROLLED-SNARK,controlled-groth16-pilot-v1,controlled_kernel,ark-groth16-0.6.0-bn254,5477ab05b549b750fa32dc9a1bc61898f74ebf21,de947ec44a622d90f62e247e4cad4e4a81bb578c8249825f66cc44a0179ee3b2,756235820131434365,0,124,default,{},4096,4096,4,16,msm,,,,,,,,,,,,,,phase,,,true,wrong_public_input,,ark-groth16 does not expose stable per-run phase hooks,,measured,within-stack pilot; no Groth16-versus-PLONK claim,measurement,true,false,unsupported,{},,,,,,
eac2c926-d43c-4463-b50f-9fd2c2ce2cae,2026-08-09T02:46:53.206926+00:00,C2-CONTROLLED-SNARK,controlled-groth16-pilot-v1,controlled_kernel,ark-groth16-0.6.0-bn254,5477ab05b549b750fa32dc9a1bc61898f74ebf21,de947ec44a622d90f62e247e4cad4e4a81bb578c8249825f66cc44a0179ee3b2,756235820131434365,0,124,default,{},4096,4096,4,16,commitment,,,,,,,,,,,,,,phase,,,true,wrong_public_input,,ark-groth16 does not expose stable per-run phase hooks,,measured,within-stack pilot; no Groth16-versus-PLONK claim,measurement,true,false,unsupported,{},,,,,,
eac2c926-d43c-4463-b50f-9fd2c2ce2cae,2026-08-09T02:46:53.206947+00:00,C2-CONTROLLED-SNARK,controlled-groth16-pilot-v1,controlled_kernel,ark-groth16-0.6.0-bn254,5477ab05b549b750fa32dc9a1bc61898f74ebf21,de947ec44a622d90f62e247e4cad4e4a81bb578c8249825f66cc44a0179ee3b2,756235820131434365,0,124,default,{},4096,4096,4,16,key_load,,,,,,,,,,,,,,phase,,,true,wrong_public_input,,ark-groth16 does not expose stable per-run phase hooks,,measured,within-stack pilot; no Groth16-versus-PLONK claim,measurement,true,false,unsupported,{},,,,,,
eac2c926-d43c-4463-b50f-9fd2c2ce2cae,2026-08-09T02:46:53.206964+00:00,C2-CONTROLLED-SNARK,controlled-groth16-pilot-v1,controlled_kernel,ark-groth16-0.6.0-bn254,5477ab05b549b750fa32dc9a1bc61898f74ebf21,de947ec44a622d90f62e247e4cad4e4a81bb578c8249825f66cc44a0179ee3b2,756235820131434365,0,124,default,{},4096,4096,4,16,adapter_process_wall,475.743514,1110.000000,15.234375,128,false,0,cryptographic_rejection,4023,956,,,,linux-procfs,process,,,true,wrong_public_input,,"private commit and per-process swap I/O are unavailable; VmSwap reports allocation, not swap traffic; No documented hardware or OS energy counter is configured in WSL2",,measured,within-stack pilot; no Groth16-versus-PLONK claim,measurement,true,true,ok,{},4096,2,4096,r1cs_constraints,5.0,89
775265a6-565f-4287-8f07-b53a7c908f92,2026-08-09T02:46:53.394105+00:00,C2-CONTROLLED-SNARK,controlled-groth16-pilot-v1,controlled_kernel,ark-groth16-0.6.0-bn254,5477ab05b549b750fa32dc9a1bc61898f74ebf21,de947ec44a622d90f62e247e4cad4e4a81bb578c8249825f66cc44a0179ee3b2,121797268264537718,1,125,default,{},1024,1024,4,16,native_execution,0.616713,,,,,,,,,,,,,phase,,,true,,,,,measured,within-stack pilot; no Groth16-versus-PLONK claim,measurement,true,true,ok,"{""application_units"":1024.0}",,,,,,
775265a6-565f-4287-8f07-b53a7c908f92,2026-08-09T02:46:53.394167+00:00,C2-CONTROLLED-SNARK,controlled-groth16-pilot-v1,controlled_kernel,ark-groth16-0.6.0-bn254,5477ab05b549b750fa32dc9a1bc61898f74ebf21,de947ec44a622d90f62e247e4cad4e4a81bb578c8249825f66cc44a0179ee3b2,121797268264537718,1,125,default,{},1024,1024,4,16,witness,75.221204,,,,,,,,,,,,,phase,,,true,,,,,measured,within-stack pilot; no Groth16-versus-PLONK claim,measurement,true,true,ok,"{""application_units"":1024.0,""constraint_count"":1024.0}",,,,,,
775265a6-565f-4287-8f07-b53a7c908f92,2026-08-09T02:46:53.394189+00:00,C2-CONTROLLED-SNARK,controlled-groth16-pilot-v1,controlled_kernel,ark-groth16-0.6.0-bn254,5477ab05b549b750fa32dc9a1bc61898f74ebf21,de947ec44a622d90f62e247e4cad4e4a81bb578c8249825f66cc44a0179ee3b2,121797268264537718,1,125,default,{},1024,1024,4,16,setup_or_preprocess,25.270514,,,,,,,,,,,,,phase,,,true,,,,,measured,within-stack pilot; no Groth16-versus-PLONK claim,measurement,true,true,ok,"{""constraint_count"":1024.0}",,,,,,
775265a6-565f-4287-8f07-b53a7c908f92,2026-08-09T02:46:53.394207+00:00,C2-CONTROLLED-SNARK,controlled-groth16-pilot-v1,controlled_kernel,ark-groth16-0.6.0-bn254,5477ab05b549b750fa32dc9a1bc61898f74ebf21,de947ec44a622d90f62e247e4cad4e4a81bb578c8249825f66cc44a0179ee3b2,121797268264537718,1,125,default,{},1024,1024,4,16,prove_total,36.368811,,,,,,,,,,,,,phase,,,true,,,,,measured,within-stack pilot; no Groth16-versus-PLONK claim,measurement,true,true,ok,"{""constraint_count"":1024.0}",,,,,,
775265a6-565f-4287-8f07-b53a7c908f92,2026-08-09T02:46:53.394221+00:00,C2-CONTROLLED-SNARK,controlled-groth16-pilot-v1,controlled_kernel,ark-groth16-0.6.0-bn254,5477ab05b549b750fa32dc9a1bc61898f74ebf21,de947ec44a622d90f62e247e4cad4e4a81bb578c8249825f66cc44a0179ee3b2,121797268264537718,1,125,default,{},1024,1024,4,16,serialize,0.002124,,,,,,,,,,,,,phase,,,true,,,,,measured,within-stack pilot; no Groth16-versus-PLONK claim,measurement,true,true,ok,"{""proof_bytes"":128.0}",,,,,,
775265a6-565f-4287-8f07-b53a7c908f92,2026-08-09T02:46:53.394234+00:00,C2-CONTROLLED-SNARK,controlled-groth16-pilot-v1,controlled_kernel,ark-groth16-0.6.0-bn254,5477ab05b549b750fa32dc9a1bc61898f74ebf21,de947ec44a622d90f62e247e4cad4e4a81bb578c8249825f66cc44a0179ee3b2,121797268264537718,1,125,default,{},1024,1024,4,16,deserialize,0.216984,,,,,,,,,,,,,phase,,,true,,,,,measured,within-stack pilot; no Groth16-versus-PLONK claim,measurement,true,true,ok,"{""proof_bytes"":128.0}",,,,,,
775265a6-565f-4287-8f07-b53a7c908f92,2026-08-09T02:46:53.394247+00:00,C2-CONTROLLED-SNARK,controlled-groth16-pilot-v1,controlled_kernel,ark-groth16-0.6.0-bn254,5477ab05b549b750fa32dc9a1bc61898f74ebf21,de947ec44a622d90f62e247e4cad4e4a81bb578c8249825f66cc44a0179ee3b2,121797268264537718,1,125,default,{},1024,1024,4,16,verify_core,1.124413,,,,,,,,,,,,,phase,,,true,,,,,measured,within-stack pilot; no Groth16-versus-PLONK claim,measurement,true,true,ok,{},,,,,,
775265a6-565f-4287-8f07-b53a7c908f92,2026-08-09T02:46:53.394260+00:00,C2-CONTROLLED-SNARK,controlled-groth16-pilot-v1,controlled_kernel,ark-groth16-0.6.0-bn254,5477ab05b549b750fa32dc9a1bc61898f74ebf21,de947ec44a622d90f62e247e4cad4e4a81bb578c8249825f66cc44a0179ee3b2,121797268264537718,1,125,default,{},1024,1024,4,16,verify_total,1.341547,,,,,,,,,,,,,phase,,,true,,,,,measured,within-stack pilot; no Groth16-versus-PLONK claim,measurement,true,true,ok,{},,,,,,
775265a6-565f-4287-8f07-b53a7c908f92,2026-08-09T02:46:53.394272+00:00,C2-CONTROLLED-SNARK,controlled-groth16-pilot-v1,controlled_kernel,ark-groth16-0.6.0-bn254,5477ab05b549b750fa32dc9a1bc61898f74ebf21,de947ec44a622d90f62e247e4cad4e4a81bb578c8249825f66cc44a0179ee3b2,121797268264537718,1,125,default,{},1024,1024,4,16,fft_ntt,,,,,,,,,,,,,,phase,,,true,,,ark-groth16 does not expose stable per-run phase hooks,,measured,within-stack pilot; no Groth16-versus-PLONK claim,measurement,true,false,unsupported,{},,,,,,
775265a6-565f-4287-8f07-b53a7c908f92,2026-08-09T02:46:53.394286+00:00,C2-CONTROLLED-SNARK,controlled-groth16-pilot-v1,controlled_kernel,ark-groth16-0.6.0-bn254,5477ab05b549b750fa32dc9a1bc61898f74ebf21,de947ec44a622d90f62e247e4cad4e4a81bb578c8249825f66cc44a0179ee3b2,121797268264537718,1,125,default,{},1024,1024,4,16,msm,,,,,,,,,,,,,,phase,,,true,,,ark-groth16 does not expose stable per-run phase hooks,,measured,within-stack pilot; no Groth16-versus-PLONK claim,measurement,true,false,unsupported,{},,,,,,
775265a6-565f-4287-8f07-b53a7c908f92,2026-08-09T02:46:53.394299+00:00,C2-CONTROLLED-SNARK,controlled-groth16-pilot-v1,controlled_kernel,ark-groth16-0.6.0-bn254,5477ab05b549b750fa32dc9a1bc61898f74ebf21,de947ec44a622d90f62e247e4cad4e4a81bb578c8249825f66cc44a0179ee3b2,121797268264537718,1,125,default,{},1024,1024,4,16,commitment,,,,,,,,,,,,,,phase,,,true,,,ark-groth16 does not expose stable per-run phase hooks,,measured,within-stack pilot; no Groth16-versus-PLONK claim,measurement,true,false,unsupported,{},,,,,,
775265a6-565f-4287-8f07-b53a7c908f92,2026-08-09T02:46:53.394314+00:00,C2-CONTROLLED-SNARK,controlled-groth16-pilot-v1,controlled_kernel,ark-groth16-0.6.0-bn254,5477ab05b549b750fa32dc9a1bc61898f74ebf21,de947ec44a622d90f62e247e4cad4e4a81bb578c8249825f66cc44a0179ee3b2,121797268264537718,1,125,default,{},1024,1024,4,16,key_load,,,,,,,,,,,,,,phase,,,true,,,ark-groth16 does not expose stable per-run phase hooks,,measured,within-stack pilot; no Groth16-versus-PLONK claim,measurement,true,false,unsupported,{},,,,,,
775265a6-565f-4287-8f07-b53a7c908f92,2026-08-09T02:46:53.394327+00:00,C2-CONTROLLED-SNARK,controlled-groth16-pilot-v1,controlled_kernel,ark-groth16-0.6.0-bn254,5477ab05b549b750fa32dc9a1bc61898f74ebf21,de947ec44a622d90f62e247e4cad4e4a81bb578c8249825f66cc44a0179ee3b2,121797268264537718,1,125,default,{},1024,1024,4,16,adapter_process_wall,186.216121,350.000000,8.015625,128,true,0,,1355,956,,,,linux-procfs,process,,,true,,,"private commit and per-process swap I/O are unavailable; VmSwap reports allocation, not swap traffic; No documented hardware or OS energy counter is configured in WSL2",,measured,within-stack pilot; no Groth16-versus-PLONK claim,measurement,true,true,ok,{},1024,2,1024,r1cs_constraints,5.0,35
570c5e48-e13e-487e-8f33-32f80179099a,2026-08-09T02:46:53.478477+00:00,C2-CONTROLLED-SNARK,controlled-groth16-pilot-v1,controlled_kernel,ark-groth16-0.6.0-bn254,5477ab05b549b750fa32dc9a1bc61898f74ebf21,de947ec44a622d90f62e247e4cad4e4a81bb578c8249825f66cc44a0179ee3b2,2920576258517289683,0,126,default,{},64,64,8,16,native_execution,0.016821,,,,,,,,,,,,,phase,,,true,wrong_public_input,,,,measured,within-stack pilot; no Groth16-versus-PLONK claim,measurement,true,true,ok,"{""application_units"":64.0}",,,,,,
570c5e48-e13e-487e-8f33-32f80179099a,2026-08-09T02:46:53.478574+00:00,C2-CONTROLLED-SNARK,controlled-groth16-pilot-v1,controlled_kernel,ark-groth16-0.6.0-bn254,5477ab05b549b750fa32dc9a1bc61898f74ebf21,de947ec44a622d90f62e247e4cad4e4a81bb578c8249825f66cc44a0179ee3b2,2920576258517289683,0,126,default,{},64,64,8,16,witness,9.949569,,,,,,,,,,,,,phase,,,true,wrong_public_input,,,,measured,within-stack pilot; no Groth16-versus-PLONK claim,measurement,true,true,ok,"{""application_units"":64.0,""constraint_count"":64.0}",,,,,,
570c5e48-e13e-487e-8f33-32f80179099a,2026-08-09T02:46:53.478596+00:00,C2-CONTROLLED-SNARK,controlled-groth16-pilot-v1,controlled_kernel,ark-groth16-0.6.0-bn254,5477ab05b549b750fa32dc9a1bc61898f74ebf21,de947ec44a622d90f62e247e4cad4e4a81bb578c8249825f66cc44a0179ee3b2,2920576258517289683,0,126,default,{},64,64,8,16,setup_or_preprocess,17.180498,,,,,,,,,,,,,phase,,,true,wrong_public_input,,,,measured,within-stack pilot; no Groth16-versus-PLONK claim,measurement,true,true,ok,"{""constraint_count"":64.0}",,,,,,
570c5e48-e13e-487e-8f33-32f80179099a,2026-08-09T02:46:53.478612+00:00,C2-CONTROLLED-SNARK,controlled-groth16-pilot-v1,controlled_kernel,ark-groth16-0.6.0-bn254,5477ab05b549b750fa32dc9a1bc61898f74ebf21,de947ec44a622d90f62e247e4cad4e4a81bb578c8249825f66cc44a0179ee3b2,2920576258517289683,0,126,default,{},64,64,8,16,prove_total,17.016555,,,,,,,,,,,,,phase,,,true,wrong_public_input,,,,measured,within-stack pilot; no Groth16-versus-PLONK claim,measurement,true,true,ok,"{""constraint_count"":64.0}",,,,,,
570c5e48-e13e-487e-8f33-32f80179099a,2026-08-09T02:46:53.478626+00:00,C2-CONTROLLED-SNARK,controlled-groth16-pilot-v1,controlled_kernel,ark-groth16-0.6.0-bn254,5477ab05b549b750fa32dc9a1bc61898f74ebf21,de947ec44a622d90f62e247e4cad4e4a81bb578c8249825f66cc44a0179ee3b2,2920576258517289683,0,126,default,{},64,64,8,16,serialize,0.003296,,,,,,,,,,,,,phase,,,true,wrong_public_input,,,,measured,within-stack pilot; no Groth16-versus-PLONK claim,measurement,true,true,ok,"{""proof_bytes"":128.0}",,,,,,
570c5e48-e13e-487e-8f33-32f80179099a,2026-08-09T02:46:53.478639+00:00,C2-CONTROLLED-SNARK,controlled-groth16-pilot-v1,controlled_kernel,ark-groth16-0.6.0-bn254,5477ab05b549b750fa32dc9a1bc61898f74ebf21,de947ec44a622d90f62e247e4cad4e4a81bb578c8249825f66cc44a0179ee3b2,2920576258517289683,0,126,default,{},64,64,8,16,deserialize,0.167732,,,,,,,,,,,,,phase,,,true,wrong_public_input,,,,measured,within-stack pilot; no Groth16-versus-PLONK claim,measurement,true,true,ok,"{""proof_bytes"":128.0}",,,,,,
570c5e48-e13e-487e-8f33-32f80179099a,2026-08-09T02:46:53.478653+00:00,C2-CONTROLLED-SNARK,controlled-groth16-pilot-v1,controlled_kernel,ark-groth16-0.6.0-bn254,5477ab05b549b750fa32dc9a1bc61898f74ebf21,de947ec44a622d90f62e247e4cad4e4a81bb578c8249825f66cc44a0179ee3b2,2920576258517289683,0,126,default,{},64,64,8,16,verify_core,1.047570,,,,,,,,,,,,,phase,,,true,wrong_public_input,1.047570,,,measured,within-stack pilot; no Groth16-versus-PLONK claim,measurement,true,true,ok,{},,,,,,
570c5e48-e13e-487e-8f33-32f80179099a,2026-08-09T02:46:53.478666+00:00,C2-CONTROLLED-SNARK,controlled-groth16-pilot-v1,controlled_kernel,ark-groth16-0.6.0-bn254,5477ab05b549b750fa32dc9a1bc61898f74ebf21,de947ec44a622d90f62e247e4cad4e4a81bb578c8249825f66cc44a0179ee3b2,2920576258517289683,0,126,default,{},64,64,8,16,invalid_reject,1.047570,,,,,,,,,,,,,phase,,,true,wrong_public_input,,,,measured,within-stack pilot; no Groth16-versus-PLONK claim,measurement,true,true,ok,{},,,,,,
570c5e48-e13e-487e-8f33-32f80179099a,2026-08-09T02:46:53.478680+00:00,C2-CONTROLLED-SNARK,controlled-groth16-pilot-v1,controlled_kernel,ark-groth16-0.6.0-bn254,5477ab05b549b750fa32dc9a1bc61898f74ebf21,de947ec44a622d90f62e247e4cad4e4a81bb578c8249825f66cc44a0179ee3b2,2920576258517289683,0,126,default,{},64,64,8,16,verify_total,1.215593,,,,,,,,,,,,,phase,,,true,wrong_public_input,,,,measured,within-stack pilot; no Groth16-versus-PLONK claim,measurement,true,true,ok,{},,,,,,
570c5e48-e13e-487e-8f33-32f80179099a,2026-08-09T02:46:53.478694+00:00,C2-CONTROLLED-SNARK,controlled-groth16-pilot-v1,controlled_kernel,ark-groth16-0.6.0-bn254,5477ab05b549b750fa32dc9a1bc61898f74ebf21,de947ec44a622d90f62e247e4cad4e4a81bb578c8249825f66cc44a0179ee3b2,2920576258517289683,0,126,default,{},64,64,8,16,fft_ntt,,,,,,,,,,,,,,phase,,,true,wrong_public_input,,ark-groth16 does not expose stable per-run phase hooks,,measured,within-stack pilot; no Groth16-versus-PLONK claim,measurement,true,false,unsupported,{},,,,,,
570c5e48-e13e-487e-8f33-32f80179099a,2026-08-09T02:46:53.478713+00:00,C2-CONTROLLED-SNARK,controlled-groth16-pilot-v1,controlled_kernel,ark-groth16-0.6.0-bn254,5477ab05b549b750fa32dc9a1bc61898f74ebf21,de947ec44a622d90f62e247e4cad4e4a81bb578c8249825f66cc44a0179ee3b2,2920576258517289683,0,126,default,{},64,64,8,16,msm,,,,,,,,,,,,,,phase,,,true,wrong_public_input,,ark-groth16 does not expose stable per-run phase hooks,,measured,within-stack pilot; no Groth16-versus-PLONK claim,measurement,true,false,unsupported,{},,,,,,
570c5e48-e13e-487e-8f33-32f80179099a,2026-08-09T02:46:53.478726+00:00,C2-CONTROLLED-SNARK,controlled-groth16-pilot-v1,controlled_kernel,ark-groth16-0.6.0-bn254,5477ab05b549b750fa32dc9a1bc61898f74ebf21,de947ec44a622d90f62e247e4cad4e4a81bb578c8249825f66cc44a0179ee3b2,2920576258517289683,0,126,default,{},64,64,8,16,commitment,,,,,,,,,,,,,,phase,,,true,wrong_public_input,,ark-groth16 does not expose stable per-run phase hooks,,measured,within-stack pilot; no Groth16-versus-PLONK claim,measurement,true,false,unsupported,{},,,,,,
570c5e48-e13e-487e-8f33-32f80179099a,2026-08-09T02:46:53.478739+00:00,C2-CONTROLLED-SNARK,controlled-groth16-pilot-v1,controlled_kernel,ark-groth16-0.6.0-bn254,5477ab05b549b750fa32dc9a1bc61898f74ebf21,de947ec44a622d90f62e247e4cad4e4a81bb578c8249825f66cc44a0179ee3b2,2920576258517289683,0,126,default,{},64,64,8,16,key_load,,,,,,,,,,,,,,phase,,,true,wrong_public_input,,ark-groth16 does not expose stable per-run phase hooks,,measured,within-stack pilot; no Groth16-versus-PLONK claim,measurement,true,false,unsupported,{},,,,,,
570c5e48-e13e-487e-8f33-32f80179099a,2026-08-09T02:46:53.478751+00:00,C2-CONTROLLED-SNARK,controlled-groth16-pilot-v1,controlled_kernel,ark-groth16-0.6.0-bn254,5477ab05b549b750fa32dc9a1bc61898f74ebf21,de947ec44a622d90f62e247e4cad4e4a81bb578c8249825f66cc44a0179ee3b2,2920576258517289683,0,126,default,{},64,64,8,16,adapter_process_wall,82.861050,120.000000,5.910156,128,false,0,cryptographic_rejection,491,956,,,,linux-procfs,process,,,true,wrong_public_input,,"Linux procfs read failed: [Errno 13] Permission denied: '/proc/5373/io'; private commit and per-process swap I/O are unavailable; VmSwap reports allocation, not swap traffic; No documented hardware or OS energy counter is configured in WSL2",,measured,within-stack pilot; no Groth16-versus-PLONK claim,measurement,true,true,ok,{},64,2,64,r1cs_constraints,5.0,15
