claim_id,experiment_id,adapter_commit,config_hash,workload,variant,parameter_set,parameters_json,phase,input_scale,threads,invalid_proof_kind,supported,n,mean_latency_ms,stdev_latency_ms,p50_latency_ms,p95_latency_ms,min_latency_ms,max_latency_ms,median_cpu_time_ms,median_peak_rss_mb,median_page_faults,proof_bytes,native_relation_size,relation_unit,public_inputs,expected_outcomes,stdev_unavailable_reason,excluded_boundary_metrics,metric_unavailable_reason,speedup_vs_one_thread,speedup_ci_low,speedup_ci_high,parallel_efficiency,application_throughput_units_s,native_overhead_ratio,cpu_wall_ratio,ram_per_application_unit_mb,saturation_threads,scaling_coefficient_a,scaling_exponent_b,scaling_exponent_ci_low,scaling_exponent_ci_high,scaling_r_squared,evidence_class,result_scope,run_role,recorded
C2-CONTROLLED-SNARK,controlled-groth16-bls12-377-pilot-v1,5779a2e1a58ed1c2fdb55d75e845aefd0e2692b0,8a98b19a81b13daee2dab5016c2d6443d33240ba10559a49b8af6df16232a769,controlled_kernel,ark-groth16-0.5.0-bls12-377,default,{},adapter_process_wall,16,1,,true,3,79.120364,4.763315,79.743683,83.161569,74.076076,83.541334,20.000000,4.089844,266.000000,192,16,r1cs_constraints,2,all-expected,,,"Linux procfs read failed: [Errno 13] Permission denied: '/proc/545/io'; private commit and per-process swap I/O are unavailable; VmSwap reports allocation, not swap traffic; No documented hardware or OS energy counter is configured in WSL2; Linux procfs read failed: [Errno 13] Permission denied: '/proc/645/io'; private commit and per-process swap I/O are unavailable; VmSwap reports allocation, not swap traffic; No documented hardware or OS energy counter is configured in WSL2; private commit and per-process swap I/O are unavailable; VmSwap reports allocation, not swap traffic; No documented hardware or OS energy counter is configured in WSL2",,,,,,,0.250804,0.255615,,,,,,,measured,matched Groth16 curve pilot; no protocol-superiority claim,measurement,true
C2-CONTROLLED-SNARK,controlled-groth16-bls12-377-pilot-v1,5779a2e1a58ed1c2fdb55d75e845aefd0e2692b0,8a98b19a81b13daee2dab5016c2d6443d33240ba10559a49b8af6df16232a769,controlled_kernel,ark-groth16-0.5.0-bls12-377,default,{},adapter_process_wall,16,1,wrong_public_input,true,3,75.618199,0.386355,75.561700,75.982893,75.263204,76.029692,20.000000,4.109375,273.000000,192,16,r1cs_constraints,2,all-expected,,,"private commit and per-process swap I/O are unavailable; VmSwap reports allocation, not swap traffic; No documented hardware or OS energy counter is configured in WSL2",,,,,,,0.264684,0.256836,,,,,,,measured,matched Groth16 curve pilot; no protocol-superiority claim,measurement,true
C2-CONTROLLED-SNARK,controlled-groth16-bls12-377-pilot-v1,5779a2e1a58ed1c2fdb55d75e845aefd0e2692b0,8a98b19a81b13daee2dab5016c2d6443d33240ba10559a49b8af6df16232a769,controlled_kernel,ark-groth16-0.5.0-bls12-377,default,{},adapter_process_wall,16,2,,true,3,74.379264,2.763399,73.037879,77.105379,72.542590,77.557324,20.000000,4.093750,286.000000,192,16,r1cs_constraints,2,all-expected,,,"Linux procfs read failed: [Errno 13] Permission denied: '/proc/736/io'; private commit and per-process swap I/O are unavailable; VmSwap reports allocation, not swap traffic; No documented hardware or OS energy counter is configured in WSL2; private commit and per-process swap I/O are unavailable; VmSwap reports allocation, not swap traffic; No documented hardware or OS energy counter is configured in WSL2",,,,,,,0.273831,0.255859,,,,,,,measured,matched Groth16 curve pilot; no protocol-superiority claim,measurement,true
C2-CONTROLLED-SNARK,controlled-groth16-bls12-377-pilot-v1,5779a2e1a58ed1c2fdb55d75e845aefd0e2692b0,8a98b19a81b13daee2dab5016c2d6443d33240ba10559a49b8af6df16232a769,controlled_kernel,ark-groth16-0.5.0-bls12-377,default,{},adapter_process_wall,16,2,wrong_public_input,true,3,74.097718,2.466107,73.548244,76.467818,71.952694,76.792215,20.000000,4.109375,282.000000,192,16,r1cs_constraints,2,all-expected,,,"Linux procfs read failed: [Errno 13] Permission denied: '/proc/678/io'; private commit and per-process swap I/O are unavailable; VmSwap reports allocation, not swap traffic; No documented hardware or OS energy counter is configured in WSL2; private commit and per-process swap I/O are unavailable; VmSwap reports allocation, not swap traffic; No documented hardware or OS energy counter is configured in WSL2",,,,,,,0.271930,0.256836,,,,,,,measured,matched Groth16 curve pilot; no protocol-superiority claim,measurement,true
C2-CONTROLLED-SNARK,controlled-groth16-bls12-377-pilot-v1,5779a2e1a58ed1c2fdb55d75e845aefd0e2692b0,8a98b19a81b13daee2dab5016c2d6443d33240ba10559a49b8af6df16232a769,controlled_kernel,ark-groth16-0.5.0-bls12-377,default,{},adapter_process_wall,16,4,,true,3,76.109746,0.708506,76.141750,76.735712,75.385781,76.801708,40.000000,4.187500,318.000000,192,16,r1cs_constraints,2,all-expected,,,"private commit and per-process swap I/O are unavailable; VmSwap reports allocation, not swap traffic; No documented hardware or OS energy counter is configured in WSL2",,,,,,,0.525336,0.261719,,,,,,,measured,matched Groth16 curve pilot; no protocol-superiority claim,measurement,true
C2-CONTROLLED-SNARK,controlled-groth16-bls12-377-pilot-v1,5779a2e1a58ed1c2fdb55d75e845aefd0e2692b0,8a98b19a81b13daee2dab5016c2d6443d33240ba10559a49b8af6df16232a769,controlled_kernel,ark-groth16-0.5.0-bls12-377,default,{},adapter_process_wall,16,4,wrong_public_input,true,3,77.518430,1.499079,76.940321,78.992472,76.394481,79.220489,40.000000,4.195312,316.000000,192,16,r1cs_constraints,2,all-expected,,,"Linux procfs read failed: [Errno 13] Permission denied: '/proc/611/io'; private commit and per-process swap I/O are unavailable; VmSwap reports allocation, not swap traffic; No documented hardware or OS energy counter is configured in WSL2; private commit and per-process swap I/O are unavailable; VmSwap reports allocation, not swap traffic; No documented hardware or OS energy counter is configured in WSL2",,,,,,,0.519883,0.262207,,,,,,,measured,matched Groth16 curve pilot; no protocol-superiority claim,measurement,true
C2-CONTROLLED-SNARK,controlled-groth16-bls12-377-pilot-v1,5779a2e1a58ed1c2fdb55d75e845aefd0e2692b0,8a98b19a81b13daee2dab5016c2d6443d33240ba10559a49b8af6df16232a769,controlled_kernel,ark-groth16-0.5.0-bls12-377,default,{},adapter_process_wall,64,1,,true,3,87.947828,0.536711,88.207502,88.295535,87.330666,88.305317,30.000000,4.308594,376.000000,192,64,r1cs_constraints,2,all-expected,,,"private commit and per-process swap I/O are unavailable; VmSwap reports allocation, not swap traffic; No documented hardware or OS energy counter is configured in WSL2",,,,,,,0.340107,0.067322,,,,,,,measured,matched Groth16 curve pilot; no protocol-superiority claim,measurement,true
C2-CONTROLLED-SNARK,controlled-groth16-bls12-377-pilot-v1,5779a2e1a58ed1c2fdb55d75e845aefd0e2692b0,8a98b19a81b13daee2dab5016c2d6443d33240ba10559a49b8af6df16232a769,controlled_kernel,ark-groth16-0.5.0-bls12-377,default,{},adapter_process_wall,64,1,wrong_public_input,true,3,87.396370,1.862124,87.551181,89.013748,85.461673,89.176255,30.000000,4.347656,377.000000,192,64,r1cs_constraints,2,all-expected,,,"Linux procfs read failed: [Errno 13] Permission denied: '/proc/754/io'; private commit and per-process swap I/O are unavailable; VmSwap reports allocation, not swap traffic; No documented hardware or OS energy counter is configured in WSL2; Linux procfs read failed: [Errno 13] Permission denied: '/proc/807/io'; private commit and per-process swap I/O are unavailable; VmSwap reports allocation, not swap traffic; No documented hardware or OS energy counter is configured in WSL2; private commit and per-process swap I/O are unavailable; VmSwap reports allocation, not swap traffic; No documented hardware or OS energy counter is configured in WSL2",,,,,,,0.342657,0.067932,,,,,,,measured,matched Groth16 curve pilot; no protocol-superiority claim,measurement,true
C2-CONTROLLED-SNARK,controlled-groth16-bls12-377-pilot-v1,5779a2e1a58ed1c2fdb55d75e845aefd0e2692b0,8a98b19a81b13daee2dab5016c2d6443d33240ba10559a49b8af6df16232a769,controlled_kernel,ark-groth16-0.5.0-bls12-377,default,{},adapter_process_wall,64,2,,true,3,79.269394,2.286884,79.156905,81.365092,77.040830,81.610446,30.000000,4.406250,398.000000,192,64,r1cs_constraints,2,all-expected,,,"Linux procfs read failed: [Errno 13] Permission denied: '/proc/803/io'; private commit and per-process swap I/O are unavailable; VmSwap reports allocation, not swap traffic; No documented hardware or OS energy counter is configured in WSL2; private commit and per-process swap I/O are unavailable; VmSwap reports allocation, not swap traffic; No documented hardware or OS energy counter is configured in WSL2",,,,,,,0.378994,0.068848,,,,,,,measured,matched Groth16 curve pilot; no protocol-superiority claim,measurement,true
C2-CONTROLLED-SNARK,controlled-groth16-bls12-377-pilot-v1,5779a2e1a58ed1c2fdb55d75e845aefd0e2692b0,8a98b19a81b13daee2dab5016c2d6443d33240ba10559a49b8af6df16232a769,controlled_kernel,ark-groth16-0.5.0-bls12-377,default,{},adapter_process_wall,64,2,wrong_public_input,true,3,79.463000,0.994083,79.133988,80.435290,78.675134,80.579879,40.000000,4.375000,393.000000,192,64,r1cs_constraints,2,all-expected,,,"Linux procfs read failed: [Errno 13] Permission denied: '/proc/694/io'; private commit and per-process swap I/O are unavailable; VmSwap reports allocation, not swap traffic; No documented hardware or OS energy counter is configured in WSL2; Linux procfs read failed: [Errno 13] Permission denied: '/proc/813/io'; private commit and per-process swap I/O are unavailable; VmSwap reports allocation, not swap traffic; No documented hardware or OS energy counter is configured in WSL2; private commit and per-process swap I/O are unavailable; VmSwap reports allocation, not swap traffic; No documented hardware or OS energy counter is configured in WSL2",,,,,,,0.505472,0.068359,,,,,,,measured,matched Groth16 curve pilot; no protocol-superiority claim,measurement,true
C2-CONTROLLED-SNARK,controlled-groth16-bls12-377-pilot-v1,5779a2e1a58ed1c2fdb55d75e845aefd0e2692b0,8a98b19a81b13daee2dab5016c2d6443d33240ba10559a49b8af6df16232a769,controlled_kernel,ark-groth16-0.5.0-bls12-377,default,{},adapter_process_wall,64,4,,true,3,81.786577,2.287876,81.510527,83.931010,79.649251,84.199953,50.000000,4.546875,436.000000,192,64,r1cs_constraints,2,all-expected,,,"Linux procfs read failed: [Errno 13] Permission denied: '/proc/595/io'; private commit and per-process swap I/O are unavailable; VmSwap reports allocation, not swap traffic; No documented hardware or OS energy counter is configured in WSL2; private commit and per-process swap I/O are unavailable; VmSwap reports allocation, not swap traffic; No documented hardware or OS energy counter is configured in WSL2",,,,,,,0.613418,0.071045,,,,,,,measured,matched Groth16 curve pilot; no protocol-superiority claim,measurement,true
C2-CONTROLLED-SNARK,controlled-groth16-bls12-377-pilot-v1,5779a2e1a58ed1c2fdb55d75e845aefd0e2692b0,8a98b19a81b13daee2dab5016c2d6443d33240ba10559a49b8af6df16232a769,controlled_kernel,ark-groth16-0.5.0-bls12-377,default,{},adapter_process_wall,64,4,wrong_public_input,true,3,82.664286,2.506583,81.895877,85.108199,80.631856,85.465124,50.000000,4.515625,432.000000,192,64,r1cs_constraints,2,all-expected,,,"Linux procfs read failed: [Errno 13] Permission denied: '/proc/757/io'; private commit and per-process swap I/O are unavailable; VmSwap reports allocation, not swap traffic; No documented hardware or OS energy counter is configured in WSL2; private commit and per-process swap I/O are unavailable; VmSwap reports allocation, not swap traffic; No documented hardware or OS energy counter is configured in WSL2",,,,,,,0.610531,0.070557,,,,,,,measured,matched Groth16 curve pilot; no protocol-superiority claim,measurement,true
C2-CONTROLLED-SNARK,controlled-groth16-bls12-377-pilot-v1,5779a2e1a58ed1c2fdb55d75e845aefd0e2692b0,8a98b19a81b13daee2dab5016c2d6443d33240ba10559a49b8af6df16232a769,controlled_kernel,ark-groth16-0.5.0-bls12-377,default,{},adapter_process_wall,256,1,,true,3,124.366894,2.521540,123.454332,126.841333,122.428684,127.217666,70.000000,5.070312,693.000000,192,256,r1cs_constraints,2,all-expected,,,"Linux procfs read failed: [Errno 13] Permission denied: '/proc/605/io'; private commit and per-process swap I/O are unavailable; VmSwap reports allocation, not swap traffic; No documented hardware or OS energy counter is configured in WSL2; private commit and per-process swap I/O are unavailable; VmSwap reports allocation, not swap traffic; No documented hardware or OS energy counter is configured in WSL2",,,,,,,0.567011,0.019806,,,,,,,measured,matched Groth16 curve pilot; no protocol-superiority claim,measurement,true
C2-CONTROLLED-SNARK,controlled-groth16-bls12-377-pilot-v1,5779a2e1a58ed1c2fdb55d75e845aefd0e2692b0,8a98b19a81b13daee2dab5016c2d6443d33240ba10559a49b8af6df16232a769,controlled_kernel,ark-groth16-0.5.0-bls12-377,default,{},adapter_process_wall,256,1,wrong_public_input,true,3,125.018548,0.296392,124.913463,125.309196,124.789016,125.353166,60.000000,5.113281,695.000000,192,256,r1cs_constraints,2,all-expected,,,"private commit and per-process swap I/O are unavailable; VmSwap reports allocation, not swap traffic; No documented hardware or OS energy counter is configured in WSL2",,,,,,,0.480333,0.019974,,,,,,,measured,matched Groth16 curve pilot; no protocol-superiority claim,measurement,true
C2-CONTROLLED-SNARK,controlled-groth16-bls12-377-pilot-v1,5779a2e1a58ed1c2fdb55d75e845aefd0e2692b0,8a98b19a81b13daee2dab5016c2d6443d33240ba10559a49b8af6df16232a769,controlled_kernel,ark-groth16-0.5.0-bls12-377,default,{},adapter_process_wall,256,2,,true,3,99.003382,1.141105,99.338170,99.879497,97.732332,99.939645,70.000000,5.257812,721.000000,192,256,r1cs_constraints,2,all-expected,,,"Linux procfs read failed: [Errno 13] Permission denied: '/proc/769/io'; private commit and per-process swap I/O are unavailable; VmSwap reports allocation, not swap traffic; No documented hardware or OS energy counter is configured in WSL2; private commit and per-process swap I/O are unavailable; VmSwap reports allocation, not swap traffic; No documented hardware or OS energy counter is configured in WSL2",,,,,,,0.704664,0.020538,,,,,,,measured,matched Groth16 curve pilot; no protocol-superiority claim,measurement,true
C2-CONTROLLED-SNARK,controlled-groth16-bls12-377-pilot-v1,5779a2e1a58ed1c2fdb55d75e845aefd0e2692b0,8a98b19a81b13daee2dab5016c2d6443d33240ba10559a49b8af6df16232a769,controlled_kernel,ark-groth16-0.5.0-bls12-377,default,{},adapter_process_wall,256,2,wrong_public_input,true,3,100.912281,0.089081,100.919313,100.989806,100.819892,100.997638,70.000000,5.218750,718.000000,192,256,r1cs_constraints,2,all-expected,,,"Linux procfs read failed: [Errno 13] Permission denied: '/proc/623/io'; private commit and per-process swap I/O are unavailable; VmSwap reports allocation, not swap traffic; No documented hardware or OS energy counter is configured in WSL2; Linux procfs read failed: [Errno 13] Permission denied: '/proc/698/io'; private commit and per-process swap I/O are unavailable; VmSwap reports allocation, not swap traffic; No documented hardware or OS energy counter is configured in WSL2; Linux procfs read failed: [Errno 13] Permission denied: '/proc/799/io'; private commit and per-process swap I/O are unavailable; VmSwap reports allocation, not swap traffic; No documented hardware or OS energy counter is configured in WSL2",,,,,,,0.693623,0.020386,,,,,,,measured,matched Groth16 curve pilot; no protocol-superiority claim,measurement,true
C2-CONTROLLED-SNARK,controlled-groth16-bls12-377-pilot-v1,5779a2e1a58ed1c2fdb55d75e845aefd0e2692b0,8a98b19a81b13daee2dab5016c2d6443d33240ba10559a49b8af6df16232a769,controlled_kernel,ark-groth16-0.5.0-bls12-377,default,{},adapter_process_wall,256,4,,true,3,91.751986,1.871249,90.949097,93.596538,90.416163,93.890698,90.000000,5.476562,755.000000,192,256,r1cs_constraints,2,all-expected,,,"Linux procfs read failed: [Errno 13] Permission denied: '/proc/566/io'; private commit and per-process swap I/O are unavailable; VmSwap reports allocation, not swap traffic; No documented hardware or OS energy counter is configured in WSL2; private commit and per-process swap I/O are unavailable; VmSwap reports allocation, not swap traffic; No documented hardware or OS energy counter is configured in WSL2",,,,,,,0.989565,0.021393,,,,,,,measured,matched Groth16 curve pilot; no protocol-superiority claim,measurement,true
C2-CONTROLLED-SNARK,controlled-groth16-bls12-377-pilot-v1,5779a2e1a58ed1c2fdb55d75e845aefd0e2692b0,8a98b19a81b13daee2dab5016c2d6443d33240ba10559a49b8af6df16232a769,controlled_kernel,ark-groth16-0.5.0-bls12-377,default,{},adapter_process_wall,256,4,wrong_public_input,true,3,92.522303,0.255768,92.593459,92.720808,92.238491,92.734958,90.000000,5.402344,758.000000,192,256,r1cs_constraints,2,all-expected,,,"private commit and per-process swap I/O are unavailable; VmSwap reports allocation, not swap traffic; No documented hardware or OS energy counter is configured in WSL2",,,,,,,0.971991,0.021103,,,,,,,measured,matched Groth16 curve pilot; no protocol-superiority claim,measurement,true
C2-CONTROLLED-SNARK,controlled-groth16-bls12-377-pilot-v1,5779a2e1a58ed1c2fdb55d75e845aefd0e2692b0,8a98b19a81b13daee2dab5016c2d6443d33240ba10559a49b8af6df16232a769,controlled_kernel,ark-groth16-0.5.0-bls12-377,default,{},adapter_process_wall,1024,1,,true,3,239.356787,4.286346,237.869892,243.556717,236.011882,244.188586,180.000000,8.156250,1889.000000,192,1024,r1cs_constraints,2,all-expected,,,"private commit and per-process swap I/O are unavailable; VmSwap reports allocation, not swap traffic; No documented hardware or OS energy counter is configured in WSL2",,,,,,,0.756716,0.007965,,,,,,,measured,matched Groth16 curve pilot; no protocol-superiority claim,measurement,true
C2-CONTROLLED-SNARK,controlled-groth16-bls12-377-pilot-v1,5779a2e1a58ed1c2fdb55d75e845aefd0e2692b0,8a98b19a81b13daee2dab5016c2d6443d33240ba10559a49b8af6df16232a769,controlled_kernel,ark-groth16-0.5.0-bls12-377,default,{},adapter_process_wall,1024,2,,true,3,167.153669,2.721215,166.132560,169.827226,165.090703,170.237745,190.000000,8.656250,1875.000000,192,1024,r1cs_constraints,2,all-expected,,,"Linux procfs read failed: [Errno 13] Permission denied: '/proc/584/io'; private commit and per-process swap I/O are unavailable; VmSwap reports allocation, not swap traffic; No documented hardware or OS energy counter is configured in WSL2; Linux procfs read failed: [Errno 13] Permission denied: '/proc/601/io'; private commit and per-process swap I/O are unavailable; VmSwap reports allocation, not swap traffic; No documented hardware or OS energy counter is configured in WSL2; Linux procfs read failed: [Errno 13] Permission denied: '/proc/662/io'; private commit and per-process swap I/O are unavailable; VmSwap reports allocation, not swap traffic; No documented hardware or OS energy counter is configured in WSL2",,,,,,,1.143665,0.008453,,,,,,,measured,matched Groth16 curve pilot; no protocol-superiority claim,measurement,true
C2-CONTROLLED-SNARK,controlled-groth16-bls12-377-pilot-v1,5779a2e1a58ed1c2fdb55d75e845aefd0e2692b0,8a98b19a81b13daee2dab5016c2d6443d33240ba10559a49b8af6df16232a769,controlled_kernel,ark-groth16-0.5.0-bls12-377,default,{},adapter_process_wall,1024,4,,true,3,139.104204,3.865755,137.328620,142.917747,136.445232,143.538761,230.000000,8.738281,1949.000000,192,1024,r1cs_constraints,2,all-expected,,,"Linux procfs read failed: [Errno 13] Permission denied: '/proc/702/io'; private commit and per-process swap I/O are unavailable; VmSwap reports allocation, not swap traffic; No documented hardware or OS energy counter is configured in WSL2; Linux procfs read failed: [Errno 2] No such file or directory: '/proc/787/status'; private commit and per-process swap I/O are unavailable; VmSwap reports allocation, not swap traffic; No documented hardware or OS energy counter is configured in WSL2; private commit and per-process swap I/O are unavailable; VmSwap reports allocation, not swap traffic; No documented hardware or OS energy counter is configured in WSL2",,,,,,,1.674815,0.008533,,,,,,,measured,matched Groth16 curve pilot; no protocol-superiority claim,measurement,true
C2-CONTROLLED-SNARK,controlled-groth16-bls12-377-pilot-v1,5779a2e1a58ed1c2fdb55d75e845aefd0e2692b0,8a98b19a81b13daee2dab5016c2d6443d33240ba10559a49b8af6df16232a769,controlled_kernel,ark-groth16-0.5.0-bls12-377,default,{},commitment,16,1,,false,,,,,,,,,,,,,,,not-applicable,,,Arkworks Groth16 does not expose stable per-run FFT/MSM/commitment hooks,,,,,,,,,,,,,,,measured,matched Groth16 curve pilot; no protocol-superiority claim,measurement,true
C2-CONTROLLED-SNARK,controlled-groth16-bls12-377-pilot-v1,5779a2e1a58ed1c2fdb55d75e845aefd0e2692b0,8a98b19a81b13daee2dab5016c2d6443d33240ba10559a49b8af6df16232a769,controlled_kernel,ark-groth16-0.5.0-bls12-377,default,{},commitment,16,1,wrong_public_input,false,,,,,,,,,,,,,,,not-applicable,,,Arkworks Groth16 does not expose stable per-run FFT/MSM/commitment hooks,,,,,,,,,,,,,,,measured,matched Groth16 curve pilot; no protocol-superiority claim,measurement,true
C2-CONTROLLED-SNARK,controlled-groth16-bls12-377-pilot-v1,5779a2e1a58ed1c2fdb55d75e845aefd0e2692b0,8a98b19a81b13daee2dab5016c2d6443d33240ba10559a49b8af6df16232a769,controlled_kernel,ark-groth16-0.5.0-bls12-377,default,{},commitment,16,2,,false,,,,,,,,,,,,,,,not-applicable,,,Arkworks Groth16 does not expose stable per-run FFT/MSM/commitment hooks,,,,,,,,,,,,,,,measured,matched Groth16 curve pilot; no protocol-superiority claim,measurement,true
C2-CONTROLLED-SNARK,controlled-groth16-bls12-377-pilot-v1,5779a2e1a58ed1c2fdb55d75e845aefd0e2692b0,8a98b19a81b13daee2dab5016c2d6443d33240ba10559a49b8af6df16232a769,controlled_kernel,ark-groth16-0.5.0-bls12-377,default,{},commitment,16,2,wrong_public_input,false,,,,,,,,,,,,,,,not-applicable,,,Arkworks Groth16 does not expose stable per-run FFT/MSM/commitment hooks,,,,,,,,,,,,,,,measured,matched Groth16 curve pilot; no protocol-superiority claim,measurement,true
C2-CONTROLLED-SNARK,controlled-groth16-bls12-377-pilot-v1,5779a2e1a58ed1c2fdb55d75e845aefd0e2692b0,8a98b19a81b13daee2dab5016c2d6443d33240ba10559a49b8af6df16232a769,controlled_kernel,ark-groth16-0.5.0-bls12-377,default,{},commitment,16,4,,false,,,,,,,,,,,,,,,not-applicable,,,Arkworks Groth16 does not expose stable per-run FFT/MSM/commitment hooks,,,,,,,,,,,,,,,measured,matched Groth16 curve pilot; no protocol-superiority claim,measurement,true
C2-CONTROLLED-SNARK,controlled-groth16-bls12-377-pilot-v1,5779a2e1a58ed1c2fdb55d75e845aefd0e2692b0,8a98b19a81b13daee2dab5016c2d6443d33240ba10559a49b8af6df16232a769,controlled_kernel,ark-groth16-0.5.0-bls12-377,default,{},commitment,16,4,wrong_public_input,false,,,,,,,,,,,,,,,not-applicable,,,Arkworks Groth16 does not expose stable per-run FFT/MSM/commitment hooks,,,,,,,,,,,,,,,measured,matched Groth16 curve pilot; no protocol-superiority claim,measurement,true
C2-CONTROLLED-SNARK,controlled-groth16-bls12-377-pilot-v1,5779a2e1a58ed1c2fdb55d75e845aefd0e2692b0,8a98b19a81b13daee2dab5016c2d6443d33240ba10559a49b8af6df16232a769,controlled_kernel,ark-groth16-0.5.0-bls12-377,default,{},commitment,64,1,,false,,,,,,,,,,,,,,,not-applicable,,,Arkworks Groth16 does not expose stable per-run FFT/MSM/commitment hooks,,,,,,,,,,,,,,,measured,matched Groth16 curve pilot; no protocol-superiority claim,measurement,true
C2-CONTROLLED-SNARK,controlled-groth16-bls12-377-pilot-v1,5779a2e1a58ed1c2fdb55d75e845aefd0e2692b0,8a98b19a81b13daee2dab5016c2d6443d33240ba10559a49b8af6df16232a769,controlled_kernel,ark-groth16-0.5.0-bls12-377,default,{},commitment,64,1,wrong_public_input,false,,,,,,,,,,,,,,,not-applicable,,,Arkworks Groth16 does not expose stable per-run FFT/MSM/commitment hooks,,,,,,,,,,,,,,,measured,matched Groth16 curve pilot; no protocol-superiority claim,measurement,true
C2-CONTROLLED-SNARK,controlled-groth16-bls12-377-pilot-v1,5779a2e1a58ed1c2fdb55d75e845aefd0e2692b0,8a98b19a81b13daee2dab5016c2d6443d33240ba10559a49b8af6df16232a769,controlled_kernel,ark-groth16-0.5.0-bls12-377,default,{},commitment,64,2,,false,,,,,,,,,,,,,,,not-applicable,,,Arkworks Groth16 does not expose stable per-run FFT/MSM/commitment hooks,,,,,,,,,,,,,,,measured,matched Groth16 curve pilot; no protocol-superiority claim,measurement,true
C2-CONTROLLED-SNARK,controlled-groth16-bls12-377-pilot-v1,5779a2e1a58ed1c2fdb55d75e845aefd0e2692b0,8a98b19a81b13daee2dab5016c2d6443d33240ba10559a49b8af6df16232a769,controlled_kernel,ark-groth16-0.5.0-bls12-377,default,{},commitment,64,2,wrong_public_input,false,,,,,,,,,,,,,,,not-applicable,,,Arkworks Groth16 does not expose stable per-run FFT/MSM/commitment hooks,,,,,,,,,,,,,,,measured,matched Groth16 curve pilot; no protocol-superiority claim,measurement,true
C2-CONTROLLED-SNARK,controlled-groth16-bls12-377-pilot-v1,5779a2e1a58ed1c2fdb55d75e845aefd0e2692b0,8a98b19a81b13daee2dab5016c2d6443d33240ba10559a49b8af6df16232a769,controlled_kernel,ark-groth16-0.5.0-bls12-377,default,{},commitment,64,4,,false,,,,,,,,,,,,,,,not-applicable,,,Arkworks Groth16 does not expose stable per-run FFT/MSM/commitment hooks,,,,,,,,,,,,,,,measured,matched Groth16 curve pilot; no protocol-superiority claim,measurement,true
C2-CONTROLLED-SNARK,controlled-groth16-bls12-377-pilot-v1,5779a2e1a58ed1c2fdb55d75e845aefd0e2692b0,8a98b19a81b13daee2dab5016c2d6443d33240ba10559a49b8af6df16232a769,controlled_kernel,ark-groth16-0.5.0-bls12-377,default,{},commitment,64,4,wrong_public_input,false,,,,,,,,,,,,,,,not-applicable,,,Arkworks Groth16 does not expose stable per-run FFT/MSM/commitment hooks,,,,,,,,,,,,,,,measured,matched Groth16 curve pilot; no protocol-superiority claim,measurement,true
C2-CONTROLLED-SNARK,controlled-groth16-bls12-377-pilot-v1,5779a2e1a58ed1c2fdb55d75e845aefd0e2692b0,8a98b19a81b13daee2dab5016c2d6443d33240ba10559a49b8af6df16232a769,controlled_kernel,ark-groth16-0.5.0-bls12-377,default,{},commitment,256,1,,false,,,,,,,,,,,,,,,not-applicable,,,Arkworks Groth16 does not expose stable per-run FFT/MSM/commitment hooks,,,,,,,,,,,,,,,measured,matched Groth16 curve pilot; no protocol-superiority claim,measurement,true
C2-CONTROLLED-SNARK,controlled-groth16-bls12-377-pilot-v1,5779a2e1a58ed1c2fdb55d75e845aefd0e2692b0,8a98b19a81b13daee2dab5016c2d6443d33240ba10559a49b8af6df16232a769,controlled_kernel,ark-groth16-0.5.0-bls12-377,default,{},commitment,256,1,wrong_public_input,false,,,,,,,,,,,,,,,not-applicable,,,Arkworks Groth16 does not expose stable per-run FFT/MSM/commitment hooks,,,,,,,,,,,,,,,measured,matched Groth16 curve pilot; no protocol-superiority claim,measurement,true
C2-CONTROLLED-SNARK,controlled-groth16-bls12-377-pilot-v1,5779a2e1a58ed1c2fdb55d75e845aefd0e2692b0,8a98b19a81b13daee2dab5016c2d6443d33240ba10559a49b8af6df16232a769,controlled_kernel,ark-groth16-0.5.0-bls12-377,default,{},commitment,256,2,,false,,,,,,,,,,,,,,,not-applicable,,,Arkworks Groth16 does not expose stable per-run FFT/MSM/commitment hooks,,,,,,,,,,,,,,,measured,matched Groth16 curve pilot; no protocol-superiority claim,measurement,true
C2-CONTROLLED-SNARK,controlled-groth16-bls12-377-pilot-v1,5779a2e1a58ed1c2fdb55d75e845aefd0e2692b0,8a98b19a81b13daee2dab5016c2d6443d33240ba10559a49b8af6df16232a769,controlled_kernel,ark-groth16-0.5.0-bls12-377,default,{},commitment,256,2,wrong_public_input,false,,,,,,,,,,,,,,,not-applicable,,,Arkworks Groth16 does not expose stable per-run FFT/MSM/commitment hooks,,,,,,,,,,,,,,,measured,matched Groth16 curve pilot; no protocol-superiority claim,measurement,true
C2-CONTROLLED-SNARK,controlled-groth16-bls12-377-pilot-v1,5779a2e1a58ed1c2fdb55d75e845aefd0e2692b0,8a98b19a81b13daee2dab5016c2d6443d33240ba10559a49b8af6df16232a769,controlled_kernel,ark-groth16-0.5.0-bls12-377,default,{},commitment,256,4,,false,,,,,,,,,,,,,,,not-applicable,,,Arkworks Groth16 does not expose stable per-run FFT/MSM/commitment hooks,,,,,,,,,,,,,,,measured,matched Groth16 curve pilot; no protocol-superiority claim,measurement,true
C2-CONTROLLED-SNARK,controlled-groth16-bls12-377-pilot-v1,5779a2e1a58ed1c2fdb55d75e845aefd0e2692b0,8a98b19a81b13daee2dab5016c2d6443d33240ba10559a49b8af6df16232a769,controlled_kernel,ark-groth16-0.5.0-bls12-377,default,{},commitment,256,4,wrong_public_input,false,,,,,,,,,,,,,,,not-applicable,,,Arkworks Groth16 does not expose stable per-run FFT/MSM/commitment hooks,,,,,,,,,,,,,,,measured,matched Groth16 curve pilot; no protocol-superiority claim,measurement,true
C2-CONTROLLED-SNARK,controlled-groth16-bls12-377-pilot-v1,5779a2e1a58ed1c2fdb55d75e845aefd0e2692b0,8a98b19a81b13daee2dab5016c2d6443d33240ba10559a49b8af6df16232a769,controlled_kernel,ark-groth16-0.5.0-bls12-377,default,{},commitment,1024,1,,false,,,,,,,,,,,,,,,not-applicable,,,Arkworks Groth16 does not expose stable per-run FFT/MSM/commitment hooks,,,,,,,,,,,,,,,measured,matched Groth16 curve pilot; no protocol-superiority claim,measurement,true
C2-CONTROLLED-SNARK,controlled-groth16-bls12-377-pilot-v1,5779a2e1a58ed1c2fdb55d75e845aefd0e2692b0,8a98b19a81b13daee2dab5016c2d6443d33240ba10559a49b8af6df16232a769,controlled_kernel,ark-groth16-0.5.0-bls12-377,default,{},commitment,1024,2,,false,,,,,,,,,,,,,,,not-applicable,,,Arkworks Groth16 does not expose stable per-run FFT/MSM/commitment hooks,,,,,,,,,,,,,,,measured,matched Groth16 curve pilot; no protocol-superiority claim,measurement,true
C2-CONTROLLED-SNARK,controlled-groth16-bls12-377-pilot-v1,5779a2e1a58ed1c2fdb55d75e845aefd0e2692b0,8a98b19a81b13daee2dab5016c2d6443d33240ba10559a49b8af6df16232a769,controlled_kernel,ark-groth16-0.5.0-bls12-377,default,{},commitment,1024,4,,false,,,,,,,,,,,,,,,not-applicable,,,Arkworks Groth16 does not expose stable per-run FFT/MSM/commitment hooks,,,,,,,,,,,,,,,measured,matched Groth16 curve pilot; no protocol-superiority claim,measurement,true
C2-CONTROLLED-SNARK,controlled-groth16-bls12-377-pilot-v1,5779a2e1a58ed1c2fdb55d75e845aefd0e2692b0,8a98b19a81b13daee2dab5016c2d6443d33240ba10559a49b8af6df16232a769,controlled_kernel,ark-groth16-0.5.0-bls12-377,default,{},deserialize,16,1,,true,3,0.878334,0.099452,0.844572,0.975702,0.800159,0.990272,,,,,,,,not-applicable,,,,,,,,,,,,,,,,,,measured,matched Groth16 curve pilot; no protocol-superiority claim,measurement,true
C2-CONTROLLED-SNARK,controlled-groth16-bls12-377-pilot-v1,5779a2e1a58ed1c2fdb55d75e845aefd0e2692b0,8a98b19a81b13daee2dab5016c2d6443d33240ba10559a49b8af6df16232a769,controlled_kernel,ark-groth16-0.5.0-bls12-377,default,{},deserialize,16,1,wrong_public_input,true,3,0.817217,0.028247,0.807052,0.844931,0.795460,0.849140,,,,,,,,not-applicable,,,,,,,,,,,,,,,,,,measured,matched Groth16 curve pilot; no protocol-superiority claim,measurement,true
C2-CONTROLLED-SNARK,controlled-groth16-bls12-377-pilot-v1,5779a2e1a58ed1c2fdb55d75e845aefd0e2692b0,8a98b19a81b13daee2dab5016c2d6443d33240ba10559a49b8af6df16232a769,controlled_kernel,ark-groth16-0.5.0-bls12-377,default,{},deserialize,16,2,,true,3,0.900059,0.150358,0.813845,1.047694,0.812656,1.073677,,,,,,,,not-applicable,,,,,,,,,,,,,,,,,,measured,matched Groth16 curve pilot; no protocol-superiority claim,measurement,true
C2-CONTROLLED-SNARK,controlled-groth16-bls12-377-pilot-v1,5779a2e1a58ed1c2fdb55d75e845aefd0e2692b0,8a98b19a81b13daee2dab5016c2d6443d33240ba10559a49b8af6df16232a769,controlled_kernel,ark-groth16-0.5.0-bls12-377,default,{},deserialize,16,2,wrong_public_input,true,3,0.851905,0.030952,0.857706,0.877362,0.818463,0.879546,,,,,,,,not-applicable,,,,,,,,,,,,,,,,,,measured,matched Groth16 curve pilot; no protocol-superiority claim,measurement,true
C2-CONTROLLED-SNARK,controlled-groth16-bls12-377-pilot-v1,5779a2e1a58ed1c2fdb55d75e845aefd0e2692b0,8a98b19a81b13daee2dab5016c2d6443d33240ba10559a49b8af6df16232a769,controlled_kernel,ark-groth16-0.5.0-bls12-377,default,{},deserialize,16,4,,true,3,0.877767,0.101252,0.837218,0.977429,0.803074,0.993008,,,,,,,,not-applicable,,,,,,,,,,,,,,,,,,measured,matched Groth16 curve pilot; no protocol-superiority claim,measurement,true
C2-CONTROLLED-SNARK,controlled-groth16-bls12-377-pilot-v1,5779a2e1a58ed1c2fdb55d75e845aefd0e2692b0,8a98b19a81b13daee2dab5016c2d6443d33240ba10559a49b8af6df16232a769,controlled_kernel,ark-groth16-0.5.0-bls12-377,default,{},deserialize,16,4,wrong_public_input,true,3,0.882132,0.092147,0.857465,0.971438,0.804828,0.984102,,,,,,,,not-applicable,,,,,,,,,,,,,,,,,,measured,matched Groth16 curve pilot; no protocol-superiority claim,measurement,true
C2-CONTROLLED-SNARK,controlled-groth16-bls12-377-pilot-v1,5779a2e1a58ed1c2fdb55d75e845aefd0e2692b0,8a98b19a81b13daee2dab5016c2d6443d33240ba10559a49b8af6df16232a769,controlled_kernel,ark-groth16-0.5.0-bls12-377,default,{},deserialize,64,1,,true,3,0.900194,0.081498,0.917214,0.966376,0.811530,0.971839,,,,,,,,not-applicable,,,,,,,,,,,,,,,,,,measured,matched Groth16 curve pilot; no protocol-superiority claim,measurement,true
C2-CONTROLLED-SNARK,controlled-groth16-bls12-377-pilot-v1,5779a2e1a58ed1c2fdb55d75e845aefd0e2692b0,8a98b19a81b13daee2dab5016c2d6443d33240ba10559a49b8af6df16232a769,controlled_kernel,ark-groth16-0.5.0-bls12-377,default,{},deserialize,64,1,wrong_public_input,true,3,0.800059,0.002818,0.799809,0.802676,0.797374,0.802994,,,,,,,,not-applicable,,,,,,,,,,,,,,,,,,measured,matched Groth16 curve pilot; no protocol-superiority claim,measurement,true
C2-CONTROLLED-SNARK,controlled-groth16-bls12-377-pilot-v1,5779a2e1a58ed1c2fdb55d75e845aefd0e2692b0,8a98b19a81b13daee2dab5016c2d6443d33240ba10559a49b8af6df16232a769,controlled_kernel,ark-groth16-0.5.0-bls12-377,default,{},deserialize,64,2,,true,3,0.852858,0.075169,0.826639,0.926526,0.794309,0.937625,,,,,,,,not-applicable,,,,,,,,,,,,,,,,,,measured,matched Groth16 curve pilot; no protocol-superiority claim,measurement,true
C2-CONTROLLED-SNARK,controlled-groth16-bls12-377-pilot-v1,5779a2e1a58ed1c2fdb55d75e845aefd0e2692b0,8a98b19a81b13daee2dab5016c2d6443d33240ba10559a49b8af6df16232a769,controlled_kernel,ark-groth16-0.5.0-bls12-377,default,{},deserialize,64,2,wrong_public_input,true,3,0.904360,0.094053,0.930933,0.977135,0.799879,0.982268,,,,,,,,not-applicable,,,,,,,,,,,,,,,,,,measured,matched Groth16 curve pilot; no protocol-superiority claim,measurement,true
C2-CONTROLLED-SNARK,controlled-groth16-bls12-377-pilot-v1,5779a2e1a58ed1c2fdb55d75e845aefd0e2692b0,8a98b19a81b13daee2dab5016c2d6443d33240ba10559a49b8af6df16232a769,controlled_kernel,ark-groth16-0.5.0-bls12-377,default,{},deserialize,64,4,,true,3,0.836687,0.038895,0.839612,0.870594,0.796412,0.874036,,,,,,,,not-applicable,,,,,,,,,,,,,,,,,,measured,matched Groth16 curve pilot; no protocol-superiority claim,measurement,true
C2-CONTROLLED-SNARK,controlled-groth16-bls12-377-pilot-v1,5779a2e1a58ed1c2fdb55d75e845aefd0e2692b0,8a98b19a81b13daee2dab5016c2d6443d33240ba10559a49b8af6df16232a769,controlled_kernel,ark-groth16-0.5.0-bls12-377,default,{},deserialize,64,4,wrong_public_input,true,3,0.844792,0.012936,0.844041,0.856682,0.832248,0.858087,,,,,,,,not-applicable,,,,,,,,,,,,,,,,,,measured,matched Groth16 curve pilot; no protocol-superiority claim,measurement,true
C2-CONTROLLED-SNARK,controlled-groth16-bls12-377-pilot-v1,5779a2e1a58ed1c2fdb55d75e845aefd0e2692b0,8a98b19a81b13daee2dab5016c2d6443d33240ba10559a49b8af6df16232a769,controlled_kernel,ark-groth16-0.5.0-bls12-377,default,{},deserialize,256,1,,true,3,0.935501,0.073125,0.947724,0.996343,0.857035,1.001745,,,,,,,,not-applicable,,,,,,,,,,,,,,,,,,measured,matched Groth16 curve pilot; no protocol-superiority claim,measurement,true
C2-CONTROLLED-SNARK,controlled-groth16-bls12-377-pilot-v1,5779a2e1a58ed1c2fdb55d75e845aefd0e2692b0,8a98b19a81b13daee2dab5016c2d6443d33240ba10559a49b8af6df16232a769,controlled_kernel,ark-groth16-0.5.0-bls12-377,default,{},deserialize,256,1,wrong_public_input,true,3,0.947229,0.106398,0.998197,1.016519,0.824935,1.018555,,,,,,,,not-applicable,,,,,,,,,,,,,,,,,,measured,matched Groth16 curve pilot; no protocol-superiority claim,measurement,true
C2-CONTROLLED-SNARK,controlled-groth16-bls12-377-pilot-v1,5779a2e1a58ed1c2fdb55d75e845aefd0e2692b0,8a98b19a81b13daee2dab5016c2d6443d33240ba10559a49b8af6df16232a769,controlled_kernel,ark-groth16-0.5.0-bls12-377,default,{},deserialize,256,2,,true,3,0.931403,0.099555,0.919491,1.024690,0.838340,1.036379,,,,,,,,not-applicable,,,,,,,,,,,,,,,,,,measured,matched Groth16 curve pilot; no protocol-superiority claim,measurement,true
C2-CONTROLLED-SNARK,controlled-groth16-bls12-377-pilot-v1,5779a2e1a58ed1c2fdb55d75e845aefd0e2692b0,8a98b19a81b13daee2dab5016c2d6443d33240ba10559a49b8af6df16232a769,controlled_kernel,ark-groth16-0.5.0-bls12-377,default,{},deserialize,256,2,wrong_public_input,true,3,0.879370,0.066933,0.870039,0.942435,0.817592,0.950479,,,,,,,,not-applicable,,,,,,,,,,,,,,,,,,measured,matched Groth16 curve pilot; no protocol-superiority claim,measurement,true
C2-CONTROLLED-SNARK,controlled-groth16-bls12-377-pilot-v1,5779a2e1a58ed1c2fdb55d75e845aefd0e2692b0,8a98b19a81b13daee2dab5016c2d6443d33240ba10559a49b8af6df16232a769,controlled_kernel,ark-groth16-0.5.0-bls12-377,default,{},deserialize,256,4,,true,3,0.840212,0.034720,0.839257,0.871785,0.805979,0.875399,,,,,,,,not-applicable,,,,,,,,,,,,,,,,,,measured,matched Groth16 curve pilot; no protocol-superiority claim,measurement,true
C2-CONTROLLED-SNARK,controlled-groth16-bls12-377-pilot-v1,5779a2e1a58ed1c2fdb55d75e845aefd0e2692b0,8a98b19a81b13daee2dab5016c2d6443d33240ba10559a49b8af6df16232a769,controlled_kernel,ark-groth16-0.5.0-bls12-377,default,{},deserialize,256,4,wrong_public_input,true,3,0.889599,0.075984,0.852777,0.964558,0.839041,0.976978,,,,,,,,not-applicable,,,,,,,,,,,,,,,,,,measured,matched Groth16 curve pilot; no protocol-superiority claim,measurement,true
C2-CONTROLLED-SNARK,controlled-groth16-bls12-377-pilot-v1,5779a2e1a58ed1c2fdb55d75e845aefd0e2692b0,8a98b19a81b13daee2dab5016c2d6443d33240ba10559a49b8af6df16232a769,controlled_kernel,ark-groth16-0.5.0-bls12-377,default,{},deserialize,1024,1,,true,3,0.820250,0.024620,0.808354,0.844538,0.803836,0.848559,,,,,,,,not-applicable,,,,,,,,,,,,,,,,,,measured,matched Groth16 curve pilot; no protocol-superiority claim,measurement,true
C2-CONTROLLED-SNARK,controlled-groth16-bls12-377-pilot-v1,5779a2e1a58ed1c2fdb55d75e845aefd0e2692b0,8a98b19a81b13daee2dab5016c2d6443d33240ba10559a49b8af6df16232a769,controlled_kernel,ark-groth16-0.5.0-bls12-377,default,{},deserialize,1024,2,,true,3,0.893399,0.138659,0.821198,1.030054,0.805739,1.053260,,,,,,,,not-applicable,,,,,,,,,,,,,,,,,,measured,matched Groth16 curve pilot; no protocol-superiority claim,measurement,true
C2-CONTROLLED-SNARK,controlled-groth16-bls12-377-pilot-v1,5779a2e1a58ed1c2fdb55d75e845aefd0e2692b0,8a98b19a81b13daee2dab5016c2d6443d33240ba10559a49b8af6df16232a769,controlled_kernel,ark-groth16-0.5.0-bls12-377,default,{},deserialize,1024,4,,true,3,0.805358,0.003772,0.803876,0.809069,0.802553,0.809646,,,,,,,,not-applicable,,,,,,,,,,,,,,,,,,measured,matched Groth16 curve pilot; no protocol-superiority claim,measurement,true
C2-CONTROLLED-SNARK,controlled-groth16-bls12-377-pilot-v1,5779a2e1a58ed1c2fdb55d75e845aefd0e2692b0,8a98b19a81b13daee2dab5016c2d6443d33240ba10559a49b8af6df16232a769,controlled_kernel,ark-groth16-0.5.0-bls12-377,default,{},fft_ntt,16,1,,false,,,,,,,,,,,,,,,not-applicable,,,Arkworks Groth16 does not expose stable per-run FFT/MSM/commitment hooks,,,,,,,,,,,,,,,measured,matched Groth16 curve pilot; no protocol-superiority claim,measurement,true
C2-CONTROLLED-SNARK,controlled-groth16-bls12-377-pilot-v1,5779a2e1a58ed1c2fdb55d75e845aefd0e2692b0,8a98b19a81b13daee2dab5016c2d6443d33240ba10559a49b8af6df16232a769,controlled_kernel,ark-groth16-0.5.0-bls12-377,default,{},fft_ntt,16,1,wrong_public_input,false,,,,,,,,,,,,,,,not-applicable,,,Arkworks Groth16 does not expose stable per-run FFT/MSM/commitment hooks,,,,,,,,,,,,,,,measured,matched Groth16 curve pilot; no protocol-superiority claim,measurement,true
C2-CONTROLLED-SNARK,controlled-groth16-bls12-377-pilot-v1,5779a2e1a58ed1c2fdb55d75e845aefd0e2692b0,8a98b19a81b13daee2dab5016c2d6443d33240ba10559a49b8af6df16232a769,controlled_kernel,ark-groth16-0.5.0-bls12-377,default,{},fft_ntt,16,2,,false,,,,,,,,,,,,,,,not-applicable,,,Arkworks Groth16 does not expose stable per-run FFT/MSM/commitment hooks,,,,,,,,,,,,,,,measured,matched Groth16 curve pilot; no protocol-superiority claim,measurement,true
C2-CONTROLLED-SNARK,controlled-groth16-bls12-377-pilot-v1,5779a2e1a58ed1c2fdb55d75e845aefd0e2692b0,8a98b19a81b13daee2dab5016c2d6443d33240ba10559a49b8af6df16232a769,controlled_kernel,ark-groth16-0.5.0-bls12-377,default,{},fft_ntt,16,2,wrong_public_input,false,,,,,,,,,,,,,,,not-applicable,,,Arkworks Groth16 does not expose stable per-run FFT/MSM/commitment hooks,,,,,,,,,,,,,,,measured,matched Groth16 curve pilot; no protocol-superiority claim,measurement,true
C2-CONTROLLED-SNARK,controlled-groth16-bls12-377-pilot-v1,5779a2e1a58ed1c2fdb55d75e845aefd0e2692b0,8a98b19a81b13daee2dab5016c2d6443d33240ba10559a49b8af6df16232a769,controlled_kernel,ark-groth16-0.5.0-bls12-377,default,{},fft_ntt,16,4,,false,,,,,,,,,,,,,,,not-applicable,,,Arkworks Groth16 does not expose stable per-run FFT/MSM/commitment hooks,,,,,,,,,,,,,,,measured,matched Groth16 curve pilot; no protocol-superiority claim,measurement,true
C2-CONTROLLED-SNARK,controlled-groth16-bls12-377-pilot-v1,5779a2e1a58ed1c2fdb55d75e845aefd0e2692b0,8a98b19a81b13daee2dab5016c2d6443d33240ba10559a49b8af6df16232a769,controlled_kernel,ark-groth16-0.5.0-bls12-377,default,{},fft_ntt,16,4,wrong_public_input,false,,,,,,,,,,,,,,,not-applicable,,,Arkworks Groth16 does not expose stable per-run FFT/MSM/commitment hooks,,,,,,,,,,,,,,,measured,matched Groth16 curve pilot; no protocol-superiority claim,measurement,true
C2-CONTROLLED-SNARK,controlled-groth16-bls12-377-pilot-v1,5779a2e1a58ed1c2fdb55d75e845aefd0e2692b0,8a98b19a81b13daee2dab5016c2d6443d33240ba10559a49b8af6df16232a769,controlled_kernel,ark-groth16-0.5.0-bls12-377,default,{},fft_ntt,64,1,,false,,,,,,,,,,,,,,,not-applicable,,,Arkworks Groth16 does not expose stable per-run FFT/MSM/commitment hooks,,,,,,,,,,,,,,,measured,matched Groth16 curve pilot; no protocol-superiority claim,measurement,true
C2-CONTROLLED-SNARK,controlled-groth16-bls12-377-pilot-v1,5779a2e1a58ed1c2fdb55d75e845aefd0e2692b0,8a98b19a81b13daee2dab5016c2d6443d33240ba10559a49b8af6df16232a769,controlled_kernel,ark-groth16-0.5.0-bls12-377,default,{},fft_ntt,64,1,wrong_public_input,false,,,,,,,,,,,,,,,not-applicable,,,Arkworks Groth16 does not expose stable per-run FFT/MSM/commitment hooks,,,,,,,,,,,,,,,measured,matched Groth16 curve pilot; no protocol-superiority claim,measurement,true
C2-CONTROLLED-SNARK,controlled-groth16-bls12-377-pilot-v1,5779a2e1a58ed1c2fdb55d75e845aefd0e2692b0,8a98b19a81b13daee2dab5016c2d6443d33240ba10559a49b8af6df16232a769,controlled_kernel,ark-groth16-0.5.0-bls12-377,default,{},fft_ntt,64,2,,false,,,,,,,,,,,,,,,not-applicable,,,Arkworks Groth16 does not expose stable per-run FFT/MSM/commitment hooks,,,,,,,,,,,,,,,measured,matched Groth16 curve pilot; no protocol-superiority claim,measurement,true
C2-CONTROLLED-SNARK,controlled-groth16-bls12-377-pilot-v1,5779a2e1a58ed1c2fdb55d75e845aefd0e2692b0,8a98b19a81b13daee2dab5016c2d6443d33240ba10559a49b8af6df16232a769,controlled_kernel,ark-groth16-0.5.0-bls12-377,default,{},fft_ntt,64,2,wrong_public_input,false,,,,,,,,,,,,,,,not-applicable,,,Arkworks Groth16 does not expose stable per-run FFT/MSM/commitment hooks,,,,,,,,,,,,,,,measured,matched Groth16 curve pilot; no protocol-superiority claim,measurement,true
C2-CONTROLLED-SNARK,controlled-groth16-bls12-377-pilot-v1,5779a2e1a58ed1c2fdb55d75e845aefd0e2692b0,8a98b19a81b13daee2dab5016c2d6443d33240ba10559a49b8af6df16232a769,controlled_kernel,ark-groth16-0.5.0-bls12-377,default,{},fft_ntt,64,4,,false,,,,,,,,,,,,,,,not-applicable,,,Arkworks Groth16 does not expose stable per-run FFT/MSM/commitment hooks,,,,,,,,,,,,,,,measured,matched Groth16 curve pilot; no protocol-superiority claim,measurement,true
C2-CONTROLLED-SNARK,controlled-groth16-bls12-377-pilot-v1,5779a2e1a58ed1c2fdb55d75e845aefd0e2692b0,8a98b19a81b13daee2dab5016c2d6443d33240ba10559a49b8af6df16232a769,controlled_kernel,ark-groth16-0.5.0-bls12-377,default,{},fft_ntt,64,4,wrong_public_input,false,,,,,,,,,,,,,,,not-applicable,,,Arkworks Groth16 does not expose stable per-run FFT/MSM/commitment hooks,,,,,,,,,,,,,,,measured,matched Groth16 curve pilot; no protocol-superiority claim,measurement,true
C2-CONTROLLED-SNARK,controlled-groth16-bls12-377-pilot-v1,5779a2e1a58ed1c2fdb55d75e845aefd0e2692b0,8a98b19a81b13daee2dab5016c2d6443d33240ba10559a49b8af6df16232a769,controlled_kernel,ark-groth16-0.5.0-bls12-377,default,{},fft_ntt,256,1,,false,,,,,,,,,,,,,,,not-applicable,,,Arkworks Groth16 does not expose stable per-run FFT/MSM/commitment hooks,,,,,,,,,,,,,,,measured,matched Groth16 curve pilot; no protocol-superiority claim,measurement,true
C2-CONTROLLED-SNARK,controlled-groth16-bls12-377-pilot-v1,5779a2e1a58ed1c2fdb55d75e845aefd0e2692b0,8a98b19a81b13daee2dab5016c2d6443d33240ba10559a49b8af6df16232a769,controlled_kernel,ark-groth16-0.5.0-bls12-377,default,{},fft_ntt,256,1,wrong_public_input,false,,,,,,,,,,,,,,,not-applicable,,,Arkworks Groth16 does not expose stable per-run FFT/MSM/commitment hooks,,,,,,,,,,,,,,,measured,matched Groth16 curve pilot; no protocol-superiority claim,measurement,true
C2-CONTROLLED-SNARK,controlled-groth16-bls12-377-pilot-v1,5779a2e1a58ed1c2fdb55d75e845aefd0e2692b0,8a98b19a81b13daee2dab5016c2d6443d33240ba10559a49b8af6df16232a769,controlled_kernel,ark-groth16-0.5.0-bls12-377,default,{},fft_ntt,256,2,,false,,,,,,,,,,,,,,,not-applicable,,,Arkworks Groth16 does not expose stable per-run FFT/MSM/commitment hooks,,,,,,,,,,,,,,,measured,matched Groth16 curve pilot; no protocol-superiority claim,measurement,true
C2-CONTROLLED-SNARK,controlled-groth16-bls12-377-pilot-v1,5779a2e1a58ed1c2fdb55d75e845aefd0e2692b0,8a98b19a81b13daee2dab5016c2d6443d33240ba10559a49b8af6df16232a769,controlled_kernel,ark-groth16-0.5.0-bls12-377,default,{},fft_ntt,256,2,wrong_public_input,false,,,,,,,,,,,,,,,not-applicable,,,Arkworks Groth16 does not expose stable per-run FFT/MSM/commitment hooks,,,,,,,,,,,,,,,measured,matched Groth16 curve pilot; no protocol-superiority claim,measurement,true
C2-CONTROLLED-SNARK,controlled-groth16-bls12-377-pilot-v1,5779a2e1a58ed1c2fdb55d75e845aefd0e2692b0,8a98b19a81b13daee2dab5016c2d6443d33240ba10559a49b8af6df16232a769,controlled_kernel,ark-groth16-0.5.0-bls12-377,default,{},fft_ntt,256,4,,false,,,,,,,,,,,,,,,not-applicable,,,Arkworks Groth16 does not expose stable per-run FFT/MSM/commitment hooks,,,,,,,,,,,,,,,measured,matched Groth16 curve pilot; no protocol-superiority claim,measurement,true
C2-CONTROLLED-SNARK,controlled-groth16-bls12-377-pilot-v1,5779a2e1a58ed1c2fdb55d75e845aefd0e2692b0,8a98b19a81b13daee2dab5016c2d6443d33240ba10559a49b8af6df16232a769,controlled_kernel,ark-groth16-0.5.0-bls12-377,default,{},fft_ntt,256,4,wrong_public_input,false,,,,,,,,,,,,,,,not-applicable,,,Arkworks Groth16 does not expose stable per-run FFT/MSM/commitment hooks,,,,,,,,,,,,,,,measured,matched Groth16 curve pilot; no protocol-superiority claim,measurement,true
C2-CONTROLLED-SNARK,controlled-groth16-bls12-377-pilot-v1,5779a2e1a58ed1c2fdb55d75e845aefd0e2692b0,8a98b19a81b13daee2dab5016c2d6443d33240ba10559a49b8af6df16232a769,controlled_kernel,ark-groth16-0.5.0-bls12-377,default,{},fft_ntt,1024,1,,false,,,,,,,,,,,,,,,not-applicable,,,Arkworks Groth16 does not expose stable per-run FFT/MSM/commitment hooks,,,,,,,,,,,,,,,measured,matched Groth16 curve pilot; no protocol-superiority claim,measurement,true
C2-CONTROLLED-SNARK,controlled-groth16-bls12-377-pilot-v1,5779a2e1a58ed1c2fdb55d75e845aefd0e2692b0,8a98b19a81b13daee2dab5016c2d6443d33240ba10559a49b8af6df16232a769,controlled_kernel,ark-groth16-0.5.0-bls12-377,default,{},fft_ntt,1024,2,,false,,,,,,,,,,,,,,,not-applicable,,,Arkworks Groth16 does not expose stable per-run FFT/MSM/commitment hooks,,,,,,,,,,,,,,,measured,matched Groth16 curve pilot; no protocol-superiority claim,measurement,true
C2-CONTROLLED-SNARK,controlled-groth16-bls12-377-pilot-v1,5779a2e1a58ed1c2fdb55d75e845aefd0e2692b0,8a98b19a81b13daee2dab5016c2d6443d33240ba10559a49b8af6df16232a769,controlled_kernel,ark-groth16-0.5.0-bls12-377,default,{},fft_ntt,1024,4,,false,,,,,,,,,,,,,,,not-applicable,,,Arkworks Groth16 does not expose stable per-run FFT/MSM/commitment hooks,,,,,,,,,,,,,,,measured,matched Groth16 curve pilot; no protocol-superiority claim,measurement,true
C2-CONTROLLED-SNARK,controlled-groth16-bls12-377-pilot-v1,5779a2e1a58ed1c2fdb55d75e845aefd0e2692b0,8a98b19a81b13daee2dab5016c2d6443d33240ba10559a49b8af6df16232a769,controlled_kernel,ark-groth16-0.5.0-bls12-377,default,{},invalid_reject,16,1,wrong_public_input,true,3,1.724940,0.038399,1.727254,1.758642,1.685436,1.762129,,,,,,,,not-applicable,,,,,,,,,,,,,,,,,,measured,matched Groth16 curve pilot; no protocol-superiority claim,measurement,true
C2-CONTROLLED-SNARK,controlled-groth16-bls12-377-pilot-v1,5779a2e1a58ed1c2fdb55d75e845aefd0e2692b0,8a98b19a81b13daee2dab5016c2d6443d33240ba10559a49b8af6df16232a769,controlled_kernel,ark-groth16-0.5.0-bls12-377,default,{},invalid_reject,16,2,wrong_public_input,true,3,1.692773,0.016722,1.691798,1.708145,1.676559,1.709961,,,,,,,,not-applicable,,,,,,,,,,,,,,,,,,measured,matched Groth16 curve pilot; no protocol-superiority claim,measurement,true
C2-CONTROLLED-SNARK,controlled-groth16-bls12-377-pilot-v1,5779a2e1a58ed1c2fdb55d75e845aefd0e2692b0,8a98b19a81b13daee2dab5016c2d6443d33240ba10559a49b8af6df16232a769,controlled_kernel,ark-groth16-0.5.0-bls12-377,default,{},invalid_reject,16,4,wrong_public_input,true,3,1.897676,0.217731,2.018166,2.027493,1.646334,2.028529,,,,,,,,not-applicable,,,,,,,,,,,,,,,,,,measured,matched Groth16 curve pilot; no protocol-superiority claim,measurement,true
C2-CONTROLLED-SNARK,controlled-groth16-bls12-377-pilot-v1,5779a2e1a58ed1c2fdb55d75e845aefd0e2692b0,8a98b19a81b13daee2dab5016c2d6443d33240ba10559a49b8af6df16232a769,controlled_kernel,ark-groth16-0.5.0-bls12-377,default,{},invalid_reject,64,1,wrong_public_input,true,3,1.755702,0.136223,1.730671,1.885502,1.633730,1.902705,,,,,,,,not-applicable,,,,,,,,,,,,,,,,,,measured,matched Groth16 curve pilot; no protocol-superiority claim,measurement,true
C2-CONTROLLED-SNARK,controlled-groth16-bls12-377-pilot-v1,5779a2e1a58ed1c2fdb55d75e845aefd0e2692b0,8a98b19a81b13daee2dab5016c2d6443d33240ba10559a49b8af6df16232a769,controlled_kernel,ark-groth16-0.5.0-bls12-377,default,{},invalid_reject,64,2,wrong_public_input,true,3,1.838228,0.154923,1.826985,1.981318,1.689233,1.998466,,,,,,,,not-applicable,,,,,,,,,,,,,,,,,,measured,matched Groth16 curve pilot; no protocol-superiority claim,measurement,true
C2-CONTROLLED-SNARK,controlled-groth16-bls12-377-pilot-v1,5779a2e1a58ed1c2fdb55d75e845aefd0e2692b0,8a98b19a81b13daee2dab5016c2d6443d33240ba10559a49b8af6df16232a769,controlled_kernel,ark-groth16-0.5.0-bls12-377,default,{},invalid_reject,64,4,wrong_public_input,true,3,1.751518,0.120355,1.709862,1.869437,1.657524,1.887167,,,,,,,,not-applicable,,,,,,,,,,,,,,,,,,measured,matched Groth16 curve pilot; no protocol-superiority claim,measurement,true
C2-CONTROLLED-SNARK,controlled-groth16-bls12-377-pilot-v1,5779a2e1a58ed1c2fdb55d75e845aefd0e2692b0,8a98b19a81b13daee2dab5016c2d6443d33240ba10559a49b8af6df16232a769,controlled_kernel,ark-groth16-0.5.0-bls12-377,default,{},invalid_reject,256,1,wrong_public_input,true,3,1.677231,0.031247,1.692730,1.697202,1.641264,1.697699,,,,,,,,not-applicable,,,,,,,,,,,,,,,,,,measured,matched Groth16 curve pilot; no protocol-superiority claim,measurement,true
C2-CONTROLLED-SNARK,controlled-groth16-bls12-377-pilot-v1,5779a2e1a58ed1c2fdb55d75e845aefd0e2692b0,8a98b19a81b13daee2dab5016c2d6443d33240ba10559a49b8af6df16232a769,controlled_kernel,ark-groth16-0.5.0-bls12-377,default,{},invalid_reject,256,2,wrong_public_input,true,3,1.746554,0.088665,1.743895,1.827256,1.659248,1.836518,,,,,,,,not-applicable,,,,,,,,,,,,,,,,,,measured,matched Groth16 curve pilot; no protocol-superiority claim,measurement,true
C2-CONTROLLED-SNARK,controlled-groth16-bls12-377-pilot-v1,5779a2e1a58ed1c2fdb55d75e845aefd0e2692b0,8a98b19a81b13daee2dab5016c2d6443d33240ba10559a49b8af6df16232a769,controlled_kernel,ark-groth16-0.5.0-bls12-377,default,{},invalid_reject,256,4,wrong_public_input,true,3,1.888887,0.165901,1.975296,1.991903,1.697618,1.993748,,,,,,,,not-applicable,,,,,,,,,,,,,,,,,,measured,matched Groth16 curve pilot; no protocol-superiority claim,measurement,true
C2-CONTROLLED-SNARK,controlled-groth16-bls12-377-pilot-v1,5779a2e1a58ed1c2fdb55d75e845aefd0e2692b0,8a98b19a81b13daee2dab5016c2d6443d33240ba10559a49b8af6df16232a769,controlled_kernel,ark-groth16-0.5.0-bls12-377,default,{},key_load,16,1,,false,,,,,,,,,,,,,,,not-applicable,,,Arkworks Groth16 does not expose stable per-run FFT/MSM/commitment hooks,,,,,,,,,,,,,,,measured,matched Groth16 curve pilot; no protocol-superiority claim,measurement,true
C2-CONTROLLED-SNARK,controlled-groth16-bls12-377-pilot-v1,5779a2e1a58ed1c2fdb55d75e845aefd0e2692b0,8a98b19a81b13daee2dab5016c2d6443d33240ba10559a49b8af6df16232a769,controlled_kernel,ark-groth16-0.5.0-bls12-377,default,{},key_load,16,1,wrong_public_input,false,,,,,,,,,,,,,,,not-applicable,,,Arkworks Groth16 does not expose stable per-run FFT/MSM/commitment hooks,,,,,,,,,,,,,,,measured,matched Groth16 curve pilot; no protocol-superiority claim,measurement,true
C2-CONTROLLED-SNARK,controlled-groth16-bls12-377-pilot-v1,5779a2e1a58ed1c2fdb55d75e845aefd0e2692b0,8a98b19a81b13daee2dab5016c2d6443d33240ba10559a49b8af6df16232a769,controlled_kernel,ark-groth16-0.5.0-bls12-377,default,{},key_load,16,2,,false,,,,,,,,,,,,,,,not-applicable,,,Arkworks Groth16 does not expose stable per-run FFT/MSM/commitment hooks,,,,,,,,,,,,,,,measured,matched Groth16 curve pilot; no protocol-superiority claim,measurement,true
C2-CONTROLLED-SNARK,controlled-groth16-bls12-377-pilot-v1,5779a2e1a58ed1c2fdb55d75e845aefd0e2692b0,8a98b19a81b13daee2dab5016c2d6443d33240ba10559a49b8af6df16232a769,controlled_kernel,ark-groth16-0.5.0-bls12-377,default,{},key_load,16,2,wrong_public_input,false,,,,,,,,,,,,,,,not-applicable,,,Arkworks Groth16 does not expose stable per-run FFT/MSM/commitment hooks,,,,,,,,,,,,,,,measured,matched Groth16 curve pilot; no protocol-superiority claim,measurement,true
C2-CONTROLLED-SNARK,controlled-groth16-bls12-377-pilot-v1,5779a2e1a58ed1c2fdb55d75e845aefd0e2692b0,8a98b19a81b13daee2dab5016c2d6443d33240ba10559a49b8af6df16232a769,controlled_kernel,ark-groth16-0.5.0-bls12-377,default,{},key_load,16,4,,false,,,,,,,,,,,,,,,not-applicable,,,Arkworks Groth16 does not expose stable per-run FFT/MSM/commitment hooks,,,,,,,,,,,,,,,measured,matched Groth16 curve pilot; no protocol-superiority claim,measurement,true
C2-CONTROLLED-SNARK,controlled-groth16-bls12-377-pilot-v1,5779a2e1a58ed1c2fdb55d75e845aefd0e2692b0,8a98b19a81b13daee2dab5016c2d6443d33240ba10559a49b8af6df16232a769,controlled_kernel,ark-groth16-0.5.0-bls12-377,default,{},key_load,16,4,wrong_public_input,false,,,,,,,,,,,,,,,not-applicable,,,Arkworks Groth16 does not expose stable per-run FFT/MSM/commitment hooks,,,,,,,,,,,,,,,measured,matched Groth16 curve pilot; no protocol-superiority claim,measurement,true
C2-CONTROLLED-SNARK,controlled-groth16-bls12-377-pilot-v1,5779a2e1a58ed1c2fdb55d75e845aefd0e2692b0,8a98b19a81b13daee2dab5016c2d6443d33240ba10559a49b8af6df16232a769,controlled_kernel,ark-groth16-0.5.0-bls12-377,default,{},key_load,64,1,,false,,,,,,,,,,,,,,,not-applicable,,,Arkworks Groth16 does not expose stable per-run FFT/MSM/commitment hooks,,,,,,,,,,,,,,,measured,matched Groth16 curve pilot; no protocol-superiority claim,measurement,true
C2-CONTROLLED-SNARK,controlled-groth16-bls12-377-pilot-v1,5779a2e1a58ed1c2fdb55d75e845aefd0e2692b0,8a98b19a81b13daee2dab5016c2d6443d33240ba10559a49b8af6df16232a769,controlled_kernel,ark-groth16-0.5.0-bls12-377,default,{},key_load,64,1,wrong_public_input,false,,,,,,,,,,,,,,,not-applicable,,,Arkworks Groth16 does not expose stable per-run FFT/MSM/commitment hooks,,,,,,,,,,,,,,,measured,matched Groth16 curve pilot; no protocol-superiority claim,measurement,true
C2-CONTROLLED-SNARK,controlled-groth16-bls12-377-pilot-v1,5779a2e1a58ed1c2fdb55d75e845aefd0e2692b0,8a98b19a81b13daee2dab5016c2d6443d33240ba10559a49b8af6df16232a769,controlled_kernel,ark-groth16-0.5.0-bls12-377,default,{},key_load,64,2,,false,,,,,,,,,,,,,,,not-applicable,,,Arkworks Groth16 does not expose stable per-run FFT/MSM/commitment hooks,,,,,,,,,,,,,,,measured,matched Groth16 curve pilot; no protocol-superiority claim,measurement,true
C2-CONTROLLED-SNARK,controlled-groth16-bls12-377-pilot-v1,5779a2e1a58ed1c2fdb55d75e845aefd0e2692b0,8a98b19a81b13daee2dab5016c2d6443d33240ba10559a49b8af6df16232a769,controlled_kernel,ark-groth16-0.5.0-bls12-377,default,{},key_load,64,2,wrong_public_input,false,,,,,,,,,,,,,,,not-applicable,,,Arkworks Groth16 does not expose stable per-run FFT/MSM/commitment hooks,,,,,,,,,,,,,,,measured,matched Groth16 curve pilot; no protocol-superiority claim,measurement,true
C2-CONTROLLED-SNARK,controlled-groth16-bls12-377-pilot-v1,5779a2e1a58ed1c2fdb55d75e845aefd0e2692b0,8a98b19a81b13daee2dab5016c2d6443d33240ba10559a49b8af6df16232a769,controlled_kernel,ark-groth16-0.5.0-bls12-377,default,{},key_load,64,4,,false,,,,,,,,,,,,,,,not-applicable,,,Arkworks Groth16 does not expose stable per-run FFT/MSM/commitment hooks,,,,,,,,,,,,,,,measured,matched Groth16 curve pilot; no protocol-superiority claim,measurement,true
C2-CONTROLLED-SNARK,controlled-groth16-bls12-377-pilot-v1,5779a2e1a58ed1c2fdb55d75e845aefd0e2692b0,8a98b19a81b13daee2dab5016c2d6443d33240ba10559a49b8af6df16232a769,controlled_kernel,ark-groth16-0.5.0-bls12-377,default,{},key_load,64,4,wrong_public_input,false,,,,,,,,,,,,,,,not-applicable,,,Arkworks Groth16 does not expose stable per-run FFT/MSM/commitment hooks,,,,,,,,,,,,,,,measured,matched Groth16 curve pilot; no protocol-superiority claim,measurement,true
C2-CONTROLLED-SNARK,controlled-groth16-bls12-377-pilot-v1,5779a2e1a58ed1c2fdb55d75e845aefd0e2692b0,8a98b19a81b13daee2dab5016c2d6443d33240ba10559a49b8af6df16232a769,controlled_kernel,ark-groth16-0.5.0-bls12-377,default,{},key_load,256,1,,false,,,,,,,,,,,,,,,not-applicable,,,Arkworks Groth16 does not expose stable per-run FFT/MSM/commitment hooks,,,,,,,,,,,,,,,measured,matched Groth16 curve pilot; no protocol-superiority claim,measurement,true
C2-CONTROLLED-SNARK,controlled-groth16-bls12-377-pilot-v1,5779a2e1a58ed1c2fdb55d75e845aefd0e2692b0,8a98b19a81b13daee2dab5016c2d6443d33240ba10559a49b8af6df16232a769,controlled_kernel,ark-groth16-0.5.0-bls12-377,default,{},key_load,256,1,wrong_public_input,false,,,,,,,,,,,,,,,not-applicable,,,Arkworks Groth16 does not expose stable per-run FFT/MSM/commitment hooks,,,,,,,,,,,,,,,measured,matched Groth16 curve pilot; no protocol-superiority claim,measurement,true
C2-CONTROLLED-SNARK,controlled-groth16-bls12-377-pilot-v1,5779a2e1a58ed1c2fdb55d75e845aefd0e2692b0,8a98b19a81b13daee2dab5016c2d6443d33240ba10559a49b8af6df16232a769,controlled_kernel,ark-groth16-0.5.0-bls12-377,default,{},key_load,256,2,,false,,,,,,,,,,,,,,,not-applicable,,,Arkworks Groth16 does not expose stable per-run FFT/MSM/commitment hooks,,,,,,,,,,,,,,,measured,matched Groth16 curve pilot; no protocol-superiority claim,measurement,true
C2-CONTROLLED-SNARK,controlled-groth16-bls12-377-pilot-v1,5779a2e1a58ed1c2fdb55d75e845aefd0e2692b0,8a98b19a81b13daee2dab5016c2d6443d33240ba10559a49b8af6df16232a769,controlled_kernel,ark-groth16-0.5.0-bls12-377,default,{},key_load,256,2,wrong_public_input,false,,,,,,,,,,,,,,,not-applicable,,,Arkworks Groth16 does not expose stable per-run FFT/MSM/commitment hooks,,,,,,,,,,,,,,,measured,matched Groth16 curve pilot; no protocol-superiority claim,measurement,true
C2-CONTROLLED-SNARK,controlled-groth16-bls12-377-pilot-v1,5779a2e1a58ed1c2fdb55d75e845aefd0e2692b0,8a98b19a81b13daee2dab5016c2d6443d33240ba10559a49b8af6df16232a769,controlled_kernel,ark-groth16-0.5.0-bls12-377,default,{},key_load,256,4,,false,,,,,,,,,,,,,,,not-applicable,,,Arkworks Groth16 does not expose stable per-run FFT/MSM/commitment hooks,,,,,,,,,,,,,,,measured,matched Groth16 curve pilot; no protocol-superiority claim,measurement,true
C2-CONTROLLED-SNARK,controlled-groth16-bls12-377-pilot-v1,5779a2e1a58ed1c2fdb55d75e845aefd0e2692b0,8a98b19a81b13daee2dab5016c2d6443d33240ba10559a49b8af6df16232a769,controlled_kernel,ark-groth16-0.5.0-bls12-377,default,{},key_load,256,4,wrong_public_input,false,,,,,,,,,,,,,,,not-applicable,,,Arkworks Groth16 does not expose stable per-run FFT/MSM/commitment hooks,,,,,,,,,,,,,,,measured,matched Groth16 curve pilot; no protocol-superiority claim,measurement,true
C2-CONTROLLED-SNARK,controlled-groth16-bls12-377-pilot-v1,5779a2e1a58ed1c2fdb55d75e845aefd0e2692b0,8a98b19a81b13daee2dab5016c2d6443d33240ba10559a49b8af6df16232a769,controlled_kernel,ark-groth16-0.5.0-bls12-377,default,{},key_load,1024,1,,false,,,,,,,,,,,,,,,not-applicable,,,Arkworks Groth16 does not expose stable per-run FFT/MSM/commitment hooks,,,,,,,,,,,,,,,measured,matched Groth16 curve pilot; no protocol-superiority claim,measurement,true
C2-CONTROLLED-SNARK,controlled-groth16-bls12-377-pilot-v1,5779a2e1a58ed1c2fdb55d75e845aefd0e2692b0,8a98b19a81b13daee2dab5016c2d6443d33240ba10559a49b8af6df16232a769,controlled_kernel,ark-groth16-0.5.0-bls12-377,default,{},key_load,1024,2,,false,,,,,,,,,,,,,,,not-applicable,,,Arkworks Groth16 does not expose stable per-run FFT/MSM/commitment hooks,,,,,,,,,,,,,,,measured,matched Groth16 curve pilot; no protocol-superiority claim,measurement,true
C2-CONTROLLED-SNARK,controlled-groth16-bls12-377-pilot-v1,5779a2e1a58ed1c2fdb55d75e845aefd0e2692b0,8a98b19a81b13daee2dab5016c2d6443d33240ba10559a49b8af6df16232a769,controlled_kernel,ark-groth16-0.5.0-bls12-377,default,{},key_load,1024,4,,false,,,,,,,,,,,,,,,not-applicable,,,Arkworks Groth16 does not expose stable per-run FFT/MSM/commitment hooks,,,,,,,,,,,,,,,measured,matched Groth16 curve pilot; no protocol-superiority claim,measurement,true
C2-CONTROLLED-SNARK,controlled-groth16-bls12-377-pilot-v1,5779a2e1a58ed1c2fdb55d75e845aefd0e2692b0,8a98b19a81b13daee2dab5016c2d6443d33240ba10559a49b8af6df16232a769,controlled_kernel,ark-groth16-0.5.0-bls12-377,default,{},msm,16,1,,false,,,,,,,,,,,,,,,not-applicable,,,Arkworks Groth16 does not expose stable per-run FFT/MSM/commitment hooks,,,,,,,,,,,,,,,measured,matched Groth16 curve pilot; no protocol-superiority claim,measurement,true
C2-CONTROLLED-SNARK,controlled-groth16-bls12-377-pilot-v1,5779a2e1a58ed1c2fdb55d75e845aefd0e2692b0,8a98b19a81b13daee2dab5016c2d6443d33240ba10559a49b8af6df16232a769,controlled_kernel,ark-groth16-0.5.0-bls12-377,default,{},msm,16,1,wrong_public_input,false,,,,,,,,,,,,,,,not-applicable,,,Arkworks Groth16 does not expose stable per-run FFT/MSM/commitment hooks,,,,,,,,,,,,,,,measured,matched Groth16 curve pilot; no protocol-superiority claim,measurement,true
C2-CONTROLLED-SNARK,controlled-groth16-bls12-377-pilot-v1,5779a2e1a58ed1c2fdb55d75e845aefd0e2692b0,8a98b19a81b13daee2dab5016c2d6443d33240ba10559a49b8af6df16232a769,controlled_kernel,ark-groth16-0.5.0-bls12-377,default,{},msm,16,2,,false,,,,,,,,,,,,,,,not-applicable,,,Arkworks Groth16 does not expose stable per-run FFT/MSM/commitment hooks,,,,,,,,,,,,,,,measured,matched Groth16 curve pilot; no protocol-superiority claim,measurement,true
C2-CONTROLLED-SNARK,controlled-groth16-bls12-377-pilot-v1,5779a2e1a58ed1c2fdb55d75e845aefd0e2692b0,8a98b19a81b13daee2dab5016c2d6443d33240ba10559a49b8af6df16232a769,controlled_kernel,ark-groth16-0.5.0-bls12-377,default,{},msm,16,2,wrong_public_input,false,,,,,,,,,,,,,,,not-applicable,,,Arkworks Groth16 does not expose stable per-run FFT/MSM/commitment hooks,,,,,,,,,,,,,,,measured,matched Groth16 curve pilot; no protocol-superiority claim,measurement,true
C2-CONTROLLED-SNARK,controlled-groth16-bls12-377-pilot-v1,5779a2e1a58ed1c2fdb55d75e845aefd0e2692b0,8a98b19a81b13daee2dab5016c2d6443d33240ba10559a49b8af6df16232a769,controlled_kernel,ark-groth16-0.5.0-bls12-377,default,{},msm,16,4,,false,,,,,,,,,,,,,,,not-applicable,,,Arkworks Groth16 does not expose stable per-run FFT/MSM/commitment hooks,,,,,,,,,,,,,,,measured,matched Groth16 curve pilot; no protocol-superiority claim,measurement,true
C2-CONTROLLED-SNARK,controlled-groth16-bls12-377-pilot-v1,5779a2e1a58ed1c2fdb55d75e845aefd0e2692b0,8a98b19a81b13daee2dab5016c2d6443d33240ba10559a49b8af6df16232a769,controlled_kernel,ark-groth16-0.5.0-bls12-377,default,{},msm,16,4,wrong_public_input,false,,,,,,,,,,,,,,,not-applicable,,,Arkworks Groth16 does not expose stable per-run FFT/MSM/commitment hooks,,,,,,,,,,,,,,,measured,matched Groth16 curve pilot; no protocol-superiority claim,measurement,true
C2-CONTROLLED-SNARK,controlled-groth16-bls12-377-pilot-v1,5779a2e1a58ed1c2fdb55d75e845aefd0e2692b0,8a98b19a81b13daee2dab5016c2d6443d33240ba10559a49b8af6df16232a769,controlled_kernel,ark-groth16-0.5.0-bls12-377,default,{},msm,64,1,,false,,,,,,,,,,,,,,,not-applicable,,,Arkworks Groth16 does not expose stable per-run FFT/MSM/commitment hooks,,,,,,,,,,,,,,,measured,matched Groth16 curve pilot; no protocol-superiority claim,measurement,true
C2-CONTROLLED-SNARK,controlled-groth16-bls12-377-pilot-v1,5779a2e1a58ed1c2fdb55d75e845aefd0e2692b0,8a98b19a81b13daee2dab5016c2d6443d33240ba10559a49b8af6df16232a769,controlled_kernel,ark-groth16-0.5.0-bls12-377,default,{},msm,64,1,wrong_public_input,false,,,,,,,,,,,,,,,not-applicable,,,Arkworks Groth16 does not expose stable per-run FFT/MSM/commitment hooks,,,,,,,,,,,,,,,measured,matched Groth16 curve pilot; no protocol-superiority claim,measurement,true
C2-CONTROLLED-SNARK,controlled-groth16-bls12-377-pilot-v1,5779a2e1a58ed1c2fdb55d75e845aefd0e2692b0,8a98b19a81b13daee2dab5016c2d6443d33240ba10559a49b8af6df16232a769,controlled_kernel,ark-groth16-0.5.0-bls12-377,default,{},msm,64,2,,false,,,,,,,,,,,,,,,not-applicable,,,Arkworks Groth16 does not expose stable per-run FFT/MSM/commitment hooks,,,,,,,,,,,,,,,measured,matched Groth16 curve pilot; no protocol-superiority claim,measurement,true
C2-CONTROLLED-SNARK,controlled-groth16-bls12-377-pilot-v1,5779a2e1a58ed1c2fdb55d75e845aefd0e2692b0,8a98b19a81b13daee2dab5016c2d6443d33240ba10559a49b8af6df16232a769,controlled_kernel,ark-groth16-0.5.0-bls12-377,default,{},msm,64,2,wrong_public_input,false,,,,,,,,,,,,,,,not-applicable,,,Arkworks Groth16 does not expose stable per-run FFT/MSM/commitment hooks,,,,,,,,,,,,,,,measured,matched Groth16 curve pilot; no protocol-superiority claim,measurement,true
C2-CONTROLLED-SNARK,controlled-groth16-bls12-377-pilot-v1,5779a2e1a58ed1c2fdb55d75e845aefd0e2692b0,8a98b19a81b13daee2dab5016c2d6443d33240ba10559a49b8af6df16232a769,controlled_kernel,ark-groth16-0.5.0-bls12-377,default,{},msm,64,4,,false,,,,,,,,,,,,,,,not-applicable,,,Arkworks Groth16 does not expose stable per-run FFT/MSM/commitment hooks,,,,,,,,,,,,,,,measured,matched Groth16 curve pilot; no protocol-superiority claim,measurement,true
C2-CONTROLLED-SNARK,controlled-groth16-bls12-377-pilot-v1,5779a2e1a58ed1c2fdb55d75e845aefd0e2692b0,8a98b19a81b13daee2dab5016c2d6443d33240ba10559a49b8af6df16232a769,controlled_kernel,ark-groth16-0.5.0-bls12-377,default,{},msm,64,4,wrong_public_input,false,,,,,,,,,,,,,,,not-applicable,,,Arkworks Groth16 does not expose stable per-run FFT/MSM/commitment hooks,,,,,,,,,,,,,,,measured,matched Groth16 curve pilot; no protocol-superiority claim,measurement,true
C2-CONTROLLED-SNARK,controlled-groth16-bls12-377-pilot-v1,5779a2e1a58ed1c2fdb55d75e845aefd0e2692b0,8a98b19a81b13daee2dab5016c2d6443d33240ba10559a49b8af6df16232a769,controlled_kernel,ark-groth16-0.5.0-bls12-377,default,{},msm,256,1,,false,,,,,,,,,,,,,,,not-applicable,,,Arkworks Groth16 does not expose stable per-run FFT/MSM/commitment hooks,,,,,,,,,,,,,,,measured,matched Groth16 curve pilot; no protocol-superiority claim,measurement,true
C2-CONTROLLED-SNARK,controlled-groth16-bls12-377-pilot-v1,5779a2e1a58ed1c2fdb55d75e845aefd0e2692b0,8a98b19a81b13daee2dab5016c2d6443d33240ba10559a49b8af6df16232a769,controlled_kernel,ark-groth16-0.5.0-bls12-377,default,{},msm,256,1,wrong_public_input,false,,,,,,,,,,,,,,,not-applicable,,,Arkworks Groth16 does not expose stable per-run FFT/MSM/commitment hooks,,,,,,,,,,,,,,,measured,matched Groth16 curve pilot; no protocol-superiority claim,measurement,true
C2-CONTROLLED-SNARK,controlled-groth16-bls12-377-pilot-v1,5779a2e1a58ed1c2fdb55d75e845aefd0e2692b0,8a98b19a81b13daee2dab5016c2d6443d33240ba10559a49b8af6df16232a769,controlled_kernel,ark-groth16-0.5.0-bls12-377,default,{},msm,256,2,,false,,,,,,,,,,,,,,,not-applicable,,,Arkworks Groth16 does not expose stable per-run FFT/MSM/commitment hooks,,,,,,,,,,,,,,,measured,matched Groth16 curve pilot; no protocol-superiority claim,measurement,true
C2-CONTROLLED-SNARK,controlled-groth16-bls12-377-pilot-v1,5779a2e1a58ed1c2fdb55d75e845aefd0e2692b0,8a98b19a81b13daee2dab5016c2d6443d33240ba10559a49b8af6df16232a769,controlled_kernel,ark-groth16-0.5.0-bls12-377,default,{},msm,256,2,wrong_public_input,false,,,,,,,,,,,,,,,not-applicable,,,Arkworks Groth16 does not expose stable per-run FFT/MSM/commitment hooks,,,,,,,,,,,,,,,measured,matched Groth16 curve pilot; no protocol-superiority claim,measurement,true
C2-CONTROLLED-SNARK,controlled-groth16-bls12-377-pilot-v1,5779a2e1a58ed1c2fdb55d75e845aefd0e2692b0,8a98b19a81b13daee2dab5016c2d6443d33240ba10559a49b8af6df16232a769,controlled_kernel,ark-groth16-0.5.0-bls12-377,default,{},msm,256,4,,false,,,,,,,,,,,,,,,not-applicable,,,Arkworks Groth16 does not expose stable per-run FFT/MSM/commitment hooks,,,,,,,,,,,,,,,measured,matched Groth16 curve pilot; no protocol-superiority claim,measurement,true
C2-CONTROLLED-SNARK,controlled-groth16-bls12-377-pilot-v1,5779a2e1a58ed1c2fdb55d75e845aefd0e2692b0,8a98b19a81b13daee2dab5016c2d6443d33240ba10559a49b8af6df16232a769,controlled_kernel,ark-groth16-0.5.0-bls12-377,default,{},msm,256,4,wrong_public_input,false,,,,,,,,,,,,,,,not-applicable,,,Arkworks Groth16 does not expose stable per-run FFT/MSM/commitment hooks,,,,,,,,,,,,,,,measured,matched Groth16 curve pilot; no protocol-superiority claim,measurement,true
C2-CONTROLLED-SNARK,controlled-groth16-bls12-377-pilot-v1,5779a2e1a58ed1c2fdb55d75e845aefd0e2692b0,8a98b19a81b13daee2dab5016c2d6443d33240ba10559a49b8af6df16232a769,controlled_kernel,ark-groth16-0.5.0-bls12-377,default,{},msm,1024,1,,false,,,,,,,,,,,,,,,not-applicable,,,Arkworks Groth16 does not expose stable per-run FFT/MSM/commitment hooks,,,,,,,,,,,,,,,measured,matched Groth16 curve pilot; no protocol-superiority claim,measurement,true
C2-CONTROLLED-SNARK,controlled-groth16-bls12-377-pilot-v1,5779a2e1a58ed1c2fdb55d75e845aefd0e2692b0,8a98b19a81b13daee2dab5016c2d6443d33240ba10559a49b8af6df16232a769,controlled_kernel,ark-groth16-0.5.0-bls12-377,default,{},msm,1024,2,,false,,,,,,,,,,,,,,,not-applicable,,,Arkworks Groth16 does not expose stable per-run FFT/MSM/commitment hooks,,,,,,,,,,,,,,,measured,matched Groth16 curve pilot; no protocol-superiority claim,measurement,true
C2-CONTROLLED-SNARK,controlled-groth16-bls12-377-pilot-v1,5779a2e1a58ed1c2fdb55d75e845aefd0e2692b0,8a98b19a81b13daee2dab5016c2d6443d33240ba10559a49b8af6df16232a769,controlled_kernel,ark-groth16-0.5.0-bls12-377,default,{},msm,1024,4,,false,,,,,,,,,,,,,,,not-applicable,,,Arkworks Groth16 does not expose stable per-run FFT/MSM/commitment hooks,,,,,,,,,,,,,,,measured,matched Groth16 curve pilot; no protocol-superiority claim,measurement,true
C2-CONTROLLED-SNARK,controlled-groth16-bls12-377-pilot-v1,5779a2e1a58ed1c2fdb55d75e845aefd0e2692b0,8a98b19a81b13daee2dab5016c2d6443d33240ba10559a49b8af6df16232a769,controlled_kernel,ark-groth16-0.5.0-bls12-377,default,{},native_execution,16,1,,true,3,0.000935,0.000088,0.000912,0.001020,0.000861,0.001032,,,,,,,,not-applicable,,,,,,,,,,,,,,,,,,measured,matched Groth16 curve pilot; no protocol-superiority claim,measurement,true
C2-CONTROLLED-SNARK,controlled-groth16-bls12-377-pilot-v1,5779a2e1a58ed1c2fdb55d75e845aefd0e2692b0,8a98b19a81b13daee2dab5016c2d6443d33240ba10559a49b8af6df16232a769,controlled_kernel,ark-groth16-0.5.0-bls12-377,default,{},native_execution,16,1,wrong_public_input,true,3,0.001008,0.000285,0.001142,0.001196,0.000681,0.001202,,,,,,,,not-applicable,,,,,,,,,,,,,,,,,,measured,matched Groth16 curve pilot; no protocol-superiority claim,measurement,true
C2-CONTROLLED-SNARK,controlled-groth16-bls12-377-pilot-v1,5779a2e1a58ed1c2fdb55d75e845aefd0e2692b0,8a98b19a81b13daee2dab5016c2d6443d33240ba10559a49b8af6df16232a769,controlled_kernel,ark-groth16-0.5.0-bls12-377,default,{},native_execution,16,2,,true,3,0.000922,0.000191,0.001022,0.001040,0.000701,0.001042,,,,,,,,not-applicable,,,,,,,,,,,,,,,,,,measured,matched Groth16 curve pilot; no protocol-superiority claim,measurement,true
C2-CONTROLLED-SNARK,controlled-groth16-bls12-377-pilot-v1,5779a2e1a58ed1c2fdb55d75e845aefd0e2692b0,8a98b19a81b13daee2dab5016c2d6443d33240ba10559a49b8af6df16232a769,controlled_kernel,ark-groth16-0.5.0-bls12-377,default,{},native_execution,16,2,wrong_public_input,true,3,0.000771,0.000279,0.000721,0.001037,0.000521,0.001072,,,,,,,,not-applicable,,,,,,,,,,,,,,,,,,measured,matched Groth16 curve pilot; no protocol-superiority claim,measurement,true
C2-CONTROLLED-SNARK,controlled-groth16-bls12-377-pilot-v1,5779a2e1a58ed1c2fdb55d75e845aefd0e2692b0,8a98b19a81b13daee2dab5016c2d6443d33240ba10559a49b8af6df16232a769,controlled_kernel,ark-groth16-0.5.0-bls12-377,default,{},native_execution,16,4,,true,3,0.000925,0.000318,0.000741,0.001237,0.000741,0.001292,,,,,,,,not-applicable,,,,,,,,,,,,,,,,,,measured,matched Groth16 curve pilot; no protocol-superiority claim,measurement,true
C2-CONTROLLED-SNARK,controlled-groth16-bls12-377-pilot-v1,5779a2e1a58ed1c2fdb55d75e845aefd0e2692b0,8a98b19a81b13daee2dab5016c2d6443d33240ba10559a49b8af6df16232a769,controlled_kernel,ark-groth16-0.5.0-bls12-377,default,{},native_execution,16,4,wrong_public_input,true,3,0.001907,0.001081,0.001573,0.002962,0.001032,0.003116,,,,,,,,not-applicable,,,,,,,,,,,,,,,,,,measured,matched Groth16 curve pilot; no protocol-superiority claim,measurement,true
C2-CONTROLLED-SNARK,controlled-groth16-bls12-377-pilot-v1,5779a2e1a58ed1c2fdb55d75e845aefd0e2692b0,8a98b19a81b13daee2dab5016c2d6443d33240ba10559a49b8af6df16232a769,controlled_kernel,ark-groth16-0.5.0-bls12-377,default,{},native_execution,64,1,,true,3,0.001763,0.000181,0.001713,0.001939,0.001613,0.001964,,,,,,,,not-applicable,,,,,,,,,,,,,,,,,,measured,matched Groth16 curve pilot; no protocol-superiority claim,measurement,true
C2-CONTROLLED-SNARK,controlled-groth16-bls12-377-pilot-v1,5779a2e1a58ed1c2fdb55d75e845aefd0e2692b0,8a98b19a81b13daee2dab5016c2d6443d33240ba10559a49b8af6df16232a769,controlled_kernel,ark-groth16-0.5.0-bls12-377,default,{},native_execution,64,1,wrong_public_input,true,3,0.001626,0.000203,0.001593,0.001819,0.001442,0.001844,,,,,,,,not-applicable,,,,,,,,,,,,,,,,,,measured,matched Groth16 curve pilot; no protocol-superiority claim,measurement,true
C2-CONTROLLED-SNARK,controlled-groth16-bls12-377-pilot-v1,5779a2e1a58ed1c2fdb55d75e845aefd0e2692b0,8a98b19a81b13daee2dab5016c2d6443d33240ba10559a49b8af6df16232a769,controlled_kernel,ark-groth16-0.5.0-bls12-377,default,{},native_execution,64,2,,true,3,0.002218,0.001533,0.001342,0.003723,0.001323,0.003988,,,,,,,,not-applicable,,,,,,,,,,,,,,,,,,measured,matched Groth16 curve pilot; no protocol-superiority claim,measurement,true
C2-CONTROLLED-SNARK,controlled-groth16-bls12-377-pilot-v1,5779a2e1a58ed1c2fdb55d75e845aefd0e2692b0,8a98b19a81b13daee2dab5016c2d6443d33240ba10559a49b8af6df16232a769,controlled_kernel,ark-groth16-0.5.0-bls12-377,default,{},native_execution,64,2,wrong_public_input,true,3,0.001590,0.000283,0.001513,0.001864,0.001353,0.001903,,,,,,,,not-applicable,,,,,,,,,,,,,,,,,,measured,matched Groth16 curve pilot; no protocol-superiority claim,measurement,true
C2-CONTROLLED-SNARK,controlled-groth16-bls12-377-pilot-v1,5779a2e1a58ed1c2fdb55d75e845aefd0e2692b0,8a98b19a81b13daee2dab5016c2d6443d33240ba10559a49b8af6df16232a769,controlled_kernel,ark-groth16-0.5.0-bls12-377,default,{},native_execution,64,4,,true,3,0.001640,0.000118,0.001703,0.001712,0.001503,0.001713,,,,,,,,not-applicable,,,,,,,,,,,,,,,,,,measured,matched Groth16 curve pilot; no protocol-superiority claim,measurement,true
C2-CONTROLLED-SNARK,controlled-groth16-bls12-377-pilot-v1,5779a2e1a58ed1c2fdb55d75e845aefd0e2692b0,8a98b19a81b13daee2dab5016c2d6443d33240ba10559a49b8af6df16232a769,controlled_kernel,ark-groth16-0.5.0-bls12-377,default,{},native_execution,64,4,wrong_public_input,true,3,0.002919,0.001865,0.001943,0.004756,0.001744,0.005069,,,,,,,,not-applicable,,,,,,,,,,,,,,,,,,measured,matched Groth16 curve pilot; no protocol-superiority claim,measurement,true
C2-CONTROLLED-SNARK,controlled-groth16-bls12-377-pilot-v1,5779a2e1a58ed1c2fdb55d75e845aefd0e2692b0,8a98b19a81b13daee2dab5016c2d6443d33240ba10559a49b8af6df16232a769,controlled_kernel,ark-groth16-0.5.0-bls12-377,default,{},native_execution,256,1,,true,3,0.005687,0.001166,0.005580,0.006770,0.004578,0.006902,,,,,,,,not-applicable,,,,,,,,,,,,,,,,,,measured,matched Groth16 curve pilot; no protocol-superiority claim,measurement,true
C2-CONTROLLED-SNARK,controlled-groth16-bls12-377-pilot-v1,5779a2e1a58ed1c2fdb55d75e845aefd0e2692b0,8a98b19a81b13daee2dab5016c2d6443d33240ba10559a49b8af6df16232a769,controlled_kernel,ark-groth16-0.5.0-bls12-377,default,{},native_execution,256,1,wrong_public_input,true,3,0.005266,0.000601,0.005480,0.005706,0.004588,0.005731,,,,,,,,not-applicable,,,,,,,,,,,,,,,,,,measured,matched Groth16 curve pilot; no protocol-superiority claim,measurement,true
C2-CONTROLLED-SNARK,controlled-groth16-bls12-377-pilot-v1,5779a2e1a58ed1c2fdb55d75e845aefd0e2692b0,8a98b19a81b13daee2dab5016c2d6443d33240ba10559a49b8af6df16232a769,controlled_kernel,ark-groth16-0.5.0-bls12-377,default,{},native_execution,256,2,,true,3,0.005103,0.000645,0.005450,0.005495,0.004358,0.005500,,,,,,,,not-applicable,,,,,,,,,,,,,,,,,,measured,matched Groth16 curve pilot; no protocol-superiority claim,measurement,true
C2-CONTROLLED-SNARK,controlled-groth16-bls12-377-pilot-v1,5779a2e1a58ed1c2fdb55d75e845aefd0e2692b0,8a98b19a81b13daee2dab5016c2d6443d33240ba10559a49b8af6df16232a769,controlled_kernel,ark-groth16-0.5.0-bls12-377,default,{},native_execution,256,2,wrong_public_input,true,3,0.006142,0.000941,0.005811,0.007064,0.005411,0.007203,,,,,,,,not-applicable,,,,,,,,,,,,,,,,,,measured,matched Groth16 curve pilot; no protocol-superiority claim,measurement,true
C2-CONTROLLED-SNARK,controlled-groth16-bls12-377-pilot-v1,5779a2e1a58ed1c2fdb55d75e845aefd0e2692b0,8a98b19a81b13daee2dab5016c2d6443d33240ba10559a49b8af6df16232a769,controlled_kernel,ark-groth16-0.5.0-bls12-377,default,{},native_execution,256,4,,true,3,0.004852,0.000449,0.004689,0.005293,0.004508,0.005360,,,,,,,,not-applicable,,,,,,,,,,,,,,,,,,measured,matched Groth16 curve pilot; no protocol-superiority claim,measurement,true
C2-CONTROLLED-SNARK,controlled-groth16-bls12-377-pilot-v1,5779a2e1a58ed1c2fdb55d75e845aefd0e2692b0,8a98b19a81b13daee2dab5016c2d6443d33240ba10559a49b8af6df16232a769,controlled_kernel,ark-groth16-0.5.0-bls12-377,default,{},native_execution,256,4,wrong_public_input,true,3,0.004866,0.000532,0.004559,0.005388,0.004558,0.005480,,,,,,,,not-applicable,,,,,,,,,,,,,,,,,,measured,matched Groth16 curve pilot; no protocol-superiority claim,measurement,true
C2-CONTROLLED-SNARK,controlled-groth16-bls12-377-pilot-v1,5779a2e1a58ed1c2fdb55d75e845aefd0e2692b0,8a98b19a81b13daee2dab5016c2d6443d33240ba10559a49b8af6df16232a769,controlled_kernel,ark-groth16-0.5.0-bls12-377,default,{},native_execution,1024,1,,true,3,0.019516,0.002923,0.019667,0.022092,0.016521,0.022361,,,,,,,,not-applicable,,,,,,,,,,,,,,,,,,measured,matched Groth16 curve pilot; no protocol-superiority claim,measurement,true
C2-CONTROLLED-SNARK,controlled-groth16-bls12-377-pilot-v1,5779a2e1a58ed1c2fdb55d75e845aefd0e2692b0,8a98b19a81b13daee2dab5016c2d6443d33240ba10559a49b8af6df16232a769,controlled_kernel,ark-groth16-0.5.0-bls12-377,default,{},native_execution,1024,2,,true,3,0.017746,0.002581,0.016621,0.020291,0.015919,0.020699,,,,,,,,not-applicable,,,,,,,,,,,,,,,,,,measured,matched Groth16 curve pilot; no protocol-superiority claim,measurement,true
C2-CONTROLLED-SNARK,controlled-groth16-bls12-377-pilot-v1,5779a2e1a58ed1c2fdb55d75e845aefd0e2692b0,8a98b19a81b13daee2dab5016c2d6443d33240ba10559a49b8af6df16232a769,controlled_kernel,ark-groth16-0.5.0-bls12-377,default,{},native_execution,1024,4,,true,3,0.016935,0.001318,0.016411,0.018232,0.015960,0.018434,,,,,,,,not-applicable,,,,,,,,,,,,,,,,,,measured,matched Groth16 curve pilot; no protocol-superiority claim,measurement,true
C2-CONTROLLED-SNARK,controlled-groth16-bls12-377-pilot-v1,5779a2e1a58ed1c2fdb55d75e845aefd0e2692b0,8a98b19a81b13daee2dab5016c2d6443d33240ba10559a49b8af6df16232a769,controlled_kernel,ark-groth16-0.5.0-bls12-377,default,{},prove_total,16,1,,true,3,6.284596,0.255297,6.311871,6.503831,6.016756,6.525160,,,,,,,,not-applicable,,,,,,,,2534.906052,6920.911184,,,,0.993535,0.638947,0.627962,0.655623,0.994625,measured,matched Groth16 curve pilot; no protocol-superiority claim,measurement,true
C2-CONTROLLED-SNARK,controlled-groth16-bls12-377-pilot-v1,5779a2e1a58ed1c2fdb55d75e845aefd0e2692b0,8a98b19a81b13daee2dab5016c2d6443d33240ba10559a49b8af6df16232a769,controlled_kernel,ark-groth16-0.5.0-bls12-377,default,{},prove_total,16,1,wrong_public_input,true,3,6.049776,0.243765,6.139397,6.226380,5.773887,6.236045,,,,,,,,not-applicable,,,,,,,,,,,,,,,,,,measured,matched Groth16 curve pilot; no protocol-superiority claim,measurement,true
C2-CONTROLLED-SNARK,controlled-groth16-bls12-377-pilot-v1,5779a2e1a58ed1c2fdb55d75e845aefd0e2692b0,8a98b19a81b13daee2dab5016c2d6443d33240ba10559a49b8af6df16232a769,controlled_kernel,ark-groth16-0.5.0-bls12-377,default,{},prove_total,16,2,,true,3,4.974089,0.283753,5.063963,5.188215,4.656282,5.202021,,,,,,,,not-applicable,,,,1.246429,1.156619,1.401367,0.623215,3159.580747,4954.954012,,,,0.909503,0.574474,0.560906,0.596974,0.981405,measured,matched Groth16 curve pilot; no protocol-superiority claim,measurement,true
C2-CONTROLLED-SNARK,controlled-groth16-bls12-377-pilot-v1,5779a2e1a58ed1c2fdb55d75e845aefd0e2692b0,8a98b19a81b13daee2dab5016c2d6443d33240ba10559a49b8af6df16232a769,controlled_kernel,ark-groth16-0.5.0-bls12-377,default,{},prove_total,16,2,wrong_public_input,true,3,4.948345,0.040461,4.959595,4.979751,4.903450,4.981991,,,,,,,,not-applicable,,,,,,,,,,,,,,,,,,measured,matched Groth16 curve pilot; no protocol-superiority claim,measurement,true
C2-CONTROLLED-SNARK,controlled-groth16-bls12-377-pilot-v1,5779a2e1a58ed1c2fdb55d75e845aefd0e2692b0,8a98b19a81b13daee2dab5016c2d6443d33240ba10559a49b8af6df16232a769,controlled_kernel,ark-groth16-0.5.0-bls12-377,default,{},prove_total,16,4,,true,3,6.965137,0.465777,7.215588,7.248454,6.427717,7.252106,,,,,,,,not-applicable,,,,0.874755,0.829656,1.015160,0.218689,2217.421505,9737.635628,,,,1.660534,0.451741,0.439910,0.483656,0.917970,measured,matched Groth16 curve pilot; no protocol-superiority claim,measurement,true
C2-CONTROLLED-SNARK,controlled-groth16-bls12-377-pilot-v1,5779a2e1a58ed1c2fdb55d75e845aefd0e2692b0,8a98b19a81b13daee2dab5016c2d6443d33240ba10559a49b8af6df16232a769,controlled_kernel,ark-groth16-0.5.0-bls12-377,default,{},prove_total,16,4,wrong_public_input,true,3,7.048733,0.146124,6.968027,7.192472,6.960762,7.217410,,,,,,,,not-applicable,,,,,,,,,,,,,,,,,,measured,matched Groth16 curve pilot; no protocol-superiority claim,measurement,true
C2-CONTROLLED-SNARK,controlled-groth16-bls12-377-pilot-v1,5779a2e1a58ed1c2fdb55d75e845aefd0e2692b0,8a98b19a81b13daee2dab5016c2d6443d33240ba10559a49b8af6df16232a769,controlled_kernel,ark-groth16-0.5.0-bls12-377,default,{},prove_total,64,1,,true,3,12.992390,0.257328,12.961966,13.233416,12.751626,13.263577,,,,,,,,not-applicable,,,,,,,,4937.522595,7566.821950,,,,0.993535,0.638947,0.627962,0.655623,0.994625,measured,matched Groth16 curve pilot; no protocol-superiority claim,measurement,true
C2-CONTROLLED-SNARK,controlled-groth16-bls12-377-pilot-v1,5779a2e1a58ed1c2fdb55d75e845aefd0e2692b0,8a98b19a81b13daee2dab5016c2d6443d33240ba10559a49b8af6df16232a769,controlled_kernel,ark-groth16-0.5.0-bls12-377,default,{},prove_total,64,1,wrong_public_input,true,3,12.648737,0.453003,12.620615,13.065693,12.210451,13.115146,,,,,,,,not-applicable,,,,,,,,,,,,,,,,,,measured,matched Groth16 curve pilot; no protocol-superiority claim,measurement,true
C2-CONTROLLED-SNARK,controlled-groth16-bls12-377-pilot-v1,5779a2e1a58ed1c2fdb55d75e845aefd0e2692b0,8a98b19a81b13daee2dab5016c2d6443d33240ba10559a49b8af6df16232a769,controlled_kernel,ark-groth16-0.5.0-bls12-377,default,{},prove_total,64,2,,true,3,8.808597,0.520344,8.728874,9.300669,8.332716,9.364202,,,,,,,,not-applicable,,,,1.484953,1.361742,1.591747,0.742476,7331.988066,6504.377049,,,,0.909503,0.574474,0.560906,0.596974,0.981405,measured,matched Groth16 curve pilot; no protocol-superiority claim,measurement,true
C2-CONTROLLED-SNARK,controlled-groth16-bls12-377-pilot-v1,5779a2e1a58ed1c2fdb55d75e845aefd0e2692b0,8a98b19a81b13daee2dab5016c2d6443d33240ba10559a49b8af6df16232a769,controlled_kernel,ark-groth16-0.5.0-bls12-377,default,{},prove_total,64,2,wrong_public_input,true,3,8.649107,0.274370,8.530093,8.919609,8.454339,8.962889,,,,,,,,not-applicable,,,,,,,,,,,,,,,,,,measured,matched Groth16 curve pilot; no protocol-superiority claim,measurement,true
C2-CONTROLLED-SNARK,controlled-groth16-bls12-377-pilot-v1,5779a2e1a58ed1c2fdb55d75e845aefd0e2692b0,8a98b19a81b13daee2dab5016c2d6443d33240ba10559a49b8af6df16232a769,controlled_kernel,ark-groth16-0.5.0-bls12-377,default,{},prove_total,64,4,,true,3,8.909633,0.565317,8.611284,9.466589,8.555991,9.561623,,,,,,,,not-applicable,,,,1.505230,1.333626,1.550209,0.376308,7432.108847,5056.537874,,,,1.660534,0.451741,0.439910,0.483656,0.917970,measured,matched Groth16 curve pilot; no protocol-superiority claim,measurement,true
C2-CONTROLLED-SNARK,controlled-groth16-bls12-377-pilot-v1,5779a2e1a58ed1c2fdb55d75e845aefd0e2692b0,8a98b19a81b13daee2dab5016c2d6443d33240ba10559a49b8af6df16232a769,controlled_kernel,ark-groth16-0.5.0-bls12-377,default,{},prove_total,64,4,wrong_public_input,true,3,8.833708,0.213842,8.838447,9.024472,8.617536,9.045142,,,,,,,,not-applicable,,,,,,,,,,,,,,,,,,measured,matched Groth16 curve pilot; no protocol-superiority claim,measurement,true
C2-CONTROLLED-SNARK,controlled-groth16-bls12-377-pilot-v1,5779a2e1a58ed1c2fdb55d75e845aefd0e2692b0,8a98b19a81b13daee2dab5016c2d6443d33240ba10559a49b8af6df16232a769,controlled_kernel,ark-groth16-0.5.0-bls12-377,default,{},prove_total,256,1,,true,3,33.272092,1.433837,32.526087,34.685227,32.365057,34.925132,,,,,,,,not-applicable,,,,,,,,7870.605523,5829.047849,,,,0.993535,0.638947,0.627962,0.655623,0.994625,measured,matched Groth16 curve pilot; no protocol-superiority claim,measurement,true
C2-CONTROLLED-SNARK,controlled-groth16-bls12-377-pilot-v1,5779a2e1a58ed1c2fdb55d75e845aefd0e2692b0,8a98b19a81b13daee2dab5016c2d6443d33240ba10559a49b8af6df16232a769,controlled_kernel,ark-groth16-0.5.0-bls12-377,default,{},prove_total,256,1,wrong_public_input,true,3,32.633345,0.642945,32.729456,33.173487,31.947755,33.222824,,,,,,,,not-applicable,,,,,,,,,,,,,,,,,,measured,matched Groth16 curve pilot; no protocol-superiority claim,measurement,true
C2-CONTROLLED-SNARK,controlled-groth16-bls12-377-pilot-v1,5779a2e1a58ed1c2fdb55d75e845aefd0e2692b0,8a98b19a81b13daee2dab5016c2d6443d33240ba10559a49b8af6df16232a769,controlled_kernel,ark-groth16-0.5.0-bls12-377,default,{},prove_total,256,2,,true,3,19.748944,0.370552,19.557835,20.114215,19.512961,20.176035,,,,,,,,not-applicable,,,,1.663072,1.604134,1.789843,0.831536,13089.383360,3588.593578,,,,0.909503,0.574474,0.560906,0.596974,0.981405,measured,matched Groth16 curve pilot; no protocol-superiority claim,measurement,true
C2-CONTROLLED-SNARK,controlled-groth16-bls12-377-pilot-v1,5779a2e1a58ed1c2fdb55d75e845aefd0e2692b0,8a98b19a81b13daee2dab5016c2d6443d33240ba10559a49b8af6df16232a769,controlled_kernel,ark-groth16-0.5.0-bls12-377,default,{},prove_total,256,2,wrong_public_input,true,3,20.594669,0.642251,20.641841,21.155014,19.930132,21.212033,,,,,,,,not-applicable,,,,,,,,,,,,,,,,,,measured,matched Groth16 curve pilot; no protocol-superiority claim,measurement,true
C2-CONTROLLED-SNARK,controlled-groth16-bls12-377-pilot-v1,5779a2e1a58ed1c2fdb55d75e845aefd0e2692b0,8a98b19a81b13daee2dab5016c2d6443d33240ba10559a49b8af6df16232a769,controlled_kernel,ark-groth16-0.5.0-bls12-377,default,{},prove_total,256,4,,true,3,17.145742,1.194414,16.909784,18.287451,16.086916,18.440525,,,,,,,,not-applicable,,,,1.923507,1.755105,2.171027,0.480877,15139.164403,3606.266581,,,,1.660534,0.451741,0.439910,0.483656,0.917970,measured,matched Groth16 curve pilot; no protocol-superiority claim,measurement,true
C2-CONTROLLED-SNARK,controlled-groth16-bls12-377-pilot-v1,5779a2e1a58ed1c2fdb55d75e845aefd0e2692b0,8a98b19a81b13daee2dab5016c2d6443d33240ba10559a49b8af6df16232a769,controlled_kernel,ark-groth16-0.5.0-bls12-377,default,{},prove_total,256,4,wrong_public_input,true,3,16.549515,0.489743,16.727655,16.905495,15.995636,16.925255,,,,,,,,not-applicable,,,,,,,,,,,,,,,,,,measured,matched Groth16 curve pilot; no protocol-superiority claim,measurement,true
C2-CONTROLLED-SNARK,controlled-groth16-bls12-377-pilot-v1,5779a2e1a58ed1c2fdb55d75e845aefd0e2692b0,8a98b19a81b13daee2dab5016c2d6443d33240ba10559a49b8af6df16232a769,controlled_kernel,ark-groth16-0.5.0-bls12-377,default,{},prove_total,1024,1,,true,3,89.061717,1.682682,88.971705,90.606009,87.425848,90.787598,,,,,,,,not-applicable,,,,,,,,11509.277022,4523.908324,,,,0.993535,0.638947,0.627962,0.655623,0.994625,measured,matched Groth16 curve pilot; no protocol-superiority claim,measurement,true
C2-CONTROLLED-SNARK,controlled-groth16-bls12-377-pilot-v1,5779a2e1a58ed1c2fdb55d75e845aefd0e2692b0,8a98b19a81b13daee2dab5016c2d6443d33240ba10559a49b8af6df16232a769,controlled_kernel,ark-groth16-0.5.0-bls12-377,default,{},prove_total,1024,2,,true,3,54.468235,1.196508,55.029512,55.255780,53.094272,55.280921,,,,,,,,not-applicable,,,,1.616800,1.581483,1.709932,0.808400,18608.196998,3310.842428,,,,0.909503,0.574474,0.560906,0.596974,0.981405,measured,matched Groth16 curve pilot; no protocol-superiority claim,measurement,true
C2-CONTROLLED-SNARK,controlled-groth16-bls12-377-pilot-v1,5779a2e1a58ed1c2fdb55d75e845aefd0e2692b0,8a98b19a81b13daee2dab5016c2d6443d33240ba10559a49b8af6df16232a769,controlled_kernel,ark-groth16-0.5.0-bls12-377,default,{},prove_total,1024,4,,true,3,46.744125,1.117409,46.469228,47.822917,45.789819,47.973327,,,,,,,,not-applicable,,,,1.914637,1.822385,1.982703,0.478659,22036.088054,2831.590275,,,,1.660534,0.451741,0.439910,0.483656,0.917970,measured,matched Groth16 curve pilot; no protocol-superiority claim,measurement,true
C2-CONTROLLED-SNARK,controlled-groth16-bls12-377-pilot-v1,5779a2e1a58ed1c2fdb55d75e845aefd0e2692b0,8a98b19a81b13daee2dab5016c2d6443d33240ba10559a49b8af6df16232a769,controlled_kernel,ark-groth16-0.5.0-bls12-377,default,{},serialize,16,1,,true,3,0.003376,0.000158,0.003406,0.003506,0.003206,0.003517,,,,,,,,not-applicable,,,,,,,,,,,,,,,,,,measured,matched Groth16 curve pilot; no protocol-superiority claim,measurement,true
C2-CONTROLLED-SNARK,controlled-groth16-bls12-377-pilot-v1,5779a2e1a58ed1c2fdb55d75e845aefd0e2692b0,8a98b19a81b13daee2dab5016c2d6443d33240ba10559a49b8af6df16232a769,controlled_kernel,ark-groth16-0.5.0-bls12-377,default,{},serialize,16,1,wrong_public_input,true,3,0.002341,0.000386,0.002324,0.002694,0.001964,0.002735,,,,,,,,not-applicable,,,,,,,,,,,,,,,,,,measured,matched Groth16 curve pilot; no protocol-superiority claim,measurement,true
C2-CONTROLLED-SNARK,controlled-groth16-bls12-377-pilot-v1,5779a2e1a58ed1c2fdb55d75e845aefd0e2692b0,8a98b19a81b13daee2dab5016c2d6443d33240ba10559a49b8af6df16232a769,controlled_kernel,ark-groth16-0.5.0-bls12-377,default,{},serialize,16,2,,true,3,0.002799,0.000252,0.002735,0.003042,0.002585,0.003076,,,,,,,,not-applicable,,,,,,,,,,,,,,,,,,measured,matched Groth16 curve pilot; no protocol-superiority claim,measurement,true
C2-CONTROLLED-SNARK,controlled-groth16-bls12-377-pilot-v1,5779a2e1a58ed1c2fdb55d75e845aefd0e2692b0,8a98b19a81b13daee2dab5016c2d6443d33240ba10559a49b8af6df16232a769,controlled_kernel,ark-groth16-0.5.0-bls12-377,default,{},serialize,16,2,wrong_public_input,true,3,0.002942,0.000161,0.002956,0.003082,0.002775,0.003096,,,,,,,,not-applicable,,,,,,,,,,,,,,,,,,measured,matched Groth16 curve pilot; no protocol-superiority claim,measurement,true
C2-CONTROLLED-SNARK,controlled-groth16-bls12-377-pilot-v1,5779a2e1a58ed1c2fdb55d75e845aefd0e2692b0,8a98b19a81b13daee2dab5016c2d6443d33240ba10559a49b8af6df16232a769,controlled_kernel,ark-groth16-0.5.0-bls12-377,default,{},serialize,16,4,,true,3,0.002365,0.000282,0.002475,0.002565,0.002044,0.002575,,,,,,,,not-applicable,,,,,,,,,,,,,,,,,,measured,matched Groth16 curve pilot; no protocol-superiority claim,measurement,true
C2-CONTROLLED-SNARK,controlled-groth16-bls12-377-pilot-v1,5779a2e1a58ed1c2fdb55d75e845aefd0e2692b0,8a98b19a81b13daee2dab5016c2d6443d33240ba10559a49b8af6df16232a769,controlled_kernel,ark-groth16-0.5.0-bls12-377,default,{},serialize,16,4,wrong_public_input,true,3,0.003213,0.000347,0.003076,0.003554,0.002955,0.003607,,,,,,,,not-applicable,,,,,,,,,,,,,,,,,,measured,matched Groth16 curve pilot; no protocol-superiority claim,measurement,true
C2-CONTROLLED-SNARK,controlled-groth16-bls12-377-pilot-v1,5779a2e1a58ed1c2fdb55d75e845aefd0e2692b0,8a98b19a81b13daee2dab5016c2d6443d33240ba10559a49b8af6df16232a769,controlled_kernel,ark-groth16-0.5.0-bls12-377,default,{},serialize,64,1,,true,3,0.002762,0.000474,0.003035,0.003036,0.002214,0.003036,,,,,,,,not-applicable,,,,,,,,,,,,,,,,,,measured,matched Groth16 curve pilot; no protocol-superiority claim,measurement,true
C2-CONTROLLED-SNARK,controlled-groth16-bls12-377-pilot-v1,5779a2e1a58ed1c2fdb55d75e845aefd0e2692b0,8a98b19a81b13daee2dab5016c2d6443d33240ba10559a49b8af6df16232a769,controlled_kernel,ark-groth16-0.5.0-bls12-377,default,{},serialize,64,1,wrong_public_input,true,3,0.003012,0.000664,0.003296,0.003468,0.002254,0.003487,,,,,,,,not-applicable,,,,,,,,,,,,,,,,,,measured,matched Groth16 curve pilot; no protocol-superiority claim,measurement,true
C2-CONTROLLED-SNARK,controlled-groth16-bls12-377-pilot-v1,5779a2e1a58ed1c2fdb55d75e845aefd0e2692b0,8a98b19a81b13daee2dab5016c2d6443d33240ba10559a49b8af6df16232a769,controlled_kernel,ark-groth16-0.5.0-bls12-377,default,{},serialize,64,2,,true,3,0.003243,0.000502,0.003276,0.003682,0.002725,0.003727,,,,,,,,not-applicable,,,,,,,,,,,,,,,,,,measured,matched Groth16 curve pilot; no protocol-superiority claim,measurement,true
C2-CONTROLLED-SNARK,controlled-groth16-bls12-377-pilot-v1,5779a2e1a58ed1c2fdb55d75e845aefd0e2692b0,8a98b19a81b13daee2dab5016c2d6443d33240ba10559a49b8af6df16232a769,controlled_kernel,ark-groth16-0.5.0-bls12-377,default,{},serialize,64,2,wrong_public_input,true,3,0.002615,0.000365,0.002424,0.002975,0.002385,0.003036,,,,,,,,not-applicable,,,,,,,,,,,,,,,,,,measured,matched Groth16 curve pilot; no protocol-superiority claim,measurement,true
C2-CONTROLLED-SNARK,controlled-groth16-bls12-377-pilot-v1,5779a2e1a58ed1c2fdb55d75e845aefd0e2692b0,8a98b19a81b13daee2dab5016c2d6443d33240ba10559a49b8af6df16232a769,controlled_kernel,ark-groth16-0.5.0-bls12-377,default,{},serialize,64,4,,true,3,0.003266,0.000295,0.003106,0.003556,0.003086,0.003606,,,,,,,,not-applicable,,,,,,,,,,,,,,,,,,measured,matched Groth16 curve pilot; no protocol-superiority claim,measurement,true
C2-CONTROLLED-SNARK,controlled-groth16-bls12-377-pilot-v1,5779a2e1a58ed1c2fdb55d75e845aefd0e2692b0,8a98b19a81b13daee2dab5016c2d6443d33240ba10559a49b8af6df16232a769,controlled_kernel,ark-groth16-0.5.0-bls12-377,default,{},serialize,64,4,wrong_public_input,true,3,0.002438,0.000397,0.002235,0.002830,0.002184,0.002896,,,,,,,,not-applicable,,,,,,,,,,,,,,,,,,measured,matched Groth16 curve pilot; no protocol-superiority claim,measurement,true
C2-CONTROLLED-SNARK,controlled-groth16-bls12-377-pilot-v1,5779a2e1a58ed1c2fdb55d75e845aefd0e2692b0,8a98b19a81b13daee2dab5016c2d6443d33240ba10559a49b8af6df16232a769,controlled_kernel,ark-groth16-0.5.0-bls12-377,default,{},serialize,256,1,,true,3,0.003680,0.000335,0.003837,0.003901,0.003296,0.003908,,,,,,,,not-applicable,,,,,,,,,,,,,,,,,,measured,matched Groth16 curve pilot; no protocol-superiority claim,measurement,true
C2-CONTROLLED-SNARK,controlled-groth16-bls12-377-pilot-v1,5779a2e1a58ed1c2fdb55d75e845aefd0e2692b0,8a98b19a81b13daee2dab5016c2d6443d33240ba10559a49b8af6df16232a769,controlled_kernel,ark-groth16-0.5.0-bls12-377,default,{},serialize,256,1,wrong_public_input,true,3,0.003486,0.000799,0.003907,0.003979,0.002565,0.003987,,,,,,,,not-applicable,,,,,,,,,,,,,,,,,,measured,matched Groth16 curve pilot; no protocol-superiority claim,measurement,true
C2-CONTROLLED-SNARK,controlled-groth16-bls12-377-pilot-v1,5779a2e1a58ed1c2fdb55d75e845aefd0e2692b0,8a98b19a81b13daee2dab5016c2d6443d33240ba10559a49b8af6df16232a769,controlled_kernel,ark-groth16-0.5.0-bls12-377,default,{},serialize,256,2,,true,3,0.003877,0.000859,0.003807,0.004673,0.003055,0.004769,,,,,,,,not-applicable,,,,,,,,,,,,,,,,,,measured,matched Groth16 curve pilot; no protocol-superiority claim,measurement,true
C2-CONTROLLED-SNARK,controlled-groth16-bls12-377-pilot-v1,5779a2e1a58ed1c2fdb55d75e845aefd0e2692b0,8a98b19a81b13daee2dab5016c2d6443d33240ba10559a49b8af6df16232a769,controlled_kernel,ark-groth16-0.5.0-bls12-377,default,{},serialize,256,2,wrong_public_input,true,3,0.003567,0.000654,0.003677,0.004110,0.002865,0.004158,,,,,,,,not-applicable,,,,,,,,,,,,,,,,,,measured,matched Groth16 curve pilot; no protocol-superiority claim,measurement,true
C2-CONTROLLED-SNARK,controlled-groth16-bls12-377-pilot-v1,5779a2e1a58ed1c2fdb55d75e845aefd0e2692b0,8a98b19a81b13daee2dab5016c2d6443d33240ba10559a49b8af6df16232a769,controlled_kernel,ark-groth16-0.5.0-bls12-377,default,{},serialize,256,4,,true,3,0.002585,0.000678,0.002244,0.003254,0.002144,0.003366,,,,,,,,not-applicable,,,,,,,,,,,,,,,,,,measured,matched Groth16 curve pilot; no protocol-superiority claim,measurement,true
C2-CONTROLLED-SNARK,controlled-groth16-bls12-377-pilot-v1,5779a2e1a58ed1c2fdb55d75e845aefd0e2692b0,8a98b19a81b13daee2dab5016c2d6443d33240ba10559a49b8af6df16232a769,controlled_kernel,ark-groth16-0.5.0-bls12-377,default,{},serialize,256,4,wrong_public_input,true,3,0.004301,0.001365,0.003717,0.005647,0.003326,0.005861,,,,,,,,not-applicable,,,,,,,,,,,,,,,,,,measured,matched Groth16 curve pilot; no protocol-superiority claim,measurement,true
C2-CONTROLLED-SNARK,controlled-groth16-bls12-377-pilot-v1,5779a2e1a58ed1c2fdb55d75e845aefd0e2692b0,8a98b19a81b13daee2dab5016c2d6443d33240ba10559a49b8af6df16232a769,controlled_kernel,ark-groth16-0.5.0-bls12-377,default,{},serialize,1024,1,,true,3,0.003236,0.000547,0.003447,0.003627,0.002615,0.003647,,,,,,,,not-applicable,,,,,,,,,,,,,,,,,,measured,matched Groth16 curve pilot; no protocol-superiority claim,measurement,true
C2-CONTROLLED-SNARK,controlled-groth16-bls12-377-pilot-v1,5779a2e1a58ed1c2fdb55d75e845aefd0e2692b0,8a98b19a81b13daee2dab5016c2d6443d33240ba10559a49b8af6df16232a769,controlled_kernel,ark-groth16-0.5.0-bls12-377,default,{},serialize,1024,2,,true,3,0.003326,0.000097,0.003366,0.003394,0.003216,0.003397,,,,,,,,not-applicable,,,,,,,,,,,,,,,,,,measured,matched Groth16 curve pilot; no protocol-superiority claim,measurement,true
C2-CONTROLLED-SNARK,controlled-groth16-bls12-377-pilot-v1,5779a2e1a58ed1c2fdb55d75e845aefd0e2692b0,8a98b19a81b13daee2dab5016c2d6443d33240ba10559a49b8af6df16232a769,controlled_kernel,ark-groth16-0.5.0-bls12-377,default,{},serialize,1024,4,,true,3,0.003129,0.000488,0.003316,0.003478,0.002575,0.003496,,,,,,,,not-applicable,,,,,,,,,,,,,,,,,,measured,matched Groth16 curve pilot; no protocol-superiority claim,measurement,true
C2-CONTROLLED-SNARK,controlled-groth16-bls12-377-pilot-v1,5779a2e1a58ed1c2fdb55d75e845aefd0e2692b0,8a98b19a81b13daee2dab5016c2d6443d33240ba10559a49b8af6df16232a769,controlled_kernel,ark-groth16-0.5.0-bls12-377,default,{},setup_or_preprocess,16,1,,true,3,18.145654,0.371465,18.082455,18.498443,17.809843,18.544664,,,,,,,,not-applicable,,,,,,,,,,,,,,,,,,measured,matched Groth16 curve pilot; no protocol-superiority claim,measurement,true
C2-CONTROLLED-SNARK,controlled-groth16-bls12-377-pilot-v1,5779a2e1a58ed1c2fdb55d75e845aefd0e2692b0,8a98b19a81b13daee2dab5016c2d6443d33240ba10559a49b8af6df16232a769,controlled_kernel,ark-groth16-0.5.0-bls12-377,default,{},setup_or_preprocess,16,1,wrong_public_input,true,3,17.992339,0.646410,18.177531,18.491100,17.273546,18.525941,,,,,,,,not-applicable,,,,,,,,,,,,,,,,,,measured,matched Groth16 curve pilot; no protocol-superiority claim,measurement,true
C2-CONTROLLED-SNARK,controlled-groth16-bls12-377-pilot-v1,5779a2e1a58ed1c2fdb55d75e845aefd0e2692b0,8a98b19a81b13daee2dab5016c2d6443d33240ba10559a49b8af6df16232a769,controlled_kernel,ark-groth16-0.5.0-bls12-377,default,{},setup_or_preprocess,16,2,,true,3,16.737304,0.214147,16.642690,16.948485,16.586759,16.982462,,,,,,,,not-applicable,,,,,,,,,,,,,,,,,,measured,matched Groth16 curve pilot; no protocol-superiority claim,measurement,true
C2-CONTROLLED-SNARK,controlled-groth16-bls12-377-pilot-v1,5779a2e1a58ed1c2fdb55d75e845aefd0e2692b0,8a98b19a81b13daee2dab5016c2d6443d33240ba10559a49b8af6df16232a769,controlled_kernel,ark-groth16-0.5.0-bls12-377,default,{},setup_or_preprocess,16,2,wrong_public_input,true,3,16.450632,0.644301,16.118524,17.085758,16.040143,17.193229,,,,,,,,not-applicable,,,,,,,,,,,,,,,,,,measured,matched Groth16 curve pilot; no protocol-superiority claim,measurement,true
C2-CONTROLLED-SNARK,controlled-groth16-bls12-377-pilot-v1,5779a2e1a58ed1c2fdb55d75e845aefd0e2692b0,8a98b19a81b13daee2dab5016c2d6443d33240ba10559a49b8af6df16232a769,controlled_kernel,ark-groth16-0.5.0-bls12-377,default,{},setup_or_preprocess,16,4,,true,3,17.900192,0.297899,17.929464,18.157084,17.588738,18.182375,,,,,,,,not-applicable,,,,,,,,,,,,,,,,,,measured,matched Groth16 curve pilot; no protocol-superiority claim,measurement,true
C2-CONTROLLED-SNARK,controlled-groth16-bls12-377-pilot-v1,5779a2e1a58ed1c2fdb55d75e845aefd0e2692b0,8a98b19a81b13daee2dab5016c2d6443d33240ba10559a49b8af6df16232a769,controlled_kernel,ark-groth16-0.5.0-bls12-377,default,{},setup_or_preprocess,16,4,wrong_public_input,true,3,18.124027,1.038578,17.741365,19.143817,17.331070,19.299645,,,,,,,,not-applicable,,,,,,,,,,,,,,,,,,measured,matched Groth16 curve pilot; no protocol-superiority claim,measurement,true
C2-CONTROLLED-SNARK,controlled-groth16-bls12-377-pilot-v1,5779a2e1a58ed1c2fdb55d75e845aefd0e2692b0,8a98b19a81b13daee2dab5016c2d6443d33240ba10559a49b8af6df16232a769,controlled_kernel,ark-groth16-0.5.0-bls12-377,default,{},setup_or_preprocess,64,1,,true,3,23.695849,0.279104,23.778012,23.909984,23.384886,23.924648,,,,,,,,not-applicable,,,,,,,,,,,,,,,,,,measured,matched Groth16 curve pilot; no protocol-superiority claim,measurement,true
C2-CONTROLLED-SNARK,controlled-groth16-bls12-377-pilot-v1,5779a2e1a58ed1c2fdb55d75e845aefd0e2692b0,8a98b19a81b13daee2dab5016c2d6443d33240ba10559a49b8af6df16232a769,controlled_kernel,ark-groth16-0.5.0-bls12-377,default,{},setup_or_preprocess,64,1,wrong_public_input,true,3,23.991879,1.358808,23.551928,25.319730,22.907558,25.516152,,,,,,,,not-applicable,,,,,,,,,,,,,,,,,,measured,matched Groth16 curve pilot; no protocol-superiority claim,measurement,true
C2-CONTROLLED-SNARK,controlled-groth16-bls12-377-pilot-v1,5779a2e1a58ed1c2fdb55d75e845aefd0e2692b0,8a98b19a81b13daee2dab5016c2d6443d33240ba10559a49b8af6df16232a769,controlled_kernel,ark-groth16-0.5.0-bls12-377,default,{},setup_or_preprocess,64,2,,true,3,19.433119,0.613068,19.302249,20.021174,18.896053,20.101055,,,,,,,,not-applicable,,,,,,,,,,,,,,,,,,measured,matched Groth16 curve pilot; no protocol-superiority claim,measurement,true
C2-CONTROLLED-SNARK,controlled-groth16-bls12-377-pilot-v1,5779a2e1a58ed1c2fdb55d75e845aefd0e2692b0,8a98b19a81b13daee2dab5016c2d6443d33240ba10559a49b8af6df16232a769,controlled_kernel,ark-groth16-0.5.0-bls12-377,default,{},setup_or_preprocess,64,2,wrong_public_input,true,3,19.478581,0.244799,19.346261,19.719583,19.328418,19.761063,,,,,,,,not-applicable,,,,,,,,,,,,,,,,,,measured,matched Groth16 curve pilot; no protocol-superiority claim,measurement,true
C2-CONTROLLED-SNARK,controlled-groth16-bls12-377-pilot-v1,5779a2e1a58ed1c2fdb55d75e845aefd0e2692b0,8a98b19a81b13daee2dab5016c2d6443d33240ba10559a49b8af6df16232a769,controlled_kernel,ark-groth16-0.5.0-bls12-377,default,{},setup_or_preprocess,64,4,,true,3,19.228585,0.294828,19.156678,19.513111,18.976363,19.552715,,,,,,,,not-applicable,,,,,,,,,,,,,,,,,,measured,matched Groth16 curve pilot; no protocol-superiority claim,measurement,true
C2-CONTROLLED-SNARK,controlled-groth16-bls12-377-pilot-v1,5779a2e1a58ed1c2fdb55d75e845aefd0e2692b0,8a98b19a81b13daee2dab5016c2d6443d33240ba10559a49b8af6df16232a769,controlled_kernel,ark-groth16-0.5.0-bls12-377,default,{},setup_or_preprocess,64,4,wrong_public_input,true,3,20.052745,0.182375,20.046915,20.218860,19.873354,20.237965,,,,,,,,not-applicable,,,,,,,,,,,,,,,,,,measured,matched Groth16 curve pilot; no protocol-superiority claim,measurement,true
C2-CONTROLLED-SNARK,controlled-groth16-bls12-377-pilot-v1,5779a2e1a58ed1c2fdb55d75e845aefd0e2692b0,8a98b19a81b13daee2dab5016c2d6443d33240ba10559a49b8af6df16232a769,controlled_kernel,ark-groth16-0.5.0-bls12-377,default,{},setup_or_preprocess,256,1,,true,3,39.812905,0.682845,39.429182,40.484082,39.408239,40.601293,,,,,,,,not-applicable,,,,,,,,,,,,,,,,,,measured,matched Groth16 curve pilot; no protocol-superiority claim,measurement,true
C2-CONTROLLED-SNARK,controlled-groth16-bls12-377-pilot-v1,5779a2e1a58ed1c2fdb55d75e845aefd0e2692b0,8a98b19a81b13daee2dab5016c2d6443d33240ba10559a49b8af6df16232a769,controlled_kernel,ark-groth16-0.5.0-bls12-377,default,{},setup_or_preprocess,256,1,wrong_public_input,true,3,41.208327,0.499779,41.361317,41.588487,40.649935,41.613728,,,,,,,,not-applicable,,,,,,,,,,,,,,,,,,measured,matched Groth16 curve pilot; no protocol-superiority claim,measurement,true
C2-CONTROLLED-SNARK,controlled-groth16-bls12-377-pilot-v1,5779a2e1a58ed1c2fdb55d75e845aefd0e2692b0,8a98b19a81b13daee2dab5016c2d6443d33240ba10559a49b8af6df16232a769,controlled_kernel,ark-groth16-0.5.0-bls12-377,default,{},setup_or_preprocess,256,2,,true,3,28.039755,0.698390,28.192121,28.603657,27.277760,28.649383,,,,,,,,not-applicable,,,,,,,,,,,,,,,,,,measured,matched Groth16 curve pilot; no protocol-superiority claim,measurement,true
C2-CONTROLLED-SNARK,controlled-groth16-bls12-377-pilot-v1,5779a2e1a58ed1c2fdb55d75e845aefd0e2692b0,8a98b19a81b13daee2dab5016c2d6443d33240ba10559a49b8af6df16232a769,controlled_kernel,ark-groth16-0.5.0-bls12-377,default,{},setup_or_preprocess,256,2,wrong_public_input,true,3,28.569565,0.376467,28.427260,28.939523,28.284994,28.996441,,,,,,,,not-applicable,,,,,,,,,,,,,,,,,,measured,matched Groth16 curve pilot; no protocol-superiority claim,measurement,true
C2-CONTROLLED-SNARK,controlled-groth16-bls12-377-pilot-v1,5779a2e1a58ed1c2fdb55d75e845aefd0e2692b0,8a98b19a81b13daee2dab5016c2d6443d33240ba10559a49b8af6df16232a769,controlled_kernel,ark-groth16-0.5.0-bls12-377,default,{},setup_or_preprocess,256,4,,true,3,24.241353,0.387168,24.288137,24.571516,23.832919,24.603003,,,,,,,,not-applicable,,,,,,,,,,,,,,,,,,measured,matched Groth16 curve pilot; no protocol-superiority claim,measurement,true
C2-CONTROLLED-SNARK,controlled-groth16-bls12-377-pilot-v1,5779a2e1a58ed1c2fdb55d75e845aefd0e2692b0,8a98b19a81b13daee2dab5016c2d6443d33240ba10559a49b8af6df16232a769,controlled_kernel,ark-groth16-0.5.0-bls12-377,default,{},setup_or_preprocess,256,4,wrong_public_input,true,3,23.836192,0.554590,23.602273,24.382704,23.436885,24.469419,,,,,,,,not-applicable,,,,,,,,,,,,,,,,,,measured,matched Groth16 curve pilot; no protocol-superiority claim,measurement,true
C2-CONTROLLED-SNARK,controlled-groth16-bls12-377-pilot-v1,5779a2e1a58ed1c2fdb55d75e845aefd0e2692b0,8a98b19a81b13daee2dab5016c2d6443d33240ba10559a49b8af6df16232a769,controlled_kernel,ark-groth16-0.5.0-bls12-377,default,{},setup_or_preprocess,1024,1,,true,3,98.335750,2.693687,98.379451,100.744534,95.620478,101.007321,,,,,,,,not-applicable,,,,,,,,,,,,,,,,,,measured,matched Groth16 curve pilot; no protocol-superiority claim,measurement,true
C2-CONTROLLED-SNARK,controlled-groth16-bls12-377-pilot-v1,5779a2e1a58ed1c2fdb55d75e845aefd0e2692b0,8a98b19a81b13daee2dab5016c2d6443d33240ba10559a49b8af6df16232a769,controlled_kernel,ark-groth16-0.5.0-bls12-377,default,{},setup_or_preprocess,1024,2,,true,3,58.507291,0.462955,58.260220,58.963253,58.220285,59.041368,,,,,,,,not-applicable,,,,,,,,,,,,,,,,,,measured,matched Groth16 curve pilot; no protocol-superiority claim,measurement,true
C2-CONTROLLED-SNARK,controlled-groth16-bls12-377-pilot-v1,5779a2e1a58ed1c2fdb55d75e845aefd0e2692b0,8a98b19a81b13daee2dab5016c2d6443d33240ba10559a49b8af6df16232a769,controlled_kernel,ark-groth16-0.5.0-bls12-377,default,{},setup_or_preprocess,1024,4,,true,3,39.623988,1.076737,39.345747,40.665858,38.713681,40.812537,,,,,,,,not-applicable,,,,,,,,,,,,,,,,,,measured,matched Groth16 curve pilot; no protocol-superiority claim,measurement,true
C2-CONTROLLED-SNARK,controlled-groth16-bls12-377-pilot-v1,5779a2e1a58ed1c2fdb55d75e845aefd0e2692b0,8a98b19a81b13daee2dab5016c2d6443d33240ba10559a49b8af6df16232a769,controlled_kernel,ark-groth16-0.5.0-bls12-377,default,{},verify_core,16,1,,true,3,1.720220,0.046747,1.724339,1.760728,1.671550,1.764771,,,,,,,,not-applicable,,,,,,,,,,,,,,,,,,measured,matched Groth16 curve pilot; no protocol-superiority claim,measurement,true
C2-CONTROLLED-SNARK,controlled-groth16-bls12-377-pilot-v1,5779a2e1a58ed1c2fdb55d75e845aefd0e2692b0,8a98b19a81b13daee2dab5016c2d6443d33240ba10559a49b8af6df16232a769,controlled_kernel,ark-groth16-0.5.0-bls12-377,default,{},verify_core,16,1,wrong_public_input,true,3,1.724940,0.038399,1.727254,1.758642,1.685436,1.762129,,,,,,,,not-applicable,,,,,,,,,,,,,,,,,,measured,matched Groth16 curve pilot; no protocol-superiority claim,measurement,true
C2-CONTROLLED-SNARK,controlled-groth16-bls12-377-pilot-v1,5779a2e1a58ed1c2fdb55d75e845aefd0e2692b0,8a98b19a81b13daee2dab5016c2d6443d33240ba10559a49b8af6df16232a769,controlled_kernel,ark-groth16-0.5.0-bls12-377,default,{},verify_core,16,2,,true,3,1.685894,0.006929,1.682070,1.692711,1.681720,1.693893,,,,,,,,not-applicable,,,,,,,,,,,,,,,,,,measured,matched Groth16 curve pilot; no protocol-superiority claim,measurement,true
C2-CONTROLLED-SNARK,controlled-groth16-bls12-377-pilot-v1,5779a2e1a58ed1c2fdb55d75e845aefd0e2692b0,8a98b19a81b13daee2dab5016c2d6443d33240ba10559a49b8af6df16232a769,controlled_kernel,ark-groth16-0.5.0-bls12-377,default,{},verify_core,16,2,wrong_public_input,true,3,1.692773,0.016722,1.691798,1.708145,1.676559,1.709961,,,,,,,,not-applicable,,,,,,,,,,,,,,,,,,measured,matched Groth16 curve pilot; no protocol-superiority claim,measurement,true
C2-CONTROLLED-SNARK,controlled-groth16-bls12-377-pilot-v1,5779a2e1a58ed1c2fdb55d75e845aefd0e2692b0,8a98b19a81b13daee2dab5016c2d6443d33240ba10559a49b8af6df16232a769,controlled_kernel,ark-groth16-0.5.0-bls12-377,default,{},verify_core,16,4,,true,3,1.929614,0.052375,1.955830,1.962917,1.869308,1.963704,,,,,,,,not-applicable,,,,,,,,,,,,,,,,,,measured,matched Groth16 curve pilot; no protocol-superiority claim,measurement,true
C2-CONTROLLED-SNARK,controlled-groth16-bls12-377-pilot-v1,5779a2e1a58ed1c2fdb55d75e845aefd0e2692b0,8a98b19a81b13daee2dab5016c2d6443d33240ba10559a49b8af6df16232a769,controlled_kernel,ark-groth16-0.5.0-bls12-377,default,{},verify_core,16,4,wrong_public_input,true,3,1.897676,0.217731,2.018166,2.027493,1.646334,2.028529,,,,,,,,not-applicable,,,,,,,,,,,,,,,,,,measured,matched Groth16 curve pilot; no protocol-superiority claim,measurement,true
C2-CONTROLLED-SNARK,controlled-groth16-bls12-377-pilot-v1,5779a2e1a58ed1c2fdb55d75e845aefd0e2692b0,8a98b19a81b13daee2dab5016c2d6443d33240ba10559a49b8af6df16232a769,controlled_kernel,ark-groth16-0.5.0-bls12-377,default,{},verify_core,64,1,,true,3,1.777478,0.155124,1.734749,1.928014,1.648197,1.949488,,,,,,,,not-applicable,,,,,,,,,,,,,,,,,,measured,matched Groth16 curve pilot; no protocol-superiority claim,measurement,true
C2-CONTROLLED-SNARK,controlled-groth16-bls12-377-pilot-v1,5779a2e1a58ed1c2fdb55d75e845aefd0e2692b0,8a98b19a81b13daee2dab5016c2d6443d33240ba10559a49b8af6df16232a769,controlled_kernel,ark-groth16-0.5.0-bls12-377,default,{},verify_core,64,1,wrong_public_input,true,3,1.755702,0.136223,1.730671,1.885502,1.633730,1.902705,,,,,,,,not-applicable,,,,,,,,,,,,,,,,,,measured,matched Groth16 curve pilot; no protocol-superiority claim,measurement,true
C2-CONTROLLED-SNARK,controlled-groth16-bls12-377-pilot-v1,5779a2e1a58ed1c2fdb55d75e845aefd0e2692b0,8a98b19a81b13daee2dab5016c2d6443d33240ba10559a49b8af6df16232a769,controlled_kernel,ark-groth16-0.5.0-bls12-377,default,{},verify_core,64,2,,true,3,1.699940,0.048460,1.713719,1.737388,1.646083,1.740018,,,,,,,,not-applicable,,,,,,,,,,,,,,,,,,measured,matched Groth16 curve pilot; no protocol-superiority claim,measurement,true
C2-CONTROLLED-SNARK,controlled-groth16-bls12-377-pilot-v1,5779a2e1a58ed1c2fdb55d75e845aefd0e2692b0,8a98b19a81b13daee2dab5016c2d6443d33240ba10559a49b8af6df16232a769,controlled_kernel,ark-groth16-0.5.0-bls12-377,default,{},verify_core,64,2,wrong_public_input,true,3,1.838228,0.154923,1.826985,1.981318,1.689233,1.998466,,,,,,,,not-applicable,,,,,,,,,,,,,,,,,,measured,matched Groth16 curve pilot; no protocol-superiority claim,measurement,true
C2-CONTROLLED-SNARK,controlled-groth16-bls12-377-pilot-v1,5779a2e1a58ed1c2fdb55d75e845aefd0e2692b0,8a98b19a81b13daee2dab5016c2d6443d33240ba10559a49b8af6df16232a769,controlled_kernel,ark-groth16-0.5.0-bls12-377,default,{},verify_core,64,4,,true,3,1.798552,0.099103,1.826764,1.875117,1.688402,1.880490,,,,,,,,not-applicable,,,,,,,,,,,,,,,,,,measured,matched Groth16 curve pilot; no protocol-superiority claim,measurement,true
C2-CONTROLLED-SNARK,controlled-groth16-bls12-377-pilot-v1,5779a2e1a58ed1c2fdb55d75e845aefd0e2692b0,8a98b19a81b13daee2dab5016c2d6443d33240ba10559a49b8af6df16232a769,controlled_kernel,ark-groth16-0.5.0-bls12-377,default,{},verify_core,64,4,wrong_public_input,true,3,1.751518,0.120355,1.709862,1.869437,1.657524,1.887167,,,,,,,,not-applicable,,,,,,,,,,,,,,,,,,measured,matched Groth16 curve pilot; no protocol-superiority claim,measurement,true
C2-CONTROLLED-SNARK,controlled-groth16-bls12-377-pilot-v1,5779a2e1a58ed1c2fdb55d75e845aefd0e2692b0,8a98b19a81b13daee2dab5016c2d6443d33240ba10559a49b8af6df16232a769,controlled_kernel,ark-groth16-0.5.0-bls12-377,default,{},verify_core,256,1,,true,3,1.748223,0.165847,1.665279,1.911789,1.640212,1.939179,,,,,,,,not-applicable,,,,,,,,,,,,,,,,,,measured,matched Groth16 curve pilot; no protocol-superiority claim,measurement,true
C2-CONTROLLED-SNARK,controlled-groth16-bls12-377-pilot-v1,5779a2e1a58ed1c2fdb55d75e845aefd0e2692b0,8a98b19a81b13daee2dab5016c2d6443d33240ba10559a49b8af6df16232a769,controlled_kernel,ark-groth16-0.5.0-bls12-377,default,{},verify_core,256,1,wrong_public_input,true,3,1.677231,0.031247,1.692730,1.697202,1.641264,1.697699,,,,,,,,not-applicable,,,,,,,,,,,,,,,,,,measured,matched Groth16 curve pilot; no protocol-superiority claim,measurement,true
C2-CONTROLLED-SNARK,controlled-groth16-bls12-377-pilot-v1,5779a2e1a58ed1c2fdb55d75e845aefd0e2692b0,8a98b19a81b13daee2dab5016c2d6443d33240ba10559a49b8af6df16232a769,controlled_kernel,ark-groth16-0.5.0-bls12-377,default,{},verify_core,256,2,,true,3,1.665673,0.019912,1.661532,1.684750,1.648157,1.687330,,,,,,,,not-applicable,,,,,,,,,,,,,,,,,,measured,matched Groth16 curve pilot; no protocol-superiority claim,measurement,true
C2-CONTROLLED-SNARK,controlled-groth16-bls12-377-pilot-v1,5779a2e1a58ed1c2fdb55d75e845aefd0e2692b0,8a98b19a81b13daee2dab5016c2d6443d33240ba10559a49b8af6df16232a769,controlled_kernel,ark-groth16-0.5.0-bls12-377,default,{},verify_core,256,2,wrong_public_input,true,3,1.746554,0.088665,1.743895,1.827256,1.659248,1.836518,,,,,,,,not-applicable,,,,,,,,,,,,,,,,,,measured,matched Groth16 curve pilot; no protocol-superiority claim,measurement,true
C2-CONTROLLED-SNARK,controlled-groth16-bls12-377-pilot-v1,5779a2e1a58ed1c2fdb55d75e845aefd0e2692b0,8a98b19a81b13daee2dab5016c2d6443d33240ba10559a49b8af6df16232a769,controlled_kernel,ark-groth16-0.5.0-bls12-377,default,{},verify_core,256,4,,true,3,1.733166,0.170771,1.650885,1.901639,1.619113,1.929501,,,,,,,,not-applicable,,,,,,,,,,,,,,,,,,measured,matched Groth16 curve pilot; no protocol-superiority claim,measurement,true
C2-CONTROLLED-SNARK,controlled-groth16-bls12-377-pilot-v1,5779a2e1a58ed1c2fdb55d75e845aefd0e2692b0,8a98b19a81b13daee2dab5016c2d6443d33240ba10559a49b8af6df16232a769,controlled_kernel,ark-groth16-0.5.0-bls12-377,default,{},verify_core,256,4,wrong_public_input,true,3,1.888887,0.165901,1.975296,1.991903,1.697618,1.993748,,,,,,,,not-applicable,,,,,,,,,,,,,,,,,,measured,matched Groth16 curve pilot; no protocol-superiority claim,measurement,true
C2-CONTROLLED-SNARK,controlled-groth16-bls12-377-pilot-v1,5779a2e1a58ed1c2fdb55d75e845aefd0e2692b0,8a98b19a81b13daee2dab5016c2d6443d33240ba10559a49b8af6df16232a769,controlled_kernel,ark-groth16-0.5.0-bls12-377,default,{},verify_core,1024,1,,true,3,1.687273,0.021637,1.682541,1.708050,1.668394,1.710884,,,,,,,,not-applicable,,,,,,,,,,,,,,,,,,measured,matched Groth16 curve pilot; no protocol-superiority claim,measurement,true
C2-CONTROLLED-SNARK,controlled-groth16-bls12-377-pilot-v1,5779a2e1a58ed1c2fdb55d75e845aefd0e2692b0,8a98b19a81b13daee2dab5016c2d6443d33240ba10559a49b8af6df16232a769,controlled_kernel,ark-groth16-0.5.0-bls12-377,default,{},verify_core,1024,2,,true,3,1.683803,0.053989,1.674686,1.735062,1.634953,1.741771,,,,,,,,not-applicable,,,,,,,,,,,,,,,,,,measured,matched Groth16 curve pilot; no protocol-superiority claim,measurement,true
C2-CONTROLLED-SNARK,controlled-groth16-bls12-377-pilot-v1,5779a2e1a58ed1c2fdb55d75e845aefd0e2692b0,8a98b19a81b13daee2dab5016c2d6443d33240ba10559a49b8af6df16232a769,controlled_kernel,ark-groth16-0.5.0-bls12-377,default,{},verify_core,1024,4,,true,3,1.723584,0.032717,1.736732,1.746587,1.686338,1.747682,,,,,,,,not-applicable,,,,,,,,,,,,,,,,,,measured,matched Groth16 curve pilot; no protocol-superiority claim,measurement,true
C2-CONTROLLED-SNARK,controlled-groth16-bls12-377-pilot-v1,5779a2e1a58ed1c2fdb55d75e845aefd0e2692b0,8a98b19a81b13daee2dab5016c2d6443d33240ba10559a49b8af6df16232a769,controlled_kernel,ark-groth16-0.5.0-bls12-377,default,{},verify_total,16,1,,true,3,2.638850,0.102303,2.609453,2.738315,2.554463,2.752633,,,,,,,,not-applicable,,,,,,,,,,,,,,,,,,measured,matched Groth16 curve pilot; no protocol-superiority claim,measurement,true
C2-CONTROLLED-SNARK,controlled-groth16-bls12-377-pilot-v1,5779a2e1a58ed1c2fdb55d75e845aefd0e2692b0,8a98b19a81b13daee2dab5016c2d6443d33240ba10559a49b8af6df16232a769,controlled_kernel,ark-groth16-0.5.0-bls12-377,default,{},verify_total,16,1,wrong_public_input,true,3,2.586917,0.066504,2.576284,2.649916,2.526371,2.658097,,,,,,,,not-applicable,,,,,,,,,,,,,,,,,,measured,matched Groth16 curve pilot; no protocol-superiority claim,measurement,true
C2-CONTROLLED-SNARK,controlled-groth16-bls12-377-pilot-v1,5779a2e1a58ed1c2fdb55d75e845aefd0e2692b0,8a98b19a81b13daee2dab5016c2d6443d33240ba10559a49b8af6df16232a769,controlled_kernel,ark-groth16-0.5.0-bls12-377,default,{},verify_total,16,2,,true,3,2.627932,0.146898,2.549545,2.772611,2.536854,2.797396,,,,,,,,not-applicable,,,,,,,,,,,,,,,,,,measured,matched Groth16 curve pilot; no protocol-superiority claim,measurement,true
C2-CONTROLLED-SNARK,controlled-groth16-bls12-377-pilot-v1,5779a2e1a58ed1c2fdb55d75e845aefd0e2692b0,8a98b19a81b13daee2dab5016c2d6443d33240ba10559a49b8af6df16232a769,controlled_kernel,ark-groth16-0.5.0-bls12-377,default,{},verify_total,16,2,wrong_public_input,true,3,2.590631,0.012133,2.594969,2.599495,2.576925,2.599998,,,,,,,,not-applicable,,,,,,,,,,,,,,,,,,measured,matched Groth16 curve pilot; no protocol-superiority claim,measurement,true
C2-CONTROLLED-SNARK,controlled-groth16-bls12-377-pilot-v1,5779a2e1a58ed1c2fdb55d75e845aefd0e2692b0,8a98b19a81b13daee2dab5016c2d6443d33240ba10559a49b8af6df16232a769,controlled_kernel,ark-groth16-0.5.0-bls12-377,default,{},verify_total,16,4,,true,3,2.847338,0.049014,2.833512,2.894953,2.806723,2.901780,,,,,,,,not-applicable,,,,,,,,,,,,,,,,,,measured,matched Groth16 curve pilot; no protocol-superiority claim,measurement,true
C2-CONTROLLED-SNARK,controlled-groth16-bls12-377-pilot-v1,5779a2e1a58ed1c2fdb55d75e845aefd0e2692b0,8a98b19a81b13daee2dab5016c2d6443d33240ba10559a49b8af6df16232a769,controlled_kernel,ark-groth16-0.5.0-bls12-377,default,{},verify_total,16,4,wrong_public_input,true,3,2.828005,0.292845,2.936109,3.039897,2.496476,3.051429,,,,,,,,not-applicable,,,,,,,,,,,,,,,,,,measured,matched Groth16 curve pilot; no protocol-superiority claim,measurement,true
C2-CONTROLLED-SNARK,controlled-groth16-bls12-377-pilot-v1,5779a2e1a58ed1c2fdb55d75e845aefd0e2692b0,8a98b19a81b13daee2dab5016c2d6443d33240ba10559a49b8af6df16232a769,controlled_kernel,ark-groth16-0.5.0-bls12-377,default,{},verify_total,64,1,,true,3,2.718451,0.233604,2.694391,2.936278,2.497808,2.963154,,,,,,,,not-applicable,,,,,,,,,,,,,,,,,,measured,matched Groth16 curve pilot; no protocol-superiority claim,measurement,true
C2-CONTROLLED-SNARK,controlled-groth16-bls12-377-pilot-v1,5779a2e1a58ed1c2fdb55d75e845aefd0e2692b0,8a98b19a81b13daee2dab5016c2d6443d33240ba10559a49b8af6df16232a769,controlled_kernel,ark-groth16-0.5.0-bls12-377,default,{},verify_total,64,1,wrong_public_input,true,3,2.602053,0.139330,2.569491,2.736252,2.481888,2.754781,,,,,,,,not-applicable,,,,,,,,,,,,,,,,,,measured,matched Groth16 curve pilot; no protocol-superiority claim,measurement,true
C2-CONTROLLED-SNARK,controlled-groth16-bls12-377-pilot-v1,5779a2e1a58ed1c2fdb55d75e845aefd0e2692b0,8a98b19a81b13daee2dab5016c2d6443d33240ba10559a49b8af6df16232a769,controlled_kernel,ark-groth16-0.5.0-bls12-377,default,{},verify_total,64,2,,true,3,2.595894,0.027102,2.591312,2.621627,2.571375,2.624995,,,,,,,,not-applicable,,,,,,,,,,,,,,,,,,measured,matched Groth16 curve pilot; no protocol-superiority claim,measurement,true
C2-CONTROLLED-SNARK,controlled-groth16-bls12-377-pilot-v1,5779a2e1a58ed1c2fdb55d75e845aefd0e2692b0,8a98b19a81b13daee2dab5016c2d6443d33240ba10559a49b8af6df16232a769,controlled_kernel,ark-groth16-0.5.0-bls12-377,default,{},verify_total,64,2,wrong_public_input,true,3,2.789218,0.107196,2.848679,2.853022,2.665470,2.853505,,,,,,,,not-applicable,,,,,,,,,,,,,,,,,,measured,matched Groth16 curve pilot; no protocol-superiority claim,measurement,true
C2-CONTROLLED-SNARK,controlled-groth16-bls12-377-pilot-v1,5779a2e1a58ed1c2fdb55d75e845aefd0e2692b0,8a98b19a81b13daee2dab5016c2d6443d33240ba10559a49b8af6df16232a769,controlled_kernel,ark-groth16-0.5.0-bls12-377,default,{},verify_total,64,4,,true,3,2.683435,0.098280,2.734078,2.744865,2.570162,2.746064,,,,,,,,not-applicable,,,,,,,,,,,,,,,,,,measured,matched Groth16 curve pilot; no protocol-superiority claim,measurement,true
C2-CONTROLLED-SNARK,controlled-groth16-bls12-377-pilot-v1,5779a2e1a58ed1c2fdb55d75e845aefd0e2692b0,8a98b19a81b13daee2dab5016c2d6443d33240ba10559a49b8af6df16232a769,controlled_kernel,ark-groth16-0.5.0-bls12-377,default,{},verify_total,64,4,wrong_public_input,true,3,2.634728,0.122793,2.571906,2.755790,2.556056,2.776221,,,,,,,,not-applicable,,,,,,,,,,,,,,,,,,measured,matched Groth16 curve pilot; no protocol-superiority claim,measurement,true
C2-CONTROLLED-SNARK,controlled-groth16-bls12-377-pilot-v1,5779a2e1a58ed1c2fdb55d75e845aefd0e2692b0,8a98b19a81b13daee2dab5016c2d6443d33240ba10559a49b8af6df16232a769,controlled_kernel,ark-groth16-0.5.0-bls12-377,default,{},verify_total,256,1,,true,3,2.725625,0.226298,2.627439,2.948735,2.565003,2.984434,,,,,,,,not-applicable,,,,,,,,,,,,,,,,,,measured,matched Groth16 curve pilot; no protocol-superiority claim,measurement,true
C2-CONTROLLED-SNARK,controlled-groth16-bls12-377-pilot-v1,5779a2e1a58ed1c2fdb55d75e845aefd0e2692b0,8a98b19a81b13daee2dab5016c2d6443d33240ba10559a49b8af6df16232a769,controlled_kernel,ark-groth16-0.5.0-bls12-377,default,{},verify_total,256,1,wrong_public_input,true,3,2.668549,0.091535,2.705234,2.732969,2.564362,2.736051,,,,,,,,not-applicable,,,,,,,,,,,,,,,,,,measured,matched Groth16 curve pilot; no protocol-superiority claim,measurement,true
C2-CONTROLLED-SNARK,controlled-groth16-bls12-377-pilot-v1,5779a2e1a58ed1c2fdb55d75e845aefd0e2692b0,8a98b19a81b13daee2dab5016c2d6443d33240ba10559a49b8af6df16232a769,controlled_kernel,ark-groth16-0.5.0-bls12-377,default,{},verify_total,256,2,,true,3,2.637936,0.093706,2.646255,2.719110,2.540347,2.727205,,,,,,,,not-applicable,,,,,,,,,,,,,,,,,,measured,matched Groth16 curve pilot; no protocol-superiority claim,measurement,true
C2-CONTROLLED-SNARK,controlled-groth16-bls12-377-pilot-v1,5779a2e1a58ed1c2fdb55d75e845aefd0e2692b0,8a98b19a81b13daee2dab5016c2d6443d33240ba10559a49b8af6df16232a769,controlled_kernel,ark-groth16-0.5.0-bls12-377,default,{},verify_total,256,2,wrong_public_input,true,3,2.670379,0.131887,2.739037,2.752300,2.518327,2.753774,,,,,,,,not-applicable,,,,,,,,,,,,,,,,,,measured,matched Groth16 curve pilot; no protocol-superiority claim,measurement,true
C2-CONTROLLED-SNARK,controlled-groth16-bls12-377-pilot-v1,5779a2e1a58ed1c2fdb55d75e845aefd0e2692b0,8a98b19a81b13daee2dab5016c2d6443d33240ba10559a49b8af6df16232a769,controlled_kernel,ark-groth16-0.5.0-bls12-377,default,{},verify_total,256,4,,true,3,2.613840,0.140990,2.568152,2.751622,2.501360,2.772008,,,,,,,,not-applicable,,,,,,,,,,,,,,,,,,measured,matched Groth16 curve pilot; no protocol-superiority claim,measurement,true
C2-CONTROLLED-SNARK,controlled-groth16-bls12-377-pilot-v1,5779a2e1a58ed1c2fdb55d75e845aefd0e2692b0,8a98b19a81b13daee2dab5016c2d6443d33240ba10559a49b8af6df16232a769,controlled_kernel,ark-groth16-0.5.0-bls12-377,default,{},verify_total,256,4,wrong_public_input,true,3,2.823250,0.090312,2.859121,2.887017,2.720513,2.890116,,,,,,,,not-applicable,,,,,,,,,,,,,,,,,,measured,matched Groth16 curve pilot; no protocol-superiority claim,measurement,true
C2-CONTROLLED-SNARK,controlled-groth16-bls12-377-pilot-v1,5779a2e1a58ed1c2fdb55d75e845aefd0e2692b0,8a98b19a81b13daee2dab5016c2d6443d33240ba10559a49b8af6df16232a769,controlled_kernel,ark-groth16-0.5.0-bls12-377,default,{},verify_total,1024,1,,true,3,2.565908,0.047140,2.555656,2.611163,2.524738,2.617330,,,,,,,,not-applicable,,,,,,,,,,,,,,,,,,measured,matched Groth16 curve pilot; no protocol-superiority claim,measurement,true
C2-CONTROLLED-SNARK,controlled-groth16-bls12-377-pilot-v1,5779a2e1a58ed1c2fdb55d75e845aefd0e2692b0,8a98b19a81b13daee2dab5016c2d6443d33240ba10559a49b8af6df16232a769,controlled_kernel,ark-groth16-0.5.0-bls12-377,default,{},verify_total,1024,2,,true,3,2.620960,0.200175,2.536630,2.818215,2.476749,2.849502,,,,,,,,not-applicable,,,,,,,,,,,,,,,,,,measured,matched Groth16 curve pilot; no protocol-superiority claim,measurement,true
C2-CONTROLLED-SNARK,controlled-groth16-bls12-377-pilot-v1,5779a2e1a58ed1c2fdb55d75e845aefd0e2692b0,8a98b19a81b13daee2dab5016c2d6443d33240ba10559a49b8af6df16232a769,controlled_kernel,ark-groth16-0.5.0-bls12-377,default,{},verify_total,1024,4,,true,3,2.574247,0.036664,2.576694,2.606333,2.536420,2.609626,,,,,,,,not-applicable,,,,,,,,,,,,,,,,,,measured,matched Groth16 curve pilot; no protocol-superiority claim,measurement,true
C2-CONTROLLED-SNARK,controlled-groth16-bls12-377-pilot-v1,5779a2e1a58ed1c2fdb55d75e845aefd0e2692b0,8a98b19a81b13daee2dab5016c2d6443d33240ba10559a49b8af6df16232a769,controlled_kernel,ark-groth16-0.5.0-bls12-377,default,{},witness,16,1,,true,3,0.563155,0.174335,0.496920,0.734502,0.431644,0.760900,,,,,,,,not-applicable,,,,,,,,,,,,,,,,,,measured,matched Groth16 curve pilot; no protocol-superiority claim,measurement,true
C2-CONTROLLED-SNARK,controlled-groth16-bls12-377-pilot-v1,5779a2e1a58ed1c2fdb55d75e845aefd0e2692b0,8a98b19a81b13daee2dab5016c2d6443d33240ba10559a49b8af6df16232a769,controlled_kernel,ark-groth16-0.5.0-bls12-377,default,{},witness,16,1,wrong_public_input,true,3,0.486439,0.047384,0.506818,0.518883,0.432274,0.520224,,,,,,,,not-applicable,,,,,,,,,,,,,,,,,,measured,matched Groth16 curve pilot; no protocol-superiority claim,measurement,true
C2-CONTROLLED-SNARK,controlled-groth16-bls12-377-pilot-v1,5779a2e1a58ed1c2fdb55d75e845aefd0e2692b0,8a98b19a81b13daee2dab5016c2d6443d33240ba10559a49b8af6df16232a769,controlled_kernel,ark-groth16-0.5.0-bls12-377,default,{},witness,16,2,,true,3,0.485881,0.044076,0.471437,0.528973,0.450839,0.535366,,,,,,,,not-applicable,,,,,,,,,,,,,,,,,,measured,matched Groth16 curve pilot; no protocol-superiority claim,measurement,true
C2-CONTROLLED-SNARK,controlled-groth16-bls12-377-pilot-v1,5779a2e1a58ed1c2fdb55d75e845aefd0e2692b0,8a98b19a81b13daee2dab5016c2d6443d33240ba10559a49b8af6df16232a769,controlled_kernel,ark-groth16-0.5.0-bls12-377,default,{},witness,16,2,wrong_public_input,true,3,0.511103,0.075779,0.511241,0.579255,0.435255,0.586812,,,,,,,,not-applicable,,,,,,,,,,,,,,,,,,measured,matched Groth16 curve pilot; no protocol-superiority claim,measurement,true
C2-CONTROLLED-SNARK,controlled-groth16-bls12-377-pilot-v1,5779a2e1a58ed1c2fdb55d75e845aefd0e2692b0,8a98b19a81b13daee2dab5016c2d6443d33240ba10559a49b8af6df16232a769,controlled_kernel,ark-groth16-0.5.0-bls12-377,default,{},witness,16,4,,true,3,0.518848,0.079682,0.492857,0.596738,0.455407,0.608280,,,,,,,,not-applicable,,,,,,,,,,,,,,,,,,measured,matched Groth16 curve pilot; no protocol-superiority claim,measurement,true
C2-CONTROLLED-SNARK,controlled-groth16-bls12-377-pilot-v1,5779a2e1a58ed1c2fdb55d75e845aefd0e2692b0,8a98b19a81b13daee2dab5016c2d6443d33240ba10559a49b8af6df16232a769,controlled_kernel,ark-groth16-0.5.0-bls12-377,default,{},witness,16,4,wrong_public_input,true,3,0.508987,0.128173,0.455328,0.635275,0.416365,0.655269,,,,,,,,not-applicable,,,,,,,,,,,,,,,,,,measured,matched Groth16 curve pilot; no protocol-superiority claim,measurement,true
C2-CONTROLLED-SNARK,controlled-groth16-bls12-377-pilot-v1,5779a2e1a58ed1c2fdb55d75e845aefd0e2692b0,8a98b19a81b13daee2dab5016c2d6443d33240ba10559a49b8af6df16232a769,controlled_kernel,ark-groth16-0.5.0-bls12-377,default,{},witness,64,1,,true,3,0.608918,0.093417,0.591832,0.697911,0.525223,0.709698,,,,,,,,not-applicable,,,,,,,,,,,,,,,,,,measured,matched Groth16 curve pilot; no protocol-superiority claim,measurement,true
C2-CONTROLLED-SNARK,controlled-groth16-bls12-377-pilot-v1,5779a2e1a58ed1c2fdb55d75e845aefd0e2692b0,8a98b19a81b13daee2dab5016c2d6443d33240ba10559a49b8af6df16232a769,controlled_kernel,ark-groth16-0.5.0-bls12-377,default,{},witness,64,1,wrong_public_input,true,3,0.540313,0.079400,0.500935,0.618629,0.488299,0.631706,,,,,,,,not-applicable,,,,,,,,,,,,,,,,,,measured,matched Groth16 curve pilot; no protocol-superiority claim,measurement,true
C2-CONTROLLED-SNARK,controlled-groth16-bls12-377-pilot-v1,5779a2e1a58ed1c2fdb55d75e845aefd0e2692b0,8a98b19a81b13daee2dab5016c2d6443d33240ba10559a49b8af6df16232a769,controlled_kernel,ark-groth16-0.5.0-bls12-377,default,{},witness,64,2,,true,3,0.607754,0.108014,0.553840,0.714285,0.537310,0.732112,,,,,,,,not-applicable,,,,,,,,,,,,,,,,,,measured,matched Groth16 curve pilot; no protocol-superiority claim,measurement,true
C2-CONTROLLED-SNARK,controlled-groth16-bls12-377-pilot-v1,5779a2e1a58ed1c2fdb55d75e845aefd0e2692b0,8a98b19a81b13daee2dab5016c2d6443d33240ba10559a49b8af6df16232a769,controlled_kernel,ark-groth16-0.5.0-bls12-377,default,{},witness,64,2,wrong_public_input,true,3,0.533868,0.041749,0.529080,0.572933,0.494720,0.577805,,,,,,,,not-applicable,,,,,,,,,,,,,,,,,,measured,matched Groth16 curve pilot; no protocol-superiority claim,measurement,true
C2-CONTROLLED-SNARK,controlled-groth16-bls12-377-pilot-v1,5779a2e1a58ed1c2fdb55d75e845aefd0e2692b0,8a98b19a81b13daee2dab5016c2d6443d33240ba10559a49b8af6df16232a769,controlled_kernel,ark-groth16-0.5.0-bls12-377,default,{},witness,64,4,,true,3,0.568790,0.027425,0.553034,0.595715,0.552879,0.600457,,,,,,,,not-applicable,,,,,,,,,,,,,,,,,,measured,matched Groth16 curve pilot; no protocol-superiority claim,measurement,true
C2-CONTROLLED-SNARK,controlled-groth16-bls12-377-pilot-v1,5779a2e1a58ed1c2fdb55d75e845aefd0e2692b0,8a98b19a81b13daee2dab5016c2d6443d33240ba10559a49b8af6df16232a769,controlled_kernel,ark-groth16-0.5.0-bls12-377,default,{},witness,64,4,wrong_public_input,true,3,0.594493,0.061693,0.578968,0.654116,0.542046,0.662466,,,,,,,,not-applicable,,,,,,,,,,,,,,,,,,measured,matched Groth16 curve pilot; no protocol-superiority claim,measurement,true
C2-CONTROLLED-SNARK,controlled-groth16-bls12-377-pilot-v1,5779a2e1a58ed1c2fdb55d75e845aefd0e2692b0,8a98b19a81b13daee2dab5016c2d6443d33240ba10559a49b8af6df16232a769,controlled_kernel,ark-groth16-0.5.0-bls12-377,default,{},witness,256,1,,true,3,0.843643,0.121912,0.890768,0.930539,0.705202,0.934958,,,,,,,,not-applicable,,,,,,,,,,,,,,,,,,measured,matched Groth16 curve pilot; no protocol-superiority claim,measurement,true
C2-CONTROLLED-SNARK,controlled-groth16-bls12-377-pilot-v1,5779a2e1a58ed1c2fdb55d75e845aefd0e2692b0,8a98b19a81b13daee2dab5016c2d6443d33240ba10559a49b8af6df16232a769,controlled_kernel,ark-groth16-0.5.0-bls12-377,default,{},witness,256,1,wrong_public_input,true,3,0.768681,0.102206,0.741460,0.867713,0.682841,0.881741,,,,,,,,not-applicable,,,,,,,,,,,,,,,,,,measured,matched Groth16 curve pilot; no protocol-superiority claim,measurement,true
C2-CONTROLLED-SNARK,controlled-groth16-bls12-377-pilot-v1,5779a2e1a58ed1c2fdb55d75e845aefd0e2692b0,8a98b19a81b13daee2dab5016c2d6443d33240ba10559a49b8af6df16232a769,controlled_kernel,ark-groth16-0.5.0-bls12-377,default,{},witness,256,2,,true,3,0.692975,0.041298,0.699592,0.727467,0.648768,0.730564,,,,,,,,not-applicable,,,,,,,,,,,,,,,,,,measured,matched Groth16 curve pilot; no protocol-superiority claim,measurement,true
C2-CONTROLLED-SNARK,controlled-groth16-bls12-377-pilot-v1,5779a2e1a58ed1c2fdb55d75e845aefd0e2692b0,8a98b19a81b13daee2dab5016c2d6443d33240ba10559a49b8af6df16232a769,controlled_kernel,ark-groth16-0.5.0-bls12-377,default,{},witness,256,2,wrong_public_input,true,3,0.694573,0.019889,0.705463,0.706522,0.671617,0.706640,,,,,,,,not-applicable,,,,,,,,,,,,,,,,,,measured,matched Groth16 curve pilot; no protocol-superiority claim,measurement,true
C2-CONTROLLED-SNARK,controlled-groth16-bls12-377-pilot-v1,5779a2e1a58ed1c2fdb55d75e845aefd0e2692b0,8a98b19a81b13daee2dab5016c2d6443d33240ba10559a49b8af6df16232a769,controlled_kernel,ark-groth16-0.5.0-bls12-377,default,{},witness,256,4,,true,3,0.750655,0.116522,0.692294,0.865573,0.674846,0.884826,,,,,,,,not-applicable,,,,,,,,,,,,,,,,,,measured,matched Groth16 curve pilot; no protocol-superiority claim,measurement,true
C2-CONTROLLED-SNARK,controlled-groth16-bls12-377-pilot-v1,5779a2e1a58ed1c2fdb55d75e845aefd0e2692b0,8a98b19a81b13daee2dab5016c2d6443d33240ba10559a49b8af6df16232a769,controlled_kernel,ark-groth16-0.5.0-bls12-377,default,{},witness,256,4,wrong_public_input,true,3,0.676192,0.022327,0.665551,0.698219,0.661175,0.701849,,,,,,,,not-applicable,,,,,,,,,,,,,,,,,,measured,matched Groth16 curve pilot; no protocol-superiority claim,measurement,true
C2-CONTROLLED-SNARK,controlled-groth16-bls12-377-pilot-v1,5779a2e1a58ed1c2fdb55d75e845aefd0e2692b0,8a98b19a81b13daee2dab5016c2d6443d33240ba10559a49b8af6df16232a769,controlled_kernel,ark-groth16-0.5.0-bls12-377,default,{},witness,1024,1,,true,3,1.500254,0.121458,1.481880,1.615056,1.389030,1.629853,,,,,,,,not-applicable,,,,,,,,,,,,,,,,,,measured,matched Groth16 curve pilot; no protocol-superiority claim,measurement,true
C2-CONTROLLED-SNARK,controlled-groth16-bls12-377-pilot-v1,5779a2e1a58ed1c2fdb55d75e845aefd0e2692b0,8a98b19a81b13daee2dab5016c2d6443d33240ba10559a49b8af6df16232a769,controlled_kernel,ark-groth16-0.5.0-bls12-377,default,{},witness,1024,2,,true,3,1.412243,0.067605,1.410064,1.473826,1.345754,1.480911,,,,,,,,not-applicable,,,,,,,,,,,,,,,,,,measured,matched Groth16 curve pilot; no protocol-superiority claim,measurement,true
C2-CONTROLLED-SNARK,controlled-groth16-bls12-377-pilot-v1,5779a2e1a58ed1c2fdb55d75e845aefd0e2692b0,8a98b19a81b13daee2dab5016c2d6443d33240ba10559a49b8af6df16232a769,controlled_kernel,ark-groth16-0.5.0-bls12-377,default,{},witness,1024,4,,true,3,1.397537,0.169165,1.411777,1.544396,1.221703,1.559132,,,,,,,,not-applicable,,,,,,,,,,,,,,,,,,measured,matched Groth16 curve pilot; no protocol-superiority claim,measurement,true
