run_id,timestamp,claim_id,experiment_id,workload,variant,adapter_commit,config_hash,seed,repetition,order_index,parameter_set,parameters_json,input_scale,native_work_units,threads,cores_visible,phase,latency_ms,cpu_time_ms,peak_rss_mb,proof_bytes,verify_ok,exit_code,error_type,page_faults,process_read_bytes,process_write_bytes,peak_swap_mb,ram_per_application_unit,process_counter_provider,measurement_scope,energy_joules,energy_source,cold_start,invalid_proof_kind,rejection_latency_ms,metric_unavailable_reason,boundary_reason,evidence_class,result_scope,run_role,recorded,phase_supported,phase_status,phase_metrics_json,constraints,public_inputs,native_relation_size,relation_unit,counter_sampling_interval_ms,counter_samples
6d5acc31-7b24-42de-b298-833ae80902d7,2026-08-09T03:24:47.617209+00:00,C4-BULLETPROOFS-SPECIALIZED,bulletproofs-range-pilot-v1,private_swap,bulletproofs-5.0.0-ristretto,47bfac70c1d6594282e7d744ebd8fa5bb594e5d3,bbc0b1a10dec6a35e8a7bb12148f97382d31ec9a72801a9734eae70aae800557,4974802403425822671,0,0,range32-aggregate,"{""range_bits"":32}",2,2,1,16,native_execution,0.185606,,,,,,,,,,,,,phase,,,true,,,,,measured,specialized Bulletproofs range baseline; validate bundle before paper reporting,os_cache_primer,false,true,ok,"{""aggregate_values"":4.0,""application_units"":2.0,""fixture_digest"":4254140629110128.0,""range_bits"":32.0}",,,,,,
6d5acc31-7b24-42de-b298-833ae80902d7,2026-08-09T03:24:47.617284+00:00,C4-BULLETPROOFS-SPECIALIZED,bulletproofs-range-pilot-v1,private_swap,bulletproofs-5.0.0-ristretto,47bfac70c1d6594282e7d744ebd8fa5bb594e5d3,bbc0b1a10dec6a35e8a7bb12148f97382d31ec9a72801a9734eae70aae800557,4974802403425822671,0,0,range32-aggregate,"{""range_bits"":32}",2,2,1,16,setup_or_preprocess,,,,,,,,,,,,,,phase,,,true,,,Bulletproofs range generators are fixed and setup-free,,measured,specialized Bulletproofs range baseline; validate bundle before paper reporting,os_cache_primer,false,false,unsupported,{},,,,,,
6d5acc31-7b24-42de-b298-833ae80902d7,2026-08-09T03:24:47.617306+00:00,C4-BULLETPROOFS-SPECIALIZED,bulletproofs-range-pilot-v1,private_swap,bulletproofs-5.0.0-ristretto,47bfac70c1d6594282e7d744ebd8fa5bb594e5d3,bbc0b1a10dec6a35e8a7bb12148f97382d31ec9a72801a9734eae70aae800557,4974802403425822671,0,0,range32-aggregate,"{""range_bits"":32}",2,2,1,16,key_load,,,,,,,,,,,,,,phase,,,true,,,the range-proof API has no serialized proving or verification key,,measured,specialized Bulletproofs range baseline; validate bundle before paper reporting,os_cache_primer,false,false,unsupported,{},,,,,,
6d5acc31-7b24-42de-b298-833ae80902d7,2026-08-09T03:24:47.617322+00:00,C4-BULLETPROOFS-SPECIALIZED,bulletproofs-range-pilot-v1,private_swap,bulletproofs-5.0.0-ristretto,47bfac70c1d6594282e7d744ebd8fa5bb594e5d3,bbc0b1a10dec6a35e8a7bb12148f97382d31ec9a72801a9734eae70aae800557,4974802403425822671,0,0,range32-aggregate,"{""range_bits"":32}",2,2,1,16,witness,0.519197,,,,,,,,,,,,,phase,,,true,,,,,measured,specialized Bulletproofs range baseline; validate bundle before paper reporting,os_cache_primer,false,true,ok,"{""aggregate_values"":4.0,""range_bits"":32.0}",,,,,,
6d5acc31-7b24-42de-b298-833ae80902d7,2026-08-09T03:24:47.617338+00:00,C4-BULLETPROOFS-SPECIALIZED,bulletproofs-range-pilot-v1,private_swap,bulletproofs-5.0.0-ristretto,47bfac70c1d6594282e7d744ebd8fa5bb594e5d3,bbc0b1a10dec6a35e8a7bb12148f97382d31ec9a72801a9734eae70aae800557,4974802403425822671,0,0,range32-aggregate,"{""range_bits"":32}",2,2,1,16,prove_total,13.571354,,,,,,,,,,,,,phase,,,true,,,,,measured,specialized Bulletproofs range baseline; validate bundle before paper reporting,os_cache_primer,false,true,ok,"{""aggregate_values"":4.0,""range_bits"":32.0}",,,,,,
6d5acc31-7b24-42de-b298-833ae80902d7,2026-08-09T03:24:47.617353+00:00,C4-BULLETPROOFS-SPECIALIZED,bulletproofs-range-pilot-v1,private_swap,bulletproofs-5.0.0-ristretto,47bfac70c1d6594282e7d744ebd8fa5bb594e5d3,bbc0b1a10dec6a35e8a7bb12148f97382d31ec9a72801a9734eae70aae800557,4974802403425822671,0,0,range32-aggregate,"{""range_bits"":32}",2,2,1,16,serialize,0.001883,,,,,,,,,,,,,phase,,,true,,,,,measured,specialized Bulletproofs range baseline; validate bundle before paper reporting,os_cache_primer,false,true,ok,"{""proof_bytes"":736.0}",,,,,,
6d5acc31-7b24-42de-b298-833ae80902d7,2026-08-09T03:24:47.617366+00:00,C4-BULLETPROOFS-SPECIALIZED,bulletproofs-range-pilot-v1,private_swap,bulletproofs-5.0.0-ristretto,47bfac70c1d6594282e7d744ebd8fa5bb594e5d3,bbc0b1a10dec6a35e8a7bb12148f97382d31ec9a72801a9734eae70aae800557,4974802403425822671,0,0,range32-aggregate,"{""range_bits"":32}",2,2,1,16,verify_core,1.703641,,,,,,,,,,,,,phase,,,true,,,,,measured,specialized Bulletproofs range baseline; validate bundle before paper reporting,os_cache_primer,false,true,ok,"{""aggregate_values"":4.0}",,,,,,
6d5acc31-7b24-42de-b298-833ae80902d7,2026-08-09T03:24:47.617380+00:00,C4-BULLETPROOFS-SPECIALIZED,bulletproofs-range-pilot-v1,private_swap,bulletproofs-5.0.0-ristretto,47bfac70c1d6594282e7d744ebd8fa5bb594e5d3,bbc0b1a10dec6a35e8a7bb12148f97382d31ec9a72801a9734eae70aae800557,4974802403425822671,0,0,range32-aggregate,"{""range_bits"":32}",2,2,1,16,verify_total,1.703641,,,,,,,,,,,,,phase,,,true,,,,,measured,specialized Bulletproofs range baseline; validate bundle before paper reporting,os_cache_primer,false,true,ok,{},,,,,,
6d5acc31-7b24-42de-b298-833ae80902d7,2026-08-09T03:24:47.617394+00:00,C4-BULLETPROOFS-SPECIALIZED,bulletproofs-range-pilot-v1,private_swap,bulletproofs-5.0.0-ristretto,47bfac70c1d6594282e7d744ebd8fa5bb594e5d3,bbc0b1a10dec6a35e8a7bb12148f97382d31ec9a72801a9734eae70aae800557,4974802403425822671,0,0,range32-aggregate,"{""range_bits"":32}",2,2,1,16,adapter_process_wall,69.535273,20.000000,3.148438,736,true,0,,382,956,,,,linux-procfs,process,,,true,,,"private commit and per-process swap I/O are unavailable; VmSwap reports allocation, not swap traffic; No documented hardware or OS energy counter is configured in WSL2",,measured,specialized Bulletproofs range baseline; validate bundle before paper reporting,os_cache_primer,false,true,ok,{},128,4,128,range_bits,5.0,13
2e25866b-0aa3-445a-86b2-2f46d9dbe4ef,2026-08-09T03:24:47.687189+00:00,C4-BULLETPROOFS-SPECIALIZED,bulletproofs-range-pilot-v1,private_swap,bulletproofs-5.0.0-ristretto,47bfac70c1d6594282e7d744ebd8fa5bb594e5d3,bbc0b1a10dec6a35e8a7bb12148f97382d31ec9a72801a9734eae70aae800557,250144483650823317,0,1,range32-aggregate,"{""range_bits"":32}",2,2,2,16,native_execution,0.176568,,,,,,,,,,,,,phase,,,true,,,,,measured,specialized Bulletproofs range baseline; validate bundle before paper reporting,os_cache_primer,false,true,ok,"{""aggregate_values"":4.0,""application_units"":2.0,""fixture_digest"":256144405664902.0,""range_bits"":32.0}",,,,,,
2e25866b-0aa3-445a-86b2-2f46d9dbe4ef,2026-08-09T03:24:47.687308+00:00,C4-BULLETPROOFS-SPECIALIZED,bulletproofs-range-pilot-v1,private_swap,bulletproofs-5.0.0-ristretto,47bfac70c1d6594282e7d744ebd8fa5bb594e5d3,bbc0b1a10dec6a35e8a7bb12148f97382d31ec9a72801a9734eae70aae800557,250144483650823317,0,1,range32-aggregate,"{""range_bits"":32}",2,2,2,16,setup_or_preprocess,,,,,,,,,,,,,,phase,,,true,,,Bulletproofs range generators are fixed and setup-free,,measured,specialized Bulletproofs range baseline; validate bundle before paper reporting,os_cache_primer,false,false,unsupported,{},,,,,,
2e25866b-0aa3-445a-86b2-2f46d9dbe4ef,2026-08-09T03:24:47.687340+00:00,C4-BULLETPROOFS-SPECIALIZED,bulletproofs-range-pilot-v1,private_swap,bulletproofs-5.0.0-ristretto,47bfac70c1d6594282e7d744ebd8fa5bb594e5d3,bbc0b1a10dec6a35e8a7bb12148f97382d31ec9a72801a9734eae70aae800557,250144483650823317,0,1,range32-aggregate,"{""range_bits"":32}",2,2,2,16,key_load,,,,,,,,,,,,,,phase,,,true,,,the range-proof API has no serialized proving or verification key,,measured,specialized Bulletproofs range baseline; validate bundle before paper reporting,os_cache_primer,false,false,unsupported,{},,,,,,
2e25866b-0aa3-445a-86b2-2f46d9dbe4ef,2026-08-09T03:24:47.687366+00:00,C4-BULLETPROOFS-SPECIALIZED,bulletproofs-range-pilot-v1,private_swap,bulletproofs-5.0.0-ristretto,47bfac70c1d6594282e7d744ebd8fa5bb594e5d3,bbc0b1a10dec6a35e8a7bb12148f97382d31ec9a72801a9734eae70aae800557,250144483650823317,0,1,range32-aggregate,"{""range_bits"":32}",2,2,2,16,witness,0.717185,,,,,,,,,,,,,phase,,,true,,,,,measured,specialized Bulletproofs range baseline; validate bundle before paper reporting,os_cache_primer,false,true,ok,"{""aggregate_values"":4.0,""range_bits"":32.0}",,,,,,
2e25866b-0aa3-445a-86b2-2f46d9dbe4ef,2026-08-09T03:24:47.687393+00:00,C4-BULLETPROOFS-SPECIALIZED,bulletproofs-range-pilot-v1,private_swap,bulletproofs-5.0.0-ristretto,47bfac70c1d6594282e7d744ebd8fa5bb594e5d3,bbc0b1a10dec6a35e8a7bb12148f97382d31ec9a72801a9734eae70aae800557,250144483650823317,0,1,range32-aggregate,"{""range_bits"":32}",2,2,2,16,prove_total,13.813813,,,,,,,,,,,,,phase,,,true,,,,,measured,specialized Bulletproofs range baseline; validate bundle before paper reporting,os_cache_primer,false,true,ok,"{""aggregate_values"":4.0,""range_bits"":32.0}",,,,,,
2e25866b-0aa3-445a-86b2-2f46d9dbe4ef,2026-08-09T03:24:47.687477+00:00,C4-BULLETPROOFS-SPECIALIZED,bulletproofs-range-pilot-v1,private_swap,bulletproofs-5.0.0-ristretto,47bfac70c1d6594282e7d744ebd8fa5bb594e5d3,bbc0b1a10dec6a35e8a7bb12148f97382d31ec9a72801a9734eae70aae800557,250144483650823317,0,1,range32-aggregate,"{""range_bits"":32}",2,2,2,16,serialize,0.001823,,,,,,,,,,,,,phase,,,true,,,,,measured,specialized Bulletproofs range baseline; validate bundle before paper reporting,os_cache_primer,false,true,ok,"{""proof_bytes"":736.0}",,,,,,
2e25866b-0aa3-445a-86b2-2f46d9dbe4ef,2026-08-09T03:24:47.687517+00:00,C4-BULLETPROOFS-SPECIALIZED,bulletproofs-range-pilot-v1,private_swap,bulletproofs-5.0.0-ristretto,47bfac70c1d6594282e7d744ebd8fa5bb594e5d3,bbc0b1a10dec6a35e8a7bb12148f97382d31ec9a72801a9734eae70aae800557,250144483650823317,0,1,range32-aggregate,"{""range_bits"":32}",2,2,2,16,verify_core,1.712582,,,,,,,,,,,,,phase,,,true,,,,,measured,specialized Bulletproofs range baseline; validate bundle before paper reporting,os_cache_primer,false,true,ok,"{""aggregate_values"":4.0}",,,,,,
2e25866b-0aa3-445a-86b2-2f46d9dbe4ef,2026-08-09T03:24:47.687540+00:00,C4-BULLETPROOFS-SPECIALIZED,bulletproofs-range-pilot-v1,private_swap,bulletproofs-5.0.0-ristretto,47bfac70c1d6594282e7d744ebd8fa5bb594e5d3,bbc0b1a10dec6a35e8a7bb12148f97382d31ec9a72801a9734eae70aae800557,250144483650823317,0,1,range32-aggregate,"{""range_bits"":32}",2,2,2,16,verify_total,1.712582,,,,,,,,,,,,,phase,,,true,,,,,measured,specialized Bulletproofs range baseline; validate bundle before paper reporting,os_cache_primer,false,true,ok,{},,,,,,
2e25866b-0aa3-445a-86b2-2f46d9dbe4ef,2026-08-09T03:24:47.687561+00:00,C4-BULLETPROOFS-SPECIALIZED,bulletproofs-range-pilot-v1,private_swap,bulletproofs-5.0.0-ristretto,47bfac70c1d6594282e7d744ebd8fa5bb594e5d3,bbc0b1a10dec6a35e8a7bb12148f97382d31ec9a72801a9734eae70aae800557,250144483650823317,0,1,range32-aggregate,"{""range_bits"":32}",2,2,2,16,adapter_process_wall,68.842099,10.000000,3.257812,736,true,0,,380,956,,,,linux-procfs,process,,,true,,,"Linux procfs read failed: [Errno 13] Permission denied: '/proc/447/io'; private commit and per-process swap I/O are unavailable; VmSwap reports allocation, not swap traffic; No documented hardware or OS energy counter is configured in WSL2",,measured,specialized Bulletproofs range baseline; validate bundle before paper reporting,os_cache_primer,false,true,ok,{},128,4,128,range_bits,5.0,12
076f3c15-3ed8-45f4-b454-9641d7315e73,2026-08-09T03:24:47.763547+00:00,C4-BULLETPROOFS-SPECIALIZED,bulletproofs-range-pilot-v1,private_swap,bulletproofs-5.0.0-ristretto,47bfac70c1d6594282e7d744ebd8fa5bb594e5d3,bbc0b1a10dec6a35e8a7bb12148f97382d31ec9a72801a9734eae70aae800557,5657675289357611829,0,2,range32-aggregate,"{""range_bits"":32}",2,2,4,16,native_execution,0.180210,,,,,,,,,,,,,phase,,,true,,,,,measured,specialized Bulletproofs range baseline; validate bundle before paper reporting,os_cache_primer,false,true,ok,"{""aggregate_values"":4.0,""application_units"":2.0,""fixture_digest"":3166559631953932.0,""range_bits"":32.0}",,,,,,
076f3c15-3ed8-45f4-b454-9641d7315e73,2026-08-09T03:24:47.763613+00:00,C4-BULLETPROOFS-SPECIALIZED,bulletproofs-range-pilot-v1,private_swap,bulletproofs-5.0.0-ristretto,47bfac70c1d6594282e7d744ebd8fa5bb594e5d3,bbc0b1a10dec6a35e8a7bb12148f97382d31ec9a72801a9734eae70aae800557,5657675289357611829,0,2,range32-aggregate,"{""range_bits"":32}",2,2,4,16,setup_or_preprocess,,,,,,,,,,,,,,phase,,,true,,,Bulletproofs range generators are fixed and setup-free,,measured,specialized Bulletproofs range baseline; validate bundle before paper reporting,os_cache_primer,false,false,unsupported,{},,,,,,
076f3c15-3ed8-45f4-b454-9641d7315e73,2026-08-09T03:24:47.763631+00:00,C4-BULLETPROOFS-SPECIALIZED,bulletproofs-range-pilot-v1,private_swap,bulletproofs-5.0.0-ristretto,47bfac70c1d6594282e7d744ebd8fa5bb594e5d3,bbc0b1a10dec6a35e8a7bb12148f97382d31ec9a72801a9734eae70aae800557,5657675289357611829,0,2,range32-aggregate,"{""range_bits"":32}",2,2,4,16,key_load,,,,,,,,,,,,,,phase,,,true,,,the range-proof API has no serialized proving or verification key,,measured,specialized Bulletproofs range baseline; validate bundle before paper reporting,os_cache_primer,false,false,unsupported,{},,,,,,
076f3c15-3ed8-45f4-b454-9641d7315e73,2026-08-09T03:24:47.763645+00:00,C4-BULLETPROOFS-SPECIALIZED,bulletproofs-range-pilot-v1,private_swap,bulletproofs-5.0.0-ristretto,47bfac70c1d6594282e7d744ebd8fa5bb594e5d3,bbc0b1a10dec6a35e8a7bb12148f97382d31ec9a72801a9734eae70aae800557,5657675289357611829,0,2,range32-aggregate,"{""range_bits"":32}",2,2,4,16,witness,0.467149,,,,,,,,,,,,,phase,,,true,,,,,measured,specialized Bulletproofs range baseline; validate bundle before paper reporting,os_cache_primer,false,true,ok,"{""aggregate_values"":4.0,""range_bits"":32.0}",,,,,,
076f3c15-3ed8-45f4-b454-9641d7315e73,2026-08-09T03:24:47.763661+00:00,C4-BULLETPROOFS-SPECIALIZED,bulletproofs-range-pilot-v1,private_swap,bulletproofs-5.0.0-ristretto,47bfac70c1d6594282e7d744ebd8fa5bb594e5d3,bbc0b1a10dec6a35e8a7bb12148f97382d31ec9a72801a9734eae70aae800557,5657675289357611829,0,2,range32-aggregate,"{""range_bits"":32}",2,2,4,16,prove_total,13.712772,,,,,,,,,,,,,phase,,,true,,,,,measured,specialized Bulletproofs range baseline; validate bundle before paper reporting,os_cache_primer,false,true,ok,"{""aggregate_values"":4.0,""range_bits"":32.0}",,,,,,
076f3c15-3ed8-45f4-b454-9641d7315e73,2026-08-09T03:24:47.763676+00:00,C4-BULLETPROOFS-SPECIALIZED,bulletproofs-range-pilot-v1,private_swap,bulletproofs-5.0.0-ristretto,47bfac70c1d6594282e7d744ebd8fa5bb594e5d3,bbc0b1a10dec6a35e8a7bb12148f97382d31ec9a72801a9734eae70aae800557,5657675289357611829,0,2,range32-aggregate,"{""range_bits"":32}",2,2,4,16,serialize,0.001623,,,,,,,,,,,,,phase,,,true,,,,,measured,specialized Bulletproofs range baseline; validate bundle before paper reporting,os_cache_primer,false,true,ok,"{""proof_bytes"":736.0}",,,,,,
076f3c15-3ed8-45f4-b454-9641d7315e73,2026-08-09T03:24:47.763689+00:00,C4-BULLETPROOFS-SPECIALIZED,bulletproofs-range-pilot-v1,private_swap,bulletproofs-5.0.0-ristretto,47bfac70c1d6594282e7d744ebd8fa5bb594e5d3,bbc0b1a10dec6a35e8a7bb12148f97382d31ec9a72801a9734eae70aae800557,5657675289357611829,0,2,range32-aggregate,"{""range_bits"":32}",2,2,4,16,verify_core,2.001450,,,,,,,,,,,,,phase,,,true,,,,,measured,specialized Bulletproofs range baseline; validate bundle before paper reporting,os_cache_primer,false,true,ok,"{""aggregate_values"":4.0}",,,,,,
076f3c15-3ed8-45f4-b454-9641d7315e73,2026-08-09T03:24:47.763703+00:00,C4-BULLETPROOFS-SPECIALIZED,bulletproofs-range-pilot-v1,private_swap,bulletproofs-5.0.0-ristretto,47bfac70c1d6594282e7d744ebd8fa5bb594e5d3,bbc0b1a10dec6a35e8a7bb12148f97382d31ec9a72801a9734eae70aae800557,5657675289357611829,0,2,range32-aggregate,"{""range_bits"":32}",2,2,4,16,verify_total,2.001450,,,,,,,,,,,,,phase,,,true,,,,,measured,specialized Bulletproofs range baseline; validate bundle before paper reporting,os_cache_primer,false,true,ok,{},,,,,,
076f3c15-3ed8-45f4-b454-9641d7315e73,2026-08-09T03:24:47.763716+00:00,C4-BULLETPROOFS-SPECIALIZED,bulletproofs-range-pilot-v1,private_swap,bulletproofs-5.0.0-ristretto,47bfac70c1d6594282e7d744ebd8fa5bb594e5d3,bbc0b1a10dec6a35e8a7bb12148f97382d31ec9a72801a9734eae70aae800557,5657675289357611829,0,2,range32-aggregate,"{""range_bits"":32}",2,2,4,16,adapter_process_wall,74.473728,,3.277344,736,true,0,,380,956,,,,linux-procfs,process,,,true,,,"Linux procfs read failed: [Errno 13] Permission denied: '/proc/449/io'; private commit and per-process swap I/O are unavailable; VmSwap reports allocation, not swap traffic; No documented hardware or OS energy counter is configured in WSL2",,measured,specialized Bulletproofs range baseline; validate bundle before paper reporting,os_cache_primer,false,true,ok,{},128,4,128,range_bits,5.0,13
a35af463-66f8-4f89-a9b1-8123e152c86c,2026-08-09T03:24:47.849477+00:00,C4-BULLETPROOFS-SPECIALIZED,bulletproofs-range-pilot-v1,private_swap,bulletproofs-5.0.0-ristretto,47bfac70c1d6594282e7d744ebd8fa5bb594e5d3,bbc0b1a10dec6a35e8a7bb12148f97382d31ec9a72801a9734eae70aae800557,5472514969598872868,0,3,range32-aggregate,"{""range_bits"":32}",4,4,1,16,native_execution,0.202868,,,,,,,,,,,,,phase,,,true,,,,,measured,specialized Bulletproofs range baseline; validate bundle before paper reporting,os_cache_primer,false,true,ok,"{""aggregate_values"":8.0,""application_units"":4.0,""fixture_digest"":442483843012679.0,""range_bits"":32.0}",,,,,,
a35af463-66f8-4f89-a9b1-8123e152c86c,2026-08-09T03:24:47.849597+00:00,C4-BULLETPROOFS-SPECIALIZED,bulletproofs-range-pilot-v1,private_swap,bulletproofs-5.0.0-ristretto,47bfac70c1d6594282e7d744ebd8fa5bb594e5d3,bbc0b1a10dec6a35e8a7bb12148f97382d31ec9a72801a9734eae70aae800557,5472514969598872868,0,3,range32-aggregate,"{""range_bits"":32}",4,4,1,16,setup_or_preprocess,,,,,,,,,,,,,,phase,,,true,,,Bulletproofs range generators are fixed and setup-free,,measured,specialized Bulletproofs range baseline; validate bundle before paper reporting,os_cache_primer,false,false,unsupported,{},,,,,,
a35af463-66f8-4f89-a9b1-8123e152c86c,2026-08-09T03:24:47.849622+00:00,C4-BULLETPROOFS-SPECIALIZED,bulletproofs-range-pilot-v1,private_swap,bulletproofs-5.0.0-ristretto,47bfac70c1d6594282e7d744ebd8fa5bb594e5d3,bbc0b1a10dec6a35e8a7bb12148f97382d31ec9a72801a9734eae70aae800557,5472514969598872868,0,3,range32-aggregate,"{""range_bits"":32}",4,4,1,16,key_load,,,,,,,,,,,,,,phase,,,true,,,the range-proof API has no serialized proving or verification key,,measured,specialized Bulletproofs range baseline; validate bundle before paper reporting,os_cache_primer,false,false,unsupported,{},,,,,,
a35af463-66f8-4f89-a9b1-8123e152c86c,2026-08-09T03:24:47.849640+00:00,C4-BULLETPROOFS-SPECIALIZED,bulletproofs-range-pilot-v1,private_swap,bulletproofs-5.0.0-ristretto,47bfac70c1d6594282e7d744ebd8fa5bb594e5d3,bbc0b1a10dec6a35e8a7bb12148f97382d31ec9a72801a9734eae70aae800557,5472514969598872868,0,3,range32-aggregate,"{""range_bits"":32}",4,4,1,16,witness,0.490483,,,,,,,,,,,,,phase,,,true,,,,,measured,specialized Bulletproofs range baseline; validate bundle before paper reporting,os_cache_primer,false,true,ok,"{""aggregate_values"":8.0,""range_bits"":32.0}",,,,,,
a35af463-66f8-4f89-a9b1-8123e152c86c,2026-08-09T03:24:47.849658+00:00,C4-BULLETPROOFS-SPECIALIZED,bulletproofs-range-pilot-v1,private_swap,bulletproofs-5.0.0-ristretto,47bfac70c1d6594282e7d744ebd8fa5bb594e5d3,bbc0b1a10dec6a35e8a7bb12148f97382d31ec9a72801a9734eae70aae800557,5472514969598872868,0,3,range32-aggregate,"{""range_bits"":32}",4,4,1,16,prove_total,26.133608,,,,,,,,,,,,,phase,,,true,,,,,measured,specialized Bulletproofs range baseline; validate bundle before paper reporting,os_cache_primer,false,true,ok,"{""aggregate_values"":8.0,""range_bits"":32.0}",,,,,,
a35af463-66f8-4f89-a9b1-8123e152c86c,2026-08-09T03:24:47.849677+00:00,C4-BULLETPROOFS-SPECIALIZED,bulletproofs-range-pilot-v1,private_swap,bulletproofs-5.0.0-ristretto,47bfac70c1d6594282e7d744ebd8fa5bb594e5d3,bbc0b1a10dec6a35e8a7bb12148f97382d31ec9a72801a9734eae70aae800557,5472514969598872868,0,3,range32-aggregate,"{""range_bits"":32}",4,4,1,16,serialize,0.002575,,,,,,,,,,,,,phase,,,true,,,,,measured,specialized Bulletproofs range baseline; validate bundle before paper reporting,os_cache_primer,false,true,ok,"{""proof_bytes"":800.0}",,,,,,
a35af463-66f8-4f89-a9b1-8123e152c86c,2026-08-09T03:24:47.849695+00:00,C4-BULLETPROOFS-SPECIALIZED,bulletproofs-range-pilot-v1,private_swap,bulletproofs-5.0.0-ristretto,47bfac70c1d6594282e7d744ebd8fa5bb594e5d3,bbc0b1a10dec6a35e8a7bb12148f97382d31ec9a72801a9734eae70aae800557,5472514969598872868,0,3,range32-aggregate,"{""range_bits"":32}",4,4,1,16,verify_core,3.221605,,,,,,,,,,,,,phase,,,true,,,,,measured,specialized Bulletproofs range baseline; validate bundle before paper reporting,os_cache_primer,false,true,ok,"{""aggregate_values"":8.0}",,,,,,
a35af463-66f8-4f89-a9b1-8123e152c86c,2026-08-09T03:24:47.849712+00:00,C4-BULLETPROOFS-SPECIALIZED,bulletproofs-range-pilot-v1,private_swap,bulletproofs-5.0.0-ristretto,47bfac70c1d6594282e7d744ebd8fa5bb594e5d3,bbc0b1a10dec6a35e8a7bb12148f97382d31ec9a72801a9734eae70aae800557,5472514969598872868,0,3,range32-aggregate,"{""range_bits"":32}",4,4,1,16,verify_total,3.221605,,,,,,,,,,,,,phase,,,true,,,,,measured,specialized Bulletproofs range baseline; validate bundle before paper reporting,os_cache_primer,false,true,ok,{},,,,,,
a35af463-66f8-4f89-a9b1-8123e152c86c,2026-08-09T03:24:47.849729+00:00,C4-BULLETPROOFS-SPECIALIZED,bulletproofs-range-pilot-v1,private_swap,bulletproofs-5.0.0-ristretto,47bfac70c1d6594282e7d744ebd8fa5bb594e5d3,bbc0b1a10dec6a35e8a7bb12148f97382d31ec9a72801a9734eae70aae800557,5472514969598872868,0,3,range32-aggregate,"{""range_bits"":32}",4,4,1,16,adapter_process_wall,84.862397,30.000000,3.203125,800,true,0,,434,956,,,,linux-procfs,process,,,true,,,"private commit and per-process swap I/O are unavailable; VmSwap reports allocation, not swap traffic; No documented hardware or OS energy counter is configured in WSL2",,measured,specialized Bulletproofs range baseline; validate bundle before paper reporting,os_cache_primer,false,true,ok,{},256,8,256,range_bits,5.0,16
2c367524-cf63-4bdd-86b3-f21e3f0f54d6,2026-08-09T03:24:47.934424+00:00,C4-BULLETPROOFS-SPECIALIZED,bulletproofs-range-pilot-v1,private_swap,bulletproofs-5.0.0-ristretto,47bfac70c1d6594282e7d744ebd8fa5bb594e5d3,bbc0b1a10dec6a35e8a7bb12148f97382d31ec9a72801a9734eae70aae800557,6280486048177271491,0,4,range32-aggregate,"{""range_bits"":32}",4,4,2,16,native_execution,0.174695,,,,,,,,,,,,,phase,,,true,,,,,measured,specialized Bulletproofs range baseline; validate bundle before paper reporting,os_cache_primer,false,true,ok,"{""aggregate_values"":8.0,""application_units"":4.0,""fixture_digest"":1722650824607241.0,""range_bits"":32.0}",,,,,,
2c367524-cf63-4bdd-86b3-f21e3f0f54d6,2026-08-09T03:24:47.934491+00:00,C4-BULLETPROOFS-SPECIALIZED,bulletproofs-range-pilot-v1,private_swap,bulletproofs-5.0.0-ristretto,47bfac70c1d6594282e7d744ebd8fa5bb594e5d3,bbc0b1a10dec6a35e8a7bb12148f97382d31ec9a72801a9734eae70aae800557,6280486048177271491,0,4,range32-aggregate,"{""range_bits"":32}",4,4,2,16,setup_or_preprocess,,,,,,,,,,,,,,phase,,,true,,,Bulletproofs range generators are fixed and setup-free,,measured,specialized Bulletproofs range baseline; validate bundle before paper reporting,os_cache_primer,false,false,unsupported,{},,,,,,
2c367524-cf63-4bdd-86b3-f21e3f0f54d6,2026-08-09T03:24:47.934509+00:00,C4-BULLETPROOFS-SPECIALIZED,bulletproofs-range-pilot-v1,private_swap,bulletproofs-5.0.0-ristretto,47bfac70c1d6594282e7d744ebd8fa5bb594e5d3,bbc0b1a10dec6a35e8a7bb12148f97382d31ec9a72801a9734eae70aae800557,6280486048177271491,0,4,range32-aggregate,"{""range_bits"":32}",4,4,2,16,key_load,,,,,,,,,,,,,,phase,,,true,,,the range-proof API has no serialized proving or verification key,,measured,specialized Bulletproofs range baseline; validate bundle before paper reporting,os_cache_primer,false,false,unsupported,{},,,,,,
2c367524-cf63-4bdd-86b3-f21e3f0f54d6,2026-08-09T03:24:47.934524+00:00,C4-BULLETPROOFS-SPECIALIZED,bulletproofs-range-pilot-v1,private_swap,bulletproofs-5.0.0-ristretto,47bfac70c1d6594282e7d744ebd8fa5bb594e5d3,bbc0b1a10dec6a35e8a7bb12148f97382d31ec9a72801a9734eae70aae800557,6280486048177271491,0,4,range32-aggregate,"{""range_bits"":32}",4,4,2,16,witness,0.502966,,,,,,,,,,,,,phase,,,true,,,,,measured,specialized Bulletproofs range baseline; validate bundle before paper reporting,os_cache_primer,false,true,ok,"{""aggregate_values"":8.0,""range_bits"":32.0}",,,,,,
2c367524-cf63-4bdd-86b3-f21e3f0f54d6,2026-08-09T03:24:47.934538+00:00,C4-BULLETPROOFS-SPECIALIZED,bulletproofs-range-pilot-v1,private_swap,bulletproofs-5.0.0-ristretto,47bfac70c1d6594282e7d744ebd8fa5bb594e5d3,bbc0b1a10dec6a35e8a7bb12148f97382d31ec9a72801a9734eae70aae800557,6280486048177271491,0,4,range32-aggregate,"{""range_bits"":32}",4,4,2,16,prove_total,25.489519,,,,,,,,,,,,,phase,,,true,,,,,measured,specialized Bulletproofs range baseline; validate bundle before paper reporting,os_cache_primer,false,true,ok,"{""aggregate_values"":8.0,""range_bits"":32.0}",,,,,,
2c367524-cf63-4bdd-86b3-f21e3f0f54d6,2026-08-09T03:24:47.934553+00:00,C4-BULLETPROOFS-SPECIALIZED,bulletproofs-range-pilot-v1,private_swap,bulletproofs-5.0.0-ristretto,47bfac70c1d6594282e7d744ebd8fa5bb594e5d3,bbc0b1a10dec6a35e8a7bb12148f97382d31ec9a72801a9734eae70aae800557,6280486048177271491,0,4,range32-aggregate,"{""range_bits"":32}",4,4,2,16,serialize,0.002154,,,,,,,,,,,,,phase,,,true,,,,,measured,specialized Bulletproofs range baseline; validate bundle before paper reporting,os_cache_primer,false,true,ok,"{""proof_bytes"":800.0}",,,,,,
2c367524-cf63-4bdd-86b3-f21e3f0f54d6,2026-08-09T03:24:47.934566+00:00,C4-BULLETPROOFS-SPECIALIZED,bulletproofs-range-pilot-v1,private_swap,bulletproofs-5.0.0-ristretto,47bfac70c1d6594282e7d744ebd8fa5bb594e5d3,bbc0b1a10dec6a35e8a7bb12148f97382d31ec9a72801a9734eae70aae800557,6280486048177271491,0,4,range32-aggregate,"{""range_bits"":32}",4,4,2,16,verify_core,2.838002,,,,,,,,,,,,,phase,,,true,,,,,measured,specialized Bulletproofs range baseline; validate bundle before paper reporting,os_cache_primer,false,true,ok,"{""aggregate_values"":8.0}",,,,,,
2c367524-cf63-4bdd-86b3-f21e3f0f54d6,2026-08-09T03:24:47.934580+00:00,C4-BULLETPROOFS-SPECIALIZED,bulletproofs-range-pilot-v1,private_swap,bulletproofs-5.0.0-ristretto,47bfac70c1d6594282e7d744ebd8fa5bb594e5d3,bbc0b1a10dec6a35e8a7bb12148f97382d31ec9a72801a9734eae70aae800557,6280486048177271491,0,4,range32-aggregate,"{""range_bits"":32}",4,4,2,16,verify_total,2.838002,,,,,,,,,,,,,phase,,,true,,,,,measured,specialized Bulletproofs range baseline; validate bundle before paper reporting,os_cache_primer,false,true,ok,{},,,,,,
2c367524-cf63-4bdd-86b3-f21e3f0f54d6,2026-08-09T03:24:47.934593+00:00,C4-BULLETPROOFS-SPECIALIZED,bulletproofs-range-pilot-v1,private_swap,bulletproofs-5.0.0-ristretto,47bfac70c1d6594282e7d744ebd8fa5bb594e5d3,bbc0b1a10dec6a35e8a7bb12148f97382d31ec9a72801a9734eae70aae800557,6280486048177271491,0,4,range32-aggregate,"{""range_bits"":32}",4,4,2,16,adapter_process_wall,83.774895,20.000000,3.128906,800,true,0,,430,956,,,,linux-procfs,process,,,true,,,"Linux procfs read failed: [Errno 2] No such file or directory: '/proc/453/status'; private commit and per-process swap I/O are unavailable; VmSwap reports allocation, not swap traffic; No documented hardware or OS energy counter is configured in WSL2",,measured,specialized Bulletproofs range baseline; validate bundle before paper reporting,os_cache_primer,false,true,ok,{},256,8,256,range_bits,5.0,15
e4d135c7-23a9-4642-80c1-b89dbf709149,2026-08-09T03:24:48.020559+00:00,C4-BULLETPROOFS-SPECIALIZED,bulletproofs-range-pilot-v1,private_swap,bulletproofs-5.0.0-ristretto,47bfac70c1d6594282e7d744ebd8fa5bb594e5d3,bbc0b1a10dec6a35e8a7bb12148f97382d31ec9a72801a9734eae70aae800557,2699401010016181909,0,5,range32-aggregate,"{""range_bits"":32}",4,4,4,16,native_execution,0.214950,,,,,,,,,,,,,phase,,,true,,,,,measured,specialized Bulletproofs range baseline; validate bundle before paper reporting,os_cache_primer,false,true,ok,"{""aggregate_values"":8.0,""application_units"":4.0,""fixture_digest"":38457625999592.0,""range_bits"":32.0}",,,,,,
e4d135c7-23a9-4642-80c1-b89dbf709149,2026-08-09T03:24:48.020636+00:00,C4-BULLETPROOFS-SPECIALIZED,bulletproofs-range-pilot-v1,private_swap,bulletproofs-5.0.0-ristretto,47bfac70c1d6594282e7d744ebd8fa5bb594e5d3,bbc0b1a10dec6a35e8a7bb12148f97382d31ec9a72801a9734eae70aae800557,2699401010016181909,0,5,range32-aggregate,"{""range_bits"":32}",4,4,4,16,setup_or_preprocess,,,,,,,,,,,,,,phase,,,true,,,Bulletproofs range generators are fixed and setup-free,,measured,specialized Bulletproofs range baseline; validate bundle before paper reporting,os_cache_primer,false,false,unsupported,{},,,,,,
e4d135c7-23a9-4642-80c1-b89dbf709149,2026-08-09T03:24:48.020658+00:00,C4-BULLETPROOFS-SPECIALIZED,bulletproofs-range-pilot-v1,private_swap,bulletproofs-5.0.0-ristretto,47bfac70c1d6594282e7d744ebd8fa5bb594e5d3,bbc0b1a10dec6a35e8a7bb12148f97382d31ec9a72801a9734eae70aae800557,2699401010016181909,0,5,range32-aggregate,"{""range_bits"":32}",4,4,4,16,key_load,,,,,,,,,,,,,,phase,,,true,,,the range-proof API has no serialized proving or verification key,,measured,specialized Bulletproofs range baseline; validate bundle before paper reporting,os_cache_primer,false,false,unsupported,{},,,,,,
e4d135c7-23a9-4642-80c1-b89dbf709149,2026-08-09T03:24:48.020677+00:00,C4-BULLETPROOFS-SPECIALIZED,bulletproofs-range-pilot-v1,private_swap,bulletproofs-5.0.0-ristretto,47bfac70c1d6594282e7d744ebd8fa5bb594e5d3,bbc0b1a10dec6a35e8a7bb12148f97382d31ec9a72801a9734eae70aae800557,2699401010016181909,0,5,range32-aggregate,"{""range_bits"":32}",4,4,4,16,witness,0.481586,,,,,,,,,,,,,phase,,,true,,,,,measured,specialized Bulletproofs range baseline; validate bundle before paper reporting,os_cache_primer,false,true,ok,"{""aggregate_values"":8.0,""range_bits"":32.0}",,,,,,
e4d135c7-23a9-4642-80c1-b89dbf709149,2026-08-09T03:24:48.020695+00:00,C4-BULLETPROOFS-SPECIALIZED,bulletproofs-range-pilot-v1,private_swap,bulletproofs-5.0.0-ristretto,47bfac70c1d6594282e7d744ebd8fa5bb594e5d3,bbc0b1a10dec6a35e8a7bb12148f97382d31ec9a72801a9734eae70aae800557,2699401010016181909,0,5,range32-aggregate,"{""range_bits"":32}",4,4,4,16,prove_total,25.813285,,,,,,,,,,,,,phase,,,true,,,,,measured,specialized Bulletproofs range baseline; validate bundle before paper reporting,os_cache_primer,false,true,ok,"{""aggregate_values"":8.0,""range_bits"":32.0}",,,,,,
e4d135c7-23a9-4642-80c1-b89dbf709149,2026-08-09T03:24:48.020713+00:00,C4-BULLETPROOFS-SPECIALIZED,bulletproofs-range-pilot-v1,private_swap,bulletproofs-5.0.0-ristretto,47bfac70c1d6594282e7d744ebd8fa5bb594e5d3,bbc0b1a10dec6a35e8a7bb12148f97382d31ec9a72801a9734eae70aae800557,2699401010016181909,0,5,range32-aggregate,"{""range_bits"":32}",4,4,4,16,serialize,0.002034,,,,,,,,,,,,,phase,,,true,,,,,measured,specialized Bulletproofs range baseline; validate bundle before paper reporting,os_cache_primer,false,true,ok,"{""proof_bytes"":800.0}",,,,,,
e4d135c7-23a9-4642-80c1-b89dbf709149,2026-08-09T03:24:48.020731+00:00,C4-BULLETPROOFS-SPECIALIZED,bulletproofs-range-pilot-v1,private_swap,bulletproofs-5.0.0-ristretto,47bfac70c1d6594282e7d744ebd8fa5bb594e5d3,bbc0b1a10dec6a35e8a7bb12148f97382d31ec9a72801a9734eae70aae800557,2699401010016181909,0,5,range32-aggregate,"{""range_bits"":32}",4,4,4,16,verify_core,2.775385,,,,,,,,,,,,,phase,,,true,,,,,measured,specialized Bulletproofs range baseline; validate bundle before paper reporting,os_cache_primer,false,true,ok,"{""aggregate_values"":8.0}",,,,,,
e4d135c7-23a9-4642-80c1-b89dbf709149,2026-08-09T03:24:48.020747+00:00,C4-BULLETPROOFS-SPECIALIZED,bulletproofs-range-pilot-v1,private_swap,bulletproofs-5.0.0-ristretto,47bfac70c1d6594282e7d744ebd8fa5bb594e5d3,bbc0b1a10dec6a35e8a7bb12148f97382d31ec9a72801a9734eae70aae800557,2699401010016181909,0,5,range32-aggregate,"{""range_bits"":32}",4,4,4,16,verify_total,2.775385,,,,,,,,,,,,,phase,,,true,,,,,measured,specialized Bulletproofs range baseline; validate bundle before paper reporting,os_cache_primer,false,true,ok,{},,,,,,
e4d135c7-23a9-4642-80c1-b89dbf709149,2026-08-09T03:24:48.020764+00:00,C4-BULLETPROOFS-SPECIALIZED,bulletproofs-range-pilot-v1,private_swap,bulletproofs-5.0.0-ristretto,47bfac70c1d6594282e7d744ebd8fa5bb594e5d3,bbc0b1a10dec6a35e8a7bb12148f97382d31ec9a72801a9734eae70aae800557,2699401010016181909,0,5,range32-aggregate,"{""range_bits"":32}",4,4,4,16,adapter_process_wall,85.185771,20.000000,3.218750,800,true,0,,431,956,,,,linux-procfs,process,,,true,,,"private commit and per-process swap I/O are unavailable; VmSwap reports allocation, not swap traffic; No documented hardware or OS energy counter is configured in WSL2",,measured,specialized Bulletproofs range baseline; validate bundle before paper reporting,os_cache_primer,false,true,ok,{},256,8,256,range_bits,5.0,16
dea0eb4f-8829-4e48-b87b-de098630446c,2026-08-09T03:24:48.135033+00:00,C4-BULLETPROOFS-SPECIALIZED,bulletproofs-range-pilot-v1,private_swap,bulletproofs-5.0.0-ristretto,47bfac70c1d6594282e7d744ebd8fa5bb594e5d3,bbc0b1a10dec6a35e8a7bb12148f97382d31ec9a72801a9734eae70aae800557,1065168262270107671,0,6,range32-aggregate,"{""range_bits"":32}",8,8,1,16,native_execution,0.210322,,,,,,,,,,,,,phase,,,true,,,,,measured,specialized Bulletproofs range baseline; validate bundle before paper reporting,os_cache_primer,false,true,ok,"{""aggregate_values"":16.0,""application_units"":8.0,""fixture_digest"":636150759314767.0,""range_bits"":32.0}",,,,,,
dea0eb4f-8829-4e48-b87b-de098630446c,2026-08-09T03:24:48.135101+00:00,C4-BULLETPROOFS-SPECIALIZED,bulletproofs-range-pilot-v1,private_swap,bulletproofs-5.0.0-ristretto,47bfac70c1d6594282e7d744ebd8fa5bb594e5d3,bbc0b1a10dec6a35e8a7bb12148f97382d31ec9a72801a9734eae70aae800557,1065168262270107671,0,6,range32-aggregate,"{""range_bits"":32}",8,8,1,16,setup_or_preprocess,,,,,,,,,,,,,,phase,,,true,,,Bulletproofs range generators are fixed and setup-free,,measured,specialized Bulletproofs range baseline; validate bundle before paper reporting,os_cache_primer,false,false,unsupported,{},,,,,,
dea0eb4f-8829-4e48-b87b-de098630446c,2026-08-09T03:24:48.135119+00:00,C4-BULLETPROOFS-SPECIALIZED,bulletproofs-range-pilot-v1,private_swap,bulletproofs-5.0.0-ristretto,47bfac70c1d6594282e7d744ebd8fa5bb594e5d3,bbc0b1a10dec6a35e8a7bb12148f97382d31ec9a72801a9734eae70aae800557,1065168262270107671,0,6,range32-aggregate,"{""range_bits"":32}",8,8,1,16,key_load,,,,,,,,,,,,,,phase,,,true,,,the range-proof API has no serialized proving or verification key,,measured,specialized Bulletproofs range baseline; validate bundle before paper reporting,os_cache_primer,false,false,unsupported,{},,,,,,
dea0eb4f-8829-4e48-b87b-de098630446c,2026-08-09T03:24:48.135134+00:00,C4-BULLETPROOFS-SPECIALIZED,bulletproofs-range-pilot-v1,private_swap,bulletproofs-5.0.0-ristretto,47bfac70c1d6594282e7d744ebd8fa5bb594e5d3,bbc0b1a10dec6a35e8a7bb12148f97382d31ec9a72801a9734eae70aae800557,1065168262270107671,0,6,range32-aggregate,"{""range_bits"":32}",8,8,1,16,witness,0.508961,,,,,,,,,,,,,phase,,,true,,,,,measured,specialized Bulletproofs range baseline; validate bundle before paper reporting,os_cache_primer,false,true,ok,"{""aggregate_values"":16.0,""range_bits"":32.0}",,,,,,
dea0eb4f-8829-4e48-b87b-de098630446c,2026-08-09T03:24:48.135150+00:00,C4-BULLETPROOFS-SPECIALIZED,bulletproofs-range-pilot-v1,private_swap,bulletproofs-5.0.0-ristretto,47bfac70c1d6594282e7d744ebd8fa5bb594e5d3,bbc0b1a10dec6a35e8a7bb12148f97382d31ec9a72801a9734eae70aae800557,1065168262270107671,0,6,range32-aggregate,"{""range_bits"":32}",8,8,1,16,prove_total,48.558723,,,,,,,,,,,,,phase,,,true,,,,,measured,specialized Bulletproofs range baseline; validate bundle before paper reporting,os_cache_primer,false,true,ok,"{""aggregate_values"":16.0,""range_bits"":32.0}",,,,,,
dea0eb4f-8829-4e48-b87b-de098630446c,2026-08-09T03:24:48.135165+00:00,C4-BULLETPROOFS-SPECIALIZED,bulletproofs-range-pilot-v1,private_swap,bulletproofs-5.0.0-ristretto,47bfac70c1d6594282e7d744ebd8fa5bb594e5d3,bbc0b1a10dec6a35e8a7bb12148f97382d31ec9a72801a9734eae70aae800557,1065168262270107671,0,6,range32-aggregate,"{""range_bits"":32}",8,8,1,16,serialize,0.002494,,,,,,,,,,,,,phase,,,true,,,,,measured,specialized Bulletproofs range baseline; validate bundle before paper reporting,os_cache_primer,false,true,ok,"{""proof_bytes"":864.0}",,,,,,
dea0eb4f-8829-4e48-b87b-de098630446c,2026-08-09T03:24:48.135180+00:00,C4-BULLETPROOFS-SPECIALIZED,bulletproofs-range-pilot-v1,private_swap,bulletproofs-5.0.0-ristretto,47bfac70c1d6594282e7d744ebd8fa5bb594e5d3,bbc0b1a10dec6a35e8a7bb12148f97382d31ec9a72801a9734eae70aae800557,1065168262270107671,0,6,range32-aggregate,"{""range_bits"":32}",8,8,1,16,verify_core,4.729601,,,,,,,,,,,,,phase,,,true,,,,,measured,specialized Bulletproofs range baseline; validate bundle before paper reporting,os_cache_primer,false,true,ok,"{""aggregate_values"":16.0}",,,,,,
dea0eb4f-8829-4e48-b87b-de098630446c,2026-08-09T03:24:48.135193+00:00,C4-BULLETPROOFS-SPECIALIZED,bulletproofs-range-pilot-v1,private_swap,bulletproofs-5.0.0-ristretto,47bfac70c1d6594282e7d744ebd8fa5bb594e5d3,bbc0b1a10dec6a35e8a7bb12148f97382d31ec9a72801a9734eae70aae800557,1065168262270107671,0,6,range32-aggregate,"{""range_bits"":32}",8,8,1,16,verify_total,4.729601,,,,,,,,,,,,,phase,,,true,,,,,measured,specialized Bulletproofs range baseline; validate bundle before paper reporting,os_cache_primer,false,true,ok,{},,,,,,
dea0eb4f-8829-4e48-b87b-de098630446c,2026-08-09T03:24:48.135207+00:00,C4-BULLETPROOFS-SPECIALIZED,bulletproofs-range-pilot-v1,private_swap,bulletproofs-5.0.0-ristretto,47bfac70c1d6594282e7d744ebd8fa5bb594e5d3,bbc0b1a10dec6a35e8a7bb12148f97382d31ec9a72801a9734eae70aae800557,1065168262270107671,0,6,range32-aggregate,"{""range_bits"":32}",8,8,1,16,adapter_process_wall,113.519320,50.000000,3.613281,864,true,0,,647,956,,,,linux-procfs,process,,,true,,,"private commit and per-process swap I/O are unavailable; VmSwap reports allocation, not swap traffic; No documented hardware or OS energy counter is configured in WSL2",,measured,specialized Bulletproofs range baseline; validate bundle before paper reporting,os_cache_primer,false,true,ok,{},512,16,512,range_bits,5.0,21
6454751b-a9ab-4387-b5c7-33fdeeabcd7d,2026-08-09T03:24:48.250482+00:00,C4-BULLETPROOFS-SPECIALIZED,bulletproofs-range-pilot-v1,private_swap,bulletproofs-5.0.0-ristretto,47bfac70c1d6594282e7d744ebd8fa5bb594e5d3,bbc0b1a10dec6a35e8a7bb12148f97382d31ec9a72801a9734eae70aae800557,161003701442815894,0,7,range32-aggregate,"{""range_bits"":32}",8,8,2,16,native_execution,0.182279,,,,,,,,,,,,,phase,,,true,,,,,measured,specialized Bulletproofs range baseline; validate bundle before paper reporting,os_cache_primer,false,true,ok,"{""aggregate_values"":16.0,""application_units"":8.0,""fixture_digest"":53298590159944.0,""range_bits"":32.0}",,,,,,
6454751b-a9ab-4387-b5c7-33fdeeabcd7d,2026-08-09T03:24:48.250615+00:00,C4-BULLETPROOFS-SPECIALIZED,bulletproofs-range-pilot-v1,private_swap,bulletproofs-5.0.0-ristretto,47bfac70c1d6594282e7d744ebd8fa5bb594e5d3,bbc0b1a10dec6a35e8a7bb12148f97382d31ec9a72801a9734eae70aae800557,161003701442815894,0,7,range32-aggregate,"{""range_bits"":32}",8,8,2,16,setup_or_preprocess,,,,,,,,,,,,,,phase,,,true,,,Bulletproofs range generators are fixed and setup-free,,measured,specialized Bulletproofs range baseline; validate bundle before paper reporting,os_cache_primer,false,false,unsupported,{},,,,,,
6454751b-a9ab-4387-b5c7-33fdeeabcd7d,2026-08-09T03:24:48.250640+00:00,C4-BULLETPROOFS-SPECIALIZED,bulletproofs-range-pilot-v1,private_swap,bulletproofs-5.0.0-ristretto,47bfac70c1d6594282e7d744ebd8fa5bb594e5d3,bbc0b1a10dec6a35e8a7bb12148f97382d31ec9a72801a9734eae70aae800557,161003701442815894,0,7,range32-aggregate,"{""range_bits"":32}",8,8,2,16,key_load,,,,,,,,,,,,,,phase,,,true,,,the range-proof API has no serialized proving or verification key,,measured,specialized Bulletproofs range baseline; validate bundle before paper reporting,os_cache_primer,false,false,unsupported,{},,,,,,
6454751b-a9ab-4387-b5c7-33fdeeabcd7d,2026-08-09T03:24:48.250660+00:00,C4-BULLETPROOFS-SPECIALIZED,bulletproofs-range-pilot-v1,private_swap,bulletproofs-5.0.0-ristretto,47bfac70c1d6594282e7d744ebd8fa5bb594e5d3,bbc0b1a10dec6a35e8a7bb12148f97382d31ec9a72801a9734eae70aae800557,161003701442815894,0,7,range32-aggregate,"{""range_bits"":32}",8,8,2,16,witness,0.485877,,,,,,,,,,,,,phase,,,true,,,,,measured,specialized Bulletproofs range baseline; validate bundle before paper reporting,os_cache_primer,false,true,ok,"{""aggregate_values"":16.0,""range_bits"":32.0}",,,,,,
6454751b-a9ab-4387-b5c7-33fdeeabcd7d,2026-08-09T03:24:48.250719+00:00,C4-BULLETPROOFS-SPECIALIZED,bulletproofs-range-pilot-v1,private_swap,bulletproofs-5.0.0-ristretto,47bfac70c1d6594282e7d744ebd8fa5bb594e5d3,bbc0b1a10dec6a35e8a7bb12148f97382d31ec9a72801a9734eae70aae800557,161003701442815894,0,7,range32-aggregate,"{""range_bits"":32}",8,8,2,16,prove_total,50.192333,,,,,,,,,,,,,phase,,,true,,,,,measured,specialized Bulletproofs range baseline; validate bundle before paper reporting,os_cache_primer,false,true,ok,"{""aggregate_values"":16.0,""range_bits"":32.0}",,,,,,
6454751b-a9ab-4387-b5c7-33fdeeabcd7d,2026-08-09T03:24:48.250751+00:00,C4-BULLETPROOFS-SPECIALIZED,bulletproofs-range-pilot-v1,private_swap,bulletproofs-5.0.0-ristretto,47bfac70c1d6594282e7d744ebd8fa5bb594e5d3,bbc0b1a10dec6a35e8a7bb12148f97382d31ec9a72801a9734eae70aae800557,161003701442815894,0,7,range32-aggregate,"{""range_bits"":32}",8,8,2,16,serialize,0.002094,,,,,,,,,,,,,phase,,,true,,,,,measured,specialized Bulletproofs range baseline; validate bundle before paper reporting,os_cache_primer,false,true,ok,"{""proof_bytes"":864.0}",,,,,,
6454751b-a9ab-4387-b5c7-33fdeeabcd7d,2026-08-09T03:24:48.250773+00:00,C4-BULLETPROOFS-SPECIALIZED,bulletproofs-range-pilot-v1,private_swap,bulletproofs-5.0.0-ristretto,47bfac70c1d6594282e7d744ebd8fa5bb594e5d3,bbc0b1a10dec6a35e8a7bb12148f97382d31ec9a72801a9734eae70aae800557,161003701442815894,0,7,range32-aggregate,"{""range_bits"":32}",8,8,2,16,verify_core,5.471266,,,,,,,,,,,,,phase,,,true,,,,,measured,specialized Bulletproofs range baseline; validate bundle before paper reporting,os_cache_primer,false,true,ok,"{""aggregate_values"":16.0}",,,,,,
6454751b-a9ab-4387-b5c7-33fdeeabcd7d,2026-08-09T03:24:48.250790+00:00,C4-BULLETPROOFS-SPECIALIZED,bulletproofs-range-pilot-v1,private_swap,bulletproofs-5.0.0-ristretto,47bfac70c1d6594282e7d744ebd8fa5bb594e5d3,bbc0b1a10dec6a35e8a7bb12148f97382d31ec9a72801a9734eae70aae800557,161003701442815894,0,7,range32-aggregate,"{""range_bits"":32}",8,8,2,16,verify_total,5.471266,,,,,,,,,,,,,phase,,,true,,,,,measured,specialized Bulletproofs range baseline; validate bundle before paper reporting,os_cache_primer,false,true,ok,{},,,,,,
6454751b-a9ab-4387-b5c7-33fdeeabcd7d,2026-08-09T03:24:48.250807+00:00,C4-BULLETPROOFS-SPECIALIZED,bulletproofs-range-pilot-v1,private_swap,bulletproofs-5.0.0-ristretto,47bfac70c1d6594282e7d744ebd8fa5bb594e5d3,bbc0b1a10dec6a35e8a7bb12148f97382d31ec9a72801a9734eae70aae800557,161003701442815894,0,7,range32-aggregate,"{""range_bits"":32}",8,8,2,16,adapter_process_wall,114.408994,50.000000,3.605469,864,true,0,,646,956,,,,linux-procfs,process,,,true,,,"private commit and per-process swap I/O are unavailable; VmSwap reports allocation, not swap traffic; No documented hardware or OS energy counter is configured in WSL2",,measured,specialized Bulletproofs range baseline; validate bundle before paper reporting,os_cache_primer,false,true,ok,{},512,16,512,range_bits,5.0,21
b8eceb86-7eda-44e9-a387-bde4dbaeb54b,2026-08-09T03:24:48.367663+00:00,C4-BULLETPROOFS-SPECIALIZED,bulletproofs-range-pilot-v1,private_swap,bulletproofs-5.0.0-ristretto,47bfac70c1d6594282e7d744ebd8fa5bb594e5d3,bbc0b1a10dec6a35e8a7bb12148f97382d31ec9a72801a9734eae70aae800557,1678971243687817596,0,8,range32-aggregate,"{""range_bits"":32}",8,8,4,16,native_execution,0.252986,,,,,,,,,,,,,phase,,,true,,,,,measured,specialized Bulletproofs range baseline; validate bundle before paper reporting,os_cache_primer,false,true,ok,"{""aggregate_values"":16.0,""application_units"":8.0,""fixture_digest"":1198080222148931.0,""range_bits"":32.0}",,,,,,
b8eceb86-7eda-44e9-a387-bde4dbaeb54b,2026-08-09T03:24:48.367743+00:00,C4-BULLETPROOFS-SPECIALIZED,bulletproofs-range-pilot-v1,private_swap,bulletproofs-5.0.0-ristretto,47bfac70c1d6594282e7d744ebd8fa5bb594e5d3,bbc0b1a10dec6a35e8a7bb12148f97382d31ec9a72801a9734eae70aae800557,1678971243687817596,0,8,range32-aggregate,"{""range_bits"":32}",8,8,4,16,setup_or_preprocess,,,,,,,,,,,,,,phase,,,true,,,Bulletproofs range generators are fixed and setup-free,,measured,specialized Bulletproofs range baseline; validate bundle before paper reporting,os_cache_primer,false,false,unsupported,{},,,,,,
b8eceb86-7eda-44e9-a387-bde4dbaeb54b,2026-08-09T03:24:48.367766+00:00,C4-BULLETPROOFS-SPECIALIZED,bulletproofs-range-pilot-v1,private_swap,bulletproofs-5.0.0-ristretto,47bfac70c1d6594282e7d744ebd8fa5bb594e5d3,bbc0b1a10dec6a35e8a7bb12148f97382d31ec9a72801a9734eae70aae800557,1678971243687817596,0,8,range32-aggregate,"{""range_bits"":32}",8,8,4,16,key_load,,,,,,,,,,,,,,phase,,,true,,,the range-proof API has no serialized proving or verification key,,measured,specialized Bulletproofs range baseline; validate bundle before paper reporting,os_cache_primer,false,false,unsupported,{},,,,,,
b8eceb86-7eda-44e9-a387-bde4dbaeb54b,2026-08-09T03:24:48.367784+00:00,C4-BULLETPROOFS-SPECIALIZED,bulletproofs-range-pilot-v1,private_swap,bulletproofs-5.0.0-ristretto,47bfac70c1d6594282e7d744ebd8fa5bb594e5d3,bbc0b1a10dec6a35e8a7bb12148f97382d31ec9a72801a9734eae70aae800557,1678971243687817596,0,8,range32-aggregate,"{""range_bits"":32}",8,8,4,16,witness,0.543712,,,,,,,,,,,,,phase,,,true,,,,,measured,specialized Bulletproofs range baseline; validate bundle before paper reporting,os_cache_primer,false,true,ok,"{""aggregate_values"":16.0,""range_bits"":32.0}",,,,,,
b8eceb86-7eda-44e9-a387-bde4dbaeb54b,2026-08-09T03:24:48.367802+00:00,C4-BULLETPROOFS-SPECIALIZED,bulletproofs-range-pilot-v1,private_swap,bulletproofs-5.0.0-ristretto,47bfac70c1d6594282e7d744ebd8fa5bb594e5d3,bbc0b1a10dec6a35e8a7bb12148f97382d31ec9a72801a9734eae70aae800557,1678971243687817596,0,8,range32-aggregate,"{""range_bits"":32}",8,8,4,16,prove_total,51.426756,,,,,,,,,,,,,phase,,,true,,,,,measured,specialized Bulletproofs range baseline; validate bundle before paper reporting,os_cache_primer,false,true,ok,"{""aggregate_values"":16.0,""range_bits"":32.0}",,,,,,
b8eceb86-7eda-44e9-a387-bde4dbaeb54b,2026-08-09T03:24:48.367821+00:00,C4-BULLETPROOFS-SPECIALIZED,bulletproofs-range-pilot-v1,private_swap,bulletproofs-5.0.0-ristretto,47bfac70c1d6594282e7d744ebd8fa5bb594e5d3,bbc0b1a10dec6a35e8a7bb12148f97382d31ec9a72801a9734eae70aae800557,1678971243687817596,0,8,range32-aggregate,"{""range_bits"":32}",8,8,4,16,serialize,0.002194,,,,,,,,,,,,,phase,,,true,,,,,measured,specialized Bulletproofs range baseline; validate bundle before paper reporting,os_cache_primer,false,true,ok,"{""proof_bytes"":864.0}",,,,,,
b8eceb86-7eda-44e9-a387-bde4dbaeb54b,2026-08-09T03:24:48.367837+00:00,C4-BULLETPROOFS-SPECIALIZED,bulletproofs-range-pilot-v1,private_swap,bulletproofs-5.0.0-ristretto,47bfac70c1d6594282e7d744ebd8fa5bb594e5d3,bbc0b1a10dec6a35e8a7bb12148f97382d31ec9a72801a9734eae70aae800557,1678971243687817596,0,8,range32-aggregate,"{""range_bits"":32}",8,8,4,16,verify_core,4.650198,,,,,,,,,,,,,phase,,,true,,,,,measured,specialized Bulletproofs range baseline; validate bundle before paper reporting,os_cache_primer,false,true,ok,"{""aggregate_values"":16.0}",,,,,,
b8eceb86-7eda-44e9-a387-bde4dbaeb54b,2026-08-09T03:24:48.367854+00:00,C4-BULLETPROOFS-SPECIALIZED,bulletproofs-range-pilot-v1,private_swap,bulletproofs-5.0.0-ristretto,47bfac70c1d6594282e7d744ebd8fa5bb594e5d3,bbc0b1a10dec6a35e8a7bb12148f97382d31ec9a72801a9734eae70aae800557,1678971243687817596,0,8,range32-aggregate,"{""range_bits"":32}",8,8,4,16,verify_total,4.650198,,,,,,,,,,,,,phase,,,true,,,,,measured,specialized Bulletproofs range baseline; validate bundle before paper reporting,os_cache_primer,false,true,ok,{},,,,,,
b8eceb86-7eda-44e9-a387-bde4dbaeb54b,2026-08-09T03:24:48.367870+00:00,C4-BULLETPROOFS-SPECIALIZED,bulletproofs-range-pilot-v1,private_swap,bulletproofs-5.0.0-ristretto,47bfac70c1d6594282e7d744ebd8fa5bb594e5d3,bbc0b1a10dec6a35e8a7bb12148f97382d31ec9a72801a9734eae70aae800557,1678971243687817596,0,8,range32-aggregate,"{""range_bits"":32}",8,8,4,16,adapter_process_wall,115.895777,60.000000,3.484375,864,true,0,,517,956,,,,linux-procfs,process,,,true,,,"Linux procfs read failed: [Errno 13] Permission denied: '/proc/461/io'; private commit and per-process swap I/O are unavailable; VmSwap reports allocation, not swap traffic; No documented hardware or OS energy counter is configured in WSL2",,measured,specialized Bulletproofs range baseline; validate bundle before paper reporting,os_cache_primer,false,true,ok,{},512,16,512,range_bits,5.0,21
15b6cd69-27b1-4a65-937e-1d03bcf49a69,2026-08-09T03:24:48.489421+00:00,C4-BULLETPROOFS-SPECIALIZED,bulletproofs-range-pilot-v1,private_swap,bulletproofs-5.0.0-ristretto,47bfac70c1d6594282e7d744ebd8fa5bb594e5d3,bbc0b1a10dec6a35e8a7bb12148f97382d31ec9a72801a9734eae70aae800557,3656314481983124716,0,9,range32-aggregate,"{""range_bits"":32}",8,8,2,16,native_execution,0.238348,,,,,,,,,,,,,phase,,,true,wrong_public_input,,,,measured,specialized Bulletproofs range baseline; validate bundle before paper reporting,measurement,true,true,ok,"{""aggregate_values"":16.0,""application_units"":8.0,""fixture_digest"":3895399158557018.0,""range_bits"":32.0}",,,,,,
15b6cd69-27b1-4a65-937e-1d03bcf49a69,2026-08-09T03:24:48.489534+00:00,C4-BULLETPROOFS-SPECIALIZED,bulletproofs-range-pilot-v1,private_swap,bulletproofs-5.0.0-ristretto,47bfac70c1d6594282e7d744ebd8fa5bb594e5d3,bbc0b1a10dec6a35e8a7bb12148f97382d31ec9a72801a9734eae70aae800557,3656314481983124716,0,9,range32-aggregate,"{""range_bits"":32}",8,8,2,16,setup_or_preprocess,,,,,,,,,,,,,,phase,,,true,wrong_public_input,,Bulletproofs range generators are fixed and setup-free,,measured,specialized Bulletproofs range baseline; validate bundle before paper reporting,measurement,true,false,unsupported,{},,,,,,
15b6cd69-27b1-4a65-937e-1d03bcf49a69,2026-08-09T03:24:48.489561+00:00,C4-BULLETPROOFS-SPECIALIZED,bulletproofs-range-pilot-v1,private_swap,bulletproofs-5.0.0-ristretto,47bfac70c1d6594282e7d744ebd8fa5bb594e5d3,bbc0b1a10dec6a35e8a7bb12148f97382d31ec9a72801a9734eae70aae800557,3656314481983124716,0,9,range32-aggregate,"{""range_bits"":32}",8,8,2,16,key_load,,,,,,,,,,,,,,phase,,,true,wrong_public_input,,the range-proof API has no serialized proving or verification key,,measured,specialized Bulletproofs range baseline; validate bundle before paper reporting,measurement,true,false,unsupported,{},,,,,,
15b6cd69-27b1-4a65-937e-1d03bcf49a69,2026-08-09T03:24:48.489579+00:00,C4-BULLETPROOFS-SPECIALIZED,bulletproofs-range-pilot-v1,private_swap,bulletproofs-5.0.0-ristretto,47bfac70c1d6594282e7d744ebd8fa5bb594e5d3,bbc0b1a10dec6a35e8a7bb12148f97382d31ec9a72801a9734eae70aae800557,3656314481983124716,0,9,range32-aggregate,"{""range_bits"":32}",8,8,2,16,witness,0.519913,,,,,,,,,,,,,phase,,,true,wrong_public_input,,,,measured,specialized Bulletproofs range baseline; validate bundle before paper reporting,measurement,true,true,ok,"{""aggregate_values"":16.0,""range_bits"":32.0}",,,,,,
15b6cd69-27b1-4a65-937e-1d03bcf49a69,2026-08-09T03:24:48.489598+00:00,C4-BULLETPROOFS-SPECIALIZED,bulletproofs-range-pilot-v1,private_swap,bulletproofs-5.0.0-ristretto,47bfac70c1d6594282e7d744ebd8fa5bb594e5d3,bbc0b1a10dec6a35e8a7bb12148f97382d31ec9a72801a9734eae70aae800557,3656314481983124716,0,9,range32-aggregate,"{""range_bits"":32}",8,8,2,16,prove_total,51.669582,,,,,,,,,,,,,phase,,,true,wrong_public_input,,,,measured,specialized Bulletproofs range baseline; validate bundle before paper reporting,measurement,true,true,ok,"{""aggregate_values"":16.0,""range_bits"":32.0}",,,,,,
15b6cd69-27b1-4a65-937e-1d03bcf49a69,2026-08-09T03:24:48.489617+00:00,C4-BULLETPROOFS-SPECIALIZED,bulletproofs-range-pilot-v1,private_swap,bulletproofs-5.0.0-ristretto,47bfac70c1d6594282e7d744ebd8fa5bb594e5d3,bbc0b1a10dec6a35e8a7bb12148f97382d31ec9a72801a9734eae70aae800557,3656314481983124716,0,9,range32-aggregate,"{""range_bits"":32}",8,8,2,16,serialize,0.002595,,,,,,,,,,,,,phase,,,true,wrong_public_input,,,,measured,specialized Bulletproofs range baseline; validate bundle before paper reporting,measurement,true,true,ok,"{""proof_bytes"":864.0}",,,,,,
15b6cd69-27b1-4a65-937e-1d03bcf49a69,2026-08-09T03:24:48.489635+00:00,C4-BULLETPROOFS-SPECIALIZED,bulletproofs-range-pilot-v1,private_swap,bulletproofs-5.0.0-ristretto,47bfac70c1d6594282e7d744ebd8fa5bb594e5d3,bbc0b1a10dec6a35e8a7bb12148f97382d31ec9a72801a9734eae70aae800557,3656314481983124716,0,9,range32-aggregate,"{""range_bits"":32}",8,8,2,16,verify_core,5.384886,,,,,,,,,,,,,phase,,,true,wrong_public_input,5.384886,,,measured,specialized Bulletproofs range baseline; validate bundle before paper reporting,measurement,true,true,ok,"{""aggregate_values"":16.0}",,,,,,
15b6cd69-27b1-4a65-937e-1d03bcf49a69,2026-08-09T03:24:48.489652+00:00,C4-BULLETPROOFS-SPECIALIZED,bulletproofs-range-pilot-v1,private_swap,bulletproofs-5.0.0-ristretto,47bfac70c1d6594282e7d744ebd8fa5bb594e5d3,bbc0b1a10dec6a35e8a7bb12148f97382d31ec9a72801a9734eae70aae800557,3656314481983124716,0,9,range32-aggregate,"{""range_bits"":32}",8,8,2,16,verify_total,5.384886,,,,,,,,,,,,,phase,,,true,wrong_public_input,,,,measured,specialized Bulletproofs range baseline; validate bundle before paper reporting,measurement,true,true,ok,{},,,,,,
15b6cd69-27b1-4a65-937e-1d03bcf49a69,2026-08-09T03:24:48.489667+00:00,C4-BULLETPROOFS-SPECIALIZED,bulletproofs-range-pilot-v1,private_swap,bulletproofs-5.0.0-ristretto,47bfac70c1d6594282e7d744ebd8fa5bb594e5d3,bbc0b1a10dec6a35e8a7bb12148f97382d31ec9a72801a9734eae70aae800557,3656314481983124716,0,9,range32-aggregate,"{""range_bits"":32}",8,8,2,16,invalid_reject,5.384886,,,,,,,,,,,,,phase,,,true,wrong_public_input,,,,measured,specialized Bulletproofs range baseline; validate bundle before paper reporting,measurement,true,true,ok,"{""aggregate_values"":16.0}",,,,,,
15b6cd69-27b1-4a65-937e-1d03bcf49a69,2026-08-09T03:24:48.489684+00:00,C4-BULLETPROOFS-SPECIALIZED,bulletproofs-range-pilot-v1,private_swap,bulletproofs-5.0.0-ristretto,47bfac70c1d6594282e7d744ebd8fa5bb594e5d3,bbc0b1a10dec6a35e8a7bb12148f97382d31ec9a72801a9734eae70aae800557,3656314481983124716,0,9,range32-aggregate,"{""range_bits"":32}",8,8,2,16,adapter_process_wall,120.566193,60.000000,3.597656,864,false,0,cryptographic_rejection,648,956,,,,linux-procfs,process,,,true,wrong_public_input,,"private commit and per-process swap I/O are unavailable; VmSwap reports allocation, not swap traffic; No documented hardware or OS energy counter is configured in WSL2",,measured,specialized Bulletproofs range baseline; validate bundle before paper reporting,measurement,true,true,ok,{},512,16,512,range_bits,5.0,22
9c639046-7e52-433a-9aeb-c0c21abb4e5d,2026-08-09T03:24:48.573694+00:00,C4-BULLETPROOFS-SPECIALIZED,bulletproofs-range-pilot-v1,private_swap,bulletproofs-5.0.0-ristretto,47bfac70c1d6594282e7d744ebd8fa5bb594e5d3,bbc0b1a10dec6a35e8a7bb12148f97382d31ec9a72801a9734eae70aae800557,5189462471415667084,1,10,range32-aggregate,"{""range_bits"":32}",4,4,4,16,native_execution,0.183792,,,,,,,,,,,,,phase,,,true,,,,,measured,specialized Bulletproofs range baseline; validate bundle before paper reporting,measurement,true,true,ok,"{""aggregate_values"":8.0,""application_units"":4.0,""fixture_digest"":1408282181138114.0,""range_bits"":32.0}",,,,,,
9c639046-7e52-433a-9aeb-c0c21abb4e5d,2026-08-09T03:24:48.573820+00:00,C4-BULLETPROOFS-SPECIALIZED,bulletproofs-range-pilot-v1,private_swap,bulletproofs-5.0.0-ristretto,47bfac70c1d6594282e7d744ebd8fa5bb594e5d3,bbc0b1a10dec6a35e8a7bb12148f97382d31ec9a72801a9734eae70aae800557,5189462471415667084,1,10,range32-aggregate,"{""range_bits"":32}",4,4,4,16,setup_or_preprocess,,,,,,,,,,,,,,phase,,,true,,,Bulletproofs range generators are fixed and setup-free,,measured,specialized Bulletproofs range baseline; validate bundle before paper reporting,measurement,true,false,unsupported,{},,,,,,
9c639046-7e52-433a-9aeb-c0c21abb4e5d,2026-08-09T03:24:48.573841+00:00,C4-BULLETPROOFS-SPECIALIZED,bulletproofs-range-pilot-v1,private_swap,bulletproofs-5.0.0-ristretto,47bfac70c1d6594282e7d744ebd8fa5bb594e5d3,bbc0b1a10dec6a35e8a7bb12148f97382d31ec9a72801a9734eae70aae800557,5189462471415667084,1,10,range32-aggregate,"{""range_bits"":32}",4,4,4,16,key_load,,,,,,,,,,,,,,phase,,,true,,,the range-proof API has no serialized proving or verification key,,measured,specialized Bulletproofs range baseline; validate bundle before paper reporting,measurement,true,false,unsupported,{},,,,,,
9c639046-7e52-433a-9aeb-c0c21abb4e5d,2026-08-09T03:24:48.573856+00:00,C4-BULLETPROOFS-SPECIALIZED,bulletproofs-range-pilot-v1,private_swap,bulletproofs-5.0.0-ristretto,47bfac70c1d6594282e7d744ebd8fa5bb594e5d3,bbc0b1a10dec6a35e8a7bb12148f97382d31ec9a72801a9734eae70aae800557,5189462471415667084,1,10,range32-aggregate,"{""range_bits"":32}",4,4,4,16,witness,0.463017,,,,,,,,,,,,,phase,,,true,,,,,measured,specialized Bulletproofs range baseline; validate bundle before paper reporting,measurement,true,true,ok,"{""aggregate_values"":8.0,""range_bits"":32.0}",,,,,,
9c639046-7e52-433a-9aeb-c0c21abb4e5d,2026-08-09T03:24:48.573872+00:00,C4-BULLETPROOFS-SPECIALIZED,bulletproofs-range-pilot-v1,private_swap,bulletproofs-5.0.0-ristretto,47bfac70c1d6594282e7d744ebd8fa5bb594e5d3,bbc0b1a10dec6a35e8a7bb12148f97382d31ec9a72801a9734eae70aae800557,5189462471415667084,1,10,range32-aggregate,"{""range_bits"":32}",4,4,4,16,prove_total,26.370642,,,,,,,,,,,,,phase,,,true,,,,,measured,specialized Bulletproofs range baseline; validate bundle before paper reporting,measurement,true,true,ok,"{""aggregate_values"":8.0,""range_bits"":32.0}",,,,,,
9c639046-7e52-433a-9aeb-c0c21abb4e5d,2026-08-09T03:24:48.573887+00:00,C4-BULLETPROOFS-SPECIALIZED,bulletproofs-range-pilot-v1,private_swap,bulletproofs-5.0.0-ristretto,47bfac70c1d6594282e7d744ebd8fa5bb594e5d3,bbc0b1a10dec6a35e8a7bb12148f97382d31ec9a72801a9734eae70aae800557,5189462471415667084,1,10,range32-aggregate,"{""range_bits"":32}",4,4,4,16,serialize,0.002194,,,,,,,,,,,,,phase,,,true,,,,,measured,specialized Bulletproofs range baseline; validate bundle before paper reporting,measurement,true,true,ok,"{""proof_bytes"":800.0}",,,,,,
9c639046-7e52-433a-9aeb-c0c21abb4e5d,2026-08-09T03:24:48.573901+00:00,C4-BULLETPROOFS-SPECIALIZED,bulletproofs-range-pilot-v1,private_swap,bulletproofs-5.0.0-ristretto,47bfac70c1d6594282e7d744ebd8fa5bb594e5d3,bbc0b1a10dec6a35e8a7bb12148f97382d31ec9a72801a9734eae70aae800557,5189462471415667084,1,10,range32-aggregate,"{""range_bits"":32}",4,4,4,16,verify_core,3.238547,,,,,,,,,,,,,phase,,,true,,,,,measured,specialized Bulletproofs range baseline; validate bundle before paper reporting,measurement,true,true,ok,"{""aggregate_values"":8.0}",,,,,,
9c639046-7e52-433a-9aeb-c0c21abb4e5d,2026-08-09T03:24:48.573916+00:00,C4-BULLETPROOFS-SPECIALIZED,bulletproofs-range-pilot-v1,private_swap,bulletproofs-5.0.0-ristretto,47bfac70c1d6594282e7d744ebd8fa5bb594e5d3,bbc0b1a10dec6a35e8a7bb12148f97382d31ec9a72801a9734eae70aae800557,5189462471415667084,1,10,range32-aggregate,"{""range_bits"":32}",4,4,4,16,verify_total,3.238547,,,,,,,,,,,,,phase,,,true,,,,,measured,specialized Bulletproofs range baseline; validate bundle before paper reporting,measurement,true,true,ok,{},,,,,,
9c639046-7e52-433a-9aeb-c0c21abb4e5d,2026-08-09T03:24:48.573930+00:00,C4-BULLETPROOFS-SPECIALIZED,bulletproofs-range-pilot-v1,private_swap,bulletproofs-5.0.0-ristretto,47bfac70c1d6594282e7d744ebd8fa5bb594e5d3,bbc0b1a10dec6a35e8a7bb12148f97382d31ec9a72801a9734eae70aae800557,5189462471415667084,1,10,range32-aggregate,"{""range_bits"":32}",4,4,4,16,adapter_process_wall,83.010108,30.000000,3.210938,800,true,0,,431,956,,,,linux-procfs,process,,,true,,,"private commit and per-process swap I/O are unavailable; VmSwap reports allocation, not swap traffic; No documented hardware or OS energy counter is configured in WSL2",,measured,specialized Bulletproofs range baseline; validate bundle before paper reporting,measurement,true,true,ok,{},256,8,256,range_bits,5.0,15
16654b4d-5f43-4c8e-b1fa-474538cdf8fd,2026-08-09T03:24:48.658901+00:00,C4-BULLETPROOFS-SPECIALIZED,bulletproofs-range-pilot-v1,private_swap,bulletproofs-5.0.0-ristretto,47bfac70c1d6594282e7d744ebd8fa5bb594e5d3,bbc0b1a10dec6a35e8a7bb12148f97382d31ec9a72801a9734eae70aae800557,1656932767508026097,0,11,range32-aggregate,"{""range_bits"":32}",4,4,2,16,native_execution,0.189618,,,,,,,,,,,,,phase,,,true,wrong_public_input,,,,measured,specialized Bulletproofs range baseline; validate bundle before paper reporting,measurement,true,true,ok,"{""aggregate_values"":8.0,""application_units"":4.0,""fixture_digest"":1935860428518033.0,""range_bits"":32.0}",,,,,,
16654b4d-5f43-4c8e-b1fa-474538cdf8fd,2026-08-09T03:24:48.658981+00:00,C4-BULLETPROOFS-SPECIALIZED,bulletproofs-range-pilot-v1,private_swap,bulletproofs-5.0.0-ristretto,47bfac70c1d6594282e7d744ebd8fa5bb594e5d3,bbc0b1a10dec6a35e8a7bb12148f97382d31ec9a72801a9734eae70aae800557,1656932767508026097,0,11,range32-aggregate,"{""range_bits"":32}",4,4,2,16,setup_or_preprocess,,,,,,,,,,,,,,phase,,,true,wrong_public_input,,Bulletproofs range generators are fixed and setup-free,,measured,specialized Bulletproofs range baseline; validate bundle before paper reporting,measurement,true,false,unsupported,{},,,,,,
16654b4d-5f43-4c8e-b1fa-474538cdf8fd,2026-08-09T03:24:48.659010+00:00,C4-BULLETPROOFS-SPECIALIZED,bulletproofs-range-pilot-v1,private_swap,bulletproofs-5.0.0-ristretto,47bfac70c1d6594282e7d744ebd8fa5bb594e5d3,bbc0b1a10dec6a35e8a7bb12148f97382d31ec9a72801a9734eae70aae800557,1656932767508026097,0,11,range32-aggregate,"{""range_bits"":32}",4,4,2,16,key_load,,,,,,,,,,,,,,phase,,,true,wrong_public_input,,the range-proof API has no serialized proving or verification key,,measured,specialized Bulletproofs range baseline; validate bundle before paper reporting,measurement,true,false,unsupported,{},,,,,,
16654b4d-5f43-4c8e-b1fa-474538cdf8fd,2026-08-09T03:24:48.659028+00:00,C4-BULLETPROOFS-SPECIALIZED,bulletproofs-range-pilot-v1,private_swap,bulletproofs-5.0.0-ristretto,47bfac70c1d6594282e7d744ebd8fa5bb594e5d3,bbc0b1a10dec6a35e8a7bb12148f97382d31ec9a72801a9734eae70aae800557,1656932767508026097,0,11,range32-aggregate,"{""range_bits"":32}",4,4,2,16,witness,0.549222,,,,,,,,,,,,,phase,,,true,wrong_public_input,,,,measured,specialized Bulletproofs range baseline; validate bundle before paper reporting,measurement,true,true,ok,"{""aggregate_values"":8.0,""range_bits"":32.0}",,,,,,
16654b4d-5f43-4c8e-b1fa-474538cdf8fd,2026-08-09T03:24:48.659045+00:00,C4-BULLETPROOFS-SPECIALIZED,bulletproofs-range-pilot-v1,private_swap,bulletproofs-5.0.0-ristretto,47bfac70c1d6594282e7d744ebd8fa5bb594e5d3,bbc0b1a10dec6a35e8a7bb12148f97382d31ec9a72801a9734eae70aae800557,1656932767508026097,0,11,range32-aggregate,"{""range_bits"":32}",4,4,2,16,prove_total,25.535333,,,,,,,,,,,,,phase,,,true,wrong_public_input,,,,measured,specialized Bulletproofs range baseline; validate bundle before paper reporting,measurement,true,true,ok,"{""aggregate_values"":8.0,""range_bits"":32.0}",,,,,,
16654b4d-5f43-4c8e-b1fa-474538cdf8fd,2026-08-09T03:24:48.659059+00:00,C4-BULLETPROOFS-SPECIALIZED,bulletproofs-range-pilot-v1,private_swap,bulletproofs-5.0.0-ristretto,47bfac70c1d6594282e7d744ebd8fa5bb594e5d3,bbc0b1a10dec6a35e8a7bb12148f97382d31ec9a72801a9734eae70aae800557,1656932767508026097,0,11,range32-aggregate,"{""range_bits"":32}",4,4,2,16,serialize,0.002515,,,,,,,,,,,,,phase,,,true,wrong_public_input,,,,measured,specialized Bulletproofs range baseline; validate bundle before paper reporting,measurement,true,true,ok,"{""proof_bytes"":800.0}",,,,,,
16654b4d-5f43-4c8e-b1fa-474538cdf8fd,2026-08-09T03:24:48.659073+00:00,C4-BULLETPROOFS-SPECIALIZED,bulletproofs-range-pilot-v1,private_swap,bulletproofs-5.0.0-ristretto,47bfac70c1d6594282e7d744ebd8fa5bb594e5d3,bbc0b1a10dec6a35e8a7bb12148f97382d31ec9a72801a9734eae70aae800557,1656932767508026097,0,11,range32-aggregate,"{""range_bits"":32}",4,4,2,16,verify_core,3.045473,,,,,,,,,,,,,phase,,,true,wrong_public_input,3.045473,,,measured,specialized Bulletproofs range baseline; validate bundle before paper reporting,measurement,true,true,ok,"{""aggregate_values"":8.0}",,,,,,
16654b4d-5f43-4c8e-b1fa-474538cdf8fd,2026-08-09T03:24:48.659086+00:00,C4-BULLETPROOFS-SPECIALIZED,bulletproofs-range-pilot-v1,private_swap,bulletproofs-5.0.0-ristretto,47bfac70c1d6594282e7d744ebd8fa5bb594e5d3,bbc0b1a10dec6a35e8a7bb12148f97382d31ec9a72801a9734eae70aae800557,1656932767508026097,0,11,range32-aggregate,"{""range_bits"":32}",4,4,2,16,verify_total,3.045473,,,,,,,,,,,,,phase,,,true,wrong_public_input,,,,measured,specialized Bulletproofs range baseline; validate bundle before paper reporting,measurement,true,true,ok,{},,,,,,
16654b4d-5f43-4c8e-b1fa-474538cdf8fd,2026-08-09T03:24:48.659099+00:00,C4-BULLETPROOFS-SPECIALIZED,bulletproofs-range-pilot-v1,private_swap,bulletproofs-5.0.0-ristretto,47bfac70c1d6594282e7d744ebd8fa5bb594e5d3,bbc0b1a10dec6a35e8a7bb12148f97382d31ec9a72801a9734eae70aae800557,1656932767508026097,0,11,range32-aggregate,"{""range_bits"":32}",4,4,2,16,invalid_reject,3.045473,,,,,,,,,,,,,phase,,,true,wrong_public_input,,,,measured,specialized Bulletproofs range baseline; validate bundle before paper reporting,measurement,true,true,ok,"{""aggregate_values"":8.0}",,,,,,
16654b4d-5f43-4c8e-b1fa-474538cdf8fd,2026-08-09T03:24:48.659112+00:00,C4-BULLETPROOFS-SPECIALIZED,bulletproofs-range-pilot-v1,private_swap,bulletproofs-5.0.0-ristretto,47bfac70c1d6594282e7d744ebd8fa5bb594e5d3,bbc0b1a10dec6a35e8a7bb12148f97382d31ec9a72801a9734eae70aae800557,1656932767508026097,0,11,range32-aggregate,"{""range_bits"":32}",4,4,2,16,adapter_process_wall,84.006502,20.000000,3.171875,800,false,0,cryptographic_rejection,430,956,,,,linux-procfs,process,,,true,wrong_public_input,,"Linux procfs read failed: [Errno 13] Permission denied: '/proc/467/io'; private commit and per-process swap I/O are unavailable; VmSwap reports allocation, not swap traffic; No documented hardware or OS energy counter is configured in WSL2",,measured,specialized Bulletproofs range baseline; validate bundle before paper reporting,measurement,true,true,ok,{},256,8,256,range_bits,5.0,15
d255af0a-9828-4e85-bcec-cd69a26b3cbe,2026-08-09T03:24:48.744636+00:00,C4-BULLETPROOFS-SPECIALIZED,bulletproofs-range-pilot-v1,private_swap,bulletproofs-5.0.0-ristretto,47bfac70c1d6594282e7d744ebd8fa5bb594e5d3,bbc0b1a10dec6a35e8a7bb12148f97382d31ec9a72801a9734eae70aae800557,8227474683159953243,0,12,range32-aggregate,"{""range_bits"":32}",4,4,4,16,native_execution,0.197698,,,,,,,,,,,,,phase,,,true,,,,,measured,specialized Bulletproofs range baseline; validate bundle before paper reporting,measurement,true,true,ok,"{""aggregate_values"":8.0,""application_units"":4.0,""fixture_digest"":330779392260649.0,""range_bits"":32.0}",,,,,,
d255af0a-9828-4e85-bcec-cd69a26b3cbe,2026-08-09T03:24:48.744707+00:00,C4-BULLETPROOFS-SPECIALIZED,bulletproofs-range-pilot-v1,private_swap,bulletproofs-5.0.0-ristretto,47bfac70c1d6594282e7d744ebd8fa5bb594e5d3,bbc0b1a10dec6a35e8a7bb12148f97382d31ec9a72801a9734eae70aae800557,8227474683159953243,0,12,range32-aggregate,"{""range_bits"":32}",4,4,4,16,setup_or_preprocess,,,,,,,,,,,,,,phase,,,true,,,Bulletproofs range generators are fixed and setup-free,,measured,specialized Bulletproofs range baseline; validate bundle before paper reporting,measurement,true,false,unsupported,{},,,,,,
d255af0a-9828-4e85-bcec-cd69a26b3cbe,2026-08-09T03:24:48.744727+00:00,C4-BULLETPROOFS-SPECIALIZED,bulletproofs-range-pilot-v1,private_swap,bulletproofs-5.0.0-ristretto,47bfac70c1d6594282e7d744ebd8fa5bb594e5d3,bbc0b1a10dec6a35e8a7bb12148f97382d31ec9a72801a9734eae70aae800557,8227474683159953243,0,12,range32-aggregate,"{""range_bits"":32}",4,4,4,16,key_load,,,,,,,,,,,,,,phase,,,true,,,the range-proof API has no serialized proving or verification key,,measured,specialized Bulletproofs range baseline; validate bundle before paper reporting,measurement,true,false,unsupported,{},,,,,,
d255af0a-9828-4e85-bcec-cd69a26b3cbe,2026-08-09T03:24:48.744741+00:00,C4-BULLETPROOFS-SPECIALIZED,bulletproofs-range-pilot-v1,private_swap,bulletproofs-5.0.0-ristretto,47bfac70c1d6594282e7d744ebd8fa5bb594e5d3,bbc0b1a10dec6a35e8a7bb12148f97382d31ec9a72801a9734eae70aae800557,8227474683159953243,0,12,range32-aggregate,"{""range_bits"":32}",4,4,4,16,witness,0.554525,,,,,,,,,,,,,phase,,,true,,,,,measured,specialized Bulletproofs range baseline; validate bundle before paper reporting,measurement,true,true,ok,"{""aggregate_values"":8.0,""range_bits"":32.0}",,,,,,
d255af0a-9828-4e85-bcec-cd69a26b3cbe,2026-08-09T03:24:48.744757+00:00,C4-BULLETPROOFS-SPECIALIZED,bulletproofs-range-pilot-v1,private_swap,bulletproofs-5.0.0-ristretto,47bfac70c1d6594282e7d744ebd8fa5bb594e5d3,bbc0b1a10dec6a35e8a7bb12148f97382d31ec9a72801a9734eae70aae800557,8227474683159953243,0,12,range32-aggregate,"{""range_bits"":32}",4,4,4,16,prove_total,26.356338,,,,,,,,,,,,,phase,,,true,,,,,measured,specialized Bulletproofs range baseline; validate bundle before paper reporting,measurement,true,true,ok,"{""aggregate_values"":8.0,""range_bits"":32.0}",,,,,,
d255af0a-9828-4e85-bcec-cd69a26b3cbe,2026-08-09T03:24:48.744771+00:00,C4-BULLETPROOFS-SPECIALIZED,bulletproofs-range-pilot-v1,private_swap,bulletproofs-5.0.0-ristretto,47bfac70c1d6594282e7d744ebd8fa5bb594e5d3,bbc0b1a10dec6a35e8a7bb12148f97382d31ec9a72801a9734eae70aae800557,8227474683159953243,0,12,range32-aggregate,"{""range_bits"":32}",4,4,4,16,serialize,0.002294,,,,,,,,,,,,,phase,,,true,,,,,measured,specialized Bulletproofs range baseline; validate bundle before paper reporting,measurement,true,true,ok,"{""proof_bytes"":800.0}",,,,,,
d255af0a-9828-4e85-bcec-cd69a26b3cbe,2026-08-09T03:24:48.744784+00:00,C4-BULLETPROOFS-SPECIALIZED,bulletproofs-range-pilot-v1,private_swap,bulletproofs-5.0.0-ristretto,47bfac70c1d6594282e7d744ebd8fa5bb594e5d3,bbc0b1a10dec6a35e8a7bb12148f97382d31ec9a72801a9734eae70aae800557,8227474683159953243,0,12,range32-aggregate,"{""range_bits"":32}",4,4,4,16,verify_core,2.727623,,,,,,,,,,,,,phase,,,true,,,,,measured,specialized Bulletproofs range baseline; validate bundle before paper reporting,measurement,true,true,ok,"{""aggregate_values"":8.0}",,,,,,
d255af0a-9828-4e85-bcec-cd69a26b3cbe,2026-08-09T03:24:48.744797+00:00,C4-BULLETPROOFS-SPECIALIZED,bulletproofs-range-pilot-v1,private_swap,bulletproofs-5.0.0-ristretto,47bfac70c1d6594282e7d744ebd8fa5bb594e5d3,bbc0b1a10dec6a35e8a7bb12148f97382d31ec9a72801a9734eae70aae800557,8227474683159953243,0,12,range32-aggregate,"{""range_bits"":32}",4,4,4,16,verify_total,2.727623,,,,,,,,,,,,,phase,,,true,,,,,measured,specialized Bulletproofs range baseline; validate bundle before paper reporting,measurement,true,true,ok,{},,,,,,
d255af0a-9828-4e85-bcec-cd69a26b3cbe,2026-08-09T03:24:48.744810+00:00,C4-BULLETPROOFS-SPECIALIZED,bulletproofs-range-pilot-v1,private_swap,bulletproofs-5.0.0-ristretto,47bfac70c1d6594282e7d744ebd8fa5bb594e5d3,bbc0b1a10dec6a35e8a7bb12148f97382d31ec9a72801a9734eae70aae800557,8227474683159953243,0,12,range32-aggregate,"{""range_bits"":32}",4,4,4,16,adapter_process_wall,84.661740,20.000000,3.230469,800,true,0,,430,956,,,,linux-procfs,process,,,true,,,"Linux procfs read failed: [Errno 13] Permission denied: '/proc/469/io'; private commit and per-process swap I/O are unavailable; VmSwap reports allocation, not swap traffic; No documented hardware or OS energy counter is configured in WSL2",,measured,specialized Bulletproofs range baseline; validate bundle before paper reporting,measurement,true,true,ok,{},256,8,256,range_bits,5.0,15
924b6e5c-72a8-45b6-ab70-aee56855f0fb,2026-08-09T03:24:48.868306+00:00,C4-BULLETPROOFS-SPECIALIZED,bulletproofs-range-pilot-v1,private_swap,bulletproofs-5.0.0-ristretto,47bfac70c1d6594282e7d744ebd8fa5bb594e5d3,bbc0b1a10dec6a35e8a7bb12148f97382d31ec9a72801a9734eae70aae800557,1229770378214408386,1,13,range32-aggregate,"{""range_bits"":32}",8,8,1,16,native_execution,0.200748,,,,,,,,,,,,,phase,,,true,wrong_public_input,,,,measured,specialized Bulletproofs range baseline; validate bundle before paper reporting,measurement,true,true,ok,"{""aggregate_values"":16.0,""application_units"":8.0,""fixture_digest"":3855509734051102.0,""range_bits"":32.0}",,,,,,
924b6e5c-72a8-45b6-ab70-aee56855f0fb,2026-08-09T03:24:48.868383+00:00,C4-BULLETPROOFS-SPECIALIZED,bulletproofs-range-pilot-v1,private_swap,bulletproofs-5.0.0-ristretto,47bfac70c1d6594282e7d744ebd8fa5bb594e5d3,bbc0b1a10dec6a35e8a7bb12148f97382d31ec9a72801a9734eae70aae800557,1229770378214408386,1,13,range32-aggregate,"{""range_bits"":32}",8,8,1,16,setup_or_preprocess,,,,,,,,,,,,,,phase,,,true,wrong_public_input,,Bulletproofs range generators are fixed and setup-free,,measured,specialized Bulletproofs range baseline; validate bundle before paper reporting,measurement,true,false,unsupported,{},,,,,,
924b6e5c-72a8-45b6-ab70-aee56855f0fb,2026-08-09T03:24:48.868407+00:00,C4-BULLETPROOFS-SPECIALIZED,bulletproofs-range-pilot-v1,private_swap,bulletproofs-5.0.0-ristretto,47bfac70c1d6594282e7d744ebd8fa5bb594e5d3,bbc0b1a10dec6a35e8a7bb12148f97382d31ec9a72801a9734eae70aae800557,1229770378214408386,1,13,range32-aggregate,"{""range_bits"":32}",8,8,1,16,key_load,,,,,,,,,,,,,,phase,,,true,wrong_public_input,,the range-proof API has no serialized proving or verification key,,measured,specialized Bulletproofs range baseline; validate bundle before paper reporting,measurement,true,false,unsupported,{},,,,,,
924b6e5c-72a8-45b6-ab70-aee56855f0fb,2026-08-09T03:24:48.868424+00:00,C4-BULLETPROOFS-SPECIALIZED,bulletproofs-range-pilot-v1,private_swap,bulletproofs-5.0.0-ristretto,47bfac70c1d6594282e7d744ebd8fa5bb594e5d3,bbc0b1a10dec6a35e8a7bb12148f97382d31ec9a72801a9734eae70aae800557,1229770378214408386,1,13,range32-aggregate,"{""range_bits"":32}",8,8,1,16,witness,0.625525,,,,,,,,,,,,,phase,,,true,wrong_public_input,,,,measured,specialized Bulletproofs range baseline; validate bundle before paper reporting,measurement,true,true,ok,"{""aggregate_values"":16.0,""range_bits"":32.0}",,,,,,
924b6e5c-72a8-45b6-ab70-aee56855f0fb,2026-08-09T03:24:48.868444+00:00,C4-BULLETPROOFS-SPECIALIZED,bulletproofs-range-pilot-v1,private_swap,bulletproofs-5.0.0-ristretto,47bfac70c1d6594282e7d744ebd8fa5bb594e5d3,bbc0b1a10dec6a35e8a7bb12148f97382d31ec9a72801a9734eae70aae800557,1229770378214408386,1,13,range32-aggregate,"{""range_bits"":32}",8,8,1,16,prove_total,51.010301,,,,,,,,,,,,,phase,,,true,wrong_public_input,,,,measured,specialized Bulletproofs range baseline; validate bundle before paper reporting,measurement,true,true,ok,"{""aggregate_values"":16.0,""range_bits"":32.0}",,,,,,
924b6e5c-72a8-45b6-ab70-aee56855f0fb,2026-08-09T03:24:48.868462+00:00,C4-BULLETPROOFS-SPECIALIZED,bulletproofs-range-pilot-v1,private_swap,bulletproofs-5.0.0-ristretto,47bfac70c1d6594282e7d744ebd8fa5bb594e5d3,bbc0b1a10dec6a35e8a7bb12148f97382d31ec9a72801a9734eae70aae800557,1229770378214408386,1,13,range32-aggregate,"{""range_bits"":32}",8,8,1,16,serialize,0.002194,,,,,,,,,,,,,phase,,,true,wrong_public_input,,,,measured,specialized Bulletproofs range baseline; validate bundle before paper reporting,measurement,true,true,ok,"{""proof_bytes"":864.0}",,,,,,
924b6e5c-72a8-45b6-ab70-aee56855f0fb,2026-08-09T03:24:48.868479+00:00,C4-BULLETPROOFS-SPECIALIZED,bulletproofs-range-pilot-v1,private_swap,bulletproofs-5.0.0-ristretto,47bfac70c1d6594282e7d744ebd8fa5bb594e5d3,bbc0b1a10dec6a35e8a7bb12148f97382d31ec9a72801a9734eae70aae800557,1229770378214408386,1,13,range32-aggregate,"{""range_bits"":32}",8,8,1,16,verify_core,5.513159,,,,,,,,,,,,,phase,,,true,wrong_public_input,5.513159,,,measured,specialized Bulletproofs range baseline; validate bundle before paper reporting,measurement,true,true,ok,"{""aggregate_values"":16.0}",,,,,,
924b6e5c-72a8-45b6-ab70-aee56855f0fb,2026-08-09T03:24:48.868497+00:00,C4-BULLETPROOFS-SPECIALIZED,bulletproofs-range-pilot-v1,private_swap,bulletproofs-5.0.0-ristretto,47bfac70c1d6594282e7d744ebd8fa5bb594e5d3,bbc0b1a10dec6a35e8a7bb12148f97382d31ec9a72801a9734eae70aae800557,1229770378214408386,1,13,range32-aggregate,"{""range_bits"":32}",8,8,1,16,verify_total,5.513159,,,,,,,,,,,,,phase,,,true,wrong_public_input,,,,measured,specialized Bulletproofs range baseline; validate bundle before paper reporting,measurement,true,true,ok,{},,,,,,
924b6e5c-72a8-45b6-ab70-aee56855f0fb,2026-08-09T03:24:48.868513+00:00,C4-BULLETPROOFS-SPECIALIZED,bulletproofs-range-pilot-v1,private_swap,bulletproofs-5.0.0-ristretto,47bfac70c1d6594282e7d744ebd8fa5bb594e5d3,bbc0b1a10dec6a35e8a7bb12148f97382d31ec9a72801a9734eae70aae800557,1229770378214408386,1,13,range32-aggregate,"{""range_bits"":32}",8,8,1,16,invalid_reject,5.513159,,,,,,,,,,,,,phase,,,true,wrong_public_input,,,,measured,specialized Bulletproofs range baseline; validate bundle before paper reporting,measurement,true,true,ok,"{""aggregate_values"":16.0}",,,,,,
924b6e5c-72a8-45b6-ab70-aee56855f0fb,2026-08-09T03:24:48.868530+00:00,C4-BULLETPROOFS-SPECIALIZED,bulletproofs-range-pilot-v1,private_swap,bulletproofs-5.0.0-ristretto,47bfac70c1d6594282e7d744ebd8fa5bb594e5d3,bbc0b1a10dec6a35e8a7bb12148f97382d31ec9a72801a9734eae70aae800557,1229770378214408386,1,13,range32-aggregate,"{""range_bits"":32}",8,8,1,16,adapter_process_wall,122.583686,60.000000,3.613281,864,false,0,cryptographic_rejection,644,956,,,,linux-procfs,process,,,true,wrong_public_input,,"Linux procfs read failed: [Errno 13] Permission denied: '/proc/471/io'; private commit and per-process swap I/O are unavailable; VmSwap reports allocation, not swap traffic; No documented hardware or OS energy counter is configured in WSL2",,measured,specialized Bulletproofs range baseline; validate bundle before paper reporting,measurement,true,true,ok,{},512,16,512,range_bits,5.0,22
a433e06a-62df-4f4e-82eb-909aae989820,2026-08-09T03:24:48.957913+00:00,C4-BULLETPROOFS-SPECIALIZED,bulletproofs-range-pilot-v1,private_swap,bulletproofs-5.0.0-ristretto,47bfac70c1d6594282e7d744ebd8fa5bb594e5d3,bbc0b1a10dec6a35e8a7bb12148f97382d31ec9a72801a9734eae70aae800557,7879067012079843507,2,14,range32-aggregate,"{""range_bits"":32}",4,4,2,16,native_execution,0.197849,,,,,,,,,,,,,phase,,,true,wrong_public_input,,,,measured,specialized Bulletproofs range baseline; validate bundle before paper reporting,measurement,true,true,ok,"{""aggregate_values"":8.0,""application_units"":4.0,""fixture_digest"":1442752818523758.0,""range_bits"":32.0}",,,,,,
a433e06a-62df-4f4e-82eb-909aae989820,2026-08-09T03:24:48.958014+00:00,C4-BULLETPROOFS-SPECIALIZED,bulletproofs-range-pilot-v1,private_swap,bulletproofs-5.0.0-ristretto,47bfac70c1d6594282e7d744ebd8fa5bb594e5d3,bbc0b1a10dec6a35e8a7bb12148f97382d31ec9a72801a9734eae70aae800557,7879067012079843507,2,14,range32-aggregate,"{""range_bits"":32}",4,4,2,16,setup_or_preprocess,,,,,,,,,,,,,,phase,,,true,wrong_public_input,,Bulletproofs range generators are fixed and setup-free,,measured,specialized Bulletproofs range baseline; validate bundle before paper reporting,measurement,true,false,unsupported,{},,,,,,
a433e06a-62df-4f4e-82eb-909aae989820,2026-08-09T03:24:48.958050+00:00,C4-BULLETPROOFS-SPECIALIZED,bulletproofs-range-pilot-v1,private_swap,bulletproofs-5.0.0-ristretto,47bfac70c1d6594282e7d744ebd8fa5bb594e5d3,bbc0b1a10dec6a35e8a7bb12148f97382d31ec9a72801a9734eae70aae800557,7879067012079843507,2,14,range32-aggregate,"{""range_bits"":32}",4,4,2,16,key_load,,,,,,,,,,,,,,phase,,,true,wrong_public_input,,the range-proof API has no serialized proving or verification key,,measured,specialized Bulletproofs range baseline; validate bundle before paper reporting,measurement,true,false,unsupported,{},,,,,,
a433e06a-62df-4f4e-82eb-909aae989820,2026-08-09T03:24:48.958068+00:00,C4-BULLETPROOFS-SPECIALIZED,bulletproofs-range-pilot-v1,private_swap,bulletproofs-5.0.0-ristretto,47bfac70c1d6594282e7d744ebd8fa5bb594e5d3,bbc0b1a10dec6a35e8a7bb12148f97382d31ec9a72801a9734eae70aae800557,7879067012079843507,2,14,range32-aggregate,"{""range_bits"":32}",4,4,2,16,witness,0.460267,,,,,,,,,,,,,phase,,,true,wrong_public_input,,,,measured,specialized Bulletproofs range baseline; validate bundle before paper reporting,measurement,true,true,ok,"{""aggregate_values"":8.0,""range_bits"":32.0}",,,,,,
a433e06a-62df-4f4e-82eb-909aae989820,2026-08-09T03:24:48.958085+00:00,C4-BULLETPROOFS-SPECIALIZED,bulletproofs-range-pilot-v1,private_swap,bulletproofs-5.0.0-ristretto,47bfac70c1d6594282e7d744ebd8fa5bb594e5d3,bbc0b1a10dec6a35e8a7bb12148f97382d31ec9a72801a9734eae70aae800557,7879067012079843507,2,14,range32-aggregate,"{""range_bits"":32}",4,4,2,16,prove_total,27.343722,,,,,,,,,,,,,phase,,,true,wrong_public_input,,,,measured,specialized Bulletproofs range baseline; validate bundle before paper reporting,measurement,true,true,ok,"{""aggregate_values"":8.0,""range_bits"":32.0}",,,,,,
a433e06a-62df-4f4e-82eb-909aae989820,2026-08-09T03:24:48.958102+00:00,C4-BULLETPROOFS-SPECIALIZED,bulletproofs-range-pilot-v1,private_swap,bulletproofs-5.0.0-ristretto,47bfac70c1d6594282e7d744ebd8fa5bb594e5d3,bbc0b1a10dec6a35e8a7bb12148f97382d31ec9a72801a9734eae70aae800557,7879067012079843507,2,14,range32-aggregate,"{""range_bits"":32}",4,4,2,16,serialize,0.002545,,,,,,,,,,,,,phase,,,true,wrong_public_input,,,,measured,specialized Bulletproofs range baseline; validate bundle before paper reporting,measurement,true,true,ok,"{""proof_bytes"":800.0}",,,,,,
a433e06a-62df-4f4e-82eb-909aae989820,2026-08-09T03:24:48.958116+00:00,C4-BULLETPROOFS-SPECIALIZED,bulletproofs-range-pilot-v1,private_swap,bulletproofs-5.0.0-ristretto,47bfac70c1d6594282e7d744ebd8fa5bb594e5d3,bbc0b1a10dec6a35e8a7bb12148f97382d31ec9a72801a9734eae70aae800557,7879067012079843507,2,14,range32-aggregate,"{""range_bits"":32}",4,4,2,16,verify_core,2.925253,,,,,,,,,,,,,phase,,,true,wrong_public_input,2.925253,,,measured,specialized Bulletproofs range baseline; validate bundle before paper reporting,measurement,true,true,ok,"{""aggregate_values"":8.0}",,,,,,
a433e06a-62df-4f4e-82eb-909aae989820,2026-08-09T03:24:48.958130+00:00,C4-BULLETPROOFS-SPECIALIZED,bulletproofs-range-pilot-v1,private_swap,bulletproofs-5.0.0-ristretto,47bfac70c1d6594282e7d744ebd8fa5bb594e5d3,bbc0b1a10dec6a35e8a7bb12148f97382d31ec9a72801a9734eae70aae800557,7879067012079843507,2,14,range32-aggregate,"{""range_bits"":32}",4,4,2,16,verify_total,2.925253,,,,,,,,,,,,,phase,,,true,wrong_public_input,,,,measured,specialized Bulletproofs range baseline; validate bundle before paper reporting,measurement,true,true,ok,{},,,,,,
a433e06a-62df-4f4e-82eb-909aae989820,2026-08-09T03:24:48.958144+00:00,C4-BULLETPROOFS-SPECIALIZED,bulletproofs-range-pilot-v1,private_swap,bulletproofs-5.0.0-ristretto,47bfac70c1d6594282e7d744ebd8fa5bb594e5d3,bbc0b1a10dec6a35e8a7bb12148f97382d31ec9a72801a9734eae70aae800557,7879067012079843507,2,14,range32-aggregate,"{""range_bits"":32}",4,4,2,16,invalid_reject,2.925253,,,,,,,,,,,,,phase,,,true,wrong_public_input,,,,measured,specialized Bulletproofs range baseline; validate bundle before paper reporting,measurement,true,true,ok,"{""aggregate_values"":8.0}",,,,,,
a433e06a-62df-4f4e-82eb-909aae989820,2026-08-09T03:24:48.958157+00:00,C4-BULLETPROOFS-SPECIALIZED,bulletproofs-range-pilot-v1,private_swap,bulletproofs-5.0.0-ristretto,47bfac70c1d6594282e7d744ebd8fa5bb594e5d3,bbc0b1a10dec6a35e8a7bb12148f97382d31ec9a72801a9734eae70aae800557,7879067012079843507,2,14,range32-aggregate,"{""range_bits"":32}",4,4,2,16,adapter_process_wall,88.483619,30.000000,3.148438,800,false,0,cryptographic_rejection,431,956,,,,linux-procfs,process,,,true,wrong_public_input,,"private commit and per-process swap I/O are unavailable; VmSwap reports allocation, not swap traffic; No documented hardware or OS energy counter is configured in WSL2",,measured,specialized Bulletproofs range baseline; validate bundle before paper reporting,measurement,true,true,ok,{},256,8,256,range_bits,5.0,16
73c3d508-3b93-4554-82b3-9626b6f09519,2026-08-09T03:24:49.075714+00:00,C4-BULLETPROOFS-SPECIALIZED,bulletproofs-range-pilot-v1,private_swap,bulletproofs-5.0.0-ristretto,47bfac70c1d6594282e7d744ebd8fa5bb594e5d3,bbc0b1a10dec6a35e8a7bb12148f97382d31ec9a72801a9734eae70aae800557,9092276393379105946,1,15,range32-aggregate,"{""range_bits"":32}",8,8,4,16,native_execution,0.211964,,,,,,,,,,,,,phase,,,true,,,,,measured,specialized Bulletproofs range baseline; validate bundle before paper reporting,measurement,true,true,ok,"{""aggregate_values"":16.0,""application_units"":8.0,""fixture_digest"":1175494379240803.0,""range_bits"":32.0}",,,,,,
73c3d508-3b93-4554-82b3-9626b6f09519,2026-08-09T03:24:49.075835+00:00,C4-BULLETPROOFS-SPECIALIZED,bulletproofs-range-pilot-v1,private_swap,bulletproofs-5.0.0-ristretto,47bfac70c1d6594282e7d744ebd8fa5bb594e5d3,bbc0b1a10dec6a35e8a7bb12148f97382d31ec9a72801a9734eae70aae800557,9092276393379105946,1,15,range32-aggregate,"{""range_bits"":32}",8,8,4,16,setup_or_preprocess,,,,,,,,,,,,,,phase,,,true,,,Bulletproofs range generators are fixed and setup-free,,measured,specialized Bulletproofs range baseline; validate bundle before paper reporting,measurement,true,false,unsupported,{},,,,,,
73c3d508-3b93-4554-82b3-9626b6f09519,2026-08-09T03:24:49.075856+00:00,C4-BULLETPROOFS-SPECIALIZED,bulletproofs-range-pilot-v1,private_swap,bulletproofs-5.0.0-ristretto,47bfac70c1d6594282e7d744ebd8fa5bb594e5d3,bbc0b1a10dec6a35e8a7bb12148f97382d31ec9a72801a9734eae70aae800557,9092276393379105946,1,15,range32-aggregate,"{""range_bits"":32}",8,8,4,16,key_load,,,,,,,,,,,,,,phase,,,true,,,the range-proof API has no serialized proving or verification key,,measured,specialized Bulletproofs range baseline; validate bundle before paper reporting,measurement,true,false,unsupported,{},,,,,,
73c3d508-3b93-4554-82b3-9626b6f09519,2026-08-09T03:24:49.075904+00:00,C4-BULLETPROOFS-SPECIALIZED,bulletproofs-range-pilot-v1,private_swap,bulletproofs-5.0.0-ristretto,47bfac70c1d6594282e7d744ebd8fa5bb594e5d3,bbc0b1a10dec6a35e8a7bb12148f97382d31ec9a72801a9734eae70aae800557,9092276393379105946,1,15,range32-aggregate,"{""range_bits"":32}",8,8,4,16,witness,0.593484,,,,,,,,,,,,,phase,,,true,,,,,measured,specialized Bulletproofs range baseline; validate bundle before paper reporting,measurement,true,true,ok,"{""aggregate_values"":16.0,""range_bits"":32.0}",,,,,,
73c3d508-3b93-4554-82b3-9626b6f09519,2026-08-09T03:24:49.075936+00:00,C4-BULLETPROOFS-SPECIALIZED,bulletproofs-range-pilot-v1,private_swap,bulletproofs-5.0.0-ristretto,47bfac70c1d6594282e7d744ebd8fa5bb594e5d3,bbc0b1a10dec6a35e8a7bb12148f97382d31ec9a72801a9734eae70aae800557,9092276393379105946,1,15,range32-aggregate,"{""range_bits"":32}",8,8,4,16,prove_total,51.799048,,,,,,,,,,,,,phase,,,true,,,,,measured,specialized Bulletproofs range baseline; validate bundle before paper reporting,measurement,true,true,ok,"{""aggregate_values"":16.0,""range_bits"":32.0}",,,,,,
73c3d508-3b93-4554-82b3-9626b6f09519,2026-08-09T03:24:49.075956+00:00,C4-BULLETPROOFS-SPECIALIZED,bulletproofs-range-pilot-v1,private_swap,bulletproofs-5.0.0-ristretto,47bfac70c1d6594282e7d744ebd8fa5bb594e5d3,bbc0b1a10dec6a35e8a7bb12148f97382d31ec9a72801a9734eae70aae800557,9092276393379105946,1,15,range32-aggregate,"{""range_bits"":32}",8,8,4,16,serialize,0.002355,,,,,,,,,,,,,phase,,,true,,,,,measured,specialized Bulletproofs range baseline; validate bundle before paper reporting,measurement,true,true,ok,"{""proof_bytes"":864.0}",,,,,,
73c3d508-3b93-4554-82b3-9626b6f09519,2026-08-09T03:24:49.075971+00:00,C4-BULLETPROOFS-SPECIALIZED,bulletproofs-range-pilot-v1,private_swap,bulletproofs-5.0.0-ristretto,47bfac70c1d6594282e7d744ebd8fa5bb594e5d3,bbc0b1a10dec6a35e8a7bb12148f97382d31ec9a72801a9734eae70aae800557,9092276393379105946,1,15,range32-aggregate,"{""range_bits"":32}",8,8,4,16,verify_core,5.202122,,,,,,,,,,,,,phase,,,true,,,,,measured,specialized Bulletproofs range baseline; validate bundle before paper reporting,measurement,true,true,ok,"{""aggregate_values"":16.0}",,,,,,
73c3d508-3b93-4554-82b3-9626b6f09519,2026-08-09T03:24:49.075986+00:00,C4-BULLETPROOFS-SPECIALIZED,bulletproofs-range-pilot-v1,private_swap,bulletproofs-5.0.0-ristretto,47bfac70c1d6594282e7d744ebd8fa5bb594e5d3,bbc0b1a10dec6a35e8a7bb12148f97382d31ec9a72801a9734eae70aae800557,9092276393379105946,1,15,range32-aggregate,"{""range_bits"":32}",8,8,4,16,verify_total,5.202122,,,,,,,,,,,,,phase,,,true,,,,,measured,specialized Bulletproofs range baseline; validate bundle before paper reporting,measurement,true,true,ok,{},,,,,,
73c3d508-3b93-4554-82b3-9626b6f09519,2026-08-09T03:24:49.076000+00:00,C4-BULLETPROOFS-SPECIALIZED,bulletproofs-range-pilot-v1,private_swap,bulletproofs-5.0.0-ristretto,47bfac70c1d6594282e7d744ebd8fa5bb594e5d3,bbc0b1a10dec6a35e8a7bb12148f97382d31ec9a72801a9734eae70aae800557,9092276393379105946,1,15,range32-aggregate,"{""range_bits"":32}",8,8,4,16,adapter_process_wall,116.737639,60.000000,3.601562,864,true,0,,644,956,,,,linux-procfs,process,,,true,,,"private commit and per-process swap I/O are unavailable; VmSwap reports allocation, not swap traffic; No documented hardware or OS energy counter is configured in WSL2",,measured,specialized Bulletproofs range baseline; validate bundle before paper reporting,measurement,true,true,ok,{},512,16,512,range_bits,5.0,22
de954770-e46c-47f4-9bb9-06fc8cd816fa,2026-08-09T03:24:49.146090+00:00,C4-BULLETPROOFS-SPECIALIZED,bulletproofs-range-pilot-v1,private_swap,bulletproofs-5.0.0-ristretto,47bfac70c1d6594282e7d744ebd8fa5bb594e5d3,bbc0b1a10dec6a35e8a7bb12148f97382d31ec9a72801a9734eae70aae800557,299263543106873331,1,16,range32-aggregate,"{""range_bits"":32}",2,2,2,16,native_execution,0.201510,,,,,,,,,,,,,phase,,,true,wrong_public_input,,,,measured,specialized Bulletproofs range baseline; validate bundle before paper reporting,measurement,true,true,ok,"{""aggregate_values"":4.0,""application_units"":2.0,""fixture_digest"":4387380234087369.0,""range_bits"":32.0}",,,,,,
de954770-e46c-47f4-9bb9-06fc8cd816fa,2026-08-09T03:24:49.146166+00:00,C4-BULLETPROOFS-SPECIALIZED,bulletproofs-range-pilot-v1,private_swap,bulletproofs-5.0.0-ristretto,47bfac70c1d6594282e7d744ebd8fa5bb594e5d3,bbc0b1a10dec6a35e8a7bb12148f97382d31ec9a72801a9734eae70aae800557,299263543106873331,1,16,range32-aggregate,"{""range_bits"":32}",2,2,2,16,setup_or_preprocess,,,,,,,,,,,,,,phase,,,true,wrong_public_input,,Bulletproofs range generators are fixed and setup-free,,measured,specialized Bulletproofs range baseline; validate bundle before paper reporting,measurement,true,false,unsupported,{},,,,,,
de954770-e46c-47f4-9bb9-06fc8cd816fa,2026-08-09T03:24:49.146189+00:00,C4-BULLETPROOFS-SPECIALIZED,bulletproofs-range-pilot-v1,private_swap,bulletproofs-5.0.0-ristretto,47bfac70c1d6594282e7d744ebd8fa5bb594e5d3,bbc0b1a10dec6a35e8a7bb12148f97382d31ec9a72801a9734eae70aae800557,299263543106873331,1,16,range32-aggregate,"{""range_bits"":32}",2,2,2,16,key_load,,,,,,,,,,,,,,phase,,,true,wrong_public_input,,the range-proof API has no serialized proving or verification key,,measured,specialized Bulletproofs range baseline; validate bundle before paper reporting,measurement,true,false,unsupported,{},,,,,,
de954770-e46c-47f4-9bb9-06fc8cd816fa,2026-08-09T03:24:49.146206+00:00,C4-BULLETPROOFS-SPECIALIZED,bulletproofs-range-pilot-v1,private_swap,bulletproofs-5.0.0-ristretto,47bfac70c1d6594282e7d744ebd8fa5bb594e5d3,bbc0b1a10dec6a35e8a7bb12148f97382d31ec9a72801a9734eae70aae800557,299263543106873331,1,16,range32-aggregate,"{""range_bits"":32}",2,2,2,16,witness,0.482397,,,,,,,,,,,,,phase,,,true,wrong_public_input,,,,measured,specialized Bulletproofs range baseline; validate bundle before paper reporting,measurement,true,true,ok,"{""aggregate_values"":4.0,""range_bits"":32.0}",,,,,,
de954770-e46c-47f4-9bb9-06fc8cd816fa,2026-08-09T03:24:49.146224+00:00,C4-BULLETPROOFS-SPECIALIZED,bulletproofs-range-pilot-v1,private_swap,bulletproofs-5.0.0-ristretto,47bfac70c1d6594282e7d744ebd8fa5bb594e5d3,bbc0b1a10dec6a35e8a7bb12148f97382d31ec9a72801a9734eae70aae800557,299263543106873331,1,16,range32-aggregate,"{""range_bits"":32}",2,2,2,16,prove_total,13.688167,,,,,,,,,,,,,phase,,,true,wrong_public_input,,,,measured,specialized Bulletproofs range baseline; validate bundle before paper reporting,measurement,true,true,ok,"{""aggregate_values"":4.0,""range_bits"":32.0}",,,,,,
de954770-e46c-47f4-9bb9-06fc8cd816fa,2026-08-09T03:24:49.146242+00:00,C4-BULLETPROOFS-SPECIALIZED,bulletproofs-range-pilot-v1,private_swap,bulletproofs-5.0.0-ristretto,47bfac70c1d6594282e7d744ebd8fa5bb594e5d3,bbc0b1a10dec6a35e8a7bb12148f97382d31ec9a72801a9734eae70aae800557,299263543106873331,1,16,range32-aggregate,"{""range_bits"":32}",2,2,2,16,serialize,0.001924,,,,,,,,,,,,,phase,,,true,wrong_public_input,,,,measured,specialized Bulletproofs range baseline; validate bundle before paper reporting,measurement,true,true,ok,"{""proof_bytes"":736.0}",,,,,,
de954770-e46c-47f4-9bb9-06fc8cd816fa,2026-08-09T03:24:49.146259+00:00,C4-BULLETPROOFS-SPECIALIZED,bulletproofs-range-pilot-v1,private_swap,bulletproofs-5.0.0-ristretto,47bfac70c1d6594282e7d744ebd8fa5bb594e5d3,bbc0b1a10dec6a35e8a7bb12148f97382d31ec9a72801a9734eae70aae800557,299263543106873331,1,16,range32-aggregate,"{""range_bits"":32}",2,2,2,16,verify_core,1.698420,,,,,,,,,,,,,phase,,,true,wrong_public_input,1.698420,,,measured,specialized Bulletproofs range baseline; validate bundle before paper reporting,measurement,true,true,ok,"{""aggregate_values"":4.0}",,,,,,
de954770-e46c-47f4-9bb9-06fc8cd816fa,2026-08-09T03:24:49.146276+00:00,C4-BULLETPROOFS-SPECIALIZED,bulletproofs-range-pilot-v1,private_swap,bulletproofs-5.0.0-ristretto,47bfac70c1d6594282e7d744ebd8fa5bb594e5d3,bbc0b1a10dec6a35e8a7bb12148f97382d31ec9a72801a9734eae70aae800557,299263543106873331,1,16,range32-aggregate,"{""range_bits"":32}",2,2,2,16,verify_total,1.698420,,,,,,,,,,,,,phase,,,true,wrong_public_input,,,,measured,specialized Bulletproofs range baseline; validate bundle before paper reporting,measurement,true,true,ok,{},,,,,,
de954770-e46c-47f4-9bb9-06fc8cd816fa,2026-08-09T03:24:49.146292+00:00,C4-BULLETPROOFS-SPECIALIZED,bulletproofs-range-pilot-v1,private_swap,bulletproofs-5.0.0-ristretto,47bfac70c1d6594282e7d744ebd8fa5bb594e5d3,bbc0b1a10dec6a35e8a7bb12148f97382d31ec9a72801a9734eae70aae800557,299263543106873331,1,16,range32-aggregate,"{""range_bits"":32}",2,2,2,16,invalid_reject,1.698420,,,,,,,,,,,,,phase,,,true,wrong_public_input,,,,measured,specialized Bulletproofs range baseline; validate bundle before paper reporting,measurement,true,true,ok,"{""aggregate_values"":4.0}",,,,,,
de954770-e46c-47f4-9bb9-06fc8cd816fa,2026-08-09T03:24:49.146309+00:00,C4-BULLETPROOFS-SPECIALIZED,bulletproofs-range-pilot-v1,private_swap,bulletproofs-5.0.0-ristretto,47bfac70c1d6594282e7d744ebd8fa5bb594e5d3,bbc0b1a10dec6a35e8a7bb12148f97382d31ec9a72801a9734eae70aae800557,299263543106873331,1,16,range32-aggregate,"{""range_bits"":32}",2,2,2,16,adapter_process_wall,69.087044,10.000000,3.089844,736,false,0,cryptographic_rejection,381,956,,,,linux-procfs,process,,,true,wrong_public_input,,"private commit and per-process swap I/O are unavailable; VmSwap reports allocation, not swap traffic; No documented hardware or OS energy counter is configured in WSL2",,measured,specialized Bulletproofs range baseline; validate bundle before paper reporting,measurement,true,true,ok,{},128,4,128,range_bits,5.0,13
c1daaec8-ee2d-4bc7-bcc5-28e3986ff2e0,2026-08-09T03:24:49.231584+00:00,C4-BULLETPROOFS-SPECIALIZED,bulletproofs-range-pilot-v1,private_swap,bulletproofs-5.0.0-ristretto,47bfac70c1d6594282e7d744ebd8fa5bb594e5d3,bbc0b1a10dec6a35e8a7bb12148f97382d31ec9a72801a9734eae70aae800557,3312480326441268333,2,17,range32-aggregate,"{""range_bits"":32}",4,4,1,16,native_execution,0.212886,,,,,,,,,,,,,phase,,,true,,,,,measured,specialized Bulletproofs range baseline; validate bundle before paper reporting,measurement,true,true,ok,"{""aggregate_values"":8.0,""application_units"":4.0,""fixture_digest"":2486268793280762.0,""range_bits"":32.0}",,,,,,
c1daaec8-ee2d-4bc7-bcc5-28e3986ff2e0,2026-08-09T03:24:49.231687+00:00,C4-BULLETPROOFS-SPECIALIZED,bulletproofs-range-pilot-v1,private_swap,bulletproofs-5.0.0-ristretto,47bfac70c1d6594282e7d744ebd8fa5bb594e5d3,bbc0b1a10dec6a35e8a7bb12148f97382d31ec9a72801a9734eae70aae800557,3312480326441268333,2,17,range32-aggregate,"{""range_bits"":32}",4,4,1,16,setup_or_preprocess,,,,,,,,,,,,,,phase,,,true,,,Bulletproofs range generators are fixed and setup-free,,measured,specialized Bulletproofs range baseline; validate bundle before paper reporting,measurement,true,false,unsupported,{},,,,,,
c1daaec8-ee2d-4bc7-bcc5-28e3986ff2e0,2026-08-09T03:24:49.231707+00:00,C4-BULLETPROOFS-SPECIALIZED,bulletproofs-range-pilot-v1,private_swap,bulletproofs-5.0.0-ristretto,47bfac70c1d6594282e7d744ebd8fa5bb594e5d3,bbc0b1a10dec6a35e8a7bb12148f97382d31ec9a72801a9734eae70aae800557,3312480326441268333,2,17,range32-aggregate,"{""range_bits"":32}",4,4,1,16,key_load,,,,,,,,,,,,,,phase,,,true,,,the range-proof API has no serialized proving or verification key,,measured,specialized Bulletproofs range baseline; validate bundle before paper reporting,measurement,true,false,unsupported,{},,,,,,
c1daaec8-ee2d-4bc7-bcc5-28e3986ff2e0,2026-08-09T03:24:49.231722+00:00,C4-BULLETPROOFS-SPECIALIZED,bulletproofs-range-pilot-v1,private_swap,bulletproofs-5.0.0-ristretto,47bfac70c1d6594282e7d744ebd8fa5bb594e5d3,bbc0b1a10dec6a35e8a7bb12148f97382d31ec9a72801a9734eae70aae800557,3312480326441268333,2,17,range32-aggregate,"{""range_bits"":32}",4,4,1,16,witness,0.487602,,,,,,,,,,,,,phase,,,true,,,,,measured,specialized Bulletproofs range baseline; validate bundle before paper reporting,measurement,true,true,ok,"{""aggregate_values"":8.0,""range_bits"":32.0}",,,,,,
c1daaec8-ee2d-4bc7-bcc5-28e3986ff2e0,2026-08-09T03:24:49.231737+00:00,C4-BULLETPROOFS-SPECIALIZED,bulletproofs-range-pilot-v1,private_swap,bulletproofs-5.0.0-ristretto,47bfac70c1d6594282e7d744ebd8fa5bb594e5d3,bbc0b1a10dec6a35e8a7bb12148f97382d31ec9a72801a9734eae70aae800557,3312480326441268333,2,17,range32-aggregate,"{""range_bits"":32}",4,4,1,16,prove_total,25.300417,,,,,,,,,,,,,phase,,,true,,,,,measured,specialized Bulletproofs range baseline; validate bundle before paper reporting,measurement,true,true,ok,"{""aggregate_values"":8.0,""range_bits"":32.0}",,,,,,
c1daaec8-ee2d-4bc7-bcc5-28e3986ff2e0,2026-08-09T03:24:49.231751+00:00,C4-BULLETPROOFS-SPECIALIZED,bulletproofs-range-pilot-v1,private_swap,bulletproofs-5.0.0-ristretto,47bfac70c1d6594282e7d744ebd8fa5bb594e5d3,bbc0b1a10dec6a35e8a7bb12148f97382d31ec9a72801a9734eae70aae800557,3312480326441268333,2,17,range32-aggregate,"{""range_bits"":32}",4,4,1,16,serialize,0.002605,,,,,,,,,,,,,phase,,,true,,,,,measured,specialized Bulletproofs range baseline; validate bundle before paper reporting,measurement,true,true,ok,"{""proof_bytes"":800.0}",,,,,,
c1daaec8-ee2d-4bc7-bcc5-28e3986ff2e0,2026-08-09T03:24:49.231765+00:00,C4-BULLETPROOFS-SPECIALIZED,bulletproofs-range-pilot-v1,private_swap,bulletproofs-5.0.0-ristretto,47bfac70c1d6594282e7d744ebd8fa5bb594e5d3,bbc0b1a10dec6a35e8a7bb12148f97382d31ec9a72801a9734eae70aae800557,3312480326441268333,2,17,range32-aggregate,"{""range_bits"":32}",4,4,1,16,verify_core,3.090375,,,,,,,,,,,,,phase,,,true,,,,,measured,specialized Bulletproofs range baseline; validate bundle before paper reporting,measurement,true,true,ok,"{""aggregate_values"":8.0}",,,,,,
c1daaec8-ee2d-4bc7-bcc5-28e3986ff2e0,2026-08-09T03:24:49.231804+00:00,C4-BULLETPROOFS-SPECIALIZED,bulletproofs-range-pilot-v1,private_swap,bulletproofs-5.0.0-ristretto,47bfac70c1d6594282e7d744ebd8fa5bb594e5d3,bbc0b1a10dec6a35e8a7bb12148f97382d31ec9a72801a9734eae70aae800557,3312480326441268333,2,17,range32-aggregate,"{""range_bits"":32}",4,4,1,16,verify_total,3.090375,,,,,,,,,,,,,phase,,,true,,,,,measured,specialized Bulletproofs range baseline; validate bundle before paper reporting,measurement,true,true,ok,{},,,,,,
c1daaec8-ee2d-4bc7-bcc5-28e3986ff2e0,2026-08-09T03:24:49.231830+00:00,C4-BULLETPROOFS-SPECIALIZED,bulletproofs-range-pilot-v1,private_swap,bulletproofs-5.0.0-ristretto,47bfac70c1d6594282e7d744ebd8fa5bb594e5d3,bbc0b1a10dec6a35e8a7bb12148f97382d31ec9a72801a9734eae70aae800557,3312480326441268333,2,17,range32-aggregate,"{""range_bits"":32}",4,4,1,16,adapter_process_wall,84.383987,30.000000,3.121094,800,true,0,,430,956,,,,linux-procfs,process,,,true,,,"Linux procfs read failed: [Errno 13] Permission denied: '/proc/479/io'; private commit and per-process swap I/O are unavailable; VmSwap reports allocation, not swap traffic; No documented hardware or OS energy counter is configured in WSL2",,measured,specialized Bulletproofs range baseline; validate bundle before paper reporting,measurement,true,true,ok,{},256,8,256,range_bits,5.0,15
0313a78f-f094-4bb6-b3ad-80f42a28d1be,2026-08-09T03:24:49.307756+00:00,C4-BULLETPROOFS-SPECIALIZED,bulletproofs-range-pilot-v1,private_swap,bulletproofs-5.0.0-ristretto,47bfac70c1d6594282e7d744ebd8fa5bb594e5d3,bbc0b1a10dec6a35e8a7bb12148f97382d31ec9a72801a9734eae70aae800557,5719504506698901745,2,18,range32-aggregate,"{""range_bits"":32}",2,2,1,16,native_execution,0.182079,,,,,,,,,,,,,phase,,,true,,,,,measured,specialized Bulletproofs range baseline; validate bundle before paper reporting,measurement,true,true,ok,"{""aggregate_values"":4.0,""application_units"":2.0,""fixture_digest"":1095638074799594.0,""range_bits"":32.0}",,,,,,
0313a78f-f094-4bb6-b3ad-80f42a28d1be,2026-08-09T03:24:49.307877+00:00,C4-BULLETPROOFS-SPECIALIZED,bulletproofs-range-pilot-v1,private_swap,bulletproofs-5.0.0-ristretto,47bfac70c1d6594282e7d744ebd8fa5bb594e5d3,bbc0b1a10dec6a35e8a7bb12148f97382d31ec9a72801a9734eae70aae800557,5719504506698901745,2,18,range32-aggregate,"{""range_bits"":32}",2,2,1,16,setup_or_preprocess,,,,,,,,,,,,,,phase,,,true,,,Bulletproofs range generators are fixed and setup-free,,measured,specialized Bulletproofs range baseline; validate bundle before paper reporting,measurement,true,false,unsupported,{},,,,,,
0313a78f-f094-4bb6-b3ad-80f42a28d1be,2026-08-09T03:24:49.307902+00:00,C4-BULLETPROOFS-SPECIALIZED,bulletproofs-range-pilot-v1,private_swap,bulletproofs-5.0.0-ristretto,47bfac70c1d6594282e7d744ebd8fa5bb594e5d3,bbc0b1a10dec6a35e8a7bb12148f97382d31ec9a72801a9734eae70aae800557,5719504506698901745,2,18,range32-aggregate,"{""range_bits"":32}",2,2,1,16,key_load,,,,,,,,,,,,,,phase,,,true,,,the range-proof API has no serialized proving or verification key,,measured,specialized Bulletproofs range baseline; validate bundle before paper reporting,measurement,true,false,unsupported,{},,,,,,
0313a78f-f094-4bb6-b3ad-80f42a28d1be,2026-08-09T03:24:49.307921+00:00,C4-BULLETPROOFS-SPECIALIZED,bulletproofs-range-pilot-v1,private_swap,bulletproofs-5.0.0-ristretto,47bfac70c1d6594282e7d744ebd8fa5bb594e5d3,bbc0b1a10dec6a35e8a7bb12148f97382d31ec9a72801a9734eae70aae800557,5719504506698901745,2,18,range32-aggregate,"{""range_bits"":32}",2,2,1,16,witness,0.459525,,,,,,,,,,,,,phase,,,true,,,,,measured,specialized Bulletproofs range baseline; validate bundle before paper reporting,measurement,true,true,ok,"{""aggregate_values"":4.0,""range_bits"":32.0}",,,,,,
0313a78f-f094-4bb6-b3ad-80f42a28d1be,2026-08-09T03:24:49.307940+00:00,C4-BULLETPROOFS-SPECIALIZED,bulletproofs-range-pilot-v1,private_swap,bulletproofs-5.0.0-ristretto,47bfac70c1d6594282e7d744ebd8fa5bb594e5d3,bbc0b1a10dec6a35e8a7bb12148f97382d31ec9a72801a9734eae70aae800557,5719504506698901745,2,18,range32-aggregate,"{""range_bits"":32}",2,2,1,16,prove_total,13.781932,,,,,,,,,,,,,phase,,,true,,,,,measured,specialized Bulletproofs range baseline; validate bundle before paper reporting,measurement,true,true,ok,"{""aggregate_values"":4.0,""range_bits"":32.0}",,,,,,
0313a78f-f094-4bb6-b3ad-80f42a28d1be,2026-08-09T03:24:49.307958+00:00,C4-BULLETPROOFS-SPECIALIZED,bulletproofs-range-pilot-v1,private_swap,bulletproofs-5.0.0-ristretto,47bfac70c1d6594282e7d744ebd8fa5bb594e5d3,bbc0b1a10dec6a35e8a7bb12148f97382d31ec9a72801a9734eae70aae800557,5719504506698901745,2,18,range32-aggregate,"{""range_bits"":32}",2,2,1,16,serialize,0.002284,,,,,,,,,,,,,phase,,,true,,,,,measured,specialized Bulletproofs range baseline; validate bundle before paper reporting,measurement,true,true,ok,"{""proof_bytes"":736.0}",,,,,,
0313a78f-f094-4bb6-b3ad-80f42a28d1be,2026-08-09T03:24:49.307975+00:00,C4-BULLETPROOFS-SPECIALIZED,bulletproofs-range-pilot-v1,private_swap,bulletproofs-5.0.0-ristretto,47bfac70c1d6594282e7d744ebd8fa5bb594e5d3,bbc0b1a10dec6a35e8a7bb12148f97382d31ec9a72801a9734eae70aae800557,5719504506698901745,2,18,range32-aggregate,"{""range_bits"":32}",2,2,1,16,verify_core,2.403498,,,,,,,,,,,,,phase,,,true,,,,,measured,specialized Bulletproofs range baseline; validate bundle before paper reporting,measurement,true,true,ok,"{""aggregate_values"":4.0}",,,,,,
0313a78f-f094-4bb6-b3ad-80f42a28d1be,2026-08-09T03:24:49.307993+00:00,C4-BULLETPROOFS-SPECIALIZED,bulletproofs-range-pilot-v1,private_swap,bulletproofs-5.0.0-ristretto,47bfac70c1d6594282e7d744ebd8fa5bb594e5d3,bbc0b1a10dec6a35e8a7bb12148f97382d31ec9a72801a9734eae70aae800557,5719504506698901745,2,18,range32-aggregate,"{""range_bits"":32}",2,2,1,16,verify_total,2.403498,,,,,,,,,,,,,phase,,,true,,,,,measured,specialized Bulletproofs range baseline; validate bundle before paper reporting,measurement,true,true,ok,{},,,,,,
0313a78f-f094-4bb6-b3ad-80f42a28d1be,2026-08-09T03:24:49.308010+00:00,C4-BULLETPROOFS-SPECIALIZED,bulletproofs-range-pilot-v1,private_swap,bulletproofs-5.0.0-ristretto,47bfac70c1d6594282e7d744ebd8fa5bb594e5d3,bbc0b1a10dec6a35e8a7bb12148f97382d31ec9a72801a9734eae70aae800557,5719504506698901745,2,18,range32-aggregate,"{""range_bits"":32}",2,2,1,16,adapter_process_wall,74.942179,10.000000,3.277344,736,true,0,,383,956,,,,linux-procfs,process,,,true,,,"private commit and per-process swap I/O are unavailable; VmSwap reports allocation, not swap traffic; No documented hardware or OS energy counter is configured in WSL2",,measured,specialized Bulletproofs range baseline; validate bundle before paper reporting,measurement,true,true,ok,{},128,4,128,range_bits,5.0,14
5c32f4d2-6eb8-4286-ba6e-3c6290a8e2eb,2026-08-09T03:24:49.394159+00:00,C4-BULLETPROOFS-SPECIALIZED,bulletproofs-range-pilot-v1,private_swap,bulletproofs-5.0.0-ristretto,47bfac70c1d6594282e7d744ebd8fa5bb594e5d3,bbc0b1a10dec6a35e8a7bb12148f97382d31ec9a72801a9734eae70aae800557,5440635209878698489,0,19,range32-aggregate,"{""range_bits"":32}",4,4,4,16,native_execution,0.183401,,,,,,,,,,,,,phase,,,true,wrong_public_input,,,,measured,specialized Bulletproofs range baseline; validate bundle before paper reporting,measurement,true,true,ok,"{""aggregate_values"":8.0,""application_units"":4.0,""fixture_digest"":2882483049781981.0,""range_bits"":32.0}",,,,,,
5c32f4d2-6eb8-4286-ba6e-3c6290a8e2eb,2026-08-09T03:24:49.394269+00:00,C4-BULLETPROOFS-SPECIALIZED,bulletproofs-range-pilot-v1,private_swap,bulletproofs-5.0.0-ristretto,47bfac70c1d6594282e7d744ebd8fa5bb594e5d3,bbc0b1a10dec6a35e8a7bb12148f97382d31ec9a72801a9734eae70aae800557,5440635209878698489,0,19,range32-aggregate,"{""range_bits"":32}",4,4,4,16,setup_or_preprocess,,,,,,,,,,,,,,phase,,,true,wrong_public_input,,Bulletproofs range generators are fixed and setup-free,,measured,specialized Bulletproofs range baseline; validate bundle before paper reporting,measurement,true,false,unsupported,{},,,,,,
5c32f4d2-6eb8-4286-ba6e-3c6290a8e2eb,2026-08-09T03:24:49.394294+00:00,C4-BULLETPROOFS-SPECIALIZED,bulletproofs-range-pilot-v1,private_swap,bulletproofs-5.0.0-ristretto,47bfac70c1d6594282e7d744ebd8fa5bb594e5d3,bbc0b1a10dec6a35e8a7bb12148f97382d31ec9a72801a9734eae70aae800557,5440635209878698489,0,19,range32-aggregate,"{""range_bits"":32}",4,4,4,16,key_load,,,,,,,,,,,,,,phase,,,true,wrong_public_input,,the range-proof API has no serialized proving or verification key,,measured,specialized Bulletproofs range baseline; validate bundle before paper reporting,measurement,true,false,unsupported,{},,,,,,
5c32f4d2-6eb8-4286-ba6e-3c6290a8e2eb,2026-08-09T03:24:49.394313+00:00,C4-BULLETPROOFS-SPECIALIZED,bulletproofs-range-pilot-v1,private_swap,bulletproofs-5.0.0-ristretto,47bfac70c1d6594282e7d744ebd8fa5bb594e5d3,bbc0b1a10dec6a35e8a7bb12148f97382d31ec9a72801a9734eae70aae800557,5440635209878698489,0,19,range32-aggregate,"{""range_bits"":32}",4,4,4,16,witness,0.537700,,,,,,,,,,,,,phase,,,true,wrong_public_input,,,,measured,specialized Bulletproofs range baseline; validate bundle before paper reporting,measurement,true,true,ok,"{""aggregate_values"":8.0,""range_bits"":32.0}",,,,,,
5c32f4d2-6eb8-4286-ba6e-3c6290a8e2eb,2026-08-09T03:24:49.394333+00:00,C4-BULLETPROOFS-SPECIALIZED,bulletproofs-range-pilot-v1,private_swap,bulletproofs-5.0.0-ristretto,47bfac70c1d6594282e7d744ebd8fa5bb594e5d3,bbc0b1a10dec6a35e8a7bb12148f97382d31ec9a72801a9734eae70aae800557,5440635209878698489,0,19,range32-aggregate,"{""range_bits"":32}",4,4,4,16,prove_total,25.549642,,,,,,,,,,,,,phase,,,true,wrong_public_input,,,,measured,specialized Bulletproofs range baseline; validate bundle before paper reporting,measurement,true,true,ok,"{""aggregate_values"":8.0,""range_bits"":32.0}",,,,,,
5c32f4d2-6eb8-4286-ba6e-3c6290a8e2eb,2026-08-09T03:24:49.394352+00:00,C4-BULLETPROOFS-SPECIALIZED,bulletproofs-range-pilot-v1,private_swap,bulletproofs-5.0.0-ristretto,47bfac70c1d6594282e7d744ebd8fa5bb594e5d3,bbc0b1a10dec6a35e8a7bb12148f97382d31ec9a72801a9734eae70aae800557,5440635209878698489,0,19,range32-aggregate,"{""range_bits"":32}",4,4,4,16,serialize,0.002144,,,,,,,,,,,,,phase,,,true,wrong_public_input,,,,measured,specialized Bulletproofs range baseline; validate bundle before paper reporting,measurement,true,true,ok,"{""proof_bytes"":800.0}",,,,,,
5c32f4d2-6eb8-4286-ba6e-3c6290a8e2eb,2026-08-09T03:24:49.394370+00:00,C4-BULLETPROOFS-SPECIALIZED,bulletproofs-range-pilot-v1,private_swap,bulletproofs-5.0.0-ristretto,47bfac70c1d6594282e7d744ebd8fa5bb594e5d3,bbc0b1a10dec6a35e8a7bb12148f97382d31ec9a72801a9734eae70aae800557,5440635209878698489,0,19,range32-aggregate,"{""range_bits"":32}",4,4,4,16,verify_core,2.698531,,,,,,,,,,,,,phase,,,true,wrong_public_input,2.698531,,,measured,specialized Bulletproofs range baseline; validate bundle before paper reporting,measurement,true,true,ok,"{""aggregate_values"":8.0}",,,,,,
5c32f4d2-6eb8-4286-ba6e-3c6290a8e2eb,2026-08-09T03:24:49.394387+00:00,C4-BULLETPROOFS-SPECIALIZED,bulletproofs-range-pilot-v1,private_swap,bulletproofs-5.0.0-ristretto,47bfac70c1d6594282e7d744ebd8fa5bb594e5d3,bbc0b1a10dec6a35e8a7bb12148f97382d31ec9a72801a9734eae70aae800557,5440635209878698489,0,19,range32-aggregate,"{""range_bits"":32}",4,4,4,16,verify_total,2.698531,,,,,,,,,,,,,phase,,,true,wrong_public_input,,,,measured,specialized Bulletproofs range baseline; validate bundle before paper reporting,measurement,true,true,ok,{},,,,,,
5c32f4d2-6eb8-4286-ba6e-3c6290a8e2eb,2026-08-09T03:24:49.394439+00:00,C4-BULLETPROOFS-SPECIALIZED,bulletproofs-range-pilot-v1,private_swap,bulletproofs-5.0.0-ristretto,47bfac70c1d6594282e7d744ebd8fa5bb594e5d3,bbc0b1a10dec6a35e8a7bb12148f97382d31ec9a72801a9734eae70aae800557,5440635209878698489,0,19,range32-aggregate,"{""range_bits"":32}",4,4,4,16,invalid_reject,2.698531,,,,,,,,,,,,,phase,,,true,wrong_public_input,,,,measured,specialized Bulletproofs range baseline; validate bundle before paper reporting,measurement,true,true,ok,"{""aggregate_values"":8.0}",,,,,,
5c32f4d2-6eb8-4286-ba6e-3c6290a8e2eb,2026-08-09T03:24:49.394471+00:00,C4-BULLETPROOFS-SPECIALIZED,bulletproofs-range-pilot-v1,private_swap,bulletproofs-5.0.0-ristretto,47bfac70c1d6594282e7d744ebd8fa5bb594e5d3,bbc0b1a10dec6a35e8a7bb12148f97382d31ec9a72801a9734eae70aae800557,5440635209878698489,0,19,range32-aggregate,"{""range_bits"":32}",4,4,4,16,adapter_process_wall,85.019298,20.000000,3.128906,800,false,0,cryptographic_rejection,431,956,,,,linux-procfs,process,,,true,wrong_public_input,,"Linux procfs read failed: [Errno 13] Permission denied: '/proc/483/io'; private commit and per-process swap I/O are unavailable; VmSwap reports allocation, not swap traffic; No documented hardware or OS energy counter is configured in WSL2",,measured,specialized Bulletproofs range baseline; validate bundle before paper reporting,measurement,true,true,ok,{},256,8,256,range_bits,5.0,15
8ad32c19-446d-46c5-9fd0-40b4c556d622,2026-08-09T03:24:49.510540+00:00,C4-BULLETPROOFS-SPECIALIZED,bulletproofs-range-pilot-v1,private_swap,bulletproofs-5.0.0-ristretto,47bfac70c1d6594282e7d744ebd8fa5bb594e5d3,bbc0b1a10dec6a35e8a7bb12148f97382d31ec9a72801a9734eae70aae800557,4016246237073150827,0,20,range32-aggregate,"{""range_bits"":32}",8,8,4,16,native_execution,0.168954,,,,,,,,,,,,,phase,,,true,,,,,measured,specialized Bulletproofs range baseline; validate bundle before paper reporting,measurement,true,true,ok,"{""aggregate_values"":16.0,""application_units"":8.0,""fixture_digest"":3093856710714075.0,""range_bits"":32.0}",,,,,,
8ad32c19-446d-46c5-9fd0-40b4c556d622,2026-08-09T03:24:49.510616+00:00,C4-BULLETPROOFS-SPECIALIZED,bulletproofs-range-pilot-v1,private_swap,bulletproofs-5.0.0-ristretto,47bfac70c1d6594282e7d744ebd8fa5bb594e5d3,bbc0b1a10dec6a35e8a7bb12148f97382d31ec9a72801a9734eae70aae800557,4016246237073150827,0,20,range32-aggregate,"{""range_bits"":32}",8,8,4,16,setup_or_preprocess,,,,,,,,,,,,,,phase,,,true,,,Bulletproofs range generators are fixed and setup-free,,measured,specialized Bulletproofs range baseline; validate bundle before paper reporting,measurement,true,false,unsupported,{},,,,,,
8ad32c19-446d-46c5-9fd0-40b4c556d622,2026-08-09T03:24:49.510640+00:00,C4-BULLETPROOFS-SPECIALIZED,bulletproofs-range-pilot-v1,private_swap,bulletproofs-5.0.0-ristretto,47bfac70c1d6594282e7d744ebd8fa5bb594e5d3,bbc0b1a10dec6a35e8a7bb12148f97382d31ec9a72801a9734eae70aae800557,4016246237073150827,0,20,range32-aggregate,"{""range_bits"":32}",8,8,4,16,key_load,,,,,,,,,,,,,,phase,,,true,,,the range-proof API has no serialized proving or verification key,,measured,specialized Bulletproofs range baseline; validate bundle before paper reporting,measurement,true,false,unsupported,{},,,,,,
8ad32c19-446d-46c5-9fd0-40b4c556d622,2026-08-09T03:24:49.510658+00:00,C4-BULLETPROOFS-SPECIALIZED,bulletproofs-range-pilot-v1,private_swap,bulletproofs-5.0.0-ristretto,47bfac70c1d6594282e7d744ebd8fa5bb594e5d3,bbc0b1a10dec6a35e8a7bb12148f97382d31ec9a72801a9734eae70aae800557,4016246237073150827,0,20,range32-aggregate,"{""range_bits"":32}",8,8,4,16,witness,0.450589,,,,,,,,,,,,,phase,,,true,,,,,measured,specialized Bulletproofs range baseline; validate bundle before paper reporting,measurement,true,true,ok,"{""aggregate_values"":16.0,""range_bits"":32.0}",,,,,,
8ad32c19-446d-46c5-9fd0-40b4c556d622,2026-08-09T03:24:49.510676+00:00,C4-BULLETPROOFS-SPECIALIZED,bulletproofs-range-pilot-v1,private_swap,bulletproofs-5.0.0-ristretto,47bfac70c1d6594282e7d744ebd8fa5bb594e5d3,bbc0b1a10dec6a35e8a7bb12148f97382d31ec9a72801a9734eae70aae800557,4016246237073150827,0,20,range32-aggregate,"{""range_bits"":32}",8,8,4,16,prove_total,51.875220,,,,,,,,,,,,,phase,,,true,,,,,measured,specialized Bulletproofs range baseline; validate bundle before paper reporting,measurement,true,true,ok,"{""aggregate_values"":16.0,""range_bits"":32.0}",,,,,,
8ad32c19-446d-46c5-9fd0-40b4c556d622,2026-08-09T03:24:49.510694+00:00,C4-BULLETPROOFS-SPECIALIZED,bulletproofs-range-pilot-v1,private_swap,bulletproofs-5.0.0-ristretto,47bfac70c1d6594282e7d744ebd8fa5bb594e5d3,bbc0b1a10dec6a35e8a7bb12148f97382d31ec9a72801a9734eae70aae800557,4016246237073150827,0,20,range32-aggregate,"{""range_bits"":32}",8,8,4,16,serialize,0.002074,,,,,,,,,,,,,phase,,,true,,,,,measured,specialized Bulletproofs range baseline; validate bundle before paper reporting,measurement,true,true,ok,"{""proof_bytes"":864.0}",,,,,,
8ad32c19-446d-46c5-9fd0-40b4c556d622,2026-08-09T03:24:49.510710+00:00,C4-BULLETPROOFS-SPECIALIZED,bulletproofs-range-pilot-v1,private_swap,bulletproofs-5.0.0-ristretto,47bfac70c1d6594282e7d744ebd8fa5bb594e5d3,bbc0b1a10dec6a35e8a7bb12148f97382d31ec9a72801a9734eae70aae800557,4016246237073150827,0,20,range32-aggregate,"{""range_bits"":32}",8,8,4,16,verify_core,5.186035,,,,,,,,,,,,,phase,,,true,,,,,measured,specialized Bulletproofs range baseline; validate bundle before paper reporting,measurement,true,true,ok,"{""aggregate_values"":16.0}",,,,,,
8ad32c19-446d-46c5-9fd0-40b4c556d622,2026-08-09T03:24:49.510727+00:00,C4-BULLETPROOFS-SPECIALIZED,bulletproofs-range-pilot-v1,private_swap,bulletproofs-5.0.0-ristretto,47bfac70c1d6594282e7d744ebd8fa5bb594e5d3,bbc0b1a10dec6a35e8a7bb12148f97382d31ec9a72801a9734eae70aae800557,4016246237073150827,0,20,range32-aggregate,"{""range_bits"":32}",8,8,4,16,verify_total,5.186035,,,,,,,,,,,,,phase,,,true,,,,,measured,specialized Bulletproofs range baseline; validate bundle before paper reporting,measurement,true,true,ok,{},,,,,,
8ad32c19-446d-46c5-9fd0-40b4c556d622,2026-08-09T03:24:49.510743+00:00,C4-BULLETPROOFS-SPECIALIZED,bulletproofs-range-pilot-v1,private_swap,bulletproofs-5.0.0-ristretto,47bfac70c1d6594282e7d744ebd8fa5bb594e5d3,bbc0b1a10dec6a35e8a7bb12148f97382d31ec9a72801a9734eae70aae800557,4016246237073150827,0,20,range32-aggregate,"{""range_bits"":32}",8,8,4,16,adapter_process_wall,115.152657,60.000000,3.589844,864,true,0,,615,956,,,,linux-procfs,process,,,true,,,"Linux procfs read failed: [Errno 13] Permission denied: '/proc/485/io'; private commit and per-process swap I/O are unavailable; VmSwap reports allocation, not swap traffic; No documented hardware or OS energy counter is configured in WSL2",,measured,specialized Bulletproofs range baseline; validate bundle before paper reporting,measurement,true,true,ok,{},512,16,512,range_bits,5.0,21
17b12dcd-b29a-4988-b7f5-26b03236bf39,2026-08-09T03:24:49.622789+00:00,C4-BULLETPROOFS-SPECIALIZED,bulletproofs-range-pilot-v1,private_swap,bulletproofs-5.0.0-ristretto,47bfac70c1d6594282e7d744ebd8fa5bb594e5d3,bbc0b1a10dec6a35e8a7bb12148f97382d31ec9a72801a9734eae70aae800557,5802834939146026925,2,21,range32-aggregate,"{""range_bits"":32}",8,8,1,16,native_execution,0.224931,,,,,,,,,,,,,phase,,,true,,,,,measured,specialized Bulletproofs range baseline; validate bundle before paper reporting,measurement,true,true,ok,"{""aggregate_values"":16.0,""application_units"":8.0,""fixture_digest"":3036112611301208.0,""range_bits"":32.0}",,,,,,
17b12dcd-b29a-4988-b7f5-26b03236bf39,2026-08-09T03:24:49.622904+00:00,C4-BULLETPROOFS-SPECIALIZED,bulletproofs-range-pilot-v1,private_swap,bulletproofs-5.0.0-ristretto,47bfac70c1d6594282e7d744ebd8fa5bb594e5d3,bbc0b1a10dec6a35e8a7bb12148f97382d31ec9a72801a9734eae70aae800557,5802834939146026925,2,21,range32-aggregate,"{""range_bits"":32}",8,8,1,16,setup_or_preprocess,,,,,,,,,,,,,,phase,,,true,,,Bulletproofs range generators are fixed and setup-free,,measured,specialized Bulletproofs range baseline; validate bundle before paper reporting,measurement,true,false,unsupported,{},,,,,,
17b12dcd-b29a-4988-b7f5-26b03236bf39,2026-08-09T03:24:49.622924+00:00,C4-BULLETPROOFS-SPECIALIZED,bulletproofs-range-pilot-v1,private_swap,bulletproofs-5.0.0-ristretto,47bfac70c1d6594282e7d744ebd8fa5bb594e5d3,bbc0b1a10dec6a35e8a7bb12148f97382d31ec9a72801a9734eae70aae800557,5802834939146026925,2,21,range32-aggregate,"{""range_bits"":32}",8,8,1,16,key_load,,,,,,,,,,,,,,phase,,,true,,,the range-proof API has no serialized proving or verification key,,measured,specialized Bulletproofs range baseline; validate bundle before paper reporting,measurement,true,false,unsupported,{},,,,,,
17b12dcd-b29a-4988-b7f5-26b03236bf39,2026-08-09T03:24:49.622940+00:00,C4-BULLETPROOFS-SPECIALIZED,bulletproofs-range-pilot-v1,private_swap,bulletproofs-5.0.0-ristretto,47bfac70c1d6594282e7d744ebd8fa5bb594e5d3,bbc0b1a10dec6a35e8a7bb12148f97382d31ec9a72801a9734eae70aae800557,5802834939146026925,2,21,range32-aggregate,"{""range_bits"":32}",8,8,1,16,witness,0.529255,,,,,,,,,,,,,phase,,,true,,,,,measured,specialized Bulletproofs range baseline; validate bundle before paper reporting,measurement,true,true,ok,"{""aggregate_values"":16.0,""range_bits"":32.0}",,,,,,
17b12dcd-b29a-4988-b7f5-26b03236bf39,2026-08-09T03:24:49.622956+00:00,C4-BULLETPROOFS-SPECIALIZED,bulletproofs-range-pilot-v1,private_swap,bulletproofs-5.0.0-ristretto,47bfac70c1d6594282e7d744ebd8fa5bb594e5d3,bbc0b1a10dec6a35e8a7bb12148f97382d31ec9a72801a9734eae70aae800557,5802834939146026925,2,21,range32-aggregate,"{""range_bits"":32}",8,8,1,16,prove_total,48.220770,,,,,,,,,,,,,phase,,,true,,,,,measured,specialized Bulletproofs range baseline; validate bundle before paper reporting,measurement,true,true,ok,"{""aggregate_values"":16.0,""range_bits"":32.0}",,,,,,
17b12dcd-b29a-4988-b7f5-26b03236bf39,2026-08-09T03:24:49.622970+00:00,C4-BULLETPROOFS-SPECIALIZED,bulletproofs-range-pilot-v1,private_swap,bulletproofs-5.0.0-ristretto,47bfac70c1d6594282e7d744ebd8fa5bb594e5d3,bbc0b1a10dec6a35e8a7bb12148f97382d31ec9a72801a9734eae70aae800557,5802834939146026925,2,21,range32-aggregate,"{""range_bits"":32}",8,8,1,16,serialize,0.002214,,,,,,,,,,,,,phase,,,true,,,,,measured,specialized Bulletproofs range baseline; validate bundle before paper reporting,measurement,true,true,ok,"{""proof_bytes"":864.0}",,,,,,
17b12dcd-b29a-4988-b7f5-26b03236bf39,2026-08-09T03:24:49.622984+00:00,C4-BULLETPROOFS-SPECIALIZED,bulletproofs-range-pilot-v1,private_swap,bulletproofs-5.0.0-ristretto,47bfac70c1d6594282e7d744ebd8fa5bb594e5d3,bbc0b1a10dec6a35e8a7bb12148f97382d31ec9a72801a9734eae70aae800557,5802834939146026925,2,21,range32-aggregate,"{""range_bits"":32}",8,8,1,16,verify_core,4.760869,,,,,,,,,,,,,phase,,,true,,,,,measured,specialized Bulletproofs range baseline; validate bundle before paper reporting,measurement,true,true,ok,"{""aggregate_values"":16.0}",,,,,,
17b12dcd-b29a-4988-b7f5-26b03236bf39,2026-08-09T03:24:49.622998+00:00,C4-BULLETPROOFS-SPECIALIZED,bulletproofs-range-pilot-v1,private_swap,bulletproofs-5.0.0-ristretto,47bfac70c1d6594282e7d744ebd8fa5bb594e5d3,bbc0b1a10dec6a35e8a7bb12148f97382d31ec9a72801a9734eae70aae800557,5802834939146026925,2,21,range32-aggregate,"{""range_bits"":32}",8,8,1,16,verify_total,4.760869,,,,,,,,,,,,,phase,,,true,,,,,measured,specialized Bulletproofs range baseline; validate bundle before paper reporting,measurement,true,true,ok,{},,,,,,
17b12dcd-b29a-4988-b7f5-26b03236bf39,2026-08-09T03:24:49.623011+00:00,C4-BULLETPROOFS-SPECIALIZED,bulletproofs-range-pilot-v1,private_swap,bulletproofs-5.0.0-ristretto,47bfac70c1d6594282e7d744ebd8fa5bb594e5d3,bbc0b1a10dec6a35e8a7bb12148f97382d31ec9a72801a9734eae70aae800557,5802834939146026925,2,21,range32-aggregate,"{""range_bits"":32}",8,8,1,16,adapter_process_wall,111.207928,50.000000,3.613281,864,true,0,,648,956,,,,linux-procfs,process,,,true,,,"private commit and per-process swap I/O are unavailable; VmSwap reports allocation, not swap traffic; No documented hardware or OS energy counter is configured in WSL2",,measured,specialized Bulletproofs range baseline; validate bundle before paper reporting,measurement,true,true,ok,{},512,16,512,range_bits,5.0,21
59095288-7c87-4dc2-975e-e01dbe9d8ac5,2026-08-09T03:24:49.692164+00:00,C4-BULLETPROOFS-SPECIALIZED,bulletproofs-range-pilot-v1,private_swap,bulletproofs-5.0.0-ristretto,47bfac70c1d6594282e7d744ebd8fa5bb594e5d3,bbc0b1a10dec6a35e8a7bb12148f97382d31ec9a72801a9734eae70aae800557,7424136994082813856,2,22,range32-aggregate,"{""range_bits"":32}",2,2,4,16,native_execution,0.200363,,,,,,,,,,,,,phase,,,true,,,,,measured,specialized Bulletproofs range baseline; validate bundle before paper reporting,measurement,true,true,ok,"{""aggregate_values"":4.0,""application_units"":2.0,""fixture_digest"":3148352461096911.0,""range_bits"":32.0}",,,,,,
59095288-7c87-4dc2-975e-e01dbe9d8ac5,2026-08-09T03:24:49.692231+00:00,C4-BULLETPROOFS-SPECIALIZED,bulletproofs-range-pilot-v1,private_swap,bulletproofs-5.0.0-ristretto,47bfac70c1d6594282e7d744ebd8fa5bb594e5d3,bbc0b1a10dec6a35e8a7bb12148f97382d31ec9a72801a9734eae70aae800557,7424136994082813856,2,22,range32-aggregate,"{""range_bits"":32}",2,2,4,16,setup_or_preprocess,,,,,,,,,,,,,,phase,,,true,,,Bulletproofs range generators are fixed and setup-free,,measured,specialized Bulletproofs range baseline; validate bundle before paper reporting,measurement,true,false,unsupported,{},,,,,,
59095288-7c87-4dc2-975e-e01dbe9d8ac5,2026-08-09T03:24:49.692251+00:00,C4-BULLETPROOFS-SPECIALIZED,bulletproofs-range-pilot-v1,private_swap,bulletproofs-5.0.0-ristretto,47bfac70c1d6594282e7d744ebd8fa5bb594e5d3,bbc0b1a10dec6a35e8a7bb12148f97382d31ec9a72801a9734eae70aae800557,7424136994082813856,2,22,range32-aggregate,"{""range_bits"":32}",2,2,4,16,key_load,,,,,,,,,,,,,,phase,,,true,,,the range-proof API has no serialized proving or verification key,,measured,specialized Bulletproofs range baseline; validate bundle before paper reporting,measurement,true,false,unsupported,{},,,,,,
59095288-7c87-4dc2-975e-e01dbe9d8ac5,2026-08-09T03:24:49.692265+00:00,C4-BULLETPROOFS-SPECIALIZED,bulletproofs-range-pilot-v1,private_swap,bulletproofs-5.0.0-ristretto,47bfac70c1d6594282e7d744ebd8fa5bb594e5d3,bbc0b1a10dec6a35e8a7bb12148f97382d31ec9a72801a9734eae70aae800557,7424136994082813856,2,22,range32-aggregate,"{""range_bits"":32}",2,2,4,16,witness,0.517463,,,,,,,,,,,,,phase,,,true,,,,,measured,specialized Bulletproofs range baseline; validate bundle before paper reporting,measurement,true,true,ok,"{""aggregate_values"":4.0,""range_bits"":32.0}",,,,,,
59095288-7c87-4dc2-975e-e01dbe9d8ac5,2026-08-09T03:24:49.692281+00:00,C4-BULLETPROOFS-SPECIALIZED,bulletproofs-range-pilot-v1,private_swap,bulletproofs-5.0.0-ristretto,47bfac70c1d6594282e7d744ebd8fa5bb594e5d3,bbc0b1a10dec6a35e8a7bb12148f97382d31ec9a72801a9734eae70aae800557,7424136994082813856,2,22,range32-aggregate,"{""range_bits"":32}",2,2,4,16,prove_total,13.396454,,,,,,,,,,,,,phase,,,true,,,,,measured,specialized Bulletproofs range baseline; validate bundle before paper reporting,measurement,true,true,ok,"{""aggregate_values"":4.0,""range_bits"":32.0}",,,,,,
59095288-7c87-4dc2-975e-e01dbe9d8ac5,2026-08-09T03:24:49.692295+00:00,C4-BULLETPROOFS-SPECIALIZED,bulletproofs-range-pilot-v1,private_swap,bulletproofs-5.0.0-ristretto,47bfac70c1d6594282e7d744ebd8fa5bb594e5d3,bbc0b1a10dec6a35e8a7bb12148f97382d31ec9a72801a9734eae70aae800557,7424136994082813856,2,22,range32-aggregate,"{""range_bits"":32}",2,2,4,16,serialize,0.001633,,,,,,,,,,,,,phase,,,true,,,,,measured,specialized Bulletproofs range baseline; validate bundle before paper reporting,measurement,true,true,ok,"{""proof_bytes"":736.0}",,,,,,
59095288-7c87-4dc2-975e-e01dbe9d8ac5,2026-08-09T03:24:49.692309+00:00,C4-BULLETPROOFS-SPECIALIZED,bulletproofs-range-pilot-v1,private_swap,bulletproofs-5.0.0-ristretto,47bfac70c1d6594282e7d744ebd8fa5bb594e5d3,bbc0b1a10dec6a35e8a7bb12148f97382d31ec9a72801a9734eae70aae800557,7424136994082813856,2,22,range32-aggregate,"{""range_bits"":32}",2,2,4,16,verify_core,1.681719,,,,,,,,,,,,,phase,,,true,,,,,measured,specialized Bulletproofs range baseline; validate bundle before paper reporting,measurement,true,true,ok,"{""aggregate_values"":4.0}",,,,,,
59095288-7c87-4dc2-975e-e01dbe9d8ac5,2026-08-09T03:24:49.692322+00:00,C4-BULLETPROOFS-SPECIALIZED,bulletproofs-range-pilot-v1,private_swap,bulletproofs-5.0.0-ristretto,47bfac70c1d6594282e7d744ebd8fa5bb594e5d3,bbc0b1a10dec6a35e8a7bb12148f97382d31ec9a72801a9734eae70aae800557,7424136994082813856,2,22,range32-aggregate,"{""range_bits"":32}",2,2,4,16,verify_total,1.681719,,,,,,,,,,,,,phase,,,true,,,,,measured,specialized Bulletproofs range baseline; validate bundle before paper reporting,measurement,true,true,ok,{},,,,,,
59095288-7c87-4dc2-975e-e01dbe9d8ac5,2026-08-09T03:24:49.692335+00:00,C4-BULLETPROOFS-SPECIALIZED,bulletproofs-range-pilot-v1,private_swap,bulletproofs-5.0.0-ristretto,47bfac70c1d6594282e7d744ebd8fa5bb594e5d3,bbc0b1a10dec6a35e8a7bb12148f97382d31ec9a72801a9734eae70aae800557,7424136994082813856,2,22,range32-aggregate,"{""range_bits"":32}",2,2,4,16,adapter_process_wall,68.147926,,3.250000,736,true,0,,378,956,,,,linux-procfs,process,,,true,,,"Linux procfs read failed: [Errno 13] Permission denied: '/proc/489/io'; private commit and per-process swap I/O are unavailable; VmSwap reports allocation, not swap traffic; No documented hardware or OS energy counter is configured in WSL2",,measured,specialized Bulletproofs range baseline; validate bundle before paper reporting,measurement,true,true,ok,{},128,4,128,range_bits,5.0,12
9eda7b24-152e-4ece-9ece-b418fc9730bd,2026-08-09T03:24:49.777553+00:00,C4-BULLETPROOFS-SPECIALIZED,bulletproofs-range-pilot-v1,private_swap,bulletproofs-5.0.0-ristretto,47bfac70c1d6594282e7d744ebd8fa5bb594e5d3,bbc0b1a10dec6a35e8a7bb12148f97382d31ec9a72801a9734eae70aae800557,3251151853647299055,0,23,range32-aggregate,"{""range_bits"":32}",4,4,1,16,native_execution,0.177200,,,,,,,,,,,,,phase,,,true,wrong_public_input,,,,measured,specialized Bulletproofs range baseline; validate bundle before paper reporting,measurement,true,true,ok,"{""aggregate_values"":8.0,""application_units"":4.0,""fixture_digest"":3701419435139528.0,""range_bits"":32.0}",,,,,,
9eda7b24-152e-4ece-9ece-b418fc9730bd,2026-08-09T03:24:49.777620+00:00,C4-BULLETPROOFS-SPECIALIZED,bulletproofs-range-pilot-v1,private_swap,bulletproofs-5.0.0-ristretto,47bfac70c1d6594282e7d744ebd8fa5bb594e5d3,bbc0b1a10dec6a35e8a7bb12148f97382d31ec9a72801a9734eae70aae800557,3251151853647299055,0,23,range32-aggregate,"{""range_bits"":32}",4,4,1,16,setup_or_preprocess,,,,,,,,,,,,,,phase,,,true,wrong_public_input,,Bulletproofs range generators are fixed and setup-free,,measured,specialized Bulletproofs range baseline; validate bundle before paper reporting,measurement,true,false,unsupported,{},,,,,,
9eda7b24-152e-4ece-9ece-b418fc9730bd,2026-08-09T03:24:49.777640+00:00,C4-BULLETPROOFS-SPECIALIZED,bulletproofs-range-pilot-v1,private_swap,bulletproofs-5.0.0-ristretto,47bfac70c1d6594282e7d744ebd8fa5bb594e5d3,bbc0b1a10dec6a35e8a7bb12148f97382d31ec9a72801a9734eae70aae800557,3251151853647299055,0,23,range32-aggregate,"{""range_bits"":32}",4,4,1,16,key_load,,,,,,,,,,,,,,phase,,,true,wrong_public_input,,the range-proof API has no serialized proving or verification key,,measured,specialized Bulletproofs range baseline; validate bundle before paper reporting,measurement,true,false,unsupported,{},,,,,,
9eda7b24-152e-4ece-9ece-b418fc9730bd,2026-08-09T03:24:49.777654+00:00,C4-BULLETPROOFS-SPECIALIZED,bulletproofs-range-pilot-v1,private_swap,bulletproofs-5.0.0-ristretto,47bfac70c1d6594282e7d744ebd8fa5bb594e5d3,bbc0b1a10dec6a35e8a7bb12148f97382d31ec9a72801a9734eae70aae800557,3251151853647299055,0,23,range32-aggregate,"{""range_bits"":32}",4,4,1,16,witness,0.503067,,,,,,,,,,,,,phase,,,true,wrong_public_input,,,,measured,specialized Bulletproofs range baseline; validate bundle before paper reporting,measurement,true,true,ok,"{""aggregate_values"":8.0,""range_bits"":32.0}",,,,,,
9eda7b24-152e-4ece-9ece-b418fc9730bd,2026-08-09T03:24:49.777669+00:00,C4-BULLETPROOFS-SPECIALIZED,bulletproofs-range-pilot-v1,private_swap,bulletproofs-5.0.0-ristretto,47bfac70c1d6594282e7d744ebd8fa5bb594e5d3,bbc0b1a10dec6a35e8a7bb12148f97382d31ec9a72801a9734eae70aae800557,3251151853647299055,0,23,range32-aggregate,"{""range_bits"":32}",4,4,1,16,prove_total,25.075333,,,,,,,,,,,,,phase,,,true,wrong_public_input,,,,measured,specialized Bulletproofs range baseline; validate bundle before paper reporting,measurement,true,true,ok,"{""aggregate_values"":8.0,""range_bits"":32.0}",,,,,,
9eda7b24-152e-4ece-9ece-b418fc9730bd,2026-08-09T03:24:49.777683+00:00,C4-BULLETPROOFS-SPECIALIZED,bulletproofs-range-pilot-v1,private_swap,bulletproofs-5.0.0-ristretto,47bfac70c1d6594282e7d744ebd8fa5bb594e5d3,bbc0b1a10dec6a35e8a7bb12148f97382d31ec9a72801a9734eae70aae800557,3251151853647299055,0,23,range32-aggregate,"{""range_bits"":32}",4,4,1,16,serialize,0.002164,,,,,,,,,,,,,phase,,,true,wrong_public_input,,,,measured,specialized Bulletproofs range baseline; validate bundle before paper reporting,measurement,true,true,ok,"{""proof_bytes"":800.0}",,,,,,
9eda7b24-152e-4ece-9ece-b418fc9730bd,2026-08-09T03:24:49.777696+00:00,C4-BULLETPROOFS-SPECIALIZED,bulletproofs-range-pilot-v1,private_swap,bulletproofs-5.0.0-ristretto,47bfac70c1d6594282e7d744ebd8fa5bb594e5d3,bbc0b1a10dec6a35e8a7bb12148f97382d31ec9a72801a9734eae70aae800557,3251151853647299055,0,23,range32-aggregate,"{""range_bits"":32}",4,4,1,16,verify_core,2.615878,,,,,,,,,,,,,phase,,,true,wrong_public_input,2.615878,,,measured,specialized Bulletproofs range baseline; validate bundle before paper reporting,measurement,true,true,ok,"{""aggregate_values"":8.0}",,,,,,
9eda7b24-152e-4ece-9ece-b418fc9730bd,2026-08-09T03:24:49.777710+00:00,C4-BULLETPROOFS-SPECIALIZED,bulletproofs-range-pilot-v1,private_swap,bulletproofs-5.0.0-ristretto,47bfac70c1d6594282e7d744ebd8fa5bb594e5d3,bbc0b1a10dec6a35e8a7bb12148f97382d31ec9a72801a9734eae70aae800557,3251151853647299055,0,23,range32-aggregate,"{""range_bits"":32}",4,4,1,16,verify_total,2.615878,,,,,,,,,,,,,phase,,,true,wrong_public_input,,,,measured,specialized Bulletproofs range baseline; validate bundle before paper reporting,measurement,true,true,ok,{},,,,,,
9eda7b24-152e-4ece-9ece-b418fc9730bd,2026-08-09T03:24:49.777723+00:00,C4-BULLETPROOFS-SPECIALIZED,bulletproofs-range-pilot-v1,private_swap,bulletproofs-5.0.0-ristretto,47bfac70c1d6594282e7d744ebd8fa5bb594e5d3,bbc0b1a10dec6a35e8a7bb12148f97382d31ec9a72801a9734eae70aae800557,3251151853647299055,0,23,range32-aggregate,"{""range_bits"":32}",4,4,1,16,invalid_reject,2.615878,,,,,,,,,,,,,phase,,,true,wrong_public_input,,,,measured,specialized Bulletproofs range baseline; validate bundle before paper reporting,measurement,true,true,ok,"{""aggregate_values"":8.0}",,,,,,
9eda7b24-152e-4ece-9ece-b418fc9730bd,2026-08-09T03:24:49.777736+00:00,C4-BULLETPROOFS-SPECIALIZED,bulletproofs-range-pilot-v1,private_swap,bulletproofs-5.0.0-ristretto,47bfac70c1d6594282e7d744ebd8fa5bb594e5d3,bbc0b1a10dec6a35e8a7bb12148f97382d31ec9a72801a9734eae70aae800557,3251151853647299055,0,23,range32-aggregate,"{""range_bits"":32}",4,4,1,16,adapter_process_wall,84.508462,20.000000,3.195312,800,false,0,cryptographic_rejection,429,956,,,,linux-procfs,process,,,true,wrong_public_input,,"Linux procfs read failed: [Errno 13] Permission denied: '/proc/491/io'; private commit and per-process swap I/O are unavailable; VmSwap reports allocation, not swap traffic; No documented hardware or OS energy counter is configured in WSL2",,measured,specialized Bulletproofs range baseline; validate bundle before paper reporting,measurement,true,true,ok,{},256,8,256,range_bits,5.0,15
2f68b14f-e3e0-4f56-bef5-d3a12eb2103c,2026-08-09T03:24:49.849542+00:00,C4-BULLETPROOFS-SPECIALIZED,bulletproofs-range-pilot-v1,private_swap,bulletproofs-5.0.0-ristretto,47bfac70c1d6594282e7d744ebd8fa5bb594e5d3,bbc0b1a10dec6a35e8a7bb12148f97382d31ec9a72801a9734eae70aae800557,7228908686290771902,1,24,range32-aggregate,"{""range_bits"":32}",2,2,1,16,native_execution,0.188698,,,,,,,,,,,,,phase,,,true,,,,,measured,specialized Bulletproofs range baseline; validate bundle before paper reporting,measurement,true,true,ok,"{""aggregate_values"":4.0,""application_units"":2.0,""fixture_digest"":3023635409296061.0,""range_bits"":32.0}",,,,,,
2f68b14f-e3e0-4f56-bef5-d3a12eb2103c,2026-08-09T03:24:49.849621+00:00,C4-BULLETPROOFS-SPECIALIZED,bulletproofs-range-pilot-v1,private_swap,bulletproofs-5.0.0-ristretto,47bfac70c1d6594282e7d744ebd8fa5bb594e5d3,bbc0b1a10dec6a35e8a7bb12148f97382d31ec9a72801a9734eae70aae800557,7228908686290771902,1,24,range32-aggregate,"{""range_bits"":32}",2,2,1,16,setup_or_preprocess,,,,,,,,,,,,,,phase,,,true,,,Bulletproofs range generators are fixed and setup-free,,measured,specialized Bulletproofs range baseline; validate bundle before paper reporting,measurement,true,false,unsupported,{},,,,,,
2f68b14f-e3e0-4f56-bef5-d3a12eb2103c,2026-08-09T03:24:49.849672+00:00,C4-BULLETPROOFS-SPECIALIZED,bulletproofs-range-pilot-v1,private_swap,bulletproofs-5.0.0-ristretto,47bfac70c1d6594282e7d744ebd8fa5bb594e5d3,bbc0b1a10dec6a35e8a7bb12148f97382d31ec9a72801a9734eae70aae800557,7228908686290771902,1,24,range32-aggregate,"{""range_bits"":32}",2,2,1,16,key_load,,,,,,,,,,,,,,phase,,,true,,,the range-proof API has no serialized proving or verification key,,measured,specialized Bulletproofs range baseline; validate bundle before paper reporting,measurement,true,false,unsupported,{},,,,,,
2f68b14f-e3e0-4f56-bef5-d3a12eb2103c,2026-08-09T03:24:49.849709+00:00,C4-BULLETPROOFS-SPECIALIZED,bulletproofs-range-pilot-v1,private_swap,bulletproofs-5.0.0-ristretto,47bfac70c1d6594282e7d744ebd8fa5bb594e5d3,bbc0b1a10dec6a35e8a7bb12148f97382d31ec9a72801a9734eae70aae800557,7228908686290771902,1,24,range32-aggregate,"{""range_bits"":32}",2,2,1,16,witness,0.477181,,,,,,,,,,,,,phase,,,true,,,,,measured,specialized Bulletproofs range baseline; validate bundle before paper reporting,measurement,true,true,ok,"{""aggregate_values"":4.0,""range_bits"":32.0}",,,,,,
2f68b14f-e3e0-4f56-bef5-d3a12eb2103c,2026-08-09T03:24:49.849734+00:00,C4-BULLETPROOFS-SPECIALIZED,bulletproofs-range-pilot-v1,private_swap,bulletproofs-5.0.0-ristretto,47bfac70c1d6594282e7d744ebd8fa5bb594e5d3,bbc0b1a10dec6a35e8a7bb12148f97382d31ec9a72801a9734eae70aae800557,7228908686290771902,1,24,range32-aggregate,"{""range_bits"":32}",2,2,1,16,prove_total,14.301478,,,,,,,,,,,,,phase,,,true,,,,,measured,specialized Bulletproofs range baseline; validate bundle before paper reporting,measurement,true,true,ok,"{""aggregate_values"":4.0,""range_bits"":32.0}",,,,,,
2f68b14f-e3e0-4f56-bef5-d3a12eb2103c,2026-08-09T03:24:49.849755+00:00,C4-BULLETPROOFS-SPECIALIZED,bulletproofs-range-pilot-v1,private_swap,bulletproofs-5.0.0-ristretto,47bfac70c1d6594282e7d744ebd8fa5bb594e5d3,bbc0b1a10dec6a35e8a7bb12148f97382d31ec9a72801a9734eae70aae800557,7228908686290771902,1,24,range32-aggregate,"{""range_bits"":32}",2,2,1,16,serialize,0.001874,,,,,,,,,,,,,phase,,,true,,,,,measured,specialized Bulletproofs range baseline; validate bundle before paper reporting,measurement,true,true,ok,"{""proof_bytes"":736.0}",,,,,,
2f68b14f-e3e0-4f56-bef5-d3a12eb2103c,2026-08-09T03:24:49.849773+00:00,C4-BULLETPROOFS-SPECIALIZED,bulletproofs-range-pilot-v1,private_swap,bulletproofs-5.0.0-ristretto,47bfac70c1d6594282e7d744ebd8fa5bb594e5d3,bbc0b1a10dec6a35e8a7bb12148f97382d31ec9a72801a9734eae70aae800557,7228908686290771902,1,24,range32-aggregate,"{""range_bits"":32}",2,2,1,16,verify_core,2.040388,,,,,,,,,,,,,phase,,,true,,,,,measured,specialized Bulletproofs range baseline; validate bundle before paper reporting,measurement,true,true,ok,"{""aggregate_values"":4.0}",,,,,,
2f68b14f-e3e0-4f56-bef5-d3a12eb2103c,2026-08-09T03:24:49.849790+00:00,C4-BULLETPROOFS-SPECIALIZED,bulletproofs-range-pilot-v1,private_swap,bulletproofs-5.0.0-ristretto,47bfac70c1d6594282e7d744ebd8fa5bb594e5d3,bbc0b1a10dec6a35e8a7bb12148f97382d31ec9a72801a9734eae70aae800557,7228908686290771902,1,24,range32-aggregate,"{""range_bits"":32}",2,2,1,16,verify_total,2.040388,,,,,,,,,,,,,phase,,,true,,,,,measured,specialized Bulletproofs range baseline; validate bundle before paper reporting,measurement,true,true,ok,{},,,,,,
2f68b14f-e3e0-4f56-bef5-d3a12eb2103c,2026-08-09T03:24:49.849807+00:00,C4-BULLETPROOFS-SPECIALIZED,bulletproofs-range-pilot-v1,private_swap,bulletproofs-5.0.0-ristretto,47bfac70c1d6594282e7d744ebd8fa5bb594e5d3,bbc0b1a10dec6a35e8a7bb12148f97382d31ec9a72801a9734eae70aae800557,7228908686290771902,1,24,range32-aggregate,"{""range_bits"":32}",2,2,1,16,adapter_process_wall,70.969993,10.000000,3.125000,736,true,0,,381,956,,,,linux-procfs,process,,,true,,,"private commit and per-process swap I/O are unavailable; VmSwap reports allocation, not swap traffic; No documented hardware or OS energy counter is configured in WSL2",,measured,specialized Bulletproofs range baseline; validate bundle before paper reporting,measurement,true,true,ok,{},128,4,128,range_bits,5.0,13
4ca4c5b5-755a-4ac6-a045-4b65cda98ee4,2026-08-09T03:24:49.923365+00:00,C4-BULLETPROOFS-SPECIALIZED,bulletproofs-range-pilot-v1,private_swap,bulletproofs-5.0.0-ristretto,47bfac70c1d6594282e7d744ebd8fa5bb594e5d3,bbc0b1a10dec6a35e8a7bb12148f97382d31ec9a72801a9734eae70aae800557,8935785969092143510,1,25,range32-aggregate,"{""range_bits"":32}",2,2,2,16,native_execution,0.192458,,,,,,,,,,,,,phase,,,true,,,,,measured,specialized Bulletproofs range baseline; validate bundle before paper reporting,measurement,true,true,ok,"{""aggregate_values"":4.0,""application_units"":2.0,""fixture_digest"":358959395593907.0,""range_bits"":32.0}",,,,,,
4ca4c5b5-755a-4ac6-a045-4b65cda98ee4,2026-08-09T03:24:49.923455+00:00,C4-BULLETPROOFS-SPECIALIZED,bulletproofs-range-pilot-v1,private_swap,bulletproofs-5.0.0-ristretto,47bfac70c1d6594282e7d744ebd8fa5bb594e5d3,bbc0b1a10dec6a35e8a7bb12148f97382d31ec9a72801a9734eae70aae800557,8935785969092143510,1,25,range32-aggregate,"{""range_bits"":32}",2,2,2,16,setup_or_preprocess,,,,,,,,,,,,,,phase,,,true,,,Bulletproofs range generators are fixed and setup-free,,measured,specialized Bulletproofs range baseline; validate bundle before paper reporting,measurement,true,false,unsupported,{},,,,,,
4ca4c5b5-755a-4ac6-a045-4b65cda98ee4,2026-08-09T03:24:49.923475+00:00,C4-BULLETPROOFS-SPECIALIZED,bulletproofs-range-pilot-v1,private_swap,bulletproofs-5.0.0-ristretto,47bfac70c1d6594282e7d744ebd8fa5bb594e5d3,bbc0b1a10dec6a35e8a7bb12148f97382d31ec9a72801a9734eae70aae800557,8935785969092143510,1,25,range32-aggregate,"{""range_bits"":32}",2,2,2,16,key_load,,,,,,,,,,,,,,phase,,,true,,,the range-proof API has no serialized proving or verification key,,measured,specialized Bulletproofs range baseline; validate bundle before paper reporting,measurement,true,false,unsupported,{},,,,,,
4ca4c5b5-755a-4ac6-a045-4b65cda98ee4,2026-08-09T03:24:49.923491+00:00,C4-BULLETPROOFS-SPECIALIZED,bulletproofs-range-pilot-v1,private_swap,bulletproofs-5.0.0-ristretto,47bfac70c1d6594282e7d744ebd8fa5bb594e5d3,bbc0b1a10dec6a35e8a7bb12148f97382d31ec9a72801a9734eae70aae800557,8935785969092143510,1,25,range32-aggregate,"{""range_bits"":32}",2,2,2,16,witness,0.503246,,,,,,,,,,,,,phase,,,true,,,,,measured,specialized Bulletproofs range baseline; validate bundle before paper reporting,measurement,true,true,ok,"{""aggregate_values"":4.0,""range_bits"":32.0}",,,,,,
4ca4c5b5-755a-4ac6-a045-4b65cda98ee4,2026-08-09T03:24:49.923506+00:00,C4-BULLETPROOFS-SPECIALIZED,bulletproofs-range-pilot-v1,private_swap,bulletproofs-5.0.0-ristretto,47bfac70c1d6594282e7d744ebd8fa5bb594e5d3,bbc0b1a10dec6a35e8a7bb12148f97382d31ec9a72801a9734eae70aae800557,8935785969092143510,1,25,range32-aggregate,"{""range_bits"":32}",2,2,2,16,prove_total,13.777218,,,,,,,,,,,,,phase,,,true,,,,,measured,specialized Bulletproofs range baseline; validate bundle before paper reporting,measurement,true,true,ok,"{""aggregate_values"":4.0,""range_bits"":32.0}",,,,,,
4ca4c5b5-755a-4ac6-a045-4b65cda98ee4,2026-08-09T03:24:49.923522+00:00,C4-BULLETPROOFS-SPECIALIZED,bulletproofs-range-pilot-v1,private_swap,bulletproofs-5.0.0-ristretto,47bfac70c1d6594282e7d744ebd8fa5bb594e5d3,bbc0b1a10dec6a35e8a7bb12148f97382d31ec9a72801a9734eae70aae800557,8935785969092143510,1,25,range32-aggregate,"{""range_bits"":32}",2,2,2,16,serialize,0.002124,,,,,,,,,,,,,phase,,,true,,,,,measured,specialized Bulletproofs range baseline; validate bundle before paper reporting,measurement,true,true,ok,"{""proof_bytes"":736.0}",,,,,,
4ca4c5b5-755a-4ac6-a045-4b65cda98ee4,2026-08-09T03:24:49.923536+00:00,C4-BULLETPROOFS-SPECIALIZED,bulletproofs-range-pilot-v1,private_swap,bulletproofs-5.0.0-ristretto,47bfac70c1d6594282e7d744ebd8fa5bb594e5d3,bbc0b1a10dec6a35e8a7bb12148f97382d31ec9a72801a9734eae70aae800557,8935785969092143510,1,25,range32-aggregate,"{""range_bits"":32}",2,2,2,16,verify_core,1.903062,,,,,,,,,,,,,phase,,,true,,,,,measured,specialized Bulletproofs range baseline; validate bundle before paper reporting,measurement,true,true,ok,"{""aggregate_values"":4.0}",,,,,,
4ca4c5b5-755a-4ac6-a045-4b65cda98ee4,2026-08-09T03:24:49.923549+00:00,C4-BULLETPROOFS-SPECIALIZED,bulletproofs-range-pilot-v1,private_swap,bulletproofs-5.0.0-ristretto,47bfac70c1d6594282e7d744ebd8fa5bb594e5d3,bbc0b1a10dec6a35e8a7bb12148f97382d31ec9a72801a9734eae70aae800557,8935785969092143510,1,25,range32-aggregate,"{""range_bits"":32}",2,2,2,16,verify_total,1.903062,,,,,,,,,,,,,phase,,,true,,,,,measured,specialized Bulletproofs range baseline; validate bundle before paper reporting,measurement,true,true,ok,{},,,,,,
4ca4c5b5-755a-4ac6-a045-4b65cda98ee4,2026-08-09T03:24:49.923561+00:00,C4-BULLETPROOFS-SPECIALIZED,bulletproofs-range-pilot-v1,private_swap,bulletproofs-5.0.0-ristretto,47bfac70c1d6594282e7d744ebd8fa5bb594e5d3,bbc0b1a10dec6a35e8a7bb12148f97382d31ec9a72801a9734eae70aae800557,8935785969092143510,1,25,range32-aggregate,"{""range_bits"":32}",2,2,2,16,adapter_process_wall,72.722385,10.000000,3.097656,736,true,0,,382,956,,,,linux-procfs,process,,,true,,,"private commit and per-process swap I/O are unavailable; VmSwap reports allocation, not swap traffic; No documented hardware or OS energy counter is configured in WSL2",,measured,specialized Bulletproofs range baseline; validate bundle before paper reporting,measurement,true,true,ok,{},128,4,128,range_bits,5.0,13
104ff026-0893-45b0-9e44-71a1c3c686a2,2026-08-09T03:24:49.995851+00:00,C4-BULLETPROOFS-SPECIALIZED,bulletproofs-range-pilot-v1,private_swap,bulletproofs-5.0.0-ristretto,47bfac70c1d6594282e7d744ebd8fa5bb594e5d3,bbc0b1a10dec6a35e8a7bb12148f97382d31ec9a72801a9734eae70aae800557,7355116779987170304,0,26,range32-aggregate,"{""range_bits"":32}",2,2,1,16,native_execution,0.181738,,,,,,,,,,,,,phase,,,true,,,,,measured,specialized Bulletproofs range baseline; validate bundle before paper reporting,measurement,true,true,ok,"{""aggregate_values"":4.0,""application_units"":2.0,""fixture_digest"":2090049021453280.0,""range_bits"":32.0}",,,,,,
104ff026-0893-45b0-9e44-71a1c3c686a2,2026-08-09T03:24:49.995928+00:00,C4-BULLETPROOFS-SPECIALIZED,bulletproofs-range-pilot-v1,private_swap,bulletproofs-5.0.0-ristretto,47bfac70c1d6594282e7d744ebd8fa5bb594e5d3,bbc0b1a10dec6a35e8a7bb12148f97382d31ec9a72801a9734eae70aae800557,7355116779987170304,0,26,range32-aggregate,"{""range_bits"":32}",2,2,1,16,setup_or_preprocess,,,,,,,,,,,,,,phase,,,true,,,Bulletproofs range generators are fixed and setup-free,,measured,specialized Bulletproofs range baseline; validate bundle before paper reporting,measurement,true,false,unsupported,{},,,,,,
104ff026-0893-45b0-9e44-71a1c3c686a2,2026-08-09T03:24:49.995951+00:00,C4-BULLETPROOFS-SPECIALIZED,bulletproofs-range-pilot-v1,private_swap,bulletproofs-5.0.0-ristretto,47bfac70c1d6594282e7d744ebd8fa5bb594e5d3,bbc0b1a10dec6a35e8a7bb12148f97382d31ec9a72801a9734eae70aae800557,7355116779987170304,0,26,range32-aggregate,"{""range_bits"":32}",2,2,1,16,key_load,,,,,,,,,,,,,,phase,,,true,,,the range-proof API has no serialized proving or verification key,,measured,specialized Bulletproofs range baseline; validate bundle before paper reporting,measurement,true,false,unsupported,{},,,,,,
104ff026-0893-45b0-9e44-71a1c3c686a2,2026-08-09T03:24:49.995968+00:00,C4-BULLETPROOFS-SPECIALIZED,bulletproofs-range-pilot-v1,private_swap,bulletproofs-5.0.0-ristretto,47bfac70c1d6594282e7d744ebd8fa5bb594e5d3,bbc0b1a10dec6a35e8a7bb12148f97382d31ec9a72801a9734eae70aae800557,7355116779987170304,0,26,range32-aggregate,"{""range_bits"":32}",2,2,1,16,witness,0.508556,,,,,,,,,,,,,phase,,,true,,,,,measured,specialized Bulletproofs range baseline; validate bundle before paper reporting,measurement,true,true,ok,"{""aggregate_values"":4.0,""range_bits"":32.0}",,,,,,
104ff026-0893-45b0-9e44-71a1c3c686a2,2026-08-09T03:24:49.995987+00:00,C4-BULLETPROOFS-SPECIALIZED,bulletproofs-range-pilot-v1,private_swap,bulletproofs-5.0.0-ristretto,47bfac70c1d6594282e7d744ebd8fa5bb594e5d3,bbc0b1a10dec6a35e8a7bb12148f97382d31ec9a72801a9734eae70aae800557,7355116779987170304,0,26,range32-aggregate,"{""range_bits"":32}",2,2,1,16,prove_total,14.154049,,,,,,,,,,,,,phase,,,true,,,,,measured,specialized Bulletproofs range baseline; validate bundle before paper reporting,measurement,true,true,ok,"{""aggregate_values"":4.0,""range_bits"":32.0}",,,,,,
104ff026-0893-45b0-9e44-71a1c3c686a2,2026-08-09T03:24:49.996004+00:00,C4-BULLETPROOFS-SPECIALIZED,bulletproofs-range-pilot-v1,private_swap,bulletproofs-5.0.0-ristretto,47bfac70c1d6594282e7d744ebd8fa5bb594e5d3,bbc0b1a10dec6a35e8a7bb12148f97382d31ec9a72801a9734eae70aae800557,7355116779987170304,0,26,range32-aggregate,"{""range_bits"":32}",2,2,1,16,serialize,0.002034,,,,,,,,,,,,,phase,,,true,,,,,measured,specialized Bulletproofs range baseline; validate bundle before paper reporting,measurement,true,true,ok,"{""proof_bytes"":736.0}",,,,,,
104ff026-0893-45b0-9e44-71a1c3c686a2,2026-08-09T03:24:49.996022+00:00,C4-BULLETPROOFS-SPECIALIZED,bulletproofs-range-pilot-v1,private_swap,bulletproofs-5.0.0-ristretto,47bfac70c1d6594282e7d744ebd8fa5bb594e5d3,bbc0b1a10dec6a35e8a7bb12148f97382d31ec9a72801a9734eae70aae800557,7355116779987170304,0,26,range32-aggregate,"{""range_bits"":32}",2,2,1,16,verify_core,2.082250,,,,,,,,,,,,,phase,,,true,,,,,measured,specialized Bulletproofs range baseline; validate bundle before paper reporting,measurement,true,true,ok,"{""aggregate_values"":4.0}",,,,,,
104ff026-0893-45b0-9e44-71a1c3c686a2,2026-08-09T03:24:49.996040+00:00,C4-BULLETPROOFS-SPECIALIZED,bulletproofs-range-pilot-v1,private_swap,bulletproofs-5.0.0-ristretto,47bfac70c1d6594282e7d744ebd8fa5bb594e5d3,bbc0b1a10dec6a35e8a7bb12148f97382d31ec9a72801a9734eae70aae800557,7355116779987170304,0,26,range32-aggregate,"{""range_bits"":32}",2,2,1,16,verify_total,2.082250,,,,,,,,,,,,,phase,,,true,,,,,measured,specialized Bulletproofs range baseline; validate bundle before paper reporting,measurement,true,true,ok,{},,,,,,
104ff026-0893-45b0-9e44-71a1c3c686a2,2026-08-09T03:24:49.996056+00:00,C4-BULLETPROOFS-SPECIALIZED,bulletproofs-range-pilot-v1,private_swap,bulletproofs-5.0.0-ristretto,47bfac70c1d6594282e7d744ebd8fa5bb594e5d3,bbc0b1a10dec6a35e8a7bb12148f97382d31ec9a72801a9734eae70aae800557,7355116779987170304,0,26,range32-aggregate,"{""range_bits"":32}",2,2,1,16,adapter_process_wall,71.503686,20.000000,3.027344,736,true,0,,380,956,,,,linux-procfs,process,,,true,,,"private commit and per-process swap I/O are unavailable; VmSwap reports allocation, not swap traffic; No documented hardware or OS energy counter is configured in WSL2",,measured,specialized Bulletproofs range baseline; validate bundle before paper reporting,measurement,true,true,ok,{},128,4,128,range_bits,5.0,13
b67690a4-bf48-4a7c-9b76-4d1b538de1dd,2026-08-09T03:24:50.064609+00:00,C4-BULLETPROOFS-SPECIALIZED,bulletproofs-range-pilot-v1,private_swap,bulletproofs-5.0.0-ristretto,47bfac70c1d6594282e7d744ebd8fa5bb594e5d3,bbc0b1a10dec6a35e8a7bb12148f97382d31ec9a72801a9734eae70aae800557,1095184068825313490,0,27,range32-aggregate,"{""range_bits"":32}",2,2,2,16,native_execution,0.155920,,,,,,,,,,,,,phase,,,true,wrong_public_input,,,,measured,specialized Bulletproofs range baseline; validate bundle before paper reporting,measurement,true,true,ok,"{""aggregate_values"":4.0,""application_units"":2.0,""fixture_digest"":3712941302524769.0,""range_bits"":32.0}",,,,,,
b67690a4-bf48-4a7c-9b76-4d1b538de1dd,2026-08-09T03:24:50.064683+00:00,C4-BULLETPROOFS-SPECIALIZED,bulletproofs-range-pilot-v1,private_swap,bulletproofs-5.0.0-ristretto,47bfac70c1d6594282e7d744ebd8fa5bb594e5d3,bbc0b1a10dec6a35e8a7bb12148f97382d31ec9a72801a9734eae70aae800557,1095184068825313490,0,27,range32-aggregate,"{""range_bits"":32}",2,2,2,16,setup_or_preprocess,,,,,,,,,,,,,,phase,,,true,wrong_public_input,,Bulletproofs range generators are fixed and setup-free,,measured,specialized Bulletproofs range baseline; validate bundle before paper reporting,measurement,true,false,unsupported,{},,,,,,
b67690a4-bf48-4a7c-9b76-4d1b538de1dd,2026-08-09T03:24:50.064707+00:00,C4-BULLETPROOFS-SPECIALIZED,bulletproofs-range-pilot-v1,private_swap,bulletproofs-5.0.0-ristretto,47bfac70c1d6594282e7d744ebd8fa5bb594e5d3,bbc0b1a10dec6a35e8a7bb12148f97382d31ec9a72801a9734eae70aae800557,1095184068825313490,0,27,range32-aggregate,"{""range_bits"":32}",2,2,2,16,key_load,,,,,,,,,,,,,,phase,,,true,wrong_public_input,,the range-proof API has no serialized proving or verification key,,measured,specialized Bulletproofs range baseline; validate bundle before paper reporting,measurement,true,false,unsupported,{},,,,,,
b67690a4-bf48-4a7c-9b76-4d1b538de1dd,2026-08-09T03:24:50.064725+00:00,C4-BULLETPROOFS-SPECIALIZED,bulletproofs-range-pilot-v1,private_swap,bulletproofs-5.0.0-ristretto,47bfac70c1d6594282e7d744ebd8fa5bb594e5d3,bbc0b1a10dec6a35e8a7bb12148f97382d31ec9a72801a9734eae70aae800557,1095184068825313490,0,27,range32-aggregate,"{""range_bits"":32}",2,2,2,16,witness,0.649589,,,,,,,,,,,,,phase,,,true,wrong_public_input,,,,measured,specialized Bulletproofs range baseline; validate bundle before paper reporting,measurement,true,true,ok,"{""aggregate_values"":4.0,""range_bits"":32.0}",,,,,,
b67690a4-bf48-4a7c-9b76-4d1b538de1dd,2026-08-09T03:24:50.064744+00:00,C4-BULLETPROOFS-SPECIALIZED,bulletproofs-range-pilot-v1,private_swap,bulletproofs-5.0.0-ristretto,47bfac70c1d6594282e7d744ebd8fa5bb594e5d3,bbc0b1a10dec6a35e8a7bb12148f97382d31ec9a72801a9734eae70aae800557,1095184068825313490,0,27,range32-aggregate,"{""range_bits"":32}",2,2,2,16,prove_total,14.411218,,,,,,,,,,,,,phase,,,true,wrong_public_input,,,,measured,specialized Bulletproofs range baseline; validate bundle before paper reporting,measurement,true,true,ok,"{""aggregate_values"":4.0,""range_bits"":32.0}",,,,,,
b67690a4-bf48-4a7c-9b76-4d1b538de1dd,2026-08-09T03:24:50.064762+00:00,C4-BULLETPROOFS-SPECIALIZED,bulletproofs-range-pilot-v1,private_swap,bulletproofs-5.0.0-ristretto,47bfac70c1d6594282e7d744ebd8fa5bb594e5d3,bbc0b1a10dec6a35e8a7bb12148f97382d31ec9a72801a9734eae70aae800557,1095184068825313490,0,27,range32-aggregate,"{""range_bits"":32}",2,2,2,16,serialize,0.001783,,,,,,,,,,,,,phase,,,true,wrong_public_input,,,,measured,specialized Bulletproofs range baseline; validate bundle before paper reporting,measurement,true,true,ok,"{""proof_bytes"":736.0}",,,,,,
b67690a4-bf48-4a7c-9b76-4d1b538de1dd,2026-08-09T03:24:50.064776+00:00,C4-BULLETPROOFS-SPECIALIZED,bulletproofs-range-pilot-v1,private_swap,bulletproofs-5.0.0-ristretto,47bfac70c1d6594282e7d744ebd8fa5bb594e5d3,bbc0b1a10dec6a35e8a7bb12148f97382d31ec9a72801a9734eae70aae800557,1095184068825313490,0,27,range32-aggregate,"{""range_bits"":32}",2,2,2,16,verify_core,1.692600,,,,,,,,,,,,,phase,,,true,wrong_public_input,1.692600,,,measured,specialized Bulletproofs range baseline; validate bundle before paper reporting,measurement,true,true,ok,"{""aggregate_values"":4.0}",,,,,,
b67690a4-bf48-4a7c-9b76-4d1b538de1dd,2026-08-09T03:24:50.064793+00:00,C4-BULLETPROOFS-SPECIALIZED,bulletproofs-range-pilot-v1,private_swap,bulletproofs-5.0.0-ristretto,47bfac70c1d6594282e7d744ebd8fa5bb594e5d3,bbc0b1a10dec6a35e8a7bb12148f97382d31ec9a72801a9734eae70aae800557,1095184068825313490,0,27,range32-aggregate,"{""range_bits"":32}",2,2,2,16,verify_total,1.692600,,,,,,,,,,,,,phase,,,true,wrong_public_input,,,,measured,specialized Bulletproofs range baseline; validate bundle before paper reporting,measurement,true,true,ok,{},,,,,,
b67690a4-bf48-4a7c-9b76-4d1b538de1dd,2026-08-09T03:24:50.064806+00:00,C4-BULLETPROOFS-SPECIALIZED,bulletproofs-range-pilot-v1,private_swap,bulletproofs-5.0.0-ristretto,47bfac70c1d6594282e7d744ebd8fa5bb594e5d3,bbc0b1a10dec6a35e8a7bb12148f97382d31ec9a72801a9734eae70aae800557,1095184068825313490,0,27,range32-aggregate,"{""range_bits"":32}",2,2,2,16,invalid_reject,1.692600,,,,,,,,,,,,,phase,,,true,wrong_public_input,,,,measured,specialized Bulletproofs range baseline; validate bundle before paper reporting,measurement,true,true,ok,"{""aggregate_values"":4.0}",,,,,,
b67690a4-bf48-4a7c-9b76-4d1b538de1dd,2026-08-09T03:24:50.064819+00:00,C4-BULLETPROOFS-SPECIALIZED,bulletproofs-range-pilot-v1,private_swap,bulletproofs-5.0.0-ristretto,47bfac70c1d6594282e7d744ebd8fa5bb594e5d3,bbc0b1a10dec6a35e8a7bb12148f97382d31ec9a72801a9734eae70aae800557,1095184068825313490,0,27,range32-aggregate,"{""range_bits"":32}",2,2,2,16,adapter_process_wall,67.788154,10.000000,3.003906,736,false,0,cryptographic_rejection,379,956,,,,linux-procfs,process,,,true,wrong_public_input,,"Linux procfs read failed: [Errno 13] Permission denied: '/proc/499/io'; private commit and per-process swap I/O are unavailable; VmSwap reports allocation, not swap traffic; No documented hardware or OS energy counter is configured in WSL2",,measured,specialized Bulletproofs range baseline; validate bundle before paper reporting,measurement,true,true,ok,{},128,4,128,range_bits,5.0,12
70419ece-4e08-4267-887e-b61ac72fcc4b,2026-08-09T03:24:50.150417+00:00,C4-BULLETPROOFS-SPECIALIZED,bulletproofs-range-pilot-v1,private_swap,bulletproofs-5.0.0-ristretto,47bfac70c1d6594282e7d744ebd8fa5bb594e5d3,bbc0b1a10dec6a35e8a7bb12148f97382d31ec9a72801a9734eae70aae800557,2086296627887638504,1,28,range32-aggregate,"{""range_bits"":32}",4,4,2,16,native_execution,0.200092,,,,,,,,,,,,,phase,,,true,wrong_public_input,,,,measured,specialized Bulletproofs range baseline; validate bundle before paper reporting,measurement,true,true,ok,"{""aggregate_values"":8.0,""application_units"":4.0,""fixture_digest"":4093202595880360.0,""range_bits"":32.0}",,,,,,
70419ece-4e08-4267-887e-b61ac72fcc4b,2026-08-09T03:24:50.150485+00:00,C4-BULLETPROOFS-SPECIALIZED,bulletproofs-range-pilot-v1,private_swap,bulletproofs-5.0.0-ristretto,47bfac70c1d6594282e7d744ebd8fa5bb594e5d3,bbc0b1a10dec6a35e8a7bb12148f97382d31ec9a72801a9734eae70aae800557,2086296627887638504,1,28,range32-aggregate,"{""range_bits"":32}",4,4,2,16,setup_or_preprocess,,,,,,,,,,,,,,phase,,,true,wrong_public_input,,Bulletproofs range generators are fixed and setup-free,,measured,specialized Bulletproofs range baseline; validate bundle before paper reporting,measurement,true,false,unsupported,{},,,,,,
70419ece-4e08-4267-887e-b61ac72fcc4b,2026-08-09T03:24:50.150503+00:00,C4-BULLETPROOFS-SPECIALIZED,bulletproofs-range-pilot-v1,private_swap,bulletproofs-5.0.0-ristretto,47bfac70c1d6594282e7d744ebd8fa5bb594e5d3,bbc0b1a10dec6a35e8a7bb12148f97382d31ec9a72801a9734eae70aae800557,2086296627887638504,1,28,range32-aggregate,"{""range_bits"":32}",4,4,2,16,key_load,,,,,,,,,,,,,,phase,,,true,wrong_public_input,,the range-proof API has no serialized proving or verification key,,measured,specialized Bulletproofs range baseline; validate bundle before paper reporting,measurement,true,false,unsupported,{},,,,,,
70419ece-4e08-4267-887e-b61ac72fcc4b,2026-08-09T03:24:50.150517+00:00,C4-BULLETPROOFS-SPECIALIZED,bulletproofs-range-pilot-v1,private_swap,bulletproofs-5.0.0-ristretto,47bfac70c1d6594282e7d744ebd8fa5bb594e5d3,bbc0b1a10dec6a35e8a7bb12148f97382d31ec9a72801a9734eae70aae800557,2086296627887638504,1,28,range32-aggregate,"{""range_bits"":32}",4,4,2,16,witness,0.591283,,,,,,,,,,,,,phase,,,true,wrong_public_input,,,,measured,specialized Bulletproofs range baseline; validate bundle before paper reporting,measurement,true,true,ok,"{""aggregate_values"":8.0,""range_bits"":32.0}",,,,,,
70419ece-4e08-4267-887e-b61ac72fcc4b,2026-08-09T03:24:50.150533+00:00,C4-BULLETPROOFS-SPECIALIZED,bulletproofs-range-pilot-v1,private_swap,bulletproofs-5.0.0-ristretto,47bfac70c1d6594282e7d744ebd8fa5bb594e5d3,bbc0b1a10dec6a35e8a7bb12148f97382d31ec9a72801a9734eae70aae800557,2086296627887638504,1,28,range32-aggregate,"{""range_bits"":32}",4,4,2,16,prove_total,26.002396,,,,,,,,,,,,,phase,,,true,wrong_public_input,,,,measured,specialized Bulletproofs range baseline; validate bundle before paper reporting,measurement,true,true,ok,"{""aggregate_values"":8.0,""range_bits"":32.0}",,,,,,
70419ece-4e08-4267-887e-b61ac72fcc4b,2026-08-09T03:24:50.150547+00:00,C4-BULLETPROOFS-SPECIALIZED,bulletproofs-range-pilot-v1,private_swap,bulletproofs-5.0.0-ristretto,47bfac70c1d6594282e7d744ebd8fa5bb594e5d3,bbc0b1a10dec6a35e8a7bb12148f97382d31ec9a72801a9734eae70aae800557,2086296627887638504,1,28,range32-aggregate,"{""range_bits"":32}",4,4,2,16,serialize,0.002424,,,,,,,,,,,,,phase,,,true,wrong_public_input,,,,measured,specialized Bulletproofs range baseline; validate bundle before paper reporting,measurement,true,true,ok,"{""proof_bytes"":800.0}",,,,,,
70419ece-4e08-4267-887e-b61ac72fcc4b,2026-08-09T03:24:50.150561+00:00,C4-BULLETPROOFS-SPECIALIZED,bulletproofs-range-pilot-v1,private_swap,bulletproofs-5.0.0-ristretto,47bfac70c1d6594282e7d744ebd8fa5bb594e5d3,bbc0b1a10dec6a35e8a7bb12148f97382d31ec9a72801a9734eae70aae800557,2086296627887638504,1,28,range32-aggregate,"{""range_bits"":32}",4,4,2,16,verify_core,2.965769,,,,,,,,,,,,,phase,,,true,wrong_public_input,2.965769,,,measured,specialized Bulletproofs range baseline; validate bundle before paper reporting,measurement,true,true,ok,"{""aggregate_values"":8.0}",,,,,,
70419ece-4e08-4267-887e-b61ac72fcc4b,2026-08-09T03:24:50.150575+00:00,C4-BULLETPROOFS-SPECIALIZED,bulletproofs-range-pilot-v1,private_swap,bulletproofs-5.0.0-ristretto,47bfac70c1d6594282e7d744ebd8fa5bb594e5d3,bbc0b1a10dec6a35e8a7bb12148f97382d31ec9a72801a9734eae70aae800557,2086296627887638504,1,28,range32-aggregate,"{""range_bits"":32}",4,4,2,16,verify_total,2.965769,,,,,,,,,,,,,phase,,,true,wrong_public_input,,,,measured,specialized Bulletproofs range baseline; validate bundle before paper reporting,measurement,true,true,ok,{},,,,,,
70419ece-4e08-4267-887e-b61ac72fcc4b,2026-08-09T03:24:50.150588+00:00,C4-BULLETPROOFS-SPECIALIZED,bulletproofs-range-pilot-v1,private_swap,bulletproofs-5.0.0-ristretto,47bfac70c1d6594282e7d744ebd8fa5bb594e5d3,bbc0b1a10dec6a35e8a7bb12148f97382d31ec9a72801a9734eae70aae800557,2086296627887638504,1,28,range32-aggregate,"{""range_bits"":32}",4,4,2,16,invalid_reject,2.965769,,,,,,,,,,,,,phase,,,true,wrong_public_input,,,,measured,specialized Bulletproofs range baseline; validate bundle before paper reporting,measurement,true,true,ok,"{""aggregate_values"":8.0}",,,,,,
70419ece-4e08-4267-887e-b61ac72fcc4b,2026-08-09T03:24:50.150601+00:00,C4-BULLETPROOFS-SPECIALIZED,bulletproofs-range-pilot-v1,private_swap,bulletproofs-5.0.0-ristretto,47bfac70c1d6594282e7d744ebd8fa5bb594e5d3,bbc0b1a10dec6a35e8a7bb12148f97382d31ec9a72801a9734eae70aae800557,2086296627887638504,1,28,range32-aggregate,"{""range_bits"":32}",4,4,2,16,adapter_process_wall,84.788482,30.000000,3.214844,800,false,0,cryptographic_rejection,432,956,,,,linux-procfs,process,,,true,wrong_public_input,,"private commit and per-process swap I/O are unavailable; VmSwap reports allocation, not swap traffic; No documented hardware or OS energy counter is configured in WSL2",,measured,specialized Bulletproofs range baseline; validate bundle before paper reporting,measurement,true,true,ok,{},256,8,256,range_bits,5.0,16
e7157979-6519-4bd6-9043-c44a4dbbe24d,2026-08-09T03:24:50.219672+00:00,C4-BULLETPROOFS-SPECIALIZED,bulletproofs-range-pilot-v1,private_swap,bulletproofs-5.0.0-ristretto,47bfac70c1d6594282e7d744ebd8fa5bb594e5d3,bbc0b1a10dec6a35e8a7bb12148f97382d31ec9a72801a9734eae70aae800557,6166398298352676263,2,29,range32-aggregate,"{""range_bits"":32}",2,2,2,16,native_execution,0.182089,,,,,,,,,,,,,phase,,,true,wrong_public_input,,,,measured,specialized Bulletproofs range baseline; validate bundle before paper reporting,measurement,true,true,ok,"{""aggregate_values"":4.0,""application_units"":2.0,""fixture_digest"":1041344512475423.0,""range_bits"":32.0}",,,,,,
e7157979-6519-4bd6-9043-c44a4dbbe24d,2026-08-09T03:24:50.219751+00:00,C4-BULLETPROOFS-SPECIALIZED,bulletproofs-range-pilot-v1,private_swap,bulletproofs-5.0.0-ristretto,47bfac70c1d6594282e7d744ebd8fa5bb594e5d3,bbc0b1a10dec6a35e8a7bb12148f97382d31ec9a72801a9734eae70aae800557,6166398298352676263,2,29,range32-aggregate,"{""range_bits"":32}",2,2,2,16,setup_or_preprocess,,,,,,,,,,,,,,phase,,,true,wrong_public_input,,Bulletproofs range generators are fixed and setup-free,,measured,specialized Bulletproofs range baseline; validate bundle before paper reporting,measurement,true,false,unsupported,{},,,,,,
e7157979-6519-4bd6-9043-c44a4dbbe24d,2026-08-09T03:24:50.219775+00:00,C4-BULLETPROOFS-SPECIALIZED,bulletproofs-range-pilot-v1,private_swap,bulletproofs-5.0.0-ristretto,47bfac70c1d6594282e7d744ebd8fa5bb594e5d3,bbc0b1a10dec6a35e8a7bb12148f97382d31ec9a72801a9734eae70aae800557,6166398298352676263,2,29,range32-aggregate,"{""range_bits"":32}",2,2,2,16,key_load,,,,,,,,,,,,,,phase,,,true,wrong_public_input,,the range-proof API has no serialized proving or verification key,,measured,specialized Bulletproofs range baseline; validate bundle before paper reporting,measurement,true,false,unsupported,{},,,,,,
e7157979-6519-4bd6-9043-c44a4dbbe24d,2026-08-09T03:24:50.219792+00:00,C4-BULLETPROOFS-SPECIALIZED,bulletproofs-range-pilot-v1,private_swap,bulletproofs-5.0.0-ristretto,47bfac70c1d6594282e7d744ebd8fa5bb594e5d3,bbc0b1a10dec6a35e8a7bb12148f97382d31ec9a72801a9734eae70aae800557,6166398298352676263,2,29,range32-aggregate,"{""range_bits"":32}",2,2,2,16,witness,0.552593,,,,,,,,,,,,,phase,,,true,wrong_public_input,,,,measured,specialized Bulletproofs range baseline; validate bundle before paper reporting,measurement,true,true,ok,"{""aggregate_values"":4.0,""range_bits"":32.0}",,,,,,
e7157979-6519-4bd6-9043-c44a4dbbe24d,2026-08-09T03:24:50.219811+00:00,C4-BULLETPROOFS-SPECIALIZED,bulletproofs-range-pilot-v1,private_swap,bulletproofs-5.0.0-ristretto,47bfac70c1d6594282e7d744ebd8fa5bb594e5d3,bbc0b1a10dec6a35e8a7bb12148f97382d31ec9a72801a9734eae70aae800557,6166398298352676263,2,29,range32-aggregate,"{""range_bits"":32}",2,2,2,16,prove_total,13.325188,,,,,,,,,,,,,phase,,,true,wrong_public_input,,,,measured,specialized Bulletproofs range baseline; validate bundle before paper reporting,measurement,true,true,ok,"{""aggregate_values"":4.0,""range_bits"":32.0}",,,,,,
e7157979-6519-4bd6-9043-c44a4dbbe24d,2026-08-09T03:24:50.219829+00:00,C4-BULLETPROOFS-SPECIALIZED,bulletproofs-range-pilot-v1,private_swap,bulletproofs-5.0.0-ristretto,47bfac70c1d6594282e7d744ebd8fa5bb594e5d3,bbc0b1a10dec6a35e8a7bb12148f97382d31ec9a72801a9734eae70aae800557,6166398298352676263,2,29,range32-aggregate,"{""range_bits"":32}",2,2,2,16,serialize,0.001893,,,,,,,,,,,,,phase,,,true,wrong_public_input,,,,measured,specialized Bulletproofs range baseline; validate bundle before paper reporting,measurement,true,true,ok,"{""proof_bytes"":736.0}",,,,,,
e7157979-6519-4bd6-9043-c44a4dbbe24d,2026-08-09T03:24:50.219846+00:00,C4-BULLETPROOFS-SPECIALIZED,bulletproofs-range-pilot-v1,private_swap,bulletproofs-5.0.0-ristretto,47bfac70c1d6594282e7d744ebd8fa5bb594e5d3,bbc0b1a10dec6a35e8a7bb12148f97382d31ec9a72801a9734eae70aae800557,6166398298352676263,2,29,range32-aggregate,"{""range_bits"":32}",2,2,2,16,verify_core,1.709280,,,,,,,,,,,,,phase,,,true,wrong_public_input,1.709280,,,measured,specialized Bulletproofs range baseline; validate bundle before paper reporting,measurement,true,true,ok,"{""aggregate_values"":4.0}",,,,,,
e7157979-6519-4bd6-9043-c44a4dbbe24d,2026-08-09T03:24:50.219863+00:00,C4-BULLETPROOFS-SPECIALIZED,bulletproofs-range-pilot-v1,private_swap,bulletproofs-5.0.0-ristretto,47bfac70c1d6594282e7d744ebd8fa5bb594e5d3,bbc0b1a10dec6a35e8a7bb12148f97382d31ec9a72801a9734eae70aae800557,6166398298352676263,2,29,range32-aggregate,"{""range_bits"":32}",2,2,2,16,verify_total,1.709280,,,,,,,,,,,,,phase,,,true,wrong_public_input,,,,measured,specialized Bulletproofs range baseline; validate bundle before paper reporting,measurement,true,true,ok,{},,,,,,
e7157979-6519-4bd6-9043-c44a4dbbe24d,2026-08-09T03:24:50.219879+00:00,C4-BULLETPROOFS-SPECIALIZED,bulletproofs-range-pilot-v1,private_swap,bulletproofs-5.0.0-ristretto,47bfac70c1d6594282e7d744ebd8fa5bb594e5d3,bbc0b1a10dec6a35e8a7bb12148f97382d31ec9a72801a9734eae70aae800557,6166398298352676263,2,29,range32-aggregate,"{""range_bits"":32}",2,2,2,16,invalid_reject,1.709280,,,,,,,,,,,,,phase,,,true,wrong_public_input,,,,measured,specialized Bulletproofs range baseline; validate bundle before paper reporting,measurement,true,true,ok,"{""aggregate_values"":4.0}",,,,,,
e7157979-6519-4bd6-9043-c44a4dbbe24d,2026-08-09T03:24:50.219895+00:00,C4-BULLETPROOFS-SPECIALIZED,bulletproofs-range-pilot-v1,private_swap,bulletproofs-5.0.0-ristretto,47bfac70c1d6594282e7d744ebd8fa5bb594e5d3,bbc0b1a10dec6a35e8a7bb12148f97382d31ec9a72801a9734eae70aae800557,6166398298352676263,2,29,range32-aggregate,"{""range_bits"":32}",2,2,2,16,adapter_process_wall,68.328772,10.000000,3.277344,736,false,0,cryptographic_rejection,380,956,,,,linux-procfs,process,,,true,wrong_public_input,,"Linux procfs read failed: [Errno 13] Permission denied: '/proc/503/io'; private commit and per-process swap I/O are unavailable; VmSwap reports allocation, not swap traffic; No documented hardware or OS energy counter is configured in WSL2",,measured,specialized Bulletproofs range baseline; validate bundle before paper reporting,measurement,true,true,ok,{},128,4,128,range_bits,5.0,12
8e4475e8-6513-4f9c-baa4-2e3f5670fbe2,2026-08-09T03:24:50.333082+00:00,C4-BULLETPROOFS-SPECIALIZED,bulletproofs-range-pilot-v1,private_swap,bulletproofs-5.0.0-ristretto,47bfac70c1d6594282e7d744ebd8fa5bb594e5d3,bbc0b1a10dec6a35e8a7bb12148f97382d31ec9a72801a9734eae70aae800557,8672005692177746104,1,30,range32-aggregate,"{""range_bits"":32}",8,8,4,16,native_execution,0.186472,,,,,,,,,,,,,phase,,,true,wrong_public_input,,,,measured,specialized Bulletproofs range baseline; validate bundle before paper reporting,measurement,true,true,ok,"{""aggregate_values"":16.0,""application_units"":8.0,""fixture_digest"":2241006670816573.0,""range_bits"":32.0}",,,,,,
8e4475e8-6513-4f9c-baa4-2e3f5670fbe2,2026-08-09T03:24:50.333159+00:00,C4-BULLETPROOFS-SPECIALIZED,bulletproofs-range-pilot-v1,private_swap,bulletproofs-5.0.0-ristretto,47bfac70c1d6594282e7d744ebd8fa5bb594e5d3,bbc0b1a10dec6a35e8a7bb12148f97382d31ec9a72801a9734eae70aae800557,8672005692177746104,1,30,range32-aggregate,"{""range_bits"":32}",8,8,4,16,setup_or_preprocess,,,,,,,,,,,,,,phase,,,true,wrong_public_input,,Bulletproofs range generators are fixed and setup-free,,measured,specialized Bulletproofs range baseline; validate bundle before paper reporting,measurement,true,false,unsupported,{},,,,,,
8e4475e8-6513-4f9c-baa4-2e3f5670fbe2,2026-08-09T03:24:50.333181+00:00,C4-BULLETPROOFS-SPECIALIZED,bulletproofs-range-pilot-v1,private_swap,bulletproofs-5.0.0-ristretto,47bfac70c1d6594282e7d744ebd8fa5bb594e5d3,bbc0b1a10dec6a35e8a7bb12148f97382d31ec9a72801a9734eae70aae800557,8672005692177746104,1,30,range32-aggregate,"{""range_bits"":32}",8,8,4,16,key_load,,,,,,,,,,,,,,phase,,,true,wrong_public_input,,the range-proof API has no serialized proving or verification key,,measured,specialized Bulletproofs range baseline; validate bundle before paper reporting,measurement,true,false,unsupported,{},,,,,,
8e4475e8-6513-4f9c-baa4-2e3f5670fbe2,2026-08-09T03:24:50.333228+00:00,C4-BULLETPROOFS-SPECIALIZED,bulletproofs-range-pilot-v1,private_swap,bulletproofs-5.0.0-ristretto,47bfac70c1d6594282e7d744ebd8fa5bb594e5d3,bbc0b1a10dec6a35e8a7bb12148f97382d31ec9a72801a9734eae70aae800557,8672005692177746104,1,30,range32-aggregate,"{""range_bits"":32}",8,8,4,16,witness,0.474363,,,,,,,,,,,,,phase,,,true,wrong_public_input,,,,measured,specialized Bulletproofs range baseline; validate bundle before paper reporting,measurement,true,true,ok,"{""aggregate_values"":16.0,""range_bits"":32.0}",,,,,,
8e4475e8-6513-4f9c-baa4-2e3f5670fbe2,2026-08-09T03:24:50.333266+00:00,C4-BULLETPROOFS-SPECIALIZED,bulletproofs-range-pilot-v1,private_swap,bulletproofs-5.0.0-ristretto,47bfac70c1d6594282e7d744ebd8fa5bb594e5d3,bbc0b1a10dec6a35e8a7bb12148f97382d31ec9a72801a9734eae70aae800557,8672005692177746104,1,30,range32-aggregate,"{""range_bits"":32}",8,8,4,16,prove_total,49.200713,,,,,,,,,,,,,phase,,,true,wrong_public_input,,,,measured,specialized Bulletproofs range baseline; validate bundle before paper reporting,measurement,true,true,ok,"{""aggregate_values"":16.0,""range_bits"":32.0}",,,,,,
8e4475e8-6513-4f9c-baa4-2e3f5670fbe2,2026-08-09T03:24:50.333288+00:00,C4-BULLETPROOFS-SPECIALIZED,bulletproofs-range-pilot-v1,private_swap,bulletproofs-5.0.0-ristretto,47bfac70c1d6594282e7d744ebd8fa5bb594e5d3,bbc0b1a10dec6a35e8a7bb12148f97382d31ec9a72801a9734eae70aae800557,8672005692177746104,1,30,range32-aggregate,"{""range_bits"":32}",8,8,4,16,serialize,0.002835,,,,,,,,,,,,,phase,,,true,wrong_public_input,,,,measured,specialized Bulletproofs range baseline; validate bundle before paper reporting,measurement,true,true,ok,"{""proof_bytes"":864.0}",,,,,,
8e4475e8-6513-4f9c-baa4-2e3f5670fbe2,2026-08-09T03:24:50.333305+00:00,C4-BULLETPROOFS-SPECIALIZED,bulletproofs-range-pilot-v1,private_swap,bulletproofs-5.0.0-ristretto,47bfac70c1d6594282e7d744ebd8fa5bb594e5d3,bbc0b1a10dec6a35e8a7bb12148f97382d31ec9a72801a9734eae70aae800557,8672005692177746104,1,30,range32-aggregate,"{""range_bits"":32}",8,8,4,16,verify_core,5.111798,,,,,,,,,,,,,phase,,,true,wrong_public_input,5.111798,,,measured,specialized Bulletproofs range baseline; validate bundle before paper reporting,measurement,true,true,ok,"{""aggregate_values"":16.0}",,,,,,
8e4475e8-6513-4f9c-baa4-2e3f5670fbe2,2026-08-09T03:24:50.333321+00:00,C4-BULLETPROOFS-SPECIALIZED,bulletproofs-range-pilot-v1,private_swap,bulletproofs-5.0.0-ristretto,47bfac70c1d6594282e7d744ebd8fa5bb594e5d3,bbc0b1a10dec6a35e8a7bb12148f97382d31ec9a72801a9734eae70aae800557,8672005692177746104,1,30,range32-aggregate,"{""range_bits"":32}",8,8,4,16,verify_total,5.111798,,,,,,,,,,,,,phase,,,true,wrong_public_input,,,,measured,specialized Bulletproofs range baseline; validate bundle before paper reporting,measurement,true,true,ok,{},,,,,,
8e4475e8-6513-4f9c-baa4-2e3f5670fbe2,2026-08-09T03:24:50.333336+00:00,C4-BULLETPROOFS-SPECIALIZED,bulletproofs-range-pilot-v1,private_swap,bulletproofs-5.0.0-ristretto,47bfac70c1d6594282e7d744ebd8fa5bb594e5d3,bbc0b1a10dec6a35e8a7bb12148f97382d31ec9a72801a9734eae70aae800557,8672005692177746104,1,30,range32-aggregate,"{""range_bits"":32}",8,8,4,16,invalid_reject,5.111798,,,,,,,,,,,,,phase,,,true,wrong_public_input,,,,measured,specialized Bulletproofs range baseline; validate bundle before paper reporting,measurement,true,true,ok,"{""aggregate_values"":16.0}",,,,,,
8e4475e8-6513-4f9c-baa4-2e3f5670fbe2,2026-08-09T03:24:50.333352+00:00,C4-BULLETPROOFS-SPECIALIZED,bulletproofs-range-pilot-v1,private_swap,bulletproofs-5.0.0-ristretto,47bfac70c1d6594282e7d744ebd8fa5bb594e5d3,bbc0b1a10dec6a35e8a7bb12148f97382d31ec9a72801a9734eae70aae800557,8672005692177746104,1,30,range32-aggregate,"{""range_bits"":32}",8,8,4,16,adapter_process_wall,112.402019,50.000000,3.585938,864,false,0,cryptographic_rejection,644,956,,,,linux-procfs,process,,,true,wrong_public_input,,"private commit and per-process swap I/O are unavailable; VmSwap reports allocation, not swap traffic; No documented hardware or OS energy counter is configured in WSL2",,measured,specialized Bulletproofs range baseline; validate bundle before paper reporting,measurement,true,true,ok,{},512,16,512,range_bits,5.0,21
0aedd734-772b-4bf7-8df0-7cd445f1a4f3,2026-08-09T03:24:50.417175+00:00,C4-BULLETPROOFS-SPECIALIZED,bulletproofs-range-pilot-v1,private_swap,bulletproofs-5.0.0-ristretto,47bfac70c1d6594282e7d744ebd8fa5bb594e5d3,bbc0b1a10dec6a35e8a7bb12148f97382d31ec9a72801a9734eae70aae800557,4151228749865611291,2,31,range32-aggregate,"{""range_bits"":32}",4,4,1,16,native_execution,0.202040,,,,,,,,,,,,,phase,,,true,wrong_public_input,,,,measured,specialized Bulletproofs range baseline; validate bundle before paper reporting,measurement,true,true,ok,"{""aggregate_values"":8.0,""application_units"":4.0,""fixture_digest"":3958550638244979.0,""range_bits"":32.0}",,,,,,
0aedd734-772b-4bf7-8df0-7cd445f1a4f3,2026-08-09T03:24:50.417244+00:00,C4-BULLETPROOFS-SPECIALIZED,bulletproofs-range-pilot-v1,private_swap,bulletproofs-5.0.0-ristretto,47bfac70c1d6594282e7d744ebd8fa5bb594e5d3,bbc0b1a10dec6a35e8a7bb12148f97382d31ec9a72801a9734eae70aae800557,4151228749865611291,2,31,range32-aggregate,"{""range_bits"":32}",4,4,1,16,setup_or_preprocess,,,,,,,,,,,,,,phase,,,true,wrong_public_input,,Bulletproofs range generators are fixed and setup-free,,measured,specialized Bulletproofs range baseline; validate bundle before paper reporting,measurement,true,false,unsupported,{},,,,,,
0aedd734-772b-4bf7-8df0-7cd445f1a4f3,2026-08-09T03:24:50.417264+00:00,C4-BULLETPROOFS-SPECIALIZED,bulletproofs-range-pilot-v1,private_swap,bulletproofs-5.0.0-ristretto,47bfac70c1d6594282e7d744ebd8fa5bb594e5d3,bbc0b1a10dec6a35e8a7bb12148f97382d31ec9a72801a9734eae70aae800557,4151228749865611291,2,31,range32-aggregate,"{""range_bits"":32}",4,4,1,16,key_load,,,,,,,,,,,,,,phase,,,true,wrong_public_input,,the range-proof API has no serialized proving or verification key,,measured,specialized Bulletproofs range baseline; validate bundle before paper reporting,measurement,true,false,unsupported,{},,,,,,
0aedd734-772b-4bf7-8df0-7cd445f1a4f3,2026-08-09T03:24:50.417278+00:00,C4-BULLETPROOFS-SPECIALIZED,bulletproofs-range-pilot-v1,private_swap,bulletproofs-5.0.0-ristretto,47bfac70c1d6594282e7d744ebd8fa5bb594e5d3,bbc0b1a10dec6a35e8a7bb12148f97382d31ec9a72801a9734eae70aae800557,4151228749865611291,2,31,range32-aggregate,"{""range_bits"":32}",4,4,1,16,witness,0.451961,,,,,,,,,,,,,phase,,,true,wrong_public_input,,,,measured,specialized Bulletproofs range baseline; validate bundle before paper reporting,measurement,true,true,ok,"{""aggregate_values"":8.0,""range_bits"":32.0}",,,,,,
0aedd734-772b-4bf7-8df0-7cd445f1a4f3,2026-08-09T03:24:50.417293+00:00,C4-BULLETPROOFS-SPECIALIZED,bulletproofs-range-pilot-v1,private_swap,bulletproofs-5.0.0-ristretto,47bfac70c1d6594282e7d744ebd8fa5bb594e5d3,bbc0b1a10dec6a35e8a7bb12148f97382d31ec9a72801a9734eae70aae800557,4151228749865611291,2,31,range32-aggregate,"{""range_bits"":32}",4,4,1,16,prove_total,25.686762,,,,,,,,,,,,,phase,,,true,wrong_public_input,,,,measured,specialized Bulletproofs range baseline; validate bundle before paper reporting,measurement,true,true,ok,"{""aggregate_values"":8.0,""range_bits"":32.0}",,,,,,
0aedd734-772b-4bf7-8df0-7cd445f1a4f3,2026-08-09T03:24:50.417306+00:00,C4-BULLETPROOFS-SPECIALIZED,bulletproofs-range-pilot-v1,private_swap,bulletproofs-5.0.0-ristretto,47bfac70c1d6594282e7d744ebd8fa5bb594e5d3,bbc0b1a10dec6a35e8a7bb12148f97382d31ec9a72801a9734eae70aae800557,4151228749865611291,2,31,range32-aggregate,"{""range_bits"":32}",4,4,1,16,serialize,0.002053,,,,,,,,,,,,,phase,,,true,wrong_public_input,,,,measured,specialized Bulletproofs range baseline; validate bundle before paper reporting,measurement,true,true,ok,"{""proof_bytes"":800.0}",,,,,,
0aedd734-772b-4bf7-8df0-7cd445f1a4f3,2026-08-09T03:24:50.417321+00:00,C4-BULLETPROOFS-SPECIALIZED,bulletproofs-range-pilot-v1,private_swap,bulletproofs-5.0.0-ristretto,47bfac70c1d6594282e7d744ebd8fa5bb594e5d3,bbc0b1a10dec6a35e8a7bb12148f97382d31ec9a72801a9734eae70aae800557,4151228749865611291,2,31,range32-aggregate,"{""range_bits"":32}",4,4,1,16,verify_core,2.869485,,,,,,,,,,,,,phase,,,true,wrong_public_input,2.869485,,,measured,specialized Bulletproofs range baseline; validate bundle before paper reporting,measurement,true,true,ok,"{""aggregate_values"":8.0}",,,,,,
0aedd734-772b-4bf7-8df0-7cd445f1a4f3,2026-08-09T03:24:50.417335+00:00,C4-BULLETPROOFS-SPECIALIZED,bulletproofs-range-pilot-v1,private_swap,bulletproofs-5.0.0-ristretto,47bfac70c1d6594282e7d744ebd8fa5bb594e5d3,bbc0b1a10dec6a35e8a7bb12148f97382d31ec9a72801a9734eae70aae800557,4151228749865611291,2,31,range32-aggregate,"{""range_bits"":32}",4,4,1,16,verify_total,2.869485,,,,,,,,,,,,,phase,,,true,wrong_public_input,,,,measured,specialized Bulletproofs range baseline; validate bundle before paper reporting,measurement,true,true,ok,{},,,,,,
0aedd734-772b-4bf7-8df0-7cd445f1a4f3,2026-08-09T03:24:50.417348+00:00,C4-BULLETPROOFS-SPECIALIZED,bulletproofs-range-pilot-v1,private_swap,bulletproofs-5.0.0-ristretto,47bfac70c1d6594282e7d744ebd8fa5bb594e5d3,bbc0b1a10dec6a35e8a7bb12148f97382d31ec9a72801a9734eae70aae800557,4151228749865611291,2,31,range32-aggregate,"{""range_bits"":32}",4,4,1,16,invalid_reject,2.869485,,,,,,,,,,,,,phase,,,true,wrong_public_input,,,,measured,specialized Bulletproofs range baseline; validate bundle before paper reporting,measurement,true,true,ok,"{""aggregate_values"":8.0}",,,,,,
0aedd734-772b-4bf7-8df0-7cd445f1a4f3,2026-08-09T03:24:50.417361+00:00,C4-BULLETPROOFS-SPECIALIZED,bulletproofs-range-pilot-v1,private_swap,bulletproofs-5.0.0-ristretto,47bfac70c1d6594282e7d744ebd8fa5bb594e5d3,bbc0b1a10dec6a35e8a7bb12148f97382d31ec9a72801a9734eae70aae800557,4151228749865611291,2,31,range32-aggregate,"{""range_bits"":32}",4,4,1,16,adapter_process_wall,82.996834,20.000000,3.171875,800,false,0,cryptographic_rejection,428,956,,,,linux-procfs,process,,,true,wrong_public_input,,"private commit and per-process swap I/O are unavailable; VmSwap reports allocation, not swap traffic; No documented hardware or OS energy counter is configured in WSL2",,measured,specialized Bulletproofs range baseline; validate bundle before paper reporting,measurement,true,true,ok,{},256,8,256,range_bits,5.0,15
45319266-6b09-4a31-a846-ec506afa1996,2026-08-09T03:24:50.486564+00:00,C4-BULLETPROOFS-SPECIALIZED,bulletproofs-range-pilot-v1,private_swap,bulletproofs-5.0.0-ristretto,47bfac70c1d6594282e7d744ebd8fa5bb594e5d3,bbc0b1a10dec6a35e8a7bb12148f97382d31ec9a72801a9734eae70aae800557,4287239546171215779,0,32,range32-aggregate,"{""range_bits"":32}",2,2,4,16,native_execution,0.175526,,,,,,,,,,,,,phase,,,true,,,,,measured,specialized Bulletproofs range baseline; validate bundle before paper reporting,measurement,true,true,ok,"{""aggregate_values"":4.0,""application_units"":2.0,""fixture_digest"":3894294223676331.0,""range_bits"":32.0}",,,,,,
45319266-6b09-4a31-a846-ec506afa1996,2026-08-09T03:24:50.486638+00:00,C4-BULLETPROOFS-SPECIALIZED,bulletproofs-range-pilot-v1,private_swap,bulletproofs-5.0.0-ristretto,47bfac70c1d6594282e7d744ebd8fa5bb594e5d3,bbc0b1a10dec6a35e8a7bb12148f97382d31ec9a72801a9734eae70aae800557,4287239546171215779,0,32,range32-aggregate,"{""range_bits"":32}",2,2,4,16,setup_or_preprocess,,,,,,,,,,,,,,phase,,,true,,,Bulletproofs range generators are fixed and setup-free,,measured,specialized Bulletproofs range baseline; validate bundle before paper reporting,measurement,true,false,unsupported,{},,,,,,
45319266-6b09-4a31-a846-ec506afa1996,2026-08-09T03:24:50.486661+00:00,C4-BULLETPROOFS-SPECIALIZED,bulletproofs-range-pilot-v1,private_swap,bulletproofs-5.0.0-ristretto,47bfac70c1d6594282e7d744ebd8fa5bb594e5d3,bbc0b1a10dec6a35e8a7bb12148f97382d31ec9a72801a9734eae70aae800557,4287239546171215779,0,32,range32-aggregate,"{""range_bits"":32}",2,2,4,16,key_load,,,,,,,,,,,,,,phase,,,true,,,the range-proof API has no serialized proving or verification key,,measured,specialized Bulletproofs range baseline; validate bundle before paper reporting,measurement,true,false,unsupported,{},,,,,,
45319266-6b09-4a31-a846-ec506afa1996,2026-08-09T03:24:50.486679+00:00,C4-BULLETPROOFS-SPECIALIZED,bulletproofs-range-pilot-v1,private_swap,bulletproofs-5.0.0-ristretto,47bfac70c1d6594282e7d744ebd8fa5bb594e5d3,bbc0b1a10dec6a35e8a7bb12148f97382d31ec9a72801a9734eae70aae800557,4287239546171215779,0,32,range32-aggregate,"{""range_bits"":32}",2,2,4,16,witness,0.434790,,,,,,,,,,,,,phase,,,true,,,,,measured,specialized Bulletproofs range baseline; validate bundle before paper reporting,measurement,true,true,ok,"{""aggregate_values"":4.0,""range_bits"":32.0}",,,,,,
45319266-6b09-4a31-a846-ec506afa1996,2026-08-09T03:24:50.486698+00:00,C4-BULLETPROOFS-SPECIALIZED,bulletproofs-range-pilot-v1,private_swap,bulletproofs-5.0.0-ristretto,47bfac70c1d6594282e7d744ebd8fa5bb594e5d3,bbc0b1a10dec6a35e8a7bb12148f97382d31ec9a72801a9734eae70aae800557,4287239546171215779,0,32,range32-aggregate,"{""range_bits"":32}",2,2,4,16,prove_total,13.868813,,,,,,,,,,,,,phase,,,true,,,,,measured,specialized Bulletproofs range baseline; validate bundle before paper reporting,measurement,true,true,ok,"{""aggregate_values"":4.0,""range_bits"":32.0}",,,,,,
45319266-6b09-4a31-a846-ec506afa1996,2026-08-09T03:24:50.486715+00:00,C4-BULLETPROOFS-SPECIALIZED,bulletproofs-range-pilot-v1,private_swap,bulletproofs-5.0.0-ristretto,47bfac70c1d6594282e7d744ebd8fa5bb594e5d3,bbc0b1a10dec6a35e8a7bb12148f97382d31ec9a72801a9734eae70aae800557,4287239546171215779,0,32,range32-aggregate,"{""range_bits"":32}",2,2,4,16,serialize,0.001844,,,,,,,,,,,,,phase,,,true,,,,,measured,specialized Bulletproofs range baseline; validate bundle before paper reporting,measurement,true,true,ok,"{""proof_bytes"":736.0}",,,,,,
45319266-6b09-4a31-a846-ec506afa1996,2026-08-09T03:24:50.486732+00:00,C4-BULLETPROOFS-SPECIALIZED,bulletproofs-range-pilot-v1,private_swap,bulletproofs-5.0.0-ristretto,47bfac70c1d6594282e7d744ebd8fa5bb594e5d3,bbc0b1a10dec6a35e8a7bb12148f97382d31ec9a72801a9734eae70aae800557,4287239546171215779,0,32,range32-aggregate,"{""range_bits"":32}",2,2,4,16,verify_core,1.903833,,,,,,,,,,,,,phase,,,true,,,,,measured,specialized Bulletproofs range baseline; validate bundle before paper reporting,measurement,true,true,ok,"{""aggregate_values"":4.0}",,,,,,
45319266-6b09-4a31-a846-ec506afa1996,2026-08-09T03:24:50.486749+00:00,C4-BULLETPROOFS-SPECIALIZED,bulletproofs-range-pilot-v1,private_swap,bulletproofs-5.0.0-ristretto,47bfac70c1d6594282e7d744ebd8fa5bb594e5d3,bbc0b1a10dec6a35e8a7bb12148f97382d31ec9a72801a9734eae70aae800557,4287239546171215779,0,32,range32-aggregate,"{""range_bits"":32}",2,2,4,16,verify_total,1.903833,,,,,,,,,,,,,phase,,,true,,,,,measured,specialized Bulletproofs range baseline; validate bundle before paper reporting,measurement,true,true,ok,{},,,,,,
45319266-6b09-4a31-a846-ec506afa1996,2026-08-09T03:24:50.486766+00:00,C4-BULLETPROOFS-SPECIALIZED,bulletproofs-range-pilot-v1,private_swap,bulletproofs-5.0.0-ristretto,47bfac70c1d6594282e7d744ebd8fa5bb594e5d3,bbc0b1a10dec6a35e8a7bb12148f97382d31ec9a72801a9734eae70aae800557,4287239546171215779,0,32,range32-aggregate,"{""range_bits"":32}",2,2,4,16,adapter_process_wall,68.467365,10.000000,3.273438,736,true,0,,381,956,,,,linux-procfs,process,,,true,,,"Linux procfs read failed: [Errno 13] Permission denied: '/proc/509/io'; private commit and per-process swap I/O are unavailable; VmSwap reports allocation, not swap traffic; No documented hardware or OS energy counter is configured in WSL2",,measured,specialized Bulletproofs range baseline; validate bundle before paper reporting,measurement,true,true,ok,{},128,4,128,range_bits,5.0,12
628a0aa9-e5cb-41bd-a0d7-372d010c87b7,2026-08-09T03:24:50.570389+00:00,C4-BULLETPROOFS-SPECIALIZED,bulletproofs-range-pilot-v1,private_swap,bulletproofs-5.0.0-ristretto,47bfac70c1d6594282e7d744ebd8fa5bb594e5d3,bbc0b1a10dec6a35e8a7bb12148f97382d31ec9a72801a9734eae70aae800557,5675886304548072762,2,33,range32-aggregate,"{""range_bits"":32}",4,4,4,16,native_execution,0.176769,,,,,,,,,,,,,phase,,,true,wrong_public_input,,,,measured,specialized Bulletproofs range baseline; validate bundle before paper reporting,measurement,true,true,ok,"{""aggregate_values"":8.0,""application_units"":4.0,""fixture_digest"":862439834479442.0,""range_bits"":32.0}",,,,,,
628a0aa9-e5cb-41bd-a0d7-372d010c87b7,2026-08-09T03:24:50.570478+00:00,C4-BULLETPROOFS-SPECIALIZED,bulletproofs-range-pilot-v1,private_swap,bulletproofs-5.0.0-ristretto,47bfac70c1d6594282e7d744ebd8fa5bb594e5d3,bbc0b1a10dec6a35e8a7bb12148f97382d31ec9a72801a9734eae70aae800557,5675886304548072762,2,33,range32-aggregate,"{""range_bits"":32}",4,4,4,16,setup_or_preprocess,,,,,,,,,,,,,,phase,,,true,wrong_public_input,,Bulletproofs range generators are fixed and setup-free,,measured,specialized Bulletproofs range baseline; validate bundle before paper reporting,measurement,true,false,unsupported,{},,,,,,
628a0aa9-e5cb-41bd-a0d7-372d010c87b7,2026-08-09T03:24:50.570503+00:00,C4-BULLETPROOFS-SPECIALIZED,bulletproofs-range-pilot-v1,private_swap,bulletproofs-5.0.0-ristretto,47bfac70c1d6594282e7d744ebd8fa5bb594e5d3,bbc0b1a10dec6a35e8a7bb12148f97382d31ec9a72801a9734eae70aae800557,5675886304548072762,2,33,range32-aggregate,"{""range_bits"":32}",4,4,4,16,key_load,,,,,,,,,,,,,,phase,,,true,wrong_public_input,,the range-proof API has no serialized proving or verification key,,measured,specialized Bulletproofs range baseline; validate bundle before paper reporting,measurement,true,false,unsupported,{},,,,,,
628a0aa9-e5cb-41bd-a0d7-372d010c87b7,2026-08-09T03:24:50.570521+00:00,C4-BULLETPROOFS-SPECIALIZED,bulletproofs-range-pilot-v1,private_swap,bulletproofs-5.0.0-ristretto,47bfac70c1d6594282e7d744ebd8fa5bb594e5d3,bbc0b1a10dec6a35e8a7bb12148f97382d31ec9a72801a9734eae70aae800557,5675886304548072762,2,33,range32-aggregate,"{""range_bits"":32}",4,4,4,16,witness,0.497510,,,,,,,,,,,,,phase,,,true,wrong_public_input,,,,measured,specialized Bulletproofs range baseline; validate bundle before paper reporting,measurement,true,true,ok,"{""aggregate_values"":8.0,""range_bits"":32.0}",,,,,,
628a0aa9-e5cb-41bd-a0d7-372d010c87b7,2026-08-09T03:24:50.570540+00:00,C4-BULLETPROOFS-SPECIALIZED,bulletproofs-range-pilot-v1,private_swap,bulletproofs-5.0.0-ristretto,47bfac70c1d6594282e7d744ebd8fa5bb594e5d3,bbc0b1a10dec6a35e8a7bb12148f97382d31ec9a72801a9734eae70aae800557,5675886304548072762,2,33,range32-aggregate,"{""range_bits"":32}",4,4,4,16,prove_total,25.820380,,,,,,,,,,,,,phase,,,true,wrong_public_input,,,,measured,specialized Bulletproofs range baseline; validate bundle before paper reporting,measurement,true,true,ok,"{""aggregate_values"":8.0,""range_bits"":32.0}",,,,,,
628a0aa9-e5cb-41bd-a0d7-372d010c87b7,2026-08-09T03:24:50.570557+00:00,C4-BULLETPROOFS-SPECIALIZED,bulletproofs-range-pilot-v1,private_swap,bulletproofs-5.0.0-ristretto,47bfac70c1d6594282e7d744ebd8fa5bb594e5d3,bbc0b1a10dec6a35e8a7bb12148f97382d31ec9a72801a9734eae70aae800557,5675886304548072762,2,33,range32-aggregate,"{""range_bits"":32}",4,4,4,16,serialize,0.003066,,,,,,,,,,,,,phase,,,true,wrong_public_input,,,,measured,specialized Bulletproofs range baseline; validate bundle before paper reporting,measurement,true,true,ok,"{""proof_bytes"":800.0}",,,,,,
628a0aa9-e5cb-41bd-a0d7-372d010c87b7,2026-08-09T03:24:50.570575+00:00,C4-BULLETPROOFS-SPECIALIZED,bulletproofs-range-pilot-v1,private_swap,bulletproofs-5.0.0-ristretto,47bfac70c1d6594282e7d744ebd8fa5bb594e5d3,bbc0b1a10dec6a35e8a7bb12148f97382d31ec9a72801a9734eae70aae800557,5675886304548072762,2,33,range32-aggregate,"{""range_bits"":32}",4,4,4,16,verify_core,2.757441,,,,,,,,,,,,,phase,,,true,wrong_public_input,2.757441,,,measured,specialized Bulletproofs range baseline; validate bundle before paper reporting,measurement,true,true,ok,"{""aggregate_values"":8.0}",,,,,,
628a0aa9-e5cb-41bd-a0d7-372d010c87b7,2026-08-09T03:24:50.570592+00:00,C4-BULLETPROOFS-SPECIALIZED,bulletproofs-range-pilot-v1,private_swap,bulletproofs-5.0.0-ristretto,47bfac70c1d6594282e7d744ebd8fa5bb594e5d3,bbc0b1a10dec6a35e8a7bb12148f97382d31ec9a72801a9734eae70aae800557,5675886304548072762,2,33,range32-aggregate,"{""range_bits"":32}",4,4,4,16,verify_total,2.757441,,,,,,,,,,,,,phase,,,true,wrong_public_input,,,,measured,specialized Bulletproofs range baseline; validate bundle before paper reporting,measurement,true,true,ok,{},,,,,,
628a0aa9-e5cb-41bd-a0d7-372d010c87b7,2026-08-09T03:24:50.570608+00:00,C4-BULLETPROOFS-SPECIALIZED,bulletproofs-range-pilot-v1,private_swap,bulletproofs-5.0.0-ristretto,47bfac70c1d6594282e7d744ebd8fa5bb594e5d3,bbc0b1a10dec6a35e8a7bb12148f97382d31ec9a72801a9734eae70aae800557,5675886304548072762,2,33,range32-aggregate,"{""range_bits"":32}",4,4,4,16,invalid_reject,2.757441,,,,,,,,,,,,,phase,,,true,wrong_public_input,,,,measured,specialized Bulletproofs range baseline; validate bundle before paper reporting,measurement,true,true,ok,"{""aggregate_values"":8.0}",,,,,,
628a0aa9-e5cb-41bd-a0d7-372d010c87b7,2026-08-09T03:24:50.570624+00:00,C4-BULLETPROOFS-SPECIALIZED,bulletproofs-range-pilot-v1,private_swap,bulletproofs-5.0.0-ristretto,47bfac70c1d6594282e7d744ebd8fa5bb594e5d3,bbc0b1a10dec6a35e8a7bb12148f97382d31ec9a72801a9734eae70aae800557,5675886304548072762,2,33,range32-aggregate,"{""range_bits"":32}",4,4,4,16,adapter_process_wall,82.811270,20.000000,3.207031,800,false,0,cryptographic_rejection,429,956,,,,linux-procfs,process,,,true,wrong_public_input,,"private commit and per-process swap I/O are unavailable; VmSwap reports allocation, not swap traffic; No documented hardware or OS energy counter is configured in WSL2",,measured,specialized Bulletproofs range baseline; validate bundle before paper reporting,measurement,true,true,ok,{},256,8,256,range_bits,5.0,15
eafe4fd9-04c5-40df-9d5a-c5495b14a160,2026-08-09T03:24:50.684444+00:00,C4-BULLETPROOFS-SPECIALIZED,bulletproofs-range-pilot-v1,private_swap,bulletproofs-5.0.0-ristretto,47bfac70c1d6594282e7d744ebd8fa5bb594e5d3,bbc0b1a10dec6a35e8a7bb12148f97382d31ec9a72801a9734eae70aae800557,5845920643315209213,2,34,range32-aggregate,"{""range_bits"":32}",8,8,4,16,native_execution,0.210521,,,,,,,,,,,,,phase,,,true,wrong_public_input,,,,measured,specialized Bulletproofs range baseline; validate bundle before paper reporting,measurement,true,true,ok,"{""aggregate_values"":16.0,""application_units"":8.0,""fixture_digest"":831777321355944.0,""range_bits"":32.0}",,,,,,
eafe4fd9-04c5-40df-9d5a-c5495b14a160,2026-08-09T03:24:50.684511+00:00,C4-BULLETPROOFS-SPECIALIZED,bulletproofs-range-pilot-v1,private_swap,bulletproofs-5.0.0-ristretto,47bfac70c1d6594282e7d744ebd8fa5bb594e5d3,bbc0b1a10dec6a35e8a7bb12148f97382d31ec9a72801a9734eae70aae800557,5845920643315209213,2,34,range32-aggregate,"{""range_bits"":32}",8,8,4,16,setup_or_preprocess,,,,,,,,,,,,,,phase,,,true,wrong_public_input,,Bulletproofs range generators are fixed and setup-free,,measured,specialized Bulletproofs range baseline; validate bundle before paper reporting,measurement,true,false,unsupported,{},,,,,,
eafe4fd9-04c5-40df-9d5a-c5495b14a160,2026-08-09T03:24:50.684530+00:00,C4-BULLETPROOFS-SPECIALIZED,bulletproofs-range-pilot-v1,private_swap,bulletproofs-5.0.0-ristretto,47bfac70c1d6594282e7d744ebd8fa5bb594e5d3,bbc0b1a10dec6a35e8a7bb12148f97382d31ec9a72801a9734eae70aae800557,5845920643315209213,2,34,range32-aggregate,"{""range_bits"":32}",8,8,4,16,key_load,,,,,,,,,,,,,,phase,,,true,wrong_public_input,,the range-proof API has no serialized proving or verification key,,measured,specialized Bulletproofs range baseline; validate bundle before paper reporting,measurement,true,false,unsupported,{},,,,,,
eafe4fd9-04c5-40df-9d5a-c5495b14a160,2026-08-09T03:24:50.684545+00:00,C4-BULLETPROOFS-SPECIALIZED,bulletproofs-range-pilot-v1,private_swap,bulletproofs-5.0.0-ristretto,47bfac70c1d6594282e7d744ebd8fa5bb594e5d3,bbc0b1a10dec6a35e8a7bb12148f97382d31ec9a72801a9734eae70aae800557,5845920643315209213,2,34,range32-aggregate,"{""range_bits"":32}",8,8,4,16,witness,0.472985,,,,,,,,,,,,,phase,,,true,wrong_public_input,,,,measured,specialized Bulletproofs range baseline; validate bundle before paper reporting,measurement,true,true,ok,"{""aggregate_values"":16.0,""range_bits"":32.0}",,,,,,
eafe4fd9-04c5-40df-9d5a-c5495b14a160,2026-08-09T03:24:50.684559+00:00,C4-BULLETPROOFS-SPECIALIZED,bulletproofs-range-pilot-v1,private_swap,bulletproofs-5.0.0-ristretto,47bfac70c1d6594282e7d744ebd8fa5bb594e5d3,bbc0b1a10dec6a35e8a7bb12148f97382d31ec9a72801a9734eae70aae800557,5845920643315209213,2,34,range32-aggregate,"{""range_bits"":32}",8,8,4,16,prove_total,47.930064,,,,,,,,,,,,,phase,,,true,wrong_public_input,,,,measured,specialized Bulletproofs range baseline; validate bundle before paper reporting,measurement,true,true,ok,"{""aggregate_values"":16.0,""range_bits"":32.0}",,,,,,
eafe4fd9-04c5-40df-9d5a-c5495b14a160,2026-08-09T03:24:50.684574+00:00,C4-BULLETPROOFS-SPECIALIZED,bulletproofs-range-pilot-v1,private_swap,bulletproofs-5.0.0-ristretto,47bfac70c1d6594282e7d744ebd8fa5bb594e5d3,bbc0b1a10dec6a35e8a7bb12148f97382d31ec9a72801a9734eae70aae800557,5845920643315209213,2,34,range32-aggregate,"{""range_bits"":32}",8,8,4,16,serialize,0.002324,,,,,,,,,,,,,phase,,,true,wrong_public_input,,,,measured,specialized Bulletproofs range baseline; validate bundle before paper reporting,measurement,true,true,ok,"{""proof_bytes"":864.0}",,,,,,
eafe4fd9-04c5-40df-9d5a-c5495b14a160,2026-08-09T03:24:50.684588+00:00,C4-BULLETPROOFS-SPECIALIZED,bulletproofs-range-pilot-v1,private_swap,bulletproofs-5.0.0-ristretto,47bfac70c1d6594282e7d744ebd8fa5bb594e5d3,bbc0b1a10dec6a35e8a7bb12148f97382d31ec9a72801a9734eae70aae800557,5845920643315209213,2,34,range32-aggregate,"{""range_bits"":32}",8,8,4,16,verify_core,5.303013,,,,,,,,,,,,,phase,,,true,wrong_public_input,5.303013,,,measured,specialized Bulletproofs range baseline; validate bundle before paper reporting,measurement,true,true,ok,"{""aggregate_values"":16.0}",,,,,,
eafe4fd9-04c5-40df-9d5a-c5495b14a160,2026-08-09T03:24:50.684602+00:00,C4-BULLETPROOFS-SPECIALIZED,bulletproofs-range-pilot-v1,private_swap,bulletproofs-5.0.0-ristretto,47bfac70c1d6594282e7d744ebd8fa5bb594e5d3,bbc0b1a10dec6a35e8a7bb12148f97382d31ec9a72801a9734eae70aae800557,5845920643315209213,2,34,range32-aggregate,"{""range_bits"":32}",8,8,4,16,verify_total,5.303013,,,,,,,,,,,,,phase,,,true,wrong_public_input,,,,measured,specialized Bulletproofs range baseline; validate bundle before paper reporting,measurement,true,true,ok,{},,,,,,
eafe4fd9-04c5-40df-9d5a-c5495b14a160,2026-08-09T03:24:50.684614+00:00,C4-BULLETPROOFS-SPECIALIZED,bulletproofs-range-pilot-v1,private_swap,bulletproofs-5.0.0-ristretto,47bfac70c1d6594282e7d744ebd8fa5bb594e5d3,bbc0b1a10dec6a35e8a7bb12148f97382d31ec9a72801a9734eae70aae800557,5845920643315209213,2,34,range32-aggregate,"{""range_bits"":32}",8,8,4,16,invalid_reject,5.303013,,,,,,,,,,,,,phase,,,true,wrong_public_input,,,,measured,specialized Bulletproofs range baseline; validate bundle before paper reporting,measurement,true,true,ok,"{""aggregate_values"":16.0}",,,,,,
eafe4fd9-04c5-40df-9d5a-c5495b14a160,2026-08-09T03:24:50.684628+00:00,C4-BULLETPROOFS-SPECIALIZED,bulletproofs-range-pilot-v1,private_swap,bulletproofs-5.0.0-ristretto,47bfac70c1d6594282e7d744ebd8fa5bb594e5d3,bbc0b1a10dec6a35e8a7bb12148f97382d31ec9a72801a9734eae70aae800557,5845920643315209213,2,34,range32-aggregate,"{""range_bits"":32}",8,8,4,16,adapter_process_wall,112.979003,60.000000,3.613281,864,false,0,cryptographic_rejection,645,956,,,,linux-procfs,process,,,true,wrong_public_input,,"private commit and per-process swap I/O are unavailable; VmSwap reports allocation, not swap traffic; No documented hardware or OS energy counter is configured in WSL2",,measured,specialized Bulletproofs range baseline; validate bundle before paper reporting,measurement,true,true,ok,{},512,16,512,range_bits,5.0,21
a0a41afa-3b48-4594-969b-cfba9a9d65d9,2026-08-09T03:24:50.799276+00:00,C4-BULLETPROOFS-SPECIALIZED,bulletproofs-range-pilot-v1,private_swap,bulletproofs-5.0.0-ristretto,47bfac70c1d6594282e7d744ebd8fa5bb594e5d3,bbc0b1a10dec6a35e8a7bb12148f97382d31ec9a72801a9734eae70aae800557,1279141511105370523,2,35,range32-aggregate,"{""range_bits"":32}",8,8,4,16,native_execution,0.175486,,,,,,,,,,,,,phase,,,true,,,,,measured,specialized Bulletproofs range baseline; validate bundle before paper reporting,measurement,true,true,ok,"{""aggregate_values"":16.0,""application_units"":8.0,""fixture_digest"":1465036268424574.0,""range_bits"":32.0}",,,,,,
a0a41afa-3b48-4594-969b-cfba9a9d65d9,2026-08-09T03:24:50.799380+00:00,C4-BULLETPROOFS-SPECIALIZED,bulletproofs-range-pilot-v1,private_swap,bulletproofs-5.0.0-ristretto,47bfac70c1d6594282e7d744ebd8fa5bb594e5d3,bbc0b1a10dec6a35e8a7bb12148f97382d31ec9a72801a9734eae70aae800557,1279141511105370523,2,35,range32-aggregate,"{""range_bits"":32}",8,8,4,16,setup_or_preprocess,,,,,,,,,,,,,,phase,,,true,,,Bulletproofs range generators are fixed and setup-free,,measured,specialized Bulletproofs range baseline; validate bundle before paper reporting,measurement,true,false,unsupported,{},,,,,,
a0a41afa-3b48-4594-969b-cfba9a9d65d9,2026-08-09T03:24:50.799442+00:00,C4-BULLETPROOFS-SPECIALIZED,bulletproofs-range-pilot-v1,private_swap,bulletproofs-5.0.0-ristretto,47bfac70c1d6594282e7d744ebd8fa5bb594e5d3,bbc0b1a10dec6a35e8a7bb12148f97382d31ec9a72801a9734eae70aae800557,1279141511105370523,2,35,range32-aggregate,"{""range_bits"":32}",8,8,4,16,key_load,,,,,,,,,,,,,,phase,,,true,,,the range-proof API has no serialized proving or verification key,,measured,specialized Bulletproofs range baseline; validate bundle before paper reporting,measurement,true,false,unsupported,{},,,,,,
a0a41afa-3b48-4594-969b-cfba9a9d65d9,2026-08-09T03:24:50.799479+00:00,C4-BULLETPROOFS-SPECIALIZED,bulletproofs-range-pilot-v1,private_swap,bulletproofs-5.0.0-ristretto,47bfac70c1d6594282e7d744ebd8fa5bb594e5d3,bbc0b1a10dec6a35e8a7bb12148f97382d31ec9a72801a9734eae70aae800557,1279141511105370523,2,35,range32-aggregate,"{""range_bits"":32}",8,8,4,16,witness,0.511912,,,,,,,,,,,,,phase,,,true,,,,,measured,specialized Bulletproofs range baseline; validate bundle before paper reporting,measurement,true,true,ok,"{""aggregate_values"":16.0,""range_bits"":32.0}",,,,,,
a0a41afa-3b48-4594-969b-cfba9a9d65d9,2026-08-09T03:24:50.799506+00:00,C4-BULLETPROOFS-SPECIALIZED,bulletproofs-range-pilot-v1,private_swap,bulletproofs-5.0.0-ristretto,47bfac70c1d6594282e7d744ebd8fa5bb594e5d3,bbc0b1a10dec6a35e8a7bb12148f97382d31ec9a72801a9734eae70aae800557,1279141511105370523,2,35,range32-aggregate,"{""range_bits"":32}",8,8,4,16,prove_total,48.780656,,,,,,,,,,,,,phase,,,true,,,,,measured,specialized Bulletproofs range baseline; validate bundle before paper reporting,measurement,true,true,ok,"{""aggregate_values"":16.0,""range_bits"":32.0}",,,,,,
a0a41afa-3b48-4594-969b-cfba9a9d65d9,2026-08-09T03:24:50.799523+00:00,C4-BULLETPROOFS-SPECIALIZED,bulletproofs-range-pilot-v1,private_swap,bulletproofs-5.0.0-ristretto,47bfac70c1d6594282e7d744ebd8fa5bb594e5d3,bbc0b1a10dec6a35e8a7bb12148f97382d31ec9a72801a9734eae70aae800557,1279141511105370523,2,35,range32-aggregate,"{""range_bits"":32}",8,8,4,16,serialize,0.002775,,,,,,,,,,,,,phase,,,true,,,,,measured,specialized Bulletproofs range baseline; validate bundle before paper reporting,measurement,true,true,ok,"{""proof_bytes"":864.0}",,,,,,
a0a41afa-3b48-4594-969b-cfba9a9d65d9,2026-08-09T03:24:50.799556+00:00,C4-BULLETPROOFS-SPECIALIZED,bulletproofs-range-pilot-v1,private_swap,bulletproofs-5.0.0-ristretto,47bfac70c1d6594282e7d744ebd8fa5bb594e5d3,bbc0b1a10dec6a35e8a7bb12148f97382d31ec9a72801a9734eae70aae800557,1279141511105370523,2,35,range32-aggregate,"{""range_bits"":32}",8,8,4,16,verify_core,5.125207,,,,,,,,,,,,,phase,,,true,,,,,measured,specialized Bulletproofs range baseline; validate bundle before paper reporting,measurement,true,true,ok,"{""aggregate_values"":16.0}",,,,,,
a0a41afa-3b48-4594-969b-cfba9a9d65d9,2026-08-09T03:24:50.799585+00:00,C4-BULLETPROOFS-SPECIALIZED,bulletproofs-range-pilot-v1,private_swap,bulletproofs-5.0.0-ristretto,47bfac70c1d6594282e7d744ebd8fa5bb594e5d3,bbc0b1a10dec6a35e8a7bb12148f97382d31ec9a72801a9734eae70aae800557,1279141511105370523,2,35,range32-aggregate,"{""range_bits"":32}",8,8,4,16,verify_total,5.125207,,,,,,,,,,,,,phase,,,true,,,,,measured,specialized Bulletproofs range baseline; validate bundle before paper reporting,measurement,true,true,ok,{},,,,,,
a0a41afa-3b48-4594-969b-cfba9a9d65d9,2026-08-09T03:24:50.799602+00:00,C4-BULLETPROOFS-SPECIALIZED,bulletproofs-range-pilot-v1,private_swap,bulletproofs-5.0.0-ristretto,47bfac70c1d6594282e7d744ebd8fa5bb594e5d3,bbc0b1a10dec6a35e8a7bb12148f97382d31ec9a72801a9734eae70aae800557,1279141511105370523,2,35,range32-aggregate,"{""range_bits"":32}",8,8,4,16,adapter_process_wall,113.835997,60.000000,3.585938,864,true,0,,643,956,,,,linux-procfs,process,,,true,,,"private commit and per-process swap I/O are unavailable; VmSwap reports allocation, not swap traffic; No documented hardware or OS energy counter is configured in WSL2",,measured,specialized Bulletproofs range baseline; validate bundle before paper reporting,measurement,true,true,ok,{},512,16,512,range_bits,5.0,21
151be825-5ccc-44c6-83c2-fcd9a9f9641d,2026-08-09T03:24:50.869548+00:00,C4-BULLETPROOFS-SPECIALIZED,bulletproofs-range-pilot-v1,private_swap,bulletproofs-5.0.0-ristretto,47bfac70c1d6594282e7d744ebd8fa5bb594e5d3,bbc0b1a10dec6a35e8a7bb12148f97382d31ec9a72801a9734eae70aae800557,2825107923742681271,1,36,range32-aggregate,"{""range_bits"":32}",2,2,4,16,native_execution,0.215035,,,,,,,,,,,,,phase,,,true,wrong_public_input,,,,measured,specialized Bulletproofs range baseline; validate bundle before paper reporting,measurement,true,true,ok,"{""aggregate_values"":4.0,""application_units"":2.0,""fixture_digest"":2803774166724031.0,""range_bits"":32.0}",,,,,,
151be825-5ccc-44c6-83c2-fcd9a9f9641d,2026-08-09T03:24:50.869618+00:00,C4-BULLETPROOFS-SPECIALIZED,bulletproofs-range-pilot-v1,private_swap,bulletproofs-5.0.0-ristretto,47bfac70c1d6594282e7d744ebd8fa5bb594e5d3,bbc0b1a10dec6a35e8a7bb12148f97382d31ec9a72801a9734eae70aae800557,2825107923742681271,1,36,range32-aggregate,"{""range_bits"":32}",2,2,4,16,setup_or_preprocess,,,,,,,,,,,,,,phase,,,true,wrong_public_input,,Bulletproofs range generators are fixed and setup-free,,measured,specialized Bulletproofs range baseline; validate bundle before paper reporting,measurement,true,false,unsupported,{},,,,,,
151be825-5ccc-44c6-83c2-fcd9a9f9641d,2026-08-09T03:24:50.869638+00:00,C4-BULLETPROOFS-SPECIALIZED,bulletproofs-range-pilot-v1,private_swap,bulletproofs-5.0.0-ristretto,47bfac70c1d6594282e7d744ebd8fa5bb594e5d3,bbc0b1a10dec6a35e8a7bb12148f97382d31ec9a72801a9734eae70aae800557,2825107923742681271,1,36,range32-aggregate,"{""range_bits"":32}",2,2,4,16,key_load,,,,,,,,,,,,,,phase,,,true,wrong_public_input,,the range-proof API has no serialized proving or verification key,,measured,specialized Bulletproofs range baseline; validate bundle before paper reporting,measurement,true,false,unsupported,{},,,,,,
151be825-5ccc-44c6-83c2-fcd9a9f9641d,2026-08-09T03:24:50.869653+00:00,C4-BULLETPROOFS-SPECIALIZED,bulletproofs-range-pilot-v1,private_swap,bulletproofs-5.0.0-ristretto,47bfac70c1d6594282e7d744ebd8fa5bb594e5d3,bbc0b1a10dec6a35e8a7bb12148f97382d31ec9a72801a9734eae70aae800557,2825107923742681271,1,36,range32-aggregate,"{""range_bits"":32}",2,2,4,16,witness,0.516837,,,,,,,,,,,,,phase,,,true,wrong_public_input,,,,measured,specialized Bulletproofs range baseline; validate bundle before paper reporting,measurement,true,true,ok,"{""aggregate_values"":4.0,""range_bits"":32.0}",,,,,,
151be825-5ccc-44c6-83c2-fcd9a9f9641d,2026-08-09T03:24:50.869668+00:00,C4-BULLETPROOFS-SPECIALIZED,bulletproofs-range-pilot-v1,private_swap,bulletproofs-5.0.0-ristretto,47bfac70c1d6594282e7d744ebd8fa5bb594e5d3,bbc0b1a10dec6a35e8a7bb12148f97382d31ec9a72801a9734eae70aae800557,2825107923742681271,1,36,range32-aggregate,"{""range_bits"":32}",2,2,4,16,prove_total,14.609954,,,,,,,,,,,,,phase,,,true,wrong_public_input,,,,measured,specialized Bulletproofs range baseline; validate bundle before paper reporting,measurement,true,true,ok,"{""aggregate_values"":4.0,""range_bits"":32.0}",,,,,,
151be825-5ccc-44c6-83c2-fcd9a9f9641d,2026-08-09T03:24:50.869682+00:00,C4-BULLETPROOFS-SPECIALIZED,bulletproofs-range-pilot-v1,private_swap,bulletproofs-5.0.0-ristretto,47bfac70c1d6594282e7d744ebd8fa5bb594e5d3,bbc0b1a10dec6a35e8a7bb12148f97382d31ec9a72801a9734eae70aae800557,2825107923742681271,1,36,range32-aggregate,"{""range_bits"":32}",2,2,4,16,serialize,0.001764,,,,,,,,,,,,,phase,,,true,wrong_public_input,,,,measured,specialized Bulletproofs range baseline; validate bundle before paper reporting,measurement,true,true,ok,"{""proof_bytes"":736.0}",,,,,,
151be825-5ccc-44c6-83c2-fcd9a9f9641d,2026-08-09T03:24:50.869697+00:00,C4-BULLETPROOFS-SPECIALIZED,bulletproofs-range-pilot-v1,private_swap,bulletproofs-5.0.0-ristretto,47bfac70c1d6594282e7d744ebd8fa5bb594e5d3,bbc0b1a10dec6a35e8a7bb12148f97382d31ec9a72801a9734eae70aae800557,2825107923742681271,1,36,range32-aggregate,"{""range_bits"":32}",2,2,4,16,verify_core,1.701506,,,,,,,,,,,,,phase,,,true,wrong_public_input,1.701506,,,measured,specialized Bulletproofs range baseline; validate bundle before paper reporting,measurement,true,true,ok,"{""aggregate_values"":4.0}",,,,,,
151be825-5ccc-44c6-83c2-fcd9a9f9641d,2026-08-09T03:24:50.869711+00:00,C4-BULLETPROOFS-SPECIALIZED,bulletproofs-range-pilot-v1,private_swap,bulletproofs-5.0.0-ristretto,47bfac70c1d6594282e7d744ebd8fa5bb594e5d3,bbc0b1a10dec6a35e8a7bb12148f97382d31ec9a72801a9734eae70aae800557,2825107923742681271,1,36,range32-aggregate,"{""range_bits"":32}",2,2,4,16,verify_total,1.701506,,,,,,,,,,,,,phase,,,true,wrong_public_input,,,,measured,specialized Bulletproofs range baseline; validate bundle before paper reporting,measurement,true,true,ok,{},,,,,,
151be825-5ccc-44c6-83c2-fcd9a9f9641d,2026-08-09T03:24:50.869723+00:00,C4-BULLETPROOFS-SPECIALIZED,bulletproofs-range-pilot-v1,private_swap,bulletproofs-5.0.0-ristretto,47bfac70c1d6594282e7d744ebd8fa5bb594e5d3,bbc0b1a10dec6a35e8a7bb12148f97382d31ec9a72801a9734eae70aae800557,2825107923742681271,1,36,range32-aggregate,"{""range_bits"":32}",2,2,4,16,invalid_reject,1.701506,,,,,,,,,,,,,phase,,,true,wrong_public_input,,,,measured,specialized Bulletproofs range baseline; validate bundle before paper reporting,measurement,true,true,ok,"{""aggregate_values"":4.0}",,,,,,
151be825-5ccc-44c6-83c2-fcd9a9f9641d,2026-08-09T03:24:50.869737+00:00,C4-BULLETPROOFS-SPECIALIZED,bulletproofs-range-pilot-v1,private_swap,bulletproofs-5.0.0-ristretto,47bfac70c1d6594282e7d744ebd8fa5bb594e5d3,bbc0b1a10dec6a35e8a7bb12148f97382d31ec9a72801a9734eae70aae800557,2825107923742681271,1,36,range32-aggregate,"{""range_bits"":32}",2,2,4,16,adapter_process_wall,69.002679,10.000000,3.093750,736,false,0,cryptographic_rejection,381,956,,,,linux-procfs,process,,,true,wrong_public_input,,"Linux procfs read failed: [Errno 13] Permission denied: '/proc/517/io'; private commit and per-process swap I/O are unavailable; VmSwap reports allocation, not swap traffic; No documented hardware or OS energy counter is configured in WSL2",,measured,specialized Bulletproofs range baseline; validate bundle before paper reporting,measurement,true,true,ok,{},128,4,128,range_bits,5.0,12
87ea0fe1-2a2c-4c03-a6cf-fa1cdae6ae59,2026-08-09T03:24:50.954863+00:00,C4-BULLETPROOFS-SPECIALIZED,bulletproofs-range-pilot-v1,private_swap,bulletproofs-5.0.0-ristretto,47bfac70c1d6594282e7d744ebd8fa5bb594e5d3,bbc0b1a10dec6a35e8a7bb12148f97382d31ec9a72801a9734eae70aae800557,6596072516607906716,2,37,range32-aggregate,"{""range_bits"":32}",4,4,4,16,native_execution,0.169265,,,,,,,,,,,,,phase,,,true,,,,,measured,specialized Bulletproofs range baseline; validate bundle before paper reporting,measurement,true,true,ok,"{""aggregate_values"":8.0,""application_units"":4.0,""fixture_digest"":1785456011327426.0,""range_bits"":32.0}",,,,,,
87ea0fe1-2a2c-4c03-a6cf-fa1cdae6ae59,2026-08-09T03:24:50.954968+00:00,C4-BULLETPROOFS-SPECIALIZED,bulletproofs-range-pilot-v1,private_swap,bulletproofs-5.0.0-ristretto,47bfac70c1d6594282e7d744ebd8fa5bb594e5d3,bbc0b1a10dec6a35e8a7bb12148f97382d31ec9a72801a9734eae70aae800557,6596072516607906716,2,37,range32-aggregate,"{""range_bits"":32}",4,4,4,16,setup_or_preprocess,,,,,,,,,,,,,,phase,,,true,,,Bulletproofs range generators are fixed and setup-free,,measured,specialized Bulletproofs range baseline; validate bundle before paper reporting,measurement,true,false,unsupported,{},,,,,,
87ea0fe1-2a2c-4c03-a6cf-fa1cdae6ae59,2026-08-09T03:24:50.954988+00:00,C4-BULLETPROOFS-SPECIALIZED,bulletproofs-range-pilot-v1,private_swap,bulletproofs-5.0.0-ristretto,47bfac70c1d6594282e7d744ebd8fa5bb594e5d3,bbc0b1a10dec6a35e8a7bb12148f97382d31ec9a72801a9734eae70aae800557,6596072516607906716,2,37,range32-aggregate,"{""range_bits"":32}",4,4,4,16,key_load,,,,,,,,,,,,,,phase,,,true,,,the range-proof API has no serialized proving or verification key,,measured,specialized Bulletproofs range baseline; validate bundle before paper reporting,measurement,true,false,unsupported,{},,,,,,
87ea0fe1-2a2c-4c03-a6cf-fa1cdae6ae59,2026-08-09T03:24:50.955004+00:00,C4-BULLETPROOFS-SPECIALIZED,bulletproofs-range-pilot-v1,private_swap,bulletproofs-5.0.0-ristretto,47bfac70c1d6594282e7d744ebd8fa5bb594e5d3,bbc0b1a10dec6a35e8a7bb12148f97382d31ec9a72801a9734eae70aae800557,6596072516607906716,2,37,range32-aggregate,"{""range_bits"":32}",4,4,4,16,witness,0.539298,,,,,,,,,,,,,phase,,,true,,,,,measured,specialized Bulletproofs range baseline; validate bundle before paper reporting,measurement,true,true,ok,"{""aggregate_values"":8.0,""range_bits"":32.0}",,,,,,
87ea0fe1-2a2c-4c03-a6cf-fa1cdae6ae59,2026-08-09T03:24:50.955019+00:00,C4-BULLETPROOFS-SPECIALIZED,bulletproofs-range-pilot-v1,private_swap,bulletproofs-5.0.0-ristretto,47bfac70c1d6594282e7d744ebd8fa5bb594e5d3,bbc0b1a10dec6a35e8a7bb12148f97382d31ec9a72801a9734eae70aae800557,6596072516607906716,2,37,range32-aggregate,"{""range_bits"":32}",4,4,4,16,prove_total,26.112537,,,,,,,,,,,,,phase,,,true,,,,,measured,specialized Bulletproofs range baseline; validate bundle before paper reporting,measurement,true,true,ok,"{""aggregate_values"":8.0,""range_bits"":32.0}",,,,,,
87ea0fe1-2a2c-4c03-a6cf-fa1cdae6ae59,2026-08-09T03:24:50.955034+00:00,C4-BULLETPROOFS-SPECIALIZED,bulletproofs-range-pilot-v1,private_swap,bulletproofs-5.0.0-ristretto,47bfac70c1d6594282e7d744ebd8fa5bb594e5d3,bbc0b1a10dec6a35e8a7bb12148f97382d31ec9a72801a9734eae70aae800557,6596072516607906716,2,37,range32-aggregate,"{""range_bits"":32}",4,4,4,16,serialize,0.002114,,,,,,,,,,,,,phase,,,true,,,,,measured,specialized Bulletproofs range baseline; validate bundle before paper reporting,measurement,true,true,ok,"{""proof_bytes"":800.0}",,,,,,
87ea0fe1-2a2c-4c03-a6cf-fa1cdae6ae59,2026-08-09T03:24:50.955047+00:00,C4-BULLETPROOFS-SPECIALIZED,bulletproofs-range-pilot-v1,private_swap,bulletproofs-5.0.0-ristretto,47bfac70c1d6594282e7d744ebd8fa5bb594e5d3,bbc0b1a10dec6a35e8a7bb12148f97382d31ec9a72801a9734eae70aae800557,6596072516607906716,2,37,range32-aggregate,"{""range_bits"":32}",4,4,4,16,verify_core,2.971360,,,,,,,,,,,,,phase,,,true,,,,,measured,specialized Bulletproofs range baseline; validate bundle before paper reporting,measurement,true,true,ok,"{""aggregate_values"":8.0}",,,,,,
87ea0fe1-2a2c-4c03-a6cf-fa1cdae6ae59,2026-08-09T03:24:50.955061+00:00,C4-BULLETPROOFS-SPECIALIZED,bulletproofs-range-pilot-v1,private_swap,bulletproofs-5.0.0-ristretto,47bfac70c1d6594282e7d744ebd8fa5bb594e5d3,bbc0b1a10dec6a35e8a7bb12148f97382d31ec9a72801a9734eae70aae800557,6596072516607906716,2,37,range32-aggregate,"{""range_bits"":32}",4,4,4,16,verify_total,2.971360,,,,,,,,,,,,,phase,,,true,,,,,measured,specialized Bulletproofs range baseline; validate bundle before paper reporting,measurement,true,true,ok,{},,,,,,
87ea0fe1-2a2c-4c03-a6cf-fa1cdae6ae59,2026-08-09T03:24:50.955074+00:00,C4-BULLETPROOFS-SPECIALIZED,bulletproofs-range-pilot-v1,private_swap,bulletproofs-5.0.0-ristretto,47bfac70c1d6594282e7d744ebd8fa5bb594e5d3,bbc0b1a10dec6a35e8a7bb12148f97382d31ec9a72801a9734eae70aae800557,6596072516607906716,2,37,range32-aggregate,"{""range_bits"":32}",4,4,4,16,adapter_process_wall,84.188277,30.000000,3.316406,800,true,0,,428,956,,,,linux-procfs,process,,,true,,,"Linux procfs read failed: [Errno 13] Permission denied: '/proc/519/io'; private commit and per-process swap I/O are unavailable; VmSwap reports allocation, not swap traffic; No documented hardware or OS energy counter is configured in WSL2",,measured,specialized Bulletproofs range baseline; validate bundle before paper reporting,measurement,true,true,ok,{},256,8,256,range_bits,5.0,15
75841801-8272-4468-849e-a42b2ede885e,2026-08-09T03:24:51.042556+00:00,C4-BULLETPROOFS-SPECIALIZED,bulletproofs-range-pilot-v1,private_swap,bulletproofs-5.0.0-ristretto,47bfac70c1d6594282e7d744ebd8fa5bb594e5d3,bbc0b1a10dec6a35e8a7bb12148f97382d31ec9a72801a9734eae70aae800557,8401108501530052147,1,38,range32-aggregate,"{""range_bits"":32}",4,4,1,16,native_execution,0.261246,,,,,,,,,,,,,phase,,,true,,,,,measured,specialized Bulletproofs range baseline; validate bundle before paper reporting,measurement,true,true,ok,"{""aggregate_values"":8.0,""application_units"":4.0,""fixture_digest"":8681931192087.0,""range_bits"":32.0}",,,,,,
75841801-8272-4468-849e-a42b2ede885e,2026-08-09T03:24:51.042659+00:00,C4-BULLETPROOFS-SPECIALIZED,bulletproofs-range-pilot-v1,private_swap,bulletproofs-5.0.0-ristretto,47bfac70c1d6594282e7d744ebd8fa5bb594e5d3,bbc0b1a10dec6a35e8a7bb12148f97382d31ec9a72801a9734eae70aae800557,8401108501530052147,1,38,range32-aggregate,"{""range_bits"":32}",4,4,1,16,setup_or_preprocess,,,,,,,,,,,,,,phase,,,true,,,Bulletproofs range generators are fixed and setup-free,,measured,specialized Bulletproofs range baseline; validate bundle before paper reporting,measurement,true,false,unsupported,{},,,,,,
75841801-8272-4468-849e-a42b2ede885e,2026-08-09T03:24:51.042679+00:00,C4-BULLETPROOFS-SPECIALIZED,bulletproofs-range-pilot-v1,private_swap,bulletproofs-5.0.0-ristretto,47bfac70c1d6594282e7d744ebd8fa5bb594e5d3,bbc0b1a10dec6a35e8a7bb12148f97382d31ec9a72801a9734eae70aae800557,8401108501530052147,1,38,range32-aggregate,"{""range_bits"":32}",4,4,1,16,key_load,,,,,,,,,,,,,,phase,,,true,,,the range-proof API has no serialized proving or verification key,,measured,specialized Bulletproofs range baseline; validate bundle before paper reporting,measurement,true,false,unsupported,{},,,,,,
75841801-8272-4468-849e-a42b2ede885e,2026-08-09T03:24:51.042693+00:00,C4-BULLETPROOFS-SPECIALIZED,bulletproofs-range-pilot-v1,private_swap,bulletproofs-5.0.0-ristretto,47bfac70c1d6594282e7d744ebd8fa5bb594e5d3,bbc0b1a10dec6a35e8a7bb12148f97382d31ec9a72801a9734eae70aae800557,8401108501530052147,1,38,range32-aggregate,"{""range_bits"":32}",4,4,1,16,witness,0.479452,,,,,,,,,,,,,phase,,,true,,,,,measured,specialized Bulletproofs range baseline; validate bundle before paper reporting,measurement,true,true,ok,"{""aggregate_values"":8.0,""range_bits"":32.0}",,,,,,
75841801-8272-4468-849e-a42b2ede885e,2026-08-09T03:24:51.042708+00:00,C4-BULLETPROOFS-SPECIALIZED,bulletproofs-range-pilot-v1,private_swap,bulletproofs-5.0.0-ristretto,47bfac70c1d6594282e7d744ebd8fa5bb594e5d3,bbc0b1a10dec6a35e8a7bb12148f97382d31ec9a72801a9734eae70aae800557,8401108501530052147,1,38,range32-aggregate,"{""range_bits"":32}",4,4,1,16,prove_total,27.716702,,,,,,,,,,,,,phase,,,true,,,,,measured,specialized Bulletproofs range baseline; validate bundle before paper reporting,measurement,true,true,ok,"{""aggregate_values"":8.0,""range_bits"":32.0}",,,,,,
75841801-8272-4468-849e-a42b2ede885e,2026-08-09T03:24:51.042722+00:00,C4-BULLETPROOFS-SPECIALIZED,bulletproofs-range-pilot-v1,private_swap,bulletproofs-5.0.0-ristretto,47bfac70c1d6594282e7d744ebd8fa5bb594e5d3,bbc0b1a10dec6a35e8a7bb12148f97382d31ec9a72801a9734eae70aae800557,8401108501530052147,1,38,range32-aggregate,"{""range_bits"":32}",4,4,1,16,serialize,0.002534,,,,,,,,,,,,,phase,,,true,,,,,measured,specialized Bulletproofs range baseline; validate bundle before paper reporting,measurement,true,true,ok,"{""proof_bytes"":800.0}",,,,,,
75841801-8272-4468-849e-a42b2ede885e,2026-08-09T03:24:51.042737+00:00,C4-BULLETPROOFS-SPECIALIZED,bulletproofs-range-pilot-v1,private_swap,bulletproofs-5.0.0-ristretto,47bfac70c1d6594282e7d744ebd8fa5bb594e5d3,bbc0b1a10dec6a35e8a7bb12148f97382d31ec9a72801a9734eae70aae800557,8401108501530052147,1,38,range32-aggregate,"{""range_bits"":32}",4,4,1,16,verify_core,2.926426,,,,,,,,,,,,,phase,,,true,,,,,measured,specialized Bulletproofs range baseline; validate bundle before paper reporting,measurement,true,true,ok,"{""aggregate_values"":8.0}",,,,,,
75841801-8272-4468-849e-a42b2ede885e,2026-08-09T03:24:51.042752+00:00,C4-BULLETPROOFS-SPECIALIZED,bulletproofs-range-pilot-v1,private_swap,bulletproofs-5.0.0-ristretto,47bfac70c1d6594282e7d744ebd8fa5bb594e5d3,bbc0b1a10dec6a35e8a7bb12148f97382d31ec9a72801a9734eae70aae800557,8401108501530052147,1,38,range32-aggregate,"{""range_bits"":32}",4,4,1,16,verify_total,2.926426,,,,,,,,,,,,,phase,,,true,,,,,measured,specialized Bulletproofs range baseline; validate bundle before paper reporting,measurement,true,true,ok,{},,,,,,
75841801-8272-4468-849e-a42b2ede885e,2026-08-09T03:24:51.042765+00:00,C4-BULLETPROOFS-SPECIALIZED,bulletproofs-range-pilot-v1,private_swap,bulletproofs-5.0.0-ristretto,47bfac70c1d6594282e7d744ebd8fa5bb594e5d3,bbc0b1a10dec6a35e8a7bb12148f97382d31ec9a72801a9734eae70aae800557,8401108501530052147,1,38,range32-aggregate,"{""range_bits"":32}",4,4,1,16,adapter_process_wall,86.501184,30.000000,3.300781,800,true,0,,434,956,,,,linux-procfs,process,,,true,,,"private commit and per-process swap I/O are unavailable; VmSwap reports allocation, not swap traffic; No documented hardware or OS energy counter is configured in WSL2",,measured,specialized Bulletproofs range baseline; validate bundle before paper reporting,measurement,true,true,ok,{},256,8,256,range_bits,5.0,16
a43a94d8-4594-4672-abd8-a98a257478ea,2026-08-09T03:24:51.118541+00:00,C4-BULLETPROOFS-SPECIALIZED,bulletproofs-range-pilot-v1,private_swap,bulletproofs-5.0.0-ristretto,47bfac70c1d6594282e7d744ebd8fa5bb594e5d3,bbc0b1a10dec6a35e8a7bb12148f97382d31ec9a72801a9734eae70aae800557,711704219960756649,0,39,range32-aggregate,"{""range_bits"":32}",2,2,1,16,native_execution,0.166149,,,,,,,,,,,,,phase,,,true,wrong_public_input,,,,measured,specialized Bulletproofs range baseline; validate bundle before paper reporting,measurement,true,true,ok,"{""aggregate_values"":4.0,""application_units"":2.0,""fixture_digest"":735277593794984.0,""range_bits"":32.0}",,,,,,
a43a94d8-4594-4672-abd8-a98a257478ea,2026-08-09T03:24:51.118606+00:00,C4-BULLETPROOFS-SPECIALIZED,bulletproofs-range-pilot-v1,private_swap,bulletproofs-5.0.0-ristretto,47bfac70c1d6594282e7d744ebd8fa5bb594e5d3,bbc0b1a10dec6a35e8a7bb12148f97382d31ec9a72801a9734eae70aae800557,711704219960756649,0,39,range32-aggregate,"{""range_bits"":32}",2,2,1,16,setup_or_preprocess,,,,,,,,,,,,,,phase,,,true,wrong_public_input,,Bulletproofs range generators are fixed and setup-free,,measured,specialized Bulletproofs range baseline; validate bundle before paper reporting,measurement,true,false,unsupported,{},,,,,,
a43a94d8-4594-4672-abd8-a98a257478ea,2026-08-09T03:24:51.118625+00:00,C4-BULLETPROOFS-SPECIALIZED,bulletproofs-range-pilot-v1,private_swap,bulletproofs-5.0.0-ristretto,47bfac70c1d6594282e7d744ebd8fa5bb594e5d3,bbc0b1a10dec6a35e8a7bb12148f97382d31ec9a72801a9734eae70aae800557,711704219960756649,0,39,range32-aggregate,"{""range_bits"":32}",2,2,1,16,key_load,,,,,,,,,,,,,,phase,,,true,wrong_public_input,,the range-proof API has no serialized proving or verification key,,measured,specialized Bulletproofs range baseline; validate bundle before paper reporting,measurement,true,false,unsupported,{},,,,,,
a43a94d8-4594-4672-abd8-a98a257478ea,2026-08-09T03:24:51.118639+00:00,C4-BULLETPROOFS-SPECIALIZED,bulletproofs-range-pilot-v1,private_swap,bulletproofs-5.0.0-ristretto,47bfac70c1d6594282e7d744ebd8fa5bb594e5d3,bbc0b1a10dec6a35e8a7bb12148f97382d31ec9a72801a9734eae70aae800557,711704219960756649,0,39,range32-aggregate,"{""range_bits"":32}",2,2,1,16,witness,0.449307,,,,,,,,,,,,,phase,,,true,wrong_public_input,,,,measured,specialized Bulletproofs range baseline; validate bundle before paper reporting,measurement,true,true,ok,"{""aggregate_values"":4.0,""range_bits"":32.0}",,,,,,
a43a94d8-4594-4672-abd8-a98a257478ea,2026-08-09T03:24:51.118653+00:00,C4-BULLETPROOFS-SPECIALIZED,bulletproofs-range-pilot-v1,private_swap,bulletproofs-5.0.0-ristretto,47bfac70c1d6594282e7d744ebd8fa5bb594e5d3,bbc0b1a10dec6a35e8a7bb12148f97382d31ec9a72801a9734eae70aae800557,711704219960756649,0,39,range32-aggregate,"{""range_bits"":32}",2,2,1,16,prove_total,14.252449,,,,,,,,,,,,,phase,,,true,wrong_public_input,,,,measured,specialized Bulletproofs range baseline; validate bundle before paper reporting,measurement,true,true,ok,"{""aggregate_values"":4.0,""range_bits"":32.0}",,,,,,
a43a94d8-4594-4672-abd8-a98a257478ea,2026-08-09T03:24:51.118667+00:00,C4-BULLETPROOFS-SPECIALIZED,bulletproofs-range-pilot-v1,private_swap,bulletproofs-5.0.0-ristretto,47bfac70c1d6594282e7d744ebd8fa5bb594e5d3,bbc0b1a10dec6a35e8a7bb12148f97382d31ec9a72801a9734eae70aae800557,711704219960756649,0,39,range32-aggregate,"{""range_bits"":32}",2,2,1,16,serialize,0.002104,,,,,,,,,,,,,phase,,,true,wrong_public_input,,,,measured,specialized Bulletproofs range baseline; validate bundle before paper reporting,measurement,true,true,ok,"{""proof_bytes"":736.0}",,,,,,
a43a94d8-4594-4672-abd8-a98a257478ea,2026-08-09T03:24:51.118681+00:00,C4-BULLETPROOFS-SPECIALIZED,bulletproofs-range-pilot-v1,private_swap,bulletproofs-5.0.0-ristretto,47bfac70c1d6594282e7d744ebd8fa5bb594e5d3,bbc0b1a10dec6a35e8a7bb12148f97382d31ec9a72801a9734eae70aae800557,711704219960756649,0,39,range32-aggregate,"{""range_bits"":32}",2,2,1,16,verify_core,1.878225,,,,,,,,,,,,,phase,,,true,wrong_public_input,1.878225,,,measured,specialized Bulletproofs range baseline; validate bundle before paper reporting,measurement,true,true,ok,"{""aggregate_values"":4.0}",,,,,,
a43a94d8-4594-4672-abd8-a98a257478ea,2026-08-09T03:24:51.118694+00:00,C4-BULLETPROOFS-SPECIALIZED,bulletproofs-range-pilot-v1,private_swap,bulletproofs-5.0.0-ristretto,47bfac70c1d6594282e7d744ebd8fa5bb594e5d3,bbc0b1a10dec6a35e8a7bb12148f97382d31ec9a72801a9734eae70aae800557,711704219960756649,0,39,range32-aggregate,"{""range_bits"":32}",2,2,1,16,verify_total,1.878225,,,,,,,,,,,,,phase,,,true,wrong_public_input,,,,measured,specialized Bulletproofs range baseline; validate bundle before paper reporting,measurement,true,true,ok,{},,,,,,
a43a94d8-4594-4672-abd8-a98a257478ea,2026-08-09T03:24:51.118707+00:00,C4-BULLETPROOFS-SPECIALIZED,bulletproofs-range-pilot-v1,private_swap,bulletproofs-5.0.0-ristretto,47bfac70c1d6594282e7d744ebd8fa5bb594e5d3,bbc0b1a10dec6a35e8a7bb12148f97382d31ec9a72801a9734eae70aae800557,711704219960756649,0,39,range32-aggregate,"{""range_bits"":32}",2,2,1,16,invalid_reject,1.878225,,,,,,,,,,,,,phase,,,true,wrong_public_input,,,,measured,specialized Bulletproofs range baseline; validate bundle before paper reporting,measurement,true,true,ok,"{""aggregate_values"":4.0}",,,,,,
a43a94d8-4594-4672-abd8-a98a257478ea,2026-08-09T03:24:51.118720+00:00,C4-BULLETPROOFS-SPECIALIZED,bulletproofs-range-pilot-v1,private_swap,bulletproofs-5.0.0-ristretto,47bfac70c1d6594282e7d744ebd8fa5bb594e5d3,bbc0b1a10dec6a35e8a7bb12148f97382d31ec9a72801a9734eae70aae800557,711704219960756649,0,39,range32-aggregate,"{""range_bits"":32}",2,2,1,16,adapter_process_wall,74.819736,20.000000,3.113281,736,false,0,cryptographic_rejection,379,956,,,,linux-procfs,process,,,true,wrong_public_input,,"private commit and per-process swap I/O are unavailable; VmSwap reports allocation, not swap traffic; No documented hardware or OS energy counter is configured in WSL2",,measured,specialized Bulletproofs range baseline; validate bundle before paper reporting,measurement,true,true,ok,{},128,4,128,range_bits,5.0,14
373a852f-ac11-47d3-a9d0-93ab058ce988,2026-08-09T03:24:51.206052+00:00,C4-BULLETPROOFS-SPECIALIZED,bulletproofs-range-pilot-v1,private_swap,bulletproofs-5.0.0-ristretto,47bfac70c1d6594282e7d744ebd8fa5bb594e5d3,bbc0b1a10dec6a35e8a7bb12148f97382d31ec9a72801a9734eae70aae800557,785546399688614359,0,40,range32-aggregate,"{""range_bits"":32}",4,4,1,16,native_execution,0.318302,,,,,,,,,,,,,phase,,,true,,,,,measured,specialized Bulletproofs range baseline; validate bundle before paper reporting,measurement,true,true,ok,"{""aggregate_values"":8.0,""application_units"":4.0,""fixture_digest"":3636054771676303.0,""range_bits"":32.0}",,,,,,
373a852f-ac11-47d3-a9d0-93ab058ce988,2026-08-09T03:24:51.206161+00:00,C4-BULLETPROOFS-SPECIALIZED,bulletproofs-range-pilot-v1,private_swap,bulletproofs-5.0.0-ristretto,47bfac70c1d6594282e7d744ebd8fa5bb594e5d3,bbc0b1a10dec6a35e8a7bb12148f97382d31ec9a72801a9734eae70aae800557,785546399688614359,0,40,range32-aggregate,"{""range_bits"":32}",4,4,1,16,setup_or_preprocess,,,,,,,,,,,,,,phase,,,true,,,Bulletproofs range generators are fixed and setup-free,,measured,specialized Bulletproofs range baseline; validate bundle before paper reporting,measurement,true,false,unsupported,{},,,,,,
373a852f-ac11-47d3-a9d0-93ab058ce988,2026-08-09T03:24:51.206181+00:00,C4-BULLETPROOFS-SPECIALIZED,bulletproofs-range-pilot-v1,private_swap,bulletproofs-5.0.0-ristretto,47bfac70c1d6594282e7d744ebd8fa5bb594e5d3,bbc0b1a10dec6a35e8a7bb12148f97382d31ec9a72801a9734eae70aae800557,785546399688614359,0,40,range32-aggregate,"{""range_bits"":32}",4,4,1,16,key_load,,,,,,,,,,,,,,phase,,,true,,,the range-proof API has no serialized proving or verification key,,measured,specialized Bulletproofs range baseline; validate bundle before paper reporting,measurement,true,false,unsupported,{},,,,,,
373a852f-ac11-47d3-a9d0-93ab058ce988,2026-08-09T03:24:51.206197+00:00,C4-BULLETPROOFS-SPECIALIZED,bulletproofs-range-pilot-v1,private_swap,bulletproofs-5.0.0-ristretto,47bfac70c1d6594282e7d744ebd8fa5bb594e5d3,bbc0b1a10dec6a35e8a7bb12148f97382d31ec9a72801a9734eae70aae800557,785546399688614359,0,40,range32-aggregate,"{""range_bits"":32}",4,4,1,16,witness,0.477368,,,,,,,,,,,,,phase,,,true,,,,,measured,specialized Bulletproofs range baseline; validate bundle before paper reporting,measurement,true,true,ok,"{""aggregate_values"":8.0,""range_bits"":32.0}",,,,,,
373a852f-ac11-47d3-a9d0-93ab058ce988,2026-08-09T03:24:51.206213+00:00,C4-BULLETPROOFS-SPECIALIZED,bulletproofs-range-pilot-v1,private_swap,bulletproofs-5.0.0-ristretto,47bfac70c1d6594282e7d744ebd8fa5bb594e5d3,bbc0b1a10dec6a35e8a7bb12148f97382d31ec9a72801a9734eae70aae800557,785546399688614359,0,40,range32-aggregate,"{""range_bits"":32}",4,4,1,16,prove_total,27.638332,,,,,,,,,,,,,phase,,,true,,,,,measured,specialized Bulletproofs range baseline; validate bundle before paper reporting,measurement,true,true,ok,"{""aggregate_values"":8.0,""range_bits"":32.0}",,,,,,
373a852f-ac11-47d3-a9d0-93ab058ce988,2026-08-09T03:24:51.206228+00:00,C4-BULLETPROOFS-SPECIALIZED,bulletproofs-range-pilot-v1,private_swap,bulletproofs-5.0.0-ristretto,47bfac70c1d6594282e7d744ebd8fa5bb594e5d3,bbc0b1a10dec6a35e8a7bb12148f97382d31ec9a72801a9734eae70aae800557,785546399688614359,0,40,range32-aggregate,"{""range_bits"":32}",4,4,1,16,serialize,0.002384,,,,,,,,,,,,,phase,,,true,,,,,measured,specialized Bulletproofs range baseline; validate bundle before paper reporting,measurement,true,true,ok,"{""proof_bytes"":800.0}",,,,,,
373a852f-ac11-47d3-a9d0-93ab058ce988,2026-08-09T03:24:51.206275+00:00,C4-BULLETPROOFS-SPECIALIZED,bulletproofs-range-pilot-v1,private_swap,bulletproofs-5.0.0-ristretto,47bfac70c1d6594282e7d744ebd8fa5bb594e5d3,bbc0b1a10dec6a35e8a7bb12148f97382d31ec9a72801a9734eae70aae800557,785546399688614359,0,40,range32-aggregate,"{""range_bits"":32}",4,4,1,16,verify_core,3.176683,,,,,,,,,,,,,phase,,,true,,,,,measured,specialized Bulletproofs range baseline; validate bundle before paper reporting,measurement,true,true,ok,"{""aggregate_values"":8.0}",,,,,,
373a852f-ac11-47d3-a9d0-93ab058ce988,2026-08-09T03:24:51.206298+00:00,C4-BULLETPROOFS-SPECIALIZED,bulletproofs-range-pilot-v1,private_swap,bulletproofs-5.0.0-ristretto,47bfac70c1d6594282e7d744ebd8fa5bb594e5d3,bbc0b1a10dec6a35e8a7bb12148f97382d31ec9a72801a9734eae70aae800557,785546399688614359,0,40,range32-aggregate,"{""range_bits"":32}",4,4,1,16,verify_total,3.176683,,,,,,,,,,,,,phase,,,true,,,,,measured,specialized Bulletproofs range baseline; validate bundle before paper reporting,measurement,true,true,ok,{},,,,,,
373a852f-ac11-47d3-a9d0-93ab058ce988,2026-08-09T03:24:51.206313+00:00,C4-BULLETPROOFS-SPECIALIZED,bulletproofs-range-pilot-v1,private_swap,bulletproofs-5.0.0-ristretto,47bfac70c1d6594282e7d744ebd8fa5bb594e5d3,bbc0b1a10dec6a35e8a7bb12148f97382d31ec9a72801a9734eae70aae800557,785546399688614359,0,40,range32-aggregate,"{""range_bits"":32}",4,4,1,16,adapter_process_wall,86.558627,30.000000,3.273438,800,true,0,,431,956,,,,linux-procfs,process,,,true,,,"private commit and per-process swap I/O are unavailable; VmSwap reports allocation, not swap traffic; No documented hardware or OS energy counter is configured in WSL2",,measured,specialized Bulletproofs range baseline; validate bundle before paper reporting,measurement,true,true,ok,{},256,8,256,range_bits,5.0,16
98b5364e-b3fd-439b-971a-8411a6422c29,2026-08-09T03:24:51.321975+00:00,C4-BULLETPROOFS-SPECIALIZED,bulletproofs-range-pilot-v1,private_swap,bulletproofs-5.0.0-ristretto,47bfac70c1d6594282e7d744ebd8fa5bb594e5d3,bbc0b1a10dec6a35e8a7bb12148f97382d31ec9a72801a9734eae70aae800557,3121132508496181812,2,41,range32-aggregate,"{""range_bits"":32}",8,8,2,16,native_execution,0.190244,,,,,,,,,,,,,phase,,,true,,,,,measured,specialized Bulletproofs range baseline; validate bundle before paper reporting,measurement,true,true,ok,"{""aggregate_values"":16.0,""application_units"":8.0,""fixture_digest"":1920988606054292.0,""range_bits"":32.0}",,,,,,
98b5364e-b3fd-439b-971a-8411a6422c29,2026-08-09T03:24:51.322093+00:00,C4-BULLETPROOFS-SPECIALIZED,bulletproofs-range-pilot-v1,private_swap,bulletproofs-5.0.0-ristretto,47bfac70c1d6594282e7d744ebd8fa5bb594e5d3,bbc0b1a10dec6a35e8a7bb12148f97382d31ec9a72801a9734eae70aae800557,3121132508496181812,2,41,range32-aggregate,"{""range_bits"":32}",8,8,2,16,setup_or_preprocess,,,,,,,,,,,,,,phase,,,true,,,Bulletproofs range generators are fixed and setup-free,,measured,specialized Bulletproofs range baseline; validate bundle before paper reporting,measurement,true,false,unsupported,{},,,,,,
98b5364e-b3fd-439b-971a-8411a6422c29,2026-08-09T03:24:51.322118+00:00,C4-BULLETPROOFS-SPECIALIZED,bulletproofs-range-pilot-v1,private_swap,bulletproofs-5.0.0-ristretto,47bfac70c1d6594282e7d744ebd8fa5bb594e5d3,bbc0b1a10dec6a35e8a7bb12148f97382d31ec9a72801a9734eae70aae800557,3121132508496181812,2,41,range32-aggregate,"{""range_bits"":32}",8,8,2,16,key_load,,,,,,,,,,,,,,phase,,,true,,,the range-proof API has no serialized proving or verification key,,measured,specialized Bulletproofs range baseline; validate bundle before paper reporting,measurement,true,false,unsupported,{},,,,,,
98b5364e-b3fd-439b-971a-8411a6422c29,2026-08-09T03:24:51.322136+00:00,C4-BULLETPROOFS-SPECIALIZED,bulletproofs-range-pilot-v1,private_swap,bulletproofs-5.0.0-ristretto,47bfac70c1d6594282e7d744ebd8fa5bb594e5d3,bbc0b1a10dec6a35e8a7bb12148f97382d31ec9a72801a9734eae70aae800557,3121132508496181812,2,41,range32-aggregate,"{""range_bits"":32}",8,8,2,16,witness,0.479339,,,,,,,,,,,,,phase,,,true,,,,,measured,specialized Bulletproofs range baseline; validate bundle before paper reporting,measurement,true,true,ok,"{""aggregate_values"":16.0,""range_bits"":32.0}",,,,,,
98b5364e-b3fd-439b-971a-8411a6422c29,2026-08-09T03:24:51.322157+00:00,C4-BULLETPROOFS-SPECIALIZED,bulletproofs-range-pilot-v1,private_swap,bulletproofs-5.0.0-ristretto,47bfac70c1d6594282e7d744ebd8fa5bb594e5d3,bbc0b1a10dec6a35e8a7bb12148f97382d31ec9a72801a9734eae70aae800557,3121132508496181812,2,41,range32-aggregate,"{""range_bits"":32}",8,8,2,16,prove_total,51.437776,,,,,,,,,,,,,phase,,,true,,,,,measured,specialized Bulletproofs range baseline; validate bundle before paper reporting,measurement,true,true,ok,"{""aggregate_values"":16.0,""range_bits"":32.0}",,,,,,
98b5364e-b3fd-439b-971a-8411a6422c29,2026-08-09T03:24:51.322176+00:00,C4-BULLETPROOFS-SPECIALIZED,bulletproofs-range-pilot-v1,private_swap,bulletproofs-5.0.0-ristretto,47bfac70c1d6594282e7d744ebd8fa5bb594e5d3,bbc0b1a10dec6a35e8a7bb12148f97382d31ec9a72801a9734eae70aae800557,3121132508496181812,2,41,range32-aggregate,"{""range_bits"":32}",8,8,2,16,serialize,0.002575,,,,,,,,,,,,,phase,,,true,,,,,measured,specialized Bulletproofs range baseline; validate bundle before paper reporting,measurement,true,true,ok,"{""proof_bytes"":864.0}",,,,,,
98b5364e-b3fd-439b-971a-8411a6422c29,2026-08-09T03:24:51.322193+00:00,C4-BULLETPROOFS-SPECIALIZED,bulletproofs-range-pilot-v1,private_swap,bulletproofs-5.0.0-ristretto,47bfac70c1d6594282e7d744ebd8fa5bb594e5d3,bbc0b1a10dec6a35e8a7bb12148f97382d31ec9a72801a9734eae70aae800557,3121132508496181812,2,41,range32-aggregate,"{""range_bits"":32}",8,8,2,16,verify_core,5.532405,,,,,,,,,,,,,phase,,,true,,,,,measured,specialized Bulletproofs range baseline; validate bundle before paper reporting,measurement,true,true,ok,"{""aggregate_values"":16.0}",,,,,,
98b5364e-b3fd-439b-971a-8411a6422c29,2026-08-09T03:24:51.322210+00:00,C4-BULLETPROOFS-SPECIALIZED,bulletproofs-range-pilot-v1,private_swap,bulletproofs-5.0.0-ristretto,47bfac70c1d6594282e7d744ebd8fa5bb594e5d3,bbc0b1a10dec6a35e8a7bb12148f97382d31ec9a72801a9734eae70aae800557,3121132508496181812,2,41,range32-aggregate,"{""range_bits"":32}",8,8,2,16,verify_total,5.532405,,,,,,,,,,,,,phase,,,true,,,,,measured,specialized Bulletproofs range baseline; validate bundle before paper reporting,measurement,true,true,ok,{},,,,,,
98b5364e-b3fd-439b-971a-8411a6422c29,2026-08-09T03:24:51.322227+00:00,C4-BULLETPROOFS-SPECIALIZED,bulletproofs-range-pilot-v1,private_swap,bulletproofs-5.0.0-ristretto,47bfac70c1d6594282e7d744ebd8fa5bb594e5d3,bbc0b1a10dec6a35e8a7bb12148f97382d31ec9a72801a9734eae70aae800557,3121132508496181812,2,41,range32-aggregate,"{""range_bits"":32}",8,8,2,16,adapter_process_wall,114.714647,50.000000,3.601562,864,true,0,,646,956,,,,linux-procfs,process,,,true,,,"private commit and per-process swap I/O are unavailable; VmSwap reports allocation, not swap traffic; No documented hardware or OS energy counter is configured in WSL2",,measured,specialized Bulletproofs range baseline; validate bundle before paper reporting,measurement,true,true,ok,{},512,16,512,range_bits,5.0,21
376b4e47-7402-4a60-8e54-ace9134d5780,2026-08-09T03:24:51.408474+00:00,C4-BULLETPROOFS-SPECIALIZED,bulletproofs-range-pilot-v1,private_swap,bulletproofs-5.0.0-ristretto,47bfac70c1d6594282e7d744ebd8fa5bb594e5d3,bbc0b1a10dec6a35e8a7bb12148f97382d31ec9a72801a9734eae70aae800557,8971260524329520491,1,42,range32-aggregate,"{""range_bits"":32}",4,4,1,16,native_execution,0.179273,,,,,,,,,,,,,phase,,,true,wrong_public_input,,,,measured,specialized Bulletproofs range baseline; validate bundle before paper reporting,measurement,true,true,ok,"{""aggregate_values"":8.0,""application_units"":4.0,""fixture_digest"":1284350245230600.0,""range_bits"":32.0}",,,,,,
376b4e47-7402-4a60-8e54-ace9134d5780,2026-08-09T03:24:51.408550+00:00,C4-BULLETPROOFS-SPECIALIZED,bulletproofs-range-pilot-v1,private_swap,bulletproofs-5.0.0-ristretto,47bfac70c1d6594282e7d744ebd8fa5bb594e5d3,bbc0b1a10dec6a35e8a7bb12148f97382d31ec9a72801a9734eae70aae800557,8971260524329520491,1,42,range32-aggregate,"{""range_bits"":32}",4,4,1,16,setup_or_preprocess,,,,,,,,,,,,,,phase,,,true,wrong_public_input,,Bulletproofs range generators are fixed and setup-free,,measured,specialized Bulletproofs range baseline; validate bundle before paper reporting,measurement,true,false,unsupported,{},,,,,,
376b4e47-7402-4a60-8e54-ace9134d5780,2026-08-09T03:24:51.408573+00:00,C4-BULLETPROOFS-SPECIALIZED,bulletproofs-range-pilot-v1,private_swap,bulletproofs-5.0.0-ristretto,47bfac70c1d6594282e7d744ebd8fa5bb594e5d3,bbc0b1a10dec6a35e8a7bb12148f97382d31ec9a72801a9734eae70aae800557,8971260524329520491,1,42,range32-aggregate,"{""range_bits"":32}",4,4,1,16,key_load,,,,,,,,,,,,,,phase,,,true,wrong_public_input,,the range-proof API has no serialized proving or verification key,,measured,specialized Bulletproofs range baseline; validate bundle before paper reporting,measurement,true,false,unsupported,{},,,,,,
376b4e47-7402-4a60-8e54-ace9134d5780,2026-08-09T03:24:51.408592+00:00,C4-BULLETPROOFS-SPECIALIZED,bulletproofs-range-pilot-v1,private_swap,bulletproofs-5.0.0-ristretto,47bfac70c1d6594282e7d744ebd8fa5bb594e5d3,bbc0b1a10dec6a35e8a7bb12148f97382d31ec9a72801a9734eae70aae800557,8971260524329520491,1,42,range32-aggregate,"{""range_bits"":32}",4,4,1,16,witness,0.493128,,,,,,,,,,,,,phase,,,true,wrong_public_input,,,,measured,specialized Bulletproofs range baseline; validate bundle before paper reporting,measurement,true,true,ok,"{""aggregate_values"":8.0,""range_bits"":32.0}",,,,,,
376b4e47-7402-4a60-8e54-ace9134d5780,2026-08-09T03:24:51.408610+00:00,C4-BULLETPROOFS-SPECIALIZED,bulletproofs-range-pilot-v1,private_swap,bulletproofs-5.0.0-ristretto,47bfac70c1d6594282e7d744ebd8fa5bb594e5d3,bbc0b1a10dec6a35e8a7bb12148f97382d31ec9a72801a9734eae70aae800557,8971260524329520491,1,42,range32-aggregate,"{""range_bits"":32}",4,4,1,16,prove_total,26.488328,,,,,,,,,,,,,phase,,,true,wrong_public_input,,,,measured,specialized Bulletproofs range baseline; validate bundle before paper reporting,measurement,true,true,ok,"{""aggregate_values"":8.0,""range_bits"":32.0}",,,,,,
376b4e47-7402-4a60-8e54-ace9134d5780,2026-08-09T03:24:51.408627+00:00,C4-BULLETPROOFS-SPECIALIZED,bulletproofs-range-pilot-v1,private_swap,bulletproofs-5.0.0-ristretto,47bfac70c1d6594282e7d744ebd8fa5bb594e5d3,bbc0b1a10dec6a35e8a7bb12148f97382d31ec9a72801a9734eae70aae800557,8971260524329520491,1,42,range32-aggregate,"{""range_bits"":32}",4,4,1,16,serialize,0.002134,,,,,,,,,,,,,phase,,,true,wrong_public_input,,,,measured,specialized Bulletproofs range baseline; validate bundle before paper reporting,measurement,true,true,ok,"{""proof_bytes"":800.0}",,,,,,
376b4e47-7402-4a60-8e54-ace9134d5780,2026-08-09T03:24:51.408644+00:00,C4-BULLETPROOFS-SPECIALIZED,bulletproofs-range-pilot-v1,private_swap,bulletproofs-5.0.0-ristretto,47bfac70c1d6594282e7d744ebd8fa5bb594e5d3,bbc0b1a10dec6a35e8a7bb12148f97382d31ec9a72801a9734eae70aae800557,8971260524329520491,1,42,range32-aggregate,"{""range_bits"":32}",4,4,1,16,verify_core,3.532003,,,,,,,,,,,,,phase,,,true,wrong_public_input,3.532003,,,measured,specialized Bulletproofs range baseline; validate bundle before paper reporting,measurement,true,true,ok,"{""aggregate_values"":8.0}",,,,,,
376b4e47-7402-4a60-8e54-ace9134d5780,2026-08-09T03:24:51.408692+00:00,C4-BULLETPROOFS-SPECIALIZED,bulletproofs-range-pilot-v1,private_swap,bulletproofs-5.0.0-ristretto,47bfac70c1d6594282e7d744ebd8fa5bb594e5d3,bbc0b1a10dec6a35e8a7bb12148f97382d31ec9a72801a9734eae70aae800557,8971260524329520491,1,42,range32-aggregate,"{""range_bits"":32}",4,4,1,16,verify_total,3.532003,,,,,,,,,,,,,phase,,,true,wrong_public_input,,,,measured,specialized Bulletproofs range baseline; validate bundle before paper reporting,measurement,true,true,ok,{},,,,,,
376b4e47-7402-4a60-8e54-ace9134d5780,2026-08-09T03:24:51.408751+00:00,C4-BULLETPROOFS-SPECIALIZED,bulletproofs-range-pilot-v1,private_swap,bulletproofs-5.0.0-ristretto,47bfac70c1d6594282e7d744ebd8fa5bb594e5d3,bbc0b1a10dec6a35e8a7bb12148f97382d31ec9a72801a9734eae70aae800557,8971260524329520491,1,42,range32-aggregate,"{""range_bits"":32}",4,4,1,16,invalid_reject,3.532003,,,,,,,,,,,,,phase,,,true,wrong_public_input,,,,measured,specialized Bulletproofs range baseline; validate bundle before paper reporting,measurement,true,true,ok,"{""aggregate_values"":8.0}",,,,,,
376b4e47-7402-4a60-8e54-ace9134d5780,2026-08-09T03:24:51.408779+00:00,C4-BULLETPROOFS-SPECIALIZED,bulletproofs-range-pilot-v1,private_swap,bulletproofs-5.0.0-ristretto,47bfac70c1d6594282e7d744ebd8fa5bb594e5d3,bbc0b1a10dec6a35e8a7bb12148f97382d31ec9a72801a9734eae70aae800557,8971260524329520491,1,42,range32-aggregate,"{""range_bits"":32}",4,4,1,16,adapter_process_wall,85.194805,30.000000,3.214844,800,false,0,cryptographic_rejection,435,956,,,,linux-procfs,process,,,true,wrong_public_input,,"private commit and per-process swap I/O are unavailable; VmSwap reports allocation, not swap traffic; No documented hardware or OS energy counter is configured in WSL2",,measured,specialized Bulletproofs range baseline; validate bundle before paper reporting,measurement,true,true,ok,{},256,8,256,range_bits,5.0,16
df8007cc-dd71-445d-a942-b8bf4437fa67,2026-08-09T03:24:51.478331+00:00,C4-BULLETPROOFS-SPECIALIZED,bulletproofs-range-pilot-v1,private_swap,bulletproofs-5.0.0-ristretto,47bfac70c1d6594282e7d744ebd8fa5bb594e5d3,bbc0b1a10dec6a35e8a7bb12148f97382d31ec9a72801a9734eae70aae800557,1245694919169637858,1,43,range32-aggregate,"{""range_bits"":32}",2,2,4,16,native_execution,0.189585,,,,,,,,,,,,,phase,,,true,,,,,measured,specialized Bulletproofs range baseline; validate bundle before paper reporting,measurement,true,true,ok,"{""aggregate_values"":4.0,""application_units"":2.0,""fixture_digest"":1924423847337990.0,""range_bits"":32.0}",,,,,,
df8007cc-dd71-445d-a942-b8bf4437fa67,2026-08-09T03:24:51.478397+00:00,C4-BULLETPROOFS-SPECIALIZED,bulletproofs-range-pilot-v1,private_swap,bulletproofs-5.0.0-ristretto,47bfac70c1d6594282e7d744ebd8fa5bb594e5d3,bbc0b1a10dec6a35e8a7bb12148f97382d31ec9a72801a9734eae70aae800557,1245694919169637858,1,43,range32-aggregate,"{""range_bits"":32}",2,2,4,16,setup_or_preprocess,,,,,,,,,,,,,,phase,,,true,,,Bulletproofs range generators are fixed and setup-free,,measured,specialized Bulletproofs range baseline; validate bundle before paper reporting,measurement,true,false,unsupported,{},,,,,,
df8007cc-dd71-445d-a942-b8bf4437fa67,2026-08-09T03:24:51.478416+00:00,C4-BULLETPROOFS-SPECIALIZED,bulletproofs-range-pilot-v1,private_swap,bulletproofs-5.0.0-ristretto,47bfac70c1d6594282e7d744ebd8fa5bb594e5d3,bbc0b1a10dec6a35e8a7bb12148f97382d31ec9a72801a9734eae70aae800557,1245694919169637858,1,43,range32-aggregate,"{""range_bits"":32}",2,2,4,16,key_load,,,,,,,,,,,,,,phase,,,true,,,the range-proof API has no serialized proving or verification key,,measured,specialized Bulletproofs range baseline; validate bundle before paper reporting,measurement,true,false,unsupported,{},,,,,,
df8007cc-dd71-445d-a942-b8bf4437fa67,2026-08-09T03:24:51.478430+00:00,C4-BULLETPROOFS-SPECIALIZED,bulletproofs-range-pilot-v1,private_swap,bulletproofs-5.0.0-ristretto,47bfac70c1d6594282e7d744ebd8fa5bb594e5d3,bbc0b1a10dec6a35e8a7bb12148f97382d31ec9a72801a9734eae70aae800557,1245694919169637858,1,43,range32-aggregate,"{""range_bits"":32}",2,2,4,16,witness,0.513320,,,,,,,,,,,,,phase,,,true,,,,,measured,specialized Bulletproofs range baseline; validate bundle before paper reporting,measurement,true,true,ok,"{""aggregate_values"":4.0,""range_bits"":32.0}",,,,,,
df8007cc-dd71-445d-a942-b8bf4437fa67,2026-08-09T03:24:51.478445+00:00,C4-BULLETPROOFS-SPECIALIZED,bulletproofs-range-pilot-v1,private_swap,bulletproofs-5.0.0-ristretto,47bfac70c1d6594282e7d744ebd8fa5bb594e5d3,bbc0b1a10dec6a35e8a7bb12148f97382d31ec9a72801a9734eae70aae800557,1245694919169637858,1,43,range32-aggregate,"{""range_bits"":32}",2,2,4,16,prove_total,13.594360,,,,,,,,,,,,,phase,,,true,,,,,measured,specialized Bulletproofs range baseline; validate bundle before paper reporting,measurement,true,true,ok,"{""aggregate_values"":4.0,""range_bits"":32.0}",,,,,,
df8007cc-dd71-445d-a942-b8bf4437fa67,2026-08-09T03:24:51.478460+00:00,C4-BULLETPROOFS-SPECIALIZED,bulletproofs-range-pilot-v1,private_swap,bulletproofs-5.0.0-ristretto,47bfac70c1d6594282e7d744ebd8fa5bb594e5d3,bbc0b1a10dec6a35e8a7bb12148f97382d31ec9a72801a9734eae70aae800557,1245694919169637858,1,43,range32-aggregate,"{""range_bits"":32}",2,2,4,16,serialize,0.002255,,,,,,,,,,,,,phase,,,true,,,,,measured,specialized Bulletproofs range baseline; validate bundle before paper reporting,measurement,true,true,ok,"{""proof_bytes"":736.0}",,,,,,
df8007cc-dd71-445d-a942-b8bf4437fa67,2026-08-09T03:24:51.478474+00:00,C4-BULLETPROOFS-SPECIALIZED,bulletproofs-range-pilot-v1,private_swap,bulletproofs-5.0.0-ristretto,47bfac70c1d6594282e7d744ebd8fa5bb594e5d3,bbc0b1a10dec6a35e8a7bb12148f97382d31ec9a72801a9734eae70aae800557,1245694919169637858,1,43,range32-aggregate,"{""range_bits"":32}",2,2,4,16,verify_core,2.274530,,,,,,,,,,,,,phase,,,true,,,,,measured,specialized Bulletproofs range baseline; validate bundle before paper reporting,measurement,true,true,ok,"{""aggregate_values"":4.0}",,,,,,
df8007cc-dd71-445d-a942-b8bf4437fa67,2026-08-09T03:24:51.478487+00:00,C4-BULLETPROOFS-SPECIALIZED,bulletproofs-range-pilot-v1,private_swap,bulletproofs-5.0.0-ristretto,47bfac70c1d6594282e7d744ebd8fa5bb594e5d3,bbc0b1a10dec6a35e8a7bb12148f97382d31ec9a72801a9734eae70aae800557,1245694919169637858,1,43,range32-aggregate,"{""range_bits"":32}",2,2,4,16,verify_total,2.274530,,,,,,,,,,,,,phase,,,true,,,,,measured,specialized Bulletproofs range baseline; validate bundle before paper reporting,measurement,true,true,ok,{},,,,,,
df8007cc-dd71-445d-a942-b8bf4437fa67,2026-08-09T03:24:51.478500+00:00,C4-BULLETPROOFS-SPECIALIZED,bulletproofs-range-pilot-v1,private_swap,bulletproofs-5.0.0-ristretto,47bfac70c1d6594282e7d744ebd8fa5bb594e5d3,bbc0b1a10dec6a35e8a7bb12148f97382d31ec9a72801a9734eae70aae800557,1245694919169637858,1,43,range32-aggregate,"{""range_bits"":32}",2,2,4,16,adapter_process_wall,68.689639,10.000000,3.113281,736,true,0,,380,956,,,,linux-procfs,process,,,true,,,"Linux procfs read failed: [Errno 13] Permission denied: '/proc/531/io'; private commit and per-process swap I/O are unavailable; VmSwap reports allocation, not swap traffic; No documented hardware or OS energy counter is configured in WSL2",,measured,specialized Bulletproofs range baseline; validate bundle before paper reporting,measurement,true,true,ok,{},128,4,128,range_bits,5.0,12
cc6ba9df-eb3e-4128-876c-94200c5d4ea3,2026-08-09T03:24:51.595393+00:00,C4-BULLETPROOFS-SPECIALIZED,bulletproofs-range-pilot-v1,private_swap,bulletproofs-5.0.0-ristretto,47bfac70c1d6594282e7d744ebd8fa5bb594e5d3,bbc0b1a10dec6a35e8a7bb12148f97382d31ec9a72801a9734eae70aae800557,430668593953995588,2,44,range32-aggregate,"{""range_bits"":32}",8,8,1,16,native_execution,0.178647,,,,,,,,,,,,,phase,,,true,wrong_public_input,,,,measured,specialized Bulletproofs range baseline; validate bundle before paper reporting,measurement,true,true,ok,"{""aggregate_values"":16.0,""application_units"":8.0,""fixture_digest"":3277064038199539.0,""range_bits"":32.0}",,,,,,
cc6ba9df-eb3e-4128-876c-94200c5d4ea3,2026-08-09T03:24:51.595554+00:00,C4-BULLETPROOFS-SPECIALIZED,bulletproofs-range-pilot-v1,private_swap,bulletproofs-5.0.0-ristretto,47bfac70c1d6594282e7d744ebd8fa5bb594e5d3,bbc0b1a10dec6a35e8a7bb12148f97382d31ec9a72801a9734eae70aae800557,430668593953995588,2,44,range32-aggregate,"{""range_bits"":32}",8,8,1,16,setup_or_preprocess,,,,,,,,,,,,,,phase,,,true,wrong_public_input,,Bulletproofs range generators are fixed and setup-free,,measured,specialized Bulletproofs range baseline; validate bundle before paper reporting,measurement,true,false,unsupported,{},,,,,,
cc6ba9df-eb3e-4128-876c-94200c5d4ea3,2026-08-09T03:24:51.595582+00:00,C4-BULLETPROOFS-SPECIALIZED,bulletproofs-range-pilot-v1,private_swap,bulletproofs-5.0.0-ristretto,47bfac70c1d6594282e7d744ebd8fa5bb594e5d3,bbc0b1a10dec6a35e8a7bb12148f97382d31ec9a72801a9734eae70aae800557,430668593953995588,2,44,range32-aggregate,"{""range_bits"":32}",8,8,1,16,key_load,,,,,,,,,,,,,,phase,,,true,wrong_public_input,,the range-proof API has no serialized proving or verification key,,measured,specialized Bulletproofs range baseline; validate bundle before paper reporting,measurement,true,false,unsupported,{},,,,,,
cc6ba9df-eb3e-4128-876c-94200c5d4ea3,2026-08-09T03:24:51.595601+00:00,C4-BULLETPROOFS-SPECIALIZED,bulletproofs-range-pilot-v1,private_swap,bulletproofs-5.0.0-ristretto,47bfac70c1d6594282e7d744ebd8fa5bb594e5d3,bbc0b1a10dec6a35e8a7bb12148f97382d31ec9a72801a9734eae70aae800557,430668593953995588,2,44,range32-aggregate,"{""range_bits"":32}",8,8,1,16,witness,0.467465,,,,,,,,,,,,,phase,,,true,wrong_public_input,,,,measured,specialized Bulletproofs range baseline; validate bundle before paper reporting,measurement,true,true,ok,"{""aggregate_values"":16.0,""range_bits"":32.0}",,,,,,
cc6ba9df-eb3e-4128-876c-94200c5d4ea3,2026-08-09T03:24:51.595620+00:00,C4-BULLETPROOFS-SPECIALIZED,bulletproofs-range-pilot-v1,private_swap,bulletproofs-5.0.0-ristretto,47bfac70c1d6594282e7d744ebd8fa5bb594e5d3,bbc0b1a10dec6a35e8a7bb12148f97382d31ec9a72801a9734eae70aae800557,430668593953995588,2,44,range32-aggregate,"{""range_bits"":32}",8,8,1,16,prove_total,52.164699,,,,,,,,,,,,,phase,,,true,wrong_public_input,,,,measured,specialized Bulletproofs range baseline; validate bundle before paper reporting,measurement,true,true,ok,"{""aggregate_values"":16.0,""range_bits"":32.0}",,,,,,
cc6ba9df-eb3e-4128-876c-94200c5d4ea3,2026-08-09T03:24:51.595639+00:00,C4-BULLETPROOFS-SPECIALIZED,bulletproofs-range-pilot-v1,private_swap,bulletproofs-5.0.0-ristretto,47bfac70c1d6594282e7d744ebd8fa5bb594e5d3,bbc0b1a10dec6a35e8a7bb12148f97382d31ec9a72801a9734eae70aae800557,430668593953995588,2,44,range32-aggregate,"{""range_bits"":32}",8,8,1,16,serialize,0.002224,,,,,,,,,,,,,phase,,,true,wrong_public_input,,,,measured,specialized Bulletproofs range baseline; validate bundle before paper reporting,measurement,true,true,ok,"{""proof_bytes"":864.0}",,,,,,
cc6ba9df-eb3e-4128-876c-94200c5d4ea3,2026-08-09T03:24:51.595656+00:00,C4-BULLETPROOFS-SPECIALIZED,bulletproofs-range-pilot-v1,private_swap,bulletproofs-5.0.0-ristretto,47bfac70c1d6594282e7d744ebd8fa5bb594e5d3,bbc0b1a10dec6a35e8a7bb12148f97382d31ec9a72801a9734eae70aae800557,430668593953995588,2,44,range32-aggregate,"{""range_bits"":32}",8,8,1,16,verify_core,4.701509,,,,,,,,,,,,,phase,,,true,wrong_public_input,4.701509,,,measured,specialized Bulletproofs range baseline; validate bundle before paper reporting,measurement,true,true,ok,"{""aggregate_values"":16.0}",,,,,,
cc6ba9df-eb3e-4128-876c-94200c5d4ea3,2026-08-09T03:24:51.595673+00:00,C4-BULLETPROOFS-SPECIALIZED,bulletproofs-range-pilot-v1,private_swap,bulletproofs-5.0.0-ristretto,47bfac70c1d6594282e7d744ebd8fa5bb594e5d3,bbc0b1a10dec6a35e8a7bb12148f97382d31ec9a72801a9734eae70aae800557,430668593953995588,2,44,range32-aggregate,"{""range_bits"":32}",8,8,1,16,verify_total,4.701509,,,,,,,,,,,,,phase,,,true,wrong_public_input,,,,measured,specialized Bulletproofs range baseline; validate bundle before paper reporting,measurement,true,true,ok,{},,,,,,
cc6ba9df-eb3e-4128-876c-94200c5d4ea3,2026-08-09T03:24:51.595690+00:00,C4-BULLETPROOFS-SPECIALIZED,bulletproofs-range-pilot-v1,private_swap,bulletproofs-5.0.0-ristretto,47bfac70c1d6594282e7d744ebd8fa5bb594e5d3,bbc0b1a10dec6a35e8a7bb12148f97382d31ec9a72801a9734eae70aae800557,430668593953995588,2,44,range32-aggregate,"{""range_bits"":32}",8,8,1,16,invalid_reject,4.701509,,,,,,,,,,,,,phase,,,true,wrong_public_input,,,,measured,specialized Bulletproofs range baseline; validate bundle before paper reporting,measurement,true,true,ok,"{""aggregate_values"":16.0}",,,,,,
cc6ba9df-eb3e-4128-876c-94200c5d4ea3,2026-08-09T03:24:51.595707+00:00,C4-BULLETPROOFS-SPECIALIZED,bulletproofs-range-pilot-v1,private_swap,bulletproofs-5.0.0-ristretto,47bfac70c1d6594282e7d744ebd8fa5bb594e5d3,bbc0b1a10dec6a35e8a7bb12148f97382d31ec9a72801a9734eae70aae800557,430668593953995588,2,44,range32-aggregate,"{""range_bits"":32}",8,8,1,16,adapter_process_wall,116.073812,50.000000,3.578125,864,false,0,cryptographic_rejection,516,956,,,,linux-procfs,process,,,true,wrong_public_input,,"Linux procfs read failed: [Errno 13] Permission denied: '/proc/533/io'; private commit and per-process swap I/O are unavailable; VmSwap reports allocation, not swap traffic; No documented hardware or OS energy counter is configured in WSL2",,measured,specialized Bulletproofs range baseline; validate bundle before paper reporting,measurement,true,true,ok,{},512,16,512,range_bits,5.0,21
25223f2e-be25-4595-843f-a65956db3868,2026-08-09T03:24:51.710122+00:00,C4-BULLETPROOFS-SPECIALIZED,bulletproofs-range-pilot-v1,private_swap,bulletproofs-5.0.0-ristretto,47bfac70c1d6594282e7d744ebd8fa5bb594e5d3,bbc0b1a10dec6a35e8a7bb12148f97382d31ec9a72801a9734eae70aae800557,2185465384295682369,0,45,range32-aggregate,"{""range_bits"":32}",8,8,1,16,native_execution,0.177791,,,,,,,,,,,,,phase,,,true,,,,,measured,specialized Bulletproofs range baseline; validate bundle before paper reporting,measurement,true,true,ok,"{""aggregate_values"":16.0,""application_units"":8.0,""fixture_digest"":2893771135080064.0,""range_bits"":32.0}",,,,,,
25223f2e-be25-4595-843f-a65956db3868,2026-08-09T03:24:51.710199+00:00,C4-BULLETPROOFS-SPECIALIZED,bulletproofs-range-pilot-v1,private_swap,bulletproofs-5.0.0-ristretto,47bfac70c1d6594282e7d744ebd8fa5bb594e5d3,bbc0b1a10dec6a35e8a7bb12148f97382d31ec9a72801a9734eae70aae800557,2185465384295682369,0,45,range32-aggregate,"{""range_bits"":32}",8,8,1,16,setup_or_preprocess,,,,,,,,,,,,,,phase,,,true,,,Bulletproofs range generators are fixed and setup-free,,measured,specialized Bulletproofs range baseline; validate bundle before paper reporting,measurement,true,false,unsupported,{},,,,,,
25223f2e-be25-4595-843f-a65956db3868,2026-08-09T03:24:51.710222+00:00,C4-BULLETPROOFS-SPECIALIZED,bulletproofs-range-pilot-v1,private_swap,bulletproofs-5.0.0-ristretto,47bfac70c1d6594282e7d744ebd8fa5bb594e5d3,bbc0b1a10dec6a35e8a7bb12148f97382d31ec9a72801a9734eae70aae800557,2185465384295682369,0,45,range32-aggregate,"{""range_bits"":32}",8,8,1,16,key_load,,,,,,,,,,,,,,phase,,,true,,,the range-proof API has no serialized proving or verification key,,measured,specialized Bulletproofs range baseline; validate bundle before paper reporting,measurement,true,false,unsupported,{},,,,,,
25223f2e-be25-4595-843f-a65956db3868,2026-08-09T03:24:51.710241+00:00,C4-BULLETPROOFS-SPECIALIZED,bulletproofs-range-pilot-v1,private_swap,bulletproofs-5.0.0-ristretto,47bfac70c1d6594282e7d744ebd8fa5bb594e5d3,bbc0b1a10dec6a35e8a7bb12148f97382d31ec9a72801a9734eae70aae800557,2185465384295682369,0,45,range32-aggregate,"{""range_bits"":32}",8,8,1,16,witness,0.466598,,,,,,,,,,,,,phase,,,true,,,,,measured,specialized Bulletproofs range baseline; validate bundle before paper reporting,measurement,true,true,ok,"{""aggregate_values"":16.0,""range_bits"":32.0}",,,,,,
25223f2e-be25-4595-843f-a65956db3868,2026-08-09T03:24:51.710259+00:00,C4-BULLETPROOFS-SPECIALIZED,bulletproofs-range-pilot-v1,private_swap,bulletproofs-5.0.0-ristretto,47bfac70c1d6594282e7d744ebd8fa5bb594e5d3,bbc0b1a10dec6a35e8a7bb12148f97382d31ec9a72801a9734eae70aae800557,2185465384295682369,0,45,range32-aggregate,"{""range_bits"":32}",8,8,1,16,prove_total,52.052144,,,,,,,,,,,,,phase,,,true,,,,,measured,specialized Bulletproofs range baseline; validate bundle before paper reporting,measurement,true,true,ok,"{""aggregate_values"":16.0,""range_bits"":32.0}",,,,,,
25223f2e-be25-4595-843f-a65956db3868,2026-08-09T03:24:51.710276+00:00,C4-BULLETPROOFS-SPECIALIZED,bulletproofs-range-pilot-v1,private_swap,bulletproofs-5.0.0-ristretto,47bfac70c1d6594282e7d744ebd8fa5bb594e5d3,bbc0b1a10dec6a35e8a7bb12148f97382d31ec9a72801a9734eae70aae800557,2185465384295682369,0,45,range32-aggregate,"{""range_bits"":32}",8,8,1,16,serialize,0.002224,,,,,,,,,,,,,phase,,,true,,,,,measured,specialized Bulletproofs range baseline; validate bundle before paper reporting,measurement,true,true,ok,"{""proof_bytes"":864.0}",,,,,,
25223f2e-be25-4595-843f-a65956db3868,2026-08-09T03:24:51.710293+00:00,C4-BULLETPROOFS-SPECIALIZED,bulletproofs-range-pilot-v1,private_swap,bulletproofs-5.0.0-ristretto,47bfac70c1d6594282e7d744ebd8fa5bb594e5d3,bbc0b1a10dec6a35e8a7bb12148f97382d31ec9a72801a9734eae70aae800557,2185465384295682369,0,45,range32-aggregate,"{""range_bits"":32}",8,8,1,16,verify_core,4.661915,,,,,,,,,,,,,phase,,,true,,,,,measured,specialized Bulletproofs range baseline; validate bundle before paper reporting,measurement,true,true,ok,"{""aggregate_values"":16.0}",,,,,,
25223f2e-be25-4595-843f-a65956db3868,2026-08-09T03:24:51.710310+00:00,C4-BULLETPROOFS-SPECIALIZED,bulletproofs-range-pilot-v1,private_swap,bulletproofs-5.0.0-ristretto,47bfac70c1d6594282e7d744ebd8fa5bb594e5d3,bbc0b1a10dec6a35e8a7bb12148f97382d31ec9a72801a9734eae70aae800557,2185465384295682369,0,45,range32-aggregate,"{""range_bits"":32}",8,8,1,16,verify_total,4.661915,,,,,,,,,,,,,phase,,,true,,,,,measured,specialized Bulletproofs range baseline; validate bundle before paper reporting,measurement,true,true,ok,{},,,,,,
25223f2e-be25-4595-843f-a65956db3868,2026-08-09T03:24:51.710326+00:00,C4-BULLETPROOFS-SPECIALIZED,bulletproofs-range-pilot-v1,private_swap,bulletproofs-5.0.0-ristretto,47bfac70c1d6594282e7d744ebd8fa5bb594e5d3,bbc0b1a10dec6a35e8a7bb12148f97382d31ec9a72801a9734eae70aae800557,2185465384295682369,0,45,range32-aggregate,"{""range_bits"":32}",8,8,1,16,adapter_process_wall,113.437873,50.000000,3.613281,864,true,0,,646,956,,,,linux-procfs,process,,,true,,,"private commit and per-process swap I/O are unavailable; VmSwap reports allocation, not swap traffic; No documented hardware or OS energy counter is configured in WSL2",,measured,specialized Bulletproofs range baseline; validate bundle before paper reporting,measurement,true,true,ok,{},512,16,512,range_bits,5.0,21
aba03acc-45d7-4811-b363-5cf2403c6a4d,2026-08-09T03:24:51.780600+00:00,C4-BULLETPROOFS-SPECIALIZED,bulletproofs-range-pilot-v1,private_swap,bulletproofs-5.0.0-ristretto,47bfac70c1d6594282e7d744ebd8fa5bb594e5d3,bbc0b1a10dec6a35e8a7bb12148f97382d31ec9a72801a9734eae70aae800557,2240514580956145390,0,46,range32-aggregate,"{""range_bits"":32}",2,2,2,16,native_execution,0.212776,,,,,,,,,,,,,phase,,,true,,,,,measured,specialized Bulletproofs range baseline; validate bundle before paper reporting,measurement,true,true,ok,"{""aggregate_values"":4.0,""application_units"":2.0,""fixture_digest"":3077228423386071.0,""range_bits"":32.0}",,,,,,
aba03acc-45d7-4811-b363-5cf2403c6a4d,2026-08-09T03:24:51.780703+00:00,C4-BULLETPROOFS-SPECIALIZED,bulletproofs-range-pilot-v1,private_swap,bulletproofs-5.0.0-ristretto,47bfac70c1d6594282e7d744ebd8fa5bb594e5d3,bbc0b1a10dec6a35e8a7bb12148f97382d31ec9a72801a9734eae70aae800557,2240514580956145390,0,46,range32-aggregate,"{""range_bits"":32}",2,2,2,16,setup_or_preprocess,,,,,,,,,,,,,,phase,,,true,,,Bulletproofs range generators are fixed and setup-free,,measured,specialized Bulletproofs range baseline; validate bundle before paper reporting,measurement,true,false,unsupported,{},,,,,,
aba03acc-45d7-4811-b363-5cf2403c6a4d,2026-08-09T03:24:51.780726+00:00,C4-BULLETPROOFS-SPECIALIZED,bulletproofs-range-pilot-v1,private_swap,bulletproofs-5.0.0-ristretto,47bfac70c1d6594282e7d744ebd8fa5bb594e5d3,bbc0b1a10dec6a35e8a7bb12148f97382d31ec9a72801a9734eae70aae800557,2240514580956145390,0,46,range32-aggregate,"{""range_bits"":32}",2,2,2,16,key_load,,,,,,,,,,,,,,phase,,,true,,,the range-proof API has no serialized proving or verification key,,measured,specialized Bulletproofs range baseline; validate bundle before paper reporting,measurement,true,false,unsupported,{},,,,,,
aba03acc-45d7-4811-b363-5cf2403c6a4d,2026-08-09T03:24:51.780745+00:00,C4-BULLETPROOFS-SPECIALIZED,bulletproofs-range-pilot-v1,private_swap,bulletproofs-5.0.0-ristretto,47bfac70c1d6594282e7d744ebd8fa5bb594e5d3,bbc0b1a10dec6a35e8a7bb12148f97382d31ec9a72801a9734eae70aae800557,2240514580956145390,0,46,range32-aggregate,"{""range_bits"":32}",2,2,2,16,witness,0.531314,,,,,,,,,,,,,phase,,,true,,,,,measured,specialized Bulletproofs range baseline; validate bundle before paper reporting,measurement,true,true,ok,"{""aggregate_values"":4.0,""range_bits"":32.0}",,,,,,
aba03acc-45d7-4811-b363-5cf2403c6a4d,2026-08-09T03:24:51.780761+00:00,C4-BULLETPROOFS-SPECIALIZED,bulletproofs-range-pilot-v1,private_swap,bulletproofs-5.0.0-ristretto,47bfac70c1d6594282e7d744ebd8fa5bb594e5d3,bbc0b1a10dec6a35e8a7bb12148f97382d31ec9a72801a9734eae70aae800557,2240514580956145390,0,46,range32-aggregate,"{""range_bits"":32}",2,2,2,16,prove_total,13.780704,,,,,,,,,,,,,phase,,,true,,,,,measured,specialized Bulletproofs range baseline; validate bundle before paper reporting,measurement,true,true,ok,"{""aggregate_values"":4.0,""range_bits"":32.0}",,,,,,
aba03acc-45d7-4811-b363-5cf2403c6a4d,2026-08-09T03:24:51.780776+00:00,C4-BULLETPROOFS-SPECIALIZED,bulletproofs-range-pilot-v1,private_swap,bulletproofs-5.0.0-ristretto,47bfac70c1d6594282e7d744ebd8fa5bb594e5d3,bbc0b1a10dec6a35e8a7bb12148f97382d31ec9a72801a9734eae70aae800557,2240514580956145390,0,46,range32-aggregate,"{""range_bits"":32}",2,2,2,16,serialize,0.002234,,,,,,,,,,,,,phase,,,true,,,,,measured,specialized Bulletproofs range baseline; validate bundle before paper reporting,measurement,true,true,ok,"{""proof_bytes"":736.0}",,,,,,
aba03acc-45d7-4811-b363-5cf2403c6a4d,2026-08-09T03:24:51.780790+00:00,C4-BULLETPROOFS-SPECIALIZED,bulletproofs-range-pilot-v1,private_swap,bulletproofs-5.0.0-ristretto,47bfac70c1d6594282e7d744ebd8fa5bb594e5d3,bbc0b1a10dec6a35e8a7bb12148f97382d31ec9a72801a9734eae70aae800557,2240514580956145390,0,46,range32-aggregate,"{""range_bits"":32}",2,2,2,16,verify_core,1.740138,,,,,,,,,,,,,phase,,,true,,,,,measured,specialized Bulletproofs range baseline; validate bundle before paper reporting,measurement,true,true,ok,"{""aggregate_values"":4.0}",,,,,,
aba03acc-45d7-4811-b363-5cf2403c6a4d,2026-08-09T03:24:51.780805+00:00,C4-BULLETPROOFS-SPECIALIZED,bulletproofs-range-pilot-v1,private_swap,bulletproofs-5.0.0-ristretto,47bfac70c1d6594282e7d744ebd8fa5bb594e5d3,bbc0b1a10dec6a35e8a7bb12148f97382d31ec9a72801a9734eae70aae800557,2240514580956145390,0,46,range32-aggregate,"{""range_bits"":32}",2,2,2,16,verify_total,1.740138,,,,,,,,,,,,,phase,,,true,,,,,measured,specialized Bulletproofs range baseline; validate bundle before paper reporting,measurement,true,true,ok,{},,,,,,
aba03acc-45d7-4811-b363-5cf2403c6a4d,2026-08-09T03:24:51.780818+00:00,C4-BULLETPROOFS-SPECIALIZED,bulletproofs-range-pilot-v1,private_swap,bulletproofs-5.0.0-ristretto,47bfac70c1d6594282e7d744ebd8fa5bb594e5d3,bbc0b1a10dec6a35e8a7bb12148f97382d31ec9a72801a9734eae70aae800557,2240514580956145390,0,46,range32-aggregate,"{""range_bits"":32}",2,2,2,16,adapter_process_wall,69.265786,10.000000,3.066406,736,true,0,,380,956,,,,linux-procfs,process,,,true,,,"private commit and per-process swap I/O are unavailable; VmSwap reports allocation, not swap traffic; No documented hardware or OS energy counter is configured in WSL2",,measured,specialized Bulletproofs range baseline; validate bundle before paper reporting,measurement,true,true,ok,{},128,4,128,range_bits,5.0,13
277b21d6-1cd6-4091-8430-42c6922d90de,2026-08-09T03:24:51.849367+00:00,C4-BULLETPROOFS-SPECIALIZED,bulletproofs-range-pilot-v1,private_swap,bulletproofs-5.0.0-ristretto,47bfac70c1d6594282e7d744ebd8fa5bb594e5d3,bbc0b1a10dec6a35e8a7bb12148f97382d31ec9a72801a9734eae70aae800557,4584970969370850975,2,47,range32-aggregate,"{""range_bits"":32}",2,2,2,16,native_execution,0.167361,,,,,,,,,,,,,phase,,,true,,,,,measured,specialized Bulletproofs range baseline; validate bundle before paper reporting,measurement,true,true,ok,"{""aggregate_values"":4.0,""application_units"":2.0,""fixture_digest"":2353359717263139.0,""range_bits"":32.0}",,,,,,
277b21d6-1cd6-4091-8430-42c6922d90de,2026-08-09T03:24:51.849441+00:00,C4-BULLETPROOFS-SPECIALIZED,bulletproofs-range-pilot-v1,private_swap,bulletproofs-5.0.0-ristretto,47bfac70c1d6594282e7d744ebd8fa5bb594e5d3,bbc0b1a10dec6a35e8a7bb12148f97382d31ec9a72801a9734eae70aae800557,4584970969370850975,2,47,range32-aggregate,"{""range_bits"":32}",2,2,2,16,setup_or_preprocess,,,,,,,,,,,,,,phase,,,true,,,Bulletproofs range generators are fixed and setup-free,,measured,specialized Bulletproofs range baseline; validate bundle before paper reporting,measurement,true,false,unsupported,{},,,,,,
277b21d6-1cd6-4091-8430-42c6922d90de,2026-08-09T03:24:51.849463+00:00,C4-BULLETPROOFS-SPECIALIZED,bulletproofs-range-pilot-v1,private_swap,bulletproofs-5.0.0-ristretto,47bfac70c1d6594282e7d744ebd8fa5bb594e5d3,bbc0b1a10dec6a35e8a7bb12148f97382d31ec9a72801a9734eae70aae800557,4584970969370850975,2,47,range32-aggregate,"{""range_bits"":32}",2,2,2,16,key_load,,,,,,,,,,,,,,phase,,,true,,,the range-proof API has no serialized proving or verification key,,measured,specialized Bulletproofs range baseline; validate bundle before paper reporting,measurement,true,false,unsupported,{},,,,,,
277b21d6-1cd6-4091-8430-42c6922d90de,2026-08-09T03:24:51.849481+00:00,C4-BULLETPROOFS-SPECIALIZED,bulletproofs-range-pilot-v1,private_swap,bulletproofs-5.0.0-ristretto,47bfac70c1d6594282e7d744ebd8fa5bb594e5d3,bbc0b1a10dec6a35e8a7bb12148f97382d31ec9a72801a9734eae70aae800557,4584970969370850975,2,47,range32-aggregate,"{""range_bits"":32}",2,2,2,16,witness,0.513867,,,,,,,,,,,,,phase,,,true,,,,,measured,specialized Bulletproofs range baseline; validate bundle before paper reporting,measurement,true,true,ok,"{""aggregate_values"":4.0,""range_bits"":32.0}",,,,,,
277b21d6-1cd6-4091-8430-42c6922d90de,2026-08-09T03:24:51.849500+00:00,C4-BULLETPROOFS-SPECIALIZED,bulletproofs-range-pilot-v1,private_swap,bulletproofs-5.0.0-ristretto,47bfac70c1d6594282e7d744ebd8fa5bb594e5d3,bbc0b1a10dec6a35e8a7bb12148f97382d31ec9a72801a9734eae70aae800557,4584970969370850975,2,47,range32-aggregate,"{""range_bits"":32}",2,2,2,16,prove_total,13.102191,,,,,,,,,,,,,phase,,,true,,,,,measured,specialized Bulletproofs range baseline; validate bundle before paper reporting,measurement,true,true,ok,"{""aggregate_values"":4.0,""range_bits"":32.0}",,,,,,
277b21d6-1cd6-4091-8430-42c6922d90de,2026-08-09T03:24:51.849518+00:00,C4-BULLETPROOFS-SPECIALIZED,bulletproofs-range-pilot-v1,private_swap,bulletproofs-5.0.0-ristretto,47bfac70c1d6594282e7d744ebd8fa5bb594e5d3,bbc0b1a10dec6a35e8a7bb12148f97382d31ec9a72801a9734eae70aae800557,4584970969370850975,2,47,range32-aggregate,"{""range_bits"":32}",2,2,2,16,serialize,0.001823,,,,,,,,,,,,,phase,,,true,,,,,measured,specialized Bulletproofs range baseline; validate bundle before paper reporting,measurement,true,true,ok,"{""proof_bytes"":736.0}",,,,,,
277b21d6-1cd6-4091-8430-42c6922d90de,2026-08-09T03:24:51.849534+00:00,C4-BULLETPROOFS-SPECIALIZED,bulletproofs-range-pilot-v1,private_swap,bulletproofs-5.0.0-ristretto,47bfac70c1d6594282e7d744ebd8fa5bb594e5d3,bbc0b1a10dec6a35e8a7bb12148f97382d31ec9a72801a9734eae70aae800557,4584970969370850975,2,47,range32-aggregate,"{""range_bits"":32}",2,2,2,16,verify_core,1.659247,,,,,,,,,,,,,phase,,,true,,,,,measured,specialized Bulletproofs range baseline; validate bundle before paper reporting,measurement,true,true,ok,"{""aggregate_values"":4.0}",,,,,,
277b21d6-1cd6-4091-8430-42c6922d90de,2026-08-09T03:24:51.849550+00:00,C4-BULLETPROOFS-SPECIALIZED,bulletproofs-range-pilot-v1,private_swap,bulletproofs-5.0.0-ristretto,47bfac70c1d6594282e7d744ebd8fa5bb594e5d3,bbc0b1a10dec6a35e8a7bb12148f97382d31ec9a72801a9734eae70aae800557,4584970969370850975,2,47,range32-aggregate,"{""range_bits"":32}",2,2,2,16,verify_total,1.659247,,,,,,,,,,,,,phase,,,true,,,,,measured,specialized Bulletproofs range baseline; validate bundle before paper reporting,measurement,true,true,ok,{},,,,,,
277b21d6-1cd6-4091-8430-42c6922d90de,2026-08-09T03:24:51.849566+00:00,C4-BULLETPROOFS-SPECIALIZED,bulletproofs-range-pilot-v1,private_swap,bulletproofs-5.0.0-ristretto,47bfac70c1d6594282e7d744ebd8fa5bb594e5d3,bbc0b1a10dec6a35e8a7bb12148f97382d31ec9a72801a9734eae70aae800557,4584970969370850975,2,47,range32-aggregate,"{""range_bits"":32}",2,2,2,16,adapter_process_wall,67.617841,10.000000,3.101562,736,true,0,,381,956,,,,linux-procfs,process,,,true,,,"Linux procfs read failed: [Errno 13] Permission denied: '/proc/539/io'; private commit and per-process swap I/O are unavailable; VmSwap reports allocation, not swap traffic; No documented hardware or OS energy counter is configured in WSL2",,measured,specialized Bulletproofs range baseline; validate bundle before paper reporting,measurement,true,true,ok,{},128,4,128,range_bits,5.0,12
d46c78ed-5e7c-4ae6-89d1-ced581c32b91,2026-08-09T03:24:51.935812+00:00,C4-BULLETPROOFS-SPECIALIZED,bulletproofs-range-pilot-v1,private_swap,bulletproofs-5.0.0-ristretto,47bfac70c1d6594282e7d744ebd8fa5bb594e5d3,bbc0b1a10dec6a35e8a7bb12148f97382d31ec9a72801a9734eae70aae800557,3810217164573655456,0,48,range32-aggregate,"{""range_bits"":32}",4,4,2,16,native_execution,0.343647,,,,,,,,,,,,,phase,,,true,,,,,measured,specialized Bulletproofs range baseline; validate bundle before paper reporting,measurement,true,true,ok,"{""aggregate_values"":8.0,""application_units"":4.0,""fixture_digest"":2008175112840550.0,""range_bits"":32.0}",,,,,,
d46c78ed-5e7c-4ae6-89d1-ced581c32b91,2026-08-09T03:24:51.935923+00:00,C4-BULLETPROOFS-SPECIALIZED,bulletproofs-range-pilot-v1,private_swap,bulletproofs-5.0.0-ristretto,47bfac70c1d6594282e7d744ebd8fa5bb594e5d3,bbc0b1a10dec6a35e8a7bb12148f97382d31ec9a72801a9734eae70aae800557,3810217164573655456,0,48,range32-aggregate,"{""range_bits"":32}",4,4,2,16,setup_or_preprocess,,,,,,,,,,,,,,phase,,,true,,,Bulletproofs range generators are fixed and setup-free,,measured,specialized Bulletproofs range baseline; validate bundle before paper reporting,measurement,true,false,unsupported,{},,,,,,
d46c78ed-5e7c-4ae6-89d1-ced581c32b91,2026-08-09T03:24:51.935948+00:00,C4-BULLETPROOFS-SPECIALIZED,bulletproofs-range-pilot-v1,private_swap,bulletproofs-5.0.0-ristretto,47bfac70c1d6594282e7d744ebd8fa5bb594e5d3,bbc0b1a10dec6a35e8a7bb12148f97382d31ec9a72801a9734eae70aae800557,3810217164573655456,0,48,range32-aggregate,"{""range_bits"":32}",4,4,2,16,key_load,,,,,,,,,,,,,,phase,,,true,,,the range-proof API has no serialized proving or verification key,,measured,specialized Bulletproofs range baseline; validate bundle before paper reporting,measurement,true,false,unsupported,{},,,,,,
d46c78ed-5e7c-4ae6-89d1-ced581c32b91,2026-08-09T03:24:51.935966+00:00,C4-BULLETPROOFS-SPECIALIZED,bulletproofs-range-pilot-v1,private_swap,bulletproofs-5.0.0-ristretto,47bfac70c1d6594282e7d744ebd8fa5bb594e5d3,bbc0b1a10dec6a35e8a7bb12148f97382d31ec9a72801a9734eae70aae800557,3810217164573655456,0,48,range32-aggregate,"{""range_bits"":32}",4,4,2,16,witness,0.614033,,,,,,,,,,,,,phase,,,true,,,,,measured,specialized Bulletproofs range baseline; validate bundle before paper reporting,measurement,true,true,ok,"{""aggregate_values"":8.0,""range_bits"":32.0}",,,,,,
d46c78ed-5e7c-4ae6-89d1-ced581c32b91,2026-08-09T03:24:51.935985+00:00,C4-BULLETPROOFS-SPECIALIZED,bulletproofs-range-pilot-v1,private_swap,bulletproofs-5.0.0-ristretto,47bfac70c1d6594282e7d744ebd8fa5bb594e5d3,bbc0b1a10dec6a35e8a7bb12148f97382d31ec9a72801a9734eae70aae800557,3810217164573655456,0,48,range32-aggregate,"{""range_bits"":32}",4,4,2,16,prove_total,26.359447,,,,,,,,,,,,,phase,,,true,,,,,measured,specialized Bulletproofs range baseline; validate bundle before paper reporting,measurement,true,true,ok,"{""aggregate_values"":8.0,""range_bits"":32.0}",,,,,,
d46c78ed-5e7c-4ae6-89d1-ced581c32b91,2026-08-09T03:24:51.936003+00:00,C4-BULLETPROOFS-SPECIALIZED,bulletproofs-range-pilot-v1,private_swap,bulletproofs-5.0.0-ristretto,47bfac70c1d6594282e7d744ebd8fa5bb594e5d3,bbc0b1a10dec6a35e8a7bb12148f97382d31ec9a72801a9734eae70aae800557,3810217164573655456,0,48,range32-aggregate,"{""range_bits"":32}",4,4,2,16,serialize,0.002715,,,,,,,,,,,,,phase,,,true,,,,,measured,specialized Bulletproofs range baseline; validate bundle before paper reporting,measurement,true,true,ok,"{""proof_bytes"":800.0}",,,,,,
d46c78ed-5e7c-4ae6-89d1-ced581c32b91,2026-08-09T03:24:51.936020+00:00,C4-BULLETPROOFS-SPECIALIZED,bulletproofs-range-pilot-v1,private_swap,bulletproofs-5.0.0-ristretto,47bfac70c1d6594282e7d744ebd8fa5bb594e5d3,bbc0b1a10dec6a35e8a7bb12148f97382d31ec9a72801a9734eae70aae800557,3810217164573655456,0,48,range32-aggregate,"{""range_bits"":32}",4,4,2,16,verify_core,2.923059,,,,,,,,,,,,,phase,,,true,,,,,measured,specialized Bulletproofs range baseline; validate bundle before paper reporting,measurement,true,true,ok,"{""aggregate_values"":8.0}",,,,,,
d46c78ed-5e7c-4ae6-89d1-ced581c32b91,2026-08-09T03:24:51.936036+00:00,C4-BULLETPROOFS-SPECIALIZED,bulletproofs-range-pilot-v1,private_swap,bulletproofs-5.0.0-ristretto,47bfac70c1d6594282e7d744ebd8fa5bb594e5d3,bbc0b1a10dec6a35e8a7bb12148f97382d31ec9a72801a9734eae70aae800557,3810217164573655456,0,48,range32-aggregate,"{""range_bits"":32}",4,4,2,16,verify_total,2.923059,,,,,,,,,,,,,phase,,,true,,,,,measured,specialized Bulletproofs range baseline; validate bundle before paper reporting,measurement,true,true,ok,{},,,,,,
d46c78ed-5e7c-4ae6-89d1-ced581c32b91,2026-08-09T03:24:51.936074+00:00,C4-BULLETPROOFS-SPECIALIZED,bulletproofs-range-pilot-v1,private_swap,bulletproofs-5.0.0-ristretto,47bfac70c1d6594282e7d744ebd8fa5bb594e5d3,bbc0b1a10dec6a35e8a7bb12148f97382d31ec9a72801a9734eae70aae800557,3810217164573655456,0,48,range32-aggregate,"{""range_bits"":32}",4,4,2,16,adapter_process_wall,85.278941,30.000000,3.203125,800,true,0,,433,956,,,,linux-procfs,process,,,true,,,"private commit and per-process swap I/O are unavailable; VmSwap reports allocation, not swap traffic; No documented hardware or OS energy counter is configured in WSL2",,measured,specialized Bulletproofs range baseline; validate bundle before paper reporting,measurement,true,true,ok,{},256,8,256,range_bits,5.0,16
0610183b-90c1-439c-8cc9-f4b3b6ff1fd6,2026-08-09T03:24:52.005926+00:00,C4-BULLETPROOFS-SPECIALIZED,bulletproofs-range-pilot-v1,private_swap,bulletproofs-5.0.0-ristretto,47bfac70c1d6594282e7d744ebd8fa5bb594e5d3,bbc0b1a10dec6a35e8a7bb12148f97382d31ec9a72801a9734eae70aae800557,7804881988330036269,2,49,range32-aggregate,"{""range_bits"":32}",2,2,4,16,native_execution,0.190064,,,,,,,,,,,,,phase,,,true,wrong_public_input,,,,measured,specialized Bulletproofs range baseline; validate bundle before paper reporting,measurement,true,true,ok,"{""aggregate_values"":4.0,""application_units"":2.0,""fixture_digest"":3250878250955315.0,""range_bits"":32.0}",,,,,,
0610183b-90c1-439c-8cc9-f4b3b6ff1fd6,2026-08-09T03:24:52.006028+00:00,C4-BULLETPROOFS-SPECIALIZED,bulletproofs-range-pilot-v1,private_swap,bulletproofs-5.0.0-ristretto,47bfac70c1d6594282e7d744ebd8fa5bb594e5d3,bbc0b1a10dec6a35e8a7bb12148f97382d31ec9a72801a9734eae70aae800557,7804881988330036269,2,49,range32-aggregate,"{""range_bits"":32}",2,2,4,16,setup_or_preprocess,,,,,,,,,,,,,,phase,,,true,wrong_public_input,,Bulletproofs range generators are fixed and setup-free,,measured,specialized Bulletproofs range baseline; validate bundle before paper reporting,measurement,true,false,unsupported,{},,,,,,
0610183b-90c1-439c-8cc9-f4b3b6ff1fd6,2026-08-09T03:24:52.006049+00:00,C4-BULLETPROOFS-SPECIALIZED,bulletproofs-range-pilot-v1,private_swap,bulletproofs-5.0.0-ristretto,47bfac70c1d6594282e7d744ebd8fa5bb594e5d3,bbc0b1a10dec6a35e8a7bb12148f97382d31ec9a72801a9734eae70aae800557,7804881988330036269,2,49,range32-aggregate,"{""range_bits"":32}",2,2,4,16,key_load,,,,,,,,,,,,,,phase,,,true,wrong_public_input,,the range-proof API has no serialized proving or verification key,,measured,specialized Bulletproofs range baseline; validate bundle before paper reporting,measurement,true,false,unsupported,{},,,,,,
0610183b-90c1-439c-8cc9-f4b3b6ff1fd6,2026-08-09T03:24:52.006065+00:00,C4-BULLETPROOFS-SPECIALIZED,bulletproofs-range-pilot-v1,private_swap,bulletproofs-5.0.0-ristretto,47bfac70c1d6594282e7d744ebd8fa5bb594e5d3,bbc0b1a10dec6a35e8a7bb12148f97382d31ec9a72801a9734eae70aae800557,7804881988330036269,2,49,range32-aggregate,"{""range_bits"":32}",2,2,4,16,witness,0.435952,,,,,,,,,,,,,phase,,,true,wrong_public_input,,,,measured,specialized Bulletproofs range baseline; validate bundle before paper reporting,measurement,true,true,ok,"{""aggregate_values"":4.0,""range_bits"":32.0}",,,,,,
0610183b-90c1-439c-8cc9-f4b3b6ff1fd6,2026-08-09T03:24:52.006079+00:00,C4-BULLETPROOFS-SPECIALIZED,bulletproofs-range-pilot-v1,private_swap,bulletproofs-5.0.0-ristretto,47bfac70c1d6594282e7d744ebd8fa5bb594e5d3,bbc0b1a10dec6a35e8a7bb12148f97382d31ec9a72801a9734eae70aae800557,7804881988330036269,2,49,range32-aggregate,"{""range_bits"":32}",2,2,4,16,prove_total,14.908229,,,,,,,,,,,,,phase,,,true,wrong_public_input,,,,measured,specialized Bulletproofs range baseline; validate bundle before paper reporting,measurement,true,true,ok,"{""aggregate_values"":4.0,""range_bits"":32.0}",,,,,,
0610183b-90c1-439c-8cc9-f4b3b6ff1fd6,2026-08-09T03:24:52.006094+00:00,C4-BULLETPROOFS-SPECIALIZED,bulletproofs-range-pilot-v1,private_swap,bulletproofs-5.0.0-ristretto,47bfac70c1d6594282e7d744ebd8fa5bb594e5d3,bbc0b1a10dec6a35e8a7bb12148f97382d31ec9a72801a9734eae70aae800557,7804881988330036269,2,49,range32-aggregate,"{""range_bits"":32}",2,2,4,16,serialize,0.001512,,,,,,,,,,,,,phase,,,true,wrong_public_input,,,,measured,specialized Bulletproofs range baseline; validate bundle before paper reporting,measurement,true,true,ok,"{""proof_bytes"":736.0}",,,,,,
0610183b-90c1-439c-8cc9-f4b3b6ff1fd6,2026-08-09T03:24:52.006108+00:00,C4-BULLETPROOFS-SPECIALIZED,bulletproofs-range-pilot-v1,private_swap,bulletproofs-5.0.0-ristretto,47bfac70c1d6594282e7d744ebd8fa5bb594e5d3,bbc0b1a10dec6a35e8a7bb12148f97382d31ec9a72801a9734eae70aae800557,7804881988330036269,2,49,range32-aggregate,"{""range_bits"":32}",2,2,4,16,verify_core,1.755597,,,,,,,,,,,,,phase,,,true,wrong_public_input,1.755597,,,measured,specialized Bulletproofs range baseline; validate bundle before paper reporting,measurement,true,true,ok,"{""aggregate_values"":4.0}",,,,,,
0610183b-90c1-439c-8cc9-f4b3b6ff1fd6,2026-08-09T03:24:52.006122+00:00,C4-BULLETPROOFS-SPECIALIZED,bulletproofs-range-pilot-v1,private_swap,bulletproofs-5.0.0-ristretto,47bfac70c1d6594282e7d744ebd8fa5bb594e5d3,bbc0b1a10dec6a35e8a7bb12148f97382d31ec9a72801a9734eae70aae800557,7804881988330036269,2,49,range32-aggregate,"{""range_bits"":32}",2,2,4,16,verify_total,1.755597,,,,,,,,,,,,,phase,,,true,wrong_public_input,,,,measured,specialized Bulletproofs range baseline; validate bundle before paper reporting,measurement,true,true,ok,{},,,,,,
0610183b-90c1-439c-8cc9-f4b3b6ff1fd6,2026-08-09T03:24:52.006136+00:00,C4-BULLETPROOFS-SPECIALIZED,bulletproofs-range-pilot-v1,private_swap,bulletproofs-5.0.0-ristretto,47bfac70c1d6594282e7d744ebd8fa5bb594e5d3,bbc0b1a10dec6a35e8a7bb12148f97382d31ec9a72801a9734eae70aae800557,7804881988330036269,2,49,range32-aggregate,"{""range_bits"":32}",2,2,4,16,invalid_reject,1.755597,,,,,,,,,,,,,phase,,,true,wrong_public_input,,,,measured,specialized Bulletproofs range baseline; validate bundle before paper reporting,measurement,true,true,ok,"{""aggregate_values"":4.0}",,,,,,
0610183b-90c1-439c-8cc9-f4b3b6ff1fd6,2026-08-09T03:24:52.006149+00:00,C4-BULLETPROOFS-SPECIALIZED,bulletproofs-range-pilot-v1,private_swap,bulletproofs-5.0.0-ristretto,47bfac70c1d6594282e7d744ebd8fa5bb594e5d3,bbc0b1a10dec6a35e8a7bb12148f97382d31ec9a72801a9734eae70aae800557,7804881988330036269,2,49,range32-aggregate,"{""range_bits"":32}",2,2,4,16,adapter_process_wall,68.813220,20.000000,3.109375,736,false,0,cryptographic_rejection,383,956,,,,linux-procfs,process,,,true,wrong_public_input,,"private commit and per-process swap I/O are unavailable; VmSwap reports allocation, not swap traffic; No documented hardware or OS energy counter is configured in WSL2",,measured,specialized Bulletproofs range baseline; validate bundle before paper reporting,measurement,true,true,ok,{},128,4,128,range_bits,5.0,13
d8d07f97-5a6b-4c3d-84c2-87cfa0f51a8d,2026-08-09T03:24:52.121571+00:00,C4-BULLETPROOFS-SPECIALIZED,bulletproofs-range-pilot-v1,private_swap,bulletproofs-5.0.0-ristretto,47bfac70c1d6594282e7d744ebd8fa5bb594e5d3,bbc0b1a10dec6a35e8a7bb12148f97382d31ec9a72801a9734eae70aae800557,5493141777099367956,1,50,range32-aggregate,"{""range_bits"":32}",8,8,2,16,native_execution,0.189282,,,,,,,,,,,,,phase,,,true,wrong_public_input,,,,measured,specialized Bulletproofs range baseline; validate bundle before paper reporting,measurement,true,true,ok,"{""aggregate_values"":16.0,""application_units"":8.0,""fixture_digest"":4335391671805726.0,""range_bits"":32.0}",,,,,,
d8d07f97-5a6b-4c3d-84c2-87cfa0f51a8d,2026-08-09T03:24:52.121645+00:00,C4-BULLETPROOFS-SPECIALIZED,bulletproofs-range-pilot-v1,private_swap,bulletproofs-5.0.0-ristretto,47bfac70c1d6594282e7d744ebd8fa5bb594e5d3,bbc0b1a10dec6a35e8a7bb12148f97382d31ec9a72801a9734eae70aae800557,5493141777099367956,1,50,range32-aggregate,"{""range_bits"":32}",8,8,2,16,setup_or_preprocess,,,,,,,,,,,,,,phase,,,true,wrong_public_input,,Bulletproofs range generators are fixed and setup-free,,measured,specialized Bulletproofs range baseline; validate bundle before paper reporting,measurement,true,false,unsupported,{},,,,,,
d8d07f97-5a6b-4c3d-84c2-87cfa0f51a8d,2026-08-09T03:24:52.121664+00:00,C4-BULLETPROOFS-SPECIALIZED,bulletproofs-range-pilot-v1,private_swap,bulletproofs-5.0.0-ristretto,47bfac70c1d6594282e7d744ebd8fa5bb594e5d3,bbc0b1a10dec6a35e8a7bb12148f97382d31ec9a72801a9734eae70aae800557,5493141777099367956,1,50,range32-aggregate,"{""range_bits"":32}",8,8,2,16,key_load,,,,,,,,,,,,,,phase,,,true,wrong_public_input,,the range-proof API has no serialized proving or verification key,,measured,specialized Bulletproofs range baseline; validate bundle before paper reporting,measurement,true,false,unsupported,{},,,,,,
d8d07f97-5a6b-4c3d-84c2-87cfa0f51a8d,2026-08-09T03:24:52.121678+00:00,C4-BULLETPROOFS-SPECIALIZED,bulletproofs-range-pilot-v1,private_swap,bulletproofs-5.0.0-ristretto,47bfac70c1d6594282e7d744ebd8fa5bb594e5d3,bbc0b1a10dec6a35e8a7bb12148f97382d31ec9a72801a9734eae70aae800557,5493141777099367956,1,50,range32-aggregate,"{""range_bits"":32}",8,8,2,16,witness,0.494250,,,,,,,,,,,,,phase,,,true,wrong_public_input,,,,measured,specialized Bulletproofs range baseline; validate bundle before paper reporting,measurement,true,true,ok,"{""aggregate_values"":16.0,""range_bits"":32.0}",,,,,,
d8d07f97-5a6b-4c3d-84c2-87cfa0f51a8d,2026-08-09T03:24:52.121692+00:00,C4-BULLETPROOFS-SPECIALIZED,bulletproofs-range-pilot-v1,private_swap,bulletproofs-5.0.0-ristretto,47bfac70c1d6594282e7d744ebd8fa5bb594e5d3,bbc0b1a10dec6a35e8a7bb12148f97382d31ec9a72801a9734eae70aae800557,5493141777099367956,1,50,range32-aggregate,"{""range_bits"":32}",8,8,2,16,prove_total,48.141808,,,,,,,,,,,,,phase,,,true,wrong_public_input,,,,measured,specialized Bulletproofs range baseline; validate bundle before paper reporting,measurement,true,true,ok,"{""aggregate_values"":16.0,""range_bits"":32.0}",,,,,,
d8d07f97-5a6b-4c3d-84c2-87cfa0f51a8d,2026-08-09T03:24:52.121706+00:00,C4-BULLETPROOFS-SPECIALIZED,bulletproofs-range-pilot-v1,private_swap,bulletproofs-5.0.0-ristretto,47bfac70c1d6594282e7d744ebd8fa5bb594e5d3,bbc0b1a10dec6a35e8a7bb12148f97382d31ec9a72801a9734eae70aae800557,5493141777099367956,1,50,range32-aggregate,"{""range_bits"":32}",8,8,2,16,serialize,0.002755,,,,,,,,,,,,,phase,,,true,wrong_public_input,,,,measured,specialized Bulletproofs range baseline; validate bundle before paper reporting,measurement,true,true,ok,"{""proof_bytes"":864.0}",,,,,,
d8d07f97-5a6b-4c3d-84c2-87cfa0f51a8d,2026-08-09T03:24:52.121720+00:00,C4-BULLETPROOFS-SPECIALIZED,bulletproofs-range-pilot-v1,private_swap,bulletproofs-5.0.0-ristretto,47bfac70c1d6594282e7d744ebd8fa5bb594e5d3,bbc0b1a10dec6a35e8a7bb12148f97382d31ec9a72801a9734eae70aae800557,5493141777099367956,1,50,range32-aggregate,"{""range_bits"":32}",8,8,2,16,verify_core,4.888256,,,,,,,,,,,,,phase,,,true,wrong_public_input,4.888256,,,measured,specialized Bulletproofs range baseline; validate bundle before paper reporting,measurement,true,true,ok,"{""aggregate_values"":16.0}",,,,,,
d8d07f97-5a6b-4c3d-84c2-87cfa0f51a8d,2026-08-09T03:24:52.121733+00:00,C4-BULLETPROOFS-SPECIALIZED,bulletproofs-range-pilot-v1,private_swap,bulletproofs-5.0.0-ristretto,47bfac70c1d6594282e7d744ebd8fa5bb594e5d3,bbc0b1a10dec6a35e8a7bb12148f97382d31ec9a72801a9734eae70aae800557,5493141777099367956,1,50,range32-aggregate,"{""range_bits"":32}",8,8,2,16,verify_total,4.888256,,,,,,,,,,,,,phase,,,true,wrong_public_input,,,,measured,specialized Bulletproofs range baseline; validate bundle before paper reporting,measurement,true,true,ok,{},,,,,,
d8d07f97-5a6b-4c3d-84c2-87cfa0f51a8d,2026-08-09T03:24:52.121746+00:00,C4-BULLETPROOFS-SPECIALIZED,bulletproofs-range-pilot-v1,private_swap,bulletproofs-5.0.0-ristretto,47bfac70c1d6594282e7d744ebd8fa5bb594e5d3,bbc0b1a10dec6a35e8a7bb12148f97382d31ec9a72801a9734eae70aae800557,5493141777099367956,1,50,range32-aggregate,"{""range_bits"":32}",8,8,2,16,invalid_reject,4.888256,,,,,,,,,,,,,phase,,,true,wrong_public_input,,,,measured,specialized Bulletproofs range baseline; validate bundle before paper reporting,measurement,true,true,ok,"{""aggregate_values"":16.0}",,,,,,
d8d07f97-5a6b-4c3d-84c2-87cfa0f51a8d,2026-08-09T03:24:52.121759+00:00,C4-BULLETPROOFS-SPECIALIZED,bulletproofs-range-pilot-v1,private_swap,bulletproofs-5.0.0-ristretto,47bfac70c1d6594282e7d744ebd8fa5bb594e5d3,bbc0b1a10dec6a35e8a7bb12148f97382d31ec9a72801a9734eae70aae800557,5493141777099367956,1,50,range32-aggregate,"{""range_bits"":32}",8,8,2,16,adapter_process_wall,114.388293,50.000000,3.613281,864,false,0,cryptographic_rejection,646,956,,,,linux-procfs,process,,,true,wrong_public_input,,"private commit and per-process swap I/O are unavailable; VmSwap reports allocation, not swap traffic; No documented hardware or OS energy counter is configured in WSL2",,measured,specialized Bulletproofs range baseline; validate bundle before paper reporting,measurement,true,true,ok,{},512,16,512,range_bits,5.0,21
ae8ac09b-23f9-41e5-a325-771bcb7c21ae,2026-08-09T03:24:52.207117+00:00,C4-BULLETPROOFS-SPECIALIZED,bulletproofs-range-pilot-v1,private_swap,bulletproofs-5.0.0-ristretto,47bfac70c1d6594282e7d744ebd8fa5bb594e5d3,bbc0b1a10dec6a35e8a7bb12148f97382d31ec9a72801a9734eae70aae800557,7556948447768315252,1,51,range32-aggregate,"{""range_bits"":32}",4,4,4,16,native_execution,0.236850,,,,,,,,,,,,,phase,,,true,wrong_public_input,,,,measured,specialized Bulletproofs range baseline; validate bundle before paper reporting,measurement,true,true,ok,"{""aggregate_values"":8.0,""application_units"":4.0,""fixture_digest"":3203977205132270.0,""range_bits"":32.0}",,,,,,
ae8ac09b-23f9-41e5-a325-771bcb7c21ae,2026-08-09T03:24:52.207237+00:00,C4-BULLETPROOFS-SPECIALIZED,bulletproofs-range-pilot-v1,private_swap,bulletproofs-5.0.0-ristretto,47bfac70c1d6594282e7d744ebd8fa5bb594e5d3,bbc0b1a10dec6a35e8a7bb12148f97382d31ec9a72801a9734eae70aae800557,7556948447768315252,1,51,range32-aggregate,"{""range_bits"":32}",4,4,4,16,setup_or_preprocess,,,,,,,,,,,,,,phase,,,true,wrong_public_input,,Bulletproofs range generators are fixed and setup-free,,measured,specialized Bulletproofs range baseline; validate bundle before paper reporting,measurement,true,false,unsupported,{},,,,,,
ae8ac09b-23f9-41e5-a325-771bcb7c21ae,2026-08-09T03:24:52.207262+00:00,C4-BULLETPROOFS-SPECIALIZED,bulletproofs-range-pilot-v1,private_swap,bulletproofs-5.0.0-ristretto,47bfac70c1d6594282e7d744ebd8fa5bb594e5d3,bbc0b1a10dec6a35e8a7bb12148f97382d31ec9a72801a9734eae70aae800557,7556948447768315252,1,51,range32-aggregate,"{""range_bits"":32}",4,4,4,16,key_load,,,,,,,,,,,,,,phase,,,true,wrong_public_input,,the range-proof API has no serialized proving or verification key,,measured,specialized Bulletproofs range baseline; validate bundle before paper reporting,measurement,true,false,unsupported,{},,,,,,
ae8ac09b-23f9-41e5-a325-771bcb7c21ae,2026-08-09T03:24:52.207284+00:00,C4-BULLETPROOFS-SPECIALIZED,bulletproofs-range-pilot-v1,private_swap,bulletproofs-5.0.0-ristretto,47bfac70c1d6594282e7d744ebd8fa5bb594e5d3,bbc0b1a10dec6a35e8a7bb12148f97382d31ec9a72801a9734eae70aae800557,7556948447768315252,1,51,range32-aggregate,"{""range_bits"":32}",4,4,4,16,witness,0.529375,,,,,,,,,,,,,phase,,,true,wrong_public_input,,,,measured,specialized Bulletproofs range baseline; validate bundle before paper reporting,measurement,true,true,ok,"{""aggregate_values"":8.0,""range_bits"":32.0}",,,,,,
ae8ac09b-23f9-41e5-a325-771bcb7c21ae,2026-08-09T03:24:52.207309+00:00,C4-BULLETPROOFS-SPECIALIZED,bulletproofs-range-pilot-v1,private_swap,bulletproofs-5.0.0-ristretto,47bfac70c1d6594282e7d744ebd8fa5bb594e5d3,bbc0b1a10dec6a35e8a7bb12148f97382d31ec9a72801a9734eae70aae800557,7556948447768315252,1,51,range32-aggregate,"{""range_bits"":32}",4,4,4,16,prove_total,26.606173,,,,,,,,,,,,,phase,,,true,wrong_public_input,,,,measured,specialized Bulletproofs range baseline; validate bundle before paper reporting,measurement,true,true,ok,"{""aggregate_values"":8.0,""range_bits"":32.0}",,,,,,
ae8ac09b-23f9-41e5-a325-771bcb7c21ae,2026-08-09T03:24:52.207367+00:00,C4-BULLETPROOFS-SPECIALIZED,bulletproofs-range-pilot-v1,private_swap,bulletproofs-5.0.0-ristretto,47bfac70c1d6594282e7d744ebd8fa5bb594e5d3,bbc0b1a10dec6a35e8a7bb12148f97382d31ec9a72801a9734eae70aae800557,7556948447768315252,1,51,range32-aggregate,"{""range_bits"":32}",4,4,4,16,serialize,0.002464,,,,,,,,,,,,,phase,,,true,wrong_public_input,,,,measured,specialized Bulletproofs range baseline; validate bundle before paper reporting,measurement,true,true,ok,"{""proof_bytes"":800.0}",,,,,,
ae8ac09b-23f9-41e5-a325-771bcb7c21ae,2026-08-09T03:24:52.207451+00:00,C4-BULLETPROOFS-SPECIALIZED,bulletproofs-range-pilot-v1,private_swap,bulletproofs-5.0.0-ristretto,47bfac70c1d6594282e7d744ebd8fa5bb594e5d3,bbc0b1a10dec6a35e8a7bb12148f97382d31ec9a72801a9734eae70aae800557,7556948447768315252,1,51,range32-aggregate,"{""range_bits"":32}",4,4,4,16,verify_core,3.176140,,,,,,,,,,,,,phase,,,true,wrong_public_input,3.176140,,,measured,specialized Bulletproofs range baseline; validate bundle before paper reporting,measurement,true,true,ok,"{""aggregate_values"":8.0}",,,,,,
ae8ac09b-23f9-41e5-a325-771bcb7c21ae,2026-08-09T03:24:52.207506+00:00,C4-BULLETPROOFS-SPECIALIZED,bulletproofs-range-pilot-v1,private_swap,bulletproofs-5.0.0-ristretto,47bfac70c1d6594282e7d744ebd8fa5bb594e5d3,bbc0b1a10dec6a35e8a7bb12148f97382d31ec9a72801a9734eae70aae800557,7556948447768315252,1,51,range32-aggregate,"{""range_bits"":32}",4,4,4,16,verify_total,3.176140,,,,,,,,,,,,,phase,,,true,wrong_public_input,,,,measured,specialized Bulletproofs range baseline; validate bundle before paper reporting,measurement,true,true,ok,{},,,,,,
ae8ac09b-23f9-41e5-a325-771bcb7c21ae,2026-08-09T03:24:52.207529+00:00,C4-BULLETPROOFS-SPECIALIZED,bulletproofs-range-pilot-v1,private_swap,bulletproofs-5.0.0-ristretto,47bfac70c1d6594282e7d744ebd8fa5bb594e5d3,bbc0b1a10dec6a35e8a7bb12148f97382d31ec9a72801a9734eae70aae800557,7556948447768315252,1,51,range32-aggregate,"{""range_bits"":32}",4,4,4,16,invalid_reject,3.176140,,,,,,,,,,,,,phase,,,true,wrong_public_input,,,,measured,specialized Bulletproofs range baseline; validate bundle before paper reporting,measurement,true,true,ok,"{""aggregate_values"":8.0}",,,,,,
ae8ac09b-23f9-41e5-a325-771bcb7c21ae,2026-08-09T03:24:52.207549+00:00,C4-BULLETPROOFS-SPECIALIZED,bulletproofs-range-pilot-v1,private_swap,bulletproofs-5.0.0-ristretto,47bfac70c1d6594282e7d744ebd8fa5bb594e5d3,bbc0b1a10dec6a35e8a7bb12148f97382d31ec9a72801a9734eae70aae800557,7556948447768315252,1,51,range32-aggregate,"{""range_bits"":32}",4,4,4,16,adapter_process_wall,84.500768,30.000000,3.183594,800,false,0,cryptographic_rejection,430,956,,,,linux-procfs,process,,,true,wrong_public_input,,"private commit and per-process swap I/O are unavailable; VmSwap reports allocation, not swap traffic; No documented hardware or OS energy counter is configured in WSL2",,measured,specialized Bulletproofs range baseline; validate bundle before paper reporting,measurement,true,true,ok,{},256,8,256,range_bits,5.0,16
f303c51f-b4e3-4664-a411-039b2eab5261,2026-08-09T03:24:52.325327+00:00,C4-BULLETPROOFS-SPECIALIZED,bulletproofs-range-pilot-v1,private_swap,bulletproofs-5.0.0-ristretto,47bfac70c1d6594282e7d744ebd8fa5bb594e5d3,bbc0b1a10dec6a35e8a7bb12148f97382d31ec9a72801a9734eae70aae800557,4096637795167601835,1,52,range32-aggregate,"{""range_bits"":32}",8,8,2,16,native_execution,0.185716,,,,,,,,,,,,,phase,,,true,,,,,measured,specialized Bulletproofs range baseline; validate bundle before paper reporting,measurement,true,true,ok,"{""aggregate_values"":16.0,""application_units"":8.0,""fixture_digest"":3645368826436103.0,""range_bits"":32.0}",,,,,,
f303c51f-b4e3-4664-a411-039b2eab5261,2026-08-09T03:24:52.325396+00:00,C4-BULLETPROOFS-SPECIALIZED,bulletproofs-range-pilot-v1,private_swap,bulletproofs-5.0.0-ristretto,47bfac70c1d6594282e7d744ebd8fa5bb594e5d3,bbc0b1a10dec6a35e8a7bb12148f97382d31ec9a72801a9734eae70aae800557,4096637795167601835,1,52,range32-aggregate,"{""range_bits"":32}",8,8,2,16,setup_or_preprocess,,,,,,,,,,,,,,phase,,,true,,,Bulletproofs range generators are fixed and setup-free,,measured,specialized Bulletproofs range baseline; validate bundle before paper reporting,measurement,true,false,unsupported,{},,,,,,
f303c51f-b4e3-4664-a411-039b2eab5261,2026-08-09T03:24:52.325415+00:00,C4-BULLETPROOFS-SPECIALIZED,bulletproofs-range-pilot-v1,private_swap,bulletproofs-5.0.0-ristretto,47bfac70c1d6594282e7d744ebd8fa5bb594e5d3,bbc0b1a10dec6a35e8a7bb12148f97382d31ec9a72801a9734eae70aae800557,4096637795167601835,1,52,range32-aggregate,"{""range_bits"":32}",8,8,2,16,key_load,,,,,,,,,,,,,,phase,,,true,,,the range-proof API has no serialized proving or verification key,,measured,specialized Bulletproofs range baseline; validate bundle before paper reporting,measurement,true,false,unsupported,{},,,,,,
f303c51f-b4e3-4664-a411-039b2eab5261,2026-08-09T03:24:52.325430+00:00,C4-BULLETPROOFS-SPECIALIZED,bulletproofs-range-pilot-v1,private_swap,bulletproofs-5.0.0-ristretto,47bfac70c1d6594282e7d744ebd8fa5bb594e5d3,bbc0b1a10dec6a35e8a7bb12148f97382d31ec9a72801a9734eae70aae800557,4096637795167601835,1,52,range32-aggregate,"{""range_bits"":32}",8,8,2,16,witness,0.508787,,,,,,,,,,,,,phase,,,true,,,,,measured,specialized Bulletproofs range baseline; validate bundle before paper reporting,measurement,true,true,ok,"{""aggregate_values"":16.0,""range_bits"":32.0}",,,,,,
f303c51f-b4e3-4664-a411-039b2eab5261,2026-08-09T03:24:52.325445+00:00,C4-BULLETPROOFS-SPECIALIZED,bulletproofs-range-pilot-v1,private_swap,bulletproofs-5.0.0-ristretto,47bfac70c1d6594282e7d744ebd8fa5bb594e5d3,bbc0b1a10dec6a35e8a7bb12148f97382d31ec9a72801a9734eae70aae800557,4096637795167601835,1,52,range32-aggregate,"{""range_bits"":32}",8,8,2,16,prove_total,52.518266,,,,,,,,,,,,,phase,,,true,,,,,measured,specialized Bulletproofs range baseline; validate bundle before paper reporting,measurement,true,true,ok,"{""aggregate_values"":16.0,""range_bits"":32.0}",,,,,,
f303c51f-b4e3-4664-a411-039b2eab5261,2026-08-09T03:24:52.325459+00:00,C4-BULLETPROOFS-SPECIALIZED,bulletproofs-range-pilot-v1,private_swap,bulletproofs-5.0.0-ristretto,47bfac70c1d6594282e7d744ebd8fa5bb594e5d3,bbc0b1a10dec6a35e8a7bb12148f97382d31ec9a72801a9734eae70aae800557,4096637795167601835,1,52,range32-aggregate,"{""range_bits"":32}",8,8,2,16,serialize,0.001994,,,,,,,,,,,,,phase,,,true,,,,,measured,specialized Bulletproofs range baseline; validate bundle before paper reporting,measurement,true,true,ok,"{""proof_bytes"":864.0}",,,,,,
f303c51f-b4e3-4664-a411-039b2eab5261,2026-08-09T03:24:52.325474+00:00,C4-BULLETPROOFS-SPECIALIZED,bulletproofs-range-pilot-v1,private_swap,bulletproofs-5.0.0-ristretto,47bfac70c1d6594282e7d744ebd8fa5bb594e5d3,bbc0b1a10dec6a35e8a7bb12148f97382d31ec9a72801a9734eae70aae800557,4096637795167601835,1,52,range32-aggregate,"{""range_bits"":32}",8,8,2,16,verify_core,4.715460,,,,,,,,,,,,,phase,,,true,,,,,measured,specialized Bulletproofs range baseline; validate bundle before paper reporting,measurement,true,true,ok,"{""aggregate_values"":16.0}",,,,,,
f303c51f-b4e3-4664-a411-039b2eab5261,2026-08-09T03:24:52.325487+00:00,C4-BULLETPROOFS-SPECIALIZED,bulletproofs-range-pilot-v1,private_swap,bulletproofs-5.0.0-ristretto,47bfac70c1d6594282e7d744ebd8fa5bb594e5d3,bbc0b1a10dec6a35e8a7bb12148f97382d31ec9a72801a9734eae70aae800557,4096637795167601835,1,52,range32-aggregate,"{""range_bits"":32}",8,8,2,16,verify_total,4.715460,,,,,,,,,,,,,phase,,,true,,,,,measured,specialized Bulletproofs range baseline; validate bundle before paper reporting,measurement,true,true,ok,{},,,,,,
f303c51f-b4e3-4664-a411-039b2eab5261,2026-08-09T03:24:52.325500+00:00,C4-BULLETPROOFS-SPECIALIZED,bulletproofs-range-pilot-v1,private_swap,bulletproofs-5.0.0-ristretto,47bfac70c1d6594282e7d744ebd8fa5bb594e5d3,bbc0b1a10dec6a35e8a7bb12148f97382d31ec9a72801a9734eae70aae800557,4096637795167601835,1,52,range32-aggregate,"{""range_bits"":32}",8,8,2,16,adapter_process_wall,116.795060,60.000000,3.613281,864,true,0,,644,956,,,,linux-procfs,process,,,true,,,"private commit and per-process swap I/O are unavailable; VmSwap reports allocation, not swap traffic; No documented hardware or OS energy counter is configured in WSL2",,measured,specialized Bulletproofs range baseline; validate bundle before paper reporting,measurement,true,true,ok,{},512,16,512,range_bits,5.0,22
372252d0-7b21-4e51-87c4-033e88ad03c3,2026-08-09T03:24:52.394634+00:00,C4-BULLETPROOFS-SPECIALIZED,bulletproofs-range-pilot-v1,private_swap,bulletproofs-5.0.0-ristretto,47bfac70c1d6594282e7d744ebd8fa5bb594e5d3,bbc0b1a10dec6a35e8a7bb12148f97382d31ec9a72801a9734eae70aae800557,3056106443309002803,2,53,range32-aggregate,"{""range_bits"":32}",2,2,1,16,native_execution,0.179865,,,,,,,,,,,,,phase,,,true,wrong_public_input,,,,measured,specialized Bulletproofs range baseline; validate bundle before paper reporting,measurement,true,true,ok,"{""aggregate_values"":4.0,""application_units"":2.0,""fixture_digest"":1510965443096753.0,""range_bits"":32.0}",,,,,,
372252d0-7b21-4e51-87c4-033e88ad03c3,2026-08-09T03:24:52.394779+00:00,C4-BULLETPROOFS-SPECIALIZED,bulletproofs-range-pilot-v1,private_swap,bulletproofs-5.0.0-ristretto,47bfac70c1d6594282e7d744ebd8fa5bb594e5d3,bbc0b1a10dec6a35e8a7bb12148f97382d31ec9a72801a9734eae70aae800557,3056106443309002803,2,53,range32-aggregate,"{""range_bits"":32}",2,2,1,16,setup_or_preprocess,,,,,,,,,,,,,,phase,,,true,wrong_public_input,,Bulletproofs range generators are fixed and setup-free,,measured,specialized Bulletproofs range baseline; validate bundle before paper reporting,measurement,true,false,unsupported,{},,,,,,
372252d0-7b21-4e51-87c4-033e88ad03c3,2026-08-09T03:24:52.394806+00:00,C4-BULLETPROOFS-SPECIALIZED,bulletproofs-range-pilot-v1,private_swap,bulletproofs-5.0.0-ristretto,47bfac70c1d6594282e7d744ebd8fa5bb594e5d3,bbc0b1a10dec6a35e8a7bb12148f97382d31ec9a72801a9734eae70aae800557,3056106443309002803,2,53,range32-aggregate,"{""range_bits"":32}",2,2,1,16,key_load,,,,,,,,,,,,,,phase,,,true,wrong_public_input,,the range-proof API has no serialized proving or verification key,,measured,specialized Bulletproofs range baseline; validate bundle before paper reporting,measurement,true,false,unsupported,{},,,,,,
372252d0-7b21-4e51-87c4-033e88ad03c3,2026-08-09T03:24:52.394826+00:00,C4-BULLETPROOFS-SPECIALIZED,bulletproofs-range-pilot-v1,private_swap,bulletproofs-5.0.0-ristretto,47bfac70c1d6594282e7d744ebd8fa5bb594e5d3,bbc0b1a10dec6a35e8a7bb12148f97382d31ec9a72801a9734eae70aae800557,3056106443309002803,2,53,range32-aggregate,"{""range_bits"":32}",2,2,1,16,witness,0.524105,,,,,,,,,,,,,phase,,,true,wrong_public_input,,,,measured,specialized Bulletproofs range baseline; validate bundle before paper reporting,measurement,true,true,ok,"{""aggregate_values"":4.0,""range_bits"":32.0}",,,,,,
372252d0-7b21-4e51-87c4-033e88ad03c3,2026-08-09T03:24:52.394849+00:00,C4-BULLETPROOFS-SPECIALIZED,bulletproofs-range-pilot-v1,private_swap,bulletproofs-5.0.0-ristretto,47bfac70c1d6594282e7d744ebd8fa5bb594e5d3,bbc0b1a10dec6a35e8a7bb12148f97382d31ec9a72801a9734eae70aae800557,3056106443309002803,2,53,range32-aggregate,"{""range_bits"":32}",2,2,1,16,prove_total,13.834412,,,,,,,,,,,,,phase,,,true,wrong_public_input,,,,measured,specialized Bulletproofs range baseline; validate bundle before paper reporting,measurement,true,true,ok,"{""aggregate_values"":4.0,""range_bits"":32.0}",,,,,,
372252d0-7b21-4e51-87c4-033e88ad03c3,2026-08-09T03:24:52.394872+00:00,C4-BULLETPROOFS-SPECIALIZED,bulletproofs-range-pilot-v1,private_swap,bulletproofs-5.0.0-ristretto,47bfac70c1d6594282e7d744ebd8fa5bb594e5d3,bbc0b1a10dec6a35e8a7bb12148f97382d31ec9a72801a9734eae70aae800557,3056106443309002803,2,53,range32-aggregate,"{""range_bits"":32}",2,2,1,16,serialize,0.002074,,,,,,,,,,,,,phase,,,true,wrong_public_input,,,,measured,specialized Bulletproofs range baseline; validate bundle before paper reporting,measurement,true,true,ok,"{""proof_bytes"":736.0}",,,,,,
372252d0-7b21-4e51-87c4-033e88ad03c3,2026-08-09T03:24:52.394925+00:00,C4-BULLETPROOFS-SPECIALIZED,bulletproofs-range-pilot-v1,private_swap,bulletproofs-5.0.0-ristretto,47bfac70c1d6594282e7d744ebd8fa5bb594e5d3,bbc0b1a10dec6a35e8a7bb12148f97382d31ec9a72801a9734eae70aae800557,3056106443309002803,2,53,range32-aggregate,"{""range_bits"":32}",2,2,1,16,verify_core,1.895873,,,,,,,,,,,,,phase,,,true,wrong_public_input,1.895873,,,measured,specialized Bulletproofs range baseline; validate bundle before paper reporting,measurement,true,true,ok,"{""aggregate_values"":4.0}",,,,,,
372252d0-7b21-4e51-87c4-033e88ad03c3,2026-08-09T03:24:52.394948+00:00,C4-BULLETPROOFS-SPECIALIZED,bulletproofs-range-pilot-v1,private_swap,bulletproofs-5.0.0-ristretto,47bfac70c1d6594282e7d744ebd8fa5bb594e5d3,bbc0b1a10dec6a35e8a7bb12148f97382d31ec9a72801a9734eae70aae800557,3056106443309002803,2,53,range32-aggregate,"{""range_bits"":32}",2,2,1,16,verify_total,1.895873,,,,,,,,,,,,,phase,,,true,wrong_public_input,,,,measured,specialized Bulletproofs range baseline; validate bundle before paper reporting,measurement,true,true,ok,{},,,,,,
372252d0-7b21-4e51-87c4-033e88ad03c3,2026-08-09T03:24:52.394963+00:00,C4-BULLETPROOFS-SPECIALIZED,bulletproofs-range-pilot-v1,private_swap,bulletproofs-5.0.0-ristretto,47bfac70c1d6594282e7d744ebd8fa5bb594e5d3,bbc0b1a10dec6a35e8a7bb12148f97382d31ec9a72801a9734eae70aae800557,3056106443309002803,2,53,range32-aggregate,"{""range_bits"":32}",2,2,1,16,invalid_reject,1.895873,,,,,,,,,,,,,phase,,,true,wrong_public_input,,,,measured,specialized Bulletproofs range baseline; validate bundle before paper reporting,measurement,true,true,ok,"{""aggregate_values"":4.0}",,,,,,
372252d0-7b21-4e51-87c4-033e88ad03c3,2026-08-09T03:24:52.394979+00:00,C4-BULLETPROOFS-SPECIALIZED,bulletproofs-range-pilot-v1,private_swap,bulletproofs-5.0.0-ristretto,47bfac70c1d6594282e7d744ebd8fa5bb594e5d3,bbc0b1a10dec6a35e8a7bb12148f97382d31ec9a72801a9734eae70aae800557,3056106443309002803,2,53,range32-aggregate,"{""range_bits"":32}",2,2,1,16,adapter_process_wall,68.293907,,3.277344,736,false,0,cryptographic_rejection,380,956,,,,linux-procfs,process,,,true,wrong_public_input,,"Linux procfs read failed: [Errno 13] Permission denied: '/proc/551/io'; private commit and per-process swap I/O are unavailable; VmSwap reports allocation, not swap traffic; No documented hardware or OS energy counter is configured in WSL2",,measured,specialized Bulletproofs range baseline; validate bundle before paper reporting,measurement,true,true,ok,{},128,4,128,range_bits,5.0,12
fe54a737-5a49-44fa-922d-c737d842af28,2026-08-09T03:24:52.464334+00:00,C4-BULLETPROOFS-SPECIALIZED,bulletproofs-range-pilot-v1,private_swap,bulletproofs-5.0.0-ristretto,47bfac70c1d6594282e7d744ebd8fa5bb594e5d3,bbc0b1a10dec6a35e8a7bb12148f97382d31ec9a72801a9734eae70aae800557,1213950666027706562,1,54,range32-aggregate,"{""range_bits"":32}",2,2,1,16,native_execution,0.177851,,,,,,,,,,,,,phase,,,true,wrong_public_input,,,,measured,specialized Bulletproofs range baseline; validate bundle before paper reporting,measurement,true,true,ok,"{""aggregate_values"":4.0,""application_units"":2.0,""fixture_digest"":3015973876818744.0,""range_bits"":32.0}",,,,,,
fe54a737-5a49-44fa-922d-c737d842af28,2026-08-09T03:24:52.464436+00:00,C4-BULLETPROOFS-SPECIALIZED,bulletproofs-range-pilot-v1,private_swap,bulletproofs-5.0.0-ristretto,47bfac70c1d6594282e7d744ebd8fa5bb594e5d3,bbc0b1a10dec6a35e8a7bb12148f97382d31ec9a72801a9734eae70aae800557,1213950666027706562,1,54,range32-aggregate,"{""range_bits"":32}",2,2,1,16,setup_or_preprocess,,,,,,,,,,,,,,phase,,,true,wrong_public_input,,Bulletproofs range generators are fixed and setup-free,,measured,specialized Bulletproofs range baseline; validate bundle before paper reporting,measurement,true,false,unsupported,{},,,,,,
fe54a737-5a49-44fa-922d-c737d842af28,2026-08-09T03:24:52.464457+00:00,C4-BULLETPROOFS-SPECIALIZED,bulletproofs-range-pilot-v1,private_swap,bulletproofs-5.0.0-ristretto,47bfac70c1d6594282e7d744ebd8fa5bb594e5d3,bbc0b1a10dec6a35e8a7bb12148f97382d31ec9a72801a9734eae70aae800557,1213950666027706562,1,54,range32-aggregate,"{""range_bits"":32}",2,2,1,16,key_load,,,,,,,,,,,,,,phase,,,true,wrong_public_input,,the range-proof API has no serialized proving or verification key,,measured,specialized Bulletproofs range baseline; validate bundle before paper reporting,measurement,true,false,unsupported,{},,,,,,
fe54a737-5a49-44fa-922d-c737d842af28,2026-08-09T03:24:52.464472+00:00,C4-BULLETPROOFS-SPECIALIZED,bulletproofs-range-pilot-v1,private_swap,bulletproofs-5.0.0-ristretto,47bfac70c1d6594282e7d744ebd8fa5bb594e5d3,bbc0b1a10dec6a35e8a7bb12148f97382d31ec9a72801a9734eae70aae800557,1213950666027706562,1,54,range32-aggregate,"{""range_bits"":32}",2,2,1,16,witness,0.560917,,,,,,,,,,,,,phase,,,true,wrong_public_input,,,,measured,specialized Bulletproofs range baseline; validate bundle before paper reporting,measurement,true,true,ok,"{""aggregate_values"":4.0,""range_bits"":32.0}",,,,,,
fe54a737-5a49-44fa-922d-c737d842af28,2026-08-09T03:24:52.464488+00:00,C4-BULLETPROOFS-SPECIALIZED,bulletproofs-range-pilot-v1,private_swap,bulletproofs-5.0.0-ristretto,47bfac70c1d6594282e7d744ebd8fa5bb594e5d3,bbc0b1a10dec6a35e8a7bb12148f97382d31ec9a72801a9734eae70aae800557,1213950666027706562,1,54,range32-aggregate,"{""range_bits"":32}",2,2,1,16,prove_total,14.357058,,,,,,,,,,,,,phase,,,true,wrong_public_input,,,,measured,specialized Bulletproofs range baseline; validate bundle before paper reporting,measurement,true,true,ok,"{""aggregate_values"":4.0,""range_bits"":32.0}",,,,,,
fe54a737-5a49-44fa-922d-c737d842af28,2026-08-09T03:24:52.464502+00:00,C4-BULLETPROOFS-SPECIALIZED,bulletproofs-range-pilot-v1,private_swap,bulletproofs-5.0.0-ristretto,47bfac70c1d6594282e7d744ebd8fa5bb594e5d3,bbc0b1a10dec6a35e8a7bb12148f97382d31ec9a72801a9734eae70aae800557,1213950666027706562,1,54,range32-aggregate,"{""range_bits"":32}",2,2,1,16,serialize,0.001843,,,,,,,,,,,,,phase,,,true,wrong_public_input,,,,measured,specialized Bulletproofs range baseline; validate bundle before paper reporting,measurement,true,true,ok,"{""proof_bytes"":736.0}",,,,,,
fe54a737-5a49-44fa-922d-c737d842af28,2026-08-09T03:24:52.464517+00:00,C4-BULLETPROOFS-SPECIALIZED,bulletproofs-range-pilot-v1,private_swap,bulletproofs-5.0.0-ristretto,47bfac70c1d6594282e7d744ebd8fa5bb594e5d3,bbc0b1a10dec6a35e8a7bb12148f97382d31ec9a72801a9734eae70aae800557,1213950666027706562,1,54,range32-aggregate,"{""range_bits"":32}",2,2,1,16,verify_core,1.970026,,,,,,,,,,,,,phase,,,true,wrong_public_input,1.970026,,,measured,specialized Bulletproofs range baseline; validate bundle before paper reporting,measurement,true,true,ok,"{""aggregate_values"":4.0}",,,,,,
fe54a737-5a49-44fa-922d-c737d842af28,2026-08-09T03:24:52.464531+00:00,C4-BULLETPROOFS-SPECIALIZED,bulletproofs-range-pilot-v1,private_swap,bulletproofs-5.0.0-ristretto,47bfac70c1d6594282e7d744ebd8fa5bb594e5d3,bbc0b1a10dec6a35e8a7bb12148f97382d31ec9a72801a9734eae70aae800557,1213950666027706562,1,54,range32-aggregate,"{""range_bits"":32}",2,2,1,16,verify_total,1.970026,,,,,,,,,,,,,phase,,,true,wrong_public_input,,,,measured,specialized Bulletproofs range baseline; validate bundle before paper reporting,measurement,true,true,ok,{},,,,,,
fe54a737-5a49-44fa-922d-c737d842af28,2026-08-09T03:24:52.464545+00:00,C4-BULLETPROOFS-SPECIALIZED,bulletproofs-range-pilot-v1,private_swap,bulletproofs-5.0.0-ristretto,47bfac70c1d6594282e7d744ebd8fa5bb594e5d3,bbc0b1a10dec6a35e8a7bb12148f97382d31ec9a72801a9734eae70aae800557,1213950666027706562,1,54,range32-aggregate,"{""range_bits"":32}",2,2,1,16,invalid_reject,1.970026,,,,,,,,,,,,,phase,,,true,wrong_public_input,,,,measured,specialized Bulletproofs range baseline; validate bundle before paper reporting,measurement,true,true,ok,"{""aggregate_values"":4.0}",,,,,,
fe54a737-5a49-44fa-922d-c737d842af28,2026-08-09T03:24:52.464558+00:00,C4-BULLETPROOFS-SPECIALIZED,bulletproofs-range-pilot-v1,private_swap,bulletproofs-5.0.0-ristretto,47bfac70c1d6594282e7d744ebd8fa5bb594e5d3,bbc0b1a10dec6a35e8a7bb12148f97382d31ec9a72801a9734eae70aae800557,1213950666027706562,1,54,range32-aggregate,"{""range_bits"":32}",2,2,1,16,adapter_process_wall,68.237409,10.000000,3.062500,736,false,0,cryptographic_rejection,378,956,,,,linux-procfs,process,,,true,wrong_public_input,,"Linux procfs read failed: [Errno 13] Permission denied: '/proc/553/io'; private commit and per-process swap I/O are unavailable; VmSwap reports allocation, not swap traffic; No documented hardware or OS energy counter is configured in WSL2",,measured,specialized Bulletproofs range baseline; validate bundle before paper reporting,measurement,true,true,ok,{},128,4,128,range_bits,5.0,12
3a0499f7-156c-4d34-bd4c-c4013dd1cdf4,2026-08-09T03:24:52.580674+00:00,C4-BULLETPROOFS-SPECIALIZED,bulletproofs-range-pilot-v1,private_swap,bulletproofs-5.0.0-ristretto,47bfac70c1d6594282e7d744ebd8fa5bb594e5d3,bbc0b1a10dec6a35e8a7bb12148f97382d31ec9a72801a9734eae70aae800557,2565007839452761046,0,55,range32-aggregate,"{""range_bits"":32}",8,8,2,16,native_execution,0.236249,,,,,,,,,,,,,phase,,,true,,,,,measured,specialized Bulletproofs range baseline; validate bundle before paper reporting,measurement,true,true,ok,"{""aggregate_values"":16.0,""application_units"":8.0,""fixture_digest"":3219798819895845.0,""range_bits"":32.0}",,,,,,
3a0499f7-156c-4d34-bd4c-c4013dd1cdf4,2026-08-09T03:24:52.580744+00:00,C4-BULLETPROOFS-SPECIALIZED,bulletproofs-range-pilot-v1,private_swap,bulletproofs-5.0.0-ristretto,47bfac70c1d6594282e7d744ebd8fa5bb594e5d3,bbc0b1a10dec6a35e8a7bb12148f97382d31ec9a72801a9734eae70aae800557,2565007839452761046,0,55,range32-aggregate,"{""range_bits"":32}",8,8,2,16,setup_or_preprocess,,,,,,,,,,,,,,phase,,,true,,,Bulletproofs range generators are fixed and setup-free,,measured,specialized Bulletproofs range baseline; validate bundle before paper reporting,measurement,true,false,unsupported,{},,,,,,
3a0499f7-156c-4d34-bd4c-c4013dd1cdf4,2026-08-09T03:24:52.580764+00:00,C4-BULLETPROOFS-SPECIALIZED,bulletproofs-range-pilot-v1,private_swap,bulletproofs-5.0.0-ristretto,47bfac70c1d6594282e7d744ebd8fa5bb594e5d3,bbc0b1a10dec6a35e8a7bb12148f97382d31ec9a72801a9734eae70aae800557,2565007839452761046,0,55,range32-aggregate,"{""range_bits"":32}",8,8,2,16,key_load,,,,,,,,,,,,,,phase,,,true,,,the range-proof API has no serialized proving or verification key,,measured,specialized Bulletproofs range baseline; validate bundle before paper reporting,measurement,true,false,unsupported,{},,,,,,
3a0499f7-156c-4d34-bd4c-c4013dd1cdf4,2026-08-09T03:24:52.580781+00:00,C4-BULLETPROOFS-SPECIALIZED,bulletproofs-range-pilot-v1,private_swap,bulletproofs-5.0.0-ristretto,47bfac70c1d6594282e7d744ebd8fa5bb594e5d3,bbc0b1a10dec6a35e8a7bb12148f97382d31ec9a72801a9734eae70aae800557,2565007839452761046,0,55,range32-aggregate,"{""range_bits"":32}",8,8,2,16,witness,0.474498,,,,,,,,,,,,,phase,,,true,,,,,measured,specialized Bulletproofs range baseline; validate bundle before paper reporting,measurement,true,true,ok,"{""aggregate_values"":16.0,""range_bits"":32.0}",,,,,,
3a0499f7-156c-4d34-bd4c-c4013dd1cdf4,2026-08-09T03:24:52.580806+00:00,C4-BULLETPROOFS-SPECIALIZED,bulletproofs-range-pilot-v1,private_swap,bulletproofs-5.0.0-ristretto,47bfac70c1d6594282e7d744ebd8fa5bb594e5d3,bbc0b1a10dec6a35e8a7bb12148f97382d31ec9a72801a9734eae70aae800557,2565007839452761046,0,55,range32-aggregate,"{""range_bits"":32}",8,8,2,16,prove_total,48.004853,,,,,,,,,,,,,phase,,,true,,,,,measured,specialized Bulletproofs range baseline; validate bundle before paper reporting,measurement,true,true,ok,"{""aggregate_values"":16.0,""range_bits"":32.0}",,,,,,
3a0499f7-156c-4d34-bd4c-c4013dd1cdf4,2026-08-09T03:24:52.580846+00:00,C4-BULLETPROOFS-SPECIALIZED,bulletproofs-range-pilot-v1,private_swap,bulletproofs-5.0.0-ristretto,47bfac70c1d6594282e7d744ebd8fa5bb594e5d3,bbc0b1a10dec6a35e8a7bb12148f97382d31ec9a72801a9734eae70aae800557,2565007839452761046,0,55,range32-aggregate,"{""range_bits"":32}",8,8,2,16,serialize,0.002705,,,,,,,,,,,,,phase,,,true,,,,,measured,specialized Bulletproofs range baseline; validate bundle before paper reporting,measurement,true,true,ok,"{""proof_bytes"":864.0}",,,,,,
3a0499f7-156c-4d34-bd4c-c4013dd1cdf4,2026-08-09T03:24:52.580871+00:00,C4-BULLETPROOFS-SPECIALIZED,bulletproofs-range-pilot-v1,private_swap,bulletproofs-5.0.0-ristretto,47bfac70c1d6594282e7d744ebd8fa5bb594e5d3,bbc0b1a10dec6a35e8a7bb12148f97382d31ec9a72801a9734eae70aae800557,2565007839452761046,0,55,range32-aggregate,"{""range_bits"":32}",8,8,2,16,verify_core,5.179814,,,,,,,,,,,,,phase,,,true,,,,,measured,specialized Bulletproofs range baseline; validate bundle before paper reporting,measurement,true,true,ok,"{""aggregate_values"":16.0}",,,,,,
3a0499f7-156c-4d34-bd4c-c4013dd1cdf4,2026-08-09T03:24:52.580894+00:00,C4-BULLETPROOFS-SPECIALIZED,bulletproofs-range-pilot-v1,private_swap,bulletproofs-5.0.0-ristretto,47bfac70c1d6594282e7d744ebd8fa5bb594e5d3,bbc0b1a10dec6a35e8a7bb12148f97382d31ec9a72801a9734eae70aae800557,2565007839452761046,0,55,range32-aggregate,"{""range_bits"":32}",8,8,2,16,verify_total,5.179814,,,,,,,,,,,,,phase,,,true,,,,,measured,specialized Bulletproofs range baseline; validate bundle before paper reporting,measurement,true,true,ok,{},,,,,,
3a0499f7-156c-4d34-bd4c-c4013dd1cdf4,2026-08-09T03:24:52.580929+00:00,C4-BULLETPROOFS-SPECIALIZED,bulletproofs-range-pilot-v1,private_swap,bulletproofs-5.0.0-ristretto,47bfac70c1d6594282e7d744ebd8fa5bb594e5d3,bbc0b1a10dec6a35e8a7bb12148f97382d31ec9a72801a9734eae70aae800557,2565007839452761046,0,55,range32-aggregate,"{""range_bits"":32}",8,8,2,16,adapter_process_wall,115.229915,60.000000,3.613281,864,true,0,,647,956,,,,linux-procfs,process,,,true,,,"private commit and per-process swap I/O are unavailable; VmSwap reports allocation, not swap traffic; No documented hardware or OS energy counter is configured in WSL2",,measured,specialized Bulletproofs range baseline; validate bundle before paper reporting,measurement,true,true,ok,{},512,16,512,range_bits,5.0,21
9a189727-6b8c-4ddb-a26d-3475819bc6e3,2026-08-09T03:24:52.669680+00:00,C4-BULLETPROOFS-SPECIALIZED,bulletproofs-range-pilot-v1,private_swap,bulletproofs-5.0.0-ristretto,47bfac70c1d6594282e7d744ebd8fa5bb594e5d3,bbc0b1a10dec6a35e8a7bb12148f97382d31ec9a72801a9734eae70aae800557,4213133045299446527,1,56,range32-aggregate,"{""range_bits"":32}",4,4,2,16,native_execution,0.211284,,,,,,,,,,,,,phase,,,true,,,,,measured,specialized Bulletproofs range baseline; validate bundle before paper reporting,measurement,true,true,ok,"{""aggregate_values"":8.0,""application_units"":4.0,""fixture_digest"":1397503688709437.0,""range_bits"":32.0}",,,,,,
9a189727-6b8c-4ddb-a26d-3475819bc6e3,2026-08-09T03:24:52.669760+00:00,C4-BULLETPROOFS-SPECIALIZED,bulletproofs-range-pilot-v1,private_swap,bulletproofs-5.0.0-ristretto,47bfac70c1d6594282e7d744ebd8fa5bb594e5d3,bbc0b1a10dec6a35e8a7bb12148f97382d31ec9a72801a9734eae70aae800557,4213133045299446527,1,56,range32-aggregate,"{""range_bits"":32}",4,4,2,16,setup_or_preprocess,,,,,,,,,,,,,,phase,,,true,,,Bulletproofs range generators are fixed and setup-free,,measured,specialized Bulletproofs range baseline; validate bundle before paper reporting,measurement,true,false,unsupported,{},,,,,,
9a189727-6b8c-4ddb-a26d-3475819bc6e3,2026-08-09T03:24:52.669784+00:00,C4-BULLETPROOFS-SPECIALIZED,bulletproofs-range-pilot-v1,private_swap,bulletproofs-5.0.0-ristretto,47bfac70c1d6594282e7d744ebd8fa5bb594e5d3,bbc0b1a10dec6a35e8a7bb12148f97382d31ec9a72801a9734eae70aae800557,4213133045299446527,1,56,range32-aggregate,"{""range_bits"":32}",4,4,2,16,key_load,,,,,,,,,,,,,,phase,,,true,,,the range-proof API has no serialized proving or verification key,,measured,specialized Bulletproofs range baseline; validate bundle before paper reporting,measurement,true,false,unsupported,{},,,,,,
9a189727-6b8c-4ddb-a26d-3475819bc6e3,2026-08-09T03:24:52.669802+00:00,C4-BULLETPROOFS-SPECIALIZED,bulletproofs-range-pilot-v1,private_swap,bulletproofs-5.0.0-ristretto,47bfac70c1d6594282e7d744ebd8fa5bb594e5d3,bbc0b1a10dec6a35e8a7bb12148f97382d31ec9a72801a9734eae70aae800557,4213133045299446527,1,56,range32-aggregate,"{""range_bits"":32}",4,4,2,16,witness,0.454461,,,,,,,,,,,,,phase,,,true,,,,,measured,specialized Bulletproofs range baseline; validate bundle before paper reporting,measurement,true,true,ok,"{""aggregate_values"":8.0,""range_bits"":32.0}",,,,,,
9a189727-6b8c-4ddb-a26d-3475819bc6e3,2026-08-09T03:24:52.669821+00:00,C4-BULLETPROOFS-SPECIALIZED,bulletproofs-range-pilot-v1,private_swap,bulletproofs-5.0.0-ristretto,47bfac70c1d6594282e7d744ebd8fa5bb594e5d3,bbc0b1a10dec6a35e8a7bb12148f97382d31ec9a72801a9734eae70aae800557,4213133045299446527,1,56,range32-aggregate,"{""range_bits"":32}",4,4,2,16,prove_total,27.290658,,,,,,,,,,,,,phase,,,true,,,,,measured,specialized Bulletproofs range baseline; validate bundle before paper reporting,measurement,true,true,ok,"{""aggregate_values"":8.0,""range_bits"":32.0}",,,,,,
9a189727-6b8c-4ddb-a26d-3475819bc6e3,2026-08-09T03:24:52.669839+00:00,C4-BULLETPROOFS-SPECIALIZED,bulletproofs-range-pilot-v1,private_swap,bulletproofs-5.0.0-ristretto,47bfac70c1d6594282e7d744ebd8fa5bb594e5d3,bbc0b1a10dec6a35e8a7bb12148f97382d31ec9a72801a9734eae70aae800557,4213133045299446527,1,56,range32-aggregate,"{""range_bits"":32}",4,4,2,16,serialize,0.002064,,,,,,,,,,,,,phase,,,true,,,,,measured,specialized Bulletproofs range baseline; validate bundle before paper reporting,measurement,true,true,ok,"{""proof_bytes"":800.0}",,,,,,
9a189727-6b8c-4ddb-a26d-3475819bc6e3,2026-08-09T03:24:52.669857+00:00,C4-BULLETPROOFS-SPECIALIZED,bulletproofs-range-pilot-v1,private_swap,bulletproofs-5.0.0-ristretto,47bfac70c1d6594282e7d744ebd8fa5bb594e5d3,bbc0b1a10dec6a35e8a7bb12148f97382d31ec9a72801a9734eae70aae800557,4213133045299446527,1,56,range32-aggregate,"{""range_bits"":32}",4,4,2,16,verify_core,3.428299,,,,,,,,,,,,,phase,,,true,,,,,measured,specialized Bulletproofs range baseline; validate bundle before paper reporting,measurement,true,true,ok,"{""aggregate_values"":8.0}",,,,,,
9a189727-6b8c-4ddb-a26d-3475819bc6e3,2026-08-09T03:24:52.669873+00:00,C4-BULLETPROOFS-SPECIALIZED,bulletproofs-range-pilot-v1,private_swap,bulletproofs-5.0.0-ristretto,47bfac70c1d6594282e7d744ebd8fa5bb594e5d3,bbc0b1a10dec6a35e8a7bb12148f97382d31ec9a72801a9734eae70aae800557,4213133045299446527,1,56,range32-aggregate,"{""range_bits"":32}",4,4,2,16,verify_total,3.428299,,,,,,,,,,,,,phase,,,true,,,,,measured,specialized Bulletproofs range baseline; validate bundle before paper reporting,measurement,true,true,ok,{},,,,,,
9a189727-6b8c-4ddb-a26d-3475819bc6e3,2026-08-09T03:24:52.669889+00:00,C4-BULLETPROOFS-SPECIALIZED,bulletproofs-range-pilot-v1,private_swap,bulletproofs-5.0.0-ristretto,47bfac70c1d6594282e7d744ebd8fa5bb594e5d3,bbc0b1a10dec6a35e8a7bb12148f97382d31ec9a72801a9734eae70aae800557,4213133045299446527,1,56,range32-aggregate,"{""range_bits"":32}",4,4,2,16,adapter_process_wall,87.918798,30.000000,3.210938,800,true,0,,435,956,,,,linux-procfs,process,,,true,,,"private commit and per-process swap I/O are unavailable; VmSwap reports allocation, not swap traffic; No documented hardware or OS energy counter is configured in WSL2",,measured,specialized Bulletproofs range baseline; validate bundle before paper reporting,measurement,true,true,ok,{},256,8,256,range_bits,5.0,16
e0746762-c6bf-41c8-93b4-192ce1f03cb4,2026-08-09T03:24:52.741650+00:00,C4-BULLETPROOFS-SPECIALIZED,bulletproofs-range-pilot-v1,private_swap,bulletproofs-5.0.0-ristretto,47bfac70c1d6594282e7d744ebd8fa5bb594e5d3,bbc0b1a10dec6a35e8a7bb12148f97382d31ec9a72801a9734eae70aae800557,5252562353427593457,0,57,range32-aggregate,"{""range_bits"":32}",2,2,4,16,native_execution,0.187789,,,,,,,,,,,,,phase,,,true,wrong_public_input,,,,measured,specialized Bulletproofs range baseline; validate bundle before paper reporting,measurement,true,true,ok,"{""aggregate_values"":4.0,""application_units"":2.0,""fixture_digest"":7080329142648.0,""range_bits"":32.0}",,,,,,
e0746762-c6bf-41c8-93b4-192ce1f03cb4,2026-08-09T03:24:52.741720+00:00,C4-BULLETPROOFS-SPECIALIZED,bulletproofs-range-pilot-v1,private_swap,bulletproofs-5.0.0-ristretto,47bfac70c1d6594282e7d744ebd8fa5bb594e5d3,bbc0b1a10dec6a35e8a7bb12148f97382d31ec9a72801a9734eae70aae800557,5252562353427593457,0,57,range32-aggregate,"{""range_bits"":32}",2,2,4,16,setup_or_preprocess,,,,,,,,,,,,,,phase,,,true,wrong_public_input,,Bulletproofs range generators are fixed and setup-free,,measured,specialized Bulletproofs range baseline; validate bundle before paper reporting,measurement,true,false,unsupported,{},,,,,,
e0746762-c6bf-41c8-93b4-192ce1f03cb4,2026-08-09T03:24:52.741738+00:00,C4-BULLETPROOFS-SPECIALIZED,bulletproofs-range-pilot-v1,private_swap,bulletproofs-5.0.0-ristretto,47bfac70c1d6594282e7d744ebd8fa5bb594e5d3,bbc0b1a10dec6a35e8a7bb12148f97382d31ec9a72801a9734eae70aae800557,5252562353427593457,0,57,range32-aggregate,"{""range_bits"":32}",2,2,4,16,key_load,,,,,,,,,,,,,,phase,,,true,wrong_public_input,,the range-proof API has no serialized proving or verification key,,measured,specialized Bulletproofs range baseline; validate bundle before paper reporting,measurement,true,false,unsupported,{},,,,,,
e0746762-c6bf-41c8-93b4-192ce1f03cb4,2026-08-09T03:24:52.741753+00:00,C4-BULLETPROOFS-SPECIALIZED,bulletproofs-range-pilot-v1,private_swap,bulletproofs-5.0.0-ristretto,47bfac70c1d6594282e7d744ebd8fa5bb594e5d3,bbc0b1a10dec6a35e8a7bb12148f97382d31ec9a72801a9734eae70aae800557,5252562353427593457,0,57,range32-aggregate,"{""range_bits"":32}",2,2,4,16,witness,0.634591,,,,,,,,,,,,,phase,,,true,wrong_public_input,,,,measured,specialized Bulletproofs range baseline; validate bundle before paper reporting,measurement,true,true,ok,"{""aggregate_values"":4.0,""range_bits"":32.0}",,,,,,
e0746762-c6bf-41c8-93b4-192ce1f03cb4,2026-08-09T03:24:52.741768+00:00,C4-BULLETPROOFS-SPECIALIZED,bulletproofs-range-pilot-v1,private_swap,bulletproofs-5.0.0-ristretto,47bfac70c1d6594282e7d744ebd8fa5bb594e5d3,bbc0b1a10dec6a35e8a7bb12148f97382d31ec9a72801a9734eae70aae800557,5252562353427593457,0,57,range32-aggregate,"{""range_bits"":32}",2,2,4,16,prove_total,15.359099,,,,,,,,,,,,,phase,,,true,wrong_public_input,,,,measured,specialized Bulletproofs range baseline; validate bundle before paper reporting,measurement,true,true,ok,"{""aggregate_values"":4.0,""range_bits"":32.0}",,,,,,
e0746762-c6bf-41c8-93b4-192ce1f03cb4,2026-08-09T03:24:52.741782+00:00,C4-BULLETPROOFS-SPECIALIZED,bulletproofs-range-pilot-v1,private_swap,bulletproofs-5.0.0-ristretto,47bfac70c1d6594282e7d744ebd8fa5bb594e5d3,bbc0b1a10dec6a35e8a7bb12148f97382d31ec9a72801a9734eae70aae800557,5252562353427593457,0,57,range32-aggregate,"{""range_bits"":32}",2,2,4,16,serialize,0.001944,,,,,,,,,,,,,phase,,,true,wrong_public_input,,,,measured,specialized Bulletproofs range baseline; validate bundle before paper reporting,measurement,true,true,ok,"{""proof_bytes"":736.0}",,,,,,
e0746762-c6bf-41c8-93b4-192ce1f03cb4,2026-08-09T03:24:52.741796+00:00,C4-BULLETPROOFS-SPECIALIZED,bulletproofs-range-pilot-v1,private_swap,bulletproofs-5.0.0-ristretto,47bfac70c1d6594282e7d744ebd8fa5bb594e5d3,bbc0b1a10dec6a35e8a7bb12148f97382d31ec9a72801a9734eae70aae800557,5252562353427593457,0,57,range32-aggregate,"{""range_bits"":32}",2,2,4,16,verify_core,2.029256,,,,,,,,,,,,,phase,,,true,wrong_public_input,2.029256,,,measured,specialized Bulletproofs range baseline; validate bundle before paper reporting,measurement,true,true,ok,"{""aggregate_values"":4.0}",,,,,,
e0746762-c6bf-41c8-93b4-192ce1f03cb4,2026-08-09T03:24:52.741809+00:00,C4-BULLETPROOFS-SPECIALIZED,bulletproofs-range-pilot-v1,private_swap,bulletproofs-5.0.0-ristretto,47bfac70c1d6594282e7d744ebd8fa5bb594e5d3,bbc0b1a10dec6a35e8a7bb12148f97382d31ec9a72801a9734eae70aae800557,5252562353427593457,0,57,range32-aggregate,"{""range_bits"":32}",2,2,4,16,verify_total,2.029256,,,,,,,,,,,,,phase,,,true,wrong_public_input,,,,measured,specialized Bulletproofs range baseline; validate bundle before paper reporting,measurement,true,true,ok,{},,,,,,
e0746762-c6bf-41c8-93b4-192ce1f03cb4,2026-08-09T03:24:52.741822+00:00,C4-BULLETPROOFS-SPECIALIZED,bulletproofs-range-pilot-v1,private_swap,bulletproofs-5.0.0-ristretto,47bfac70c1d6594282e7d744ebd8fa5bb594e5d3,bbc0b1a10dec6a35e8a7bb12148f97382d31ec9a72801a9734eae70aae800557,5252562353427593457,0,57,range32-aggregate,"{""range_bits"":32}",2,2,4,16,invalid_reject,2.029256,,,,,,,,,,,,,phase,,,true,wrong_public_input,,,,measured,specialized Bulletproofs range baseline; validate bundle before paper reporting,measurement,true,true,ok,"{""aggregate_values"":4.0}",,,,,,
e0746762-c6bf-41c8-93b4-192ce1f03cb4,2026-08-09T03:24:52.741836+00:00,C4-BULLETPROOFS-SPECIALIZED,bulletproofs-range-pilot-v1,private_swap,bulletproofs-5.0.0-ristretto,47bfac70c1d6594282e7d744ebd8fa5bb594e5d3,bbc0b1a10dec6a35e8a7bb12148f97382d31ec9a72801a9734eae70aae800557,5252562353427593457,0,57,range32-aggregate,"{""range_bits"":32}",2,2,4,16,adapter_process_wall,70.906147,10.000000,3.277344,736,false,0,cryptographic_rejection,381,956,,,,linux-procfs,process,,,true,wrong_public_input,,"private commit and per-process swap I/O are unavailable; VmSwap reports allocation, not swap traffic; No documented hardware or OS energy counter is configured in WSL2",,measured,specialized Bulletproofs range baseline; validate bundle before paper reporting,measurement,true,true,ok,{},128,4,128,range_bits,5.0,13
76c95783-be13-4135-bb40-38dc8ec0c811,2026-08-09T03:24:52.859650+00:00,C4-BULLETPROOFS-SPECIALIZED,bulletproofs-range-pilot-v1,private_swap,bulletproofs-5.0.0-ristretto,47bfac70c1d6594282e7d744ebd8fa5bb594e5d3,bbc0b1a10dec6a35e8a7bb12148f97382d31ec9a72801a9734eae70aae800557,9128954858619084102,0,58,range32-aggregate,"{""range_bits"":32}",8,8,4,16,native_execution,0.223026,,,,,,,,,,,,,phase,,,true,wrong_public_input,,,,measured,specialized Bulletproofs range baseline; validate bundle before paper reporting,measurement,true,true,ok,"{""aggregate_values"":16.0,""application_units"":8.0,""fixture_digest"":1591247247684826.0,""range_bits"":32.0}",,,,,,
76c95783-be13-4135-bb40-38dc8ec0c811,2026-08-09T03:24:52.859722+00:00,C4-BULLETPROOFS-SPECIALIZED,bulletproofs-range-pilot-v1,private_swap,bulletproofs-5.0.0-ristretto,47bfac70c1d6594282e7d744ebd8fa5bb594e5d3,bbc0b1a10dec6a35e8a7bb12148f97382d31ec9a72801a9734eae70aae800557,9128954858619084102,0,58,range32-aggregate,"{""range_bits"":32}",8,8,4,16,setup_or_preprocess,,,,,,,,,,,,,,phase,,,true,wrong_public_input,,Bulletproofs range generators are fixed and setup-free,,measured,specialized Bulletproofs range baseline; validate bundle before paper reporting,measurement,true,false,unsupported,{},,,,,,
76c95783-be13-4135-bb40-38dc8ec0c811,2026-08-09T03:24:52.859741+00:00,C4-BULLETPROOFS-SPECIALIZED,bulletproofs-range-pilot-v1,private_swap,bulletproofs-5.0.0-ristretto,47bfac70c1d6594282e7d744ebd8fa5bb594e5d3,bbc0b1a10dec6a35e8a7bb12148f97382d31ec9a72801a9734eae70aae800557,9128954858619084102,0,58,range32-aggregate,"{""range_bits"":32}",8,8,4,16,key_load,,,,,,,,,,,,,,phase,,,true,wrong_public_input,,the range-proof API has no serialized proving or verification key,,measured,specialized Bulletproofs range baseline; validate bundle before paper reporting,measurement,true,false,unsupported,{},,,,,,
76c95783-be13-4135-bb40-38dc8ec0c811,2026-08-09T03:24:52.859755+00:00,C4-BULLETPROOFS-SPECIALIZED,bulletproofs-range-pilot-v1,private_swap,bulletproofs-5.0.0-ristretto,47bfac70c1d6594282e7d744ebd8fa5bb594e5d3,bbc0b1a10dec6a35e8a7bb12148f97382d31ec9a72801a9734eae70aae800557,9128954858619084102,0,58,range32-aggregate,"{""range_bits"":32}",8,8,4,16,witness,0.537801,,,,,,,,,,,,,phase,,,true,wrong_public_input,,,,measured,specialized Bulletproofs range baseline; validate bundle before paper reporting,measurement,true,true,ok,"{""aggregate_values"":16.0,""range_bits"":32.0}",,,,,,
76c95783-be13-4135-bb40-38dc8ec0c811,2026-08-09T03:24:52.859771+00:00,C4-BULLETPROOFS-SPECIALIZED,bulletproofs-range-pilot-v1,private_swap,bulletproofs-5.0.0-ristretto,47bfac70c1d6594282e7d744ebd8fa5bb594e5d3,bbc0b1a10dec6a35e8a7bb12148f97382d31ec9a72801a9734eae70aae800557,9128954858619084102,0,58,range32-aggregate,"{""range_bits"":32}",8,8,4,16,prove_total,53.732687,,,,,,,,,,,,,phase,,,true,wrong_public_input,,,,measured,specialized Bulletproofs range baseline; validate bundle before paper reporting,measurement,true,true,ok,"{""aggregate_values"":16.0,""range_bits"":32.0}",,,,,,
76c95783-be13-4135-bb40-38dc8ec0c811,2026-08-09T03:24:52.859786+00:00,C4-BULLETPROOFS-SPECIALIZED,bulletproofs-range-pilot-v1,private_swap,bulletproofs-5.0.0-ristretto,47bfac70c1d6594282e7d744ebd8fa5bb594e5d3,bbc0b1a10dec6a35e8a7bb12148f97382d31ec9a72801a9734eae70aae800557,9128954858619084102,0,58,range32-aggregate,"{""range_bits"":32}",8,8,4,16,serialize,0.002094,,,,,,,,,,,,,phase,,,true,wrong_public_input,,,,measured,specialized Bulletproofs range baseline; validate bundle before paper reporting,measurement,true,true,ok,"{""proof_bytes"":864.0}",,,,,,
76c95783-be13-4135-bb40-38dc8ec0c811,2026-08-09T03:24:52.859800+00:00,C4-BULLETPROOFS-SPECIALIZED,bulletproofs-range-pilot-v1,private_swap,bulletproofs-5.0.0-ristretto,47bfac70c1d6594282e7d744ebd8fa5bb594e5d3,bbc0b1a10dec6a35e8a7bb12148f97382d31ec9a72801a9734eae70aae800557,9128954858619084102,0,58,range32-aggregate,"{""range_bits"":32}",8,8,4,16,verify_core,4.615053,,,,,,,,,,,,,phase,,,true,wrong_public_input,4.615053,,,measured,specialized Bulletproofs range baseline; validate bundle before paper reporting,measurement,true,true,ok,"{""aggregate_values"":16.0}",,,,,,
76c95783-be13-4135-bb40-38dc8ec0c811,2026-08-09T03:24:52.859814+00:00,C4-BULLETPROOFS-SPECIALIZED,bulletproofs-range-pilot-v1,private_swap,bulletproofs-5.0.0-ristretto,47bfac70c1d6594282e7d744ebd8fa5bb594e5d3,bbc0b1a10dec6a35e8a7bb12148f97382d31ec9a72801a9734eae70aae800557,9128954858619084102,0,58,range32-aggregate,"{""range_bits"":32}",8,8,4,16,verify_total,4.615053,,,,,,,,,,,,,phase,,,true,wrong_public_input,,,,measured,specialized Bulletproofs range baseline; validate bundle before paper reporting,measurement,true,true,ok,{},,,,,,
76c95783-be13-4135-bb40-38dc8ec0c811,2026-08-09T03:24:52.859827+00:00,C4-BULLETPROOFS-SPECIALIZED,bulletproofs-range-pilot-v1,private_swap,bulletproofs-5.0.0-ristretto,47bfac70c1d6594282e7d744ebd8fa5bb594e5d3,bbc0b1a10dec6a35e8a7bb12148f97382d31ec9a72801a9734eae70aae800557,9128954858619084102,0,58,range32-aggregate,"{""range_bits"":32}",8,8,4,16,invalid_reject,4.615053,,,,,,,,,,,,,phase,,,true,wrong_public_input,,,,measured,specialized Bulletproofs range baseline; validate bundle before paper reporting,measurement,true,true,ok,"{""aggregate_values"":16.0}",,,,,,
76c95783-be13-4135-bb40-38dc8ec0c811,2026-08-09T03:24:52.859841+00:00,C4-BULLETPROOFS-SPECIALIZED,bulletproofs-range-pilot-v1,private_swap,bulletproofs-5.0.0-ristretto,47bfac70c1d6594282e7d744ebd8fa5bb594e5d3,bbc0b1a10dec6a35e8a7bb12148f97382d31ec9a72801a9734eae70aae800557,9128954858619084102,0,58,range32-aggregate,"{""range_bits"":32}",8,8,4,16,adapter_process_wall,117.055667,60.000000,3.609375,864,false,0,cryptographic_rejection,645,956,,,,linux-procfs,process,,,true,wrong_public_input,,"private commit and per-process swap I/O are unavailable; VmSwap reports allocation, not swap traffic; No documented hardware or OS energy counter is configured in WSL2",,measured,specialized Bulletproofs range baseline; validate bundle before paper reporting,measurement,true,true,ok,{},512,16,512,range_bits,5.0,22
4e0f2702-5274-4141-9184-307cfd0917cc,2026-08-09T03:24:52.962054+00:00,C4-BULLETPROOFS-SPECIALIZED,bulletproofs-range-pilot-v1,private_swap,bulletproofs-5.0.0-ristretto,47bfac70c1d6594282e7d744ebd8fa5bb594e5d3,bbc0b1a10dec6a35e8a7bb12148f97382d31ec9a72801a9734eae70aae800557,6771074320967286088,2,59,range32-aggregate,"{""range_bits"":32}",4,4,2,16,native_execution,0.265454,,,,,,,,,,,,,phase,,,true,,,,,measured,specialized Bulletproofs range baseline; validate bundle before paper reporting,measurement,true,true,ok,"{""aggregate_values"":8.0,""application_units"":4.0,""fixture_digest"":215146702915276.0,""range_bits"":32.0}",,,,,,
4e0f2702-5274-4141-9184-307cfd0917cc,2026-08-09T03:24:52.962136+00:00,C4-BULLETPROOFS-SPECIALIZED,bulletproofs-range-pilot-v1,private_swap,bulletproofs-5.0.0-ristretto,47bfac70c1d6594282e7d744ebd8fa5bb594e5d3,bbc0b1a10dec6a35e8a7bb12148f97382d31ec9a72801a9734eae70aae800557,6771074320967286088,2,59,range32-aggregate,"{""range_bits"":32}",4,4,2,16,setup_or_preprocess,,,,,,,,,,,,,,phase,,,true,,,Bulletproofs range generators are fixed and setup-free,,measured,specialized Bulletproofs range baseline; validate bundle before paper reporting,measurement,true,false,unsupported,{},,,,,,
4e0f2702-5274-4141-9184-307cfd0917cc,2026-08-09T03:24:52.962160+00:00,C4-BULLETPROOFS-SPECIALIZED,bulletproofs-range-pilot-v1,private_swap,bulletproofs-5.0.0-ristretto,47bfac70c1d6594282e7d744ebd8fa5bb594e5d3,bbc0b1a10dec6a35e8a7bb12148f97382d31ec9a72801a9734eae70aae800557,6771074320967286088,2,59,range32-aggregate,"{""range_bits"":32}",4,4,2,16,key_load,,,,,,,,,,,,,,phase,,,true,,,the range-proof API has no serialized proving or verification key,,measured,specialized Bulletproofs range baseline; validate bundle before paper reporting,measurement,true,false,unsupported,{},,,,,,
4e0f2702-5274-4141-9184-307cfd0917cc,2026-08-09T03:24:52.962179+00:00,C4-BULLETPROOFS-SPECIALIZED,bulletproofs-range-pilot-v1,private_swap,bulletproofs-5.0.0-ristretto,47bfac70c1d6594282e7d744ebd8fa5bb594e5d3,bbc0b1a10dec6a35e8a7bb12148f97382d31ec9a72801a9734eae70aae800557,6771074320967286088,2,59,range32-aggregate,"{""range_bits"":32}",4,4,2,16,witness,0.657484,,,,,,,,,,,,,phase,,,true,,,,,measured,specialized Bulletproofs range baseline; validate bundle before paper reporting,measurement,true,true,ok,"{""aggregate_values"":8.0,""range_bits"":32.0}",,,,,,
4e0f2702-5274-4141-9184-307cfd0917cc,2026-08-09T03:24:52.962198+00:00,C4-BULLETPROOFS-SPECIALIZED,bulletproofs-range-pilot-v1,private_swap,bulletproofs-5.0.0-ristretto,47bfac70c1d6594282e7d744ebd8fa5bb594e5d3,bbc0b1a10dec6a35e8a7bb12148f97382d31ec9a72801a9734eae70aae800557,6771074320967286088,2,59,range32-aggregate,"{""range_bits"":32}",4,4,2,16,prove_total,31.436348,,,,,,,,,,,,,phase,,,true,,,,,measured,specialized Bulletproofs range baseline; validate bundle before paper reporting,measurement,true,true,ok,"{""aggregate_values"":8.0,""range_bits"":32.0}",,,,,,
4e0f2702-5274-4141-9184-307cfd0917cc,2026-08-09T03:24:52.962218+00:00,C4-BULLETPROOFS-SPECIALIZED,bulletproofs-range-pilot-v1,private_swap,bulletproofs-5.0.0-ristretto,47bfac70c1d6594282e7d744ebd8fa5bb594e5d3,bbc0b1a10dec6a35e8a7bb12148f97382d31ec9a72801a9734eae70aae800557,6771074320967286088,2,59,range32-aggregate,"{""range_bits"":32}",4,4,2,16,serialize,0.002985,,,,,,,,,,,,,phase,,,true,,,,,measured,specialized Bulletproofs range baseline; validate bundle before paper reporting,measurement,true,true,ok,"{""proof_bytes"":800.0}",,,,,,
4e0f2702-5274-4141-9184-307cfd0917cc,2026-08-09T03:24:52.962236+00:00,C4-BULLETPROOFS-SPECIALIZED,bulletproofs-range-pilot-v1,private_swap,bulletproofs-5.0.0-ristretto,47bfac70c1d6594282e7d744ebd8fa5bb594e5d3,bbc0b1a10dec6a35e8a7bb12148f97382d31ec9a72801a9734eae70aae800557,6771074320967286088,2,59,range32-aggregate,"{""range_bits"":32}",4,4,2,16,verify_core,3.171607,,,,,,,,,,,,,phase,,,true,,,,,measured,specialized Bulletproofs range baseline; validate bundle before paper reporting,measurement,true,true,ok,"{""aggregate_values"":8.0}",,,,,,
4e0f2702-5274-4141-9184-307cfd0917cc,2026-08-09T03:24:52.962290+00:00,C4-BULLETPROOFS-SPECIALIZED,bulletproofs-range-pilot-v1,private_swap,bulletproofs-5.0.0-ristretto,47bfac70c1d6594282e7d744ebd8fa5bb594e5d3,bbc0b1a10dec6a35e8a7bb12148f97382d31ec9a72801a9734eae70aae800557,6771074320967286088,2,59,range32-aggregate,"{""range_bits"":32}",4,4,2,16,verify_total,3.171607,,,,,,,,,,,,,phase,,,true,,,,,measured,specialized Bulletproofs range baseline; validate bundle before paper reporting,measurement,true,true,ok,{},,,,,,
4e0f2702-5274-4141-9184-307cfd0917cc,2026-08-09T03:24:52.962331+00:00,C4-BULLETPROOFS-SPECIALIZED,bulletproofs-range-pilot-v1,private_swap,bulletproofs-5.0.0-ristretto,47bfac70c1d6594282e7d744ebd8fa5bb594e5d3,bbc0b1a10dec6a35e8a7bb12148f97382d31ec9a72801a9734eae70aae800557,6771074320967286088,2,59,range32-aggregate,"{""range_bits"":32}",4,4,2,16,adapter_process_wall,101.406870,30.000000,3.179688,800,true,0,,429,956,,,,linux-procfs,process,,,true,,,"Linux procfs read failed: [Errno 13] Permission denied: '/proc/563/io'; private commit and per-process swap I/O are unavailable; VmSwap reports allocation, not swap traffic; No documented hardware or OS energy counter is configured in WSL2",,measured,specialized Bulletproofs range baseline; validate bundle before paper reporting,measurement,true,true,ok,{},256,8,256,range_bits,5.0,18
ab231aec-4784-4750-b5ee-b813462f3a8a,2026-08-09T03:24:53.081591+00:00,C4-BULLETPROOFS-SPECIALIZED,bulletproofs-range-pilot-v1,private_swap,bulletproofs-5.0.0-ristretto,47bfac70c1d6594282e7d744ebd8fa5bb594e5d3,bbc0b1a10dec6a35e8a7bb12148f97382d31ec9a72801a9734eae70aae800557,2016232163414177361,0,60,range32-aggregate,"{""range_bits"":32}",8,8,1,16,native_execution,0.179720,,,,,,,,,,,,,phase,,,true,wrong_public_input,,,,measured,specialized Bulletproofs range baseline; validate bundle before paper reporting,measurement,true,true,ok,"{""aggregate_values"":16.0,""application_units"":8.0,""fixture_digest"":1259425278950574.0,""range_bits"":32.0}",,,,,,
ab231aec-4784-4750-b5ee-b813462f3a8a,2026-08-09T03:24:53.081667+00:00,C4-BULLETPROOFS-SPECIALIZED,bulletproofs-range-pilot-v1,private_swap,bulletproofs-5.0.0-ristretto,47bfac70c1d6594282e7d744ebd8fa5bb594e5d3,bbc0b1a10dec6a35e8a7bb12148f97382d31ec9a72801a9734eae70aae800557,2016232163414177361,0,60,range32-aggregate,"{""range_bits"":32}",8,8,1,16,setup_or_preprocess,,,,,,,,,,,,,,phase,,,true,wrong_public_input,,Bulletproofs range generators are fixed and setup-free,,measured,specialized Bulletproofs range baseline; validate bundle before paper reporting,measurement,true,false,unsupported,{},,,,,,
ab231aec-4784-4750-b5ee-b813462f3a8a,2026-08-09T03:24:53.081691+00:00,C4-BULLETPROOFS-SPECIALIZED,bulletproofs-range-pilot-v1,private_swap,bulletproofs-5.0.0-ristretto,47bfac70c1d6594282e7d744ebd8fa5bb594e5d3,bbc0b1a10dec6a35e8a7bb12148f97382d31ec9a72801a9734eae70aae800557,2016232163414177361,0,60,range32-aggregate,"{""range_bits"":32}",8,8,1,16,key_load,,,,,,,,,,,,,,phase,,,true,wrong_public_input,,the range-proof API has no serialized proving or verification key,,measured,specialized Bulletproofs range baseline; validate bundle before paper reporting,measurement,true,false,unsupported,{},,,,,,
ab231aec-4784-4750-b5ee-b813462f3a8a,2026-08-09T03:24:53.081709+00:00,C4-BULLETPROOFS-SPECIALIZED,bulletproofs-range-pilot-v1,private_swap,bulletproofs-5.0.0-ristretto,47bfac70c1d6594282e7d744ebd8fa5bb594e5d3,bbc0b1a10dec6a35e8a7bb12148f97382d31ec9a72801a9734eae70aae800557,2016232163414177361,0,60,range32-aggregate,"{""range_bits"":32}",8,8,1,16,witness,0.461590,,,,,,,,,,,,,phase,,,true,wrong_public_input,,,,measured,specialized Bulletproofs range baseline; validate bundle before paper reporting,measurement,true,true,ok,"{""aggregate_values"":16.0,""range_bits"":32.0}",,,,,,
ab231aec-4784-4750-b5ee-b813462f3a8a,2026-08-09T03:24:53.081728+00:00,C4-BULLETPROOFS-SPECIALIZED,bulletproofs-range-pilot-v1,private_swap,bulletproofs-5.0.0-ristretto,47bfac70c1d6594282e7d744ebd8fa5bb594e5d3,bbc0b1a10dec6a35e8a7bb12148f97382d31ec9a72801a9734eae70aae800557,2016232163414177361,0,60,range32-aggregate,"{""range_bits"":32}",8,8,1,16,prove_total,53.378092,,,,,,,,,,,,,phase,,,true,wrong_public_input,,,,measured,specialized Bulletproofs range baseline; validate bundle before paper reporting,measurement,true,true,ok,"{""aggregate_values"":16.0,""range_bits"":32.0}",,,,,,
ab231aec-4784-4750-b5ee-b813462f3a8a,2026-08-09T03:24:53.081746+00:00,C4-BULLETPROOFS-SPECIALIZED,bulletproofs-range-pilot-v1,private_swap,bulletproofs-5.0.0-ristretto,47bfac70c1d6594282e7d744ebd8fa5bb594e5d3,bbc0b1a10dec6a35e8a7bb12148f97382d31ec9a72801a9734eae70aae800557,2016232163414177361,0,60,range32-aggregate,"{""range_bits"":32}",8,8,1,16,serialize,0.002374,,,,,,,,,,,,,phase,,,true,wrong_public_input,,,,measured,specialized Bulletproofs range baseline; validate bundle before paper reporting,measurement,true,true,ok,"{""proof_bytes"":864.0}",,,,,,
ab231aec-4784-4750-b5ee-b813462f3a8a,2026-08-09T03:24:53.081763+00:00,C4-BULLETPROOFS-SPECIALIZED,bulletproofs-range-pilot-v1,private_swap,bulletproofs-5.0.0-ristretto,47bfac70c1d6594282e7d744ebd8fa5bb594e5d3,bbc0b1a10dec6a35e8a7bb12148f97382d31ec9a72801a9734eae70aae800557,2016232163414177361,0,60,range32-aggregate,"{""range_bits"":32}",8,8,1,16,verify_core,4.741239,,,,,,,,,,,,,phase,,,true,wrong_public_input,4.741239,,,measured,specialized Bulletproofs range baseline; validate bundle before paper reporting,measurement,true,true,ok,"{""aggregate_values"":16.0}",,,,,,
ab231aec-4784-4750-b5ee-b813462f3a8a,2026-08-09T03:24:53.081780+00:00,C4-BULLETPROOFS-SPECIALIZED,bulletproofs-range-pilot-v1,private_swap,bulletproofs-5.0.0-ristretto,47bfac70c1d6594282e7d744ebd8fa5bb594e5d3,bbc0b1a10dec6a35e8a7bb12148f97382d31ec9a72801a9734eae70aae800557,2016232163414177361,0,60,range32-aggregate,"{""range_bits"":32}",8,8,1,16,verify_total,4.741239,,,,,,,,,,,,,phase,,,true,wrong_public_input,,,,measured,specialized Bulletproofs range baseline; validate bundle before paper reporting,measurement,true,true,ok,{},,,,,,
ab231aec-4784-4750-b5ee-b813462f3a8a,2026-08-09T03:24:53.081797+00:00,C4-BULLETPROOFS-SPECIALIZED,bulletproofs-range-pilot-v1,private_swap,bulletproofs-5.0.0-ristretto,47bfac70c1d6594282e7d744ebd8fa5bb594e5d3,bbc0b1a10dec6a35e8a7bb12148f97382d31ec9a72801a9734eae70aae800557,2016232163414177361,0,60,range32-aggregate,"{""range_bits"":32}",8,8,1,16,invalid_reject,4.741239,,,,,,,,,,,,,phase,,,true,wrong_public_input,,,,measured,specialized Bulletproofs range baseline; validate bundle before paper reporting,measurement,true,true,ok,"{""aggregate_values"":16.0}",,,,,,
ab231aec-4784-4750-b5ee-b813462f3a8a,2026-08-09T03:24:53.081814+00:00,C4-BULLETPROOFS-SPECIALIZED,bulletproofs-range-pilot-v1,private_swap,bulletproofs-5.0.0-ristretto,47bfac70c1d6594282e7d744ebd8fa5bb594e5d3,bbc0b1a10dec6a35e8a7bb12148f97382d31ec9a72801a9734eae70aae800557,2016232163414177361,0,60,range32-aggregate,"{""range_bits"":32}",8,8,1,16,adapter_process_wall,118.413223,70.000000,3.609375,864,false,0,cryptographic_rejection,645,956,,,,linux-procfs,process,,,true,wrong_public_input,,"private commit and per-process swap I/O are unavailable; VmSwap reports allocation, not swap traffic; No documented hardware or OS energy counter is configured in WSL2",,measured,specialized Bulletproofs range baseline; validate bundle before paper reporting,measurement,true,true,ok,{},512,16,512,range_bits,5.0,22
e0b0b619-b0e6-406a-912b-c11778e7263f,2026-08-09T03:24:53.200852+00:00,C4-BULLETPROOFS-SPECIALIZED,bulletproofs-range-pilot-v1,private_swap,bulletproofs-5.0.0-ristretto,47bfac70c1d6594282e7d744ebd8fa5bb594e5d3,bbc0b1a10dec6a35e8a7bb12148f97382d31ec9a72801a9734eae70aae800557,5028297252739470935,1,61,range32-aggregate,"{""range_bits"":32}",8,8,1,16,native_execution,0.204876,,,,,,,,,,,,,phase,,,true,,,,,measured,specialized Bulletproofs range baseline; validate bundle before paper reporting,measurement,true,true,ok,"{""aggregate_values"":16.0,""application_units"":8.0,""fixture_digest"":969199694663251.0,""range_bits"":32.0}",,,,,,
e0b0b619-b0e6-406a-912b-c11778e7263f,2026-08-09T03:24:53.200960+00:00,C4-BULLETPROOFS-SPECIALIZED,bulletproofs-range-pilot-v1,private_swap,bulletproofs-5.0.0-ristretto,47bfac70c1d6594282e7d744ebd8fa5bb594e5d3,bbc0b1a10dec6a35e8a7bb12148f97382d31ec9a72801a9734eae70aae800557,5028297252739470935,1,61,range32-aggregate,"{""range_bits"":32}",8,8,1,16,setup_or_preprocess,,,,,,,,,,,,,,phase,,,true,,,Bulletproofs range generators are fixed and setup-free,,measured,specialized Bulletproofs range baseline; validate bundle before paper reporting,measurement,true,false,unsupported,{},,,,,,
e0b0b619-b0e6-406a-912b-c11778e7263f,2026-08-09T03:24:53.200980+00:00,C4-BULLETPROOFS-SPECIALIZED,bulletproofs-range-pilot-v1,private_swap,bulletproofs-5.0.0-ristretto,47bfac70c1d6594282e7d744ebd8fa5bb594e5d3,bbc0b1a10dec6a35e8a7bb12148f97382d31ec9a72801a9734eae70aae800557,5028297252739470935,1,61,range32-aggregate,"{""range_bits"":32}",8,8,1,16,key_load,,,,,,,,,,,,,,phase,,,true,,,the range-proof API has no serialized proving or verification key,,measured,specialized Bulletproofs range baseline; validate bundle before paper reporting,measurement,true,false,unsupported,{},,,,,,
e0b0b619-b0e6-406a-912b-c11778e7263f,2026-08-09T03:24:53.200995+00:00,C4-BULLETPROOFS-SPECIALIZED,bulletproofs-range-pilot-v1,private_swap,bulletproofs-5.0.0-ristretto,47bfac70c1d6594282e7d744ebd8fa5bb594e5d3,bbc0b1a10dec6a35e8a7bb12148f97382d31ec9a72801a9734eae70aae800557,5028297252739470935,1,61,range32-aggregate,"{""range_bits"":32}",8,8,1,16,witness,0.494290,,,,,,,,,,,,,phase,,,true,,,,,measured,specialized Bulletproofs range baseline; validate bundle before paper reporting,measurement,true,true,ok,"{""aggregate_values"":16.0,""range_bits"":32.0}",,,,,,
e0b0b619-b0e6-406a-912b-c11778e7263f,2026-08-09T03:24:53.201012+00:00,C4-BULLETPROOFS-SPECIALIZED,bulletproofs-range-pilot-v1,private_swap,bulletproofs-5.0.0-ristretto,47bfac70c1d6594282e7d744ebd8fa5bb594e5d3,bbc0b1a10dec6a35e8a7bb12148f97382d31ec9a72801a9734eae70aae800557,5028297252739470935,1,61,range32-aggregate,"{""range_bits"":32}",8,8,1,16,prove_total,51.360027,,,,,,,,,,,,,phase,,,true,,,,,measured,specialized Bulletproofs range baseline; validate bundle before paper reporting,measurement,true,true,ok,"{""aggregate_values"":16.0,""range_bits"":32.0}",,,,,,
e0b0b619-b0e6-406a-912b-c11778e7263f,2026-08-09T03:24:53.201026+00:00,C4-BULLETPROOFS-SPECIALIZED,bulletproofs-range-pilot-v1,private_swap,bulletproofs-5.0.0-ristretto,47bfac70c1d6594282e7d744ebd8fa5bb594e5d3,bbc0b1a10dec6a35e8a7bb12148f97382d31ec9a72801a9734eae70aae800557,5028297252739470935,1,61,range32-aggregate,"{""range_bits"":32}",8,8,1,16,serialize,0.002254,,,,,,,,,,,,,phase,,,true,,,,,measured,specialized Bulletproofs range baseline; validate bundle before paper reporting,measurement,true,true,ok,"{""proof_bytes"":864.0}",,,,,,
e0b0b619-b0e6-406a-912b-c11778e7263f,2026-08-09T03:24:53.201040+00:00,C4-BULLETPROOFS-SPECIALIZED,bulletproofs-range-pilot-v1,private_swap,bulletproofs-5.0.0-ristretto,47bfac70c1d6594282e7d744ebd8fa5bb594e5d3,bbc0b1a10dec6a35e8a7bb12148f97382d31ec9a72801a9734eae70aae800557,5028297252739470935,1,61,range32-aggregate,"{""range_bits"":32}",8,8,1,16,verify_core,5.843233,,,,,,,,,,,,,phase,,,true,,,,,measured,specialized Bulletproofs range baseline; validate bundle before paper reporting,measurement,true,true,ok,"{""aggregate_values"":16.0}",,,,,,
e0b0b619-b0e6-406a-912b-c11778e7263f,2026-08-09T03:24:53.201054+00:00,C4-BULLETPROOFS-SPECIALIZED,bulletproofs-range-pilot-v1,private_swap,bulletproofs-5.0.0-ristretto,47bfac70c1d6594282e7d744ebd8fa5bb594e5d3,bbc0b1a10dec6a35e8a7bb12148f97382d31ec9a72801a9734eae70aae800557,5028297252739470935,1,61,range32-aggregate,"{""range_bits"":32}",8,8,1,16,verify_total,5.843233,,,,,,,,,,,,,phase,,,true,,,,,measured,specialized Bulletproofs range baseline; validate bundle before paper reporting,measurement,true,true,ok,{},,,,,,
e0b0b619-b0e6-406a-912b-c11778e7263f,2026-08-09T03:24:53.201067+00:00,C4-BULLETPROOFS-SPECIALIZED,bulletproofs-range-pilot-v1,private_swap,bulletproofs-5.0.0-ristretto,47bfac70c1d6594282e7d744ebd8fa5bb594e5d3,bbc0b1a10dec6a35e8a7bb12148f97382d31ec9a72801a9734eae70aae800557,5028297252739470935,1,61,range32-aggregate,"{""range_bits"":32}",8,8,1,16,adapter_process_wall,118.198028,60.000000,3.480469,864,true,0,,517,956,,,,linux-procfs,process,,,true,,,"Linux procfs read failed: [Errno 13] Permission denied: '/proc/570/io'; private commit and per-process swap I/O are unavailable; VmSwap reports allocation, not swap traffic; No documented hardware or OS energy counter is configured in WSL2",,measured,specialized Bulletproofs range baseline; validate bundle before paper reporting,measurement,true,true,ok,{},512,16,512,range_bits,5.0,21
0c86a243-83a1-4e16-8a6a-f2f26356fadd,2026-08-09T03:24:53.316652+00:00,C4-BULLETPROOFS-SPECIALIZED,bulletproofs-range-pilot-v1,private_swap,bulletproofs-5.0.0-ristretto,47bfac70c1d6594282e7d744ebd8fa5bb594e5d3,bbc0b1a10dec6a35e8a7bb12148f97382d31ec9a72801a9734eae70aae800557,6048394264045744936,2,62,range32-aggregate,"{""range_bits"":32}",8,8,2,16,native_execution,0.185104,,,,,,,,,,,,,phase,,,true,wrong_public_input,,,,measured,specialized Bulletproofs range baseline; validate bundle before paper reporting,measurement,true,true,ok,"{""aggregate_values"":16.0,""application_units"":8.0,""fixture_digest"":612605468633793.0,""range_bits"":32.0}",,,,,,
0c86a243-83a1-4e16-8a6a-f2f26356fadd,2026-08-09T03:24:53.316739+00:00,C4-BULLETPROOFS-SPECIALIZED,bulletproofs-range-pilot-v1,private_swap,bulletproofs-5.0.0-ristretto,47bfac70c1d6594282e7d744ebd8fa5bb594e5d3,bbc0b1a10dec6a35e8a7bb12148f97382d31ec9a72801a9734eae70aae800557,6048394264045744936,2,62,range32-aggregate,"{""range_bits"":32}",8,8,2,16,setup_or_preprocess,,,,,,,,,,,,,,phase,,,true,wrong_public_input,,Bulletproofs range generators are fixed and setup-free,,measured,specialized Bulletproofs range baseline; validate bundle before paper reporting,measurement,true,false,unsupported,{},,,,,,
0c86a243-83a1-4e16-8a6a-f2f26356fadd,2026-08-09T03:24:53.316764+00:00,C4-BULLETPROOFS-SPECIALIZED,bulletproofs-range-pilot-v1,private_swap,bulletproofs-5.0.0-ristretto,47bfac70c1d6594282e7d744ebd8fa5bb594e5d3,bbc0b1a10dec6a35e8a7bb12148f97382d31ec9a72801a9734eae70aae800557,6048394264045744936,2,62,range32-aggregate,"{""range_bits"":32}",8,8,2,16,key_load,,,,,,,,,,,,,,phase,,,true,wrong_public_input,,the range-proof API has no serialized proving or verification key,,measured,specialized Bulletproofs range baseline; validate bundle before paper reporting,measurement,true,false,unsupported,{},,,,,,
0c86a243-83a1-4e16-8a6a-f2f26356fadd,2026-08-09T03:24:53.316782+00:00,C4-BULLETPROOFS-SPECIALIZED,bulletproofs-range-pilot-v1,private_swap,bulletproofs-5.0.0-ristretto,47bfac70c1d6594282e7d744ebd8fa5bb594e5d3,bbc0b1a10dec6a35e8a7bb12148f97382d31ec9a72801a9734eae70aae800557,6048394264045744936,2,62,range32-aggregate,"{""range_bits"":32}",8,8,2,16,witness,0.473947,,,,,,,,,,,,,phase,,,true,wrong_public_input,,,,measured,specialized Bulletproofs range baseline; validate bundle before paper reporting,measurement,true,true,ok,"{""aggregate_values"":16.0,""range_bits"":32.0}",,,,,,
0c86a243-83a1-4e16-8a6a-f2f26356fadd,2026-08-09T03:24:53.316803+00:00,C4-BULLETPROOFS-SPECIALIZED,bulletproofs-range-pilot-v1,private_swap,bulletproofs-5.0.0-ristretto,47bfac70c1d6594282e7d744ebd8fa5bb594e5d3,bbc0b1a10dec6a35e8a7bb12148f97382d31ec9a72801a9734eae70aae800557,6048394264045744936,2,62,range32-aggregate,"{""range_bits"":32}",8,8,2,16,prove_total,48.132887,,,,,,,,,,,,,phase,,,true,wrong_public_input,,,,measured,specialized Bulletproofs range baseline; validate bundle before paper reporting,measurement,true,true,ok,"{""aggregate_values"":16.0,""range_bits"":32.0}",,,,,,
0c86a243-83a1-4e16-8a6a-f2f26356fadd,2026-08-09T03:24:53.316820+00:00,C4-BULLETPROOFS-SPECIALIZED,bulletproofs-range-pilot-v1,private_swap,bulletproofs-5.0.0-ristretto,47bfac70c1d6594282e7d744ebd8fa5bb594e5d3,bbc0b1a10dec6a35e8a7bb12148f97382d31ec9a72801a9734eae70aae800557,6048394264045744936,2,62,range32-aggregate,"{""range_bits"":32}",8,8,2,16,serialize,0.002735,,,,,,,,,,,,,phase,,,true,wrong_public_input,,,,measured,specialized Bulletproofs range baseline; validate bundle before paper reporting,measurement,true,true,ok,"{""proof_bytes"":864.0}",,,,,,
0c86a243-83a1-4e16-8a6a-f2f26356fadd,2026-08-09T03:24:53.316834+00:00,C4-BULLETPROOFS-SPECIALIZED,bulletproofs-range-pilot-v1,private_swap,bulletproofs-5.0.0-ristretto,47bfac70c1d6594282e7d744ebd8fa5bb594e5d3,bbc0b1a10dec6a35e8a7bb12148f97382d31ec9a72801a9734eae70aae800557,6048394264045744936,2,62,range32-aggregate,"{""range_bits"":32}",8,8,2,16,verify_core,4.923352,,,,,,,,,,,,,phase,,,true,wrong_public_input,4.923352,,,measured,specialized Bulletproofs range baseline; validate bundle before paper reporting,measurement,true,true,ok,"{""aggregate_values"":16.0}",,,,,,
0c86a243-83a1-4e16-8a6a-f2f26356fadd,2026-08-09T03:24:53.316849+00:00,C4-BULLETPROOFS-SPECIALIZED,bulletproofs-range-pilot-v1,private_swap,bulletproofs-5.0.0-ristretto,47bfac70c1d6594282e7d744ebd8fa5bb594e5d3,bbc0b1a10dec6a35e8a7bb12148f97382d31ec9a72801a9734eae70aae800557,6048394264045744936,2,62,range32-aggregate,"{""range_bits"":32}",8,8,2,16,verify_total,4.923352,,,,,,,,,,,,,phase,,,true,wrong_public_input,,,,measured,specialized Bulletproofs range baseline; validate bundle before paper reporting,measurement,true,true,ok,{},,,,,,
0c86a243-83a1-4e16-8a6a-f2f26356fadd,2026-08-09T03:24:53.316862+00:00,C4-BULLETPROOFS-SPECIALIZED,bulletproofs-range-pilot-v1,private_swap,bulletproofs-5.0.0-ristretto,47bfac70c1d6594282e7d744ebd8fa5bb594e5d3,bbc0b1a10dec6a35e8a7bb12148f97382d31ec9a72801a9734eae70aae800557,6048394264045744936,2,62,range32-aggregate,"{""range_bits"":32}",8,8,2,16,invalid_reject,4.923352,,,,,,,,,,,,,phase,,,true,wrong_public_input,,,,measured,specialized Bulletproofs range baseline; validate bundle before paper reporting,measurement,true,true,ok,"{""aggregate_values"":16.0}",,,,,,
0c86a243-83a1-4e16-8a6a-f2f26356fadd,2026-08-09T03:24:53.316876+00:00,C4-BULLETPROOFS-SPECIALIZED,bulletproofs-range-pilot-v1,private_swap,bulletproofs-5.0.0-ristretto,47bfac70c1d6594282e7d744ebd8fa5bb594e5d3,bbc0b1a10dec6a35e8a7bb12148f97382d31ec9a72801a9734eae70aae800557,6048394264045744936,2,62,range32-aggregate,"{""range_bits"":32}",8,8,2,16,adapter_process_wall,114.575466,50.000000,3.601562,864,false,0,cryptographic_rejection,647,956,,,,linux-procfs,process,,,true,wrong_public_input,,"private commit and per-process swap I/O are unavailable; VmSwap reports allocation, not swap traffic; No documented hardware or OS energy counter is configured in WSL2",,measured,specialized Bulletproofs range baseline; validate bundle before paper reporting,measurement,true,true,ok,{},512,16,512,range_bits,5.0,21
