claim_id,experiment_id,adapter_commit,config_hash,workload,variant,parameter_set,parameters_json,phase,input_scale,threads,invalid_proof_kind,supported,n,mean_latency_ms,stdev_latency_ms,p50_latency_ms,p95_latency_ms,min_latency_ms,max_latency_ms,median_cpu_time_ms,median_peak_rss_mb,median_page_faults,proof_bytes,native_relation_size,relation_unit,public_inputs,expected_outcomes,stdev_unavailable_reason,excluded_boundary_metrics,metric_unavailable_reason,speedup_vs_one_thread,speedup_ci_low,speedup_ci_high,parallel_efficiency,application_throughput_units_s,native_overhead_ratio,cpu_wall_ratio,ram_per_application_unit_mb,saturation_threads,scaling_coefficient_a,scaling_exponent_b,scaling_exponent_ci_low,scaling_exponent_ci_high,scaling_r_squared,evidence_class,result_scope,run_role,recorded
C4-PCAS-SENSITIVITY,jellyfish-plonk-swap-sensitivity-final-v1,ef2b7370acbd2d0f7e2071ea52bd1ac2816b684f,818f4732eff71a969b798ddd9efaa33ba8140e02a576c4e4054b03e43b1e4600,private_swap,jellyfish-turboplonk-0.8.0-bn254-kzg,ablate-authorization,"{""ablation"":""no_authorization"",""hash_rounds"":5,""membership_paths"":2,""merkle_depth"":8,""range_bits"":32,""time_bits"":16}",adapter_process_wall,2,1,,true,10,773.791512,11.109696,772.717809,789.386870,755.177739,796.671246,720.000000,21.009766,9972.500000,769,2048,plonk_domain_rows,7,all-expected,,,"Linux procfs read failed: [Errno 13] Permission denied: '/proc/1541/io'; private commit and per-process swap I/O are unavailable; VmSwap reports allocation, not swap traffic; No documented hardware or OS energy counter is configured in WSL2; Linux procfs read failed: [Errno 3] No such process; private commit and per-process swap I/O are unavailable; VmSwap reports allocation, not swap traffic; No documented hardware or OS energy counter is configured in WSL2; private commit and per-process swap I/O are unavailable; VmSwap reports allocation, not swap traffic; No documented hardware or OS energy counter is configured in WSL2",,,,,,,0.931776,10.504883,,,,,,,measured,final-candidate evidence; validate bundle before paper reporting,measurement,true
C4-PCAS-SENSITIVITY,jellyfish-plonk-swap-sensitivity-final-v1,ef2b7370acbd2d0f7e2071ea52bd1ac2816b684f,818f4732eff71a969b798ddd9efaa33ba8140e02a576c4e4054b03e43b1e4600,private_swap,jellyfish-turboplonk-0.8.0-bn254-kzg,ablate-authorization,"{""ablation"":""no_authorization"",""hash_rounds"":5,""membership_paths"":2,""merkle_depth"":8,""range_bits"":32,""time_bits"":16}",adapter_process_wall,2,2,,true,10,448.561556,11.713778,448.460041,464.554042,429.710383,466.455978,750.000000,21.351562,9825.000000,769,2048,plonk_domain_rows,7,all-expected,,,"Linux procfs read failed: [Errno 13] Permission denied: '/proc/1755/io'; private commit and per-process swap I/O are unavailable; VmSwap reports allocation, not swap traffic; No documented hardware or OS energy counter is configured in WSL2; Linux procfs read failed: [Errno 13] Permission denied: '/proc/2014/io'; private commit and per-process swap I/O are unavailable; VmSwap reports allocation, not swap traffic; No documented hardware or OS energy counter is configured in WSL2; Linux procfs read failed: [Errno 13] Permission denied: '/proc/2038/io'; private commit and per-process swap I/O are unavailable; VmSwap reports allocation, not swap traffic; No documented hardware or OS energy counter is configured in WSL2; Linux procfs read failed: [Errno 13] Permission denied: '/proc/2272/io'; private commit and per-process swap I/O are unavailable; VmSwap reports allocation, not swap traffic; No documented hardware or OS energy counter is configured in WSL2; Linux procfs read failed: [Errno 13] Permission denied: '/proc/2276/io'; private commit and per-process swap I/O are unavailable; VmSwap reports allocation, not swap traffic; No documented hardware or OS energy counter is configured in WSL2; private commit and per-process swap I/O are unavailable; VmSwap reports allocation, not swap traffic; No documented hardware or OS energy counter is configured in WSL2",,,,,,,1.672390,10.675781,,,,,,,measured,final-candidate evidence; validate bundle before paper reporting,measurement,true
C4-PCAS-SENSITIVITY,jellyfish-plonk-swap-sensitivity-final-v1,ef2b7370acbd2d0f7e2071ea52bd1ac2816b684f,818f4732eff71a969b798ddd9efaa33ba8140e02a576c4e4054b03e43b1e4600,private_swap,jellyfish-turboplonk-0.8.0-bn254-kzg,ablate-authorization,"{""ablation"":""no_authorization"",""hash_rounds"":5,""membership_paths"":2,""merkle_depth"":8,""range_bits"":32,""time_bits"":16}",adapter_process_wall,2,4,,true,10,294.901686,10.138227,293.645182,311.283417,283.647523,318.268471,820.000000,22.611328,9253.000000,769,2048,plonk_domain_rows,7,all-expected,,,"Linux procfs read failed: [Errno 13] Permission denied: '/proc/1115/io'; private commit and per-process swap I/O are unavailable; VmSwap reports allocation, not swap traffic; No documented hardware or OS energy counter is configured in WSL2; Linux procfs read failed: [Errno 13] Permission denied: '/proc/1237/io'; private commit and per-process swap I/O are unavailable; VmSwap reports allocation, not swap traffic; No documented hardware or OS energy counter is configured in WSL2; Linux procfs read failed: [Errno 13] Permission denied: '/proc/1243/io'; private commit and per-process swap I/O are unavailable; VmSwap reports allocation, not swap traffic; No documented hardware or OS energy counter is configured in WSL2; Linux procfs read failed: [Errno 13] Permission denied: '/proc/1473/io'; private commit and per-process swap I/O are unavailable; VmSwap reports allocation, not swap traffic; No documented hardware or OS energy counter is configured in WSL2; Linux procfs read failed: [Errno 13] Permission denied: '/proc/1532/io'; private commit and per-process swap I/O are unavailable; VmSwap reports allocation, not swap traffic; No documented hardware or OS energy counter is configured in WSL2; Linux procfs read failed: [Errno 13] Permission denied: '/proc/2246/io'; private commit and per-process swap I/O are unavailable; VmSwap reports allocation, not swap traffic; No documented hardware or OS energy counter is configured in WSL2; Linux procfs read failed: [Errno 13] Permission denied: '/proc/910/io'; private commit and per-process swap I/O are unavailable; VmSwap reports allocation, not swap traffic; No documented hardware or OS energy counter is configured in WSL2; private commit and per-process swap I/O are unavailable; VmSwap reports allocation, not swap traffic; No documented hardware or OS energy counter is configured in WSL2",,,,,,,2.792486,11.305664,,,,,,,measured,final-candidate evidence; validate bundle before paper reporting,measurement,true
C4-PCAS-SENSITIVITY,jellyfish-plonk-swap-sensitivity-final-v1,ef2b7370acbd2d0f7e2071ea52bd1ac2816b684f,818f4732eff71a969b798ddd9efaa33ba8140e02a576c4e4054b03e43b1e4600,private_swap,jellyfish-turboplonk-0.8.0-bn254-kzg,ablate-authorization,"{""ablation"":""no_authorization"",""hash_rounds"":5,""membership_paths"":2,""merkle_depth"":8,""range_bits"":32,""time_bits"":16}",adapter_process_wall,2,8,,true,10,267.923353,12.295959,264.357595,290.282552,256.811116,290.311626,1100.000000,27.164062,7714.000000,769,2048,plonk_domain_rows,7,all-expected,,,"Linux procfs read failed: [Errno 13] Permission denied: '/proc/1617/io'; private commit and per-process swap I/O are unavailable; VmSwap reports allocation, not swap traffic; No documented hardware or OS energy counter is configured in WSL2; Linux procfs read failed: [Errno 13] Permission denied: '/proc/1724/io'; private commit and per-process swap I/O are unavailable; VmSwap reports allocation, not swap traffic; No documented hardware or OS energy counter is configured in WSL2; Linux procfs read failed: [Errno 13] Permission denied: '/proc/1796/io'; private commit and per-process swap I/O are unavailable; VmSwap reports allocation, not swap traffic; No documented hardware or OS energy counter is configured in WSL2; Linux procfs read failed: [Errno 13] Permission denied: '/proc/2344/io'; private commit and per-process swap I/O are unavailable; VmSwap reports allocation, not swap traffic; No documented hardware or OS energy counter is configured in WSL2; Linux procfs read failed: [Errno 13] Permission denied: '/proc/859/io'; private commit and per-process swap I/O are unavailable; VmSwap reports allocation, not swap traffic; No documented hardware or OS energy counter is configured in WSL2; private commit and per-process swap I/O are unavailable; VmSwap reports allocation, not swap traffic; No documented hardware or OS energy counter is configured in WSL2",,,,,,,4.161030,13.582031,,,,,,,measured,final-candidate evidence; validate bundle before paper reporting,measurement,true
C4-PCAS-SENSITIVITY,jellyfish-plonk-swap-sensitivity-final-v1,ef2b7370acbd2d0f7e2071ea52bd1ac2816b684f,818f4732eff71a969b798ddd9efaa33ba8140e02a576c4e4054b03e43b1e4600,private_swap,jellyfish-turboplonk-0.8.0-bn254-kzg,ablate-authorization,"{""ablation"":""no_authorization"",""hash_rounds"":5,""membership_paths"":2,""merkle_depth"":8,""range_bits"":32,""time_bits"":16}",commitment,2,1,,false,,,,,,,,,,,,,,,not-applicable,,,Jellyfish exposes no stable per-proof hook for this phase,,,,,,,,,,,,,,,measured,final-candidate evidence; validate bundle before paper reporting,measurement,true
C4-PCAS-SENSITIVITY,jellyfish-plonk-swap-sensitivity-final-v1,ef2b7370acbd2d0f7e2071ea52bd1ac2816b684f,818f4732eff71a969b798ddd9efaa33ba8140e02a576c4e4054b03e43b1e4600,private_swap,jellyfish-turboplonk-0.8.0-bn254-kzg,ablate-authorization,"{""ablation"":""no_authorization"",""hash_rounds"":5,""membership_paths"":2,""merkle_depth"":8,""range_bits"":32,""time_bits"":16}",commitment,2,2,,false,,,,,,,,,,,,,,,not-applicable,,,Jellyfish exposes no stable per-proof hook for this phase,,,,,,,,,,,,,,,measured,final-candidate evidence; validate bundle before paper reporting,measurement,true
C4-PCAS-SENSITIVITY,jellyfish-plonk-swap-sensitivity-final-v1,ef2b7370acbd2d0f7e2071ea52bd1ac2816b684f,818f4732eff71a969b798ddd9efaa33ba8140e02a576c4e4054b03e43b1e4600,private_swap,jellyfish-turboplonk-0.8.0-bn254-kzg,ablate-authorization,"{""ablation"":""no_authorization"",""hash_rounds"":5,""membership_paths"":2,""merkle_depth"":8,""range_bits"":32,""time_bits"":16}",commitment,2,4,,false,,,,,,,,,,,,,,,not-applicable,,,Jellyfish exposes no stable per-proof hook for this phase,,,,,,,,,,,,,,,measured,final-candidate evidence; validate bundle before paper reporting,measurement,true
C4-PCAS-SENSITIVITY,jellyfish-plonk-swap-sensitivity-final-v1,ef2b7370acbd2d0f7e2071ea52bd1ac2816b684f,818f4732eff71a969b798ddd9efaa33ba8140e02a576c4e4054b03e43b1e4600,private_swap,jellyfish-turboplonk-0.8.0-bn254-kzg,ablate-authorization,"{""ablation"":""no_authorization"",""hash_rounds"":5,""membership_paths"":2,""merkle_depth"":8,""range_bits"":32,""time_bits"":16}",commitment,2,8,,false,,,,,,,,,,,,,,,not-applicable,,,Jellyfish exposes no stable per-proof hook for this phase,,,,,,,,,,,,,,,measured,final-candidate evidence; validate bundle before paper reporting,measurement,true
C4-PCAS-SENSITIVITY,jellyfish-plonk-swap-sensitivity-final-v1,ef2b7370acbd2d0f7e2071ea52bd1ac2816b684f,818f4732eff71a969b798ddd9efaa33ba8140e02a576c4e4054b03e43b1e4600,private_swap,jellyfish-turboplonk-0.8.0-bn254-kzg,ablate-authorization,"{""ablation"":""no_authorization"",""hash_rounds"":5,""membership_paths"":2,""merkle_depth"":8,""range_bits"":32,""time_bits"":16}",deserialize,2,1,,true,10,0.303248,0.038984,0.304431,0.361088,0.237116,0.366122,,,,,,,,not-applicable,,,,,,,,,,,,,,,,,,measured,final-candidate evidence; validate bundle before paper reporting,measurement,true
C4-PCAS-SENSITIVITY,jellyfish-plonk-swap-sensitivity-final-v1,ef2b7370acbd2d0f7e2071ea52bd1ac2816b684f,818f4732eff71a969b798ddd9efaa33ba8140e02a576c4e4054b03e43b1e4600,private_swap,jellyfish-turboplonk-0.8.0-bn254-kzg,ablate-authorization,"{""ablation"":""no_authorization"",""hash_rounds"":5,""membership_paths"":2,""merkle_depth"":8,""range_bits"":32,""time_bits"":16}",deserialize,2,2,,true,10,0.385767,0.059151,0.370940,0.471866,0.310813,0.500932,,,,,,,,not-applicable,,,,,,,,,,,,,,,,,,measured,final-candidate evidence; validate bundle before paper reporting,measurement,true
C4-PCAS-SENSITIVITY,jellyfish-plonk-swap-sensitivity-final-v1,ef2b7370acbd2d0f7e2071ea52bd1ac2816b684f,818f4732eff71a969b798ddd9efaa33ba8140e02a576c4e4054b03e43b1e4600,private_swap,jellyfish-turboplonk-0.8.0-bn254-kzg,ablate-authorization,"{""ablation"":""no_authorization"",""hash_rounds"":5,""membership_paths"":2,""merkle_depth"":8,""range_bits"":32,""time_bits"":16}",deserialize,2,4,,true,10,0.936960,0.090306,0.955793,1.055698,0.804377,1.096530,,,,,,,,not-applicable,,,,,,,,,,,,,,,,,,measured,final-candidate evidence; validate bundle before paper reporting,measurement,true
C4-PCAS-SENSITIVITY,jellyfish-plonk-swap-sensitivity-final-v1,ef2b7370acbd2d0f7e2071ea52bd1ac2816b684f,818f4732eff71a969b798ddd9efaa33ba8140e02a576c4e4054b03e43b1e4600,private_swap,jellyfish-turboplonk-0.8.0-bn254-kzg,ablate-authorization,"{""ablation"":""no_authorization"",""hash_rounds"":5,""membership_paths"":2,""merkle_depth"":8,""range_bits"":32,""time_bits"":16}",deserialize,2,8,,true,10,1.594836,0.162294,1.580551,1.836459,1.346245,1.915153,,,,,,,,not-applicable,,,,,,,,,,,,,,,,,,measured,final-candidate evidence; validate bundle before paper reporting,measurement,true
C4-PCAS-SENSITIVITY,jellyfish-plonk-swap-sensitivity-final-v1,ef2b7370acbd2d0f7e2071ea52bd1ac2816b684f,818f4732eff71a969b798ddd9efaa33ba8140e02a576c4e4054b03e43b1e4600,private_swap,jellyfish-turboplonk-0.8.0-bn254-kzg,ablate-authorization,"{""ablation"":""no_authorization"",""hash_rounds"":5,""membership_paths"":2,""merkle_depth"":8,""range_bits"":32,""time_bits"":16}",fft_ntt,2,1,,false,,,,,,,,,,,,,,,not-applicable,,,Jellyfish exposes no stable per-proof hook for this phase,,,,,,,,,,,,,,,measured,final-candidate evidence; validate bundle before paper reporting,measurement,true
C4-PCAS-SENSITIVITY,jellyfish-plonk-swap-sensitivity-final-v1,ef2b7370acbd2d0f7e2071ea52bd1ac2816b684f,818f4732eff71a969b798ddd9efaa33ba8140e02a576c4e4054b03e43b1e4600,private_swap,jellyfish-turboplonk-0.8.0-bn254-kzg,ablate-authorization,"{""ablation"":""no_authorization"",""hash_rounds"":5,""membership_paths"":2,""merkle_depth"":8,""range_bits"":32,""time_bits"":16}",fft_ntt,2,2,,false,,,,,,,,,,,,,,,not-applicable,,,Jellyfish exposes no stable per-proof hook for this phase,,,,,,,,,,,,,,,measured,final-candidate evidence; validate bundle before paper reporting,measurement,true
C4-PCAS-SENSITIVITY,jellyfish-plonk-swap-sensitivity-final-v1,ef2b7370acbd2d0f7e2071ea52bd1ac2816b684f,818f4732eff71a969b798ddd9efaa33ba8140e02a576c4e4054b03e43b1e4600,private_swap,jellyfish-turboplonk-0.8.0-bn254-kzg,ablate-authorization,"{""ablation"":""no_authorization"",""hash_rounds"":5,""membership_paths"":2,""merkle_depth"":8,""range_bits"":32,""time_bits"":16}",fft_ntt,2,4,,false,,,,,,,,,,,,,,,not-applicable,,,Jellyfish exposes no stable per-proof hook for this phase,,,,,,,,,,,,,,,measured,final-candidate evidence; validate bundle before paper reporting,measurement,true
C4-PCAS-SENSITIVITY,jellyfish-plonk-swap-sensitivity-final-v1,ef2b7370acbd2d0f7e2071ea52bd1ac2816b684f,818f4732eff71a969b798ddd9efaa33ba8140e02a576c4e4054b03e43b1e4600,private_swap,jellyfish-turboplonk-0.8.0-bn254-kzg,ablate-authorization,"{""ablation"":""no_authorization"",""hash_rounds"":5,""membership_paths"":2,""merkle_depth"":8,""range_bits"":32,""time_bits"":16}",fft_ntt,2,8,,false,,,,,,,,,,,,,,,not-applicable,,,Jellyfish exposes no stable per-proof hook for this phase,,,,,,,,,,,,,,,measured,final-candidate evidence; validate bundle before paper reporting,measurement,true
C4-PCAS-SENSITIVITY,jellyfish-plonk-swap-sensitivity-final-v1,ef2b7370acbd2d0f7e2071ea52bd1ac2816b684f,818f4732eff71a969b798ddd9efaa33ba8140e02a576c4e4054b03e43b1e4600,private_swap,jellyfish-turboplonk-0.8.0-bn254-kzg,ablate-authorization,"{""ablation"":""no_authorization"",""hash_rounds"":5,""membership_paths"":2,""merkle_depth"":8,""range_bits"":32,""time_bits"":16}",key_load,2,1,,false,,,,,,,,,,,,,,,not-applicable,,,Jellyfish exposes no stable per-proof hook for this phase,,,,,,,,,,,,,,,measured,final-candidate evidence; validate bundle before paper reporting,measurement,true
C4-PCAS-SENSITIVITY,jellyfish-plonk-swap-sensitivity-final-v1,ef2b7370acbd2d0f7e2071ea52bd1ac2816b684f,818f4732eff71a969b798ddd9efaa33ba8140e02a576c4e4054b03e43b1e4600,private_swap,jellyfish-turboplonk-0.8.0-bn254-kzg,ablate-authorization,"{""ablation"":""no_authorization"",""hash_rounds"":5,""membership_paths"":2,""merkle_depth"":8,""range_bits"":32,""time_bits"":16}",key_load,2,2,,false,,,,,,,,,,,,,,,not-applicable,,,Jellyfish exposes no stable per-proof hook for this phase,,,,,,,,,,,,,,,measured,final-candidate evidence; validate bundle before paper reporting,measurement,true
C4-PCAS-SENSITIVITY,jellyfish-plonk-swap-sensitivity-final-v1,ef2b7370acbd2d0f7e2071ea52bd1ac2816b684f,818f4732eff71a969b798ddd9efaa33ba8140e02a576c4e4054b03e43b1e4600,private_swap,jellyfish-turboplonk-0.8.0-bn254-kzg,ablate-authorization,"{""ablation"":""no_authorization"",""hash_rounds"":5,""membership_paths"":2,""merkle_depth"":8,""range_bits"":32,""time_bits"":16}",key_load,2,4,,false,,,,,,,,,,,,,,,not-applicable,,,Jellyfish exposes no stable per-proof hook for this phase,,,,,,,,,,,,,,,measured,final-candidate evidence; validate bundle before paper reporting,measurement,true
C4-PCAS-SENSITIVITY,jellyfish-plonk-swap-sensitivity-final-v1,ef2b7370acbd2d0f7e2071ea52bd1ac2816b684f,818f4732eff71a969b798ddd9efaa33ba8140e02a576c4e4054b03e43b1e4600,private_swap,jellyfish-turboplonk-0.8.0-bn254-kzg,ablate-authorization,"{""ablation"":""no_authorization"",""hash_rounds"":5,""membership_paths"":2,""merkle_depth"":8,""range_bits"":32,""time_bits"":16}",key_load,2,8,,false,,,,,,,,,,,,,,,not-applicable,,,Jellyfish exposes no stable per-proof hook for this phase,,,,,,,,,,,,,,,measured,final-candidate evidence; validate bundle before paper reporting,measurement,true
C4-PCAS-SENSITIVITY,jellyfish-plonk-swap-sensitivity-final-v1,ef2b7370acbd2d0f7e2071ea52bd1ac2816b684f,818f4732eff71a969b798ddd9efaa33ba8140e02a576c4e4054b03e43b1e4600,private_swap,jellyfish-turboplonk-0.8.0-bn254-kzg,ablate-authorization,"{""ablation"":""no_authorization"",""hash_rounds"":5,""membership_paths"":2,""merkle_depth"":8,""range_bits"":32,""time_bits"":16}",msm,2,1,,false,,,,,,,,,,,,,,,not-applicable,,,Jellyfish exposes no stable per-proof hook for this phase,,,,,,,,,,,,,,,measured,final-candidate evidence; validate bundle before paper reporting,measurement,true
C4-PCAS-SENSITIVITY,jellyfish-plonk-swap-sensitivity-final-v1,ef2b7370acbd2d0f7e2071ea52bd1ac2816b684f,818f4732eff71a969b798ddd9efaa33ba8140e02a576c4e4054b03e43b1e4600,private_swap,jellyfish-turboplonk-0.8.0-bn254-kzg,ablate-authorization,"{""ablation"":""no_authorization"",""hash_rounds"":5,""membership_paths"":2,""merkle_depth"":8,""range_bits"":32,""time_bits"":16}",msm,2,2,,false,,,,,,,,,,,,,,,not-applicable,,,Jellyfish exposes no stable per-proof hook for this phase,,,,,,,,,,,,,,,measured,final-candidate evidence; validate bundle before paper reporting,measurement,true
C4-PCAS-SENSITIVITY,jellyfish-plonk-swap-sensitivity-final-v1,ef2b7370acbd2d0f7e2071ea52bd1ac2816b684f,818f4732eff71a969b798ddd9efaa33ba8140e02a576c4e4054b03e43b1e4600,private_swap,jellyfish-turboplonk-0.8.0-bn254-kzg,ablate-authorization,"{""ablation"":""no_authorization"",""hash_rounds"":5,""membership_paths"":2,""merkle_depth"":8,""range_bits"":32,""time_bits"":16}",msm,2,4,,false,,,,,,,,,,,,,,,not-applicable,,,Jellyfish exposes no stable per-proof hook for this phase,,,,,,,,,,,,,,,measured,final-candidate evidence; validate bundle before paper reporting,measurement,true
C4-PCAS-SENSITIVITY,jellyfish-plonk-swap-sensitivity-final-v1,ef2b7370acbd2d0f7e2071ea52bd1ac2816b684f,818f4732eff71a969b798ddd9efaa33ba8140e02a576c4e4054b03e43b1e4600,private_swap,jellyfish-turboplonk-0.8.0-bn254-kzg,ablate-authorization,"{""ablation"":""no_authorization"",""hash_rounds"":5,""membership_paths"":2,""merkle_depth"":8,""range_bits"":32,""time_bits"":16}",msm,2,8,,false,,,,,,,,,,,,,,,not-applicable,,,Jellyfish exposes no stable per-proof hook for this phase,,,,,,,,,,,,,,,measured,final-candidate evidence; validate bundle before paper reporting,measurement,true
C4-PCAS-SENSITIVITY,jellyfish-plonk-swap-sensitivity-final-v1,ef2b7370acbd2d0f7e2071ea52bd1ac2816b684f,818f4732eff71a969b798ddd9efaa33ba8140e02a576c4e4054b03e43b1e4600,private_swap,jellyfish-turboplonk-0.8.0-bn254-kzg,ablate-authorization,"{""ablation"":""no_authorization"",""hash_rounds"":5,""membership_paths"":2,""merkle_depth"":8,""range_bits"":32,""time_bits"":16}",native_execution,2,1,,true,10,1.822682,0.118378,1.817041,1.999825,1.704131,2.118202,,,,,,,,not-applicable,,,,,,,,,,,,,,,,,,measured,final-candidate evidence; validate bundle before paper reporting,measurement,true
C4-PCAS-SENSITIVITY,jellyfish-plonk-swap-sensitivity-final-v1,ef2b7370acbd2d0f7e2071ea52bd1ac2816b684f,818f4732eff71a969b798ddd9efaa33ba8140e02a576c4e4054b03e43b1e4600,private_swap,jellyfish-turboplonk-0.8.0-bn254-kzg,ablate-authorization,"{""ablation"":""no_authorization"",""hash_rounds"":5,""membership_paths"":2,""merkle_depth"":8,""range_bits"":32,""time_bits"":16}",native_execution,2,2,,true,10,1.863881,0.114671,1.855931,2.028828,1.654238,2.033068,,,,,,,,not-applicable,,,,,,,,,,,,,,,,,,measured,final-candidate evidence; validate bundle before paper reporting,measurement,true
C4-PCAS-SENSITIVITY,jellyfish-plonk-swap-sensitivity-final-v1,ef2b7370acbd2d0f7e2071ea52bd1ac2816b684f,818f4732eff71a969b798ddd9efaa33ba8140e02a576c4e4054b03e43b1e4600,private_swap,jellyfish-turboplonk-0.8.0-bn254-kzg,ablate-authorization,"{""ablation"":""no_authorization"",""hash_rounds"":5,""membership_paths"":2,""merkle_depth"":8,""range_bits"":32,""time_bits"":16}",native_execution,2,4,,true,10,1.880329,0.103455,1.891868,2.028187,1.717637,2.049715,,,,,,,,not-applicable,,,,,,,,,,,,,,,,,,measured,final-candidate evidence; validate bundle before paper reporting,measurement,true
C4-PCAS-SENSITIVITY,jellyfish-plonk-swap-sensitivity-final-v1,ef2b7370acbd2d0f7e2071ea52bd1ac2816b684f,818f4732eff71a969b798ddd9efaa33ba8140e02a576c4e4054b03e43b1e4600,private_swap,jellyfish-turboplonk-0.8.0-bn254-kzg,ablate-authorization,"{""ablation"":""no_authorization"",""hash_rounds"":5,""membership_paths"":2,""merkle_depth"":8,""range_bits"":32,""time_bits"":16}",native_execution,2,8,,true,10,1.934179,0.228042,1.919140,2.242694,1.552579,2.325116,,,,,,,,not-applicable,,,,,,,,,,,,,,,,,,measured,final-candidate evidence; validate bundle before paper reporting,measurement,true
C4-PCAS-SENSITIVITY,jellyfish-plonk-swap-sensitivity-final-v1,ef2b7370acbd2d0f7e2071ea52bd1ac2816b684f,818f4732eff71a969b798ddd9efaa33ba8140e02a576c4e4054b03e43b1e4600,private_swap,jellyfish-turboplonk-0.8.0-bn254-kzg,ablate-authorization,"{""ablation"":""no_authorization"",""hash_rounds"":5,""membership_paths"":2,""merkle_depth"":8,""range_bits"":32,""time_bits"":16}",prove_total,2,1,,true,10,437.286633,6.235490,436.551531,447.038173,426.523416,449.833340,,,,,,,,not-applicable,,,,,,,,4.581361,240.254089,,,,,,,,,measured,final-candidate evidence; validate bundle before paper reporting,measurement,true
C4-PCAS-SENSITIVITY,jellyfish-plonk-swap-sensitivity-final-v1,ef2b7370acbd2d0f7e2071ea52bd1ac2816b684f,818f4732eff71a969b798ddd9efaa33ba8140e02a576c4e4054b03e43b1e4600,private_swap,jellyfish-turboplonk-0.8.0-bn254-kzg,ablate-authorization,"{""ablation"":""no_authorization"",""hash_rounds"":5,""membership_paths"":2,""merkle_depth"":8,""range_bits"":32,""time_bits"":16}",prove_total,2,2,,true,10,243.780627,9.212589,242.202480,257.870266,231.948422,261.200595,,,,,,,,not-applicable,,,,1.802424,1.735358,1.842498,0.901212,8.257554,130.501877,,,,,,,,,measured,final-candidate evidence; validate bundle before paper reporting,measurement,true
C4-PCAS-SENSITIVITY,jellyfish-plonk-swap-sensitivity-final-v1,ef2b7370acbd2d0f7e2071ea52bd1ac2816b684f,818f4732eff71a969b798ddd9efaa33ba8140e02a576c4e4054b03e43b1e4600,private_swap,jellyfish-turboplonk-0.8.0-bn254-kzg,ablate-authorization,"{""ablation"":""no_authorization"",""hash_rounds"":5,""membership_paths"":2,""merkle_depth"":8,""range_bits"":32,""time_bits"":16}",prove_total,2,4,,true,10,153.370125,4.671326,151.987686,160.092028,146.891000,161.030390,,,,,,,,not-applicable,,,,2.872282,2.764284,2.922177,0.718071,13.158961,80.337363,,,,,,,,,measured,final-candidate evidence; validate bundle before paper reporting,measurement,true
C4-PCAS-SENSITIVITY,jellyfish-plonk-swap-sensitivity-final-v1,ef2b7370acbd2d0f7e2071ea52bd1ac2816b684f,818f4732eff71a969b798ddd9efaa33ba8140e02a576c4e4054b03e43b1e4600,private_swap,jellyfish-turboplonk-0.8.0-bn254-kzg,ablate-authorization,"{""ablation"":""no_authorization"",""hash_rounds"":5,""membership_paths"":2,""merkle_depth"":8,""range_bits"":32,""time_bits"":16}",prove_total,2,8,,true,10,146.213058,6.547586,144.642475,156.580070,137.830542,158.721674,,,,,,,,not-applicable,,,,3.018142,2.895944,3.099096,0.377268,13.827197,75.368362,,,,,,,,,measured,final-candidate evidence; validate bundle before paper reporting,measurement,true
C4-PCAS-SENSITIVITY,jellyfish-plonk-swap-sensitivity-final-v1,ef2b7370acbd2d0f7e2071ea52bd1ac2816b684f,818f4732eff71a969b798ddd9efaa33ba8140e02a576c4e4054b03e43b1e4600,private_swap,jellyfish-turboplonk-0.8.0-bn254-kzg,ablate-authorization,"{""ablation"":""no_authorization"",""hash_rounds"":5,""membership_paths"":2,""merkle_depth"":8,""range_bits"":32,""time_bits"":16}",serialize,2,1,,true,10,0.008068,0.005419,0.006748,0.016372,0.004318,0.022793,,,,,,,,not-applicable,,,,,,,,,,,,,,,,,,measured,final-candidate evidence; validate bundle before paper reporting,measurement,true
C4-PCAS-SENSITIVITY,jellyfish-plonk-swap-sensitivity-final-v1,ef2b7370acbd2d0f7e2071ea52bd1ac2816b684f,818f4732eff71a969b798ddd9efaa33ba8140e02a576c4e4054b03e43b1e4600,private_swap,jellyfish-turboplonk-0.8.0-bn254-kzg,ablate-authorization,"{""ablation"":""no_authorization"",""hash_rounds"":5,""membership_paths"":2,""merkle_depth"":8,""range_bits"":32,""time_bits"":16}",serialize,2,2,,true,10,0.006355,0.002507,0.005906,0.010134,0.002675,0.011351,,,,,,,,not-applicable,,,,,,,,,,,,,,,,,,measured,final-candidate evidence; validate bundle before paper reporting,measurement,true
C4-PCAS-SENSITIVITY,jellyfish-plonk-swap-sensitivity-final-v1,ef2b7370acbd2d0f7e2071ea52bd1ac2816b684f,818f4732eff71a969b798ddd9efaa33ba8140e02a576c4e4054b03e43b1e4600,private_swap,jellyfish-turboplonk-0.8.0-bn254-kzg,ablate-authorization,"{""ablation"":""no_authorization"",""hash_rounds"":5,""membership_paths"":2,""merkle_depth"":8,""range_bits"":32,""time_bits"":16}",serialize,2,4,,true,10,0.006469,0.002340,0.006407,0.009991,0.003626,0.012223,,,,,,,,not-applicable,,,,,,,,,,,,,,,,,,measured,final-candidate evidence; validate bundle before paper reporting,measurement,true
C4-PCAS-SENSITIVITY,jellyfish-plonk-swap-sensitivity-final-v1,ef2b7370acbd2d0f7e2071ea52bd1ac2816b684f,818f4732eff71a969b798ddd9efaa33ba8140e02a576c4e4054b03e43b1e4600,private_swap,jellyfish-turboplonk-0.8.0-bn254-kzg,ablate-authorization,"{""ablation"":""no_authorization"",""hash_rounds"":5,""membership_paths"":2,""merkle_depth"":8,""range_bits"":32,""time_bits"":16}",serialize,2,8,,true,10,0.007190,0.002719,0.006472,0.012016,0.003968,0.013125,,,,,,,,not-applicable,,,,,,,,,,,,,,,,,,measured,final-candidate evidence; validate bundle before paper reporting,measurement,true
C4-PCAS-SENSITIVITY,jellyfish-plonk-swap-sensitivity-final-v1,ef2b7370acbd2d0f7e2071ea52bd1ac2816b684f,818f4732eff71a969b798ddd9efaa33ba8140e02a576c4e4054b03e43b1e4600,private_swap,jellyfish-turboplonk-0.8.0-bn254-kzg,ablate-authorization,"{""ablation"":""no_authorization"",""hash_rounds"":5,""membership_paths"":2,""merkle_depth"":8,""range_bits"":32,""time_bits"":16}",setup_or_preprocess,2,1,,true,10,280.084463,5.059332,279.154869,287.487805,272.824716,289.493647,,,,,,,,not-applicable,,,,,,,,,,,,,,,,,,measured,final-candidate evidence; validate bundle before paper reporting,measurement,true
C4-PCAS-SENSITIVITY,jellyfish-plonk-swap-sensitivity-final-v1,ef2b7370acbd2d0f7e2071ea52bd1ac2816b684f,818f4732eff71a969b798ddd9efaa33ba8140e02a576c4e4054b03e43b1e4600,private_swap,jellyfish-turboplonk-0.8.0-bn254-kzg,ablate-authorization,"{""ablation"":""no_authorization"",""hash_rounds"":5,""membership_paths"":2,""merkle_depth"":8,""range_bits"":32,""time_bits"":16}",setup_or_preprocess,2,2,,true,10,148.293552,4.655376,147.113023,155.026597,143.460755,157.342320,,,,,,,,not-applicable,,,,,,,,,,,,,,,,,,measured,final-candidate evidence; validate bundle before paper reporting,measurement,true
C4-PCAS-SENSITIVITY,jellyfish-plonk-swap-sensitivity-final-v1,ef2b7370acbd2d0f7e2071ea52bd1ac2816b684f,818f4732eff71a969b798ddd9efaa33ba8140e02a576c4e4054b03e43b1e4600,private_swap,jellyfish-turboplonk-0.8.0-bn254-kzg,ablate-authorization,"{""ablation"":""no_authorization"",""hash_rounds"":5,""membership_paths"":2,""merkle_depth"":8,""range_bits"":32,""time_bits"":16}",setup_or_preprocess,2,4,,true,10,83.606506,5.780854,81.707334,92.684366,77.694892,95.682226,,,,,,,,not-applicable,,,,,,,,,,,,,,,,,,measured,final-candidate evidence; validate bundle before paper reporting,measurement,true
C4-PCAS-SENSITIVITY,jellyfish-plonk-swap-sensitivity-final-v1,ef2b7370acbd2d0f7e2071ea52bd1ac2816b684f,818f4732eff71a969b798ddd9efaa33ba8140e02a576c4e4054b03e43b1e4600,private_swap,jellyfish-turboplonk-0.8.0-bn254-kzg,ablate-authorization,"{""ablation"":""no_authorization"",""hash_rounds"":5,""membership_paths"":2,""merkle_depth"":8,""range_bits"":32,""time_bits"":16}",setup_or_preprocess,2,8,,true,10,59.028569,4.195970,57.398760,66.584669,55.286716,67.676942,,,,,,,,not-applicable,,,,,,,,,,,,,,,,,,measured,final-candidate evidence; validate bundle before paper reporting,measurement,true
C4-PCAS-SENSITIVITY,jellyfish-plonk-swap-sensitivity-final-v1,ef2b7370acbd2d0f7e2071ea52bd1ac2816b684f,818f4732eff71a969b798ddd9efaa33ba8140e02a576c4e4054b03e43b1e4600,private_swap,jellyfish-turboplonk-0.8.0-bn254-kzg,ablate-authorization,"{""ablation"":""no_authorization"",""hash_rounds"":5,""membership_paths"":2,""merkle_depth"":8,""range_bits"":32,""time_bits"":16}",verify_core,2,1,,true,10,3.345796,0.199223,3.323231,3.670815,3.104256,3.792307,,,,,,,,not-applicable,,,,,,,,,,,,,,,,,,measured,final-candidate evidence; validate bundle before paper reporting,measurement,true
C4-PCAS-SENSITIVITY,jellyfish-plonk-swap-sensitivity-final-v1,ef2b7370acbd2d0f7e2071ea52bd1ac2816b684f,818f4732eff71a969b798ddd9efaa33ba8140e02a576c4e4054b03e43b1e4600,private_swap,jellyfish-turboplonk-0.8.0-bn254-kzg,ablate-authorization,"{""ablation"":""no_authorization"",""hash_rounds"":5,""membership_paths"":2,""merkle_depth"":8,""range_bits"":32,""time_bits"":16}",verify_core,2,2,,true,10,3.098804,0.288453,2.966796,3.584004,2.819351,3.764240,,,,,,,,not-applicable,,,,,,,,,,,,,,,,,,measured,final-candidate evidence; validate bundle before paper reporting,measurement,true
C4-PCAS-SENSITIVITY,jellyfish-plonk-swap-sensitivity-final-v1,ef2b7370acbd2d0f7e2071ea52bd1ac2816b684f,818f4732eff71a969b798ddd9efaa33ba8140e02a576c4e4054b03e43b1e4600,private_swap,jellyfish-turboplonk-0.8.0-bn254-kzg,ablate-authorization,"{""ablation"":""no_authorization"",""hash_rounds"":5,""membership_paths"":2,""merkle_depth"":8,""range_bits"":32,""time_bits"":16}",verify_core,2,4,,true,10,3.469801,0.197202,3.452664,3.782542,3.255918,3.890418,,,,,,,,not-applicable,,,,,,,,,,,,,,,,,,measured,final-candidate evidence; validate bundle before paper reporting,measurement,true
C4-PCAS-SENSITIVITY,jellyfish-plonk-swap-sensitivity-final-v1,ef2b7370acbd2d0f7e2071ea52bd1ac2816b684f,818f4732eff71a969b798ddd9efaa33ba8140e02a576c4e4054b03e43b1e4600,private_swap,jellyfish-turboplonk-0.8.0-bn254-kzg,ablate-authorization,"{""ablation"":""no_authorization"",""hash_rounds"":5,""membership_paths"":2,""merkle_depth"":8,""range_bits"":32,""time_bits"":16}",verify_core,2,8,,true,10,4.759405,0.451904,4.602233,5.582370,4.366083,5.771289,,,,,,,,not-applicable,,,,,,,,,,,,,,,,,,measured,final-candidate evidence; validate bundle before paper reporting,measurement,true
C4-PCAS-SENSITIVITY,jellyfish-plonk-swap-sensitivity-final-v1,ef2b7370acbd2d0f7e2071ea52bd1ac2816b684f,818f4732eff71a969b798ddd9efaa33ba8140e02a576c4e4054b03e43b1e4600,private_swap,jellyfish-turboplonk-0.8.0-bn254-kzg,ablate-authorization,"{""ablation"":""no_authorization"",""hash_rounds"":5,""membership_paths"":2,""merkle_depth"":8,""range_bits"":32,""time_bits"":16}",verify_total,2,1,,true,10,3.649269,0.190070,3.645087,3.941830,3.393535,4.060175,,,,,,,,not-applicable,,,,,,,,,,,,,,,,,,measured,final-candidate evidence; validate bundle before paper reporting,measurement,true
C4-PCAS-SENSITIVITY,jellyfish-plonk-swap-sensitivity-final-v1,ef2b7370acbd2d0f7e2071ea52bd1ac2816b684f,818f4732eff71a969b798ddd9efaa33ba8140e02a576c4e4054b03e43b1e4600,private_swap,jellyfish-turboplonk-0.8.0-bn254-kzg,ablate-authorization,"{""ablation"":""no_authorization"",""hash_rounds"":5,""membership_paths"":2,""merkle_depth"":8,""range_bits"":32,""time_bits"":16}",verify_total,2,2,,true,10,3.484811,0.310958,3.418038,3.985256,3.130335,4.200782,,,,,,,,not-applicable,,,,,,,,,,,,,,,,,,measured,final-candidate evidence; validate bundle before paper reporting,measurement,true
C4-PCAS-SENSITIVITY,jellyfish-plonk-swap-sensitivity-final-v1,ef2b7370acbd2d0f7e2071ea52bd1ac2816b684f,818f4732eff71a969b798ddd9efaa33ba8140e02a576c4e4054b03e43b1e4600,private_swap,jellyfish-turboplonk-0.8.0-bn254-kzg,ablate-authorization,"{""ablation"":""no_authorization"",""hash_rounds"":5,""membership_paths"":2,""merkle_depth"":8,""range_bits"":32,""time_bits"":16}",verify_total,2,4,,true,10,4.407039,0.189220,4.372400,4.694295,4.074002,4.724952,,,,,,,,not-applicable,,,,,,,,,,,,,,,,,,measured,final-candidate evidence; validate bundle before paper reporting,measurement,true
C4-PCAS-SENSITIVITY,jellyfish-plonk-swap-sensitivity-final-v1,ef2b7370acbd2d0f7e2071ea52bd1ac2816b684f,818f4732eff71a969b798ddd9efaa33ba8140e02a576c4e4054b03e43b1e4600,private_swap,jellyfish-turboplonk-0.8.0-bn254-kzg,ablate-authorization,"{""ablation"":""no_authorization"",""hash_rounds"":5,""membership_paths"":2,""merkle_depth"":8,""range_bits"":32,""time_bits"":16}",verify_total,2,8,,true,10,6.354553,0.498162,6.139335,7.249539,5.980172,7.511778,,,,,,,,not-applicable,,,,,,,,,,,,,,,,,,measured,final-candidate evidence; validate bundle before paper reporting,measurement,true
C4-PCAS-SENSITIVITY,jellyfish-plonk-swap-sensitivity-final-v1,ef2b7370acbd2d0f7e2071ea52bd1ac2816b684f,818f4732eff71a969b798ddd9efaa33ba8140e02a576c4e4054b03e43b1e4600,private_swap,jellyfish-turboplonk-0.8.0-bn254-kzg,ablate-authorization,"{""ablation"":""no_authorization"",""hash_rounds"":5,""membership_paths"":2,""merkle_depth"":8,""range_bits"":32,""time_bits"":16}",witness,2,1,,true,10,3.538303,0.235311,3.533555,3.842379,3.225152,3.918357,,,,,,,,not-applicable,,,,,,,,,,,,,,,,,,measured,final-candidate evidence; validate bundle before paper reporting,measurement,true
C4-PCAS-SENSITIVITY,jellyfish-plonk-swap-sensitivity-final-v1,ef2b7370acbd2d0f7e2071ea52bd1ac2816b684f,818f4732eff71a969b798ddd9efaa33ba8140e02a576c4e4054b03e43b1e4600,private_swap,jellyfish-turboplonk-0.8.0-bn254-kzg,ablate-authorization,"{""ablation"":""no_authorization"",""hash_rounds"":5,""membership_paths"":2,""merkle_depth"":8,""range_bits"":32,""time_bits"":16}",witness,2,2,,true,10,3.556950,0.309632,3.495890,4.039963,3.239587,4.275124,,,,,,,,not-applicable,,,,,,,,,,,,,,,,,,measured,final-candidate evidence; validate bundle before paper reporting,measurement,true
C4-PCAS-SENSITIVITY,jellyfish-plonk-swap-sensitivity-final-v1,ef2b7370acbd2d0f7e2071ea52bd1ac2816b684f,818f4732eff71a969b798ddd9efaa33ba8140e02a576c4e4054b03e43b1e4600,private_swap,jellyfish-turboplonk-0.8.0-bn254-kzg,ablate-authorization,"{""ablation"":""no_authorization"",""hash_rounds"":5,""membership_paths"":2,""merkle_depth"":8,""range_bits"":32,""time_bits"":16}",witness,2,4,,true,10,3.383368,0.152350,3.321020,3.634551,3.202820,3.647868,,,,,,,,not-applicable,,,,,,,,,,,,,,,,,,measured,final-candidate evidence; validate bundle before paper reporting,measurement,true
C4-PCAS-SENSITIVITY,jellyfish-plonk-swap-sensitivity-final-v1,ef2b7370acbd2d0f7e2071ea52bd1ac2816b684f,818f4732eff71a969b798ddd9efaa33ba8140e02a576c4e4054b03e43b1e4600,private_swap,jellyfish-turboplonk-0.8.0-bn254-kzg,ablate-authorization,"{""ablation"":""no_authorization"",""hash_rounds"":5,""membership_paths"":2,""merkle_depth"":8,""range_bits"":32,""time_bits"":16}",witness,2,8,,true,10,3.580597,0.189973,3.604347,3.769172,3.310561,3.773452,,,,,,,,not-applicable,,,,,,,,,,,,,,,,,,measured,final-candidate evidence; validate bundle before paper reporting,measurement,true
C4-PCAS-SENSITIVITY,jellyfish-plonk-swap-sensitivity-final-v1,ef2b7370acbd2d0f7e2071ea52bd1ac2816b684f,818f4732eff71a969b798ddd9efaa33ba8140e02a576c4e4054b03e43b1e4600,private_swap,jellyfish-turboplonk-0.8.0-bn254-kzg,ablate-membership,"{""ablation"":""no_membership"",""hash_rounds"":5,""membership_paths"":2,""merkle_depth"":8,""range_bits"":32,""time_bits"":16}",adapter_process_wall,2,1,,true,10,268.656269,8.598051,269.560588,280.026837,252.241896,284.883448,210.000000,8.154297,2258.500000,769,512,plonk_domain_rows,6,all-expected,,,"Linux procfs read failed: [Errno 13] Permission denied: '/proc/1405/io'; private commit and per-process swap I/O are unavailable; VmSwap reports allocation, not swap traffic; No documented hardware or OS energy counter is configured in WSL2; Linux procfs read failed: [Errno 13] Permission denied: '/proc/1509/io'; private commit and per-process swap I/O are unavailable; VmSwap reports allocation, not swap traffic; No documented hardware or OS energy counter is configured in WSL2; Linux procfs read failed: [Errno 13] Permission denied: '/proc/1688/io'; private commit and per-process swap I/O are unavailable; VmSwap reports allocation, not swap traffic; No documented hardware or OS energy counter is configured in WSL2; Linux procfs read failed: [Errno 13] Permission denied: '/proc/1697/io'; private commit and per-process swap I/O are unavailable; VmSwap reports allocation, not swap traffic; No documented hardware or OS energy counter is configured in WSL2; Linux procfs read failed: [Errno 13] Permission denied: '/proc/884/io'; private commit and per-process swap I/O are unavailable; VmSwap reports allocation, not swap traffic; No documented hardware or OS energy counter is configured in WSL2; private commit and per-process swap I/O are unavailable; VmSwap reports allocation, not swap traffic; No documented hardware or OS energy counter is configured in WSL2",,,,,,,0.779046,4.077148,,,,,,,measured,final-candidate evidence; validate bundle before paper reporting,measurement,true
C4-PCAS-SENSITIVITY,jellyfish-plonk-swap-sensitivity-final-v1,ef2b7370acbd2d0f7e2071ea52bd1ac2816b684f,818f4732eff71a969b798ddd9efaa33ba8140e02a576c4e4054b03e43b1e4600,private_swap,jellyfish-turboplonk-0.8.0-bn254-kzg,ablate-membership,"{""ablation"":""no_membership"",""hash_rounds"":5,""membership_paths"":2,""merkle_depth"":8,""range_bits"":32,""time_bits"":16}",adapter_process_wall,2,2,,true,10,173.768243,2.711028,173.287855,178.072459,170.190293,178.236776,220.000000,8.300781,2167.000000,769,512,plonk_domain_rows,6,all-expected,,,"Linux procfs read failed: [Errno 13] Permission denied: '/proc/1130/io'; private commit and per-process swap I/O are unavailable; VmSwap reports allocation, not swap traffic; No documented hardware or OS energy counter is configured in WSL2; Linux procfs read failed: [Errno 13] Permission denied: '/proc/1249/io'; private commit and per-process swap I/O are unavailable; VmSwap reports allocation, not swap traffic; No documented hardware or OS energy counter is configured in WSL2; Linux procfs read failed: [Errno 13] Permission denied: '/proc/806/io'; private commit and per-process swap I/O are unavailable; VmSwap reports allocation, not swap traffic; No documented hardware or OS energy counter is configured in WSL2; private commit and per-process swap I/O are unavailable; VmSwap reports allocation, not swap traffic; No documented hardware or OS energy counter is configured in WSL2",,,,,,,1.269564,4.150391,,,,,,,measured,final-candidate evidence; validate bundle before paper reporting,measurement,true
C4-PCAS-SENSITIVITY,jellyfish-plonk-swap-sensitivity-final-v1,ef2b7370acbd2d0f7e2071ea52bd1ac2816b684f,818f4732eff71a969b798ddd9efaa33ba8140e02a576c4e4054b03e43b1e4600,private_swap,jellyfish-turboplonk-0.8.0-bn254-kzg,ablate-membership,"{""ablation"":""no_membership"",""hash_rounds"":5,""membership_paths"":2,""merkle_depth"":8,""range_bits"":32,""time_bits"":16}",adapter_process_wall,2,4,,true,10,139.332034,5.651585,139.282155,147.558052,128.805517,150.424083,260.000000,8.576172,2036.500000,769,512,plonk_domain_rows,6,all-expected,,,"Linux procfs read failed: [Errno 13] Permission denied: '/proc/1464/io'; private commit and per-process swap I/O are unavailable; VmSwap reports allocation, not swap traffic; No documented hardware or OS energy counter is configured in WSL2; Linux procfs read failed: [Errno 13] Permission denied: '/proc/1784/io'; private commit and per-process swap I/O are unavailable; VmSwap reports allocation, not swap traffic; No documented hardware or OS energy counter is configured in WSL2; Linux procfs read failed: [Errno 13] Permission denied: '/proc/1981/io'; private commit and per-process swap I/O are unavailable; VmSwap reports allocation, not swap traffic; No documented hardware or OS energy counter is configured in WSL2; Linux procfs read failed: [Errno 13] Permission denied: '/proc/2071/io'; private commit and per-process swap I/O are unavailable; VmSwap reports allocation, not swap traffic; No documented hardware or OS energy counter is configured in WSL2; Linux procfs read failed: [Errno 2] No such file or directory: '/proc/2135/status'; private commit and per-process swap I/O are unavailable; VmSwap reports allocation, not swap traffic; No documented hardware or OS energy counter is configured in WSL2; private commit and per-process swap I/O are unavailable; VmSwap reports allocation, not swap traffic; No documented hardware or OS energy counter is configured in WSL2",,,,,,,1.866714,4.288086,,,,,,,measured,final-candidate evidence; validate bundle before paper reporting,measurement,true
C4-PCAS-SENSITIVITY,jellyfish-plonk-swap-sensitivity-final-v1,ef2b7370acbd2d0f7e2071ea52bd1ac2816b684f,818f4732eff71a969b798ddd9efaa33ba8140e02a576c4e4054b03e43b1e4600,private_swap,jellyfish-turboplonk-0.8.0-bn254-kzg,ablate-membership,"{""ablation"":""no_membership"",""hash_rounds"":5,""membership_paths"":2,""merkle_depth"":8,""range_bits"":32,""time_bits"":16}",adapter_process_wall,2,8,,true,10,155.061921,6.737706,154.806058,165.568686,145.587465,171.147617,420.000000,9.548828,1916.500000,769,512,plonk_domain_rows,6,all-expected,,,"Linux procfs read failed: [Errno 13] Permission denied: '/proc/1202/io'; private commit and per-process swap I/O are unavailable; VmSwap reports allocation, not swap traffic; No documented hardware or OS energy counter is configured in WSL2; Linux procfs read failed: [Errno 13] Permission denied: '/proc/1648/io'; private commit and per-process swap I/O are unavailable; VmSwap reports allocation, not swap traffic; No documented hardware or OS energy counter is configured in WSL2; Linux procfs read failed: [Errno 13] Permission denied: '/proc/1661/io'; private commit and per-process swap I/O are unavailable; VmSwap reports allocation, not swap traffic; No documented hardware or OS energy counter is configured in WSL2; Linux procfs read failed: [Errno 13] Permission denied: '/proc/1700/io'; private commit and per-process swap I/O are unavailable; VmSwap reports allocation, not swap traffic; No documented hardware or OS energy counter is configured in WSL2; Linux procfs read failed: [Errno 13] Permission denied: '/proc/1870/io'; private commit and per-process swap I/O are unavailable; VmSwap reports allocation, not swap traffic; No documented hardware or OS energy counter is configured in WSL2; Linux procfs read failed: [Errno 13] Permission denied: '/proc/826/io'; private commit and per-process swap I/O are unavailable; VmSwap reports allocation, not swap traffic; No documented hardware or OS energy counter is configured in WSL2; Linux procfs read failed: [Errno 2] No such file or directory: '/proc/2482/status'; private commit and per-process swap I/O are unavailable; VmSwap reports allocation, not swap traffic; No documented hardware or OS energy counter is configured in WSL2; private commit and per-process swap I/O are unavailable; VmSwap reports allocation, not swap traffic; No documented hardware or OS energy counter is configured in WSL2",,,,,,,2.713072,4.774414,,,,,,,measured,final-candidate evidence; validate bundle before paper reporting,measurement,true
C4-PCAS-SENSITIVITY,jellyfish-plonk-swap-sensitivity-final-v1,ef2b7370acbd2d0f7e2071ea52bd1ac2816b684f,818f4732eff71a969b798ddd9efaa33ba8140e02a576c4e4054b03e43b1e4600,private_swap,jellyfish-turboplonk-0.8.0-bn254-kzg,ablate-membership,"{""ablation"":""no_membership"",""hash_rounds"":5,""membership_paths"":2,""merkle_depth"":8,""range_bits"":32,""time_bits"":16}",commitment,2,1,,false,,,,,,,,,,,,,,,not-applicable,,,Jellyfish exposes no stable per-proof hook for this phase,,,,,,,,,,,,,,,measured,final-candidate evidence; validate bundle before paper reporting,measurement,true
C4-PCAS-SENSITIVITY,jellyfish-plonk-swap-sensitivity-final-v1,ef2b7370acbd2d0f7e2071ea52bd1ac2816b684f,818f4732eff71a969b798ddd9efaa33ba8140e02a576c4e4054b03e43b1e4600,private_swap,jellyfish-turboplonk-0.8.0-bn254-kzg,ablate-membership,"{""ablation"":""no_membership"",""hash_rounds"":5,""membership_paths"":2,""merkle_depth"":8,""range_bits"":32,""time_bits"":16}",commitment,2,2,,false,,,,,,,,,,,,,,,not-applicable,,,Jellyfish exposes no stable per-proof hook for this phase,,,,,,,,,,,,,,,measured,final-candidate evidence; validate bundle before paper reporting,measurement,true
C4-PCAS-SENSITIVITY,jellyfish-plonk-swap-sensitivity-final-v1,ef2b7370acbd2d0f7e2071ea52bd1ac2816b684f,818f4732eff71a969b798ddd9efaa33ba8140e02a576c4e4054b03e43b1e4600,private_swap,jellyfish-turboplonk-0.8.0-bn254-kzg,ablate-membership,"{""ablation"":""no_membership"",""hash_rounds"":5,""membership_paths"":2,""merkle_depth"":8,""range_bits"":32,""time_bits"":16}",commitment,2,4,,false,,,,,,,,,,,,,,,not-applicable,,,Jellyfish exposes no stable per-proof hook for this phase,,,,,,,,,,,,,,,measured,final-candidate evidence; validate bundle before paper reporting,measurement,true
C4-PCAS-SENSITIVITY,jellyfish-plonk-swap-sensitivity-final-v1,ef2b7370acbd2d0f7e2071ea52bd1ac2816b684f,818f4732eff71a969b798ddd9efaa33ba8140e02a576c4e4054b03e43b1e4600,private_swap,jellyfish-turboplonk-0.8.0-bn254-kzg,ablate-membership,"{""ablation"":""no_membership"",""hash_rounds"":5,""membership_paths"":2,""merkle_depth"":8,""range_bits"":32,""time_bits"":16}",commitment,2,8,,false,,,,,,,,,,,,,,,not-applicable,,,Jellyfish exposes no stable per-proof hook for this phase,,,,,,,,,,,,,,,measured,final-candidate evidence; validate bundle before paper reporting,measurement,true
C4-PCAS-SENSITIVITY,jellyfish-plonk-swap-sensitivity-final-v1,ef2b7370acbd2d0f7e2071ea52bd1ac2816b684f,818f4732eff71a969b798ddd9efaa33ba8140e02a576c4e4054b03e43b1e4600,private_swap,jellyfish-turboplonk-0.8.0-bn254-kzg,ablate-membership,"{""ablation"":""no_membership"",""hash_rounds"":5,""membership_paths"":2,""merkle_depth"":8,""range_bits"":32,""time_bits"":16}",deserialize,2,1,,true,10,0.297885,0.040307,0.297578,0.357143,0.233475,0.365711,,,,,,,,not-applicable,,,,,,,,,,,,,,,,,,measured,final-candidate evidence; validate bundle before paper reporting,measurement,true
C4-PCAS-SENSITIVITY,jellyfish-plonk-swap-sensitivity-final-v1,ef2b7370acbd2d0f7e2071ea52bd1ac2816b684f,818f4732eff71a969b798ddd9efaa33ba8140e02a576c4e4054b03e43b1e4600,private_swap,jellyfish-turboplonk-0.8.0-bn254-kzg,ablate-membership,"{""ablation"":""no_membership"",""hash_rounds"":5,""membership_paths"":2,""merkle_depth"":8,""range_bits"":32,""time_bits"":16}",deserialize,2,2,,true,10,0.381916,0.027416,0.374287,0.431117,0.349801,0.439497,,,,,,,,not-applicable,,,,,,,,,,,,,,,,,,measured,final-candidate evidence; validate bundle before paper reporting,measurement,true
C4-PCAS-SENSITIVITY,jellyfish-plonk-swap-sensitivity-final-v1,ef2b7370acbd2d0f7e2071ea52bd1ac2816b684f,818f4732eff71a969b798ddd9efaa33ba8140e02a576c4e4054b03e43b1e4600,private_swap,jellyfish-turboplonk-0.8.0-bn254-kzg,ablate-membership,"{""ablation"":""no_membership"",""hash_rounds"":5,""membership_paths"":2,""merkle_depth"":8,""range_bits"":32,""time_bits"":16}",deserialize,2,4,,true,10,0.901945,0.109080,0.907096,1.067643,0.785872,1.166254,,,,,,,,not-applicable,,,,,,,,,,,,,,,,,,measured,final-candidate evidence; validate bundle before paper reporting,measurement,true
C4-PCAS-SENSITIVITY,jellyfish-plonk-swap-sensitivity-final-v1,ef2b7370acbd2d0f7e2071ea52bd1ac2816b684f,818f4732eff71a969b798ddd9efaa33ba8140e02a576c4e4054b03e43b1e4600,private_swap,jellyfish-turboplonk-0.8.0-bn254-kzg,ablate-membership,"{""ablation"":""no_membership"",""hash_rounds"":5,""membership_paths"":2,""merkle_depth"":8,""range_bits"":32,""time_bits"":16}",deserialize,2,8,,true,10,1.703822,0.152541,1.665960,1.960432,1.525990,2.017178,,,,,,,,not-applicable,,,,,,,,,,,,,,,,,,measured,final-candidate evidence; validate bundle before paper reporting,measurement,true
C4-PCAS-SENSITIVITY,jellyfish-plonk-swap-sensitivity-final-v1,ef2b7370acbd2d0f7e2071ea52bd1ac2816b684f,818f4732eff71a969b798ddd9efaa33ba8140e02a576c4e4054b03e43b1e4600,private_swap,jellyfish-turboplonk-0.8.0-bn254-kzg,ablate-membership,"{""ablation"":""no_membership"",""hash_rounds"":5,""membership_paths"":2,""merkle_depth"":8,""range_bits"":32,""time_bits"":16}",fft_ntt,2,1,,false,,,,,,,,,,,,,,,not-applicable,,,Jellyfish exposes no stable per-proof hook for this phase,,,,,,,,,,,,,,,measured,final-candidate evidence; validate bundle before paper reporting,measurement,true
C4-PCAS-SENSITIVITY,jellyfish-plonk-swap-sensitivity-final-v1,ef2b7370acbd2d0f7e2071ea52bd1ac2816b684f,818f4732eff71a969b798ddd9efaa33ba8140e02a576c4e4054b03e43b1e4600,private_swap,jellyfish-turboplonk-0.8.0-bn254-kzg,ablate-membership,"{""ablation"":""no_membership"",""hash_rounds"":5,""membership_paths"":2,""merkle_depth"":8,""range_bits"":32,""time_bits"":16}",fft_ntt,2,2,,false,,,,,,,,,,,,,,,not-applicable,,,Jellyfish exposes no stable per-proof hook for this phase,,,,,,,,,,,,,,,measured,final-candidate evidence; validate bundle before paper reporting,measurement,true
C4-PCAS-SENSITIVITY,jellyfish-plonk-swap-sensitivity-final-v1,ef2b7370acbd2d0f7e2071ea52bd1ac2816b684f,818f4732eff71a969b798ddd9efaa33ba8140e02a576c4e4054b03e43b1e4600,private_swap,jellyfish-turboplonk-0.8.0-bn254-kzg,ablate-membership,"{""ablation"":""no_membership"",""hash_rounds"":5,""membership_paths"":2,""merkle_depth"":8,""range_bits"":32,""time_bits"":16}",fft_ntt,2,4,,false,,,,,,,,,,,,,,,not-applicable,,,Jellyfish exposes no stable per-proof hook for this phase,,,,,,,,,,,,,,,measured,final-candidate evidence; validate bundle before paper reporting,measurement,true
C4-PCAS-SENSITIVITY,jellyfish-plonk-swap-sensitivity-final-v1,ef2b7370acbd2d0f7e2071ea52bd1ac2816b684f,818f4732eff71a969b798ddd9efaa33ba8140e02a576c4e4054b03e43b1e4600,private_swap,jellyfish-turboplonk-0.8.0-bn254-kzg,ablate-membership,"{""ablation"":""no_membership"",""hash_rounds"":5,""membership_paths"":2,""merkle_depth"":8,""range_bits"":32,""time_bits"":16}",fft_ntt,2,8,,false,,,,,,,,,,,,,,,not-applicable,,,Jellyfish exposes no stable per-proof hook for this phase,,,,,,,,,,,,,,,measured,final-candidate evidence; validate bundle before paper reporting,measurement,true
C4-PCAS-SENSITIVITY,jellyfish-plonk-swap-sensitivity-final-v1,ef2b7370acbd2d0f7e2071ea52bd1ac2816b684f,818f4732eff71a969b798ddd9efaa33ba8140e02a576c4e4054b03e43b1e4600,private_swap,jellyfish-turboplonk-0.8.0-bn254-kzg,ablate-membership,"{""ablation"":""no_membership"",""hash_rounds"":5,""membership_paths"":2,""merkle_depth"":8,""range_bits"":32,""time_bits"":16}",key_load,2,1,,false,,,,,,,,,,,,,,,not-applicable,,,Jellyfish exposes no stable per-proof hook for this phase,,,,,,,,,,,,,,,measured,final-candidate evidence; validate bundle before paper reporting,measurement,true
C4-PCAS-SENSITIVITY,jellyfish-plonk-swap-sensitivity-final-v1,ef2b7370acbd2d0f7e2071ea52bd1ac2816b684f,818f4732eff71a969b798ddd9efaa33ba8140e02a576c4e4054b03e43b1e4600,private_swap,jellyfish-turboplonk-0.8.0-bn254-kzg,ablate-membership,"{""ablation"":""no_membership"",""hash_rounds"":5,""membership_paths"":2,""merkle_depth"":8,""range_bits"":32,""time_bits"":16}",key_load,2,2,,false,,,,,,,,,,,,,,,not-applicable,,,Jellyfish exposes no stable per-proof hook for this phase,,,,,,,,,,,,,,,measured,final-candidate evidence; validate bundle before paper reporting,measurement,true
C4-PCAS-SENSITIVITY,jellyfish-plonk-swap-sensitivity-final-v1,ef2b7370acbd2d0f7e2071ea52bd1ac2816b684f,818f4732eff71a969b798ddd9efaa33ba8140e02a576c4e4054b03e43b1e4600,private_swap,jellyfish-turboplonk-0.8.0-bn254-kzg,ablate-membership,"{""ablation"":""no_membership"",""hash_rounds"":5,""membership_paths"":2,""merkle_depth"":8,""range_bits"":32,""time_bits"":16}",key_load,2,4,,false,,,,,,,,,,,,,,,not-applicable,,,Jellyfish exposes no stable per-proof hook for this phase,,,,,,,,,,,,,,,measured,final-candidate evidence; validate bundle before paper reporting,measurement,true
C4-PCAS-SENSITIVITY,jellyfish-plonk-swap-sensitivity-final-v1,ef2b7370acbd2d0f7e2071ea52bd1ac2816b684f,818f4732eff71a969b798ddd9efaa33ba8140e02a576c4e4054b03e43b1e4600,private_swap,jellyfish-turboplonk-0.8.0-bn254-kzg,ablate-membership,"{""ablation"":""no_membership"",""hash_rounds"":5,""membership_paths"":2,""merkle_depth"":8,""range_bits"":32,""time_bits"":16}",key_load,2,8,,false,,,,,,,,,,,,,,,not-applicable,,,Jellyfish exposes no stable per-proof hook for this phase,,,,,,,,,,,,,,,measured,final-candidate evidence; validate bundle before paper reporting,measurement,true
C4-PCAS-SENSITIVITY,jellyfish-plonk-swap-sensitivity-final-v1,ef2b7370acbd2d0f7e2071ea52bd1ac2816b684f,818f4732eff71a969b798ddd9efaa33ba8140e02a576c4e4054b03e43b1e4600,private_swap,jellyfish-turboplonk-0.8.0-bn254-kzg,ablate-membership,"{""ablation"":""no_membership"",""hash_rounds"":5,""membership_paths"":2,""merkle_depth"":8,""range_bits"":32,""time_bits"":16}",msm,2,1,,false,,,,,,,,,,,,,,,not-applicable,,,Jellyfish exposes no stable per-proof hook for this phase,,,,,,,,,,,,,,,measured,final-candidate evidence; validate bundle before paper reporting,measurement,true
C4-PCAS-SENSITIVITY,jellyfish-plonk-swap-sensitivity-final-v1,ef2b7370acbd2d0f7e2071ea52bd1ac2816b684f,818f4732eff71a969b798ddd9efaa33ba8140e02a576c4e4054b03e43b1e4600,private_swap,jellyfish-turboplonk-0.8.0-bn254-kzg,ablate-membership,"{""ablation"":""no_membership"",""hash_rounds"":5,""membership_paths"":2,""merkle_depth"":8,""range_bits"":32,""time_bits"":16}",msm,2,2,,false,,,,,,,,,,,,,,,not-applicable,,,Jellyfish exposes no stable per-proof hook for this phase,,,,,,,,,,,,,,,measured,final-candidate evidence; validate bundle before paper reporting,measurement,true
C4-PCAS-SENSITIVITY,jellyfish-plonk-swap-sensitivity-final-v1,ef2b7370acbd2d0f7e2071ea52bd1ac2816b684f,818f4732eff71a969b798ddd9efaa33ba8140e02a576c4e4054b03e43b1e4600,private_swap,jellyfish-turboplonk-0.8.0-bn254-kzg,ablate-membership,"{""ablation"":""no_membership"",""hash_rounds"":5,""membership_paths"":2,""merkle_depth"":8,""range_bits"":32,""time_bits"":16}",msm,2,4,,false,,,,,,,,,,,,,,,not-applicable,,,Jellyfish exposes no stable per-proof hook for this phase,,,,,,,,,,,,,,,measured,final-candidate evidence; validate bundle before paper reporting,measurement,true
C4-PCAS-SENSITIVITY,jellyfish-plonk-swap-sensitivity-final-v1,ef2b7370acbd2d0f7e2071ea52bd1ac2816b684f,818f4732eff71a969b798ddd9efaa33ba8140e02a576c4e4054b03e43b1e4600,private_swap,jellyfish-turboplonk-0.8.0-bn254-kzg,ablate-membership,"{""ablation"":""no_membership"",""hash_rounds"":5,""membership_paths"":2,""merkle_depth"":8,""range_bits"":32,""time_bits"":16}",msm,2,8,,false,,,,,,,,,,,,,,,not-applicable,,,Jellyfish exposes no stable per-proof hook for this phase,,,,,,,,,,,,,,,measured,final-candidate evidence; validate bundle before paper reporting,measurement,true
C4-PCAS-SENSITIVITY,jellyfish-plonk-swap-sensitivity-final-v1,ef2b7370acbd2d0f7e2071ea52bd1ac2816b684f,818f4732eff71a969b798ddd9efaa33ba8140e02a576c4e4054b03e43b1e4600,private_swap,jellyfish-turboplonk-0.8.0-bn254-kzg,ablate-membership,"{""ablation"":""no_membership"",""hash_rounds"":5,""membership_paths"":2,""merkle_depth"":8,""range_bits"":32,""time_bits"":16}",native_execution,2,1,,true,10,1.812847,0.080871,1.816175,1.923618,1.695716,1.969931,,,,,,,,not-applicable,,,,,,,,,,,,,,,,,,measured,final-candidate evidence; validate bundle before paper reporting,measurement,true
C4-PCAS-SENSITIVITY,jellyfish-plonk-swap-sensitivity-final-v1,ef2b7370acbd2d0f7e2071ea52bd1ac2816b684f,818f4732eff71a969b798ddd9efaa33ba8140e02a576c4e4054b03e43b1e4600,private_swap,jellyfish-turboplonk-0.8.0-bn254-kzg,ablate-membership,"{""ablation"":""no_membership"",""hash_rounds"":5,""membership_paths"":2,""merkle_depth"":8,""range_bits"":32,""time_bits"":16}",native_execution,2,2,,true,10,1.875419,0.168993,1.840777,2.130852,1.660170,2.319095,,,,,,,,not-applicable,,,,,,,,,,,,,,,,,,measured,final-candidate evidence; validate bundle before paper reporting,measurement,true
C4-PCAS-SENSITIVITY,jellyfish-plonk-swap-sensitivity-final-v1,ef2b7370acbd2d0f7e2071ea52bd1ac2816b684f,818f4732eff71a969b798ddd9efaa33ba8140e02a576c4e4054b03e43b1e4600,private_swap,jellyfish-turboplonk-0.8.0-bn254-kzg,ablate-membership,"{""ablation"":""no_membership"",""hash_rounds"":5,""membership_paths"":2,""merkle_depth"":8,""range_bits"":32,""time_bits"":16}",native_execution,2,4,,true,10,1.904984,0.135973,1.882175,2.079229,1.620125,2.134201,,,,,,,,not-applicable,,,,,,,,,,,,,,,,,,measured,final-candidate evidence; validate bundle before paper reporting,measurement,true
C4-PCAS-SENSITIVITY,jellyfish-plonk-swap-sensitivity-final-v1,ef2b7370acbd2d0f7e2071ea52bd1ac2816b684f,818f4732eff71a969b798ddd9efaa33ba8140e02a576c4e4054b03e43b1e4600,private_swap,jellyfish-turboplonk-0.8.0-bn254-kzg,ablate-membership,"{""ablation"":""no_membership"",""hash_rounds"":5,""membership_paths"":2,""merkle_depth"":8,""range_bits"":32,""time_bits"":16}",native_execution,2,8,,true,10,1.854977,0.111446,1.893358,1.972939,1.628219,1.977109,,,,,,,,not-applicable,,,,,,,,,,,,,,,,,,measured,final-candidate evidence; validate bundle before paper reporting,measurement,true
C4-PCAS-SENSITIVITY,jellyfish-plonk-swap-sensitivity-final-v1,ef2b7370acbd2d0f7e2071ea52bd1ac2816b684f,818f4732eff71a969b798ddd9efaa33ba8140e02a576c4e4054b03e43b1e4600,private_swap,jellyfish-turboplonk-0.8.0-bn254-kzg,ablate-membership,"{""ablation"":""no_membership"",""hash_rounds"":5,""membership_paths"":2,""merkle_depth"":8,""range_bits"":32,""time_bits"":16}",prove_total,2,1,,true,10,125.615697,3.563175,125.961663,129.654933,117.286023,131.411838,,,,,,,,not-applicable,,,,,,,,15.877847,69.355485,,,,,,,,,measured,final-candidate evidence; validate bundle before paper reporting,measurement,true
C4-PCAS-SENSITIVITY,jellyfish-plonk-swap-sensitivity-final-v1,ef2b7370acbd2d0f7e2071ea52bd1ac2816b684f,818f4732eff71a969b798ddd9efaa33ba8140e02a576c4e4054b03e43b1e4600,private_swap,jellyfish-turboplonk-0.8.0-bn254-kzg,ablate-membership,"{""ablation"":""no_membership"",""hash_rounds"":5,""membership_paths"":2,""merkle_depth"":8,""range_bits"":32,""time_bits"":16}",prove_total,2,2,,true,10,71.363648,1.555607,71.191959,73.634402,69.289222,74.967988,,,,,,,,not-applicable,,,,1.769324,1.740392,1.791456,0.884662,28.093060,38.674940,,,,,,,,,measured,final-candidate evidence; validate bundle before paper reporting,measurement,true
C4-PCAS-SENSITIVITY,jellyfish-plonk-swap-sensitivity-final-v1,ef2b7370acbd2d0f7e2071ea52bd1ac2816b684f,818f4732eff71a969b798ddd9efaa33ba8140e02a576c4e4054b03e43b1e4600,private_swap,jellyfish-turboplonk-0.8.0-bn254-kzg,ablate-membership,"{""ablation"":""no_membership"",""hash_rounds"":5,""membership_paths"":2,""merkle_depth"":8,""range_bits"":32,""time_bits"":16}",prove_total,2,4,,true,10,54.544080,3.252830,54.368854,58.849251,47.793964,61.076317,,,,,,,,not-applicable,,,,2.316798,2.251801,2.363109,0.579200,36.785767,28.886192,,,,,,,,,measured,final-candidate evidence; validate bundle before paper reporting,measurement,true
C4-PCAS-SENSITIVITY,jellyfish-plonk-swap-sensitivity-final-v1,ef2b7370acbd2d0f7e2071ea52bd1ac2816b684f,818f4732eff71a969b798ddd9efaa33ba8140e02a576c4e4054b03e43b1e4600,private_swap,jellyfish-turboplonk-0.8.0-bn254-kzg,ablate-membership,"{""ablation"":""no_membership"",""hash_rounds"":5,""membership_paths"":2,""merkle_depth"":8,""range_bits"":32,""time_bits"":16}",prove_total,2,8,,true,10,71.802860,3.162940,71.421986,76.209915,65.810624,76.435739,,,,,,,,not-applicable,,,,1.763626,1.687115,1.803036,0.220453,28.002582,37.722388,,,,,,,,,measured,final-candidate evidence; validate bundle before paper reporting,measurement,true
C4-PCAS-SENSITIVITY,jellyfish-plonk-swap-sensitivity-final-v1,ef2b7370acbd2d0f7e2071ea52bd1ac2816b684f,818f4732eff71a969b798ddd9efaa33ba8140e02a576c4e4054b03e43b1e4600,private_swap,jellyfish-turboplonk-0.8.0-bn254-kzg,ablate-membership,"{""ablation"":""no_membership"",""hash_rounds"":5,""membership_paths"":2,""merkle_depth"":8,""range_bits"":32,""time_bits"":16}",serialize,2,1,,true,10,0.005838,0.001348,0.005165,0.007533,0.004318,0.007614,,,,,,,,not-applicable,,,,,,,,,,,,,,,,,,measured,final-candidate evidence; validate bundle before paper reporting,measurement,true
C4-PCAS-SENSITIVITY,jellyfish-plonk-swap-sensitivity-final-v1,ef2b7370acbd2d0f7e2071ea52bd1ac2816b684f,818f4732eff71a969b798ddd9efaa33ba8140e02a576c4e4054b03e43b1e4600,private_swap,jellyfish-turboplonk-0.8.0-bn254-kzg,ablate-membership,"{""ablation"":""no_membership"",""hash_rounds"":5,""membership_paths"":2,""merkle_depth"":8,""range_bits"":32,""time_bits"":16}",serialize,2,2,,true,10,0.005713,0.001739,0.005364,0.008409,0.003998,0.009437,,,,,,,,not-applicable,,,,,,,,,,,,,,,,,,measured,final-candidate evidence; validate bundle before paper reporting,measurement,true
C4-PCAS-SENSITIVITY,jellyfish-plonk-swap-sensitivity-final-v1,ef2b7370acbd2d0f7e2071ea52bd1ac2816b684f,818f4732eff71a969b798ddd9efaa33ba8140e02a576c4e4054b03e43b1e4600,private_swap,jellyfish-turboplonk-0.8.0-bn254-kzg,ablate-membership,"{""ablation"":""no_membership"",""hash_rounds"":5,""membership_paths"":2,""merkle_depth"":8,""range_bits"":32,""time_bits"":16}",serialize,2,4,,true,10,0.006015,0.001066,0.005986,0.007344,0.003677,0.007384,,,,,,,,not-applicable,,,,,,,,,,,,,,,,,,measured,final-candidate evidence; validate bundle before paper reporting,measurement,true
C4-PCAS-SENSITIVITY,jellyfish-plonk-swap-sensitivity-final-v1,ef2b7370acbd2d0f7e2071ea52bd1ac2816b684f,818f4732eff71a969b798ddd9efaa33ba8140e02a576c4e4054b03e43b1e4600,private_swap,jellyfish-turboplonk-0.8.0-bn254-kzg,ablate-membership,"{""ablation"":""no_membership"",""hash_rounds"":5,""membership_paths"":2,""merkle_depth"":8,""range_bits"":32,""time_bits"":16}",serialize,2,8,,true,10,0.005507,0.001544,0.005631,0.007715,0.003516,0.009027,,,,,,,,not-applicable,,,,,,,,,,,,,,,,,,measured,final-candidate evidence; validate bundle before paper reporting,measurement,true
C4-PCAS-SENSITIVITY,jellyfish-plonk-swap-sensitivity-final-v1,ef2b7370acbd2d0f7e2071ea52bd1ac2816b684f,818f4732eff71a969b798ddd9efaa33ba8140e02a576c4e4054b03e43b1e4600,private_swap,jellyfish-turboplonk-0.8.0-bn254-kzg,ablate-membership,"{""ablation"":""no_membership"",""hash_rounds"":5,""membership_paths"":2,""merkle_depth"":8,""range_bits"":32,""time_bits"":16}",setup_or_preprocess,2,1,,true,10,86.934863,3.468276,86.362721,91.909364,82.159840,93.351090,,,,,,,,not-applicable,,,,,,,,,,,,,,,,,,measured,final-candidate evidence; validate bundle before paper reporting,measurement,true
C4-PCAS-SENSITIVITY,jellyfish-plonk-swap-sensitivity-final-v1,ef2b7370acbd2d0f7e2071ea52bd1ac2816b684f,818f4732eff71a969b798ddd9efaa33ba8140e02a576c4e4054b03e43b1e4600,private_swap,jellyfish-turboplonk-0.8.0-bn254-kzg,ablate-membership,"{""ablation"":""no_membership"",""hash_rounds"":5,""membership_paths"":2,""merkle_depth"":8,""range_bits"":32,""time_bits"":16}",setup_or_preprocess,2,2,,true,10,48.089648,3.406926,46.904050,53.702816,45.176166,56.325337,,,,,,,,not-applicable,,,,,,,,,,,,,,,,,,measured,final-candidate evidence; validate bundle before paper reporting,measurement,true
C4-PCAS-SENSITIVITY,jellyfish-plonk-swap-sensitivity-final-v1,ef2b7370acbd2d0f7e2071ea52bd1ac2816b684f,818f4732eff71a969b798ddd9efaa33ba8140e02a576c4e4054b03e43b1e4600,private_swap,jellyfish-turboplonk-0.8.0-bn254-kzg,ablate-membership,"{""ablation"":""no_membership"",""hash_rounds"":5,""membership_paths"":2,""merkle_depth"":8,""range_bits"":32,""time_bits"":16}",setup_or_preprocess,2,4,,true,10,28.546949,1.744251,27.899109,31.486973,27.023485,32.759719,,,,,,,,not-applicable,,,,,,,,,,,,,,,,,,measured,final-candidate evidence; validate bundle before paper reporting,measurement,true
C4-PCAS-SENSITIVITY,jellyfish-plonk-swap-sensitivity-final-v1,ef2b7370acbd2d0f7e2071ea52bd1ac2816b684f,818f4732eff71a969b798ddd9efaa33ba8140e02a576c4e4054b03e43b1e4600,private_swap,jellyfish-turboplonk-0.8.0-bn254-kzg,ablate-membership,"{""ablation"":""no_membership"",""hash_rounds"":5,""membership_paths"":2,""merkle_depth"":8,""range_bits"":32,""time_bits"":16}",setup_or_preprocess,2,8,,true,10,24.391139,2.184064,23.815462,28.146886,21.987373,29.580739,,,,,,,,not-applicable,,,,,,,,,,,,,,,,,,measured,final-candidate evidence; validate bundle before paper reporting,measurement,true
C4-PCAS-SENSITIVITY,jellyfish-plonk-swap-sensitivity-final-v1,ef2b7370acbd2d0f7e2071ea52bd1ac2816b684f,818f4732eff71a969b798ddd9efaa33ba8140e02a576c4e4054b03e43b1e4600,private_swap,jellyfish-turboplonk-0.8.0-bn254-kzg,ablate-membership,"{""ablation"":""no_membership"",""hash_rounds"":5,""membership_paths"":2,""merkle_depth"":8,""range_bits"":32,""time_bits"":16}",verify_core,2,1,,true,10,3.354813,0.483657,3.187940,4.207318,2.928761,4.592596,,,,,,,,not-applicable,,,,,,,,,,,,,,,,,,measured,final-candidate evidence; validate bundle before paper reporting,measurement,true
C4-PCAS-SENSITIVITY,jellyfish-plonk-swap-sensitivity-final-v1,ef2b7370acbd2d0f7e2071ea52bd1ac2816b684f,818f4732eff71a969b798ddd9efaa33ba8140e02a576c4e4054b03e43b1e4600,private_swap,jellyfish-turboplonk-0.8.0-bn254-kzg,ablate-membership,"{""ablation"":""no_membership"",""hash_rounds"":5,""membership_paths"":2,""merkle_depth"":8,""range_bits"":32,""time_bits"":16}",verify_core,2,2,,true,10,3.109549,0.212864,3.066606,3.394091,2.806783,3.426356,,,,,,,,not-applicable,,,,,,,,,,,,,,,,,,measured,final-candidate evidence; validate bundle before paper reporting,measurement,true
C4-PCAS-SENSITIVITY,jellyfish-plonk-swap-sensitivity-final-v1,ef2b7370acbd2d0f7e2071ea52bd1ac2816b684f,818f4732eff71a969b798ddd9efaa33ba8140e02a576c4e4054b03e43b1e4600,private_swap,jellyfish-turboplonk-0.8.0-bn254-kzg,ablate-membership,"{""ablation"":""no_membership"",""hash_rounds"":5,""membership_paths"":2,""merkle_depth"":8,""range_bits"":32,""time_bits"":16}",verify_core,2,4,,true,10,3.359083,0.111142,3.363091,3.501107,3.199604,3.511831,,,,,,,,not-applicable,,,,,,,,,,,,,,,,,,measured,final-candidate evidence; validate bundle before paper reporting,measurement,true
C4-PCAS-SENSITIVITY,jellyfish-plonk-swap-sensitivity-final-v1,ef2b7370acbd2d0f7e2071ea52bd1ac2816b684f,818f4732eff71a969b798ddd9efaa33ba8140e02a576c4e4054b03e43b1e4600,private_swap,jellyfish-turboplonk-0.8.0-bn254-kzg,ablate-membership,"{""ablation"":""no_membership"",""hash_rounds"":5,""membership_paths"":2,""merkle_depth"":8,""range_bits"":32,""time_bits"":16}",verify_core,2,8,,true,10,4.392357,0.350606,4.415048,4.914471,3.966059,5.096374,,,,,,,,not-applicable,,,,,,,,,,,,,,,,,,measured,final-candidate evidence; validate bundle before paper reporting,measurement,true
C4-PCAS-SENSITIVITY,jellyfish-plonk-swap-sensitivity-final-v1,ef2b7370acbd2d0f7e2071ea52bd1ac2816b684f,818f4732eff71a969b798ddd9efaa33ba8140e02a576c4e4054b03e43b1e4600,private_swap,jellyfish-turboplonk-0.8.0-bn254-kzg,ablate-membership,"{""ablation"":""no_membership"",""hash_rounds"":5,""membership_paths"":2,""merkle_depth"":8,""range_bits"":32,""time_bits"":16}",verify_total,2,1,,true,10,3.652890,0.508502,3.478703,4.547687,3.206688,4.958488,,,,,,,,not-applicable,,,,,,,,,,,,,,,,,,measured,final-candidate evidence; validate bundle before paper reporting,measurement,true
C4-PCAS-SENSITIVITY,jellyfish-plonk-swap-sensitivity-final-v1,ef2b7370acbd2d0f7e2071ea52bd1ac2816b684f,818f4732eff71a969b798ddd9efaa33ba8140e02a576c4e4054b03e43b1e4600,private_swap,jellyfish-turboplonk-0.8.0-bn254-kzg,ablate-membership,"{""ablation"":""no_membership"",""hash_rounds"":5,""membership_paths"":2,""merkle_depth"":8,""range_bits"":32,""time_bits"":16}",verify_total,2,2,,true,10,3.491690,0.215049,3.467803,3.770393,3.179587,3.806729,,,,,,,,not-applicable,,,,,,,,,,,,,,,,,,measured,final-candidate evidence; validate bundle before paper reporting,measurement,true
C4-PCAS-SENSITIVITY,jellyfish-plonk-swap-sensitivity-final-v1,ef2b7370acbd2d0f7e2071ea52bd1ac2816b684f,818f4732eff71a969b798ddd9efaa33ba8140e02a576c4e4054b03e43b1e4600,private_swap,jellyfish-turboplonk-0.8.0-bn254-kzg,ablate-membership,"{""ablation"":""no_membership"",""hash_rounds"":5,""membership_paths"":2,""merkle_depth"":8,""range_bits"":32,""time_bits"":16}",verify_total,2,4,,true,10,4.261285,0.176809,4.258273,4.508962,4.024729,4.586118,,,,,,,,not-applicable,,,,,,,,,,,,,,,,,,measured,final-candidate evidence; validate bundle before paper reporting,measurement,true
C4-PCAS-SENSITIVITY,jellyfish-plonk-swap-sensitivity-final-v1,ef2b7370acbd2d0f7e2071ea52bd1ac2816b684f,818f4732eff71a969b798ddd9efaa33ba8140e02a576c4e4054b03e43b1e4600,private_swap,jellyfish-turboplonk-0.8.0-bn254-kzg,ablate-membership,"{""ablation"":""no_membership"",""hash_rounds"":5,""membership_paths"":2,""merkle_depth"":8,""range_bits"":32,""time_bits"":16}",verify_total,2,8,,true,10,6.096546,0.380225,6.046139,6.697417,5.529639,6.790646,,,,,,,,not-applicable,,,,,,,,,,,,,,,,,,measured,final-candidate evidence; validate bundle before paper reporting,measurement,true
C4-PCAS-SENSITIVITY,jellyfish-plonk-swap-sensitivity-final-v1,ef2b7370acbd2d0f7e2071ea52bd1ac2816b684f,818f4732eff71a969b798ddd9efaa33ba8140e02a576c4e4054b03e43b1e4600,private_swap,jellyfish-turboplonk-0.8.0-bn254-kzg,ablate-membership,"{""ablation"":""no_membership"",""hash_rounds"":5,""membership_paths"":2,""merkle_depth"":8,""range_bits"":32,""time_bits"":16}",witness,2,1,,true,10,1.561670,0.192706,1.524008,1.879180,1.303821,1.901770,,,,,,,,not-applicable,,,,,,,,,,,,,,,,,,measured,final-candidate evidence; validate bundle before paper reporting,measurement,true
C4-PCAS-SENSITIVITY,jellyfish-plonk-swap-sensitivity-final-v1,ef2b7370acbd2d0f7e2071ea52bd1ac2816b684f,818f4732eff71a969b798ddd9efaa33ba8140e02a576c4e4054b03e43b1e4600,private_swap,jellyfish-turboplonk-0.8.0-bn254-kzg,ablate-membership,"{""ablation"":""no_membership"",""hash_rounds"":5,""membership_paths"":2,""merkle_depth"":8,""range_bits"":32,""time_bits"":16}",witness,2,2,,true,10,1.511544,0.163748,1.453771,1.776093,1.364649,1.843619,,,,,,,,not-applicable,,,,,,,,,,,,,,,,,,measured,final-candidate evidence; validate bundle before paper reporting,measurement,true
C4-PCAS-SENSITIVITY,jellyfish-plonk-swap-sensitivity-final-v1,ef2b7370acbd2d0f7e2071ea52bd1ac2816b684f,818f4732eff71a969b798ddd9efaa33ba8140e02a576c4e4054b03e43b1e4600,private_swap,jellyfish-turboplonk-0.8.0-bn254-kzg,ablate-membership,"{""ablation"":""no_membership"",""hash_rounds"":5,""membership_paths"":2,""merkle_depth"":8,""range_bits"":32,""time_bits"":16}",witness,2,4,,true,10,1.444910,0.084329,1.429570,1.562383,1.314286,1.583872,,,,,,,,not-applicable,,,,,,,,,,,,,,,,,,measured,final-candidate evidence; validate bundle before paper reporting,measurement,true
C4-PCAS-SENSITIVITY,jellyfish-plonk-swap-sensitivity-final-v1,ef2b7370acbd2d0f7e2071ea52bd1ac2816b684f,818f4732eff71a969b798ddd9efaa33ba8140e02a576c4e4054b03e43b1e4600,private_swap,jellyfish-turboplonk-0.8.0-bn254-kzg,ablate-membership,"{""ablation"":""no_membership"",""hash_rounds"":5,""membership_paths"":2,""merkle_depth"":8,""range_bits"":32,""time_bits"":16}",witness,2,8,,true,10,1.543366,0.117050,1.562755,1.702534,1.366051,1.702687,,,,,,,,not-applicable,,,,,,,,,,,,,,,,,,measured,final-candidate evidence; validate bundle before paper reporting,measurement,true
C4-PCAS-SENSITIVITY,jellyfish-plonk-swap-sensitivity-final-v1,ef2b7370acbd2d0f7e2071ea52bd1ac2816b684f,818f4732eff71a969b798ddd9efaa33ba8140e02a576c4e4054b03e43b1e4600,private_swap,jellyfish-turboplonk-0.8.0-bn254-kzg,ablate-price,"{""ablation"":""no_price"",""hash_rounds"":5,""membership_paths"":2,""merkle_depth"":8,""range_bits"":32,""time_bits"":16}",adapter_process_wall,2,1,,true,10,767.214148,11.797432,766.535218,783.728755,746.100491,790.891042,710.000000,20.996094,9947.000000,769,2048,plonk_domain_rows,7,all-expected,,,"Linux procfs read failed: [Errno 13] Permission denied: '/proc/1742/io'; private commit and per-process swap I/O are unavailable; VmSwap reports allocation, not swap traffic; No documented hardware or OS energy counter is configured in WSL2; Linux procfs read failed: [Errno 13] Permission denied: '/proc/2309/io'; private commit and per-process swap I/O are unavailable; VmSwap reports allocation, not swap traffic; No documented hardware or OS energy counter is configured in WSL2; Linux procfs read failed: [Errno 2] No such file or directory: '/proc/1127/io'; private commit and per-process swap I/O are unavailable; VmSwap reports allocation, not swap traffic; No documented hardware or OS energy counter is configured in WSL2; Linux procfs read failed: [Errno 3] No such process; private commit and per-process swap I/O are unavailable; VmSwap reports allocation, not swap traffic; No documented hardware or OS energy counter is configured in WSL2; private commit and per-process swap I/O are unavailable; VmSwap reports allocation, not swap traffic; No documented hardware or OS energy counter is configured in WSL2",,,,,,,0.926246,10.498047,,,,,,,measured,final-candidate evidence; validate bundle before paper reporting,measurement,true
C4-PCAS-SENSITIVITY,jellyfish-plonk-swap-sensitivity-final-v1,ef2b7370acbd2d0f7e2071ea52bd1ac2816b684f,818f4732eff71a969b798ddd9efaa33ba8140e02a576c4e4054b03e43b1e4600,private_swap,jellyfish-turboplonk-0.8.0-bn254-kzg,ablate-price,"{""ablation"":""no_price"",""hash_rounds"":5,""membership_paths"":2,""merkle_depth"":8,""range_bits"":32,""time_bits"":16}",adapter_process_wall,2,2,,true,10,449.454874,9.376311,449.523797,460.392219,435.209659,461.121561,755.000000,21.437500,9807.500000,769,2048,plonk_domain_rows,7,all-expected,,,"Linux procfs read failed: [Errno 13] Permission denied: '/proc/1101/io'; private commit and per-process swap I/O are unavailable; VmSwap reports allocation, not swap traffic; No documented hardware or OS energy counter is configured in WSL2; Linux procfs read failed: [Errno 13] Permission denied: '/proc/1671/io'; private commit and per-process swap I/O are unavailable; VmSwap reports allocation, not swap traffic; No documented hardware or OS energy counter is configured in WSL2; Linux procfs read failed: [Errno 13] Permission denied: '/proc/2048/io'; private commit and per-process swap I/O are unavailable; VmSwap reports allocation, not swap traffic; No documented hardware or OS energy counter is configured in WSL2; Linux procfs read failed: [Errno 13] Permission denied: '/proc/822/io'; private commit and per-process swap I/O are unavailable; VmSwap reports allocation, not swap traffic; No documented hardware or OS energy counter is configured in WSL2; private commit and per-process swap I/O are unavailable; VmSwap reports allocation, not swap traffic; No documented hardware or OS energy counter is configured in WSL2",,,,,,,1.679555,10.718750,,,,,,,measured,final-candidate evidence; validate bundle before paper reporting,measurement,true
C4-PCAS-SENSITIVITY,jellyfish-plonk-swap-sensitivity-final-v1,ef2b7370acbd2d0f7e2071ea52bd1ac2816b684f,818f4732eff71a969b798ddd9efaa33ba8140e02a576c4e4054b03e43b1e4600,private_swap,jellyfish-turboplonk-0.8.0-bn254-kzg,ablate-price,"{""ablation"":""no_price"",""hash_rounds"":5,""membership_paths"":2,""merkle_depth"":8,""range_bits"":32,""time_bits"":16}",adapter_process_wall,2,4,,true,10,294.309678,8.846649,295.199541,307.523252,281.362773,311.114363,820.000000,22.646484,9304.000000,769,2048,plonk_domain_rows,7,all-expected,,,"Linux procfs read failed: [Errno 13] Permission denied: '/proc/1451/io'; private commit and per-process swap I/O are unavailable; VmSwap reports allocation, not swap traffic; No documented hardware or OS energy counter is configured in WSL2; Linux procfs read failed: [Errno 13] Permission denied: '/proc/1835/io'; private commit and per-process swap I/O are unavailable; VmSwap reports allocation, not swap traffic; No documented hardware or OS energy counter is configured in WSL2; Linux procfs read failed: [Errno 13] Permission denied: '/proc/2209/io'; private commit and per-process swap I/O are unavailable; VmSwap reports allocation, not swap traffic; No documented hardware or OS energy counter is configured in WSL2; Linux procfs read failed: [Errno 13] Permission denied: '/proc/875/io'; private commit and per-process swap I/O are unavailable; VmSwap reports allocation, not swap traffic; No documented hardware or OS energy counter is configured in WSL2; Linux procfs read failed: [Errno 2] No such file or directory: '/proc/1359/io'; private commit and per-process swap I/O are unavailable; VmSwap reports allocation, not swap traffic; No documented hardware or OS energy counter is configured in WSL2; Linux procfs read failed: [Errno 2] No such file or directory: '/proc/1942/status'; private commit and per-process swap I/O are unavailable; VmSwap reports allocation, not swap traffic; No documented hardware or OS energy counter is configured in WSL2; private commit and per-process swap I/O are unavailable; VmSwap reports allocation, not swap traffic; No documented hardware or OS energy counter is configured in WSL2",,,,,,,2.777782,11.323242,,,,,,,measured,final-candidate evidence; validate bundle before paper reporting,measurement,true
C4-PCAS-SENSITIVITY,jellyfish-plonk-swap-sensitivity-final-v1,ef2b7370acbd2d0f7e2071ea52bd1ac2816b684f,818f4732eff71a969b798ddd9efaa33ba8140e02a576c4e4054b03e43b1e4600,private_swap,jellyfish-turboplonk-0.8.0-bn254-kzg,ablate-price,"{""ablation"":""no_price"",""hash_rounds"":5,""membership_paths"":2,""merkle_depth"":8,""range_bits"":32,""time_bits"":16}",adapter_process_wall,2,8,,true,10,262.953333,7.590720,261.434555,272.605939,251.167116,274.470636,1090.000000,26.658203,7960.000000,769,2048,plonk_domain_rows,7,all-expected,,,"Linux procfs read failed: [Errno 13] Permission denied: '/proc/1001/io'; private commit and per-process swap I/O are unavailable; VmSwap reports allocation, not swap traffic; No documented hardware or OS energy counter is configured in WSL2; Linux procfs read failed: [Errno 13] Permission denied: '/proc/1928/io'; private commit and per-process swap I/O are unavailable; VmSwap reports allocation, not swap traffic; No documented hardware or OS energy counter is configured in WSL2; Linux procfs read failed: [Errno 13] Permission denied: '/proc/2446/io'; private commit and per-process swap I/O are unavailable; VmSwap reports allocation, not swap traffic; No documented hardware or OS energy counter is configured in WSL2; private commit and per-process swap I/O are unavailable; VmSwap reports allocation, not swap traffic; No documented hardware or OS energy counter is configured in WSL2",,,,,,,4.169303,13.329102,,,,,,,measured,final-candidate evidence; validate bundle before paper reporting,measurement,true
C4-PCAS-SENSITIVITY,jellyfish-plonk-swap-sensitivity-final-v1,ef2b7370acbd2d0f7e2071ea52bd1ac2816b684f,818f4732eff71a969b798ddd9efaa33ba8140e02a576c4e4054b03e43b1e4600,private_swap,jellyfish-turboplonk-0.8.0-bn254-kzg,ablate-price,"{""ablation"":""no_price"",""hash_rounds"":5,""membership_paths"":2,""merkle_depth"":8,""range_bits"":32,""time_bits"":16}",commitment,2,1,,false,,,,,,,,,,,,,,,not-applicable,,,Jellyfish exposes no stable per-proof hook for this phase,,,,,,,,,,,,,,,measured,final-candidate evidence; validate bundle before paper reporting,measurement,true
C4-PCAS-SENSITIVITY,jellyfish-plonk-swap-sensitivity-final-v1,ef2b7370acbd2d0f7e2071ea52bd1ac2816b684f,818f4732eff71a969b798ddd9efaa33ba8140e02a576c4e4054b03e43b1e4600,private_swap,jellyfish-turboplonk-0.8.0-bn254-kzg,ablate-price,"{""ablation"":""no_price"",""hash_rounds"":5,""membership_paths"":2,""merkle_depth"":8,""range_bits"":32,""time_bits"":16}",commitment,2,2,,false,,,,,,,,,,,,,,,not-applicable,,,Jellyfish exposes no stable per-proof hook for this phase,,,,,,,,,,,,,,,measured,final-candidate evidence; validate bundle before paper reporting,measurement,true
C4-PCAS-SENSITIVITY,jellyfish-plonk-swap-sensitivity-final-v1,ef2b7370acbd2d0f7e2071ea52bd1ac2816b684f,818f4732eff71a969b798ddd9efaa33ba8140e02a576c4e4054b03e43b1e4600,private_swap,jellyfish-turboplonk-0.8.0-bn254-kzg,ablate-price,"{""ablation"":""no_price"",""hash_rounds"":5,""membership_paths"":2,""merkle_depth"":8,""range_bits"":32,""time_bits"":16}",commitment,2,4,,false,,,,,,,,,,,,,,,not-applicable,,,Jellyfish exposes no stable per-proof hook for this phase,,,,,,,,,,,,,,,measured,final-candidate evidence; validate bundle before paper reporting,measurement,true
C4-PCAS-SENSITIVITY,jellyfish-plonk-swap-sensitivity-final-v1,ef2b7370acbd2d0f7e2071ea52bd1ac2816b684f,818f4732eff71a969b798ddd9efaa33ba8140e02a576c4e4054b03e43b1e4600,private_swap,jellyfish-turboplonk-0.8.0-bn254-kzg,ablate-price,"{""ablation"":""no_price"",""hash_rounds"":5,""membership_paths"":2,""merkle_depth"":8,""range_bits"":32,""time_bits"":16}",commitment,2,8,,false,,,,,,,,,,,,,,,not-applicable,,,Jellyfish exposes no stable per-proof hook for this phase,,,,,,,,,,,,,,,measured,final-candidate evidence; validate bundle before paper reporting,measurement,true
C4-PCAS-SENSITIVITY,jellyfish-plonk-swap-sensitivity-final-v1,ef2b7370acbd2d0f7e2071ea52bd1ac2816b684f,818f4732eff71a969b798ddd9efaa33ba8140e02a576c4e4054b03e43b1e4600,private_swap,jellyfish-turboplonk-0.8.0-bn254-kzg,ablate-price,"{""ablation"":""no_price"",""hash_rounds"":5,""membership_paths"":2,""merkle_depth"":8,""range_bits"":32,""time_bits"":16}",deserialize,2,1,,true,10,0.303640,0.058569,0.280209,0.407412,0.236179,0.412247,,,,,,,,not-applicable,,,,,,,,,,,,,,,,,,measured,final-candidate evidence; validate bundle before paper reporting,measurement,true
C4-PCAS-SENSITIVITY,jellyfish-plonk-swap-sensitivity-final-v1,ef2b7370acbd2d0f7e2071ea52bd1ac2816b684f,818f4732eff71a969b798ddd9efaa33ba8140e02a576c4e4054b03e43b1e4600,private_swap,jellyfish-turboplonk-0.8.0-bn254-kzg,ablate-price,"{""ablation"":""no_price"",""hash_rounds"":5,""membership_paths"":2,""merkle_depth"":8,""range_bits"":32,""time_bits"":16}",deserialize,2,2,,true,10,0.370894,0.042706,0.385707,0.417735,0.300529,0.419130,,,,,,,,not-applicable,,,,,,,,,,,,,,,,,,measured,final-candidate evidence; validate bundle before paper reporting,measurement,true
C4-PCAS-SENSITIVITY,jellyfish-plonk-swap-sensitivity-final-v1,ef2b7370acbd2d0f7e2071ea52bd1ac2816b684f,818f4732eff71a969b798ddd9efaa33ba8140e02a576c4e4054b03e43b1e4600,private_swap,jellyfish-turboplonk-0.8.0-bn254-kzg,ablate-price,"{""ablation"":""no_price"",""hash_rounds"":5,""membership_paths"":2,""merkle_depth"":8,""range_bits"":32,""time_bits"":16}",deserialize,2,4,,true,10,0.914729,0.071934,0.914656,1.004934,0.811284,1.013857,,,,,,,,not-applicable,,,,,,,,,,,,,,,,,,measured,final-candidate evidence; validate bundle before paper reporting,measurement,true
C4-PCAS-SENSITIVITY,jellyfish-plonk-swap-sensitivity-final-v1,ef2b7370acbd2d0f7e2071ea52bd1ac2816b684f,818f4732eff71a969b798ddd9efaa33ba8140e02a576c4e4054b03e43b1e4600,private_swap,jellyfish-turboplonk-0.8.0-bn254-kzg,ablate-price,"{""ablation"":""no_price"",""hash_rounds"":5,""membership_paths"":2,""merkle_depth"":8,""range_bits"":32,""time_bits"":16}",deserialize,2,8,,true,10,1.638804,0.233510,1.617324,1.968310,1.353459,2.115627,,,,,,,,not-applicable,,,,,,,,,,,,,,,,,,measured,final-candidate evidence; validate bundle before paper reporting,measurement,true
C4-PCAS-SENSITIVITY,jellyfish-plonk-swap-sensitivity-final-v1,ef2b7370acbd2d0f7e2071ea52bd1ac2816b684f,818f4732eff71a969b798ddd9efaa33ba8140e02a576c4e4054b03e43b1e4600,private_swap,jellyfish-turboplonk-0.8.0-bn254-kzg,ablate-price,"{""ablation"":""no_price"",""hash_rounds"":5,""membership_paths"":2,""merkle_depth"":8,""range_bits"":32,""time_bits"":16}",fft_ntt,2,1,,false,,,,,,,,,,,,,,,not-applicable,,,Jellyfish exposes no stable per-proof hook for this phase,,,,,,,,,,,,,,,measured,final-candidate evidence; validate bundle before paper reporting,measurement,true
C4-PCAS-SENSITIVITY,jellyfish-plonk-swap-sensitivity-final-v1,ef2b7370acbd2d0f7e2071ea52bd1ac2816b684f,818f4732eff71a969b798ddd9efaa33ba8140e02a576c4e4054b03e43b1e4600,private_swap,jellyfish-turboplonk-0.8.0-bn254-kzg,ablate-price,"{""ablation"":""no_price"",""hash_rounds"":5,""membership_paths"":2,""merkle_depth"":8,""range_bits"":32,""time_bits"":16}",fft_ntt,2,2,,false,,,,,,,,,,,,,,,not-applicable,,,Jellyfish exposes no stable per-proof hook for this phase,,,,,,,,,,,,,,,measured,final-candidate evidence; validate bundle before paper reporting,measurement,true
C4-PCAS-SENSITIVITY,jellyfish-plonk-swap-sensitivity-final-v1,ef2b7370acbd2d0f7e2071ea52bd1ac2816b684f,818f4732eff71a969b798ddd9efaa33ba8140e02a576c4e4054b03e43b1e4600,private_swap,jellyfish-turboplonk-0.8.0-bn254-kzg,ablate-price,"{""ablation"":""no_price"",""hash_rounds"":5,""membership_paths"":2,""merkle_depth"":8,""range_bits"":32,""time_bits"":16}",fft_ntt,2,4,,false,,,,,,,,,,,,,,,not-applicable,,,Jellyfish exposes no stable per-proof hook for this phase,,,,,,,,,,,,,,,measured,final-candidate evidence; validate bundle before paper reporting,measurement,true
C4-PCAS-SENSITIVITY,jellyfish-plonk-swap-sensitivity-final-v1,ef2b7370acbd2d0f7e2071ea52bd1ac2816b684f,818f4732eff71a969b798ddd9efaa33ba8140e02a576c4e4054b03e43b1e4600,private_swap,jellyfish-turboplonk-0.8.0-bn254-kzg,ablate-price,"{""ablation"":""no_price"",""hash_rounds"":5,""membership_paths"":2,""merkle_depth"":8,""range_bits"":32,""time_bits"":16}",fft_ntt,2,8,,false,,,,,,,,,,,,,,,not-applicable,,,Jellyfish exposes no stable per-proof hook for this phase,,,,,,,,,,,,,,,measured,final-candidate evidence; validate bundle before paper reporting,measurement,true
C4-PCAS-SENSITIVITY,jellyfish-plonk-swap-sensitivity-final-v1,ef2b7370acbd2d0f7e2071ea52bd1ac2816b684f,818f4732eff71a969b798ddd9efaa33ba8140e02a576c4e4054b03e43b1e4600,private_swap,jellyfish-turboplonk-0.8.0-bn254-kzg,ablate-price,"{""ablation"":""no_price"",""hash_rounds"":5,""membership_paths"":2,""merkle_depth"":8,""range_bits"":32,""time_bits"":16}",key_load,2,1,,false,,,,,,,,,,,,,,,not-applicable,,,Jellyfish exposes no stable per-proof hook for this phase,,,,,,,,,,,,,,,measured,final-candidate evidence; validate bundle before paper reporting,measurement,true
C4-PCAS-SENSITIVITY,jellyfish-plonk-swap-sensitivity-final-v1,ef2b7370acbd2d0f7e2071ea52bd1ac2816b684f,818f4732eff71a969b798ddd9efaa33ba8140e02a576c4e4054b03e43b1e4600,private_swap,jellyfish-turboplonk-0.8.0-bn254-kzg,ablate-price,"{""ablation"":""no_price"",""hash_rounds"":5,""membership_paths"":2,""merkle_depth"":8,""range_bits"":32,""time_bits"":16}",key_load,2,2,,false,,,,,,,,,,,,,,,not-applicable,,,Jellyfish exposes no stable per-proof hook for this phase,,,,,,,,,,,,,,,measured,final-candidate evidence; validate bundle before paper reporting,measurement,true
C4-PCAS-SENSITIVITY,jellyfish-plonk-swap-sensitivity-final-v1,ef2b7370acbd2d0f7e2071ea52bd1ac2816b684f,818f4732eff71a969b798ddd9efaa33ba8140e02a576c4e4054b03e43b1e4600,private_swap,jellyfish-turboplonk-0.8.0-bn254-kzg,ablate-price,"{""ablation"":""no_price"",""hash_rounds"":5,""membership_paths"":2,""merkle_depth"":8,""range_bits"":32,""time_bits"":16}",key_load,2,4,,false,,,,,,,,,,,,,,,not-applicable,,,Jellyfish exposes no stable per-proof hook for this phase,,,,,,,,,,,,,,,measured,final-candidate evidence; validate bundle before paper reporting,measurement,true
C4-PCAS-SENSITIVITY,jellyfish-plonk-swap-sensitivity-final-v1,ef2b7370acbd2d0f7e2071ea52bd1ac2816b684f,818f4732eff71a969b798ddd9efaa33ba8140e02a576c4e4054b03e43b1e4600,private_swap,jellyfish-turboplonk-0.8.0-bn254-kzg,ablate-price,"{""ablation"":""no_price"",""hash_rounds"":5,""membership_paths"":2,""merkle_depth"":8,""range_bits"":32,""time_bits"":16}",key_load,2,8,,false,,,,,,,,,,,,,,,not-applicable,,,Jellyfish exposes no stable per-proof hook for this phase,,,,,,,,,,,,,,,measured,final-candidate evidence; validate bundle before paper reporting,measurement,true
C4-PCAS-SENSITIVITY,jellyfish-plonk-swap-sensitivity-final-v1,ef2b7370acbd2d0f7e2071ea52bd1ac2816b684f,818f4732eff71a969b798ddd9efaa33ba8140e02a576c4e4054b03e43b1e4600,private_swap,jellyfish-turboplonk-0.8.0-bn254-kzg,ablate-price,"{""ablation"":""no_price"",""hash_rounds"":5,""membership_paths"":2,""merkle_depth"":8,""range_bits"":32,""time_bits"":16}",msm,2,1,,false,,,,,,,,,,,,,,,not-applicable,,,Jellyfish exposes no stable per-proof hook for this phase,,,,,,,,,,,,,,,measured,final-candidate evidence; validate bundle before paper reporting,measurement,true
C4-PCAS-SENSITIVITY,jellyfish-plonk-swap-sensitivity-final-v1,ef2b7370acbd2d0f7e2071ea52bd1ac2816b684f,818f4732eff71a969b798ddd9efaa33ba8140e02a576c4e4054b03e43b1e4600,private_swap,jellyfish-turboplonk-0.8.0-bn254-kzg,ablate-price,"{""ablation"":""no_price"",""hash_rounds"":5,""membership_paths"":2,""merkle_depth"":8,""range_bits"":32,""time_bits"":16}",msm,2,2,,false,,,,,,,,,,,,,,,not-applicable,,,Jellyfish exposes no stable per-proof hook for this phase,,,,,,,,,,,,,,,measured,final-candidate evidence; validate bundle before paper reporting,measurement,true
C4-PCAS-SENSITIVITY,jellyfish-plonk-swap-sensitivity-final-v1,ef2b7370acbd2d0f7e2071ea52bd1ac2816b684f,818f4732eff71a969b798ddd9efaa33ba8140e02a576c4e4054b03e43b1e4600,private_swap,jellyfish-turboplonk-0.8.0-bn254-kzg,ablate-price,"{""ablation"":""no_price"",""hash_rounds"":5,""membership_paths"":2,""merkle_depth"":8,""range_bits"":32,""time_bits"":16}",msm,2,4,,false,,,,,,,,,,,,,,,not-applicable,,,Jellyfish exposes no stable per-proof hook for this phase,,,,,,,,,,,,,,,measured,final-candidate evidence; validate bundle before paper reporting,measurement,true
C4-PCAS-SENSITIVITY,jellyfish-plonk-swap-sensitivity-final-v1,ef2b7370acbd2d0f7e2071ea52bd1ac2816b684f,818f4732eff71a969b798ddd9efaa33ba8140e02a576c4e4054b03e43b1e4600,private_swap,jellyfish-turboplonk-0.8.0-bn254-kzg,ablate-price,"{""ablation"":""no_price"",""hash_rounds"":5,""membership_paths"":2,""merkle_depth"":8,""range_bits"":32,""time_bits"":16}",msm,2,8,,false,,,,,,,,,,,,,,,not-applicable,,,Jellyfish exposes no stable per-proof hook for this phase,,,,,,,,,,,,,,,measured,final-candidate evidence; validate bundle before paper reporting,measurement,true
C4-PCAS-SENSITIVITY,jellyfish-plonk-swap-sensitivity-final-v1,ef2b7370acbd2d0f7e2071ea52bd1ac2816b684f,818f4732eff71a969b798ddd9efaa33ba8140e02a576c4e4054b03e43b1e4600,private_swap,jellyfish-turboplonk-0.8.0-bn254-kzg,ablate-price,"{""ablation"":""no_price"",""hash_rounds"":5,""membership_paths"":2,""merkle_depth"":8,""range_bits"":32,""time_bits"":16}",native_execution,2,1,,true,10,1.890000,0.184711,1.974213,2.062098,1.555049,2.085260,,,,,,,,not-applicable,,,,,,,,,,,,,,,,,,measured,final-candidate evidence; validate bundle before paper reporting,measurement,true
C4-PCAS-SENSITIVITY,jellyfish-plonk-swap-sensitivity-final-v1,ef2b7370acbd2d0f7e2071ea52bd1ac2816b684f,818f4732eff71a969b798ddd9efaa33ba8140e02a576c4e4054b03e43b1e4600,private_swap,jellyfish-turboplonk-0.8.0-bn254-kzg,ablate-price,"{""ablation"":""no_price"",""hash_rounds"":5,""membership_paths"":2,""merkle_depth"":8,""range_bits"":32,""time_bits"":16}",native_execution,2,2,,true,10,1.881313,0.214078,1.857692,2.210316,1.644439,2.415524,,,,,,,,not-applicable,,,,,,,,,,,,,,,,,,measured,final-candidate evidence; validate bundle before paper reporting,measurement,true
C4-PCAS-SENSITIVITY,jellyfish-plonk-swap-sensitivity-final-v1,ef2b7370acbd2d0f7e2071ea52bd1ac2816b684f,818f4732eff71a969b798ddd9efaa33ba8140e02a576c4e4054b03e43b1e4600,private_swap,jellyfish-turboplonk-0.8.0-bn254-kzg,ablate-price,"{""ablation"":""no_price"",""hash_rounds"":5,""membership_paths"":2,""merkle_depth"":8,""range_bits"":32,""time_bits"":16}",native_execution,2,4,,true,10,1.980381,0.221304,1.958804,2.314837,1.671110,2.494663,,,,,,,,not-applicable,,,,,,,,,,,,,,,,,,measured,final-candidate evidence; validate bundle before paper reporting,measurement,true
C4-PCAS-SENSITIVITY,jellyfish-plonk-swap-sensitivity-final-v1,ef2b7370acbd2d0f7e2071ea52bd1ac2816b684f,818f4732eff71a969b798ddd9efaa33ba8140e02a576c4e4054b03e43b1e4600,private_swap,jellyfish-turboplonk-0.8.0-bn254-kzg,ablate-price,"{""ablation"":""no_price"",""hash_rounds"":5,""membership_paths"":2,""merkle_depth"":8,""range_bits"":32,""time_bits"":16}",native_execution,2,8,,true,10,1.949262,0.230920,1.962271,2.235599,1.518526,2.241000,,,,,,,,not-applicable,,,,,,,,,,,,,,,,,,measured,final-candidate evidence; validate bundle before paper reporting,measurement,true
C4-PCAS-SENSITIVITY,jellyfish-plonk-swap-sensitivity-final-v1,ef2b7370acbd2d0f7e2071ea52bd1ac2816b684f,818f4732eff71a969b798ddd9efaa33ba8140e02a576c4e4054b03e43b1e4600,private_swap,jellyfish-turboplonk-0.8.0-bn254-kzg,ablate-price,"{""ablation"":""no_price"",""hash_rounds"":5,""membership_paths"":2,""merkle_depth"":8,""range_bits"":32,""time_bits"":16}",prove_total,2,1,,true,10,433.627859,6.802244,434.108937,441.385978,418.112652,442.001426,,,,,,,,not-applicable,,,,,,,,4.607139,219.889615,,,,,,,,,measured,final-candidate evidence; validate bundle before paper reporting,measurement,true
C4-PCAS-SENSITIVITY,jellyfish-plonk-swap-sensitivity-final-v1,ef2b7370acbd2d0f7e2071ea52bd1ac2816b684f,818f4732eff71a969b798ddd9efaa33ba8140e02a576c4e4054b03e43b1e4600,private_swap,jellyfish-turboplonk-0.8.0-bn254-kzg,ablate-price,"{""ablation"":""no_price"",""hash_rounds"":5,""membership_paths"":2,""merkle_depth"":8,""range_bits"":32,""time_bits"":16}",prove_total,2,2,,true,10,243.836132,8.759423,241.953652,258.325725,234.140574,259.317602,,,,,,,,not-applicable,,,,1.794182,1.727361,1.842011,0.897091,8.266046,130.244259,,,,,,,,,measured,final-candidate evidence; validate bundle before paper reporting,measurement,true
C4-PCAS-SENSITIVITY,jellyfish-plonk-swap-sensitivity-final-v1,ef2b7370acbd2d0f7e2071ea52bd1ac2816b684f,818f4732eff71a969b798ddd9efaa33ba8140e02a576c4e4054b03e43b1e4600,private_swap,jellyfish-turboplonk-0.8.0-bn254-kzg,ablate-price,"{""ablation"":""no_price"",""hash_rounds"":5,""membership_paths"":2,""merkle_depth"":8,""range_bits"":32,""time_bits"":16}",prove_total,2,4,,true,10,152.760791,4.990019,150.757220,160.837164,148.226204,164.135797,,,,,,,,not-applicable,,,,2.879523,2.777059,2.927743,0.719881,13.266363,76.963893,,,,,,,,,measured,final-candidate evidence; validate bundle before paper reporting,measurement,true
C4-PCAS-SENSITIVITY,jellyfish-plonk-swap-sensitivity-final-v1,ef2b7370acbd2d0f7e2071ea52bd1ac2816b684f,818f4732eff71a969b798ddd9efaa33ba8140e02a576c4e4054b03e43b1e4600,private_swap,jellyfish-turboplonk-0.8.0-bn254-kzg,ablate-price,"{""ablation"":""no_price"",""hash_rounds"":5,""membership_paths"":2,""merkle_depth"":8,""range_bits"":32,""time_bits"":16}",prove_total,2,8,,true,10,144.301447,4.785459,144.091796,150.639219,137.858886,151.682391,,,,,,,,not-applicable,,,,3.012725,2.919770,3.122773,0.376591,13.880041,73.431121,,,,,,,,,measured,final-candidate evidence; validate bundle before paper reporting,measurement,true
C4-PCAS-SENSITIVITY,jellyfish-plonk-swap-sensitivity-final-v1,ef2b7370acbd2d0f7e2071ea52bd1ac2816b684f,818f4732eff71a969b798ddd9efaa33ba8140e02a576c4e4054b03e43b1e4600,private_swap,jellyfish-turboplonk-0.8.0-bn254-kzg,ablate-price,"{""ablation"":""no_price"",""hash_rounds"":5,""membership_paths"":2,""merkle_depth"":8,""range_bits"":32,""time_bits"":16}",serialize,2,1,,true,10,0.006905,0.001267,0.007253,0.008457,0.005310,0.008826,,,,,,,,not-applicable,,,,,,,,,,,,,,,,,,measured,final-candidate evidence; validate bundle before paper reporting,measurement,true
C4-PCAS-SENSITIVITY,jellyfish-plonk-swap-sensitivity-final-v1,ef2b7370acbd2d0f7e2071ea52bd1ac2816b684f,818f4732eff71a969b798ddd9efaa33ba8140e02a576c4e4054b03e43b1e4600,private_swap,jellyfish-turboplonk-0.8.0-bn254-kzg,ablate-price,"{""ablation"":""no_price"",""hash_rounds"":5,""membership_paths"":2,""merkle_depth"":8,""range_bits"":32,""time_bits"":16}",serialize,2,2,,true,10,0.006940,0.001719,0.006697,0.009618,0.004719,0.010790,,,,,,,,not-applicable,,,,,,,,,,,,,,,,,,measured,final-candidate evidence; validate bundle before paper reporting,measurement,true
C4-PCAS-SENSITIVITY,jellyfish-plonk-swap-sensitivity-final-v1,ef2b7370acbd2d0f7e2071ea52bd1ac2816b684f,818f4732eff71a969b798ddd9efaa33ba8140e02a576c4e4054b03e43b1e4600,private_swap,jellyfish-turboplonk-0.8.0-bn254-kzg,ablate-price,"{""ablation"":""no_price"",""hash_rounds"":5,""membership_paths"":2,""merkle_depth"":8,""range_bits"":32,""time_bits"":16}",serialize,2,4,,true,10,0.005221,0.001082,0.005094,0.006932,0.003917,0.007604,,,,,,,,not-applicable,,,,,,,,,,,,,,,,,,measured,final-candidate evidence; validate bundle before paper reporting,measurement,true
C4-PCAS-SENSITIVITY,jellyfish-plonk-swap-sensitivity-final-v1,ef2b7370acbd2d0f7e2071ea52bd1ac2816b684f,818f4732eff71a969b798ddd9efaa33ba8140e02a576c4e4054b03e43b1e4600,private_swap,jellyfish-turboplonk-0.8.0-bn254-kzg,ablate-price,"{""ablation"":""no_price"",""hash_rounds"":5,""membership_paths"":2,""merkle_depth"":8,""range_bits"":32,""time_bits"":16}",serialize,2,8,,true,10,0.006340,0.001717,0.006688,0.008307,0.004058,0.008546,,,,,,,,not-applicable,,,,,,,,,,,,,,,,,,measured,final-candidate evidence; validate bundle before paper reporting,measurement,true
C4-PCAS-SENSITIVITY,jellyfish-plonk-swap-sensitivity-final-v1,ef2b7370acbd2d0f7e2071ea52bd1ac2816b684f,818f4732eff71a969b798ddd9efaa33ba8140e02a576c4e4054b03e43b1e4600,private_swap,jellyfish-turboplonk-0.8.0-bn254-kzg,ablate-price,"{""ablation"":""no_price"",""hash_rounds"":5,""membership_paths"":2,""merkle_depth"":8,""range_bits"":32,""time_bits"":16}",setup_or_preprocess,2,1,,true,10,276.455781,6.048059,275.983083,286.016266,268.751455,289.478063,,,,,,,,not-applicable,,,,,,,,,,,,,,,,,,measured,final-candidate evidence; validate bundle before paper reporting,measurement,true
C4-PCAS-SENSITIVITY,jellyfish-plonk-swap-sensitivity-final-v1,ef2b7370acbd2d0f7e2071ea52bd1ac2816b684f,818f4732eff71a969b798ddd9efaa33ba8140e02a576c4e4054b03e43b1e4600,private_swap,jellyfish-turboplonk-0.8.0-bn254-kzg,ablate-price,"{""ablation"":""no_price"",""hash_rounds"":5,""membership_paths"":2,""merkle_depth"":8,""range_bits"":32,""time_bits"":16}",setup_or_preprocess,2,2,,true,10,148.850823,5.891503,146.683651,159.082215,144.603112,163.128103,,,,,,,,not-applicable,,,,,,,,,,,,,,,,,,measured,final-candidate evidence; validate bundle before paper reporting,measurement,true
C4-PCAS-SENSITIVITY,jellyfish-plonk-swap-sensitivity-final-v1,ef2b7370acbd2d0f7e2071ea52bd1ac2816b684f,818f4732eff71a969b798ddd9efaa33ba8140e02a576c4e4054b03e43b1e4600,private_swap,jellyfish-turboplonk-0.8.0-bn254-kzg,ablate-price,"{""ablation"":""no_price"",""hash_rounds"":5,""membership_paths"":2,""merkle_depth"":8,""range_bits"":32,""time_bits"":16}",setup_or_preprocess,2,4,,true,10,83.132124,4.507597,85.243161,87.375362,77.214738,87.471364,,,,,,,,not-applicable,,,,,,,,,,,,,,,,,,measured,final-candidate evidence; validate bundle before paper reporting,measurement,true
C4-PCAS-SENSITIVITY,jellyfish-plonk-swap-sensitivity-final-v1,ef2b7370acbd2d0f7e2071ea52bd1ac2816b684f,818f4732eff71a969b798ddd9efaa33ba8140e02a576c4e4054b03e43b1e4600,private_swap,jellyfish-turboplonk-0.8.0-bn254-kzg,ablate-price,"{""ablation"":""no_price"",""hash_rounds"":5,""membership_paths"":2,""merkle_depth"":8,""range_bits"":32,""time_bits"":16}",setup_or_preprocess,2,8,,true,10,57.328118,2.669417,57.314532,60.798603,53.396374,60.956086,,,,,,,,not-applicable,,,,,,,,,,,,,,,,,,measured,final-candidate evidence; validate bundle before paper reporting,measurement,true
C4-PCAS-SENSITIVITY,jellyfish-plonk-swap-sensitivity-final-v1,ef2b7370acbd2d0f7e2071ea52bd1ac2816b684f,818f4732eff71a969b798ddd9efaa33ba8140e02a576c4e4054b03e43b1e4600,private_swap,jellyfish-turboplonk-0.8.0-bn254-kzg,ablate-price,"{""ablation"":""no_price"",""hash_rounds"":5,""membership_paths"":2,""merkle_depth"":8,""range_bits"":32,""time_bits"":16}",verify_core,2,1,,true,10,3.353333,0.175273,3.285489,3.643868,3.170554,3.702679,,,,,,,,not-applicable,,,,,,,,,,,,,,,,,,measured,final-candidate evidence; validate bundle before paper reporting,measurement,true
C4-PCAS-SENSITIVITY,jellyfish-plonk-swap-sensitivity-final-v1,ef2b7370acbd2d0f7e2071ea52bd1ac2816b684f,818f4732eff71a969b798ddd9efaa33ba8140e02a576c4e4054b03e43b1e4600,private_swap,jellyfish-turboplonk-0.8.0-bn254-kzg,ablate-price,"{""ablation"":""no_price"",""hash_rounds"":5,""membership_paths"":2,""merkle_depth"":8,""range_bits"":32,""time_bits"":16}",verify_core,2,2,,true,10,3.139237,0.206630,3.151599,3.425466,2.853155,3.440502,,,,,,,,not-applicable,,,,,,,,,,,,,,,,,,measured,final-candidate evidence; validate bundle before paper reporting,measurement,true
C4-PCAS-SENSITIVITY,jellyfish-plonk-swap-sensitivity-final-v1,ef2b7370acbd2d0f7e2071ea52bd1ac2816b684f,818f4732eff71a969b798ddd9efaa33ba8140e02a576c4e4054b03e43b1e4600,private_swap,jellyfish-turboplonk-0.8.0-bn254-kzg,ablate-price,"{""ablation"":""no_price"",""hash_rounds"":5,""membership_paths"":2,""merkle_depth"":8,""range_bits"":32,""time_bits"":16}",verify_core,2,4,,true,10,3.479809,0.292722,3.432485,3.951382,3.071085,4.107273,,,,,,,,not-applicable,,,,,,,,,,,,,,,,,,measured,final-candidate evidence; validate bundle before paper reporting,measurement,true
C4-PCAS-SENSITIVITY,jellyfish-plonk-swap-sensitivity-final-v1,ef2b7370acbd2d0f7e2071ea52bd1ac2816b684f,818f4732eff71a969b798ddd9efaa33ba8140e02a576c4e4054b03e43b1e4600,private_swap,jellyfish-turboplonk-0.8.0-bn254-kzg,ablate-price,"{""ablation"":""no_price"",""hash_rounds"":5,""membership_paths"":2,""merkle_depth"":8,""range_bits"":32,""time_bits"":16}",verify_core,2,8,,true,10,4.774315,0.479257,4.574765,5.598082,4.285264,5.836170,,,,,,,,not-applicable,,,,,,,,,,,,,,,,,,measured,final-candidate evidence; validate bundle before paper reporting,measurement,true
C4-PCAS-SENSITIVITY,jellyfish-plonk-swap-sensitivity-final-v1,ef2b7370acbd2d0f7e2071ea52bd1ac2816b684f,818f4732eff71a969b798ddd9efaa33ba8140e02a576c4e4054b03e43b1e4600,private_swap,jellyfish-turboplonk-0.8.0-bn254-kzg,ablate-price,"{""ablation"":""no_price"",""hash_rounds"":5,""membership_paths"":2,""merkle_depth"":8,""range_bits"":32,""time_bits"":16}",verify_total,2,1,,true,10,3.657234,0.156266,3.606225,3.916463,3.471730,3.976478,,,,,,,,not-applicable,,,,,,,,,,,,,,,,,,measured,final-candidate evidence; validate bundle before paper reporting,measurement,true
C4-PCAS-SENSITIVITY,jellyfish-plonk-swap-sensitivity-final-v1,ef2b7370acbd2d0f7e2071ea52bd1ac2816b684f,818f4732eff71a969b798ddd9efaa33ba8140e02a576c4e4054b03e43b1e4600,private_swap,jellyfish-turboplonk-0.8.0-bn254-kzg,ablate-price,"{""ablation"":""no_price"",""hash_rounds"":5,""membership_paths"":2,""merkle_depth"":8,""range_bits"":32,""time_bits"":16}",verify_total,2,2,,true,10,3.510335,0.241046,3.512536,3.836781,3.163878,3.845275,,,,,,,,not-applicable,,,,,,,,,,,,,,,,,,measured,final-candidate evidence; validate bundle before paper reporting,measurement,true
C4-PCAS-SENSITIVITY,jellyfish-plonk-swap-sensitivity-final-v1,ef2b7370acbd2d0f7e2071ea52bd1ac2816b684f,818f4732eff71a969b798ddd9efaa33ba8140e02a576c4e4054b03e43b1e4600,private_swap,jellyfish-turboplonk-0.8.0-bn254-kzg,ablate-price,"{""ablation"":""no_price"",""hash_rounds"":5,""membership_paths"":2,""merkle_depth"":8,""range_bits"":32,""time_bits"":16}",verify_total,2,4,,true,10,4.394782,0.310676,4.352945,4.877474,4.039136,5.101523,,,,,,,,not-applicable,,,,,,,,,,,,,,,,,,measured,final-candidate evidence; validate bundle before paper reporting,measurement,true
C4-PCAS-SENSITIVITY,jellyfish-plonk-swap-sensitivity-final-v1,ef2b7370acbd2d0f7e2071ea52bd1ac2816b684f,818f4732eff71a969b798ddd9efaa33ba8140e02a576c4e4054b03e43b1e4600,private_swap,jellyfish-turboplonk-0.8.0-bn254-kzg,ablate-price,"{""ablation"":""no_price"",""hash_rounds"":5,""membership_paths"":2,""merkle_depth"":8,""range_bits"":32,""time_bits"":16}",verify_total,2,8,,true,10,6.413441,0.458938,6.284173,7.154275,5.710807,7.206230,,,,,,,,not-applicable,,,,,,,,,,,,,,,,,,measured,final-candidate evidence; validate bundle before paper reporting,measurement,true
C4-PCAS-SENSITIVITY,jellyfish-plonk-swap-sensitivity-final-v1,ef2b7370acbd2d0f7e2071ea52bd1ac2816b684f,818f4732eff71a969b798ddd9efaa33ba8140e02a576c4e4054b03e43b1e4600,private_swap,jellyfish-turboplonk-0.8.0-bn254-kzg,ablate-price,"{""ablation"":""no_price"",""hash_rounds"":5,""membership_paths"":2,""merkle_depth"":8,""range_bits"":32,""time_bits"":16}",witness,2,1,,true,10,3.445494,0.226349,3.399274,3.758742,3.102343,3.842945,,,,,,,,not-applicable,,,,,,,,,,,,,,,,,,measured,final-candidate evidence; validate bundle before paper reporting,measurement,true
C4-PCAS-SENSITIVITY,jellyfish-plonk-swap-sensitivity-final-v1,ef2b7370acbd2d0f7e2071ea52bd1ac2816b684f,818f4732eff71a969b798ddd9efaa33ba8140e02a576c4e4054b03e43b1e4600,private_swap,jellyfish-turboplonk-0.8.0-bn254-kzg,ablate-price,"{""ablation"":""no_price"",""hash_rounds"":5,""membership_paths"":2,""merkle_depth"":8,""range_bits"":32,""time_bits"":16}",witness,2,2,,true,10,3.519707,0.290689,3.500552,3.950325,3.096652,4.023938,,,,,,,,not-applicable,,,,,,,,,,,,,,,,,,measured,final-candidate evidence; validate bundle before paper reporting,measurement,true
C4-PCAS-SENSITIVITY,jellyfish-plonk-swap-sensitivity-final-v1,ef2b7370acbd2d0f7e2071ea52bd1ac2816b684f,818f4732eff71a969b798ddd9efaa33ba8140e02a576c4e4054b03e43b1e4600,private_swap,jellyfish-turboplonk-0.8.0-bn254-kzg,ablate-price,"{""ablation"":""no_price"",""hash_rounds"":5,""membership_paths"":2,""merkle_depth"":8,""range_bits"":32,""time_bits"":16}",witness,2,4,,true,10,3.488605,0.210774,3.569004,3.746229,3.131598,3.830748,,,,,,,,not-applicable,,,,,,,,,,,,,,,,,,measured,final-candidate evidence; validate bundle before paper reporting,measurement,true
C4-PCAS-SENSITIVITY,jellyfish-plonk-swap-sensitivity-final-v1,ef2b7370acbd2d0f7e2071ea52bd1ac2816b684f,818f4732eff71a969b798ddd9efaa33ba8140e02a576c4e4054b03e43b1e4600,private_swap,jellyfish-turboplonk-0.8.0-bn254-kzg,ablate-price,"{""ablation"":""no_price"",""hash_rounds"":5,""membership_paths"":2,""merkle_depth"":8,""range_bits"":32,""time_bits"":16}",witness,2,8,,true,10,3.440810,0.171197,3.421111,3.691323,3.178475,3.767641,,,,,,,,not-applicable,,,,,,,,,,,,,,,,,,measured,final-candidate evidence; validate bundle before paper reporting,measurement,true
C4-PCAS-SENSITIVITY,jellyfish-plonk-swap-sensitivity-final-v1,ef2b7370acbd2d0f7e2071ea52bd1ac2816b684f,818f4732eff71a969b798ddd9efaa33ba8140e02a576c4e4054b03e43b1e4600,private_swap,jellyfish-turboplonk-0.8.0-bn254-kzg,ablate-range,"{""ablation"":""no_range"",""hash_rounds"":5,""membership_paths"":2,""merkle_depth"":8,""range_bits"":32,""time_bits"":16}",adapter_process_wall,2,1,,true,10,769.416497,17.257720,771.894088,791.571084,737.115855,797.027948,710.000000,20.921875,9918.000000,769,2048,plonk_domain_rows,7,all-expected,,,"Linux procfs read failed: [Errno 13] Permission denied: '/proc/1538/io'; private commit and per-process swap I/O are unavailable; VmSwap reports allocation, not swap traffic; No documented hardware or OS energy counter is configured in WSL2; Linux procfs read failed: [Errno 13] Permission denied: '/proc/1853/io'; private commit and per-process swap I/O are unavailable; VmSwap reports allocation, not swap traffic; No documented hardware or OS energy counter is configured in WSL2; private commit and per-process swap I/O are unavailable; VmSwap reports allocation, not swap traffic; No documented hardware or OS energy counter is configured in WSL2",,,,,,,0.919815,10.460938,,,,,,,measured,final-candidate evidence; validate bundle before paper reporting,measurement,true
C4-PCAS-SENSITIVITY,jellyfish-plonk-swap-sensitivity-final-v1,ef2b7370acbd2d0f7e2071ea52bd1ac2816b684f,818f4732eff71a969b798ddd9efaa33ba8140e02a576c4e4054b03e43b1e4600,private_swap,jellyfish-turboplonk-0.8.0-bn254-kzg,ablate-range,"{""ablation"":""no_range"",""hash_rounds"":5,""membership_paths"":2,""merkle_depth"":8,""range_bits"":32,""time_bits"":16}",adapter_process_wall,2,2,,true,10,451.159083,17.127396,442.446822,477.571451,433.009302,485.075230,745.000000,21.097656,9683.500000,769,2048,plonk_domain_rows,7,all-expected,,,"Linux procfs read failed: [Errno 13] Permission denied: '/proc/1219/io'; private commit and per-process swap I/O are unavailable; VmSwap reports allocation, not swap traffic; No documented hardware or OS energy counter is configured in WSL2; Linux procfs read failed: [Errno 13] Permission denied: '/proc/1283/io'; private commit and per-process swap I/O are unavailable; VmSwap reports allocation, not swap traffic; No documented hardware or OS energy counter is configured in WSL2; Linux procfs read failed: [Errno 13] Permission denied: '/proc/1418/io'; private commit and per-process swap I/O are unavailable; VmSwap reports allocation, not swap traffic; No documented hardware or OS energy counter is configured in WSL2; Linux procfs read failed: [Errno 13] Permission denied: '/proc/2024/io'; private commit and per-process swap I/O are unavailable; VmSwap reports allocation, not swap traffic; No documented hardware or OS energy counter is configured in WSL2; Linux procfs read failed: [Errno 13] Permission denied: '/proc/943/io'; private commit and per-process swap I/O are unavailable; VmSwap reports allocation, not swap traffic; No documented hardware or OS energy counter is configured in WSL2; private commit and per-process swap I/O are unavailable; VmSwap reports allocation, not swap traffic; No documented hardware or OS energy counter is configured in WSL2",,,,,,,1.683818,10.548828,,,,,,,measured,final-candidate evidence; validate bundle before paper reporting,measurement,true
C4-PCAS-SENSITIVITY,jellyfish-plonk-swap-sensitivity-final-v1,ef2b7370acbd2d0f7e2071ea52bd1ac2816b684f,818f4732eff71a969b798ddd9efaa33ba8140e02a576c4e4054b03e43b1e4600,private_swap,jellyfish-turboplonk-0.8.0-bn254-kzg,ablate-range,"{""ablation"":""no_range"",""hash_rounds"":5,""membership_paths"":2,""merkle_depth"":8,""range_bits"":32,""time_bits"":16}",adapter_process_wall,2,4,,true,10,294.867377,9.713528,291.506371,310.391407,285.661341,319.498558,810.000000,22.097656,9195.500000,769,2048,plonk_domain_rows,7,all-expected,,,"Linux procfs read failed: [Errno 13] Permission denied: '/proc/1309/io'; private commit and per-process swap I/O are unavailable; VmSwap reports allocation, not swap traffic; No documented hardware or OS energy counter is configured in WSL2; Linux procfs read failed: [Errno 13] Permission denied: '/proc/1566/io'; private commit and per-process swap I/O are unavailable; VmSwap reports allocation, not swap traffic; No documented hardware or OS energy counter is configured in WSL2; Linux procfs read failed: [Errno 13] Permission denied: '/proc/1691/io'; private commit and per-process swap I/O are unavailable; VmSwap reports allocation, not swap traffic; No documented hardware or OS energy counter is configured in WSL2; Linux procfs read failed: [Errno 13] Permission denied: '/proc/1954/io'; private commit and per-process swap I/O are unavailable; VmSwap reports allocation, not swap traffic; No documented hardware or OS energy counter is configured in WSL2; Linux procfs read failed: [Errno 13] Permission denied: '/proc/2256/io'; private commit and per-process swap I/O are unavailable; VmSwap reports allocation, not swap traffic; No documented hardware or OS energy counter is configured in WSL2; Linux procfs read failed: [Errno 13] Permission denied: '/proc/2368/io'; private commit and per-process swap I/O are unavailable; VmSwap reports allocation, not swap traffic; No documented hardware or OS energy counter is configured in WSL2; private commit and per-process swap I/O are unavailable; VmSwap reports allocation, not swap traffic; No documented hardware or OS energy counter is configured in WSL2",,,,,,,2.778670,11.048828,,,,,,,measured,final-candidate evidence; validate bundle before paper reporting,measurement,true
C4-PCAS-SENSITIVITY,jellyfish-plonk-swap-sensitivity-final-v1,ef2b7370acbd2d0f7e2071ea52bd1ac2816b684f,818f4732eff71a969b798ddd9efaa33ba8140e02a576c4e4054b03e43b1e4600,private_swap,jellyfish-turboplonk-0.8.0-bn254-kzg,ablate-range,"{""ablation"":""no_range"",""hash_rounds"":5,""membership_paths"":2,""merkle_depth"":8,""range_bits"":32,""time_bits"":16}",adapter_process_wall,2,8,,true,10,263.900119,16.466482,261.804287,289.366981,248.849177,307.652434,1080.000000,27.298828,7712.000000,769,2048,plonk_domain_rows,7,all-expected,,,"Linux procfs read failed: [Errno 13] Permission denied: '/proc/1028/io'; private commit and per-process swap I/O are unavailable; VmSwap reports allocation, not swap traffic; No documented hardware or OS energy counter is configured in WSL2; Linux procfs read failed: [Errno 13] Permission denied: '/proc/1091/io'; private commit and per-process swap I/O are unavailable; VmSwap reports allocation, not swap traffic; No documented hardware or OS energy counter is configured in WSL2; Linux procfs read failed: [Errno 13] Permission denied: '/proc/1544/io'; private commit and per-process swap I/O are unavailable; VmSwap reports allocation, not swap traffic; No documented hardware or OS energy counter is configured in WSL2; Linux procfs read failed: [Errno 13] Permission denied: '/proc/1607/io'; private commit and per-process swap I/O are unavailable; VmSwap reports allocation, not swap traffic; No documented hardware or OS energy counter is configured in WSL2; Linux procfs read failed: [Errno 13] Permission denied: '/proc/1710/io'; private commit and per-process swap I/O are unavailable; VmSwap reports allocation, not swap traffic; No documented hardware or OS energy counter is configured in WSL2; Linux procfs read failed: [Errno 2] No such file or directory: '/proc/2028/io'; private commit and per-process swap I/O are unavailable; VmSwap reports allocation, not swap traffic; No documented hardware or OS energy counter is configured in WSL2; private commit and per-process swap I/O are unavailable; VmSwap reports allocation, not swap traffic; No documented hardware or OS energy counter is configured in WSL2",,,,,,,4.125219,13.649414,,,,,,,measured,final-candidate evidence; validate bundle before paper reporting,measurement,true
C4-PCAS-SENSITIVITY,jellyfish-plonk-swap-sensitivity-final-v1,ef2b7370acbd2d0f7e2071ea52bd1ac2816b684f,818f4732eff71a969b798ddd9efaa33ba8140e02a576c4e4054b03e43b1e4600,private_swap,jellyfish-turboplonk-0.8.0-bn254-kzg,ablate-range,"{""ablation"":""no_range"",""hash_rounds"":5,""membership_paths"":2,""merkle_depth"":8,""range_bits"":32,""time_bits"":16}",commitment,2,1,,false,,,,,,,,,,,,,,,not-applicable,,,Jellyfish exposes no stable per-proof hook for this phase,,,,,,,,,,,,,,,measured,final-candidate evidence; validate bundle before paper reporting,measurement,true
C4-PCAS-SENSITIVITY,jellyfish-plonk-swap-sensitivity-final-v1,ef2b7370acbd2d0f7e2071ea52bd1ac2816b684f,818f4732eff71a969b798ddd9efaa33ba8140e02a576c4e4054b03e43b1e4600,private_swap,jellyfish-turboplonk-0.8.0-bn254-kzg,ablate-range,"{""ablation"":""no_range"",""hash_rounds"":5,""membership_paths"":2,""merkle_depth"":8,""range_bits"":32,""time_bits"":16}",commitment,2,2,,false,,,,,,,,,,,,,,,not-applicable,,,Jellyfish exposes no stable per-proof hook for this phase,,,,,,,,,,,,,,,measured,final-candidate evidence; validate bundle before paper reporting,measurement,true
C4-PCAS-SENSITIVITY,jellyfish-plonk-swap-sensitivity-final-v1,ef2b7370acbd2d0f7e2071ea52bd1ac2816b684f,818f4732eff71a969b798ddd9efaa33ba8140e02a576c4e4054b03e43b1e4600,private_swap,jellyfish-turboplonk-0.8.0-bn254-kzg,ablate-range,"{""ablation"":""no_range"",""hash_rounds"":5,""membership_paths"":2,""merkle_depth"":8,""range_bits"":32,""time_bits"":16}",commitment,2,4,,false,,,,,,,,,,,,,,,not-applicable,,,Jellyfish exposes no stable per-proof hook for this phase,,,,,,,,,,,,,,,measured,final-candidate evidence; validate bundle before paper reporting,measurement,true
C4-PCAS-SENSITIVITY,jellyfish-plonk-swap-sensitivity-final-v1,ef2b7370acbd2d0f7e2071ea52bd1ac2816b684f,818f4732eff71a969b798ddd9efaa33ba8140e02a576c4e4054b03e43b1e4600,private_swap,jellyfish-turboplonk-0.8.0-bn254-kzg,ablate-range,"{""ablation"":""no_range"",""hash_rounds"":5,""membership_paths"":2,""merkle_depth"":8,""range_bits"":32,""time_bits"":16}",commitment,2,8,,false,,,,,,,,,,,,,,,not-applicable,,,Jellyfish exposes no stable per-proof hook for this phase,,,,,,,,,,,,,,,measured,final-candidate evidence; validate bundle before paper reporting,measurement,true
C4-PCAS-SENSITIVITY,jellyfish-plonk-swap-sensitivity-final-v1,ef2b7370acbd2d0f7e2071ea52bd1ac2816b684f,818f4732eff71a969b798ddd9efaa33ba8140e02a576c4e4054b03e43b1e4600,private_swap,jellyfish-turboplonk-0.8.0-bn254-kzg,ablate-range,"{""ablation"":""no_range"",""hash_rounds"":5,""membership_paths"":2,""merkle_depth"":8,""range_bits"":32,""time_bits"":16}",deserialize,2,1,,true,10,0.304045,0.035865,0.302387,0.354501,0.257699,0.363085,,,,,,,,not-applicable,,,,,,,,,,,,,,,,,,measured,final-candidate evidence; validate bundle before paper reporting,measurement,true
C4-PCAS-SENSITIVITY,jellyfish-plonk-swap-sensitivity-final-v1,ef2b7370acbd2d0f7e2071ea52bd1ac2816b684f,818f4732eff71a969b798ddd9efaa33ba8140e02a576c4e4054b03e43b1e4600,private_swap,jellyfish-turboplonk-0.8.0-bn254-kzg,ablate-range,"{""ablation"":""no_range"",""hash_rounds"":5,""membership_paths"":2,""merkle_depth"":8,""range_bits"":32,""time_bits"":16}",deserialize,2,2,,true,10,0.384130,0.046912,0.383498,0.454077,0.306320,0.457251,,,,,,,,not-applicable,,,,,,,,,,,,,,,,,,measured,final-candidate evidence; validate bundle before paper reporting,measurement,true
C4-PCAS-SENSITIVITY,jellyfish-plonk-swap-sensitivity-final-v1,ef2b7370acbd2d0f7e2071ea52bd1ac2816b684f,818f4732eff71a969b798ddd9efaa33ba8140e02a576c4e4054b03e43b1e4600,private_swap,jellyfish-turboplonk-0.8.0-bn254-kzg,ablate-range,"{""ablation"":""no_range"",""hash_rounds"":5,""membership_paths"":2,""merkle_depth"":8,""range_bits"":32,""time_bits"":16}",deserialize,2,4,,true,10,0.942396,0.081973,0.970851,1.039542,0.806620,1.046262,,,,,,,,not-applicable,,,,,,,,,,,,,,,,,,measured,final-candidate evidence; validate bundle before paper reporting,measurement,true
C4-PCAS-SENSITIVITY,jellyfish-plonk-swap-sensitivity-final-v1,ef2b7370acbd2d0f7e2071ea52bd1ac2816b684f,818f4732eff71a969b798ddd9efaa33ba8140e02a576c4e4054b03e43b1e4600,private_swap,jellyfish-turboplonk-0.8.0-bn254-kzg,ablate-range,"{""ablation"":""no_range"",""hash_rounds"":5,""membership_paths"":2,""merkle_depth"":8,""range_bits"":32,""time_bits"":16}",deserialize,2,8,,true,10,1.646879,0.163171,1.693642,1.843383,1.305008,1.866394,,,,,,,,not-applicable,,,,,,,,,,,,,,,,,,measured,final-candidate evidence; validate bundle before paper reporting,measurement,true
C4-PCAS-SENSITIVITY,jellyfish-plonk-swap-sensitivity-final-v1,ef2b7370acbd2d0f7e2071ea52bd1ac2816b684f,818f4732eff71a969b798ddd9efaa33ba8140e02a576c4e4054b03e43b1e4600,private_swap,jellyfish-turboplonk-0.8.0-bn254-kzg,ablate-range,"{""ablation"":""no_range"",""hash_rounds"":5,""membership_paths"":2,""merkle_depth"":8,""range_bits"":32,""time_bits"":16}",fft_ntt,2,1,,false,,,,,,,,,,,,,,,not-applicable,,,Jellyfish exposes no stable per-proof hook for this phase,,,,,,,,,,,,,,,measured,final-candidate evidence; validate bundle before paper reporting,measurement,true
C4-PCAS-SENSITIVITY,jellyfish-plonk-swap-sensitivity-final-v1,ef2b7370acbd2d0f7e2071ea52bd1ac2816b684f,818f4732eff71a969b798ddd9efaa33ba8140e02a576c4e4054b03e43b1e4600,private_swap,jellyfish-turboplonk-0.8.0-bn254-kzg,ablate-range,"{""ablation"":""no_range"",""hash_rounds"":5,""membership_paths"":2,""merkle_depth"":8,""range_bits"":32,""time_bits"":16}",fft_ntt,2,2,,false,,,,,,,,,,,,,,,not-applicable,,,Jellyfish exposes no stable per-proof hook for this phase,,,,,,,,,,,,,,,measured,final-candidate evidence; validate bundle before paper reporting,measurement,true
C4-PCAS-SENSITIVITY,jellyfish-plonk-swap-sensitivity-final-v1,ef2b7370acbd2d0f7e2071ea52bd1ac2816b684f,818f4732eff71a969b798ddd9efaa33ba8140e02a576c4e4054b03e43b1e4600,private_swap,jellyfish-turboplonk-0.8.0-bn254-kzg,ablate-range,"{""ablation"":""no_range"",""hash_rounds"":5,""membership_paths"":2,""merkle_depth"":8,""range_bits"":32,""time_bits"":16}",fft_ntt,2,4,,false,,,,,,,,,,,,,,,not-applicable,,,Jellyfish exposes no stable per-proof hook for this phase,,,,,,,,,,,,,,,measured,final-candidate evidence; validate bundle before paper reporting,measurement,true
C4-PCAS-SENSITIVITY,jellyfish-plonk-swap-sensitivity-final-v1,ef2b7370acbd2d0f7e2071ea52bd1ac2816b684f,818f4732eff71a969b798ddd9efaa33ba8140e02a576c4e4054b03e43b1e4600,private_swap,jellyfish-turboplonk-0.8.0-bn254-kzg,ablate-range,"{""ablation"":""no_range"",""hash_rounds"":5,""membership_paths"":2,""merkle_depth"":8,""range_bits"":32,""time_bits"":16}",fft_ntt,2,8,,false,,,,,,,,,,,,,,,not-applicable,,,Jellyfish exposes no stable per-proof hook for this phase,,,,,,,,,,,,,,,measured,final-candidate evidence; validate bundle before paper reporting,measurement,true
C4-PCAS-SENSITIVITY,jellyfish-plonk-swap-sensitivity-final-v1,ef2b7370acbd2d0f7e2071ea52bd1ac2816b684f,818f4732eff71a969b798ddd9efaa33ba8140e02a576c4e4054b03e43b1e4600,private_swap,jellyfish-turboplonk-0.8.0-bn254-kzg,ablate-range,"{""ablation"":""no_range"",""hash_rounds"":5,""membership_paths"":2,""merkle_depth"":8,""range_bits"":32,""time_bits"":16}",key_load,2,1,,false,,,,,,,,,,,,,,,not-applicable,,,Jellyfish exposes no stable per-proof hook for this phase,,,,,,,,,,,,,,,measured,final-candidate evidence; validate bundle before paper reporting,measurement,true
C4-PCAS-SENSITIVITY,jellyfish-plonk-swap-sensitivity-final-v1,ef2b7370acbd2d0f7e2071ea52bd1ac2816b684f,818f4732eff71a969b798ddd9efaa33ba8140e02a576c4e4054b03e43b1e4600,private_swap,jellyfish-turboplonk-0.8.0-bn254-kzg,ablate-range,"{""ablation"":""no_range"",""hash_rounds"":5,""membership_paths"":2,""merkle_depth"":8,""range_bits"":32,""time_bits"":16}",key_load,2,2,,false,,,,,,,,,,,,,,,not-applicable,,,Jellyfish exposes no stable per-proof hook for this phase,,,,,,,,,,,,,,,measured,final-candidate evidence; validate bundle before paper reporting,measurement,true
C4-PCAS-SENSITIVITY,jellyfish-plonk-swap-sensitivity-final-v1,ef2b7370acbd2d0f7e2071ea52bd1ac2816b684f,818f4732eff71a969b798ddd9efaa33ba8140e02a576c4e4054b03e43b1e4600,private_swap,jellyfish-turboplonk-0.8.0-bn254-kzg,ablate-range,"{""ablation"":""no_range"",""hash_rounds"":5,""membership_paths"":2,""merkle_depth"":8,""range_bits"":32,""time_bits"":16}",key_load,2,4,,false,,,,,,,,,,,,,,,not-applicable,,,Jellyfish exposes no stable per-proof hook for this phase,,,,,,,,,,,,,,,measured,final-candidate evidence; validate bundle before paper reporting,measurement,true
C4-PCAS-SENSITIVITY,jellyfish-plonk-swap-sensitivity-final-v1,ef2b7370acbd2d0f7e2071ea52bd1ac2816b684f,818f4732eff71a969b798ddd9efaa33ba8140e02a576c4e4054b03e43b1e4600,private_swap,jellyfish-turboplonk-0.8.0-bn254-kzg,ablate-range,"{""ablation"":""no_range"",""hash_rounds"":5,""membership_paths"":2,""merkle_depth"":8,""range_bits"":32,""time_bits"":16}",key_load,2,8,,false,,,,,,,,,,,,,,,not-applicable,,,Jellyfish exposes no stable per-proof hook for this phase,,,,,,,,,,,,,,,measured,final-candidate evidence; validate bundle before paper reporting,measurement,true
C4-PCAS-SENSITIVITY,jellyfish-plonk-swap-sensitivity-final-v1,ef2b7370acbd2d0f7e2071ea52bd1ac2816b684f,818f4732eff71a969b798ddd9efaa33ba8140e02a576c4e4054b03e43b1e4600,private_swap,jellyfish-turboplonk-0.8.0-bn254-kzg,ablate-range,"{""ablation"":""no_range"",""hash_rounds"":5,""membership_paths"":2,""merkle_depth"":8,""range_bits"":32,""time_bits"":16}",msm,2,1,,false,,,,,,,,,,,,,,,not-applicable,,,Jellyfish exposes no stable per-proof hook for this phase,,,,,,,,,,,,,,,measured,final-candidate evidence; validate bundle before paper reporting,measurement,true
C4-PCAS-SENSITIVITY,jellyfish-plonk-swap-sensitivity-final-v1,ef2b7370acbd2d0f7e2071ea52bd1ac2816b684f,818f4732eff71a969b798ddd9efaa33ba8140e02a576c4e4054b03e43b1e4600,private_swap,jellyfish-turboplonk-0.8.0-bn254-kzg,ablate-range,"{""ablation"":""no_range"",""hash_rounds"":5,""membership_paths"":2,""merkle_depth"":8,""range_bits"":32,""time_bits"":16}",msm,2,2,,false,,,,,,,,,,,,,,,not-applicable,,,Jellyfish exposes no stable per-proof hook for this phase,,,,,,,,,,,,,,,measured,final-candidate evidence; validate bundle before paper reporting,measurement,true
C4-PCAS-SENSITIVITY,jellyfish-plonk-swap-sensitivity-final-v1,ef2b7370acbd2d0f7e2071ea52bd1ac2816b684f,818f4732eff71a969b798ddd9efaa33ba8140e02a576c4e4054b03e43b1e4600,private_swap,jellyfish-turboplonk-0.8.0-bn254-kzg,ablate-range,"{""ablation"":""no_range"",""hash_rounds"":5,""membership_paths"":2,""merkle_depth"":8,""range_bits"":32,""time_bits"":16}",msm,2,4,,false,,,,,,,,,,,,,,,not-applicable,,,Jellyfish exposes no stable per-proof hook for this phase,,,,,,,,,,,,,,,measured,final-candidate evidence; validate bundle before paper reporting,measurement,true
C4-PCAS-SENSITIVITY,jellyfish-plonk-swap-sensitivity-final-v1,ef2b7370acbd2d0f7e2071ea52bd1ac2816b684f,818f4732eff71a969b798ddd9efaa33ba8140e02a576c4e4054b03e43b1e4600,private_swap,jellyfish-turboplonk-0.8.0-bn254-kzg,ablate-range,"{""ablation"":""no_range"",""hash_rounds"":5,""membership_paths"":2,""merkle_depth"":8,""range_bits"":32,""time_bits"":16}",msm,2,8,,false,,,,,,,,,,,,,,,not-applicable,,,Jellyfish exposes no stable per-proof hook for this phase,,,,,,,,,,,,,,,measured,final-candidate evidence; validate bundle before paper reporting,measurement,true
C4-PCAS-SENSITIVITY,jellyfish-plonk-swap-sensitivity-final-v1,ef2b7370acbd2d0f7e2071ea52bd1ac2816b684f,818f4732eff71a969b798ddd9efaa33ba8140e02a576c4e4054b03e43b1e4600,private_swap,jellyfish-turboplonk-0.8.0-bn254-kzg,ablate-range,"{""ablation"":""no_range"",""hash_rounds"":5,""membership_paths"":2,""merkle_depth"":8,""range_bits"":32,""time_bits"":16}",native_execution,2,1,,true,10,1.995524,0.140790,2.024452,2.171869,1.771928,2.203441,,,,,,,,not-applicable,,,,,,,,,,,,,,,,,,measured,final-candidate evidence; validate bundle before paper reporting,measurement,true
C4-PCAS-SENSITIVITY,jellyfish-plonk-swap-sensitivity-final-v1,ef2b7370acbd2d0f7e2071ea52bd1ac2816b684f,818f4732eff71a969b798ddd9efaa33ba8140e02a576c4e4054b03e43b1e4600,private_swap,jellyfish-turboplonk-0.8.0-bn254-kzg,ablate-range,"{""ablation"":""no_range"",""hash_rounds"":5,""membership_paths"":2,""merkle_depth"":8,""range_bits"":32,""time_bits"":16}",native_execution,2,2,,true,10,1.904544,0.160934,1.849441,2.165067,1.707327,2.173385,,,,,,,,not-applicable,,,,,,,,,,,,,,,,,,measured,final-candidate evidence; validate bundle before paper reporting,measurement,true
C4-PCAS-SENSITIVITY,jellyfish-plonk-swap-sensitivity-final-v1,ef2b7370acbd2d0f7e2071ea52bd1ac2816b684f,818f4732eff71a969b798ddd9efaa33ba8140e02a576c4e4054b03e43b1e4600,private_swap,jellyfish-turboplonk-0.8.0-bn254-kzg,ablate-range,"{""ablation"":""no_range"",""hash_rounds"":5,""membership_paths"":2,""merkle_depth"":8,""range_bits"":32,""time_bits"":16}",native_execution,2,4,,true,10,1.902213,0.154957,1.942585,2.110402,1.640853,2.132669,,,,,,,,not-applicable,,,,,,,,,,,,,,,,,,measured,final-candidate evidence; validate bundle before paper reporting,measurement,true
C4-PCAS-SENSITIVITY,jellyfish-plonk-swap-sensitivity-final-v1,ef2b7370acbd2d0f7e2071ea52bd1ac2816b684f,818f4732eff71a969b798ddd9efaa33ba8140e02a576c4e4054b03e43b1e4600,private_swap,jellyfish-turboplonk-0.8.0-bn254-kzg,ablate-range,"{""ablation"":""no_range"",""hash_rounds"":5,""membership_paths"":2,""merkle_depth"":8,""range_bits"":32,""time_bits"":16}",native_execution,2,8,,true,10,1.899312,0.144258,1.912513,2.106126,1.640443,2.107231,,,,,,,,not-applicable,,,,,,,,,,,,,,,,,,measured,final-candidate evidence; validate bundle before paper reporting,measurement,true
C4-PCAS-SENSITIVITY,jellyfish-plonk-swap-sensitivity-final-v1,ef2b7370acbd2d0f7e2071ea52bd1ac2816b684f,818f4732eff71a969b798ddd9efaa33ba8140e02a576c4e4054b03e43b1e4600,private_swap,jellyfish-turboplonk-0.8.0-bn254-kzg,ablate-range,"{""ablation"":""no_range"",""hash_rounds"":5,""membership_paths"":2,""merkle_depth"":8,""range_bits"":32,""time_bits"":16}",prove_total,2,1,,true,10,434.183653,10.013442,435.758566,446.017992,414.714147,449.991735,,,,,,,,not-applicable,,,,,,,,4.589697,215.247718,,,,,,,,,measured,final-candidate evidence; validate bundle before paper reporting,measurement,true
C4-PCAS-SENSITIVITY,jellyfish-plonk-swap-sensitivity-final-v1,ef2b7370acbd2d0f7e2071ea52bd1ac2816b684f,818f4732eff71a969b798ddd9efaa33ba8140e02a576c4e4054b03e43b1e4600,private_swap,jellyfish-turboplonk-0.8.0-bn254-kzg,ablate-range,"{""ablation"":""no_range"",""hash_rounds"":5,""membership_paths"":2,""merkle_depth"":8,""range_bits"":32,""time_bits"":16}",prove_total,2,2,,true,10,242.020996,6.737722,238.611007,252.633827,234.135197,254.717177,,,,,,,,not-applicable,,,,1.826230,1.743251,1.844401,0.913115,8.381843,129.017872,,,,,,,,,measured,final-candidate evidence; validate bundle before paper reporting,measurement,true
C4-PCAS-SENSITIVITY,jellyfish-plonk-swap-sensitivity-final-v1,ef2b7370acbd2d0f7e2071ea52bd1ac2816b684f,818f4732eff71a969b798ddd9efaa33ba8140e02a576c4e4054b03e43b1e4600,private_swap,jellyfish-turboplonk-0.8.0-bn254-kzg,ablate-range,"{""ablation"":""no_range"",""hash_rounds"":5,""membership_paths"":2,""merkle_depth"":8,""range_bits"":32,""time_bits"":16}",prove_total,2,4,,true,10,152.499138,2.432882,152.126473,156.414794,149.308669,158.253294,,,,,,,,not-applicable,,,,2.864449,2.816273,2.897334,0.716112,13.146956,78.311380,,,,,,,,,measured,final-candidate evidence; validate bundle before paper reporting,measurement,true
C4-PCAS-SENSITIVITY,jellyfish-plonk-swap-sensitivity-final-v1,ef2b7370acbd2d0f7e2071ea52bd1ac2816b684f,818f4732eff71a969b798ddd9efaa33ba8140e02a576c4e4054b03e43b1e4600,private_swap,jellyfish-turboplonk-0.8.0-bn254-kzg,ablate-range,"{""ablation"":""no_range"",""hash_rounds"":5,""membership_paths"":2,""merkle_depth"":8,""range_bits"":32,""time_bits"":16}",prove_total,2,8,,true,10,143.978664,6.939867,143.415585,155.184830,136.292361,160.046524,,,,,,,,not-applicable,,,,3.038432,2.953683,3.152049,0.379804,13.945486,74.988012,,,,,,,,,measured,final-candidate evidence; validate bundle before paper reporting,measurement,true
C4-PCAS-SENSITIVITY,jellyfish-plonk-swap-sensitivity-final-v1,ef2b7370acbd2d0f7e2071ea52bd1ac2816b684f,818f4732eff71a969b798ddd9efaa33ba8140e02a576c4e4054b03e43b1e4600,private_swap,jellyfish-turboplonk-0.8.0-bn254-kzg,ablate-range,"{""ablation"":""no_range"",""hash_rounds"":5,""membership_paths"":2,""merkle_depth"":8,""range_bits"":32,""time_bits"":16}",serialize,2,1,,true,10,0.006516,0.001714,0.006552,0.008560,0.004679,0.008997,,,,,,,,not-applicable,,,,,,,,,,,,,,,,,,measured,final-candidate evidence; validate bundle before paper reporting,measurement,true
C4-PCAS-SENSITIVITY,jellyfish-plonk-swap-sensitivity-final-v1,ef2b7370acbd2d0f7e2071ea52bd1ac2816b684f,818f4732eff71a969b798ddd9efaa33ba8140e02a576c4e4054b03e43b1e4600,private_swap,jellyfish-turboplonk-0.8.0-bn254-kzg,ablate-range,"{""ablation"":""no_range"",""hash_rounds"":5,""membership_paths"":2,""merkle_depth"":8,""range_bits"":32,""time_bits"":16}",serialize,2,2,,true,10,0.006951,0.002763,0.006282,0.011983,0.004478,0.012353,,,,,,,,not-applicable,,,,,,,,,,,,,,,,,,measured,final-candidate evidence; validate bundle before paper reporting,measurement,true
C4-PCAS-SENSITIVITY,jellyfish-plonk-swap-sensitivity-final-v1,ef2b7370acbd2d0f7e2071ea52bd1ac2816b684f,818f4732eff71a969b798ddd9efaa33ba8140e02a576c4e4054b03e43b1e4600,private_swap,jellyfish-turboplonk-0.8.0-bn254-kzg,ablate-range,"{""ablation"":""no_range"",""hash_rounds"":5,""membership_paths"":2,""merkle_depth"":8,""range_bits"":32,""time_bits"":16}",serialize,2,4,,true,10,0.005957,0.001471,0.005711,0.008252,0.004217,0.009036,,,,,,,,not-applicable,,,,,,,,,,,,,,,,,,measured,final-candidate evidence; validate bundle before paper reporting,measurement,true
C4-PCAS-SENSITIVITY,jellyfish-plonk-swap-sensitivity-final-v1,ef2b7370acbd2d0f7e2071ea52bd1ac2816b684f,818f4732eff71a969b798ddd9efaa33ba8140e02a576c4e4054b03e43b1e4600,private_swap,jellyfish-turboplonk-0.8.0-bn254-kzg,ablate-range,"{""ablation"":""no_range"",""hash_rounds"":5,""membership_paths"":2,""merkle_depth"":8,""range_bits"":32,""time_bits"":16}",serialize,2,8,,true,10,0.006148,0.001533,0.006618,0.007940,0.003716,0.007985,,,,,,,,not-applicable,,,,,,,,,,,,,,,,,,measured,final-candidate evidence; validate bundle before paper reporting,measurement,true
C4-PCAS-SENSITIVITY,jellyfish-plonk-swap-sensitivity-final-v1,ef2b7370acbd2d0f7e2071ea52bd1ac2816b684f,818f4732eff71a969b798ddd9efaa33ba8140e02a576c4e4054b03e43b1e4600,private_swap,jellyfish-turboplonk-0.8.0-bn254-kzg,ablate-range,"{""ablation"":""no_range"",""hash_rounds"":5,""membership_paths"":2,""merkle_depth"":8,""range_bits"":32,""time_bits"":16}",setup_or_preprocess,2,1,,true,10,278.360459,7.975147,278.646360,289.540094,266.493793,295.312821,,,,,,,,not-applicable,,,,,,,,,,,,,,,,,,measured,final-candidate evidence; validate bundle before paper reporting,measurement,true
C4-PCAS-SENSITIVITY,jellyfish-plonk-swap-sensitivity-final-v1,ef2b7370acbd2d0f7e2071ea52bd1ac2816b684f,818f4732eff71a969b798ddd9efaa33ba8140e02a576c4e4054b03e43b1e4600,private_swap,jellyfish-turboplonk-0.8.0-bn254-kzg,ablate-range,"{""ablation"":""no_range"",""hash_rounds"":5,""membership_paths"":2,""merkle_depth"":8,""range_bits"":32,""time_bits"":16}",setup_or_preprocess,2,2,,true,10,150.970160,9.462015,145.961240,165.921910,142.221532,170.358599,,,,,,,,not-applicable,,,,,,,,,,,,,,,,,,measured,final-candidate evidence; validate bundle before paper reporting,measurement,true
C4-PCAS-SENSITIVITY,jellyfish-plonk-swap-sensitivity-final-v1,ef2b7370acbd2d0f7e2071ea52bd1ac2816b684f,818f4732eff71a969b798ddd9efaa33ba8140e02a576c4e4054b03e43b1e4600,private_swap,jellyfish-turboplonk-0.8.0-bn254-kzg,ablate-range,"{""ablation"":""no_range"",""hash_rounds"":5,""membership_paths"":2,""merkle_depth"":8,""range_bits"":32,""time_bits"":16}",setup_or_preprocess,2,4,,true,10,83.652869,5.583322,81.299948,92.441757,77.424348,96.206290,,,,,,,,not-applicable,,,,,,,,,,,,,,,,,,measured,final-candidate evidence; validate bundle before paper reporting,measurement,true
C4-PCAS-SENSITIVITY,jellyfish-plonk-swap-sensitivity-final-v1,ef2b7370acbd2d0f7e2071ea52bd1ac2816b684f,818f4732eff71a969b798ddd9efaa33ba8140e02a576c4e4054b03e43b1e4600,private_swap,jellyfish-turboplonk-0.8.0-bn254-kzg,ablate-range,"{""ablation"":""no_range"",""hash_rounds"":5,""membership_paths"":2,""merkle_depth"":8,""range_bits"":32,""time_bits"":16}",setup_or_preprocess,2,8,,true,10,56.690673,4.791356,55.389764,64.764598,52.197808,68.979102,,,,,,,,not-applicable,,,,,,,,,,,,,,,,,,measured,final-candidate evidence; validate bundle before paper reporting,measurement,true
C4-PCAS-SENSITIVITY,jellyfish-plonk-swap-sensitivity-final-v1,ef2b7370acbd2d0f7e2071ea52bd1ac2816b684f,818f4732eff71a969b798ddd9efaa33ba8140e02a576c4e4054b03e43b1e4600,private_swap,jellyfish-turboplonk-0.8.0-bn254-kzg,ablate-range,"{""ablation"":""no_range"",""hash_rounds"":5,""membership_paths"":2,""merkle_depth"":8,""range_bits"":32,""time_bits"":16}",verify_core,2,1,,true,10,3.388372,0.203609,3.401735,3.609728,2.945821,3.657075,,,,,,,,not-applicable,,,,,,,,,,,,,,,,,,measured,final-candidate evidence; validate bundle before paper reporting,measurement,true
C4-PCAS-SENSITIVITY,jellyfish-plonk-swap-sensitivity-final-v1,ef2b7370acbd2d0f7e2071ea52bd1ac2816b684f,818f4732eff71a969b798ddd9efaa33ba8140e02a576c4e4054b03e43b1e4600,private_swap,jellyfish-turboplonk-0.8.0-bn254-kzg,ablate-range,"{""ablation"":""no_range"",""hash_rounds"":5,""membership_paths"":2,""merkle_depth"":8,""range_bits"":32,""time_bits"":16}",verify_core,2,2,,true,10,3.092198,0.204752,3.047663,3.389010,2.842520,3.414333,,,,,,,,not-applicable,,,,,,,,,,,,,,,,,,measured,final-candidate evidence; validate bundle before paper reporting,measurement,true
C4-PCAS-SENSITIVITY,jellyfish-plonk-swap-sensitivity-final-v1,ef2b7370acbd2d0f7e2071ea52bd1ac2816b684f,818f4732eff71a969b798ddd9efaa33ba8140e02a576c4e4054b03e43b1e4600,private_swap,jellyfish-turboplonk-0.8.0-bn254-kzg,ablate-range,"{""ablation"":""no_range"",""hash_rounds"":5,""membership_paths"":2,""merkle_depth"":8,""range_bits"":32,""time_bits"":16}",verify_core,2,4,,true,10,3.332362,0.268906,3.246176,3.754735,2.986126,3.828434,,,,,,,,not-applicable,,,,,,,,,,,,,,,,,,measured,final-candidate evidence; validate bundle before paper reporting,measurement,true
C4-PCAS-SENSITIVITY,jellyfish-plonk-swap-sensitivity-final-v1,ef2b7370acbd2d0f7e2071ea52bd1ac2816b684f,818f4732eff71a969b798ddd9efaa33ba8140e02a576c4e4054b03e43b1e4600,private_swap,jellyfish-turboplonk-0.8.0-bn254-kzg,ablate-range,"{""ablation"":""no_range"",""hash_rounds"":5,""membership_paths"":2,""merkle_depth"":8,""range_bits"":32,""time_bits"":16}",verify_core,2,8,,true,10,4.558073,0.440442,4.591546,5.074947,3.893114,5.101614,,,,,,,,not-applicable,,,,,,,,,,,,,,,,,,measured,final-candidate evidence; validate bundle before paper reporting,measurement,true
C4-PCAS-SENSITIVITY,jellyfish-plonk-swap-sensitivity-final-v1,ef2b7370acbd2d0f7e2071ea52bd1ac2816b684f,818f4732eff71a969b798ddd9efaa33ba8140e02a576c4e4054b03e43b1e4600,private_swap,jellyfish-turboplonk-0.8.0-bn254-kzg,ablate-range,"{""ablation"":""no_range"",""hash_rounds"":5,""membership_paths"":2,""merkle_depth"":8,""range_bits"":32,""time_bits"":16}",verify_total,2,1,,true,10,3.692664,0.219988,3.683600,3.964576,3.240670,4.020651,,,,,,,,not-applicable,,,,,,,,,,,,,,,,,,measured,final-candidate evidence; validate bundle before paper reporting,measurement,true
C4-PCAS-SENSITIVITY,jellyfish-plonk-swap-sensitivity-final-v1,ef2b7370acbd2d0f7e2071ea52bd1ac2816b684f,818f4732eff71a969b798ddd9efaa33ba8140e02a576c4e4054b03e43b1e4600,private_swap,jellyfish-turboplonk-0.8.0-bn254-kzg,ablate-range,"{""ablation"":""no_range"",""hash_rounds"":5,""membership_paths"":2,""merkle_depth"":8,""range_bits"":32,""time_bits"":16}",verify_total,2,2,,true,10,3.476543,0.217046,3.475776,3.762231,3.149010,3.784897,,,,,,,,not-applicable,,,,,,,,,,,,,,,,,,measured,final-candidate evidence; validate bundle before paper reporting,measurement,true
C4-PCAS-SENSITIVITY,jellyfish-plonk-swap-sensitivity-final-v1,ef2b7370acbd2d0f7e2071ea52bd1ac2816b684f,818f4732eff71a969b798ddd9efaa33ba8140e02a576c4e4054b03e43b1e4600,private_swap,jellyfish-turboplonk-0.8.0-bn254-kzg,ablate-range,"{""ablation"":""no_range"",""hash_rounds"":5,""membership_paths"":2,""merkle_depth"":8,""range_bits"":32,""time_bits"":16}",verify_total,2,4,,true,10,4.275057,0.283000,4.201060,4.747090,3.956401,4.810131,,,,,,,,not-applicable,,,,,,,,,,,,,,,,,,measured,final-candidate evidence; validate bundle before paper reporting,measurement,true
C4-PCAS-SENSITIVITY,jellyfish-plonk-swap-sensitivity-final-v1,ef2b7370acbd2d0f7e2071ea52bd1ac2816b684f,818f4732eff71a969b798ddd9efaa33ba8140e02a576c4e4054b03e43b1e4600,private_swap,jellyfish-turboplonk-0.8.0-bn254-kzg,ablate-range,"{""ablation"":""no_range"",""hash_rounds"":5,""membership_paths"":2,""merkle_depth"":8,""range_bits"":32,""time_bits"":16}",verify_total,2,8,,true,10,6.205223,0.516388,6.131223,6.787035,5.586255,6.804572,,,,,,,,not-applicable,,,,,,,,,,,,,,,,,,measured,final-candidate evidence; validate bundle before paper reporting,measurement,true
C4-PCAS-SENSITIVITY,jellyfish-plonk-swap-sensitivity-final-v1,ef2b7370acbd2d0f7e2071ea52bd1ac2816b684f,818f4732eff71a969b798ddd9efaa33ba8140e02a576c4e4054b03e43b1e4600,private_swap,jellyfish-turboplonk-0.8.0-bn254-kzg,ablate-range,"{""ablation"":""no_range"",""hash_rounds"":5,""membership_paths"":2,""merkle_depth"":8,""range_bits"":32,""time_bits"":16}",witness,2,1,,true,10,3.253478,0.161681,3.246562,3.521446,3.078934,3.525869,,,,,,,,not-applicable,,,,,,,,,,,,,,,,,,measured,final-candidate evidence; validate bundle before paper reporting,measurement,true
C4-PCAS-SENSITIVITY,jellyfish-plonk-swap-sensitivity-final-v1,ef2b7370acbd2d0f7e2071ea52bd1ac2816b684f,818f4732eff71a969b798ddd9efaa33ba8140e02a576c4e4054b03e43b1e4600,private_swap,jellyfish-turboplonk-0.8.0-bn254-kzg,ablate-range,"{""ablation"":""no_range"",""hash_rounds"":5,""membership_paths"":2,""merkle_depth"":8,""range_bits"":32,""time_bits"":16}",witness,2,2,,true,10,3.536577,0.341197,3.382249,4.040614,3.130585,4.228630,,,,,,,,not-applicable,,,,,,,,,,,,,,,,,,measured,final-candidate evidence; validate bundle before paper reporting,measurement,true
C4-PCAS-SENSITIVITY,jellyfish-plonk-swap-sensitivity-final-v1,ef2b7370acbd2d0f7e2071ea52bd1ac2816b684f,818f4732eff71a969b798ddd9efaa33ba8140e02a576c4e4054b03e43b1e4600,private_swap,jellyfish-turboplonk-0.8.0-bn254-kzg,ablate-range,"{""ablation"":""no_range"",""hash_rounds"":5,""membership_paths"":2,""merkle_depth"":8,""range_bits"":32,""time_bits"":16}",witness,2,4,,true,10,3.258641,0.186551,3.260116,3.531874,2.973764,3.672900,,,,,,,,not-applicable,,,,,,,,,,,,,,,,,,measured,final-candidate evidence; validate bundle before paper reporting,measurement,true
C4-PCAS-SENSITIVITY,jellyfish-plonk-swap-sensitivity-final-v1,ef2b7370acbd2d0f7e2071ea52bd1ac2816b684f,818f4732eff71a969b798ddd9efaa33ba8140e02a576c4e4054b03e43b1e4600,private_swap,jellyfish-turboplonk-0.8.0-bn254-kzg,ablate-range,"{""ablation"":""no_range"",""hash_rounds"":5,""membership_paths"":2,""merkle_depth"":8,""range_bits"":32,""time_bits"":16}",witness,2,8,,true,10,3.311641,0.141537,3.257331,3.551431,3.156539,3.622911,,,,,,,,not-applicable,,,,,,,,,,,,,,,,,,measured,final-candidate evidence; validate bundle before paper reporting,measurement,true
C4-PCAS-SENSITIVITY,jellyfish-plonk-swap-sensitivity-final-v1,ef2b7370acbd2d0f7e2071ea52bd1ac2816b684f,818f4732eff71a969b798ddd9efaa33ba8140e02a576c4e4054b03e43b1e4600,private_swap,jellyfish-turboplonk-0.8.0-bn254-kzg,full-depth4-range32-paths2,"{""ablation"":""full"",""hash_rounds"":5,""membership_paths"":2,""merkle_depth"":4,""range_bits"":32,""time_bits"":16}",adapter_process_wall,2,1,,true,10,772.967094,11.215022,772.884794,789.667741,756.878267,798.193539,715.000000,20.914062,9951.500000,769,2048,plonk_domain_rows,7,all-expected,,,"Linux procfs read failed: [Errno 13] Permission denied: '/proc/1832/io'; private commit and per-process swap I/O are unavailable; VmSwap reports allocation, not swap traffic; No documented hardware or OS energy counter is configured in WSL2; Linux procfs read failed: [Errno 13] Permission denied: '/proc/1906/io'; private commit and per-process swap I/O are unavailable; VmSwap reports allocation, not swap traffic; No documented hardware or OS energy counter is configured in WSL2; Linux procfs read failed: [Errno 13] Permission denied: '/proc/1915/io'; private commit and per-process swap I/O are unavailable; VmSwap reports allocation, not swap traffic; No documented hardware or OS energy counter is configured in WSL2; private commit and per-process swap I/O are unavailable; VmSwap reports allocation, not swap traffic; No documented hardware or OS energy counter is configured in WSL2",,,,,,,0.925106,10.457031,,,,,,,measured,final-candidate evidence; validate bundle before paper reporting,measurement,true
C4-PCAS-SENSITIVITY,jellyfish-plonk-swap-sensitivity-final-v1,ef2b7370acbd2d0f7e2071ea52bd1ac2816b684f,818f4732eff71a969b798ddd9efaa33ba8140e02a576c4e4054b03e43b1e4600,private_swap,jellyfish-turboplonk-0.8.0-bn254-kzg,full-depth4-range32-paths2,"{""ablation"":""full"",""hash_rounds"":5,""membership_paths"":2,""merkle_depth"":4,""range_bits"":32,""time_bits"":16}",adapter_process_wall,2,2,,true,10,447.891033,17.652483,443.631715,475.051321,416.840063,484.044708,740.000000,21.292969,9838.500000,769,2048,plonk_domain_rows,7,all-expected,,,"Linux procfs read failed: [Errno 13] Permission denied: '/proc/1267/io'; private commit and per-process swap I/O are unavailable; VmSwap reports allocation, not swap traffic; No documented hardware or OS energy counter is configured in WSL2; Linux procfs read failed: [Errno 13] Permission denied: '/proc/2088/io'; private commit and per-process swap I/O are unavailable; VmSwap reports allocation, not swap traffic; No documented hardware or OS energy counter is configured in WSL2; Linux procfs read failed: [Errno 13] Permission denied: '/proc/2125/io'; private commit and per-process swap I/O are unavailable; VmSwap reports allocation, not swap traffic; No documented hardware or OS energy counter is configured in WSL2; Linux procfs read failed: [Errno 13] Permission denied: '/proc/2172/io'; private commit and per-process swap I/O are unavailable; VmSwap reports allocation, not swap traffic; No documented hardware or OS energy counter is configured in WSL2; Linux procfs read failed: [Errno 13] Permission denied: '/proc/792/io'; private commit and per-process swap I/O are unavailable; VmSwap reports allocation, not swap traffic; No documented hardware or OS energy counter is configured in WSL2; Linux procfs read failed: [Errno 2] No such file or directory: '/proc/2176/status'; private commit and per-process swap I/O are unavailable; VmSwap reports allocation, not swap traffic; No documented hardware or OS energy counter is configured in WSL2; private commit and per-process swap I/O are unavailable; VmSwap reports allocation, not swap traffic; No documented hardware or OS energy counter is configured in WSL2",,,,,,,1.668050,10.646484,,,,,,,measured,final-candidate evidence; validate bundle before paper reporting,measurement,true
C4-PCAS-SENSITIVITY,jellyfish-plonk-swap-sensitivity-final-v1,ef2b7370acbd2d0f7e2071ea52bd1ac2816b684f,818f4732eff71a969b798ddd9efaa33ba8140e02a576c4e4054b03e43b1e4600,private_swap,jellyfish-turboplonk-0.8.0-bn254-kzg,full-depth4-range32-paths2,"{""ablation"":""full"",""hash_rounds"":5,""membership_paths"":2,""merkle_depth"":4,""range_bits"":32,""time_bits"":16}",adapter_process_wall,2,4,,true,10,302.897652,23.492457,295.008258,344.687526,281.629116,355.274127,835.000000,22.392578,9438.000000,769,2048,plonk_domain_rows,7,all-expected,,,"Linux procfs read failed: [Errno 13] Permission denied: '/proc/1396/io'; private commit and per-process swap I/O are unavailable; VmSwap reports allocation, not swap traffic; No documented hardware or OS energy counter is configured in WSL2; Linux procfs read failed: [Errno 13] Permission denied: '/proc/1769/io'; private commit and per-process swap I/O are unavailable; VmSwap reports allocation, not swap traffic; No documented hardware or OS energy counter is configured in WSL2; Linux procfs read failed: [Errno 13] Permission denied: '/proc/2280/io'; private commit and per-process swap I/O are unavailable; VmSwap reports allocation, not swap traffic; No documented hardware or OS energy counter is configured in WSL2; Linux procfs read failed: [Errno 13] Permission denied: '/proc/810/io'; private commit and per-process swap I/O are unavailable; VmSwap reports allocation, not swap traffic; No documented hardware or OS energy counter is configured in WSL2; Linux procfs read failed: [Errno 13] Permission denied: '/proc/869/io'; private commit and per-process swap I/O are unavailable; VmSwap reports allocation, not swap traffic; No documented hardware or OS energy counter is configured in WSL2; Linux procfs read failed: [Errno 2] No such file or directory: '/proc/2156/io'; private commit and per-process swap I/O are unavailable; VmSwap reports allocation, not swap traffic; No documented hardware or OS energy counter is configured in WSL2; private commit and per-process swap I/O are unavailable; VmSwap reports allocation, not swap traffic; No documented hardware or OS energy counter is configured in WSL2",,,,,,,2.830429,11.196289,,,,,,,measured,final-candidate evidence; validate bundle before paper reporting,measurement,true
C4-PCAS-SENSITIVITY,jellyfish-plonk-swap-sensitivity-final-v1,ef2b7370acbd2d0f7e2071ea52bd1ac2816b684f,818f4732eff71a969b798ddd9efaa33ba8140e02a576c4e4054b03e43b1e4600,private_swap,jellyfish-turboplonk-0.8.0-bn254-kzg,full-depth4-range32-paths2,"{""ablation"":""full"",""hash_rounds"":5,""membership_paths"":2,""merkle_depth"":4,""range_bits"":32,""time_bits"":16}",adapter_process_wall,2,8,,true,10,264.021791,12.438534,262.778076,283.953149,249.480628,294.466632,1105.000000,27.027344,7659.000000,769,2048,plonk_domain_rows,7,all-expected,,,"Linux procfs read failed: [Errno 13] Permission denied: '/proc/1499/io'; private commit and per-process swap I/O are unavailable; VmSwap reports allocation, not swap traffic; No documented hardware or OS energy counter is configured in WSL2; Linux procfs read failed: [Errno 13] Permission denied: '/proc/1522/io'; private commit and per-process swap I/O are unavailable; VmSwap reports allocation, not swap traffic; No documented hardware or OS energy counter is configured in WSL2; Linux procfs read failed: [Errno 13] Permission denied: '/proc/1856/io'; private commit and per-process swap I/O are unavailable; VmSwap reports allocation, not swap traffic; No documented hardware or OS energy counter is configured in WSL2; Linux procfs read failed: [Errno 13] Permission denied: '/proc/1890/io'; private commit and per-process swap I/O are unavailable; VmSwap reports allocation, not swap traffic; No documented hardware or OS energy counter is configured in WSL2; Linux procfs read failed: [Errno 13] Permission denied: '/proc/2227/io'; private commit and per-process swap I/O are unavailable; VmSwap reports allocation, not swap traffic; No documented hardware or OS energy counter is configured in WSL2; Linux procfs read failed: [Errno 13] Permission denied: '/proc/2374/io'; private commit and per-process swap I/O are unavailable; VmSwap reports allocation, not swap traffic; No documented hardware or OS energy counter is configured in WSL2; Linux procfs read failed: [Errno 13] Permission denied: '/proc/796/io'; private commit and per-process swap I/O are unavailable; VmSwap reports allocation, not swap traffic; No documented hardware or OS energy counter is configured in WSL2; private commit and per-process swap I/O are unavailable; VmSwap reports allocation, not swap traffic; No documented hardware or OS energy counter is configured in WSL2",,,,,,,4.205069,13.513672,,,,,,,measured,final-candidate evidence; validate bundle before paper reporting,measurement,true
C4-PCAS-SENSITIVITY,jellyfish-plonk-swap-sensitivity-final-v1,ef2b7370acbd2d0f7e2071ea52bd1ac2816b684f,818f4732eff71a969b798ddd9efaa33ba8140e02a576c4e4054b03e43b1e4600,private_swap,jellyfish-turboplonk-0.8.0-bn254-kzg,full-depth4-range32-paths2,"{""ablation"":""full"",""hash_rounds"":5,""membership_paths"":2,""merkle_depth"":4,""range_bits"":32,""time_bits"":16}",commitment,2,1,,false,,,,,,,,,,,,,,,not-applicable,,,Jellyfish exposes no stable per-proof hook for this phase,,,,,,,,,,,,,,,measured,final-candidate evidence; validate bundle before paper reporting,measurement,true
C4-PCAS-SENSITIVITY,jellyfish-plonk-swap-sensitivity-final-v1,ef2b7370acbd2d0f7e2071ea52bd1ac2816b684f,818f4732eff71a969b798ddd9efaa33ba8140e02a576c4e4054b03e43b1e4600,private_swap,jellyfish-turboplonk-0.8.0-bn254-kzg,full-depth4-range32-paths2,"{""ablation"":""full"",""hash_rounds"":5,""membership_paths"":2,""merkle_depth"":4,""range_bits"":32,""time_bits"":16}",commitment,2,2,,false,,,,,,,,,,,,,,,not-applicable,,,Jellyfish exposes no stable per-proof hook for this phase,,,,,,,,,,,,,,,measured,final-candidate evidence; validate bundle before paper reporting,measurement,true
C4-PCAS-SENSITIVITY,jellyfish-plonk-swap-sensitivity-final-v1,ef2b7370acbd2d0f7e2071ea52bd1ac2816b684f,818f4732eff71a969b798ddd9efaa33ba8140e02a576c4e4054b03e43b1e4600,private_swap,jellyfish-turboplonk-0.8.0-bn254-kzg,full-depth4-range32-paths2,"{""ablation"":""full"",""hash_rounds"":5,""membership_paths"":2,""merkle_depth"":4,""range_bits"":32,""time_bits"":16}",commitment,2,4,,false,,,,,,,,,,,,,,,not-applicable,,,Jellyfish exposes no stable per-proof hook for this phase,,,,,,,,,,,,,,,measured,final-candidate evidence; validate bundle before paper reporting,measurement,true
C4-PCAS-SENSITIVITY,jellyfish-plonk-swap-sensitivity-final-v1,ef2b7370acbd2d0f7e2071ea52bd1ac2816b684f,818f4732eff71a969b798ddd9efaa33ba8140e02a576c4e4054b03e43b1e4600,private_swap,jellyfish-turboplonk-0.8.0-bn254-kzg,full-depth4-range32-paths2,"{""ablation"":""full"",""hash_rounds"":5,""membership_paths"":2,""merkle_depth"":4,""range_bits"":32,""time_bits"":16}",commitment,2,8,,false,,,,,,,,,,,,,,,not-applicable,,,Jellyfish exposes no stable per-proof hook for this phase,,,,,,,,,,,,,,,measured,final-candidate evidence; validate bundle before paper reporting,measurement,true
C4-PCAS-SENSITIVITY,jellyfish-plonk-swap-sensitivity-final-v1,ef2b7370acbd2d0f7e2071ea52bd1ac2816b684f,818f4732eff71a969b798ddd9efaa33ba8140e02a576c4e4054b03e43b1e4600,private_swap,jellyfish-turboplonk-0.8.0-bn254-kzg,full-depth4-range32-paths2,"{""ablation"":""full"",""hash_rounds"":5,""membership_paths"":2,""merkle_depth"":4,""range_bits"":32,""time_bits"":16}",deserialize,2,1,,true,10,0.301247,0.039964,0.293907,0.364085,0.245808,0.375353,,,,,,,,not-applicable,,,,,,,,,,,,,,,,,,measured,final-candidate evidence; validate bundle before paper reporting,measurement,true
C4-PCAS-SENSITIVITY,jellyfish-plonk-swap-sensitivity-final-v1,ef2b7370acbd2d0f7e2071ea52bd1ac2816b684f,818f4732eff71a969b798ddd9efaa33ba8140e02a576c4e4054b03e43b1e4600,private_swap,jellyfish-turboplonk-0.8.0-bn254-kzg,full-depth4-range32-paths2,"{""ablation"":""full"",""hash_rounds"":5,""membership_paths"":2,""merkle_depth"":4,""range_bits"":32,""time_bits"":16}",deserialize,2,2,,true,10,0.380875,0.053755,0.367504,0.468300,0.320486,0.480054,,,,,,,,not-applicable,,,,,,,,,,,,,,,,,,measured,final-candidate evidence; validate bundle before paper reporting,measurement,true
C4-PCAS-SENSITIVITY,jellyfish-plonk-swap-sensitivity-final-v1,ef2b7370acbd2d0f7e2071ea52bd1ac2816b684f,818f4732eff71a969b798ddd9efaa33ba8140e02a576c4e4054b03e43b1e4600,private_swap,jellyfish-turboplonk-0.8.0-bn254-kzg,full-depth4-range32-paths2,"{""ablation"":""full"",""hash_rounds"":5,""membership_paths"":2,""merkle_depth"":4,""range_bits"":32,""time_bits"":16}",deserialize,2,4,,true,10,0.918126,0.061565,0.943696,0.975802,0.804027,0.977930,,,,,,,,not-applicable,,,,,,,,,,,,,,,,,,measured,final-candidate evidence; validate bundle before paper reporting,measurement,true
C4-PCAS-SENSITIVITY,jellyfish-plonk-swap-sensitivity-final-v1,ef2b7370acbd2d0f7e2071ea52bd1ac2816b684f,818f4732eff71a969b798ddd9efaa33ba8140e02a576c4e4054b03e43b1e4600,private_swap,jellyfish-turboplonk-0.8.0-bn254-kzg,full-depth4-range32-paths2,"{""ablation"":""full"",""hash_rounds"":5,""membership_paths"":2,""merkle_depth"":4,""range_bits"":32,""time_bits"":16}",deserialize,2,8,,true,10,1.678961,0.156072,1.656891,1.900916,1.393863,1.967540,,,,,,,,not-applicable,,,,,,,,,,,,,,,,,,measured,final-candidate evidence; validate bundle before paper reporting,measurement,true
C4-PCAS-SENSITIVITY,jellyfish-plonk-swap-sensitivity-final-v1,ef2b7370acbd2d0f7e2071ea52bd1ac2816b684f,818f4732eff71a969b798ddd9efaa33ba8140e02a576c4e4054b03e43b1e4600,private_swap,jellyfish-turboplonk-0.8.0-bn254-kzg,full-depth4-range32-paths2,"{""ablation"":""full"",""hash_rounds"":5,""membership_paths"":2,""merkle_depth"":4,""range_bits"":32,""time_bits"":16}",fft_ntt,2,1,,false,,,,,,,,,,,,,,,not-applicable,,,Jellyfish exposes no stable per-proof hook for this phase,,,,,,,,,,,,,,,measured,final-candidate evidence; validate bundle before paper reporting,measurement,true
C4-PCAS-SENSITIVITY,jellyfish-plonk-swap-sensitivity-final-v1,ef2b7370acbd2d0f7e2071ea52bd1ac2816b684f,818f4732eff71a969b798ddd9efaa33ba8140e02a576c4e4054b03e43b1e4600,private_swap,jellyfish-turboplonk-0.8.0-bn254-kzg,full-depth4-range32-paths2,"{""ablation"":""full"",""hash_rounds"":5,""membership_paths"":2,""merkle_depth"":4,""range_bits"":32,""time_bits"":16}",fft_ntt,2,2,,false,,,,,,,,,,,,,,,not-applicable,,,Jellyfish exposes no stable per-proof hook for this phase,,,,,,,,,,,,,,,measured,final-candidate evidence; validate bundle before paper reporting,measurement,true
C4-PCAS-SENSITIVITY,jellyfish-plonk-swap-sensitivity-final-v1,ef2b7370acbd2d0f7e2071ea52bd1ac2816b684f,818f4732eff71a969b798ddd9efaa33ba8140e02a576c4e4054b03e43b1e4600,private_swap,jellyfish-turboplonk-0.8.0-bn254-kzg,full-depth4-range32-paths2,"{""ablation"":""full"",""hash_rounds"":5,""membership_paths"":2,""merkle_depth"":4,""range_bits"":32,""time_bits"":16}",fft_ntt,2,4,,false,,,,,,,,,,,,,,,not-applicable,,,Jellyfish exposes no stable per-proof hook for this phase,,,,,,,,,,,,,,,measured,final-candidate evidence; validate bundle before paper reporting,measurement,true
C4-PCAS-SENSITIVITY,jellyfish-plonk-swap-sensitivity-final-v1,ef2b7370acbd2d0f7e2071ea52bd1ac2816b684f,818f4732eff71a969b798ddd9efaa33ba8140e02a576c4e4054b03e43b1e4600,private_swap,jellyfish-turboplonk-0.8.0-bn254-kzg,full-depth4-range32-paths2,"{""ablation"":""full"",""hash_rounds"":5,""membership_paths"":2,""merkle_depth"":4,""range_bits"":32,""time_bits"":16}",fft_ntt,2,8,,false,,,,,,,,,,,,,,,not-applicable,,,Jellyfish exposes no stable per-proof hook for this phase,,,,,,,,,,,,,,,measured,final-candidate evidence; validate bundle before paper reporting,measurement,true
C4-PCAS-SENSITIVITY,jellyfish-plonk-swap-sensitivity-final-v1,ef2b7370acbd2d0f7e2071ea52bd1ac2816b684f,818f4732eff71a969b798ddd9efaa33ba8140e02a576c4e4054b03e43b1e4600,private_swap,jellyfish-turboplonk-0.8.0-bn254-kzg,full-depth4-range32-paths2,"{""ablation"":""full"",""hash_rounds"":5,""membership_paths"":2,""merkle_depth"":4,""range_bits"":32,""time_bits"":16}",key_load,2,1,,false,,,,,,,,,,,,,,,not-applicable,,,Jellyfish exposes no stable per-proof hook for this phase,,,,,,,,,,,,,,,measured,final-candidate evidence; validate bundle before paper reporting,measurement,true
C4-PCAS-SENSITIVITY,jellyfish-plonk-swap-sensitivity-final-v1,ef2b7370acbd2d0f7e2071ea52bd1ac2816b684f,818f4732eff71a969b798ddd9efaa33ba8140e02a576c4e4054b03e43b1e4600,private_swap,jellyfish-turboplonk-0.8.0-bn254-kzg,full-depth4-range32-paths2,"{""ablation"":""full"",""hash_rounds"":5,""membership_paths"":2,""merkle_depth"":4,""range_bits"":32,""time_bits"":16}",key_load,2,2,,false,,,,,,,,,,,,,,,not-applicable,,,Jellyfish exposes no stable per-proof hook for this phase,,,,,,,,,,,,,,,measured,final-candidate evidence; validate bundle before paper reporting,measurement,true
C4-PCAS-SENSITIVITY,jellyfish-plonk-swap-sensitivity-final-v1,ef2b7370acbd2d0f7e2071ea52bd1ac2816b684f,818f4732eff71a969b798ddd9efaa33ba8140e02a576c4e4054b03e43b1e4600,private_swap,jellyfish-turboplonk-0.8.0-bn254-kzg,full-depth4-range32-paths2,"{""ablation"":""full"",""hash_rounds"":5,""membership_paths"":2,""merkle_depth"":4,""range_bits"":32,""time_bits"":16}",key_load,2,4,,false,,,,,,,,,,,,,,,not-applicable,,,Jellyfish exposes no stable per-proof hook for this phase,,,,,,,,,,,,,,,measured,final-candidate evidence; validate bundle before paper reporting,measurement,true
C4-PCAS-SENSITIVITY,jellyfish-plonk-swap-sensitivity-final-v1,ef2b7370acbd2d0f7e2071ea52bd1ac2816b684f,818f4732eff71a969b798ddd9efaa33ba8140e02a576c4e4054b03e43b1e4600,private_swap,jellyfish-turboplonk-0.8.0-bn254-kzg,full-depth4-range32-paths2,"{""ablation"":""full"",""hash_rounds"":5,""membership_paths"":2,""merkle_depth"":4,""range_bits"":32,""time_bits"":16}",key_load,2,8,,false,,,,,,,,,,,,,,,not-applicable,,,Jellyfish exposes no stable per-proof hook for this phase,,,,,,,,,,,,,,,measured,final-candidate evidence; validate bundle before paper reporting,measurement,true
C4-PCAS-SENSITIVITY,jellyfish-plonk-swap-sensitivity-final-v1,ef2b7370acbd2d0f7e2071ea52bd1ac2816b684f,818f4732eff71a969b798ddd9efaa33ba8140e02a576c4e4054b03e43b1e4600,private_swap,jellyfish-turboplonk-0.8.0-bn254-kzg,full-depth4-range32-paths2,"{""ablation"":""full"",""hash_rounds"":5,""membership_paths"":2,""merkle_depth"":4,""range_bits"":32,""time_bits"":16}",msm,2,1,,false,,,,,,,,,,,,,,,not-applicable,,,Jellyfish exposes no stable per-proof hook for this phase,,,,,,,,,,,,,,,measured,final-candidate evidence; validate bundle before paper reporting,measurement,true
C4-PCAS-SENSITIVITY,jellyfish-plonk-swap-sensitivity-final-v1,ef2b7370acbd2d0f7e2071ea52bd1ac2816b684f,818f4732eff71a969b798ddd9efaa33ba8140e02a576c4e4054b03e43b1e4600,private_swap,jellyfish-turboplonk-0.8.0-bn254-kzg,full-depth4-range32-paths2,"{""ablation"":""full"",""hash_rounds"":5,""membership_paths"":2,""merkle_depth"":4,""range_bits"":32,""time_bits"":16}",msm,2,2,,false,,,,,,,,,,,,,,,not-applicable,,,Jellyfish exposes no stable per-proof hook for this phase,,,,,,,,,,,,,,,measured,final-candidate evidence; validate bundle before paper reporting,measurement,true
C4-PCAS-SENSITIVITY,jellyfish-plonk-swap-sensitivity-final-v1,ef2b7370acbd2d0f7e2071ea52bd1ac2816b684f,818f4732eff71a969b798ddd9efaa33ba8140e02a576c4e4054b03e43b1e4600,private_swap,jellyfish-turboplonk-0.8.0-bn254-kzg,full-depth4-range32-paths2,"{""ablation"":""full"",""hash_rounds"":5,""membership_paths"":2,""merkle_depth"":4,""range_bits"":32,""time_bits"":16}",msm,2,4,,false,,,,,,,,,,,,,,,not-applicable,,,Jellyfish exposes no stable per-proof hook for this phase,,,,,,,,,,,,,,,measured,final-candidate evidence; validate bundle before paper reporting,measurement,true
C4-PCAS-SENSITIVITY,jellyfish-plonk-swap-sensitivity-final-v1,ef2b7370acbd2d0f7e2071ea52bd1ac2816b684f,818f4732eff71a969b798ddd9efaa33ba8140e02a576c4e4054b03e43b1e4600,private_swap,jellyfish-turboplonk-0.8.0-bn254-kzg,full-depth4-range32-paths2,"{""ablation"":""full"",""hash_rounds"":5,""membership_paths"":2,""merkle_depth"":4,""range_bits"":32,""time_bits"":16}",msm,2,8,,false,,,,,,,,,,,,,,,not-applicable,,,Jellyfish exposes no stable per-proof hook for this phase,,,,,,,,,,,,,,,measured,final-candidate evidence; validate bundle before paper reporting,measurement,true
C4-PCAS-SENSITIVITY,jellyfish-plonk-swap-sensitivity-final-v1,ef2b7370acbd2d0f7e2071ea52bd1ac2816b684f,818f4732eff71a969b798ddd9efaa33ba8140e02a576c4e4054b03e43b1e4600,private_swap,jellyfish-turboplonk-0.8.0-bn254-kzg,full-depth4-range32-paths2,"{""ablation"":""full"",""hash_rounds"":5,""membership_paths"":2,""merkle_depth"":4,""range_bits"":32,""time_bits"":16}",native_execution,2,1,,true,10,1.850624,0.174567,1.790928,2.091722,1.582194,2.110978,,,,,,,,not-applicable,,,,,,,,,,,,,,,,,,measured,final-candidate evidence; validate bundle before paper reporting,measurement,true
C4-PCAS-SENSITIVITY,jellyfish-plonk-swap-sensitivity-final-v1,ef2b7370acbd2d0f7e2071ea52bd1ac2816b684f,818f4732eff71a969b798ddd9efaa33ba8140e02a576c4e4054b03e43b1e4600,private_swap,jellyfish-turboplonk-0.8.0-bn254-kzg,full-depth4-range32-paths2,"{""ablation"":""full"",""hash_rounds"":5,""membership_paths"":2,""merkle_depth"":4,""range_bits"":32,""time_bits"":16}",native_execution,2,2,,true,10,1.938418,0.180808,1.975275,2.197595,1.691488,2.259024,,,,,,,,not-applicable,,,,,,,,,,,,,,,,,,measured,final-candidate evidence; validate bundle before paper reporting,measurement,true
C4-PCAS-SENSITIVITY,jellyfish-plonk-swap-sensitivity-final-v1,ef2b7370acbd2d0f7e2071ea52bd1ac2816b684f,818f4732eff71a969b798ddd9efaa33ba8140e02a576c4e4054b03e43b1e4600,private_swap,jellyfish-turboplonk-0.8.0-bn254-kzg,full-depth4-range32-paths2,"{""ablation"":""full"",""hash_rounds"":5,""membership_paths"":2,""merkle_depth"":4,""range_bits"":32,""time_bits"":16}",native_execution,2,4,,true,10,1.980483,0.189808,1.949327,2.238747,1.640372,2.268520,,,,,,,,not-applicable,,,,,,,,,,,,,,,,,,measured,final-candidate evidence; validate bundle before paper reporting,measurement,true
C4-PCAS-SENSITIVITY,jellyfish-plonk-swap-sensitivity-final-v1,ef2b7370acbd2d0f7e2071ea52bd1ac2816b684f,818f4732eff71a969b798ddd9efaa33ba8140e02a576c4e4054b03e43b1e4600,private_swap,jellyfish-turboplonk-0.8.0-bn254-kzg,full-depth4-range32-paths2,"{""ablation"":""full"",""hash_rounds"":5,""membership_paths"":2,""merkle_depth"":4,""range_bits"":32,""time_bits"":16}",native_execution,2,8,,true,10,1.918626,0.185151,1.843926,2.250825,1.724749,2.291529,,,,,,,,not-applicable,,,,,,,,,,,,,,,,,,measured,final-candidate evidence; validate bundle before paper reporting,measurement,true
C4-PCAS-SENSITIVITY,jellyfish-plonk-swap-sensitivity-final-v1,ef2b7370acbd2d0f7e2071ea52bd1ac2816b684f,818f4732eff71a969b798ddd9efaa33ba8140e02a576c4e4054b03e43b1e4600,private_swap,jellyfish-turboplonk-0.8.0-bn254-kzg,full-depth4-range32-paths2,"{""ablation"":""full"",""hash_rounds"":5,""membership_paths"":2,""merkle_depth"":4,""range_bits"":32,""time_bits"":16}",prove_total,2,1,,true,10,433.947793,5.838632,433.280213,441.147566,422.647530,441.622432,,,,,,,,not-applicable,,,,,,,,4.615950,241.930559,,,,,,,,,measured,final-candidate evidence; validate bundle before paper reporting,measurement,true
C4-PCAS-SENSITIVITY,jellyfish-plonk-swap-sensitivity-final-v1,ef2b7370acbd2d0f7e2071ea52bd1ac2816b684f,818f4732eff71a969b798ddd9efaa33ba8140e02a576c4e4054b03e43b1e4600,private_swap,jellyfish-turboplonk-0.8.0-bn254-kzg,full-depth4-range32-paths2,"{""ablation"":""full"",""hash_rounds"":5,""membership_paths"":2,""merkle_depth"":4,""range_bits"":32,""time_bits"":16}",prove_total,2,2,,true,10,243.568914,12.171871,240.748696,263.181858,223.896659,270.209589,,,,,,,,not-applicable,,,,1.799720,1.741768,1.832498,0.899860,8.307418,121.881073,,,,,,,,,measured,final-candidate evidence; validate bundle before paper reporting,measurement,true
C4-PCAS-SENSITIVITY,jellyfish-plonk-swap-sensitivity-final-v1,ef2b7370acbd2d0f7e2071ea52bd1ac2816b684f,818f4732eff71a969b798ddd9efaa33ba8140e02a576c4e4054b03e43b1e4600,private_swap,jellyfish-turboplonk-0.8.0-bn254-kzg,full-depth4-range32-paths2,"{""ablation"":""full"",""hash_rounds"":5,""membership_paths"":2,""merkle_depth"":4,""range_bits"":32,""time_bits"":16}",prove_total,2,4,,true,10,158.561347,14.338507,154.629415,183.128655,146.418972,194.355071,,,,,,,,not-applicable,,,,2.802056,2.667029,2.923992,0.700514,12.934150,79.324493,,,,,,,,,measured,final-candidate evidence; validate bundle before paper reporting,measurement,true
C4-PCAS-SENSITIVITY,jellyfish-plonk-swap-sensitivity-final-v1,ef2b7370acbd2d0f7e2071ea52bd1ac2816b684f,818f4732eff71a969b798ddd9efaa33ba8140e02a576c4e4054b03e43b1e4600,private_swap,jellyfish-turboplonk-0.8.0-bn254-kzg,full-depth4-range32-paths2,"{""ablation"":""full"",""hash_rounds"":5,""membership_paths"":2,""merkle_depth"":4,""range_bits"":32,""time_bits"":16}",prove_total,2,8,,true,10,145.671247,7.556956,143.439391,158.439951,138.704709,164.719869,,,,,,,,not-applicable,,,,3.020650,2.926908,3.087585,0.377581,13.943171,77.790210,,,,,,,,,measured,final-candidate evidence; validate bundle before paper reporting,measurement,true
C4-PCAS-SENSITIVITY,jellyfish-plonk-swap-sensitivity-final-v1,ef2b7370acbd2d0f7e2071ea52bd1ac2816b684f,818f4732eff71a969b798ddd9efaa33ba8140e02a576c4e4054b03e43b1e4600,private_swap,jellyfish-turboplonk-0.8.0-bn254-kzg,full-depth4-range32-paths2,"{""ablation"":""full"",""hash_rounds"":5,""membership_paths"":2,""merkle_depth"":4,""range_bits"":32,""time_bits"":16}",serialize,2,1,,true,10,0.006943,0.001547,0.007344,0.008824,0.004669,0.008937,,,,,,,,not-applicable,,,,,,,,,,,,,,,,,,measured,final-candidate evidence; validate bundle before paper reporting,measurement,true
C4-PCAS-SENSITIVITY,jellyfish-plonk-swap-sensitivity-final-v1,ef2b7370acbd2d0f7e2071ea52bd1ac2816b684f,818f4732eff71a969b798ddd9efaa33ba8140e02a576c4e4054b03e43b1e4600,private_swap,jellyfish-turboplonk-0.8.0-bn254-kzg,full-depth4-range32-paths2,"{""ablation"":""full"",""hash_rounds"":5,""membership_paths"":2,""merkle_depth"":4,""range_bits"":32,""time_bits"":16}",serialize,2,2,,true,10,0.005203,0.001424,0.004880,0.007326,0.003326,0.007394,,,,,,,,not-applicable,,,,,,,,,,,,,,,,,,measured,final-candidate evidence; validate bundle before paper reporting,measurement,true
C4-PCAS-SENSITIVITY,jellyfish-plonk-swap-sensitivity-final-v1,ef2b7370acbd2d0f7e2071ea52bd1ac2816b684f,818f4732eff71a969b798ddd9efaa33ba8140e02a576c4e4054b03e43b1e4600,private_swap,jellyfish-turboplonk-0.8.0-bn254-kzg,full-depth4-range32-paths2,"{""ablation"":""full"",""hash_rounds"":5,""membership_paths"":2,""merkle_depth"":4,""range_bits"":32,""time_bits"":16}",serialize,2,4,,true,10,0.005699,0.001203,0.005981,0.007241,0.004007,0.007844,,,,,,,,not-applicable,,,,,,,,,,,,,,,,,,measured,final-candidate evidence; validate bundle before paper reporting,measurement,true
C4-PCAS-SENSITIVITY,jellyfish-plonk-swap-sensitivity-final-v1,ef2b7370acbd2d0f7e2071ea52bd1ac2816b684f,818f4732eff71a969b798ddd9efaa33ba8140e02a576c4e4054b03e43b1e4600,private_swap,jellyfish-turboplonk-0.8.0-bn254-kzg,full-depth4-range32-paths2,"{""ablation"":""full"",""hash_rounds"":5,""membership_paths"":2,""merkle_depth"":4,""range_bits"":32,""time_bits"":16}",serialize,2,8,,true,10,0.006073,0.001411,0.006277,0.008029,0.004539,0.008877,,,,,,,,not-applicable,,,,,,,,,,,,,,,,,,measured,final-candidate evidence; validate bundle before paper reporting,measurement,true
C4-PCAS-SENSITIVITY,jellyfish-plonk-swap-sensitivity-final-v1,ef2b7370acbd2d0f7e2071ea52bd1ac2816b684f,818f4732eff71a969b798ddd9efaa33ba8140e02a576c4e4054b03e43b1e4600,private_swap,jellyfish-turboplonk-0.8.0-bn254-kzg,full-depth4-range32-paths2,"{""ablation"":""full"",""hash_rounds"":5,""membership_paths"":2,""merkle_depth"":4,""range_bits"":32,""time_bits"":16}",setup_or_preprocess,2,1,,true,10,281.981092,6.593750,280.680311,292.335871,274.817542,298.587515,,,,,,,,not-applicable,,,,,,,,,,,,,,,,,,measured,final-candidate evidence; validate bundle before paper reporting,measurement,true
C4-PCAS-SENSITIVITY,jellyfish-plonk-swap-sensitivity-final-v1,ef2b7370acbd2d0f7e2071ea52bd1ac2816b684f,818f4732eff71a969b798ddd9efaa33ba8140e02a576c4e4054b03e43b1e4600,private_swap,jellyfish-turboplonk-0.8.0-bn254-kzg,full-depth4-range32-paths2,"{""ablation"":""full"",""hash_rounds"":5,""membership_paths"":2,""merkle_depth"":4,""range_bits"":32,""time_bits"":16}",setup_or_preprocess,2,2,,true,10,148.027512,6.036019,147.098197,156.572780,138.516438,156.630802,,,,,,,,not-applicable,,,,,,,,,,,,,,,,,,measured,final-candidate evidence; validate bundle before paper reporting,measurement,true
C4-PCAS-SENSITIVITY,jellyfish-plonk-swap-sensitivity-final-v1,ef2b7370acbd2d0f7e2071ea52bd1ac2816b684f,818f4732eff71a969b798ddd9efaa33ba8140e02a576c4e4054b03e43b1e4600,private_swap,jellyfish-turboplonk-0.8.0-bn254-kzg,full-depth4-range32-paths2,"{""ablation"":""full"",""hash_rounds"":5,""membership_paths"":2,""merkle_depth"":4,""range_bits"":32,""time_bits"":16}",setup_or_preprocess,2,4,,true,10,84.759464,6.423566,83.164252,94.890201,77.764272,95.725902,,,,,,,,not-applicable,,,,,,,,,,,,,,,,,,measured,final-candidate evidence; validate bundle before paper reporting,measurement,true
C4-PCAS-SENSITIVITY,jellyfish-plonk-swap-sensitivity-final-v1,ef2b7370acbd2d0f7e2071ea52bd1ac2816b684f,818f4732eff71a969b798ddd9efaa33ba8140e02a576c4e4054b03e43b1e4600,private_swap,jellyfish-turboplonk-0.8.0-bn254-kzg,full-depth4-range32-paths2,"{""ablation"":""full"",""hash_rounds"":5,""membership_paths"":2,""merkle_depth"":4,""range_bits"":32,""time_bits"":16}",setup_or_preprocess,2,8,,true,10,57.419427,4.852753,56.596485,64.664024,50.579036,67.675939,,,,,,,,not-applicable,,,,,,,,,,,,,,,,,,measured,final-candidate evidence; validate bundle before paper reporting,measurement,true
C4-PCAS-SENSITIVITY,jellyfish-plonk-swap-sensitivity-final-v1,ef2b7370acbd2d0f7e2071ea52bd1ac2816b684f,818f4732eff71a969b798ddd9efaa33ba8140e02a576c4e4054b03e43b1e4600,private_swap,jellyfish-turboplonk-0.8.0-bn254-kzg,full-depth4-range32-paths2,"{""ablation"":""full"",""hash_rounds"":5,""membership_paths"":2,""merkle_depth"":4,""range_bits"":32,""time_bits"":16}",verify_core,2,1,,true,10,3.264575,0.205112,3.226807,3.578860,2.999401,3.628247,,,,,,,,not-applicable,,,,,,,,,,,,,,,,,,measured,final-candidate evidence; validate bundle before paper reporting,measurement,true
C4-PCAS-SENSITIVITY,jellyfish-plonk-swap-sensitivity-final-v1,ef2b7370acbd2d0f7e2071ea52bd1ac2816b684f,818f4732eff71a969b798ddd9efaa33ba8140e02a576c4e4054b03e43b1e4600,private_swap,jellyfish-turboplonk-0.8.0-bn254-kzg,full-depth4-range32-paths2,"{""ablation"":""full"",""hash_rounds"":5,""membership_paths"":2,""merkle_depth"":4,""range_bits"":32,""time_bits"":16}",verify_core,2,2,,true,10,3.152798,0.226240,3.148790,3.441829,2.861453,3.451071,,,,,,,,not-applicable,,,,,,,,,,,,,,,,,,measured,final-candidate evidence; validate bundle before paper reporting,measurement,true
C4-PCAS-SENSITIVITY,jellyfish-plonk-swap-sensitivity-final-v1,ef2b7370acbd2d0f7e2071ea52bd1ac2816b684f,818f4732eff71a969b798ddd9efaa33ba8140e02a576c4e4054b03e43b1e4600,private_swap,jellyfish-turboplonk-0.8.0-bn254-kzg,full-depth4-range32-paths2,"{""ablation"":""full"",""hash_rounds"":5,""membership_paths"":2,""merkle_depth"":4,""range_bits"":32,""time_bits"":16}",verify_core,2,4,,true,10,3.542489,0.450264,3.426190,4.269295,3.125486,4.681651,,,,,,,,not-applicable,,,,,,,,,,,,,,,,,,measured,final-candidate evidence; validate bundle before paper reporting,measurement,true
C4-PCAS-SENSITIVITY,jellyfish-plonk-swap-sensitivity-final-v1,ef2b7370acbd2d0f7e2071ea52bd1ac2816b684f,818f4732eff71a969b798ddd9efaa33ba8140e02a576c4e4054b03e43b1e4600,private_swap,jellyfish-turboplonk-0.8.0-bn254-kzg,full-depth4-range32-paths2,"{""ablation"":""full"",""hash_rounds"":5,""membership_paths"":2,""merkle_depth"":4,""range_bits"":32,""time_bits"":16}",verify_core,2,8,,true,10,4.517094,0.396538,4.489144,5.104771,3.862898,5.263624,,,,,,,,not-applicable,,,,,,,,,,,,,,,,,,measured,final-candidate evidence; validate bundle before paper reporting,measurement,true
C4-PCAS-SENSITIVITY,jellyfish-plonk-swap-sensitivity-final-v1,ef2b7370acbd2d0f7e2071ea52bd1ac2816b684f,818f4732eff71a969b798ddd9efaa33ba8140e02a576c4e4054b03e43b1e4600,private_swap,jellyfish-turboplonk-0.8.0-bn254-kzg,full-depth4-range32-paths2,"{""ablation"":""full"",""hash_rounds"":5,""membership_paths"":2,""merkle_depth"":4,""range_bits"":32,""time_bits"":16}",verify_total,2,1,,true,10,3.566009,0.214675,3.500539,3.901910,3.328614,3.928846,,,,,,,,not-applicable,,,,,,,,,,,,,,,,,,measured,final-candidate evidence; validate bundle before paper reporting,measurement,true
C4-PCAS-SENSITIVITY,jellyfish-plonk-swap-sensitivity-final-v1,ef2b7370acbd2d0f7e2071ea52bd1ac2816b684f,818f4732eff71a969b798ddd9efaa33ba8140e02a576c4e4054b03e43b1e4600,private_swap,jellyfish-turboplonk-0.8.0-bn254-kzg,full-depth4-range32-paths2,"{""ablation"":""full"",""hash_rounds"":5,""membership_paths"":2,""merkle_depth"":4,""range_bits"":32,""time_bits"":16}",verify_total,2,2,,true,10,3.533883,0.271440,3.551103,3.910300,3.194118,3.931296,,,,,,,,not-applicable,,,,,,,,,,,,,,,,,,measured,final-candidate evidence; validate bundle before paper reporting,measurement,true
C4-PCAS-SENSITIVITY,jellyfish-plonk-swap-sensitivity-final-v1,ef2b7370acbd2d0f7e2071ea52bd1ac2816b684f,818f4732eff71a969b798ddd9efaa33ba8140e02a576c4e4054b03e43b1e4600,private_swap,jellyfish-turboplonk-0.8.0-bn254-kzg,full-depth4-range32-paths2,"{""ablation"":""full"",""hash_rounds"":5,""membership_paths"":2,""merkle_depth"":4,""range_bits"":32,""time_bits"":16}",verify_total,2,4,,true,10,4.460839,0.428241,4.397833,5.126724,4.014602,5.506687,,,,,,,,not-applicable,,,,,,,,,,,,,,,,,,measured,final-candidate evidence; validate bundle before paper reporting,measurement,true
C4-PCAS-SENSITIVITY,jellyfish-plonk-swap-sensitivity-final-v1,ef2b7370acbd2d0f7e2071ea52bd1ac2816b684f,818f4732eff71a969b798ddd9efaa33ba8140e02a576c4e4054b03e43b1e4600,private_swap,jellyfish-turboplonk-0.8.0-bn254-kzg,full-depth4-range32-paths2,"{""ablation"":""full"",""hash_rounds"":5,""membership_paths"":2,""merkle_depth"":4,""range_bits"":32,""time_bits"":16}",verify_total,2,8,,true,10,6.196381,0.504331,6.128704,6.991041,5.507529,7.083261,,,,,,,,not-applicable,,,,,,,,,,,,,,,,,,measured,final-candidate evidence; validate bundle before paper reporting,measurement,true
C4-PCAS-SENSITIVITY,jellyfish-plonk-swap-sensitivity-final-v1,ef2b7370acbd2d0f7e2071ea52bd1ac2816b684f,818f4732eff71a969b798ddd9efaa33ba8140e02a576c4e4054b03e43b1e4600,private_swap,jellyfish-turboplonk-0.8.0-bn254-kzg,full-depth4-range32-paths2,"{""ablation"":""full"",""hash_rounds"":5,""membership_paths"":2,""merkle_depth"":4,""range_bits"":32,""time_bits"":16}",witness,2,1,,true,10,2.883607,0.187986,2.846197,3.157804,2.632945,3.181780,,,,,,,,not-applicable,,,,,,,,,,,,,,,,,,measured,final-candidate evidence; validate bundle before paper reporting,measurement,true
C4-PCAS-SENSITIVITY,jellyfish-plonk-swap-sensitivity-final-v1,ef2b7370acbd2d0f7e2071ea52bd1ac2816b684f,818f4732eff71a969b798ddd9efaa33ba8140e02a576c4e4054b03e43b1e4600,private_swap,jellyfish-turboplonk-0.8.0-bn254-kzg,full-depth4-range32-paths2,"{""ablation"":""full"",""hash_rounds"":5,""membership_paths"":2,""merkle_depth"":4,""range_bits"":32,""time_bits"":16}",witness,2,2,,true,10,3.038464,0.215756,3.009192,3.323586,2.749427,3.361565,,,,,,,,not-applicable,,,,,,,,,,,,,,,,,,measured,final-candidate evidence; validate bundle before paper reporting,measurement,true
C4-PCAS-SENSITIVITY,jellyfish-plonk-swap-sensitivity-final-v1,ef2b7370acbd2d0f7e2071ea52bd1ac2816b684f,818f4732eff71a969b798ddd9efaa33ba8140e02a576c4e4054b03e43b1e4600,private_swap,jellyfish-turboplonk-0.8.0-bn254-kzg,full-depth4-range32-paths2,"{""ablation"":""full"",""hash_rounds"":5,""membership_paths"":2,""merkle_depth"":4,""range_bits"":32,""time_bits"":16}",witness,2,4,,true,10,2.947633,0.251209,3.003593,3.242087,2.562579,3.268657,,,,,,,,not-applicable,,,,,,,,,,,,,,,,,,measured,final-candidate evidence; validate bundle before paper reporting,measurement,true
C4-PCAS-SENSITIVITY,jellyfish-plonk-swap-sensitivity-final-v1,ef2b7370acbd2d0f7e2071ea52bd1ac2816b684f,818f4732eff71a969b798ddd9efaa33ba8140e02a576c4e4054b03e43b1e4600,private_swap,jellyfish-turboplonk-0.8.0-bn254-kzg,full-depth4-range32-paths2,"{""ablation"":""full"",""hash_rounds"":5,""membership_paths"":2,""merkle_depth"":4,""range_bits"":32,""time_bits"":16}",witness,2,8,,true,10,2.960796,0.196538,2.922358,3.254687,2.744902,3.300972,,,,,,,,not-applicable,,,,,,,,,,,,,,,,,,measured,final-candidate evidence; validate bundle before paper reporting,measurement,true
C4-PCAS-SENSITIVITY,jellyfish-plonk-swap-sensitivity-final-v1,ef2b7370acbd2d0f7e2071ea52bd1ac2816b684f,818f4732eff71a969b798ddd9efaa33ba8140e02a576c4e4054b03e43b1e4600,private_swap,jellyfish-turboplonk-0.8.0-bn254-kzg,full-depth8-range32-paths2,"{""ablation"":""full"",""hash_rounds"":5,""membership_paths"":2,""merkle_depth"":8,""range_bits"":32,""time_bits"":16}",adapter_process_wall,2,1,,true,10,787.016686,37.108261,776.875171,852.835973,737.884274,869.973720,720.000000,20.978516,9970.000000,769,2048,plonk_domain_rows,7,all-expected,,,"Linux procfs read failed: [Errno 13] Permission denied: '/proc/1402/io'; private commit and per-process swap I/O are unavailable; VmSwap reports allocation, not swap traffic; No documented hardware or OS energy counter is configured in WSL2; Linux procfs read failed: [Errno 13] Permission denied: '/proc/1572/io'; private commit and per-process swap I/O are unavailable; VmSwap reports allocation, not swap traffic; No documented hardware or OS energy counter is configured in WSL2; Linux procfs read failed: [Errno 13] Permission denied: '/proc/1627/io'; private commit and per-process swap I/O are unavailable; VmSwap reports allocation, not swap traffic; No documented hardware or OS energy counter is configured in WSL2; Linux procfs read failed: [Errno 13] Permission denied: '/proc/907/io'; private commit and per-process swap I/O are unavailable; VmSwap reports allocation, not swap traffic; No documented hardware or OS energy counter is configured in WSL2; Linux procfs read failed: [Errno 2] No such file or directory: '/proc/2408/status'; private commit and per-process swap I/O are unavailable; VmSwap reports allocation, not swap traffic; No documented hardware or OS energy counter is configured in WSL2; private commit and per-process swap I/O are unavailable; VmSwap reports allocation, not swap traffic; No documented hardware or OS energy counter is configured in WSL2",,,,,,,0.926790,10.489258,,,,,,,measured,final-candidate evidence; validate bundle before paper reporting,measurement,true
C4-PCAS-SENSITIVITY,jellyfish-plonk-swap-sensitivity-final-v1,ef2b7370acbd2d0f7e2071ea52bd1ac2816b684f,818f4732eff71a969b798ddd9efaa33ba8140e02a576c4e4054b03e43b1e4600,private_swap,jellyfish-turboplonk-0.8.0-bn254-kzg,full-depth8-range32-paths2,"{""ablation"":""full"",""hash_rounds"":5,""membership_paths"":2,""merkle_depth"":8,""range_bits"":32,""time_bits"":16}",adapter_process_wall,2,1,wrong_public_input,true,10,773.388133,20.945592,769.342169,805.836411,749.682858,828.612679,710.000000,21.019531,10029.500000,769,2048,plonk_domain_rows,7,all-expected,,,"Linux procfs read failed: [Errno 13] Permission denied: '/proc/2147/io'; private commit and per-process swap I/O are unavailable; VmSwap reports allocation, not swap traffic; No documented hardware or OS energy counter is configured in WSL2; Linux procfs read failed: [Errno 13] Permission denied: '/proc/2417/io'; private commit and per-process swap I/O are unavailable; VmSwap reports allocation, not swap traffic; No documented hardware or OS energy counter is configured in WSL2; Linux procfs read failed: [Errno 13] Permission denied: '/proc/846/io'; private commit and per-process swap I/O are unavailable; VmSwap reports allocation, not swap traffic; No documented hardware or OS energy counter is configured in WSL2; private commit and per-process swap I/O are unavailable; VmSwap reports allocation, not swap traffic; No documented hardware or OS energy counter is configured in WSL2",,,,,,,0.922866,10.509766,,,,,,,measured,final-candidate evidence; validate bundle before paper reporting,measurement,true
C4-PCAS-SENSITIVITY,jellyfish-plonk-swap-sensitivity-final-v1,ef2b7370acbd2d0f7e2071ea52bd1ac2816b684f,818f4732eff71a969b798ddd9efaa33ba8140e02a576c4e4054b03e43b1e4600,private_swap,jellyfish-turboplonk-0.8.0-bn254-kzg,full-depth8-range32-paths2,"{""ablation"":""full"",""hash_rounds"":5,""membership_paths"":2,""merkle_depth"":8,""range_bits"":32,""time_bits"":16}",adapter_process_wall,2,2,,true,10,443.414103,12.501402,443.659567,461.525809,422.993665,463.508753,740.000000,21.404297,9852.000000,769,2048,plonk_domain_rows,7,all-expected,,,"Linux procfs read failed: [Errno 13] Permission denied: '/proc/1021/io'; private commit and per-process swap I/O are unavailable; VmSwap reports allocation, not swap traffic; No documented hardware or OS energy counter is configured in WSL2; Linux procfs read failed: [Errno 13] Permission denied: '/proc/1365/io'; private commit and per-process swap I/O are unavailable; VmSwap reports allocation, not swap traffic; No documented hardware or OS energy counter is configured in WSL2; Linux procfs read failed: [Errno 13] Permission denied: '/proc/1579/io'; private commit and per-process swap I/O are unavailable; VmSwap reports allocation, not swap traffic; No documented hardware or OS energy counter is configured in WSL2; Linux procfs read failed: [Errno 13] Permission denied: '/proc/1866/io'; private commit and per-process swap I/O are unavailable; VmSwap reports allocation, not swap traffic; No documented hardware or OS energy counter is configured in WSL2; private commit and per-process swap I/O are unavailable; VmSwap reports allocation, not swap traffic; No documented hardware or OS energy counter is configured in WSL2",,,,,,,1.667946,10.702148,,,,,,,measured,final-candidate evidence; validate bundle before paper reporting,measurement,true
C4-PCAS-SENSITIVITY,jellyfish-plonk-swap-sensitivity-final-v1,ef2b7370acbd2d0f7e2071ea52bd1ac2816b684f,818f4732eff71a969b798ddd9efaa33ba8140e02a576c4e4054b03e43b1e4600,private_swap,jellyfish-turboplonk-0.8.0-bn254-kzg,full-depth8-range32-paths2,"{""ablation"":""full"",""hash_rounds"":5,""membership_paths"":2,""merkle_depth"":8,""range_bits"":32,""time_bits"":16}",adapter_process_wall,2,4,,true,10,303.398825,22.337482,294.785761,340.019156,289.949532,364.609155,820.000000,22.341797,9352.500000,769,2048,plonk_domain_rows,7,all-expected,,,"Linux procfs read failed: [Errno 13] Permission denied: '/proc/1150/io'; private commit and per-process swap I/O are unavailable; VmSwap reports allocation, not swap traffic; No documented hardware or OS energy counter is configured in WSL2; Linux procfs read failed: [Errno 13] Permission denied: '/proc/1277/io'; private commit and per-process swap I/O are unavailable; VmSwap reports allocation, not swap traffic; No documented hardware or OS energy counter is configured in WSL2; Linux procfs read failed: [Errno 13] Permission denied: '/proc/1554/io'; private commit and per-process swap I/O are unavailable; VmSwap reports allocation, not swap traffic; No documented hardware or OS energy counter is configured in WSL2; Linux procfs read failed: [Errno 13] Permission denied: '/proc/1909/io'; private commit and per-process swap I/O are unavailable; VmSwap reports allocation, not swap traffic; No documented hardware or OS energy counter is configured in WSL2; Linux procfs read failed: [Errno 13] Permission denied: '/proc/2042/io'; private commit and per-process swap I/O are unavailable; VmSwap reports allocation, not swap traffic; No documented hardware or OS energy counter is configured in WSL2; Linux procfs read failed: [Errno 13] Permission denied: '/proc/2107/io'; private commit and per-process swap I/O are unavailable; VmSwap reports allocation, not swap traffic; No documented hardware or OS energy counter is configured in WSL2; Linux procfs read failed: [Errno 13] Permission denied: '/proc/2384/io'; private commit and per-process swap I/O are unavailable; VmSwap reports allocation, not swap traffic; No documented hardware or OS energy counter is configured in WSL2; Linux procfs read failed: [Errno 3] No such process; private commit and per-process swap I/O are unavailable; VmSwap reports allocation, not swap traffic; No documented hardware or OS energy counter is configured in WSL2; private commit and per-process swap I/O are unavailable; VmSwap reports allocation, not swap traffic; No documented hardware or OS energy counter is configured in WSL2",,,,,,,2.781681,11.170898,,,,,,,measured,final-candidate evidence; validate bundle before paper reporting,measurement,true
C4-PCAS-SENSITIVITY,jellyfish-plonk-swap-sensitivity-final-v1,ef2b7370acbd2d0f7e2071ea52bd1ac2816b684f,818f4732eff71a969b798ddd9efaa33ba8140e02a576c4e4054b03e43b1e4600,private_swap,jellyfish-turboplonk-0.8.0-bn254-kzg,full-depth8-range32-paths2,"{""ablation"":""full"",""hash_rounds"":5,""membership_paths"":2,""merkle_depth"":8,""range_bits"":32,""time_bits"":16}",adapter_process_wall,2,4,wrong_public_input,true,10,290.619352,7.686581,289.972929,301.869076,280.915600,308.295070,800.000000,22.390625,9356.500000,769,2048,plonk_domain_rows,7,all-expected,,,"Linux procfs read failed: [Errno 13] Permission denied: '/proc/1121/io'; private commit and per-process swap I/O are unavailable; VmSwap reports allocation, not swap traffic; No documented hardware or OS energy counter is configured in WSL2; Linux procfs read failed: [Errno 13] Permission denied: '/proc/1439/io'; private commit and per-process swap I/O are unavailable; VmSwap reports allocation, not swap traffic; No documented hardware or OS energy counter is configured in WSL2; Linux procfs read failed: [Errno 13] Permission denied: '/proc/1633/io'; private commit and per-process swap I/O are unavailable; VmSwap reports allocation, not swap traffic; No documented hardware or OS energy counter is configured in WSL2; Linux procfs read failed: [Errno 13] Permission denied: '/proc/2180/io'; private commit and per-process swap I/O are unavailable; VmSwap reports allocation, not swap traffic; No documented hardware or OS energy counter is configured in WSL2; Linux procfs read failed: [Errno 13] Permission denied: '/proc/2215/io'; private commit and per-process swap I/O are unavailable; VmSwap reports allocation, not swap traffic; No documented hardware or OS energy counter is configured in WSL2; private commit and per-process swap I/O are unavailable; VmSwap reports allocation, not swap traffic; No documented hardware or OS energy counter is configured in WSL2",,,,,,,2.758878,11.195312,,,,,,,measured,final-candidate evidence; validate bundle before paper reporting,measurement,true
C4-PCAS-SENSITIVITY,jellyfish-plonk-swap-sensitivity-final-v1,ef2b7370acbd2d0f7e2071ea52bd1ac2816b684f,818f4732eff71a969b798ddd9efaa33ba8140e02a576c4e4054b03e43b1e4600,private_swap,jellyfish-turboplonk-0.8.0-bn254-kzg,full-depth8-range32-paths2,"{""ablation"":""full"",""hash_rounds"":5,""membership_paths"":2,""merkle_depth"":8,""range_bits"":32,""time_bits"":16}",adapter_process_wall,2,8,,true,10,264.459188,15.618941,262.452783,290.062446,239.579112,297.918463,1085.000000,27.101562,7724.500000,769,2048,plonk_domain_rows,7,all-expected,,,"Linux procfs read failed: [Errno 13] Permission denied: '/proc/1105/io'; private commit and per-process swap I/O are unavailable; VmSwap reports allocation, not swap traffic; No documented hardware or OS energy counter is configured in WSL2; Linux procfs read failed: [Errno 13] Permission denied: '/proc/1880/io'; private commit and per-process swap I/O are unavailable; VmSwap reports allocation, not swap traffic; No documented hardware or OS energy counter is configured in WSL2; Linux procfs read failed: [Errno 13] Permission denied: '/proc/1960/io'; private commit and per-process swap I/O are unavailable; VmSwap reports allocation, not swap traffic; No documented hardware or OS energy counter is configured in WSL2; Linux procfs read failed: [Errno 13] Permission denied: '/proc/2052/io'; private commit and per-process swap I/O are unavailable; VmSwap reports allocation, not swap traffic; No documented hardware or OS energy counter is configured in WSL2; Linux procfs read failed: [Errno 13] Permission denied: '/proc/2196/io'; private commit and per-process swap I/O are unavailable; VmSwap reports allocation, not swap traffic; No documented hardware or OS energy counter is configured in WSL2; Linux procfs read failed: [Errno 13] Permission denied: '/proc/2286/io'; private commit and per-process swap I/O are unavailable; VmSwap reports allocation, not swap traffic; No documented hardware or OS energy counter is configured in WSL2; Linux procfs read failed: [Errno 13] Permission denied: '/proc/887/io'; private commit and per-process swap I/O are unavailable; VmSwap reports allocation, not swap traffic; No documented hardware or OS energy counter is configured in WSL2; Linux procfs read failed: [Errno 13] Permission denied: '/proc/919/io'; private commit and per-process swap I/O are unavailable; VmSwap reports allocation, not swap traffic; No documented hardware or OS energy counter is configured in WSL2; private commit and per-process swap I/O are unavailable; VmSwap reports allocation, not swap traffic; No documented hardware or OS energy counter is configured in WSL2",,,,,,,4.134077,13.550781,,,,,,,measured,final-candidate evidence; validate bundle before paper reporting,measurement,true
C4-PCAS-SENSITIVITY,jellyfish-plonk-swap-sensitivity-final-v1,ef2b7370acbd2d0f7e2071ea52bd1ac2816b684f,818f4732eff71a969b798ddd9efaa33ba8140e02a576c4e4054b03e43b1e4600,private_swap,jellyfish-turboplonk-0.8.0-bn254-kzg,full-depth8-range32-paths2,"{""ablation"":""full"",""hash_rounds"":5,""membership_paths"":2,""merkle_depth"":8,""range_bits"":32,""time_bits"":16}",commitment,2,1,,false,,,,,,,,,,,,,,,not-applicable,,,Jellyfish exposes no stable per-proof hook for this phase,,,,,,,,,,,,,,,measured,final-candidate evidence; validate bundle before paper reporting,measurement,true
C4-PCAS-SENSITIVITY,jellyfish-plonk-swap-sensitivity-final-v1,ef2b7370acbd2d0f7e2071ea52bd1ac2816b684f,818f4732eff71a969b798ddd9efaa33ba8140e02a576c4e4054b03e43b1e4600,private_swap,jellyfish-turboplonk-0.8.0-bn254-kzg,full-depth8-range32-paths2,"{""ablation"":""full"",""hash_rounds"":5,""membership_paths"":2,""merkle_depth"":8,""range_bits"":32,""time_bits"":16}",commitment,2,1,wrong_public_input,false,,,,,,,,,,,,,,,not-applicable,,,Jellyfish exposes no stable per-proof hook for this phase,,,,,,,,,,,,,,,measured,final-candidate evidence; validate bundle before paper reporting,measurement,true
C4-PCAS-SENSITIVITY,jellyfish-plonk-swap-sensitivity-final-v1,ef2b7370acbd2d0f7e2071ea52bd1ac2816b684f,818f4732eff71a969b798ddd9efaa33ba8140e02a576c4e4054b03e43b1e4600,private_swap,jellyfish-turboplonk-0.8.0-bn254-kzg,full-depth8-range32-paths2,"{""ablation"":""full"",""hash_rounds"":5,""membership_paths"":2,""merkle_depth"":8,""range_bits"":32,""time_bits"":16}",commitment,2,2,,false,,,,,,,,,,,,,,,not-applicable,,,Jellyfish exposes no stable per-proof hook for this phase,,,,,,,,,,,,,,,measured,final-candidate evidence; validate bundle before paper reporting,measurement,true
C4-PCAS-SENSITIVITY,jellyfish-plonk-swap-sensitivity-final-v1,ef2b7370acbd2d0f7e2071ea52bd1ac2816b684f,818f4732eff71a969b798ddd9efaa33ba8140e02a576c4e4054b03e43b1e4600,private_swap,jellyfish-turboplonk-0.8.0-bn254-kzg,full-depth8-range32-paths2,"{""ablation"":""full"",""hash_rounds"":5,""membership_paths"":2,""merkle_depth"":8,""range_bits"":32,""time_bits"":16}",commitment,2,4,,false,,,,,,,,,,,,,,,not-applicable,,,Jellyfish exposes no stable per-proof hook for this phase,,,,,,,,,,,,,,,measured,final-candidate evidence; validate bundle before paper reporting,measurement,true
C4-PCAS-SENSITIVITY,jellyfish-plonk-swap-sensitivity-final-v1,ef2b7370acbd2d0f7e2071ea52bd1ac2816b684f,818f4732eff71a969b798ddd9efaa33ba8140e02a576c4e4054b03e43b1e4600,private_swap,jellyfish-turboplonk-0.8.0-bn254-kzg,full-depth8-range32-paths2,"{""ablation"":""full"",""hash_rounds"":5,""membership_paths"":2,""merkle_depth"":8,""range_bits"":32,""time_bits"":16}",commitment,2,4,wrong_public_input,false,,,,,,,,,,,,,,,not-applicable,,,Jellyfish exposes no stable per-proof hook for this phase,,,,,,,,,,,,,,,measured,final-candidate evidence; validate bundle before paper reporting,measurement,true
C4-PCAS-SENSITIVITY,jellyfish-plonk-swap-sensitivity-final-v1,ef2b7370acbd2d0f7e2071ea52bd1ac2816b684f,818f4732eff71a969b798ddd9efaa33ba8140e02a576c4e4054b03e43b1e4600,private_swap,jellyfish-turboplonk-0.8.0-bn254-kzg,full-depth8-range32-paths2,"{""ablation"":""full"",""hash_rounds"":5,""membership_paths"":2,""merkle_depth"":8,""range_bits"":32,""time_bits"":16}",commitment,2,8,,false,,,,,,,,,,,,,,,not-applicable,,,Jellyfish exposes no stable per-proof hook for this phase,,,,,,,,,,,,,,,measured,final-candidate evidence; validate bundle before paper reporting,measurement,true
C4-PCAS-SENSITIVITY,jellyfish-plonk-swap-sensitivity-final-v1,ef2b7370acbd2d0f7e2071ea52bd1ac2816b684f,818f4732eff71a969b798ddd9efaa33ba8140e02a576c4e4054b03e43b1e4600,private_swap,jellyfish-turboplonk-0.8.0-bn254-kzg,full-depth8-range32-paths2,"{""ablation"":""full"",""hash_rounds"":5,""membership_paths"":2,""merkle_depth"":8,""range_bits"":32,""time_bits"":16}",deserialize,2,1,,true,10,0.303507,0.039734,0.300199,0.357072,0.240001,0.368406,,,,,,,,not-applicable,,,,,,,,,,,,,,,,,,measured,final-candidate evidence; validate bundle before paper reporting,measurement,true
C4-PCAS-SENSITIVITY,jellyfish-plonk-swap-sensitivity-final-v1,ef2b7370acbd2d0f7e2071ea52bd1ac2816b684f,818f4732eff71a969b798ddd9efaa33ba8140e02a576c4e4054b03e43b1e4600,private_swap,jellyfish-turboplonk-0.8.0-bn254-kzg,full-depth8-range32-paths2,"{""ablation"":""full"",""hash_rounds"":5,""membership_paths"":2,""merkle_depth"":8,""range_bits"":32,""time_bits"":16}",deserialize,2,1,wrong_public_input,true,10,0.336345,0.069540,0.317466,0.446795,0.245196,0.478971,,,,,,,,not-applicable,,,,,,,,,,,,,,,,,,measured,final-candidate evidence; validate bundle before paper reporting,measurement,true
C4-PCAS-SENSITIVITY,jellyfish-plonk-swap-sensitivity-final-v1,ef2b7370acbd2d0f7e2071ea52bd1ac2816b684f,818f4732eff71a969b798ddd9efaa33ba8140e02a576c4e4054b03e43b1e4600,private_swap,jellyfish-turboplonk-0.8.0-bn254-kzg,full-depth8-range32-paths2,"{""ablation"":""full"",""hash_rounds"":5,""membership_paths"":2,""merkle_depth"":8,""range_bits"":32,""time_bits"":16}",deserialize,2,2,,true,10,0.368838,0.057124,0.356471,0.461245,0.313413,0.520820,,,,,,,,not-applicable,,,,,,,,,,,,,,,,,,measured,final-candidate evidence; validate bundle before paper reporting,measurement,true
C4-PCAS-SENSITIVITY,jellyfish-plonk-swap-sensitivity-final-v1,ef2b7370acbd2d0f7e2071ea52bd1ac2816b684f,818f4732eff71a969b798ddd9efaa33ba8140e02a576c4e4054b03e43b1e4600,private_swap,jellyfish-turboplonk-0.8.0-bn254-kzg,full-depth8-range32-paths2,"{""ablation"":""full"",""hash_rounds"":5,""membership_paths"":2,""merkle_depth"":8,""range_bits"":32,""time_bits"":16}",deserialize,2,4,,true,10,0.918410,0.069048,0.909455,1.011183,0.835646,1.036709,,,,,,,,not-applicable,,,,,,,,,,,,,,,,,,measured,final-candidate evidence; validate bundle before paper reporting,measurement,true
C4-PCAS-SENSITIVITY,jellyfish-plonk-swap-sensitivity-final-v1,ef2b7370acbd2d0f7e2071ea52bd1ac2816b684f,818f4732eff71a969b798ddd9efaa33ba8140e02a576c4e4054b03e43b1e4600,private_swap,jellyfish-turboplonk-0.8.0-bn254-kzg,full-depth8-range32-paths2,"{""ablation"":""full"",""hash_rounds"":5,""membership_paths"":2,""merkle_depth"":8,""range_bits"":32,""time_bits"":16}",deserialize,2,4,wrong_public_input,true,10,0.882149,0.144007,0.867434,1.090101,0.601369,1.134671,,,,,,,,not-applicable,,,,,,,,,,,,,,,,,,measured,final-candidate evidence; validate bundle before paper reporting,measurement,true
C4-PCAS-SENSITIVITY,jellyfish-plonk-swap-sensitivity-final-v1,ef2b7370acbd2d0f7e2071ea52bd1ac2816b684f,818f4732eff71a969b798ddd9efaa33ba8140e02a576c4e4054b03e43b1e4600,private_swap,jellyfish-turboplonk-0.8.0-bn254-kzg,full-depth8-range32-paths2,"{""ablation"":""full"",""hash_rounds"":5,""membership_paths"":2,""merkle_depth"":8,""range_bits"":32,""time_bits"":16}",deserialize,2,8,,true,10,1.638124,0.175138,1.592142,1.912493,1.408531,1.927101,,,,,,,,not-applicable,,,,,,,,,,,,,,,,,,measured,final-candidate evidence; validate bundle before paper reporting,measurement,true
C4-PCAS-SENSITIVITY,jellyfish-plonk-swap-sensitivity-final-v1,ef2b7370acbd2d0f7e2071ea52bd1ac2816b684f,818f4732eff71a969b798ddd9efaa33ba8140e02a576c4e4054b03e43b1e4600,private_swap,jellyfish-turboplonk-0.8.0-bn254-kzg,full-depth8-range32-paths2,"{""ablation"":""full"",""hash_rounds"":5,""membership_paths"":2,""merkle_depth"":8,""range_bits"":32,""time_bits"":16}",fft_ntt,2,1,,false,,,,,,,,,,,,,,,not-applicable,,,Jellyfish exposes no stable per-proof hook for this phase,,,,,,,,,,,,,,,measured,final-candidate evidence; validate bundle before paper reporting,measurement,true
C4-PCAS-SENSITIVITY,jellyfish-plonk-swap-sensitivity-final-v1,ef2b7370acbd2d0f7e2071ea52bd1ac2816b684f,818f4732eff71a969b798ddd9efaa33ba8140e02a576c4e4054b03e43b1e4600,private_swap,jellyfish-turboplonk-0.8.0-bn254-kzg,full-depth8-range32-paths2,"{""ablation"":""full"",""hash_rounds"":5,""membership_paths"":2,""merkle_depth"":8,""range_bits"":32,""time_bits"":16}",fft_ntt,2,1,wrong_public_input,false,,,,,,,,,,,,,,,not-applicable,,,Jellyfish exposes no stable per-proof hook for this phase,,,,,,,,,,,,,,,measured,final-candidate evidence; validate bundle before paper reporting,measurement,true
C4-PCAS-SENSITIVITY,jellyfish-plonk-swap-sensitivity-final-v1,ef2b7370acbd2d0f7e2071ea52bd1ac2816b684f,818f4732eff71a969b798ddd9efaa33ba8140e02a576c4e4054b03e43b1e4600,private_swap,jellyfish-turboplonk-0.8.0-bn254-kzg,full-depth8-range32-paths2,"{""ablation"":""full"",""hash_rounds"":5,""membership_paths"":2,""merkle_depth"":8,""range_bits"":32,""time_bits"":16}",fft_ntt,2,2,,false,,,,,,,,,,,,,,,not-applicable,,,Jellyfish exposes no stable per-proof hook for this phase,,,,,,,,,,,,,,,measured,final-candidate evidence; validate bundle before paper reporting,measurement,true
C4-PCAS-SENSITIVITY,jellyfish-plonk-swap-sensitivity-final-v1,ef2b7370acbd2d0f7e2071ea52bd1ac2816b684f,818f4732eff71a969b798ddd9efaa33ba8140e02a576c4e4054b03e43b1e4600,private_swap,jellyfish-turboplonk-0.8.0-bn254-kzg,full-depth8-range32-paths2,"{""ablation"":""full"",""hash_rounds"":5,""membership_paths"":2,""merkle_depth"":8,""range_bits"":32,""time_bits"":16}",fft_ntt,2,4,,false,,,,,,,,,,,,,,,not-applicable,,,Jellyfish exposes no stable per-proof hook for this phase,,,,,,,,,,,,,,,measured,final-candidate evidence; validate bundle before paper reporting,measurement,true
C4-PCAS-SENSITIVITY,jellyfish-plonk-swap-sensitivity-final-v1,ef2b7370acbd2d0f7e2071ea52bd1ac2816b684f,818f4732eff71a969b798ddd9efaa33ba8140e02a576c4e4054b03e43b1e4600,private_swap,jellyfish-turboplonk-0.8.0-bn254-kzg,full-depth8-range32-paths2,"{""ablation"":""full"",""hash_rounds"":5,""membership_paths"":2,""merkle_depth"":8,""range_bits"":32,""time_bits"":16}",fft_ntt,2,4,wrong_public_input,false,,,,,,,,,,,,,,,not-applicable,,,Jellyfish exposes no stable per-proof hook for this phase,,,,,,,,,,,,,,,measured,final-candidate evidence; validate bundle before paper reporting,measurement,true
C4-PCAS-SENSITIVITY,jellyfish-plonk-swap-sensitivity-final-v1,ef2b7370acbd2d0f7e2071ea52bd1ac2816b684f,818f4732eff71a969b798ddd9efaa33ba8140e02a576c4e4054b03e43b1e4600,private_swap,jellyfish-turboplonk-0.8.0-bn254-kzg,full-depth8-range32-paths2,"{""ablation"":""full"",""hash_rounds"":5,""membership_paths"":2,""merkle_depth"":8,""range_bits"":32,""time_bits"":16}",fft_ntt,2,8,,false,,,,,,,,,,,,,,,not-applicable,,,Jellyfish exposes no stable per-proof hook for this phase,,,,,,,,,,,,,,,measured,final-candidate evidence; validate bundle before paper reporting,measurement,true
C4-PCAS-SENSITIVITY,jellyfish-plonk-swap-sensitivity-final-v1,ef2b7370acbd2d0f7e2071ea52bd1ac2816b684f,818f4732eff71a969b798ddd9efaa33ba8140e02a576c4e4054b03e43b1e4600,private_swap,jellyfish-turboplonk-0.8.0-bn254-kzg,full-depth8-range32-paths2,"{""ablation"":""full"",""hash_rounds"":5,""membership_paths"":2,""merkle_depth"":8,""range_bits"":32,""time_bits"":16}",key_load,2,1,,false,,,,,,,,,,,,,,,not-applicable,,,Jellyfish exposes no stable per-proof hook for this phase,,,,,,,,,,,,,,,measured,final-candidate evidence; validate bundle before paper reporting,measurement,true
C4-PCAS-SENSITIVITY,jellyfish-plonk-swap-sensitivity-final-v1,ef2b7370acbd2d0f7e2071ea52bd1ac2816b684f,818f4732eff71a969b798ddd9efaa33ba8140e02a576c4e4054b03e43b1e4600,private_swap,jellyfish-turboplonk-0.8.0-bn254-kzg,full-depth8-range32-paths2,"{""ablation"":""full"",""hash_rounds"":5,""membership_paths"":2,""merkle_depth"":8,""range_bits"":32,""time_bits"":16}",key_load,2,1,wrong_public_input,false,,,,,,,,,,,,,,,not-applicable,,,Jellyfish exposes no stable per-proof hook for this phase,,,,,,,,,,,,,,,measured,final-candidate evidence; validate bundle before paper reporting,measurement,true
C4-PCAS-SENSITIVITY,jellyfish-plonk-swap-sensitivity-final-v1,ef2b7370acbd2d0f7e2071ea52bd1ac2816b684f,818f4732eff71a969b798ddd9efaa33ba8140e02a576c4e4054b03e43b1e4600,private_swap,jellyfish-turboplonk-0.8.0-bn254-kzg,full-depth8-range32-paths2,"{""ablation"":""full"",""hash_rounds"":5,""membership_paths"":2,""merkle_depth"":8,""range_bits"":32,""time_bits"":16}",key_load,2,2,,false,,,,,,,,,,,,,,,not-applicable,,,Jellyfish exposes no stable per-proof hook for this phase,,,,,,,,,,,,,,,measured,final-candidate evidence; validate bundle before paper reporting,measurement,true
C4-PCAS-SENSITIVITY,jellyfish-plonk-swap-sensitivity-final-v1,ef2b7370acbd2d0f7e2071ea52bd1ac2816b684f,818f4732eff71a969b798ddd9efaa33ba8140e02a576c4e4054b03e43b1e4600,private_swap,jellyfish-turboplonk-0.8.0-bn254-kzg,full-depth8-range32-paths2,"{""ablation"":""full"",""hash_rounds"":5,""membership_paths"":2,""merkle_depth"":8,""range_bits"":32,""time_bits"":16}",key_load,2,4,,false,,,,,,,,,,,,,,,not-applicable,,,Jellyfish exposes no stable per-proof hook for this phase,,,,,,,,,,,,,,,measured,final-candidate evidence; validate bundle before paper reporting,measurement,true
C4-PCAS-SENSITIVITY,jellyfish-plonk-swap-sensitivity-final-v1,ef2b7370acbd2d0f7e2071ea52bd1ac2816b684f,818f4732eff71a969b798ddd9efaa33ba8140e02a576c4e4054b03e43b1e4600,private_swap,jellyfish-turboplonk-0.8.0-bn254-kzg,full-depth8-range32-paths2,"{""ablation"":""full"",""hash_rounds"":5,""membership_paths"":2,""merkle_depth"":8,""range_bits"":32,""time_bits"":16}",key_load,2,4,wrong_public_input,false,,,,,,,,,,,,,,,not-applicable,,,Jellyfish exposes no stable per-proof hook for this phase,,,,,,,,,,,,,,,measured,final-candidate evidence; validate bundle before paper reporting,measurement,true
C4-PCAS-SENSITIVITY,jellyfish-plonk-swap-sensitivity-final-v1,ef2b7370acbd2d0f7e2071ea52bd1ac2816b684f,818f4732eff71a969b798ddd9efaa33ba8140e02a576c4e4054b03e43b1e4600,private_swap,jellyfish-turboplonk-0.8.0-bn254-kzg,full-depth8-range32-paths2,"{""ablation"":""full"",""hash_rounds"":5,""membership_paths"":2,""merkle_depth"":8,""range_bits"":32,""time_bits"":16}",key_load,2,8,,false,,,,,,,,,,,,,,,not-applicable,,,Jellyfish exposes no stable per-proof hook for this phase,,,,,,,,,,,,,,,measured,final-candidate evidence; validate bundle before paper reporting,measurement,true
C4-PCAS-SENSITIVITY,jellyfish-plonk-swap-sensitivity-final-v1,ef2b7370acbd2d0f7e2071ea52bd1ac2816b684f,818f4732eff71a969b798ddd9efaa33ba8140e02a576c4e4054b03e43b1e4600,private_swap,jellyfish-turboplonk-0.8.0-bn254-kzg,full-depth8-range32-paths2,"{""ablation"":""full"",""hash_rounds"":5,""membership_paths"":2,""merkle_depth"":8,""range_bits"":32,""time_bits"":16}",msm,2,1,,false,,,,,,,,,,,,,,,not-applicable,,,Jellyfish exposes no stable per-proof hook for this phase,,,,,,,,,,,,,,,measured,final-candidate evidence; validate bundle before paper reporting,measurement,true
C4-PCAS-SENSITIVITY,jellyfish-plonk-swap-sensitivity-final-v1,ef2b7370acbd2d0f7e2071ea52bd1ac2816b684f,818f4732eff71a969b798ddd9efaa33ba8140e02a576c4e4054b03e43b1e4600,private_swap,jellyfish-turboplonk-0.8.0-bn254-kzg,full-depth8-range32-paths2,"{""ablation"":""full"",""hash_rounds"":5,""membership_paths"":2,""merkle_depth"":8,""range_bits"":32,""time_bits"":16}",msm,2,1,wrong_public_input,false,,,,,,,,,,,,,,,not-applicable,,,Jellyfish exposes no stable per-proof hook for this phase,,,,,,,,,,,,,,,measured,final-candidate evidence; validate bundle before paper reporting,measurement,true
C4-PCAS-SENSITIVITY,jellyfish-plonk-swap-sensitivity-final-v1,ef2b7370acbd2d0f7e2071ea52bd1ac2816b684f,818f4732eff71a969b798ddd9efaa33ba8140e02a576c4e4054b03e43b1e4600,private_swap,jellyfish-turboplonk-0.8.0-bn254-kzg,full-depth8-range32-paths2,"{""ablation"":""full"",""hash_rounds"":5,""membership_paths"":2,""merkle_depth"":8,""range_bits"":32,""time_bits"":16}",msm,2,2,,false,,,,,,,,,,,,,,,not-applicable,,,Jellyfish exposes no stable per-proof hook for this phase,,,,,,,,,,,,,,,measured,final-candidate evidence; validate bundle before paper reporting,measurement,true
C4-PCAS-SENSITIVITY,jellyfish-plonk-swap-sensitivity-final-v1,ef2b7370acbd2d0f7e2071ea52bd1ac2816b684f,818f4732eff71a969b798ddd9efaa33ba8140e02a576c4e4054b03e43b1e4600,private_swap,jellyfish-turboplonk-0.8.0-bn254-kzg,full-depth8-range32-paths2,"{""ablation"":""full"",""hash_rounds"":5,""membership_paths"":2,""merkle_depth"":8,""range_bits"":32,""time_bits"":16}",msm,2,4,,false,,,,,,,,,,,,,,,not-applicable,,,Jellyfish exposes no stable per-proof hook for this phase,,,,,,,,,,,,,,,measured,final-candidate evidence; validate bundle before paper reporting,measurement,true
C4-PCAS-SENSITIVITY,jellyfish-plonk-swap-sensitivity-final-v1,ef2b7370acbd2d0f7e2071ea52bd1ac2816b684f,818f4732eff71a969b798ddd9efaa33ba8140e02a576c4e4054b03e43b1e4600,private_swap,jellyfish-turboplonk-0.8.0-bn254-kzg,full-depth8-range32-paths2,"{""ablation"":""full"",""hash_rounds"":5,""membership_paths"":2,""merkle_depth"":8,""range_bits"":32,""time_bits"":16}",msm,2,4,wrong_public_input,false,,,,,,,,,,,,,,,not-applicable,,,Jellyfish exposes no stable per-proof hook for this phase,,,,,,,,,,,,,,,measured,final-candidate evidence; validate bundle before paper reporting,measurement,true
C4-PCAS-SENSITIVITY,jellyfish-plonk-swap-sensitivity-final-v1,ef2b7370acbd2d0f7e2071ea52bd1ac2816b684f,818f4732eff71a969b798ddd9efaa33ba8140e02a576c4e4054b03e43b1e4600,private_swap,jellyfish-turboplonk-0.8.0-bn254-kzg,full-depth8-range32-paths2,"{""ablation"":""full"",""hash_rounds"":5,""membership_paths"":2,""merkle_depth"":8,""range_bits"":32,""time_bits"":16}",msm,2,8,,false,,,,,,,,,,,,,,,not-applicable,,,Jellyfish exposes no stable per-proof hook for this phase,,,,,,,,,,,,,,,measured,final-candidate evidence; validate bundle before paper reporting,measurement,true
C4-PCAS-SENSITIVITY,jellyfish-plonk-swap-sensitivity-final-v1,ef2b7370acbd2d0f7e2071ea52bd1ac2816b684f,818f4732eff71a969b798ddd9efaa33ba8140e02a576c4e4054b03e43b1e4600,private_swap,jellyfish-turboplonk-0.8.0-bn254-kzg,full-depth8-range32-paths2,"{""ablation"":""full"",""hash_rounds"":5,""membership_paths"":2,""merkle_depth"":8,""range_bits"":32,""time_bits"":16}",native_execution,2,1,,true,10,1.923080,0.216467,1.881299,2.265793,1.703811,2.472931,,,,,,,,not-applicable,,,,,,,,,,,,,,,,,,measured,final-candidate evidence; validate bundle before paper reporting,measurement,true
C4-PCAS-SENSITIVITY,jellyfish-plonk-swap-sensitivity-final-v1,ef2b7370acbd2d0f7e2071ea52bd1ac2816b684f,818f4732eff71a969b798ddd9efaa33ba8140e02a576c4e4054b03e43b1e4600,private_swap,jellyfish-turboplonk-0.8.0-bn254-kzg,full-depth8-range32-paths2,"{""ablation"":""full"",""hash_rounds"":5,""membership_paths"":2,""merkle_depth"":8,""range_bits"":32,""time_bits"":16}",native_execution,2,1,wrong_public_input,true,10,1.870370,0.170496,1.812248,2.127042,1.687240,2.221549,,,,,,,,not-applicable,,,,,,,,,,,,,,,,,,measured,final-candidate evidence; validate bundle before paper reporting,measurement,true
C4-PCAS-SENSITIVITY,jellyfish-plonk-swap-sensitivity-final-v1,ef2b7370acbd2d0f7e2071ea52bd1ac2816b684f,818f4732eff71a969b798ddd9efaa33ba8140e02a576c4e4054b03e43b1e4600,private_swap,jellyfish-turboplonk-0.8.0-bn254-kzg,full-depth8-range32-paths2,"{""ablation"":""full"",""hash_rounds"":5,""membership_paths"":2,""merkle_depth"":8,""range_bits"":32,""time_bits"":16}",native_execution,2,2,,true,10,1.878323,0.185523,1.803450,2.132285,1.686859,2.164768,,,,,,,,not-applicable,,,,,,,,,,,,,,,,,,measured,final-candidate evidence; validate bundle before paper reporting,measurement,true
C4-PCAS-SENSITIVITY,jellyfish-plonk-swap-sensitivity-final-v1,ef2b7370acbd2d0f7e2071ea52bd1ac2816b684f,818f4732eff71a969b798ddd9efaa33ba8140e02a576c4e4054b03e43b1e4600,private_swap,jellyfish-turboplonk-0.8.0-bn254-kzg,full-depth8-range32-paths2,"{""ablation"":""full"",""hash_rounds"":5,""membership_paths"":2,""merkle_depth"":8,""range_bits"":32,""time_bits"":16}",native_execution,2,4,,true,10,1.918997,0.149432,1.937485,2.110201,1.667493,2.171872,,,,,,,,not-applicable,,,,,,,,,,,,,,,,,,measured,final-candidate evidence; validate bundle before paper reporting,measurement,true
C4-PCAS-SENSITIVITY,jellyfish-plonk-swap-sensitivity-final-v1,ef2b7370acbd2d0f7e2071ea52bd1ac2816b684f,818f4732eff71a969b798ddd9efaa33ba8140e02a576c4e4054b03e43b1e4600,private_swap,jellyfish-turboplonk-0.8.0-bn254-kzg,full-depth8-range32-paths2,"{""ablation"":""full"",""hash_rounds"":5,""membership_paths"":2,""merkle_depth"":8,""range_bits"":32,""time_bits"":16}",native_execution,2,4,wrong_public_input,true,10,1.907085,0.152890,1.862964,2.162359,1.745378,2.198521,,,,,,,,not-applicable,,,,,,,,,,,,,,,,,,measured,final-candidate evidence; validate bundle before paper reporting,measurement,true
C4-PCAS-SENSITIVITY,jellyfish-plonk-swap-sensitivity-final-v1,ef2b7370acbd2d0f7e2071ea52bd1ac2816b684f,818f4732eff71a969b798ddd9efaa33ba8140e02a576c4e4054b03e43b1e4600,private_swap,jellyfish-turboplonk-0.8.0-bn254-kzg,full-depth8-range32-paths2,"{""ablation"":""full"",""hash_rounds"":5,""membership_paths"":2,""merkle_depth"":8,""range_bits"":32,""time_bits"":16}",native_execution,2,8,,true,10,1.907896,0.118608,1.857547,2.080834,1.764003,2.086008,,,,,,,,not-applicable,,,,,,,,,,,,,,,,,,measured,final-candidate evidence; validate bundle before paper reporting,measurement,true
C4-PCAS-SENSITIVITY,jellyfish-plonk-swap-sensitivity-final-v1,ef2b7370acbd2d0f7e2071ea52bd1ac2816b684f,818f4732eff71a969b798ddd9efaa33ba8140e02a576c4e4054b03e43b1e4600,private_swap,jellyfish-turboplonk-0.8.0-bn254-kzg,full-depth8-range32-paths2,"{""ablation"":""full"",""hash_rounds"":5,""membership_paths"":2,""merkle_depth"":8,""range_bits"":32,""time_bits"":16}",prove_total,2,1,,true,10,439.718096,14.271967,439.235967,458.529277,407.065085,459.198506,,,,,,,,not-applicable,,,,,,,,4.553361,233.474769,,,,,,,,,measured,final-candidate evidence; validate bundle before paper reporting,measurement,true
C4-PCAS-SENSITIVITY,jellyfish-plonk-swap-sensitivity-final-v1,ef2b7370acbd2d0f7e2071ea52bd1ac2816b684f,818f4732eff71a969b798ddd9efaa33ba8140e02a576c4e4054b03e43b1e4600,private_swap,jellyfish-turboplonk-0.8.0-bn254-kzg,full-depth8-range32-paths2,"{""ablation"":""full"",""hash_rounds"":5,""membership_paths"":2,""merkle_depth"":8,""range_bits"":32,""time_bits"":16}",prove_total,2,1,wrong_public_input,true,10,434.909271,5.874982,435.327646,441.916769,421.237942,442.520543,,,,,,,,not-applicable,,,,,,,,,,,,,,,,,,measured,final-candidate evidence; validate bundle before paper reporting,measurement,true
C4-PCAS-SENSITIVITY,jellyfish-plonk-swap-sensitivity-final-v1,ef2b7370acbd2d0f7e2071ea52bd1ac2816b684f,818f4732eff71a969b798ddd9efaa33ba8140e02a576c4e4054b03e43b1e4600,private_swap,jellyfish-turboplonk-0.8.0-bn254-kzg,full-depth8-range32-paths2,"{""ablation"":""full"",""hash_rounds"":5,""membership_paths"":2,""merkle_depth"":8,""range_bits"":32,""time_bits"":16}",prove_total,2,2,,true,10,239.337177,8.305307,237.885372,250.757016,224.564654,252.445254,,,,,,,,not-applicable,,,,1.846419,1.777240,1.892697,0.923209,8.407411,131.905684,,,,,,,,,measured,final-candidate evidence; validate bundle before paper reporting,measurement,true
C4-PCAS-SENSITIVITY,jellyfish-plonk-swap-sensitivity-final-v1,ef2b7370acbd2d0f7e2071ea52bd1ac2816b684f,818f4732eff71a969b798ddd9efaa33ba8140e02a576c4e4054b03e43b1e4600,private_swap,jellyfish-turboplonk-0.8.0-bn254-kzg,full-depth8-range32-paths2,"{""ablation"":""full"",""hash_rounds"":5,""membership_paths"":2,""merkle_depth"":8,""range_bits"":32,""time_bits"":16}",prove_total,2,4,,true,10,160.691806,18.200524,155.109062,188.839203,150.391553,211.871273,,,,,,,,not-applicable,,,,2.831788,2.775564,2.896455,0.707947,12.894153,80.056910,,,,,,,,,measured,final-candidate evidence; validate bundle before paper reporting,measurement,true
C4-PCAS-SENSITIVITY,jellyfish-plonk-swap-sensitivity-final-v1,ef2b7370acbd2d0f7e2071ea52bd1ac2816b684f,818f4732eff71a969b798ddd9efaa33ba8140e02a576c4e4054b03e43b1e4600,private_swap,jellyfish-turboplonk-0.8.0-bn254-kzg,full-depth8-range32-paths2,"{""ablation"":""full"",""hash_rounds"":5,""membership_paths"":2,""merkle_depth"":8,""range_bits"":32,""time_bits"":16}",prove_total,2,4,wrong_public_input,true,10,151.885263,5.710690,152.152627,160.155642,143.379321,165.434858,,,,,,,,not-applicable,,,,,,,,,,,,,,,,,,measured,final-candidate evidence; validate bundle before paper reporting,measurement,true
C4-PCAS-SENSITIVITY,jellyfish-plonk-swap-sensitivity-final-v1,ef2b7370acbd2d0f7e2071ea52bd1ac2816b684f,818f4732eff71a969b798ddd9efaa33ba8140e02a576c4e4054b03e43b1e4600,private_swap,jellyfish-turboplonk-0.8.0-bn254-kzg,full-depth8-range32-paths2,"{""ablation"":""full"",""hash_rounds"":5,""membership_paths"":2,""merkle_depth"":8,""range_bits"":32,""time_bits"":16}",prove_total,2,8,,true,10,145.844325,10.588852,143.235599,163.438321,129.408570,170.173314,,,,,,,,not-applicable,,,,3.066528,2.927421,3.121149,0.383316,13.963009,77.110101,,,,,,,,,measured,final-candidate evidence; validate bundle before paper reporting,measurement,true
C4-PCAS-SENSITIVITY,jellyfish-plonk-swap-sensitivity-final-v1,ef2b7370acbd2d0f7e2071ea52bd1ac2816b684f,818f4732eff71a969b798ddd9efaa33ba8140e02a576c4e4054b03e43b1e4600,private_swap,jellyfish-turboplonk-0.8.0-bn254-kzg,full-depth8-range32-paths2,"{""ablation"":""full"",""hash_rounds"":5,""membership_paths"":2,""merkle_depth"":8,""range_bits"":32,""time_bits"":16}",serialize,2,1,,true,10,0.006547,0.001285,0.006542,0.008306,0.004769,0.008946,,,,,,,,not-applicable,,,,,,,,,,,,,,,,,,measured,final-candidate evidence; validate bundle before paper reporting,measurement,true
C4-PCAS-SENSITIVITY,jellyfish-plonk-swap-sensitivity-final-v1,ef2b7370acbd2d0f7e2071ea52bd1ac2816b684f,818f4732eff71a969b798ddd9efaa33ba8140e02a576c4e4054b03e43b1e4600,private_swap,jellyfish-turboplonk-0.8.0-bn254-kzg,full-depth8-range32-paths2,"{""ablation"":""full"",""hash_rounds"":5,""membership_paths"":2,""merkle_depth"":8,""range_bits"":32,""time_bits"":16}",serialize,2,1,wrong_public_input,true,10,0.006776,0.001430,0.007469,0.008152,0.004338,0.008256,,,,,,,,not-applicable,,,,,,,,,,,,,,,,,,measured,final-candidate evidence; validate bundle before paper reporting,measurement,true
C4-PCAS-SENSITIVITY,jellyfish-plonk-swap-sensitivity-final-v1,ef2b7370acbd2d0f7e2071ea52bd1ac2816b684f,818f4732eff71a969b798ddd9efaa33ba8140e02a576c4e4054b03e43b1e4600,private_swap,jellyfish-turboplonk-0.8.0-bn254-kzg,full-depth8-range32-paths2,"{""ablation"":""full"",""hash_rounds"":5,""membership_paths"":2,""merkle_depth"":8,""range_bits"":32,""time_bits"":16}",serialize,2,2,,true,10,0.006260,0.001493,0.006792,0.007879,0.003406,0.008045,,,,,,,,not-applicable,,,,,,,,,,,,,,,,,,measured,final-candidate evidence; validate bundle before paper reporting,measurement,true
C4-PCAS-SENSITIVITY,jellyfish-plonk-swap-sensitivity-final-v1,ef2b7370acbd2d0f7e2071ea52bd1ac2816b684f,818f4732eff71a969b798ddd9efaa33ba8140e02a576c4e4054b03e43b1e4600,private_swap,jellyfish-turboplonk-0.8.0-bn254-kzg,full-depth8-range32-paths2,"{""ablation"":""full"",""hash_rounds"":5,""membership_paths"":2,""merkle_depth"":8,""range_bits"":32,""time_bits"":16}",serialize,2,4,,true,10,0.012830,0.023224,0.005295,0.046580,0.004208,0.078837,,,,,,,,not-applicable,,,,,,,,,,,,,,,,,,measured,final-candidate evidence; validate bundle before paper reporting,measurement,true
C4-PCAS-SENSITIVITY,jellyfish-plonk-swap-sensitivity-final-v1,ef2b7370acbd2d0f7e2071ea52bd1ac2816b684f,818f4732eff71a969b798ddd9efaa33ba8140e02a576c4e4054b03e43b1e4600,private_swap,jellyfish-turboplonk-0.8.0-bn254-kzg,full-depth8-range32-paths2,"{""ablation"":""full"",""hash_rounds"":5,""membership_paths"":2,""merkle_depth"":8,""range_bits"":32,""time_bits"":16}",serialize,2,4,wrong_public_input,true,10,0.006559,0.001796,0.007108,0.008490,0.004177,0.008566,,,,,,,,not-applicable,,,,,,,,,,,,,,,,,,measured,final-candidate evidence; validate bundle before paper reporting,measurement,true
C4-PCAS-SENSITIVITY,jellyfish-plonk-swap-sensitivity-final-v1,ef2b7370acbd2d0f7e2071ea52bd1ac2816b684f,818f4732eff71a969b798ddd9efaa33ba8140e02a576c4e4054b03e43b1e4600,private_swap,jellyfish-turboplonk-0.8.0-bn254-kzg,full-depth8-range32-paths2,"{""ablation"":""full"",""hash_rounds"":5,""membership_paths"":2,""merkle_depth"":8,""range_bits"":32,""time_bits"":16}",serialize,2,8,,true,10,0.006214,0.001675,0.005871,0.008864,0.004768,0.010379,,,,,,,,not-applicable,,,,,,,,,,,,,,,,,,measured,final-candidate evidence; validate bundle before paper reporting,measurement,true
C4-PCAS-SENSITIVITY,jellyfish-plonk-swap-sensitivity-final-v1,ef2b7370acbd2d0f7e2071ea52bd1ac2816b684f,818f4732eff71a969b798ddd9efaa33ba8140e02a576c4e4054b03e43b1e4600,private_swap,jellyfish-turboplonk-0.8.0-bn254-kzg,full-depth8-range32-paths2,"{""ablation"":""full"",""hash_rounds"":5,""membership_paths"":2,""merkle_depth"":8,""range_bits"":32,""time_bits"":16}",setup_or_preprocess,2,1,,true,10,289.296661,22.979673,280.550988,331.855365,272.329412,345.485186,,,,,,,,not-applicable,,,,,,,,,,,,,,,,,,measured,final-candidate evidence; validate bundle before paper reporting,measurement,true
C4-PCAS-SENSITIVITY,jellyfish-plonk-swap-sensitivity-final-v1,ef2b7370acbd2d0f7e2071ea52bd1ac2816b684f,818f4732eff71a969b798ddd9efaa33ba8140e02a576c4e4054b03e43b1e4600,private_swap,jellyfish-turboplonk-0.8.0-bn254-kzg,full-depth8-range32-paths2,"{""ablation"":""full"",""hash_rounds"":5,""membership_paths"":2,""merkle_depth"":8,""range_bits"":32,""time_bits"":16}",setup_or_preprocess,2,1,wrong_public_input,true,10,281.201537,14.162824,277.798480,303.429392,269.052905,319.903892,,,,,,,,not-applicable,,,,,,,,,,,,,,,,,,measured,final-candidate evidence; validate bundle before paper reporting,measurement,true
C4-PCAS-SENSITIVITY,jellyfish-plonk-swap-sensitivity-final-v1,ef2b7370acbd2d0f7e2071ea52bd1ac2816b684f,818f4732eff71a969b798ddd9efaa33ba8140e02a576c4e4054b03e43b1e4600,private_swap,jellyfish-turboplonk-0.8.0-bn254-kzg,full-depth8-range32-paths2,"{""ablation"":""full"",""hash_rounds"":5,""membership_paths"":2,""merkle_depth"":8,""range_bits"":32,""time_bits"":16}",setup_or_preprocess,2,2,,true,10,147.226629,4.289831,146.364904,153.222381,142.284539,154.310781,,,,,,,,not-applicable,,,,,,,,,,,,,,,,,,measured,final-candidate evidence; validate bundle before paper reporting,measurement,true
C4-PCAS-SENSITIVITY,jellyfish-plonk-swap-sensitivity-final-v1,ef2b7370acbd2d0f7e2071ea52bd1ac2816b684f,818f4732eff71a969b798ddd9efaa33ba8140e02a576c4e4054b03e43b1e4600,private_swap,jellyfish-turboplonk-0.8.0-bn254-kzg,full-depth8-range32-paths2,"{""ablation"":""full"",""hash_rounds"":5,""membership_paths"":2,""merkle_depth"":8,""range_bits"":32,""time_bits"":16}",setup_or_preprocess,2,4,,true,10,84.172163,4.053376,82.903967,89.913260,79.153527,89.971075,,,,,,,,not-applicable,,,,,,,,,,,,,,,,,,measured,final-candidate evidence; validate bundle before paper reporting,measurement,true
C4-PCAS-SENSITIVITY,jellyfish-plonk-swap-sensitivity-final-v1,ef2b7370acbd2d0f7e2071ea52bd1ac2816b684f,818f4732eff71a969b798ddd9efaa33ba8140e02a576c4e4054b03e43b1e4600,private_swap,jellyfish-turboplonk-0.8.0-bn254-kzg,full-depth8-range32-paths2,"{""ablation"":""full"",""hash_rounds"":5,""membership_paths"":2,""merkle_depth"":8,""range_bits"":32,""time_bits"":16}",setup_or_preprocess,2,4,wrong_public_input,true,10,81.231565,2.679715,80.800185,84.730021,77.473801,85.586075,,,,,,,,not-applicable,,,,,,,,,,,,,,,,,,measured,final-candidate evidence; validate bundle before paper reporting,measurement,true
C4-PCAS-SENSITIVITY,jellyfish-plonk-swap-sensitivity-final-v1,ef2b7370acbd2d0f7e2071ea52bd1ac2816b684f,818f4732eff71a969b798ddd9efaa33ba8140e02a576c4e4054b03e43b1e4600,private_swap,jellyfish-turboplonk-0.8.0-bn254-kzg,full-depth8-range32-paths2,"{""ablation"":""full"",""hash_rounds"":5,""membership_paths"":2,""merkle_depth"":8,""range_bits"":32,""time_bits"":16}",setup_or_preprocess,2,8,,true,10,57.863370,4.621524,56.925120,64.877770,49.907546,65.489183,,,,,,,,not-applicable,,,,,,,,,,,,,,,,,,measured,final-candidate evidence; validate bundle before paper reporting,measurement,true
C4-PCAS-SENSITIVITY,jellyfish-plonk-swap-sensitivity-final-v1,ef2b7370acbd2d0f7e2071ea52bd1ac2816b684f,818f4732eff71a969b798ddd9efaa33ba8140e02a576c4e4054b03e43b1e4600,private_swap,jellyfish-turboplonk-0.8.0-bn254-kzg,full-depth8-range32-paths2,"{""ablation"":""full"",""hash_rounds"":5,""membership_paths"":2,""merkle_depth"":8,""range_bits"":32,""time_bits"":16}",verify_core,2,1,,true,10,3.388597,0.439253,3.281154,4.079203,3.029136,4.534266,,,,,,,,not-applicable,,,,,,,,,,,,,,,,,,measured,final-candidate evidence; validate bundle before paper reporting,measurement,true
C4-PCAS-SENSITIVITY,jellyfish-plonk-swap-sensitivity-final-v1,ef2b7370acbd2d0f7e2071ea52bd1ac2816b684f,818f4732eff71a969b798ddd9efaa33ba8140e02a576c4e4054b03e43b1e4600,private_swap,jellyfish-turboplonk-0.8.0-bn254-kzg,full-depth8-range32-paths2,"{""ablation"":""full"",""hash_rounds"":5,""membership_paths"":2,""merkle_depth"":8,""range_bits"":32,""time_bits"":16}",verify_core,2,1,wrong_public_input,true,10,3.186751,0.243121,3.107984,3.595029,2.893966,3.707599,,,,,,,,not-applicable,,,,,,,,,,,,,,,,,,measured,final-candidate evidence; validate bundle before paper reporting,measurement,true
C4-PCAS-SENSITIVITY,jellyfish-plonk-swap-sensitivity-final-v1,ef2b7370acbd2d0f7e2071ea52bd1ac2816b684f,818f4732eff71a969b798ddd9efaa33ba8140e02a576c4e4054b03e43b1e4600,private_swap,jellyfish-turboplonk-0.8.0-bn254-kzg,full-depth8-range32-paths2,"{""ablation"":""full"",""hash_rounds"":5,""membership_paths"":2,""merkle_depth"":8,""range_bits"":32,""time_bits"":16}",verify_core,2,2,,true,10,3.056318,0.185749,2.994721,3.325398,2.761809,3.362365,,,,,,,,not-applicable,,,,,,,,,,,,,,,,,,measured,final-candidate evidence; validate bundle before paper reporting,measurement,true
C4-PCAS-SENSITIVITY,jellyfish-plonk-swap-sensitivity-final-v1,ef2b7370acbd2d0f7e2071ea52bd1ac2816b684f,818f4732eff71a969b798ddd9efaa33ba8140e02a576c4e4054b03e43b1e4600,private_swap,jellyfish-turboplonk-0.8.0-bn254-kzg,full-depth8-range32-paths2,"{""ablation"":""full"",""hash_rounds"":5,""membership_paths"":2,""merkle_depth"":8,""range_bits"":32,""time_bits"":16}",verify_core,2,4,,true,10,3.306178,0.184788,3.307028,3.567522,3.017556,3.595199,,,,,,,,not-applicable,,,,,,,,,,,,,,,,,,measured,final-candidate evidence; validate bundle before paper reporting,measurement,true
C4-PCAS-SENSITIVITY,jellyfish-plonk-swap-sensitivity-final-v1,ef2b7370acbd2d0f7e2071ea52bd1ac2816b684f,818f4732eff71a969b798ddd9efaa33ba8140e02a576c4e4054b03e43b1e4600,private_swap,jellyfish-turboplonk-0.8.0-bn254-kzg,full-depth8-range32-paths2,"{""ablation"":""full"",""hash_rounds"":5,""membership_paths"":2,""merkle_depth"":8,""range_bits"":32,""time_bits"":16}",verify_core,2,4,wrong_public_input,true,10,3.233888,0.246815,3.262435,3.581542,2.905858,3.752211,,,,,,,,not-applicable,,,,,,,,,,,,,,,,,,measured,final-candidate evidence; validate bundle before paper reporting,measurement,true
C4-PCAS-SENSITIVITY,jellyfish-plonk-swap-sensitivity-final-v1,ef2b7370acbd2d0f7e2071ea52bd1ac2816b684f,818f4732eff71a969b798ddd9efaa33ba8140e02a576c4e4054b03e43b1e4600,private_swap,jellyfish-turboplonk-0.8.0-bn254-kzg,full-depth8-range32-paths2,"{""ablation"":""full"",""hash_rounds"":5,""membership_paths"":2,""merkle_depth"":8,""range_bits"":32,""time_bits"":16}",verify_core,2,8,,true,10,4.387131,0.545317,4.250730,5.247322,3.728506,5.287888,,,,,,,,not-applicable,,,,,,,,,,,,,,,,,,measured,final-candidate evidence; validate bundle before paper reporting,measurement,true
C4-PCAS-SENSITIVITY,jellyfish-plonk-swap-sensitivity-final-v1,ef2b7370acbd2d0f7e2071ea52bd1ac2816b684f,818f4732eff71a969b798ddd9efaa33ba8140e02a576c4e4054b03e43b1e4600,private_swap,jellyfish-turboplonk-0.8.0-bn254-kzg,full-depth8-range32-paths2,"{""ablation"":""full"",""hash_rounds"":5,""membership_paths"":2,""merkle_depth"":8,""range_bits"":32,""time_bits"":16}",verify_total,2,1,,true,10,3.692364,0.415994,3.590634,4.343445,3.312143,4.774909,,,,,,,,not-applicable,,,,,,,,,,,,,,,,,,measured,final-candidate evidence; validate bundle before paper reporting,measurement,true
C4-PCAS-SENSITIVITY,jellyfish-plonk-swap-sensitivity-final-v1,ef2b7370acbd2d0f7e2071ea52bd1ac2816b684f,818f4732eff71a969b798ddd9efaa33ba8140e02a576c4e4054b03e43b1e4600,private_swap,jellyfish-turboplonk-0.8.0-bn254-kzg,full-depth8-range32-paths2,"{""ablation"":""full"",""hash_rounds"":5,""membership_paths"":2,""merkle_depth"":8,""range_bits"":32,""time_bits"":16}",verify_total,2,1,wrong_public_input,true,10,3.523547,0.266632,3.433188,3.957179,3.211917,4.098387,,,,,,,,not-applicable,,,,,,,,,,,,,,,,,,measured,final-candidate evidence; validate bundle before paper reporting,measurement,true
C4-PCAS-SENSITIVITY,jellyfish-plonk-swap-sensitivity-final-v1,ef2b7370acbd2d0f7e2071ea52bd1ac2816b684f,818f4732eff71a969b798ddd9efaa33ba8140e02a576c4e4054b03e43b1e4600,private_swap,jellyfish-turboplonk-0.8.0-bn254-kzg,full-depth8-range32-paths2,"{""ablation"":""full"",""hash_rounds"":5,""membership_paths"":2,""merkle_depth"":8,""range_bits"":32,""time_bits"":16}",verify_total,2,2,,true,10,3.425339,0.170033,3.349603,3.687853,3.253363,3.703420,,,,,,,,not-applicable,,,,,,,,,,,,,,,,,,measured,final-candidate evidence; validate bundle before paper reporting,measurement,true
C4-PCAS-SENSITIVITY,jellyfish-plonk-swap-sensitivity-final-v1,ef2b7370acbd2d0f7e2071ea52bd1ac2816b684f,818f4732eff71a969b798ddd9efaa33ba8140e02a576c4e4054b03e43b1e4600,private_swap,jellyfish-turboplonk-0.8.0-bn254-kzg,full-depth8-range32-paths2,"{""ablation"":""full"",""hash_rounds"":5,""membership_paths"":2,""merkle_depth"":8,""range_bits"":32,""time_bits"":16}",verify_total,2,4,,true,10,4.224838,0.173646,4.218765,4.427631,3.947942,4.431667,,,,,,,,not-applicable,,,,,,,,,,,,,,,,,,measured,final-candidate evidence; validate bundle before paper reporting,measurement,true
C4-PCAS-SENSITIVITY,jellyfish-plonk-swap-sensitivity-final-v1,ef2b7370acbd2d0f7e2071ea52bd1ac2816b684f,818f4732eff71a969b798ddd9efaa33ba8140e02a576c4e4054b03e43b1e4600,private_swap,jellyfish-turboplonk-0.8.0-bn254-kzg,full-depth8-range32-paths2,"{""ablation"":""full"",""hash_rounds"":5,""membership_paths"":2,""merkle_depth"":8,""range_bits"":32,""time_bits"":16}",verify_total,2,4,wrong_public_input,true,10,4.116440,0.287654,4.164383,4.472924,3.680919,4.512778,,,,,,,,not-applicable,,,,,,,,,,,,,,,,,,measured,final-candidate evidence; validate bundle before paper reporting,measurement,true
C4-PCAS-SENSITIVITY,jellyfish-plonk-swap-sensitivity-final-v1,ef2b7370acbd2d0f7e2071ea52bd1ac2816b684f,818f4732eff71a969b798ddd9efaa33ba8140e02a576c4e4054b03e43b1e4600,private_swap,jellyfish-turboplonk-0.8.0-bn254-kzg,full-depth8-range32-paths2,"{""ablation"":""full"",""hash_rounds"":5,""membership_paths"":2,""merkle_depth"":8,""range_bits"":32,""time_bits"":16}",verify_total,2,8,,true,10,6.025485,0.607872,5.927364,6.881412,5.137198,6.886674,,,,,,,,not-applicable,,,,,,,,,,,,,,,,,,measured,final-candidate evidence; validate bundle before paper reporting,measurement,true
C4-PCAS-SENSITIVITY,jellyfish-plonk-swap-sensitivity-final-v1,ef2b7370acbd2d0f7e2071ea52bd1ac2816b684f,818f4732eff71a969b798ddd9efaa33ba8140e02a576c4e4054b03e43b1e4600,private_swap,jellyfish-turboplonk-0.8.0-bn254-kzg,full-depth8-range32-paths2,"{""ablation"":""full"",""hash_rounds"":5,""membership_paths"":2,""merkle_depth"":8,""range_bits"":32,""time_bits"":16}",witness,2,1,,true,10,3.698141,0.249676,3.719196,4.023755,3.215152,4.027934,,,,,,,,not-applicable,,,,,,,,,,,,,,,,,,measured,final-candidate evidence; validate bundle before paper reporting,measurement,true
C4-PCAS-SENSITIVITY,jellyfish-plonk-swap-sensitivity-final-v1,ef2b7370acbd2d0f7e2071ea52bd1ac2816b684f,818f4732eff71a969b798ddd9efaa33ba8140e02a576c4e4054b03e43b1e4600,private_swap,jellyfish-turboplonk-0.8.0-bn254-kzg,full-depth8-range32-paths2,"{""ablation"":""full"",""hash_rounds"":5,""membership_paths"":2,""merkle_depth"":8,""range_bits"":32,""time_bits"":16}",witness,2,1,wrong_public_input,true,10,3.528897,0.227373,3.505726,3.918668,3.218820,3.953041,,,,,,,,not-applicable,,,,,,,,,,,,,,,,,,measured,final-candidate evidence; validate bundle before paper reporting,measurement,true
C4-PCAS-SENSITIVITY,jellyfish-plonk-swap-sensitivity-final-v1,ef2b7370acbd2d0f7e2071ea52bd1ac2816b684f,818f4732eff71a969b798ddd9efaa33ba8140e02a576c4e4054b03e43b1e4600,private_swap,jellyfish-turboplonk-0.8.0-bn254-kzg,full-depth8-range32-paths2,"{""ablation"":""full"",""hash_rounds"":5,""membership_paths"":2,""merkle_depth"":8,""range_bits"":32,""time_bits"":16}",witness,2,2,,true,10,3.440089,0.150461,3.461407,3.640822,3.170260,3.683059,,,,,,,,not-applicable,,,,,,,,,,,,,,,,,,measured,final-candidate evidence; validate bundle before paper reporting,measurement,true
C4-PCAS-SENSITIVITY,jellyfish-plonk-swap-sensitivity-final-v1,ef2b7370acbd2d0f7e2071ea52bd1ac2816b684f,818f4732eff71a969b798ddd9efaa33ba8140e02a576c4e4054b03e43b1e4600,private_swap,jellyfish-turboplonk-0.8.0-bn254-kzg,full-depth8-range32-paths2,"{""ablation"":""full"",""hash_rounds"":5,""membership_paths"":2,""merkle_depth"":8,""range_bits"":32,""time_bits"":16}",witness,2,4,,true,10,3.606133,0.106049,3.624850,3.718701,3.409058,3.729469,,,,,,,,not-applicable,,,,,,,,,,,,,,,,,,measured,final-candidate evidence; validate bundle before paper reporting,measurement,true
C4-PCAS-SENSITIVITY,jellyfish-plonk-swap-sensitivity-final-v1,ef2b7370acbd2d0f7e2071ea52bd1ac2816b684f,818f4732eff71a969b798ddd9efaa33ba8140e02a576c4e4054b03e43b1e4600,private_swap,jellyfish-turboplonk-0.8.0-bn254-kzg,full-depth8-range32-paths2,"{""ablation"":""full"",""hash_rounds"":5,""membership_paths"":2,""merkle_depth"":8,""range_bits"":32,""time_bits"":16}",witness,2,4,wrong_public_input,true,10,3.504776,0.245409,3.426925,3.876550,3.253770,3.947415,,,,,,,,not-applicable,,,,,,,,,,,,,,,,,,measured,final-candidate evidence; validate bundle before paper reporting,measurement,true
C4-PCAS-SENSITIVITY,jellyfish-plonk-swap-sensitivity-final-v1,ef2b7370acbd2d0f7e2071ea52bd1ac2816b684f,818f4732eff71a969b798ddd9efaa33ba8140e02a576c4e4054b03e43b1e4600,private_swap,jellyfish-turboplonk-0.8.0-bn254-kzg,full-depth8-range32-paths2,"{""ablation"":""full"",""hash_rounds"":5,""membership_paths"":2,""merkle_depth"":8,""range_bits"":32,""time_bits"":16}",witness,2,8,,true,10,3.426829,0.171083,3.421872,3.666563,3.162936,3.721586,,,,,,,,not-applicable,,,,,,,,,,,,,,,,,,measured,final-candidate evidence; validate bundle before paper reporting,measurement,true
C4-PCAS-SENSITIVITY,jellyfish-plonk-swap-sensitivity-final-v1,ef2b7370acbd2d0f7e2071ea52bd1ac2816b684f,818f4732eff71a969b798ddd9efaa33ba8140e02a576c4e4054b03e43b1e4600,private_swap,jellyfish-turboplonk-0.8.0-bn254-kzg,full-depth8-range32-paths4,"{""ablation"":""full"",""hash_rounds"":5,""membership_paths"":4,""merkle_depth"":8,""range_bits"":32,""time_bits"":16}",adapter_process_wall,2,1,,true,10,1366.067364,29.204780,1374.743784,1395.142799,1311.126647,1400.804924,1315.000000,38.087891,19089.000000,769,4096,plonk_domain_rows,7,all-expected,,,"Linux procfs read failed: [Errno 13] Permission denied: '/proc/1182/io'; private commit and per-process swap I/O are unavailable; VmSwap reports allocation, not swap traffic; No documented hardware or OS energy counter is configured in WSL2; Linux procfs read failed: [Errno 13] Permission denied: '/proc/1328/io'; private commit and per-process swap I/O are unavailable; VmSwap reports allocation, not swap traffic; No documented hardware or OS energy counter is configured in WSL2; Linux procfs read failed: [Errno 13] Permission denied: '/proc/2243/io'; private commit and per-process swap I/O are unavailable; VmSwap reports allocation, not swap traffic; No documented hardware or OS energy counter is configured in WSL2; Linux procfs read failed: [Errno 13] Permission denied: '/proc/843/io'; private commit and per-process swap I/O are unavailable; VmSwap reports allocation, not swap traffic; No documented hardware or OS energy counter is configured in WSL2; Linux procfs read failed: [Errno 13] Permission denied: '/proc/975/io'; private commit and per-process swap I/O are unavailable; VmSwap reports allocation, not swap traffic; No documented hardware or OS energy counter is configured in WSL2; private commit and per-process swap I/O are unavailable; VmSwap reports allocation, not swap traffic; No documented hardware or OS energy counter is configured in WSL2",,,,,,,0.956542,19.043945,,,,,,,measured,final-candidate evidence; validate bundle before paper reporting,measurement,true
C4-PCAS-SENSITIVITY,jellyfish-plonk-swap-sensitivity-final-v1,ef2b7370acbd2d0f7e2071ea52bd1ac2816b684f,818f4732eff71a969b798ddd9efaa33ba8140e02a576c4e4054b03e43b1e4600,private_swap,jellyfish-turboplonk-0.8.0-bn254-kzg,full-depth8-range32-paths4,"{""ablation"":""full"",""hash_rounds"":5,""membership_paths"":4,""merkle_depth"":8,""range_bits"":32,""time_bits"":16}",adapter_process_wall,2,2,,true,10,772.394284,22.165220,778.481117,793.561989,723.524202,794.179829,1390.000000,38.267578,19157.500000,769,4096,plonk_domain_rows,7,all-expected,,,"Linux procfs read failed: [Errno 13] Permission denied: '/proc/1087/io'; private commit and per-process swap I/O are unavailable; VmSwap reports allocation, not swap traffic; No documented hardware or OS energy counter is configured in WSL2; Linux procfs read failed: [Errno 13] Permission denied: '/proc/1315/io'; private commit and per-process swap I/O are unavailable; VmSwap reports allocation, not swap traffic; No documented hardware or OS energy counter is configured in WSL2; Linux procfs read failed: [Errno 13] Permission denied: '/proc/1734/io'; private commit and per-process swap I/O are unavailable; VmSwap reports allocation, not swap traffic; No documented hardware or OS energy counter is configured in WSL2; Linux procfs read failed: [Errno 13] Permission denied: '/proc/1849/io'; private commit and per-process swap I/O are unavailable; VmSwap reports allocation, not swap traffic; No documented hardware or OS energy counter is configured in WSL2; Linux procfs read failed: [Errno 13] Permission denied: '/proc/2252/io'; private commit and per-process swap I/O are unavailable; VmSwap reports allocation, not swap traffic; No documented hardware or OS energy counter is configured in WSL2; private commit and per-process swap I/O are unavailable; VmSwap reports allocation, not swap traffic; No documented hardware or OS energy counter is configured in WSL2",,,,,,,1.785528,19.133789,,,,,,,measured,final-candidate evidence; validate bundle before paper reporting,measurement,true
C4-PCAS-SENSITIVITY,jellyfish-plonk-swap-sensitivity-final-v1,ef2b7370acbd2d0f7e2071ea52bd1ac2816b684f,818f4732eff71a969b798ddd9efaa33ba8140e02a576c4e4054b03e43b1e4600,private_swap,jellyfish-turboplonk-0.8.0-bn254-kzg,full-depth8-range32-paths4,"{""ablation"":""full"",""hash_rounds"":5,""membership_paths"":4,""merkle_depth"":8,""range_bits"":32,""time_bits"":16}",adapter_process_wall,2,4,,true,10,472.294054,13.534072,470.081910,492.223161,452.762980,501.907101,1450.000000,39.845703,18082.500000,769,4096,plonk_domain_rows,7,all-expected,,,"Linux procfs read failed: [Errno 13] Permission denied: '/proc/1038/io'; private commit and per-process swap I/O are unavailable; VmSwap reports allocation, not swap traffic; No documented hardware or OS energy counter is configured in WSL2; Linux procfs read failed: [Errno 13] Permission denied: '/proc/1144/io'; private commit and per-process swap I/O are unavailable; VmSwap reports allocation, not swap traffic; No documented hardware or OS energy counter is configured in WSL2; Linux procfs read failed: [Errno 13] Permission denied: '/proc/2221/io'; private commit and per-process swap I/O are unavailable; VmSwap reports allocation, not swap traffic; No documented hardware or OS energy counter is configured in WSL2; Linux procfs read failed: [Errno 13] Permission denied: '/proc/2411/io'; private commit and per-process swap I/O are unavailable; VmSwap reports allocation, not swap traffic; No documented hardware or OS energy counter is configured in WSL2; Linux procfs read failed: [Errno 13] Permission denied: '/proc/2460/io'; private commit and per-process swap I/O are unavailable; VmSwap reports allocation, not swap traffic; No documented hardware or OS energy counter is configured in WSL2; Linux procfs read failed: [Errno 13] Permission denied: '/proc/959/io'; private commit and per-process swap I/O are unavailable; VmSwap reports allocation, not swap traffic; No documented hardware or OS energy counter is configured in WSL2; private commit and per-process swap I/O are unavailable; VmSwap reports allocation, not swap traffic; No documented hardware or OS energy counter is configured in WSL2",,,,,,,3.084569,19.922852,,,,,,,measured,final-candidate evidence; validate bundle before paper reporting,measurement,true
C4-PCAS-SENSITIVITY,jellyfish-plonk-swap-sensitivity-final-v1,ef2b7370acbd2d0f7e2071ea52bd1ac2816b684f,818f4732eff71a969b798ddd9efaa33ba8140e02a576c4e4054b03e43b1e4600,private_swap,jellyfish-turboplonk-0.8.0-bn254-kzg,full-depth8-range32-paths4,"{""ablation"":""full"",""hash_rounds"":5,""membership_paths"":4,""merkle_depth"":8,""range_bits"":32,""time_bits"":16}",adapter_process_wall,2,8,,true,10,380.488373,20.492892,378.305482,412.344007,354.947938,430.856024,1855.000000,48.275391,14977.000000,769,4096,plonk_domain_rows,7,all-expected,,,"Linux procfs read failed: [Errno 13] Permission denied: '/proc/1011/io'; private commit and per-process swap I/O are unavailable; VmSwap reports allocation, not swap traffic; No documented hardware or OS energy counter is configured in WSL2; Linux procfs read failed: [Errno 13] Permission denied: '/proc/1064/io'; private commit and per-process swap I/O are unavailable; VmSwap reports allocation, not swap traffic; No documented hardware or OS energy counter is configured in WSL2; Linux procfs read failed: [Errno 13] Permission denied: '/proc/1759/io'; private commit and per-process swap I/O are unavailable; VmSwap reports allocation, not swap traffic; No documented hardware or OS energy counter is configured in WSL2; Linux procfs read failed: [Errno 13] Permission denied: '/proc/2299/io'; private commit and per-process swap I/O are unavailable; VmSwap reports allocation, not swap traffic; No documented hardware or OS energy counter is configured in WSL2; Linux procfs read failed: [Errno 13] Permission denied: '/proc/2334/io'; private commit and per-process swap I/O are unavailable; VmSwap reports allocation, not swap traffic; No documented hardware or OS energy counter is configured in WSL2; Linux procfs read failed: [Errno 13] Permission denied: '/proc/849/io'; private commit and per-process swap I/O are unavailable; VmSwap reports allocation, not swap traffic; No documented hardware or OS energy counter is configured in WSL2; Linux procfs read failed: [Errno 2] No such file or directory: '/proc/1918/status'; private commit and per-process swap I/O are unavailable; VmSwap reports allocation, not swap traffic; No documented hardware or OS energy counter is configured in WSL2; private commit and per-process swap I/O are unavailable; VmSwap reports allocation, not swap traffic; No documented hardware or OS energy counter is configured in WSL2",,,,,,,4.903445,24.137695,,,,,,,measured,final-candidate evidence; validate bundle before paper reporting,measurement,true
C4-PCAS-SENSITIVITY,jellyfish-plonk-swap-sensitivity-final-v1,ef2b7370acbd2d0f7e2071ea52bd1ac2816b684f,818f4732eff71a969b798ddd9efaa33ba8140e02a576c4e4054b03e43b1e4600,private_swap,jellyfish-turboplonk-0.8.0-bn254-kzg,full-depth8-range32-paths4,"{""ablation"":""full"",""hash_rounds"":5,""membership_paths"":4,""merkle_depth"":8,""range_bits"":32,""time_bits"":16}",commitment,2,1,,false,,,,,,,,,,,,,,,not-applicable,,,Jellyfish exposes no stable per-proof hook for this phase,,,,,,,,,,,,,,,measured,final-candidate evidence; validate bundle before paper reporting,measurement,true
C4-PCAS-SENSITIVITY,jellyfish-plonk-swap-sensitivity-final-v1,ef2b7370acbd2d0f7e2071ea52bd1ac2816b684f,818f4732eff71a969b798ddd9efaa33ba8140e02a576c4e4054b03e43b1e4600,private_swap,jellyfish-turboplonk-0.8.0-bn254-kzg,full-depth8-range32-paths4,"{""ablation"":""full"",""hash_rounds"":5,""membership_paths"":4,""merkle_depth"":8,""range_bits"":32,""time_bits"":16}",commitment,2,2,,false,,,,,,,,,,,,,,,not-applicable,,,Jellyfish exposes no stable per-proof hook for this phase,,,,,,,,,,,,,,,measured,final-candidate evidence; validate bundle before paper reporting,measurement,true
C4-PCAS-SENSITIVITY,jellyfish-plonk-swap-sensitivity-final-v1,ef2b7370acbd2d0f7e2071ea52bd1ac2816b684f,818f4732eff71a969b798ddd9efaa33ba8140e02a576c4e4054b03e43b1e4600,private_swap,jellyfish-turboplonk-0.8.0-bn254-kzg,full-depth8-range32-paths4,"{""ablation"":""full"",""hash_rounds"":5,""membership_paths"":4,""merkle_depth"":8,""range_bits"":32,""time_bits"":16}",commitment,2,4,,false,,,,,,,,,,,,,,,not-applicable,,,Jellyfish exposes no stable per-proof hook for this phase,,,,,,,,,,,,,,,measured,final-candidate evidence; validate bundle before paper reporting,measurement,true
C4-PCAS-SENSITIVITY,jellyfish-plonk-swap-sensitivity-final-v1,ef2b7370acbd2d0f7e2071ea52bd1ac2816b684f,818f4732eff71a969b798ddd9efaa33ba8140e02a576c4e4054b03e43b1e4600,private_swap,jellyfish-turboplonk-0.8.0-bn254-kzg,full-depth8-range32-paths4,"{""ablation"":""full"",""hash_rounds"":5,""membership_paths"":4,""merkle_depth"":8,""range_bits"":32,""time_bits"":16}",commitment,2,8,,false,,,,,,,,,,,,,,,not-applicable,,,Jellyfish exposes no stable per-proof hook for this phase,,,,,,,,,,,,,,,measured,final-candidate evidence; validate bundle before paper reporting,measurement,true
C4-PCAS-SENSITIVITY,jellyfish-plonk-swap-sensitivity-final-v1,ef2b7370acbd2d0f7e2071ea52bd1ac2816b684f,818f4732eff71a969b798ddd9efaa33ba8140e02a576c4e4054b03e43b1e4600,private_swap,jellyfish-turboplonk-0.8.0-bn254-kzg,full-depth8-range32-paths4,"{""ablation"":""full"",""hash_rounds"":5,""membership_paths"":4,""merkle_depth"":8,""range_bits"":32,""time_bits"":16}",deserialize,2,1,,true,10,0.293861,0.037438,0.303195,0.337150,0.232673,0.338119,,,,,,,,not-applicable,,,,,,,,,,,,,,,,,,measured,final-candidate evidence; validate bundle before paper reporting,measurement,true
C4-PCAS-SENSITIVITY,jellyfish-plonk-swap-sensitivity-final-v1,ef2b7370acbd2d0f7e2071ea52bd1ac2816b684f,818f4732eff71a969b798ddd9efaa33ba8140e02a576c4e4054b03e43b1e4600,private_swap,jellyfish-turboplonk-0.8.0-bn254-kzg,full-depth8-range32-paths4,"{""ablation"":""full"",""hash_rounds"":5,""membership_paths"":4,""merkle_depth"":8,""range_bits"":32,""time_bits"":16}",deserialize,2,2,,true,10,0.382107,0.031749,0.383283,0.428576,0.341600,0.447773,,,,,,,,not-applicable,,,,,,,,,,,,,,,,,,measured,final-candidate evidence; validate bundle before paper reporting,measurement,true
C4-PCAS-SENSITIVITY,jellyfish-plonk-swap-sensitivity-final-v1,ef2b7370acbd2d0f7e2071ea52bd1ac2816b684f,818f4732eff71a969b798ddd9efaa33ba8140e02a576c4e4054b03e43b1e4600,private_swap,jellyfish-turboplonk-0.8.0-bn254-kzg,full-depth8-range32-paths4,"{""ablation"":""full"",""hash_rounds"":5,""membership_paths"":4,""merkle_depth"":8,""range_bits"":32,""time_bits"":16}",deserialize,2,4,,true,10,1.005105,0.117328,0.970800,1.186478,0.882572,1.195905,,,,,,,,not-applicable,,,,,,,,,,,,,,,,,,measured,final-candidate evidence; validate bundle before paper reporting,measurement,true
C4-PCAS-SENSITIVITY,jellyfish-plonk-swap-sensitivity-final-v1,ef2b7370acbd2d0f7e2071ea52bd1ac2816b684f,818f4732eff71a969b798ddd9efaa33ba8140e02a576c4e4054b03e43b1e4600,private_swap,jellyfish-turboplonk-0.8.0-bn254-kzg,full-depth8-range32-paths4,"{""ablation"":""full"",""hash_rounds"":5,""membership_paths"":4,""merkle_depth"":8,""range_bits"":32,""time_bits"":16}",deserialize,2,8,,true,10,1.706610,0.051351,1.678678,1.785041,1.661692,1.809648,,,,,,,,not-applicable,,,,,,,,,,,,,,,,,,measured,final-candidate evidence; validate bundle before paper reporting,measurement,true
C4-PCAS-SENSITIVITY,jellyfish-plonk-swap-sensitivity-final-v1,ef2b7370acbd2d0f7e2071ea52bd1ac2816b684f,818f4732eff71a969b798ddd9efaa33ba8140e02a576c4e4054b03e43b1e4600,private_swap,jellyfish-turboplonk-0.8.0-bn254-kzg,full-depth8-range32-paths4,"{""ablation"":""full"",""hash_rounds"":5,""membership_paths"":4,""merkle_depth"":8,""range_bits"":32,""time_bits"":16}",fft_ntt,2,1,,false,,,,,,,,,,,,,,,not-applicable,,,Jellyfish exposes no stable per-proof hook for this phase,,,,,,,,,,,,,,,measured,final-candidate evidence; validate bundle before paper reporting,measurement,true
C4-PCAS-SENSITIVITY,jellyfish-plonk-swap-sensitivity-final-v1,ef2b7370acbd2d0f7e2071ea52bd1ac2816b684f,818f4732eff71a969b798ddd9efaa33ba8140e02a576c4e4054b03e43b1e4600,private_swap,jellyfish-turboplonk-0.8.0-bn254-kzg,full-depth8-range32-paths4,"{""ablation"":""full"",""hash_rounds"":5,""membership_paths"":4,""merkle_depth"":8,""range_bits"":32,""time_bits"":16}",fft_ntt,2,2,,false,,,,,,,,,,,,,,,not-applicable,,,Jellyfish exposes no stable per-proof hook for this phase,,,,,,,,,,,,,,,measured,final-candidate evidence; validate bundle before paper reporting,measurement,true
C4-PCAS-SENSITIVITY,jellyfish-plonk-swap-sensitivity-final-v1,ef2b7370acbd2d0f7e2071ea52bd1ac2816b684f,818f4732eff71a969b798ddd9efaa33ba8140e02a576c4e4054b03e43b1e4600,private_swap,jellyfish-turboplonk-0.8.0-bn254-kzg,full-depth8-range32-paths4,"{""ablation"":""full"",""hash_rounds"":5,""membership_paths"":4,""merkle_depth"":8,""range_bits"":32,""time_bits"":16}",fft_ntt,2,4,,false,,,,,,,,,,,,,,,not-applicable,,,Jellyfish exposes no stable per-proof hook for this phase,,,,,,,,,,,,,,,measured,final-candidate evidence; validate bundle before paper reporting,measurement,true
C4-PCAS-SENSITIVITY,jellyfish-plonk-swap-sensitivity-final-v1,ef2b7370acbd2d0f7e2071ea52bd1ac2816b684f,818f4732eff71a969b798ddd9efaa33ba8140e02a576c4e4054b03e43b1e4600,private_swap,jellyfish-turboplonk-0.8.0-bn254-kzg,full-depth8-range32-paths4,"{""ablation"":""full"",""hash_rounds"":5,""membership_paths"":4,""merkle_depth"":8,""range_bits"":32,""time_bits"":16}",fft_ntt,2,8,,false,,,,,,,,,,,,,,,not-applicable,,,Jellyfish exposes no stable per-proof hook for this phase,,,,,,,,,,,,,,,measured,final-candidate evidence; validate bundle before paper reporting,measurement,true
C4-PCAS-SENSITIVITY,jellyfish-plonk-swap-sensitivity-final-v1,ef2b7370acbd2d0f7e2071ea52bd1ac2816b684f,818f4732eff71a969b798ddd9efaa33ba8140e02a576c4e4054b03e43b1e4600,private_swap,jellyfish-turboplonk-0.8.0-bn254-kzg,full-depth8-range32-paths4,"{""ablation"":""full"",""hash_rounds"":5,""membership_paths"":4,""merkle_depth"":8,""range_bits"":32,""time_bits"":16}",key_load,2,1,,false,,,,,,,,,,,,,,,not-applicable,,,Jellyfish exposes no stable per-proof hook for this phase,,,,,,,,,,,,,,,measured,final-candidate evidence; validate bundle before paper reporting,measurement,true
C4-PCAS-SENSITIVITY,jellyfish-plonk-swap-sensitivity-final-v1,ef2b7370acbd2d0f7e2071ea52bd1ac2816b684f,818f4732eff71a969b798ddd9efaa33ba8140e02a576c4e4054b03e43b1e4600,private_swap,jellyfish-turboplonk-0.8.0-bn254-kzg,full-depth8-range32-paths4,"{""ablation"":""full"",""hash_rounds"":5,""membership_paths"":4,""merkle_depth"":8,""range_bits"":32,""time_bits"":16}",key_load,2,2,,false,,,,,,,,,,,,,,,not-applicable,,,Jellyfish exposes no stable per-proof hook for this phase,,,,,,,,,,,,,,,measured,final-candidate evidence; validate bundle before paper reporting,measurement,true
C4-PCAS-SENSITIVITY,jellyfish-plonk-swap-sensitivity-final-v1,ef2b7370acbd2d0f7e2071ea52bd1ac2816b684f,818f4732eff71a969b798ddd9efaa33ba8140e02a576c4e4054b03e43b1e4600,private_swap,jellyfish-turboplonk-0.8.0-bn254-kzg,full-depth8-range32-paths4,"{""ablation"":""full"",""hash_rounds"":5,""membership_paths"":4,""merkle_depth"":8,""range_bits"":32,""time_bits"":16}",key_load,2,4,,false,,,,,,,,,,,,,,,not-applicable,,,Jellyfish exposes no stable per-proof hook for this phase,,,,,,,,,,,,,,,measured,final-candidate evidence; validate bundle before paper reporting,measurement,true
C4-PCAS-SENSITIVITY,jellyfish-plonk-swap-sensitivity-final-v1,ef2b7370acbd2d0f7e2071ea52bd1ac2816b684f,818f4732eff71a969b798ddd9efaa33ba8140e02a576c4e4054b03e43b1e4600,private_swap,jellyfish-turboplonk-0.8.0-bn254-kzg,full-depth8-range32-paths4,"{""ablation"":""full"",""hash_rounds"":5,""membership_paths"":4,""merkle_depth"":8,""range_bits"":32,""time_bits"":16}",key_load,2,8,,false,,,,,,,,,,,,,,,not-applicable,,,Jellyfish exposes no stable per-proof hook for this phase,,,,,,,,,,,,,,,measured,final-candidate evidence; validate bundle before paper reporting,measurement,true
C4-PCAS-SENSITIVITY,jellyfish-plonk-swap-sensitivity-final-v1,ef2b7370acbd2d0f7e2071ea52bd1ac2816b684f,818f4732eff71a969b798ddd9efaa33ba8140e02a576c4e4054b03e43b1e4600,private_swap,jellyfish-turboplonk-0.8.0-bn254-kzg,full-depth8-range32-paths4,"{""ablation"":""full"",""hash_rounds"":5,""membership_paths"":4,""merkle_depth"":8,""range_bits"":32,""time_bits"":16}",msm,2,1,,false,,,,,,,,,,,,,,,not-applicable,,,Jellyfish exposes no stable per-proof hook for this phase,,,,,,,,,,,,,,,measured,final-candidate evidence; validate bundle before paper reporting,measurement,true
C4-PCAS-SENSITIVITY,jellyfish-plonk-swap-sensitivity-final-v1,ef2b7370acbd2d0f7e2071ea52bd1ac2816b684f,818f4732eff71a969b798ddd9efaa33ba8140e02a576c4e4054b03e43b1e4600,private_swap,jellyfish-turboplonk-0.8.0-bn254-kzg,full-depth8-range32-paths4,"{""ablation"":""full"",""hash_rounds"":5,""membership_paths"":4,""merkle_depth"":8,""range_bits"":32,""time_bits"":16}",msm,2,2,,false,,,,,,,,,,,,,,,not-applicable,,,Jellyfish exposes no stable per-proof hook for this phase,,,,,,,,,,,,,,,measured,final-candidate evidence; validate bundle before paper reporting,measurement,true
C4-PCAS-SENSITIVITY,jellyfish-plonk-swap-sensitivity-final-v1,ef2b7370acbd2d0f7e2071ea52bd1ac2816b684f,818f4732eff71a969b798ddd9efaa33ba8140e02a576c4e4054b03e43b1e4600,private_swap,jellyfish-turboplonk-0.8.0-bn254-kzg,full-depth8-range32-paths4,"{""ablation"":""full"",""hash_rounds"":5,""membership_paths"":4,""merkle_depth"":8,""range_bits"":32,""time_bits"":16}",msm,2,4,,false,,,,,,,,,,,,,,,not-applicable,,,Jellyfish exposes no stable per-proof hook for this phase,,,,,,,,,,,,,,,measured,final-candidate evidence; validate bundle before paper reporting,measurement,true
C4-PCAS-SENSITIVITY,jellyfish-plonk-swap-sensitivity-final-v1,ef2b7370acbd2d0f7e2071ea52bd1ac2816b684f,818f4732eff71a969b798ddd9efaa33ba8140e02a576c4e4054b03e43b1e4600,private_swap,jellyfish-turboplonk-0.8.0-bn254-kzg,full-depth8-range32-paths4,"{""ablation"":""full"",""hash_rounds"":5,""membership_paths"":4,""merkle_depth"":8,""range_bits"":32,""time_bits"":16}",msm,2,8,,false,,,,,,,,,,,,,,,not-applicable,,,Jellyfish exposes no stable per-proof hook for this phase,,,,,,,,,,,,,,,measured,final-candidate evidence; validate bundle before paper reporting,measurement,true
C4-PCAS-SENSITIVITY,jellyfish-plonk-swap-sensitivity-final-v1,ef2b7370acbd2d0f7e2071ea52bd1ac2816b684f,818f4732eff71a969b798ddd9efaa33ba8140e02a576c4e4054b03e43b1e4600,private_swap,jellyfish-turboplonk-0.8.0-bn254-kzg,full-depth8-range32-paths4,"{""ablation"":""full"",""hash_rounds"":5,""membership_paths"":4,""merkle_depth"":8,""range_bits"":32,""time_bits"":16}",native_execution,2,1,,true,10,1.965802,0.199319,1.927366,2.303379,1.743725,2.421535,,,,,,,,not-applicable,,,,,,,,,,,,,,,,,,measured,final-candidate evidence; validate bundle before paper reporting,measurement,true
C4-PCAS-SENSITIVITY,jellyfish-plonk-swap-sensitivity-final-v1,ef2b7370acbd2d0f7e2071ea52bd1ac2816b684f,818f4732eff71a969b798ddd9efaa33ba8140e02a576c4e4054b03e43b1e4600,private_swap,jellyfish-turboplonk-0.8.0-bn254-kzg,full-depth8-range32-paths4,"{""ablation"":""full"",""hash_rounds"":5,""membership_paths"":4,""merkle_depth"":8,""range_bits"":32,""time_bits"":16}",native_execution,2,2,,true,10,2.031013,0.140724,2.025161,2.222108,1.876613,2.222997,,,,,,,,not-applicable,,,,,,,,,,,,,,,,,,measured,final-candidate evidence; validate bundle before paper reporting,measurement,true
C4-PCAS-SENSITIVITY,jellyfish-plonk-swap-sensitivity-final-v1,ef2b7370acbd2d0f7e2071ea52bd1ac2816b684f,818f4732eff71a969b798ddd9efaa33ba8140e02a576c4e4054b03e43b1e4600,private_swap,jellyfish-turboplonk-0.8.0-bn254-kzg,full-depth8-range32-paths4,"{""ablation"":""full"",""hash_rounds"":5,""membership_paths"":4,""merkle_depth"":8,""range_bits"":32,""time_bits"":16}",native_execution,2,4,,true,10,2.039993,0.234469,2.007874,2.425543,1.712496,2.439264,,,,,,,,not-applicable,,,,,,,,,,,,,,,,,,measured,final-candidate evidence; validate bundle before paper reporting,measurement,true
C4-PCAS-SENSITIVITY,jellyfish-plonk-swap-sensitivity-final-v1,ef2b7370acbd2d0f7e2071ea52bd1ac2816b684f,818f4732eff71a969b798ddd9efaa33ba8140e02a576c4e4054b03e43b1e4600,private_swap,jellyfish-turboplonk-0.8.0-bn254-kzg,full-depth8-range32-paths4,"{""ablation"":""full"",""hash_rounds"":5,""membership_paths"":4,""merkle_depth"":8,""range_bits"":32,""time_bits"":16}",native_execution,2,8,,true,10,1.902770,0.188713,1.910084,2.159485,1.599447,2.227104,,,,,,,,not-applicable,,,,,,,,,,,,,,,,,,measured,final-candidate evidence; validate bundle before paper reporting,measurement,true
C4-PCAS-SENSITIVITY,jellyfish-plonk-swap-sensitivity-final-v1,ef2b7370acbd2d0f7e2071ea52bd1ac2816b684f,818f4732eff71a969b798ddd9efaa33ba8140e02a576c4e4054b03e43b1e4600,private_swap,jellyfish-turboplonk-0.8.0-bn254-kzg,full-depth8-range32-paths4,"{""ablation"":""full"",""hash_rounds"":5,""membership_paths"":4,""merkle_depth"":8,""range_bits"":32,""time_bits"":16}",prove_total,2,1,,true,10,803.113089,17.153537,810.055763,817.934579,768.203752,818.718406,,,,,,,,not-applicable,,,,,,,,2.468966,420.291721,,,,,,,,,measured,final-candidate evidence; validate bundle before paper reporting,measurement,true
C4-PCAS-SENSITIVITY,jellyfish-plonk-swap-sensitivity-final-v1,ef2b7370acbd2d0f7e2071ea52bd1ac2816b684f,818f4732eff71a969b798ddd9efaa33ba8140e02a576c4e4054b03e43b1e4600,private_swap,jellyfish-turboplonk-0.8.0-bn254-kzg,full-depth8-range32-paths4,"{""ablation"":""full"",""hash_rounds"":5,""membership_paths"":4,""merkle_depth"":8,""range_bits"":32,""time_bits"":16}",prove_total,2,2,,true,10,444.372200,14.070540,446.586415,460.794327,420.145616,463.953145,,,,,,,,not-applicable,,,,1.813884,1.760847,1.878157,0.906942,4.478417,220.519023,,,,,,,,,measured,final-candidate evidence; validate bundle before paper reporting,measurement,true
C4-PCAS-SENSITIVITY,jellyfish-plonk-swap-sensitivity-final-v1,ef2b7370acbd2d0f7e2071ea52bd1ac2816b684f,818f4732eff71a969b798ddd9efaa33ba8140e02a576c4e4054b03e43b1e4600,private_swap,jellyfish-turboplonk-0.8.0-bn254-kzg,full-depth8-range32-paths4,"{""ablation"":""full"",""hash_rounds"":5,""membership_paths"":4,""merkle_depth"":8,""range_bits"":32,""time_bits"":16}",prove_total,2,4,,true,10,267.665715,5.281379,266.355548,276.595813,260.359790,279.197073,,,,,,,,not-applicable,,,,3.041257,2.965092,3.067219,0.760314,7.508760,132.655509,,,,,,,,,measured,final-candidate evidence; validate bundle before paper reporting,measurement,true
C4-PCAS-SENSITIVITY,jellyfish-plonk-swap-sensitivity-final-v1,ef2b7370acbd2d0f7e2071ea52bd1ac2816b684f,818f4732eff71a969b798ddd9efaa33ba8140e02a576c4e4054b03e43b1e4600,private_swap,jellyfish-turboplonk-0.8.0-bn254-kzg,full-depth8-range32-paths4,"{""ablation"":""full"",""hash_rounds"":5,""membership_paths"":4,""merkle_depth"":8,""range_bits"":32,""time_bits"":16}",prove_total,2,8,,true,10,223.644954,16.632956,223.124482,248.093067,200.489464,262.953208,,,,,,,,not-applicable,,,,3.630510,3.508660,3.806971,0.453814,8.963606,116.813932,,,,,,,,,measured,final-candidate evidence; validate bundle before paper reporting,measurement,true
C4-PCAS-SENSITIVITY,jellyfish-plonk-swap-sensitivity-final-v1,ef2b7370acbd2d0f7e2071ea52bd1ac2816b684f,818f4732eff71a969b798ddd9efaa33ba8140e02a576c4e4054b03e43b1e4600,private_swap,jellyfish-turboplonk-0.8.0-bn254-kzg,full-depth8-range32-paths4,"{""ablation"":""full"",""hash_rounds"":5,""membership_paths"":4,""merkle_depth"":8,""range_bits"":32,""time_bits"":16}",serialize,2,1,,true,10,0.006274,0.001922,0.006001,0.008509,0.003296,0.008626,,,,,,,,not-applicable,,,,,,,,,,,,,,,,,,measured,final-candidate evidence; validate bundle before paper reporting,measurement,true
C4-PCAS-SENSITIVITY,jellyfish-plonk-swap-sensitivity-final-v1,ef2b7370acbd2d0f7e2071ea52bd1ac2816b684f,818f4732eff71a969b798ddd9efaa33ba8140e02a576c4e4054b03e43b1e4600,private_swap,jellyfish-turboplonk-0.8.0-bn254-kzg,full-depth8-range32-paths4,"{""ablation"":""full"",""hash_rounds"":5,""membership_paths"":4,""merkle_depth"":8,""range_bits"":32,""time_bits"":16}",serialize,2,2,,true,10,0.005948,0.001413,0.006216,0.007654,0.003676,0.007735,,,,,,,,not-applicable,,,,,,,,,,,,,,,,,,measured,final-candidate evidence; validate bundle before paper reporting,measurement,true
C4-PCAS-SENSITIVITY,jellyfish-plonk-swap-sensitivity-final-v1,ef2b7370acbd2d0f7e2071ea52bd1ac2816b684f,818f4732eff71a969b798ddd9efaa33ba8140e02a576c4e4054b03e43b1e4600,private_swap,jellyfish-turboplonk-0.8.0-bn254-kzg,full-depth8-range32-paths4,"{""ablation"":""full"",""hash_rounds"":5,""membership_paths"":4,""merkle_depth"":8,""range_bits"":32,""time_bits"":16}",serialize,2,4,,true,10,0.006317,0.001760,0.007118,0.008068,0.003596,0.008145,,,,,,,,not-applicable,,,,,,,,,,,,,,,,,,measured,final-candidate evidence; validate bundle before paper reporting,measurement,true
C4-PCAS-SENSITIVITY,jellyfish-plonk-swap-sensitivity-final-v1,ef2b7370acbd2d0f7e2071ea52bd1ac2816b684f,818f4732eff71a969b798ddd9efaa33ba8140e02a576c4e4054b03e43b1e4600,private_swap,jellyfish-turboplonk-0.8.0-bn254-kzg,full-depth8-range32-paths4,"{""ablation"":""full"",""hash_rounds"":5,""membership_paths"":4,""merkle_depth"":8,""range_bits"":32,""time_bits"":16}",serialize,2,8,,true,10,0.007397,0.001881,0.007178,0.009953,0.004558,0.010439,,,,,,,,not-applicable,,,,,,,,,,,,,,,,,,measured,final-candidate evidence; validate bundle before paper reporting,measurement,true
C4-PCAS-SENSITIVITY,jellyfish-plonk-swap-sensitivity-final-v1,ef2b7370acbd2d0f7e2071ea52bd1ac2816b684f,818f4732eff71a969b798ddd9efaa33ba8140e02a576c4e4054b03e43b1e4600,private_swap,jellyfish-turboplonk-0.8.0-bn254-kzg,full-depth8-range32-paths4,"{""ablation"":""full"",""hash_rounds"":5,""membership_paths"":4,""merkle_depth"":8,""range_bits"":32,""time_bits"":16}",setup_or_preprocess,2,1,,true,10,501.677467,11.560792,503.982193,516.726925,482.816982,521.543360,,,,,,,,not-applicable,,,,,,,,,,,,,,,,,,measured,final-candidate evidence; validate bundle before paper reporting,measurement,true
C4-PCAS-SENSITIVITY,jellyfish-plonk-swap-sensitivity-final-v1,ef2b7370acbd2d0f7e2071ea52bd1ac2816b684f,818f4732eff71a969b798ddd9efaa33ba8140e02a576c4e4054b03e43b1e4600,private_swap,jellyfish-turboplonk-0.8.0-bn254-kzg,full-depth8-range32-paths4,"{""ablation"":""full"",""hash_rounds"":5,""membership_paths"":4,""merkle_depth"":8,""range_bits"":32,""time_bits"":16}",setup_or_preprocess,2,2,,true,10,266.172871,12.900167,266.987956,283.317949,244.246260,285.989008,,,,,,,,not-applicable,,,,,,,,,,,,,,,,,,measured,final-candidate evidence; validate bundle before paper reporting,measurement,true
C4-PCAS-SENSITIVITY,jellyfish-plonk-swap-sensitivity-final-v1,ef2b7370acbd2d0f7e2071ea52bd1ac2816b684f,818f4732eff71a969b798ddd9efaa33ba8140e02a576c4e4054b03e43b1e4600,private_swap,jellyfish-turboplonk-0.8.0-bn254-kzg,full-depth8-range32-paths4,"{""ablation"":""full"",""hash_rounds"":5,""membership_paths"":4,""merkle_depth"":8,""range_bits"":32,""time_bits"":16}",setup_or_preprocess,2,4,,true,10,143.424070,6.397212,142.475394,152.858833,134.250691,155.839374,,,,,,,,not-applicable,,,,,,,,,,,,,,,,,,measured,final-candidate evidence; validate bundle before paper reporting,measurement,true
C4-PCAS-SENSITIVITY,jellyfish-plonk-swap-sensitivity-final-v1,ef2b7370acbd2d0f7e2071ea52bd1ac2816b684f,818f4732eff71a969b798ddd9efaa33ba8140e02a576c4e4054b03e43b1e4600,private_swap,jellyfish-turboplonk-0.8.0-bn254-kzg,full-depth8-range32-paths4,"{""ablation"":""full"",""hash_rounds"":5,""membership_paths"":4,""merkle_depth"":8,""range_bits"":32,""time_bits"":16}",setup_or_preprocess,2,8,,true,10,93.647298,4.913962,91.726347,102.215015,88.519563,103.570073,,,,,,,,not-applicable,,,,,,,,,,,,,,,,,,measured,final-candidate evidence; validate bundle before paper reporting,measurement,true
C4-PCAS-SENSITIVITY,jellyfish-plonk-swap-sensitivity-final-v1,ef2b7370acbd2d0f7e2071ea52bd1ac2816b684f,818f4732eff71a969b798ddd9efaa33ba8140e02a576c4e4054b03e43b1e4600,private_swap,jellyfish-turboplonk-0.8.0-bn254-kzg,full-depth8-range32-paths4,"{""ablation"":""full"",""hash_rounds"":5,""membership_paths"":4,""merkle_depth"":8,""range_bits"":32,""time_bits"":16}",verify_core,2,1,,true,10,3.328089,0.159781,3.381688,3.484258,3.017295,3.490976,,,,,,,,not-applicable,,,,,,,,,,,,,,,,,,measured,final-candidate evidence; validate bundle before paper reporting,measurement,true
C4-PCAS-SENSITIVITY,jellyfish-plonk-swap-sensitivity-final-v1,ef2b7370acbd2d0f7e2071ea52bd1ac2816b684f,818f4732eff71a969b798ddd9efaa33ba8140e02a576c4e4054b03e43b1e4600,private_swap,jellyfish-turboplonk-0.8.0-bn254-kzg,full-depth8-range32-paths4,"{""ablation"":""full"",""hash_rounds"":5,""membership_paths"":4,""merkle_depth"":8,""range_bits"":32,""time_bits"":16}",verify_core,2,2,,true,10,3.229496,0.201455,3.217771,3.459862,2.909435,3.472788,,,,,,,,not-applicable,,,,,,,,,,,,,,,,,,measured,final-candidate evidence; validate bundle before paper reporting,measurement,true
C4-PCAS-SENSITIVITY,jellyfish-plonk-swap-sensitivity-final-v1,ef2b7370acbd2d0f7e2071ea52bd1ac2816b684f,818f4732eff71a969b798ddd9efaa33ba8140e02a576c4e4054b03e43b1e4600,private_swap,jellyfish-turboplonk-0.8.0-bn254-kzg,full-depth8-range32-paths4,"{""ablation"":""full"",""hash_rounds"":5,""membership_paths"":4,""merkle_depth"":8,""range_bits"":32,""time_bits"":16}",verify_core,2,4,,true,10,3.356173,0.268231,3.384339,3.681711,2.758192,3.699474,,,,,,,,not-applicable,,,,,,,,,,,,,,,,,,measured,final-candidate evidence; validate bundle before paper reporting,measurement,true
C4-PCAS-SENSITIVITY,jellyfish-plonk-swap-sensitivity-final-v1,ef2b7370acbd2d0f7e2071ea52bd1ac2816b684f,818f4732eff71a969b798ddd9efaa33ba8140e02a576c4e4054b03e43b1e4600,private_swap,jellyfish-turboplonk-0.8.0-bn254-kzg,full-depth8-range32-paths4,"{""ablation"":""full"",""hash_rounds"":5,""membership_paths"":4,""merkle_depth"":8,""range_bits"":32,""time_bits"":16}",verify_core,2,8,,true,10,4.615290,0.240948,4.606867,4.898225,4.188353,4.898323,,,,,,,,not-applicable,,,,,,,,,,,,,,,,,,measured,final-candidate evidence; validate bundle before paper reporting,measurement,true
C4-PCAS-SENSITIVITY,jellyfish-plonk-swap-sensitivity-final-v1,ef2b7370acbd2d0f7e2071ea52bd1ac2816b684f,818f4732eff71a969b798ddd9efaa33ba8140e02a576c4e4054b03e43b1e4600,private_swap,jellyfish-turboplonk-0.8.0-bn254-kzg,full-depth8-range32-paths4,"{""ablation"":""full"",""hash_rounds"":5,""membership_paths"":4,""merkle_depth"":8,""range_bits"":32,""time_bits"":16}",verify_total,2,1,,true,10,3.622200,0.156700,3.655546,3.792651,3.289001,3.794401,,,,,,,,not-applicable,,,,,,,,,,,,,,,,,,measured,final-candidate evidence; validate bundle before paper reporting,measurement,true
C4-PCAS-SENSITIVITY,jellyfish-plonk-swap-sensitivity-final-v1,ef2b7370acbd2d0f7e2071ea52bd1ac2816b684f,818f4732eff71a969b798ddd9efaa33ba8140e02a576c4e4054b03e43b1e4600,private_swap,jellyfish-turboplonk-0.8.0-bn254-kzg,full-depth8-range32-paths4,"{""ablation"":""full"",""hash_rounds"":5,""membership_paths"":4,""merkle_depth"":8,""range_bits"":32,""time_bits"":16}",verify_total,2,2,,true,10,3.611826,0.221148,3.591120,3.876963,3.300607,3.920751,,,,,,,,not-applicable,,,,,,,,,,,,,,,,,,measured,final-candidate evidence; validate bundle before paper reporting,measurement,true
C4-PCAS-SENSITIVITY,jellyfish-plonk-swap-sensitivity-final-v1,ef2b7370acbd2d0f7e2071ea52bd1ac2816b684f,818f4732eff71a969b798ddd9efaa33ba8140e02a576c4e4054b03e43b1e4600,private_swap,jellyfish-turboplonk-0.8.0-bn254-kzg,full-depth8-range32-paths4,"{""ablation"":""full"",""hash_rounds"":5,""membership_paths"":4,""merkle_depth"":8,""range_bits"":32,""time_bits"":16}",verify_total,2,4,,true,10,4.361503,0.316019,4.466095,4.638116,3.649411,4.666442,,,,,,,,not-applicable,,,,,,,,,,,,,,,,,,measured,final-candidate evidence; validate bundle before paper reporting,measurement,true
C4-PCAS-SENSITIVITY,jellyfish-plonk-swap-sensitivity-final-v1,ef2b7370acbd2d0f7e2071ea52bd1ac2816b684f,818f4732eff71a969b798ddd9efaa33ba8140e02a576c4e4054b03e43b1e4600,private_swap,jellyfish-turboplonk-0.8.0-bn254-kzg,full-depth8-range32-paths4,"{""ablation"":""full"",""hash_rounds"":5,""membership_paths"":4,""merkle_depth"":8,""range_bits"":32,""time_bits"":16}",verify_total,2,8,,true,10,6.322256,0.234570,6.389449,6.565871,5.850566,6.568974,,,,,,,,not-applicable,,,,,,,,,,,,,,,,,,measured,final-candidate evidence; validate bundle before paper reporting,measurement,true
C4-PCAS-SENSITIVITY,jellyfish-plonk-swap-sensitivity-final-v1,ef2b7370acbd2d0f7e2071ea52bd1ac2816b684f,818f4732eff71a969b798ddd9efaa33ba8140e02a576c4e4054b03e43b1e4600,private_swap,jellyfish-turboplonk-0.8.0-bn254-kzg,full-depth8-range32-paths4,"{""ablation"":""full"",""hash_rounds"":5,""membership_paths"":4,""merkle_depth"":8,""range_bits"":32,""time_bits"":16}",witness,2,1,,true,10,5.593637,0.362296,5.556044,6.184184,5.143791,6.321188,,,,,,,,not-applicable,,,,,,,,,,,,,,,,,,measured,final-candidate evidence; validate bundle before paper reporting,measurement,true
C4-PCAS-SENSITIVITY,jellyfish-plonk-swap-sensitivity-final-v1,ef2b7370acbd2d0f7e2071ea52bd1ac2816b684f,818f4732eff71a969b798ddd9efaa33ba8140e02a576c4e4054b03e43b1e4600,private_swap,jellyfish-turboplonk-0.8.0-bn254-kzg,full-depth8-range32-paths4,"{""ablation"":""full"",""hash_rounds"":5,""membership_paths"":4,""merkle_depth"":8,""range_bits"":32,""time_bits"":16}",witness,2,2,,true,10,5.695192,0.383276,5.690081,6.213826,5.051309,6.218592,,,,,,,,not-applicable,,,,,,,,,,,,,,,,,,measured,final-candidate evidence; validate bundle before paper reporting,measurement,true
C4-PCAS-SENSITIVITY,jellyfish-plonk-swap-sensitivity-final-v1,ef2b7370acbd2d0f7e2071ea52bd1ac2816b684f,818f4732eff71a969b798ddd9efaa33ba8140e02a576c4e4054b03e43b1e4600,private_swap,jellyfish-turboplonk-0.8.0-bn254-kzg,full-depth8-range32-paths4,"{""ablation"":""full"",""hash_rounds"":5,""membership_paths"":4,""merkle_depth"":8,""range_bits"":32,""time_bits"":16}",witness,2,4,,true,10,5.592470,0.225620,5.536968,5.985678,5.360065,6.074543,,,,,,,,not-applicable,,,,,,,,,,,,,,,,,,measured,final-candidate evidence; validate bundle before paper reporting,measurement,true
C4-PCAS-SENSITIVITY,jellyfish-plonk-swap-sensitivity-final-v1,ef2b7370acbd2d0f7e2071ea52bd1ac2816b684f,818f4732eff71a969b798ddd9efaa33ba8140e02a576c4e4054b03e43b1e4600,private_swap,jellyfish-turboplonk-0.8.0-bn254-kzg,full-depth8-range32-paths4,"{""ablation"":""full"",""hash_rounds"":5,""membership_paths"":4,""merkle_depth"":8,""range_bits"":32,""time_bits"":16}",witness,2,8,,true,10,5.665229,0.281423,5.717995,6.011092,5.090081,6.161169,,,,,,,,not-applicable,,,,,,,,,,,,,,,,,,measured,final-candidate evidence; validate bundle before paper reporting,measurement,true
