claim_id,experiment_id,adapter_commit,config_hash,workload,variant,parameter_set,parameters_json,phase,input_scale,threads,invalid_proof_kind,supported,n,mean_latency_ms,stdev_latency_ms,p50_latency_ms,p95_latency_ms,min_latency_ms,max_latency_ms,median_cpu_time_ms,median_peak_rss_mb,median_page_faults,proof_bytes,native_relation_size,relation_unit,public_inputs,expected_outcomes,stdev_unavailable_reason,excluded_boundary_metrics,metric_unavailable_reason,speedup_vs_one_thread,speedup_ci_low,speedup_ci_high,parallel_efficiency,application_throughput_units_s,native_overhead_ratio,cpu_wall_ratio,ram_per_application_unit_mb,saturation_threads,scaling_coefficient_a,scaling_exponent_b,scaling_exponent_ci_low,scaling_exponent_ci_high,scaling_r_squared,evidence_class,result_scope,run_role,recorded
C3-APPLICATION-WORKLOADS,jellyfish-plonk-credential-final-v1,ef2b7370acbd2d0f7e2071ea52bd1ac2816b684f,37d8bcf5baae44a2ce2009bc7f8f2056240d121adbfcdd4d9de0ed16565bc4fd,credential,jellyfish-turboplonk-0.8.0-bn254-kzg,age8-x5r5,"{""age_bits"":8,""hash_rounds"":5}",adapter_process_wall,2,1,,true,10,174.970656,2.857859,174.066296,179.119000,171.153660,179.666777,120.000000,6.125000,901.500000,769,256,plonk_domain_rows,2,all-expected,,,"Linux procfs read failed: [Errno 13] Permission denied: '/proc/1170/io'; private commit and per-process swap I/O are unavailable; VmSwap reports allocation, not swap traffic; No documented hardware or OS energy counter is configured in WSL2; Linux procfs read failed: [Errno 13] Permission denied: '/proc/1417/io'; private commit and per-process swap I/O are unavailable; VmSwap reports allocation, not swap traffic; No documented hardware or OS energy counter is configured in WSL2; Linux procfs read failed: [Errno 13] Permission denied: '/proc/1475/io'; private commit and per-process swap I/O are unavailable; VmSwap reports allocation, not swap traffic; No documented hardware or OS energy counter is configured in WSL2; Linux procfs read failed: [Errno 13] Permission denied: '/proc/913/io'; private commit and per-process swap I/O are unavailable; VmSwap reports allocation, not swap traffic; No documented hardware or OS energy counter is configured in WSL2; private commit and per-process swap I/O are unavailable; VmSwap reports allocation, not swap traffic; No documented hardware or OS energy counter is configured in WSL2",,,,,,,0.689393,3.062500,,,,,,,measured,final-candidate evidence; validate bundle before paper reporting,measurement,true
C3-APPLICATION-WORKLOADS,jellyfish-plonk-credential-final-v1,ef2b7370acbd2d0f7e2071ea52bd1ac2816b684f,37d8bcf5baae44a2ce2009bc7f8f2056240d121adbfcdd4d9de0ed16565bc4fd,credential,jellyfish-turboplonk-0.8.0-bn254-kzg,age8-x5r5,"{""age_bits"":8,""hash_rounds"":5}",adapter_process_wall,2,1,wrong_public_input,true,10,175.664251,3.232432,176.154345,179.730168,170.204429,181.095414,120.000000,6.123047,901.500000,769,256,plonk_domain_rows,2,all-expected,,,"Linux procfs read failed: [Errno 13] Permission denied: '/proc/1251/io'; private commit and per-process swap I/O are unavailable; VmSwap reports allocation, not swap traffic; No documented hardware or OS energy counter is configured in WSL2; Linux procfs read failed: [Errno 13] Permission denied: '/proc/906/io'; private commit and per-process swap I/O are unavailable; VmSwap reports allocation, not swap traffic; No documented hardware or OS energy counter is configured in WSL2; Linux procfs read failed: [Errno 13] Permission denied: '/proc/935/io'; private commit and per-process swap I/O are unavailable; VmSwap reports allocation, not swap traffic; No documented hardware or OS energy counter is configured in WSL2; private commit and per-process swap I/O are unavailable; VmSwap reports allocation, not swap traffic; No documented hardware or OS energy counter is configured in WSL2",,,,,,,0.681221,3.061523,,,,,,,measured,final-candidate evidence; validate bundle before paper reporting,measurement,true
C3-APPLICATION-WORKLOADS,jellyfish-plonk-credential-final-v1,ef2b7370acbd2d0f7e2071ea52bd1ac2816b684f,37d8bcf5baae44a2ce2009bc7f8f2056240d121adbfcdd4d9de0ed16565bc4fd,credential,jellyfish-turboplonk-0.8.0-bn254-kzg,age8-x5r5,"{""age_bits"":8,""hash_rounds"":5}",adapter_process_wall,2,2,,true,10,123.181288,1.679377,122.735852,125.389648,120.940829,125.401906,130.000000,6.189453,915.500000,769,256,plonk_domain_rows,2,all-expected,,,"Linux procfs read failed: [Errno 13] Permission denied: '/proc/1333/io'; private commit and per-process swap I/O are unavailable; VmSwap reports allocation, not swap traffic; No documented hardware or OS energy counter is configured in WSL2; Linux procfs read failed: [Errno 13] Permission denied: '/proc/1591/io'; private commit and per-process swap I/O are unavailable; VmSwap reports allocation, not swap traffic; No documented hardware or OS energy counter is configured in WSL2; Linux procfs read failed: [Errno 13] Permission denied: '/proc/1619/io'; private commit and per-process swap I/O are unavailable; VmSwap reports allocation, not swap traffic; No documented hardware or OS energy counter is configured in WSL2; Linux procfs read failed: [Errno 13] Permission denied: '/proc/1697/io'; private commit and per-process swap I/O are unavailable; VmSwap reports allocation, not swap traffic; No documented hardware or OS energy counter is configured in WSL2; private commit and per-process swap I/O are unavailable; VmSwap reports allocation, not swap traffic; No documented hardware or OS energy counter is configured in WSL2",,,,,,,1.059185,3.094727,,,,,,,measured,final-candidate evidence; validate bundle before paper reporting,measurement,true
C3-APPLICATION-WORKLOADS,jellyfish-plonk-credential-final-v1,ef2b7370acbd2d0f7e2071ea52bd1ac2816b684f,37d8bcf5baae44a2ce2009bc7f8f2056240d121adbfcdd4d9de0ed16565bc4fd,credential,jellyfish-turboplonk-0.8.0-bn254-kzg,age8-x5r5,"{""age_bits"":8,""hash_rounds"":5}",adapter_process_wall,2,4,,true,10,107.521614,2.709880,107.048120,111.785256,104.309912,114.075560,160.000000,6.390625,935.000000,769,256,plonk_domain_rows,2,all-expected,,,"Linux procfs read failed: [Errno 13] Permission denied: '/proc/1641/io'; private commit and per-process swap I/O are unavailable; VmSwap reports allocation, not swap traffic; No documented hardware or OS energy counter is configured in WSL2; Linux procfs read failed: [Errno 13] Permission denied: '/proc/1863/io'; private commit and per-process swap I/O are unavailable; VmSwap reports allocation, not swap traffic; No documented hardware or OS energy counter is configured in WSL2; Linux procfs read failed: [Errno 13] Permission denied: '/proc/807/io'; private commit and per-process swap I/O are unavailable; VmSwap reports allocation, not swap traffic; No documented hardware or OS energy counter is configured in WSL2; private commit and per-process swap I/O are unavailable; VmSwap reports allocation, not swap traffic; No documented hardware or OS energy counter is configured in WSL2",,,,,,,1.494655,3.195312,,,,,,,measured,final-candidate evidence; validate bundle before paper reporting,measurement,true
C3-APPLICATION-WORKLOADS,jellyfish-plonk-credential-final-v1,ef2b7370acbd2d0f7e2071ea52bd1ac2816b684f,37d8bcf5baae44a2ce2009bc7f8f2056240d121adbfcdd4d9de0ed16565bc4fd,credential,jellyfish-turboplonk-0.8.0-bn254-kzg,age8-x5r5,"{""age_bits"":8,""hash_rounds"":5}",adapter_process_wall,2,4,wrong_public_input,true,10,106.799437,1.431959,107.194798,108.496386,104.800080,108.573633,160.000000,6.361328,944.000000,769,256,plonk_domain_rows,2,all-expected,,,"Linux procfs read failed: [Errno 13] Permission denied: '/proc/1173/io'; private commit and per-process swap I/O are unavailable; VmSwap reports allocation, not swap traffic; No documented hardware or OS energy counter is configured in WSL2; Linux procfs read failed: [Errno 13] Permission denied: '/proc/1208/io'; private commit and per-process swap I/O are unavailable; VmSwap reports allocation, not swap traffic; No documented hardware or OS energy counter is configured in WSL2; Linux procfs read failed: [Errno 13] Permission denied: '/proc/1713/io'; private commit and per-process swap I/O are unavailable; VmSwap reports allocation, not swap traffic; No documented hardware or OS energy counter is configured in WSL2; Linux procfs read failed: [Errno 13] Permission denied: '/proc/1726/io'; private commit and per-process swap I/O are unavailable; VmSwap reports allocation, not swap traffic; No documented hardware or OS energy counter is configured in WSL2; Linux procfs read failed: [Errno 13] Permission denied: '/proc/816/io'; private commit and per-process swap I/O are unavailable; VmSwap reports allocation, not swap traffic; No documented hardware or OS energy counter is configured in WSL2; private commit and per-process swap I/O are unavailable; VmSwap reports allocation, not swap traffic; No documented hardware or OS energy counter is configured in WSL2",,,,,,,1.492610,3.180664,,,,,,,measured,final-candidate evidence; validate bundle before paper reporting,measurement,true
C3-APPLICATION-WORKLOADS,jellyfish-plonk-credential-final-v1,ef2b7370acbd2d0f7e2071ea52bd1ac2816b684f,37d8bcf5baae44a2ce2009bc7f8f2056240d121adbfcdd4d9de0ed16565bc4fd,credential,jellyfish-turboplonk-0.8.0-bn254-kzg,age8-x5r5,"{""age_bits"":8,""hash_rounds"":5}",adapter_process_wall,2,8,,true,10,131.254314,3.206757,130.793232,136.493888,126.709547,137.216639,300.000000,7.072266,1019.000000,769,256,plonk_domain_rows,2,all-expected,,,"Linux procfs read failed: [Errno 13] Permission denied: '/proc/1287/io'; private commit and per-process swap I/O are unavailable; VmSwap reports allocation, not swap traffic; No documented hardware or OS energy counter is configured in WSL2; Linux procfs read failed: [Errno 13] Permission denied: '/proc/1815/io'; private commit and per-process swap I/O are unavailable; VmSwap reports allocation, not swap traffic; No documented hardware or OS energy counter is configured in WSL2; Linux procfs read failed: [Errno 13] Permission denied: '/proc/890/io'; private commit and per-process swap I/O are unavailable; VmSwap reports allocation, not swap traffic; No documented hardware or OS energy counter is configured in WSL2; Linux procfs read failed: [Errno 13] Permission denied: '/proc/922/io'; private commit and per-process swap I/O are unavailable; VmSwap reports allocation, not swap traffic; No documented hardware or OS energy counter is configured in WSL2; private commit and per-process swap I/O are unavailable; VmSwap reports allocation, not swap traffic; No documented hardware or OS energy counter is configured in WSL2",,,,,,,2.293697,3.536133,,,,,,,measured,final-candidate evidence; validate bundle before paper reporting,measurement,true
C3-APPLICATION-WORKLOADS,jellyfish-plonk-credential-final-v1,ef2b7370acbd2d0f7e2071ea52bd1ac2816b684f,37d8bcf5baae44a2ce2009bc7f8f2056240d121adbfcdd4d9de0ed16565bc4fd,credential,jellyfish-turboplonk-0.8.0-bn254-kzg,age8-x5r5,"{""age_bits"":8,""hash_rounds"":5}",adapter_process_wall,4,1,,true,10,255.901250,3.515342,255.224594,261.000427,250.778208,262.182193,200.000000,8.167969,2253.500000,769,512,plonk_domain_rows,2,all-expected,,,"Linux procfs read failed: [Errno 13] Permission denied: '/proc/1423/io'; private commit and per-process swap I/O are unavailable; VmSwap reports allocation, not swap traffic; No documented hardware or OS energy counter is configured in WSL2; Linux procfs read failed: [Errno 13] Permission denied: '/proc/1710/io'; private commit and per-process swap I/O are unavailable; VmSwap reports allocation, not swap traffic; No documented hardware or OS energy counter is configured in WSL2; Linux procfs read failed: [Errno 13] Permission denied: '/proc/1766/io'; private commit and per-process swap I/O are unavailable; VmSwap reports allocation, not swap traffic; No documented hardware or OS energy counter is configured in WSL2; Linux procfs read failed: [Errno 13] Permission denied: '/proc/978/io'; private commit and per-process swap I/O are unavailable; VmSwap reports allocation, not swap traffic; No documented hardware or OS energy counter is configured in WSL2; private commit and per-process swap I/O are unavailable; VmSwap reports allocation, not swap traffic; No documented hardware or OS energy counter is configured in WSL2",,,,,,,0.783624,2.041992,,,,,,,measured,final-candidate evidence; validate bundle before paper reporting,measurement,true
C3-APPLICATION-WORKLOADS,jellyfish-plonk-credential-final-v1,ef2b7370acbd2d0f7e2071ea52bd1ac2816b684f,37d8bcf5baae44a2ce2009bc7f8f2056240d121adbfcdd4d9de0ed16565bc4fd,credential,jellyfish-turboplonk-0.8.0-bn254-kzg,age8-x5r5,"{""age_bits"":8,""hash_rounds"":5}",adapter_process_wall,4,2,,true,10,167.330374,1.910568,167.227244,170.220399,164.779669,170.500972,210.000000,8.322266,2137.500000,769,512,plonk_domain_rows,2,all-expected,,,"Linux procfs read failed: [Errno 13] Permission denied: '/proc/1044/io'; private commit and per-process swap I/O are unavailable; VmSwap reports allocation, not swap traffic; No documented hardware or OS energy counter is configured in WSL2; Linux procfs read failed: [Errno 13] Permission denied: '/proc/1599/io'; private commit and per-process swap I/O are unavailable; VmSwap reports allocation, not swap traffic; No documented hardware or OS energy counter is configured in WSL2; Linux procfs read failed: [Errno 13] Permission denied: '/proc/1693/io'; private commit and per-process swap I/O are unavailable; VmSwap reports allocation, not swap traffic; No documented hardware or OS energy counter is configured in WSL2; Linux procfs read failed: [Errno 13] Permission denied: '/proc/886/io'; private commit and per-process swap I/O are unavailable; VmSwap reports allocation, not swap traffic; No documented hardware or OS energy counter is configured in WSL2; private commit and per-process swap I/O are unavailable; VmSwap reports allocation, not swap traffic; No documented hardware or OS energy counter is configured in WSL2",,,,,,,1.255776,2.080566,,,,,,,measured,final-candidate evidence; validate bundle before paper reporting,measurement,true
C3-APPLICATION-WORKLOADS,jellyfish-plonk-credential-final-v1,ef2b7370acbd2d0f7e2071ea52bd1ac2816b684f,37d8bcf5baae44a2ce2009bc7f8f2056240d121adbfcdd4d9de0ed16565bc4fd,credential,jellyfish-turboplonk-0.8.0-bn254-kzg,age8-x5r5,"{""age_bits"":8,""hash_rounds"":5}",adapter_process_wall,4,4,,true,10,135.526564,3.013008,135.586122,140.085857,131.597526,140.514706,250.000000,8.611328,2054.500000,769,512,plonk_domain_rows,2,all-expected,,,"Linux procfs read failed: [Errno 13] Permission denied: '/proc/1104/io'; private commit and per-process swap I/O are unavailable; VmSwap reports allocation, not swap traffic; No documented hardware or OS energy counter is configured in WSL2; Linux procfs read failed: [Errno 13] Permission denied: '/proc/1269/io'; private commit and per-process swap I/O are unavailable; VmSwap reports allocation, not swap traffic; No documented hardware or OS energy counter is configured in WSL2; Linux procfs read failed: [Errno 13] Permission denied: '/proc/1323/io'; private commit and per-process swap I/O are unavailable; VmSwap reports allocation, not swap traffic; No documented hardware or OS energy counter is configured in WSL2; Linux procfs read failed: [Errno 13] Permission denied: '/proc/1478/io'; private commit and per-process swap I/O are unavailable; VmSwap reports allocation, not swap traffic; No documented hardware or OS energy counter is configured in WSL2; Linux procfs read failed: [Errno 13] Permission denied: '/proc/1613/io'; private commit and per-process swap I/O are unavailable; VmSwap reports allocation, not swap traffic; No documented hardware or OS energy counter is configured in WSL2; Linux procfs read failed: [Errno 13] Permission denied: '/proc/759/io'; private commit and per-process swap I/O are unavailable; VmSwap reports allocation, not swap traffic; No documented hardware or OS energy counter is configured in WSL2; Linux procfs read failed: [Errno 13] Permission denied: '/proc/981/io'; private commit and per-process swap I/O are unavailable; VmSwap reports allocation, not swap traffic; No documented hardware or OS energy counter is configured in WSL2; private commit and per-process swap I/O are unavailable; VmSwap reports allocation, not swap traffic; No documented hardware or OS energy counter is configured in WSL2",,,,,,,1.843847,2.152832,,,,,,,measured,final-candidate evidence; validate bundle before paper reporting,measurement,true
C3-APPLICATION-WORKLOADS,jellyfish-plonk-credential-final-v1,ef2b7370acbd2d0f7e2071ea52bd1ac2816b684f,37d8bcf5baae44a2ce2009bc7f8f2056240d121adbfcdd4d9de0ed16565bc4fd,credential,jellyfish-turboplonk-0.8.0-bn254-kzg,age8-x5r5,"{""age_bits"":8,""hash_rounds"":5}",adapter_process_wall,4,8,,true,10,150.322397,5.050540,151.613384,155.834398,139.742886,156.048944,410.000000,9.603516,1899.000000,769,512,plonk_domain_rows,2,all-expected,,,"Linux procfs read failed: [Errno 13] Permission denied: '/proc/1674/io'; private commit and per-process swap I/O are unavailable; VmSwap reports allocation, not swap traffic; No documented hardware or OS energy counter is configured in WSL2; Linux procfs read failed: [Errno 13] Permission denied: '/proc/1849/io'; private commit and per-process swap I/O are unavailable; VmSwap reports allocation, not swap traffic; No documented hardware or OS energy counter is configured in WSL2; Linux procfs read failed: [Errno 13] Permission denied: '/proc/1936/io'; private commit and per-process swap I/O are unavailable; VmSwap reports allocation, not swap traffic; No documented hardware or OS energy counter is configured in WSL2; Linux procfs read failed: [Errno 13] Permission denied: '/proc/996/io'; private commit and per-process swap I/O are unavailable; VmSwap reports allocation, not swap traffic; No documented hardware or OS energy counter is configured in WSL2; private commit and per-process swap I/O are unavailable; VmSwap reports allocation, not swap traffic; No documented hardware or OS energy counter is configured in WSL2",,,,,,,2.704247,2.400879,,,,,,,measured,final-candidate evidence; validate bundle before paper reporting,measurement,true
C3-APPLICATION-WORKLOADS,jellyfish-plonk-credential-final-v1,ef2b7370acbd2d0f7e2071ea52bd1ac2816b684f,37d8bcf5baae44a2ce2009bc7f8f2056240d121adbfcdd4d9de0ed16565bc4fd,credential,jellyfish-turboplonk-0.8.0-bn254-kzg,age8-x5r5,"{""age_bits"":8,""hash_rounds"":5}",adapter_process_wall,8,1,,true,10,412.277861,6.296614,412.777000,421.752987,404.717429,421.816540,355.000000,12.386719,4749.000000,769,1024,plonk_domain_rows,2,all-expected,,,"Linux procfs read failed: [Errno 13] Permission denied: '/proc/1006/io'; private commit and per-process swap I/O are unavailable; VmSwap reports allocation, not swap traffic; No documented hardware or OS energy counter is configured in WSL2; Linux procfs read failed: [Errno 13] Permission denied: '/proc/1120/io'; private commit and per-process swap I/O are unavailable; VmSwap reports allocation, not swap traffic; No documented hardware or OS energy counter is configured in WSL2; Linux procfs read failed: [Errno 13] Permission denied: '/proc/1791/io'; private commit and per-process swap I/O are unavailable; VmSwap reports allocation, not swap traffic; No documented hardware or OS energy counter is configured in WSL2; Linux procfs read failed: [Errno 13] Permission denied: '/proc/1812/io'; private commit and per-process swap I/O are unavailable; VmSwap reports allocation, not swap traffic; No documented hardware or OS energy counter is configured in WSL2; Linux procfs read failed: [Errno 13] Permission denied: '/proc/965/io'; private commit and per-process swap I/O are unavailable; VmSwap reports allocation, not swap traffic; No documented hardware or OS energy counter is configured in WSL2; private commit and per-process swap I/O are unavailable; VmSwap reports allocation, not swap traffic; No documented hardware or OS energy counter is configured in WSL2",,,,,,,0.860029,1.548340,,,,,,,measured,final-candidate evidence; validate bundle before paper reporting,measurement,true
C3-APPLICATION-WORKLOADS,jellyfish-plonk-credential-final-v1,ef2b7370acbd2d0f7e2071ea52bd1ac2816b684f,37d8bcf5baae44a2ce2009bc7f8f2056240d121adbfcdd4d9de0ed16565bc4fd,credential,jellyfish-turboplonk-0.8.0-bn254-kzg,age8-x5r5,"{""age_bits"":8,""hash_rounds"":5}",adapter_process_wall,8,1,wrong_public_input,true,10,410.653188,4.760298,408.433322,418.890822,406.557432,420.090724,360.000000,12.392578,4753.000000,769,1024,plonk_domain_rows,2,all-expected,,,"Linux procfs read failed: [Errno 13] Permission denied: '/proc/1779/io'; private commit and per-process swap I/O are unavailable; VmSwap reports allocation, not swap traffic; No documented hardware or OS energy counter is configured in WSL2; Linux procfs read failed: [Errno 13] Permission denied: '/proc/1926/io'; private commit and per-process swap I/O are unavailable; VmSwap reports allocation, not swap traffic; No documented hardware or OS energy counter is configured in WSL2; Linux procfs read failed: [Errno 13] Permission denied: '/proc/1933/io'; private commit and per-process swap I/O are unavailable; VmSwap reports allocation, not swap traffic; No documented hardware or OS energy counter is configured in WSL2; private commit and per-process swap I/O are unavailable; VmSwap reports allocation, not swap traffic; No documented hardware or OS energy counter is configured in WSL2",,,,,,,0.881417,1.549072,,,,,,,measured,final-candidate evidence; validate bundle before paper reporting,measurement,true
C3-APPLICATION-WORKLOADS,jellyfish-plonk-credential-final-v1,ef2b7370acbd2d0f7e2071ea52bd1ac2816b684f,37d8bcf5baae44a2ce2009bc7f8f2056240d121adbfcdd4d9de0ed16565bc4fd,credential,jellyfish-turboplonk-0.8.0-bn254-kzg,age8-x5r5,"{""age_bits"":8,""hash_rounds"":5}",adapter_process_wall,8,2,,true,10,253.437641,5.311653,252.321892,262.085805,245.702904,263.713289,370.000000,12.568359,4514.000000,769,1024,plonk_domain_rows,2,all-expected,,,"Linux procfs read failed: [Errno 13] Permission denied: '/proc/1368/io'; private commit and per-process swap I/O are unavailable; VmSwap reports allocation, not swap traffic; No documented hardware or OS energy counter is configured in WSL2; Linux procfs read failed: [Errno 13] Permission denied: '/proc/1722/io'; private commit and per-process swap I/O are unavailable; VmSwap reports allocation, not swap traffic; No documented hardware or OS energy counter is configured in WSL2; Linux procfs read failed: [Errno 13] Permission denied: '/proc/1825/io'; private commit and per-process swap I/O are unavailable; VmSwap reports allocation, not swap traffic; No documented hardware or OS energy counter is configured in WSL2; Linux procfs read failed: [Errno 13] Permission denied: '/proc/909/io'; private commit and per-process swap I/O are unavailable; VmSwap reports allocation, not swap traffic; No documented hardware or OS energy counter is configured in WSL2; private commit and per-process swap I/O are unavailable; VmSwap reports allocation, not swap traffic; No documented hardware or OS energy counter is configured in WSL2",,,,,,,1.466381,1.571045,,,,,,,measured,final-candidate evidence; validate bundle before paper reporting,measurement,true
C3-APPLICATION-WORKLOADS,jellyfish-plonk-credential-final-v1,ef2b7370acbd2d0f7e2071ea52bd1ac2816b684f,37d8bcf5baae44a2ce2009bc7f8f2056240d121adbfcdd4d9de0ed16565bc4fd,credential,jellyfish-turboplonk-0.8.0-bn254-kzg,age8-x5r5,"{""age_bits"":8,""hash_rounds"":5}",adapter_process_wall,8,4,,true,10,184.255136,4.878648,183.146737,192.871179,179.478287,194.528960,430.000000,13.083984,4100.000000,769,1024,plonk_domain_rows,2,all-expected,,,"Linux procfs read failed: [Errno 13] Permission denied: '/proc/1155/io'; private commit and per-process swap I/O are unavailable; VmSwap reports allocation, not swap traffic; No documented hardware or OS energy counter is configured in WSL2; Linux procfs read failed: [Errno 13] Permission denied: '/proc/1527/io'; private commit and per-process swap I/O are unavailable; VmSwap reports allocation, not swap traffic; No documented hardware or OS energy counter is configured in WSL2; Linux procfs read failed: [Errno 13] Permission denied: '/proc/1635/io'; private commit and per-process swap I/O are unavailable; VmSwap reports allocation, not swap traffic; No documented hardware or OS energy counter is configured in WSL2; Linux procfs read failed: [Errno 13] Permission denied: '/proc/1760/io'; private commit and per-process swap I/O are unavailable; VmSwap reports allocation, not swap traffic; No documented hardware or OS energy counter is configured in WSL2; Linux procfs read failed: [Errno 13] Permission denied: '/proc/851/io'; private commit and per-process swap I/O are unavailable; VmSwap reports allocation, not swap traffic; No documented hardware or OS energy counter is configured in WSL2; private commit and per-process swap I/O are unavailable; VmSwap reports allocation, not swap traffic; No documented hardware or OS energy counter is configured in WSL2",,,,,,,2.347844,1.635498,,,,,,,measured,final-candidate evidence; validate bundle before paper reporting,measurement,true
C3-APPLICATION-WORKLOADS,jellyfish-plonk-credential-final-v1,ef2b7370acbd2d0f7e2071ea52bd1ac2816b684f,37d8bcf5baae44a2ce2009bc7f8f2056240d121adbfcdd4d9de0ed16565bc4fd,credential,jellyfish-turboplonk-0.8.0-bn254-kzg,age8-x5r5,"{""age_bits"":8,""hash_rounds"":5}",adapter_process_wall,8,4,wrong_public_input,true,10,182.533670,3.658274,182.845658,187.733420,177.824017,188.289094,420.000000,13.148438,4131.000000,769,1024,plonk_domain_rows,2,all-expected,,,"Linux procfs read failed: [Errno 13] Permission denied: '/proc/1078/io'; private commit and per-process swap I/O are unavailable; VmSwap reports allocation, not swap traffic; No documented hardware or OS energy counter is configured in WSL2; Linux procfs read failed: [Errno 13] Permission denied: '/proc/1275/io'; private commit and per-process swap I/O are unavailable; VmSwap reports allocation, not swap traffic; No documented hardware or OS energy counter is configured in WSL2; Linux procfs read failed: [Errno 13] Permission denied: '/proc/877/io'; private commit and per-process swap I/O are unavailable; VmSwap reports allocation, not swap traffic; No documented hardware or OS energy counter is configured in WSL2; private commit and per-process swap I/O are unavailable; VmSwap reports allocation, not swap traffic; No documented hardware or OS energy counter is configured in WSL2",,,,,,,2.297019,1.643555,,,,,,,measured,final-candidate evidence; validate bundle before paper reporting,measurement,true
C3-APPLICATION-WORKLOADS,jellyfish-plonk-credential-final-v1,ef2b7370acbd2d0f7e2071ea52bd1ac2816b684f,37d8bcf5baae44a2ce2009bc7f8f2056240d121adbfcdd4d9de0ed16565bc4fd,credential,jellyfish-turboplonk-0.8.0-bn254-kzg,age8-x5r5,"{""age_bits"":8,""hash_rounds"":5}",adapter_process_wall,8,8,,true,10,179.856780,5.975289,178.453822,190.093378,172.151046,192.682270,600.000000,14.875000,3756.000000,769,1024,plonk_domain_rows,2,all-expected,,,"Linux procfs read failed: [Errno 13] Permission denied: '/proc/1217/io'; private commit and per-process swap I/O are unavailable; VmSwap reports allocation, not swap traffic; No documented hardware or OS energy counter is configured in WSL2; Linux procfs read failed: [Errno 13] Permission denied: '/proc/1235/io'; private commit and per-process swap I/O are unavailable; VmSwap reports allocation, not swap traffic; No documented hardware or OS energy counter is configured in WSL2; Linux procfs read failed: [Errno 13] Permission denied: '/proc/1794/io'; private commit and per-process swap I/O are unavailable; VmSwap reports allocation, not swap traffic; No documented hardware or OS energy counter is configured in WSL2; Linux procfs read failed: [Errno 13] Permission denied: '/proc/765/io'; private commit and per-process swap I/O are unavailable; VmSwap reports allocation, not swap traffic; No documented hardware or OS energy counter is configured in WSL2; private commit and per-process swap I/O are unavailable; VmSwap reports allocation, not swap traffic; No documented hardware or OS energy counter is configured in WSL2",,,,,,,3.362214,1.859375,,,,,,,measured,final-candidate evidence; validate bundle before paper reporting,measurement,true
C3-APPLICATION-WORKLOADS,jellyfish-plonk-credential-final-v1,ef2b7370acbd2d0f7e2071ea52bd1ac2816b684f,37d8bcf5baae44a2ce2009bc7f8f2056240d121adbfcdd4d9de0ed16565bc4fd,credential,jellyfish-turboplonk-0.8.0-bn254-kzg,age8-x5r5,"{""age_bits"":8,""hash_rounds"":5}",adapter_process_wall,16,1,,true,10,717.896843,9.488536,718.168429,730.868362,701.710667,731.563560,660.000000,21.048828,9761.000000,769,2048,plonk_domain_rows,2,all-expected,,,"Linux procfs read failed: [Errno 13] Permission denied: '/proc/1355/io'; private commit and per-process swap I/O are unavailable; VmSwap reports allocation, not swap traffic; No documented hardware or OS energy counter is configured in WSL2; Linux procfs read failed: [Errno 13] Permission denied: '/proc/822/io'; private commit and per-process swap I/O are unavailable; VmSwap reports allocation, not swap traffic; No documented hardware or OS energy counter is configured in WSL2; private commit and per-process swap I/O are unavailable; VmSwap reports allocation, not swap traffic; No documented hardware or OS energy counter is configured in WSL2",,,,,,,0.919004,1.315552,,,,,,,measured,final-candidate evidence; validate bundle before paper reporting,measurement,true
C3-APPLICATION-WORKLOADS,jellyfish-plonk-credential-final-v1,ef2b7370acbd2d0f7e2071ea52bd1ac2816b684f,37d8bcf5baae44a2ce2009bc7f8f2056240d121adbfcdd4d9de0ed16565bc4fd,credential,jellyfish-turboplonk-0.8.0-bn254-kzg,age8-x5r5,"{""age_bits"":8,""hash_rounds"":5}",adapter_process_wall,16,1,wrong_public_input,true,10,723.033760,9.817289,721.123443,737.994572,713.593218,745.352637,665.000000,21.066406,9715.500000,769,2048,plonk_domain_rows,2,all-expected,,,"Linux procfs read failed: [Errno 13] Permission denied: '/proc/1647/io'; private commit and per-process swap I/O are unavailable; VmSwap reports allocation, not swap traffic; No documented hardware or OS energy counter is configured in WSL2; Linux procfs read failed: [Errno 13] Permission denied: '/proc/1707/io'; private commit and per-process swap I/O are unavailable; VmSwap reports allocation, not swap traffic; No documented hardware or OS energy counter is configured in WSL2; Linux procfs read failed: [Errno 2] No such file or directory: '/proc/1214/status'; private commit and per-process swap I/O are unavailable; VmSwap reports allocation, not swap traffic; No documented hardware or OS energy counter is configured in WSL2; private commit and per-process swap I/O are unavailable; VmSwap reports allocation, not swap traffic; No documented hardware or OS energy counter is configured in WSL2",,,,,,,0.922172,1.316650,,,,,,,measured,final-candidate evidence; validate bundle before paper reporting,measurement,true
C3-APPLICATION-WORKLOADS,jellyfish-plonk-credential-final-v1,ef2b7370acbd2d0f7e2071ea52bd1ac2816b684f,37d8bcf5baae44a2ce2009bc7f8f2056240d121adbfcdd4d9de0ed16565bc4fd,credential,jellyfish-turboplonk-0.8.0-bn254-kzg,age8-x5r5,"{""age_bits"":8,""hash_rounds"":5}",adapter_process_wall,16,2,,true,10,417.218365,7.480160,419.114337,425.831591,406.912518,426.587654,690.000000,21.435547,9388.500000,769,2048,plonk_domain_rows,2,all-expected,,,"Linux procfs read failed: [Errno 13] Permission denied: '/proc/1227/io'; private commit and per-process swap I/O are unavailable; VmSwap reports allocation, not swap traffic; No documented hardware or OS energy counter is configured in WSL2; Linux procfs read failed: [Errno 13] Permission denied: '/proc/1261/io'; private commit and per-process swap I/O are unavailable; VmSwap reports allocation, not swap traffic; No documented hardware or OS energy counter is configured in WSL2; Linux procfs read failed: [Errno 13] Permission denied: '/proc/1409/io'; private commit and per-process swap I/O are unavailable; VmSwap reports allocation, not swap traffic; No documented hardware or OS energy counter is configured in WSL2; Linux procfs read failed: [Errno 13] Permission denied: '/proc/1503/io'; private commit and per-process swap I/O are unavailable; VmSwap reports allocation, not swap traffic; No documented hardware or OS energy counter is configured in WSL2; Linux procfs read failed: [Errno 13] Permission denied: '/proc/1922/io'; private commit and per-process swap I/O are unavailable; VmSwap reports allocation, not swap traffic; No documented hardware or OS energy counter is configured in WSL2; private commit and per-process swap I/O are unavailable; VmSwap reports allocation, not swap traffic; No documented hardware or OS energy counter is configured in WSL2",,,,,,,1.646329,1.339722,,,,,,,measured,final-candidate evidence; validate bundle before paper reporting,measurement,true
C3-APPLICATION-WORKLOADS,jellyfish-plonk-credential-final-v1,ef2b7370acbd2d0f7e2071ea52bd1ac2816b684f,37d8bcf5baae44a2ce2009bc7f8f2056240d121adbfcdd4d9de0ed16565bc4fd,credential,jellyfish-turboplonk-0.8.0-bn254-kzg,age8-x5r5,"{""age_bits"":8,""hash_rounds"":5}",adapter_process_wall,16,4,,true,10,278.201432,6.346046,277.900167,288.422322,271.438563,292.054204,765.000000,22.580078,8976.500000,769,2048,plonk_domain_rows,2,all-expected,,,"Linux procfs read failed: [Errno 13] Permission denied: '/proc/1281/io'; private commit and per-process swap I/O are unavailable; VmSwap reports allocation, not swap traffic; No documented hardware or OS energy counter is configured in WSL2; Linux procfs read failed: [Errno 13] Permission denied: '/proc/1521/io'; private commit and per-process swap I/O are unavailable; VmSwap reports allocation, not swap traffic; No documented hardware or OS energy counter is configured in WSL2; Linux procfs read failed: [Errno 13] Permission denied: '/proc/1582/io'; private commit and per-process swap I/O are unavailable; VmSwap reports allocation, not swap traffic; No documented hardware or OS energy counter is configured in WSL2; private commit and per-process swap I/O are unavailable; VmSwap reports allocation, not swap traffic; No documented hardware or OS energy counter is configured in WSL2",,,,,,,2.752787,1.411255,,,,,,,measured,final-candidate evidence; validate bundle before paper reporting,measurement,true
C3-APPLICATION-WORKLOADS,jellyfish-plonk-credential-final-v1,ef2b7370acbd2d0f7e2071ea52bd1ac2816b684f,37d8bcf5baae44a2ce2009bc7f8f2056240d121adbfcdd4d9de0ed16565bc4fd,credential,jellyfish-turboplonk-0.8.0-bn254-kzg,age8-x5r5,"{""age_bits"":8,""hash_rounds"":5}",adapter_process_wall,16,4,wrong_public_input,true,10,280.275368,6.283367,278.767807,290.756663,272.582986,294.018509,770.000000,22.601562,8967.000000,769,2048,plonk_domain_rows,2,all-expected,,,"Linux procfs read failed: [Errno 13] Permission denied: '/proc/1009/io'; private commit and per-process swap I/O are unavailable; VmSwap reports allocation, not swap traffic; No documented hardware or OS energy counter is configured in WSL2; Linux procfs read failed: [Errno 13] Permission denied: '/proc/1557/io'; private commit and per-process swap I/O are unavailable; VmSwap reports allocation, not swap traffic; No documented hardware or OS energy counter is configured in WSL2; Linux procfs read failed: [Errno 13] Permission denied: '/proc/1882/io'; private commit and per-process swap I/O are unavailable; VmSwap reports allocation, not swap traffic; No documented hardware or OS energy counter is configured in WSL2; Linux procfs read failed: [Errno 2] No such file or directory: '/proc/1659/io'; private commit and per-process swap I/O are unavailable; VmSwap reports allocation, not swap traffic; No documented hardware or OS energy counter is configured in WSL2; private commit and per-process swap I/O are unavailable; VmSwap reports allocation, not swap traffic; No documented hardware or OS energy counter is configured in WSL2",,,,,,,2.762155,1.412598,,,,,,,measured,final-candidate evidence; validate bundle before paper reporting,measurement,true
C3-APPLICATION-WORKLOADS,jellyfish-plonk-credential-final-v1,ef2b7370acbd2d0f7e2071ea52bd1ac2816b684f,37d8bcf5baae44a2ce2009bc7f8f2056240d121adbfcdd4d9de0ed16565bc4fd,credential,jellyfish-turboplonk-0.8.0-bn254-kzg,age8-x5r5,"{""age_bits"":8,""hash_rounds"":5}",adapter_process_wall,16,8,,true,10,247.186481,8.911441,247.240654,260.032432,234.493277,267.326849,990.000000,26.935547,7599.500000,769,2048,plonk_domain_rows,2,all-expected,,,"Linux procfs read failed: [Errno 13] Permission denied: '/proc/1052/io'; private commit and per-process swap I/O are unavailable; VmSwap reports allocation, not swap traffic; No documented hardware or OS energy counter is configured in WSL2; Linux procfs read failed: [Errno 13] Permission denied: '/proc/1185/io'; private commit and per-process swap I/O are unavailable; VmSwap reports allocation, not swap traffic; No documented hardware or OS energy counter is configured in WSL2; Linux procfs read failed: [Errno 13] Permission denied: '/proc/1439/io'; private commit and per-process swap I/O are unavailable; VmSwap reports allocation, not swap traffic; No documented hardware or OS energy counter is configured in WSL2; Linux procfs read failed: [Errno 13] Permission denied: '/proc/1769/io'; private commit and per-process swap I/O are unavailable; VmSwap reports allocation, not swap traffic; No documented hardware or OS energy counter is configured in WSL2; Linux procfs read failed: [Errno 13] Permission denied: '/proc/841/io'; private commit and per-process swap I/O are unavailable; VmSwap reports allocation, not swap traffic; No documented hardware or OS energy counter is configured in WSL2; private commit and per-process swap I/O are unavailable; VmSwap reports allocation, not swap traffic; No documented hardware or OS energy counter is configured in WSL2",,,,,,,4.004196,1.683472,,,,,,,measured,final-candidate evidence; validate bundle before paper reporting,measurement,true
C3-APPLICATION-WORKLOADS,jellyfish-plonk-credential-final-v1,ef2b7370acbd2d0f7e2071ea52bd1ac2816b684f,37d8bcf5baae44a2ce2009bc7f8f2056240d121adbfcdd4d9de0ed16565bc4fd,credential,jellyfish-turboplonk-0.8.0-bn254-kzg,age8-x5r5,"{""age_bits"":8,""hash_rounds"":5}",commitment,2,1,,false,,,,,,,,,,,,,,,not-applicable,,,Jellyfish exposes no stable per-proof hook for this phase,,,,,,,,,,,,,,,measured,final-candidate evidence; validate bundle before paper reporting,measurement,true
C3-APPLICATION-WORKLOADS,jellyfish-plonk-credential-final-v1,ef2b7370acbd2d0f7e2071ea52bd1ac2816b684f,37d8bcf5baae44a2ce2009bc7f8f2056240d121adbfcdd4d9de0ed16565bc4fd,credential,jellyfish-turboplonk-0.8.0-bn254-kzg,age8-x5r5,"{""age_bits"":8,""hash_rounds"":5}",commitment,2,1,wrong_public_input,false,,,,,,,,,,,,,,,not-applicable,,,Jellyfish exposes no stable per-proof hook for this phase,,,,,,,,,,,,,,,measured,final-candidate evidence; validate bundle before paper reporting,measurement,true
C3-APPLICATION-WORKLOADS,jellyfish-plonk-credential-final-v1,ef2b7370acbd2d0f7e2071ea52bd1ac2816b684f,37d8bcf5baae44a2ce2009bc7f8f2056240d121adbfcdd4d9de0ed16565bc4fd,credential,jellyfish-turboplonk-0.8.0-bn254-kzg,age8-x5r5,"{""age_bits"":8,""hash_rounds"":5}",commitment,2,2,,false,,,,,,,,,,,,,,,not-applicable,,,Jellyfish exposes no stable per-proof hook for this phase,,,,,,,,,,,,,,,measured,final-candidate evidence; validate bundle before paper reporting,measurement,true
C3-APPLICATION-WORKLOADS,jellyfish-plonk-credential-final-v1,ef2b7370acbd2d0f7e2071ea52bd1ac2816b684f,37d8bcf5baae44a2ce2009bc7f8f2056240d121adbfcdd4d9de0ed16565bc4fd,credential,jellyfish-turboplonk-0.8.0-bn254-kzg,age8-x5r5,"{""age_bits"":8,""hash_rounds"":5}",commitment,2,4,,false,,,,,,,,,,,,,,,not-applicable,,,Jellyfish exposes no stable per-proof hook for this phase,,,,,,,,,,,,,,,measured,final-candidate evidence; validate bundle before paper reporting,measurement,true
C3-APPLICATION-WORKLOADS,jellyfish-plonk-credential-final-v1,ef2b7370acbd2d0f7e2071ea52bd1ac2816b684f,37d8bcf5baae44a2ce2009bc7f8f2056240d121adbfcdd4d9de0ed16565bc4fd,credential,jellyfish-turboplonk-0.8.0-bn254-kzg,age8-x5r5,"{""age_bits"":8,""hash_rounds"":5}",commitment,2,4,wrong_public_input,false,,,,,,,,,,,,,,,not-applicable,,,Jellyfish exposes no stable per-proof hook for this phase,,,,,,,,,,,,,,,measured,final-candidate evidence; validate bundle before paper reporting,measurement,true
C3-APPLICATION-WORKLOADS,jellyfish-plonk-credential-final-v1,ef2b7370acbd2d0f7e2071ea52bd1ac2816b684f,37d8bcf5baae44a2ce2009bc7f8f2056240d121adbfcdd4d9de0ed16565bc4fd,credential,jellyfish-turboplonk-0.8.0-bn254-kzg,age8-x5r5,"{""age_bits"":8,""hash_rounds"":5}",commitment,2,8,,false,,,,,,,,,,,,,,,not-applicable,,,Jellyfish exposes no stable per-proof hook for this phase,,,,,,,,,,,,,,,measured,final-candidate evidence; validate bundle before paper reporting,measurement,true
C3-APPLICATION-WORKLOADS,jellyfish-plonk-credential-final-v1,ef2b7370acbd2d0f7e2071ea52bd1ac2816b684f,37d8bcf5baae44a2ce2009bc7f8f2056240d121adbfcdd4d9de0ed16565bc4fd,credential,jellyfish-turboplonk-0.8.0-bn254-kzg,age8-x5r5,"{""age_bits"":8,""hash_rounds"":5}",commitment,4,1,,false,,,,,,,,,,,,,,,not-applicable,,,Jellyfish exposes no stable per-proof hook for this phase,,,,,,,,,,,,,,,measured,final-candidate evidence; validate bundle before paper reporting,measurement,true
C3-APPLICATION-WORKLOADS,jellyfish-plonk-credential-final-v1,ef2b7370acbd2d0f7e2071ea52bd1ac2816b684f,37d8bcf5baae44a2ce2009bc7f8f2056240d121adbfcdd4d9de0ed16565bc4fd,credential,jellyfish-turboplonk-0.8.0-bn254-kzg,age8-x5r5,"{""age_bits"":8,""hash_rounds"":5}",commitment,4,2,,false,,,,,,,,,,,,,,,not-applicable,,,Jellyfish exposes no stable per-proof hook for this phase,,,,,,,,,,,,,,,measured,final-candidate evidence; validate bundle before paper reporting,measurement,true
C3-APPLICATION-WORKLOADS,jellyfish-plonk-credential-final-v1,ef2b7370acbd2d0f7e2071ea52bd1ac2816b684f,37d8bcf5baae44a2ce2009bc7f8f2056240d121adbfcdd4d9de0ed16565bc4fd,credential,jellyfish-turboplonk-0.8.0-bn254-kzg,age8-x5r5,"{""age_bits"":8,""hash_rounds"":5}",commitment,4,4,,false,,,,,,,,,,,,,,,not-applicable,,,Jellyfish exposes no stable per-proof hook for this phase,,,,,,,,,,,,,,,measured,final-candidate evidence; validate bundle before paper reporting,measurement,true
C3-APPLICATION-WORKLOADS,jellyfish-plonk-credential-final-v1,ef2b7370acbd2d0f7e2071ea52bd1ac2816b684f,37d8bcf5baae44a2ce2009bc7f8f2056240d121adbfcdd4d9de0ed16565bc4fd,credential,jellyfish-turboplonk-0.8.0-bn254-kzg,age8-x5r5,"{""age_bits"":8,""hash_rounds"":5}",commitment,4,8,,false,,,,,,,,,,,,,,,not-applicable,,,Jellyfish exposes no stable per-proof hook for this phase,,,,,,,,,,,,,,,measured,final-candidate evidence; validate bundle before paper reporting,measurement,true
C3-APPLICATION-WORKLOADS,jellyfish-plonk-credential-final-v1,ef2b7370acbd2d0f7e2071ea52bd1ac2816b684f,37d8bcf5baae44a2ce2009bc7f8f2056240d121adbfcdd4d9de0ed16565bc4fd,credential,jellyfish-turboplonk-0.8.0-bn254-kzg,age8-x5r5,"{""age_bits"":8,""hash_rounds"":5}",commitment,8,1,,false,,,,,,,,,,,,,,,not-applicable,,,Jellyfish exposes no stable per-proof hook for this phase,,,,,,,,,,,,,,,measured,final-candidate evidence; validate bundle before paper reporting,measurement,true
C3-APPLICATION-WORKLOADS,jellyfish-plonk-credential-final-v1,ef2b7370acbd2d0f7e2071ea52bd1ac2816b684f,37d8bcf5baae44a2ce2009bc7f8f2056240d121adbfcdd4d9de0ed16565bc4fd,credential,jellyfish-turboplonk-0.8.0-bn254-kzg,age8-x5r5,"{""age_bits"":8,""hash_rounds"":5}",commitment,8,1,wrong_public_input,false,,,,,,,,,,,,,,,not-applicable,,,Jellyfish exposes no stable per-proof hook for this phase,,,,,,,,,,,,,,,measured,final-candidate evidence; validate bundle before paper reporting,measurement,true
C3-APPLICATION-WORKLOADS,jellyfish-plonk-credential-final-v1,ef2b7370acbd2d0f7e2071ea52bd1ac2816b684f,37d8bcf5baae44a2ce2009bc7f8f2056240d121adbfcdd4d9de0ed16565bc4fd,credential,jellyfish-turboplonk-0.8.0-bn254-kzg,age8-x5r5,"{""age_bits"":8,""hash_rounds"":5}",commitment,8,2,,false,,,,,,,,,,,,,,,not-applicable,,,Jellyfish exposes no stable per-proof hook for this phase,,,,,,,,,,,,,,,measured,final-candidate evidence; validate bundle before paper reporting,measurement,true
C3-APPLICATION-WORKLOADS,jellyfish-plonk-credential-final-v1,ef2b7370acbd2d0f7e2071ea52bd1ac2816b684f,37d8bcf5baae44a2ce2009bc7f8f2056240d121adbfcdd4d9de0ed16565bc4fd,credential,jellyfish-turboplonk-0.8.0-bn254-kzg,age8-x5r5,"{""age_bits"":8,""hash_rounds"":5}",commitment,8,4,,false,,,,,,,,,,,,,,,not-applicable,,,Jellyfish exposes no stable per-proof hook for this phase,,,,,,,,,,,,,,,measured,final-candidate evidence; validate bundle before paper reporting,measurement,true
C3-APPLICATION-WORKLOADS,jellyfish-plonk-credential-final-v1,ef2b7370acbd2d0f7e2071ea52bd1ac2816b684f,37d8bcf5baae44a2ce2009bc7f8f2056240d121adbfcdd4d9de0ed16565bc4fd,credential,jellyfish-turboplonk-0.8.0-bn254-kzg,age8-x5r5,"{""age_bits"":8,""hash_rounds"":5}",commitment,8,4,wrong_public_input,false,,,,,,,,,,,,,,,not-applicable,,,Jellyfish exposes no stable per-proof hook for this phase,,,,,,,,,,,,,,,measured,final-candidate evidence; validate bundle before paper reporting,measurement,true
C3-APPLICATION-WORKLOADS,jellyfish-plonk-credential-final-v1,ef2b7370acbd2d0f7e2071ea52bd1ac2816b684f,37d8bcf5baae44a2ce2009bc7f8f2056240d121adbfcdd4d9de0ed16565bc4fd,credential,jellyfish-turboplonk-0.8.0-bn254-kzg,age8-x5r5,"{""age_bits"":8,""hash_rounds"":5}",commitment,8,8,,false,,,,,,,,,,,,,,,not-applicable,,,Jellyfish exposes no stable per-proof hook for this phase,,,,,,,,,,,,,,,measured,final-candidate evidence; validate bundle before paper reporting,measurement,true
C3-APPLICATION-WORKLOADS,jellyfish-plonk-credential-final-v1,ef2b7370acbd2d0f7e2071ea52bd1ac2816b684f,37d8bcf5baae44a2ce2009bc7f8f2056240d121adbfcdd4d9de0ed16565bc4fd,credential,jellyfish-turboplonk-0.8.0-bn254-kzg,age8-x5r5,"{""age_bits"":8,""hash_rounds"":5}",commitment,16,1,,false,,,,,,,,,,,,,,,not-applicable,,,Jellyfish exposes no stable per-proof hook for this phase,,,,,,,,,,,,,,,measured,final-candidate evidence; validate bundle before paper reporting,measurement,true
C3-APPLICATION-WORKLOADS,jellyfish-plonk-credential-final-v1,ef2b7370acbd2d0f7e2071ea52bd1ac2816b684f,37d8bcf5baae44a2ce2009bc7f8f2056240d121adbfcdd4d9de0ed16565bc4fd,credential,jellyfish-turboplonk-0.8.0-bn254-kzg,age8-x5r5,"{""age_bits"":8,""hash_rounds"":5}",commitment,16,1,wrong_public_input,false,,,,,,,,,,,,,,,not-applicable,,,Jellyfish exposes no stable per-proof hook for this phase,,,,,,,,,,,,,,,measured,final-candidate evidence; validate bundle before paper reporting,measurement,true
C3-APPLICATION-WORKLOADS,jellyfish-plonk-credential-final-v1,ef2b7370acbd2d0f7e2071ea52bd1ac2816b684f,37d8bcf5baae44a2ce2009bc7f8f2056240d121adbfcdd4d9de0ed16565bc4fd,credential,jellyfish-turboplonk-0.8.0-bn254-kzg,age8-x5r5,"{""age_bits"":8,""hash_rounds"":5}",commitment,16,2,,false,,,,,,,,,,,,,,,not-applicable,,,Jellyfish exposes no stable per-proof hook for this phase,,,,,,,,,,,,,,,measured,final-candidate evidence; validate bundle before paper reporting,measurement,true
C3-APPLICATION-WORKLOADS,jellyfish-plonk-credential-final-v1,ef2b7370acbd2d0f7e2071ea52bd1ac2816b684f,37d8bcf5baae44a2ce2009bc7f8f2056240d121adbfcdd4d9de0ed16565bc4fd,credential,jellyfish-turboplonk-0.8.0-bn254-kzg,age8-x5r5,"{""age_bits"":8,""hash_rounds"":5}",commitment,16,4,,false,,,,,,,,,,,,,,,not-applicable,,,Jellyfish exposes no stable per-proof hook for this phase,,,,,,,,,,,,,,,measured,final-candidate evidence; validate bundle before paper reporting,measurement,true
C3-APPLICATION-WORKLOADS,jellyfish-plonk-credential-final-v1,ef2b7370acbd2d0f7e2071ea52bd1ac2816b684f,37d8bcf5baae44a2ce2009bc7f8f2056240d121adbfcdd4d9de0ed16565bc4fd,credential,jellyfish-turboplonk-0.8.0-bn254-kzg,age8-x5r5,"{""age_bits"":8,""hash_rounds"":5}",commitment,16,4,wrong_public_input,false,,,,,,,,,,,,,,,not-applicable,,,Jellyfish exposes no stable per-proof hook for this phase,,,,,,,,,,,,,,,measured,final-candidate evidence; validate bundle before paper reporting,measurement,true
C3-APPLICATION-WORKLOADS,jellyfish-plonk-credential-final-v1,ef2b7370acbd2d0f7e2071ea52bd1ac2816b684f,37d8bcf5baae44a2ce2009bc7f8f2056240d121adbfcdd4d9de0ed16565bc4fd,credential,jellyfish-turboplonk-0.8.0-bn254-kzg,age8-x5r5,"{""age_bits"":8,""hash_rounds"":5}",commitment,16,8,,false,,,,,,,,,,,,,,,not-applicable,,,Jellyfish exposes no stable per-proof hook for this phase,,,,,,,,,,,,,,,measured,final-candidate evidence; validate bundle before paper reporting,measurement,true
C3-APPLICATION-WORKLOADS,jellyfish-plonk-credential-final-v1,ef2b7370acbd2d0f7e2071ea52bd1ac2816b684f,37d8bcf5baae44a2ce2009bc7f8f2056240d121adbfcdd4d9de0ed16565bc4fd,credential,jellyfish-turboplonk-0.8.0-bn254-kzg,age8-x5r5,"{""age_bits"":8,""hash_rounds"":5}",deserialize,2,1,,true,10,0.289070,0.014680,0.287110,0.308942,0.263149,0.317726,,,,,,,,not-applicable,,,,,,,,,,,,,,,,,,measured,final-candidate evidence; validate bundle before paper reporting,measurement,true
C3-APPLICATION-WORKLOADS,jellyfish-plonk-credential-final-v1,ef2b7370acbd2d0f7e2071ea52bd1ac2816b684f,37d8bcf5baae44a2ce2009bc7f8f2056240d121adbfcdd4d9de0ed16565bc4fd,credential,jellyfish-turboplonk-0.8.0-bn254-kzg,age8-x5r5,"{""age_bits"":8,""hash_rounds"":5}",deserialize,2,1,wrong_public_input,true,10,0.288118,0.028220,0.284750,0.330523,0.245958,0.348564,,,,,,,,not-applicable,,,,,,,,,,,,,,,,,,measured,final-candidate evidence; validate bundle before paper reporting,measurement,true
C3-APPLICATION-WORKLOADS,jellyfish-plonk-credential-final-v1,ef2b7370acbd2d0f7e2071ea52bd1ac2816b684f,37d8bcf5baae44a2ce2009bc7f8f2056240d121adbfcdd4d9de0ed16565bc4fd,credential,jellyfish-turboplonk-0.8.0-bn254-kzg,age8-x5r5,"{""age_bits"":8,""hash_rounds"":5}",deserialize,2,2,,true,10,0.362692,0.064873,0.330870,0.468623,0.319114,0.532511,,,,,,,,not-applicable,,,,,,,,,,,,,,,,,,measured,final-candidate evidence; validate bundle before paper reporting,measurement,true
C3-APPLICATION-WORKLOADS,jellyfish-plonk-credential-final-v1,ef2b7370acbd2d0f7e2071ea52bd1ac2816b684f,37d8bcf5baae44a2ce2009bc7f8f2056240d121adbfcdd4d9de0ed16565bc4fd,credential,jellyfish-turboplonk-0.8.0-bn254-kzg,age8-x5r5,"{""age_bits"":8,""hash_rounds"":5}",deserialize,2,4,,true,10,0.868094,0.088430,0.863803,1.007907,0.750547,1.012754,,,,,,,,not-applicable,,,,,,,,,,,,,,,,,,measured,final-candidate evidence; validate bundle before paper reporting,measurement,true
C3-APPLICATION-WORKLOADS,jellyfish-plonk-credential-final-v1,ef2b7370acbd2d0f7e2071ea52bd1ac2816b684f,37d8bcf5baae44a2ce2009bc7f8f2056240d121adbfcdd4d9de0ed16565bc4fd,credential,jellyfish-turboplonk-0.8.0-bn254-kzg,age8-x5r5,"{""age_bits"":8,""hash_rounds"":5}",deserialize,2,4,wrong_public_input,true,10,0.863981,0.053254,0.860802,0.940791,0.793977,0.970095,,,,,,,,not-applicable,,,,,,,,,,,,,,,,,,measured,final-candidate evidence; validate bundle before paper reporting,measurement,true
C3-APPLICATION-WORKLOADS,jellyfish-plonk-credential-final-v1,ef2b7370acbd2d0f7e2071ea52bd1ac2816b684f,37d8bcf5baae44a2ce2009bc7f8f2056240d121adbfcdd4d9de0ed16565bc4fd,credential,jellyfish-turboplonk-0.8.0-bn254-kzg,age8-x5r5,"{""age_bits"":8,""hash_rounds"":5}",deserialize,2,8,,true,10,1.502043,0.138991,1.498133,1.683071,1.275884,1.742287,,,,,,,,not-applicable,,,,,,,,,,,,,,,,,,measured,final-candidate evidence; validate bundle before paper reporting,measurement,true
C3-APPLICATION-WORKLOADS,jellyfish-plonk-credential-final-v1,ef2b7370acbd2d0f7e2071ea52bd1ac2816b684f,37d8bcf5baae44a2ce2009bc7f8f2056240d121adbfcdd4d9de0ed16565bc4fd,credential,jellyfish-turboplonk-0.8.0-bn254-kzg,age8-x5r5,"{""age_bits"":8,""hash_rounds"":5}",deserialize,4,1,,true,10,0.316746,0.055877,0.314024,0.382975,0.206074,0.394333,,,,,,,,not-applicable,,,,,,,,,,,,,,,,,,measured,final-candidate evidence; validate bundle before paper reporting,measurement,true
C3-APPLICATION-WORKLOADS,jellyfish-plonk-credential-final-v1,ef2b7370acbd2d0f7e2071ea52bd1ac2816b684f,37d8bcf5baae44a2ce2009bc7f8f2056240d121adbfcdd4d9de0ed16565bc4fd,credential,jellyfish-turboplonk-0.8.0-bn254-kzg,age8-x5r5,"{""age_bits"":8,""hash_rounds"":5}",deserialize,4,2,,true,10,0.348153,0.040052,0.328001,0.418168,0.316539,0.431713,,,,,,,,not-applicable,,,,,,,,,,,,,,,,,,measured,final-candidate evidence; validate bundle before paper reporting,measurement,true
C3-APPLICATION-WORKLOADS,jellyfish-plonk-credential-final-v1,ef2b7370acbd2d0f7e2071ea52bd1ac2816b684f,37d8bcf5baae44a2ce2009bc7f8f2056240d121adbfcdd4d9de0ed16565bc4fd,credential,jellyfish-turboplonk-0.8.0-bn254-kzg,age8-x5r5,"{""age_bits"":8,""hash_rounds"":5}",deserialize,4,4,,true,10,0.886885,0.041878,0.884424,0.928111,0.799478,0.928458,,,,,,,,not-applicable,,,,,,,,,,,,,,,,,,measured,final-candidate evidence; validate bundle before paper reporting,measurement,true
C3-APPLICATION-WORKLOADS,jellyfish-plonk-credential-final-v1,ef2b7370acbd2d0f7e2071ea52bd1ac2816b684f,37d8bcf5baae44a2ce2009bc7f8f2056240d121adbfcdd4d9de0ed16565bc4fd,credential,jellyfish-turboplonk-0.8.0-bn254-kzg,age8-x5r5,"{""age_bits"":8,""hash_rounds"":5}",deserialize,4,8,,true,10,1.531776,0.113064,1.516970,1.673434,1.329680,1.685201,,,,,,,,not-applicable,,,,,,,,,,,,,,,,,,measured,final-candidate evidence; validate bundle before paper reporting,measurement,true
C3-APPLICATION-WORKLOADS,jellyfish-plonk-credential-final-v1,ef2b7370acbd2d0f7e2071ea52bd1ac2816b684f,37d8bcf5baae44a2ce2009bc7f8f2056240d121adbfcdd4d9de0ed16565bc4fd,credential,jellyfish-turboplonk-0.8.0-bn254-kzg,age8-x5r5,"{""age_bits"":8,""hash_rounds"":5}",deserialize,8,1,,true,10,0.287511,0.048730,0.298476,0.339730,0.192589,0.349180,,,,,,,,not-applicable,,,,,,,,,,,,,,,,,,measured,final-candidate evidence; validate bundle before paper reporting,measurement,true
C3-APPLICATION-WORKLOADS,jellyfish-plonk-credential-final-v1,ef2b7370acbd2d0f7e2071ea52bd1ac2816b684f,37d8bcf5baae44a2ce2009bc7f8f2056240d121adbfcdd4d9de0ed16565bc4fd,credential,jellyfish-turboplonk-0.8.0-bn254-kzg,age8-x5r5,"{""age_bits"":8,""hash_rounds"":5}",deserialize,8,1,wrong_public_input,true,10,0.288119,0.045907,0.282947,0.345438,0.212606,0.346926,,,,,,,,not-applicable,,,,,,,,,,,,,,,,,,measured,final-candidate evidence; validate bundle before paper reporting,measurement,true
C3-APPLICATION-WORKLOADS,jellyfish-plonk-credential-final-v1,ef2b7370acbd2d0f7e2071ea52bd1ac2816b684f,37d8bcf5baae44a2ce2009bc7f8f2056240d121adbfcdd4d9de0ed16565bc4fd,credential,jellyfish-turboplonk-0.8.0-bn254-kzg,age8-x5r5,"{""age_bits"":8,""hash_rounds"":5}",deserialize,8,2,,true,10,0.340063,0.032900,0.350216,0.370664,0.273679,0.373364,,,,,,,,not-applicable,,,,,,,,,,,,,,,,,,measured,final-candidate evidence; validate bundle before paper reporting,measurement,true
C3-APPLICATION-WORKLOADS,jellyfish-plonk-credential-final-v1,ef2b7370acbd2d0f7e2071ea52bd1ac2816b684f,37d8bcf5baae44a2ce2009bc7f8f2056240d121adbfcdd4d9de0ed16565bc4fd,credential,jellyfish-turboplonk-0.8.0-bn254-kzg,age8-x5r5,"{""age_bits"":8,""hash_rounds"":5}",deserialize,8,4,,true,10,0.937887,0.082184,0.919010,1.053261,0.821208,1.084067,,,,,,,,not-applicable,,,,,,,,,,,,,,,,,,measured,final-candidate evidence; validate bundle before paper reporting,measurement,true
C3-APPLICATION-WORKLOADS,jellyfish-plonk-credential-final-v1,ef2b7370acbd2d0f7e2071ea52bd1ac2816b684f,37d8bcf5baae44a2ce2009bc7f8f2056240d121adbfcdd4d9de0ed16565bc4fd,credential,jellyfish-turboplonk-0.8.0-bn254-kzg,age8-x5r5,"{""age_bits"":8,""hash_rounds"":5}",deserialize,8,4,wrong_public_input,true,10,0.875863,0.084148,0.846094,1.007459,0.790511,1.021251,,,,,,,,not-applicable,,,,,,,,,,,,,,,,,,measured,final-candidate evidence; validate bundle before paper reporting,measurement,true
C3-APPLICATION-WORKLOADS,jellyfish-plonk-credential-final-v1,ef2b7370acbd2d0f7e2071ea52bd1ac2816b684f,37d8bcf5baae44a2ce2009bc7f8f2056240d121adbfcdd4d9de0ed16565bc4fd,credential,jellyfish-turboplonk-0.8.0-bn254-kzg,age8-x5r5,"{""age_bits"":8,""hash_rounds"":5}",deserialize,8,8,,true,10,1.644285,0.215305,1.630670,1.926639,1.256718,1.973602,,,,,,,,not-applicable,,,,,,,,,,,,,,,,,,measured,final-candidate evidence; validate bundle before paper reporting,measurement,true
C3-APPLICATION-WORKLOADS,jellyfish-plonk-credential-final-v1,ef2b7370acbd2d0f7e2071ea52bd1ac2816b684f,37d8bcf5baae44a2ce2009bc7f8f2056240d121adbfcdd4d9de0ed16565bc4fd,credential,jellyfish-turboplonk-0.8.0-bn254-kzg,age8-x5r5,"{""age_bits"":8,""hash_rounds"":5}",deserialize,16,1,,true,10,0.304274,0.038774,0.294993,0.369440,0.253551,0.376590,,,,,,,,not-applicable,,,,,,,,,,,,,,,,,,measured,final-candidate evidence; validate bundle before paper reporting,measurement,true
C3-APPLICATION-WORKLOADS,jellyfish-plonk-credential-final-v1,ef2b7370acbd2d0f7e2071ea52bd1ac2816b684f,37d8bcf5baae44a2ce2009bc7f8f2056240d121adbfcdd4d9de0ed16565bc4fd,credential,jellyfish-turboplonk-0.8.0-bn254-kzg,age8-x5r5,"{""age_bits"":8,""hash_rounds"":5}",deserialize,16,1,wrong_public_input,true,10,0.304324,0.056997,0.321723,0.375269,0.220710,0.393763,,,,,,,,not-applicable,,,,,,,,,,,,,,,,,,measured,final-candidate evidence; validate bundle before paper reporting,measurement,true
C3-APPLICATION-WORKLOADS,jellyfish-plonk-credential-final-v1,ef2b7370acbd2d0f7e2071ea52bd1ac2816b684f,37d8bcf5baae44a2ce2009bc7f8f2056240d121adbfcdd4d9de0ed16565bc4fd,credential,jellyfish-turboplonk-0.8.0-bn254-kzg,age8-x5r5,"{""age_bits"":8,""hash_rounds"":5}",deserialize,16,2,,true,10,0.360576,0.030493,0.362710,0.402590,0.317922,0.416690,,,,,,,,not-applicable,,,,,,,,,,,,,,,,,,measured,final-candidate evidence; validate bundle before paper reporting,measurement,true
C3-APPLICATION-WORKLOADS,jellyfish-plonk-credential-final-v1,ef2b7370acbd2d0f7e2071ea52bd1ac2816b684f,37d8bcf5baae44a2ce2009bc7f8f2056240d121adbfcdd4d9de0ed16565bc4fd,credential,jellyfish-turboplonk-0.8.0-bn254-kzg,age8-x5r5,"{""age_bits"":8,""hash_rounds"":5}",deserialize,16,4,,true,10,0.963548,0.083578,0.953026,1.101288,0.849316,1.125354,,,,,,,,not-applicable,,,,,,,,,,,,,,,,,,measured,final-candidate evidence; validate bundle before paper reporting,measurement,true
C3-APPLICATION-WORKLOADS,jellyfish-plonk-credential-final-v1,ef2b7370acbd2d0f7e2071ea52bd1ac2816b684f,37d8bcf5baae44a2ce2009bc7f8f2056240d121adbfcdd4d9de0ed16565bc4fd,credential,jellyfish-turboplonk-0.8.0-bn254-kzg,age8-x5r5,"{""age_bits"":8,""hash_rounds"":5}",deserialize,16,4,wrong_public_input,true,10,0.960874,0.074062,0.979662,1.044465,0.807172,1.068428,,,,,,,,not-applicable,,,,,,,,,,,,,,,,,,measured,final-candidate evidence; validate bundle before paper reporting,measurement,true
C3-APPLICATION-WORKLOADS,jellyfish-plonk-credential-final-v1,ef2b7370acbd2d0f7e2071ea52bd1ac2816b684f,37d8bcf5baae44a2ce2009bc7f8f2056240d121adbfcdd4d9de0ed16565bc4fd,credential,jellyfish-turboplonk-0.8.0-bn254-kzg,age8-x5r5,"{""age_bits"":8,""hash_rounds"":5}",deserialize,16,8,,true,10,1.631973,0.105352,1.603002,1.804578,1.536078,1.828914,,,,,,,,not-applicable,,,,,,,,,,,,,,,,,,measured,final-candidate evidence; validate bundle before paper reporting,measurement,true
C3-APPLICATION-WORKLOADS,jellyfish-plonk-credential-final-v1,ef2b7370acbd2d0f7e2071ea52bd1ac2816b684f,37d8bcf5baae44a2ce2009bc7f8f2056240d121adbfcdd4d9de0ed16565bc4fd,credential,jellyfish-turboplonk-0.8.0-bn254-kzg,age8-x5r5,"{""age_bits"":8,""hash_rounds"":5}",fft_ntt,2,1,,false,,,,,,,,,,,,,,,not-applicable,,,Jellyfish exposes no stable per-proof hook for this phase,,,,,,,,,,,,,,,measured,final-candidate evidence; validate bundle before paper reporting,measurement,true
C3-APPLICATION-WORKLOADS,jellyfish-plonk-credential-final-v1,ef2b7370acbd2d0f7e2071ea52bd1ac2816b684f,37d8bcf5baae44a2ce2009bc7f8f2056240d121adbfcdd4d9de0ed16565bc4fd,credential,jellyfish-turboplonk-0.8.0-bn254-kzg,age8-x5r5,"{""age_bits"":8,""hash_rounds"":5}",fft_ntt,2,1,wrong_public_input,false,,,,,,,,,,,,,,,not-applicable,,,Jellyfish exposes no stable per-proof hook for this phase,,,,,,,,,,,,,,,measured,final-candidate evidence; validate bundle before paper reporting,measurement,true
C3-APPLICATION-WORKLOADS,jellyfish-plonk-credential-final-v1,ef2b7370acbd2d0f7e2071ea52bd1ac2816b684f,37d8bcf5baae44a2ce2009bc7f8f2056240d121adbfcdd4d9de0ed16565bc4fd,credential,jellyfish-turboplonk-0.8.0-bn254-kzg,age8-x5r5,"{""age_bits"":8,""hash_rounds"":5}",fft_ntt,2,2,,false,,,,,,,,,,,,,,,not-applicable,,,Jellyfish exposes no stable per-proof hook for this phase,,,,,,,,,,,,,,,measured,final-candidate evidence; validate bundle before paper reporting,measurement,true
C3-APPLICATION-WORKLOADS,jellyfish-plonk-credential-final-v1,ef2b7370acbd2d0f7e2071ea52bd1ac2816b684f,37d8bcf5baae44a2ce2009bc7f8f2056240d121adbfcdd4d9de0ed16565bc4fd,credential,jellyfish-turboplonk-0.8.0-bn254-kzg,age8-x5r5,"{""age_bits"":8,""hash_rounds"":5}",fft_ntt,2,4,,false,,,,,,,,,,,,,,,not-applicable,,,Jellyfish exposes no stable per-proof hook for this phase,,,,,,,,,,,,,,,measured,final-candidate evidence; validate bundle before paper reporting,measurement,true
C3-APPLICATION-WORKLOADS,jellyfish-plonk-credential-final-v1,ef2b7370acbd2d0f7e2071ea52bd1ac2816b684f,37d8bcf5baae44a2ce2009bc7f8f2056240d121adbfcdd4d9de0ed16565bc4fd,credential,jellyfish-turboplonk-0.8.0-bn254-kzg,age8-x5r5,"{""age_bits"":8,""hash_rounds"":5}",fft_ntt,2,4,wrong_public_input,false,,,,,,,,,,,,,,,not-applicable,,,Jellyfish exposes no stable per-proof hook for this phase,,,,,,,,,,,,,,,measured,final-candidate evidence; validate bundle before paper reporting,measurement,true
C3-APPLICATION-WORKLOADS,jellyfish-plonk-credential-final-v1,ef2b7370acbd2d0f7e2071ea52bd1ac2816b684f,37d8bcf5baae44a2ce2009bc7f8f2056240d121adbfcdd4d9de0ed16565bc4fd,credential,jellyfish-turboplonk-0.8.0-bn254-kzg,age8-x5r5,"{""age_bits"":8,""hash_rounds"":5}",fft_ntt,2,8,,false,,,,,,,,,,,,,,,not-applicable,,,Jellyfish exposes no stable per-proof hook for this phase,,,,,,,,,,,,,,,measured,final-candidate evidence; validate bundle before paper reporting,measurement,true
C3-APPLICATION-WORKLOADS,jellyfish-plonk-credential-final-v1,ef2b7370acbd2d0f7e2071ea52bd1ac2816b684f,37d8bcf5baae44a2ce2009bc7f8f2056240d121adbfcdd4d9de0ed16565bc4fd,credential,jellyfish-turboplonk-0.8.0-bn254-kzg,age8-x5r5,"{""age_bits"":8,""hash_rounds"":5}",fft_ntt,4,1,,false,,,,,,,,,,,,,,,not-applicable,,,Jellyfish exposes no stable per-proof hook for this phase,,,,,,,,,,,,,,,measured,final-candidate evidence; validate bundle before paper reporting,measurement,true
C3-APPLICATION-WORKLOADS,jellyfish-plonk-credential-final-v1,ef2b7370acbd2d0f7e2071ea52bd1ac2816b684f,37d8bcf5baae44a2ce2009bc7f8f2056240d121adbfcdd4d9de0ed16565bc4fd,credential,jellyfish-turboplonk-0.8.0-bn254-kzg,age8-x5r5,"{""age_bits"":8,""hash_rounds"":5}",fft_ntt,4,2,,false,,,,,,,,,,,,,,,not-applicable,,,Jellyfish exposes no stable per-proof hook for this phase,,,,,,,,,,,,,,,measured,final-candidate evidence; validate bundle before paper reporting,measurement,true
C3-APPLICATION-WORKLOADS,jellyfish-plonk-credential-final-v1,ef2b7370acbd2d0f7e2071ea52bd1ac2816b684f,37d8bcf5baae44a2ce2009bc7f8f2056240d121adbfcdd4d9de0ed16565bc4fd,credential,jellyfish-turboplonk-0.8.0-bn254-kzg,age8-x5r5,"{""age_bits"":8,""hash_rounds"":5}",fft_ntt,4,4,,false,,,,,,,,,,,,,,,not-applicable,,,Jellyfish exposes no stable per-proof hook for this phase,,,,,,,,,,,,,,,measured,final-candidate evidence; validate bundle before paper reporting,measurement,true
C3-APPLICATION-WORKLOADS,jellyfish-plonk-credential-final-v1,ef2b7370acbd2d0f7e2071ea52bd1ac2816b684f,37d8bcf5baae44a2ce2009bc7f8f2056240d121adbfcdd4d9de0ed16565bc4fd,credential,jellyfish-turboplonk-0.8.0-bn254-kzg,age8-x5r5,"{""age_bits"":8,""hash_rounds"":5}",fft_ntt,4,8,,false,,,,,,,,,,,,,,,not-applicable,,,Jellyfish exposes no stable per-proof hook for this phase,,,,,,,,,,,,,,,measured,final-candidate evidence; validate bundle before paper reporting,measurement,true
C3-APPLICATION-WORKLOADS,jellyfish-plonk-credential-final-v1,ef2b7370acbd2d0f7e2071ea52bd1ac2816b684f,37d8bcf5baae44a2ce2009bc7f8f2056240d121adbfcdd4d9de0ed16565bc4fd,credential,jellyfish-turboplonk-0.8.0-bn254-kzg,age8-x5r5,"{""age_bits"":8,""hash_rounds"":5}",fft_ntt,8,1,,false,,,,,,,,,,,,,,,not-applicable,,,Jellyfish exposes no stable per-proof hook for this phase,,,,,,,,,,,,,,,measured,final-candidate evidence; validate bundle before paper reporting,measurement,true
C3-APPLICATION-WORKLOADS,jellyfish-plonk-credential-final-v1,ef2b7370acbd2d0f7e2071ea52bd1ac2816b684f,37d8bcf5baae44a2ce2009bc7f8f2056240d121adbfcdd4d9de0ed16565bc4fd,credential,jellyfish-turboplonk-0.8.0-bn254-kzg,age8-x5r5,"{""age_bits"":8,""hash_rounds"":5}",fft_ntt,8,1,wrong_public_input,false,,,,,,,,,,,,,,,not-applicable,,,Jellyfish exposes no stable per-proof hook for this phase,,,,,,,,,,,,,,,measured,final-candidate evidence; validate bundle before paper reporting,measurement,true
C3-APPLICATION-WORKLOADS,jellyfish-plonk-credential-final-v1,ef2b7370acbd2d0f7e2071ea52bd1ac2816b684f,37d8bcf5baae44a2ce2009bc7f8f2056240d121adbfcdd4d9de0ed16565bc4fd,credential,jellyfish-turboplonk-0.8.0-bn254-kzg,age8-x5r5,"{""age_bits"":8,""hash_rounds"":5}",fft_ntt,8,2,,false,,,,,,,,,,,,,,,not-applicable,,,Jellyfish exposes no stable per-proof hook for this phase,,,,,,,,,,,,,,,measured,final-candidate evidence; validate bundle before paper reporting,measurement,true
C3-APPLICATION-WORKLOADS,jellyfish-plonk-credential-final-v1,ef2b7370acbd2d0f7e2071ea52bd1ac2816b684f,37d8bcf5baae44a2ce2009bc7f8f2056240d121adbfcdd4d9de0ed16565bc4fd,credential,jellyfish-turboplonk-0.8.0-bn254-kzg,age8-x5r5,"{""age_bits"":8,""hash_rounds"":5}",fft_ntt,8,4,,false,,,,,,,,,,,,,,,not-applicable,,,Jellyfish exposes no stable per-proof hook for this phase,,,,,,,,,,,,,,,measured,final-candidate evidence; validate bundle before paper reporting,measurement,true
C3-APPLICATION-WORKLOADS,jellyfish-plonk-credential-final-v1,ef2b7370acbd2d0f7e2071ea52bd1ac2816b684f,37d8bcf5baae44a2ce2009bc7f8f2056240d121adbfcdd4d9de0ed16565bc4fd,credential,jellyfish-turboplonk-0.8.0-bn254-kzg,age8-x5r5,"{""age_bits"":8,""hash_rounds"":5}",fft_ntt,8,4,wrong_public_input,false,,,,,,,,,,,,,,,not-applicable,,,Jellyfish exposes no stable per-proof hook for this phase,,,,,,,,,,,,,,,measured,final-candidate evidence; validate bundle before paper reporting,measurement,true
C3-APPLICATION-WORKLOADS,jellyfish-plonk-credential-final-v1,ef2b7370acbd2d0f7e2071ea52bd1ac2816b684f,37d8bcf5baae44a2ce2009bc7f8f2056240d121adbfcdd4d9de0ed16565bc4fd,credential,jellyfish-turboplonk-0.8.0-bn254-kzg,age8-x5r5,"{""age_bits"":8,""hash_rounds"":5}",fft_ntt,8,8,,false,,,,,,,,,,,,,,,not-applicable,,,Jellyfish exposes no stable per-proof hook for this phase,,,,,,,,,,,,,,,measured,final-candidate evidence; validate bundle before paper reporting,measurement,true
C3-APPLICATION-WORKLOADS,jellyfish-plonk-credential-final-v1,ef2b7370acbd2d0f7e2071ea52bd1ac2816b684f,37d8bcf5baae44a2ce2009bc7f8f2056240d121adbfcdd4d9de0ed16565bc4fd,credential,jellyfish-turboplonk-0.8.0-bn254-kzg,age8-x5r5,"{""age_bits"":8,""hash_rounds"":5}",fft_ntt,16,1,,false,,,,,,,,,,,,,,,not-applicable,,,Jellyfish exposes no stable per-proof hook for this phase,,,,,,,,,,,,,,,measured,final-candidate evidence; validate bundle before paper reporting,measurement,true
C3-APPLICATION-WORKLOADS,jellyfish-plonk-credential-final-v1,ef2b7370acbd2d0f7e2071ea52bd1ac2816b684f,37d8bcf5baae44a2ce2009bc7f8f2056240d121adbfcdd4d9de0ed16565bc4fd,credential,jellyfish-turboplonk-0.8.0-bn254-kzg,age8-x5r5,"{""age_bits"":8,""hash_rounds"":5}",fft_ntt,16,1,wrong_public_input,false,,,,,,,,,,,,,,,not-applicable,,,Jellyfish exposes no stable per-proof hook for this phase,,,,,,,,,,,,,,,measured,final-candidate evidence; validate bundle before paper reporting,measurement,true
C3-APPLICATION-WORKLOADS,jellyfish-plonk-credential-final-v1,ef2b7370acbd2d0f7e2071ea52bd1ac2816b684f,37d8bcf5baae44a2ce2009bc7f8f2056240d121adbfcdd4d9de0ed16565bc4fd,credential,jellyfish-turboplonk-0.8.0-bn254-kzg,age8-x5r5,"{""age_bits"":8,""hash_rounds"":5}",fft_ntt,16,2,,false,,,,,,,,,,,,,,,not-applicable,,,Jellyfish exposes no stable per-proof hook for this phase,,,,,,,,,,,,,,,measured,final-candidate evidence; validate bundle before paper reporting,measurement,true
C3-APPLICATION-WORKLOADS,jellyfish-plonk-credential-final-v1,ef2b7370acbd2d0f7e2071ea52bd1ac2816b684f,37d8bcf5baae44a2ce2009bc7f8f2056240d121adbfcdd4d9de0ed16565bc4fd,credential,jellyfish-turboplonk-0.8.0-bn254-kzg,age8-x5r5,"{""age_bits"":8,""hash_rounds"":5}",fft_ntt,16,4,,false,,,,,,,,,,,,,,,not-applicable,,,Jellyfish exposes no stable per-proof hook for this phase,,,,,,,,,,,,,,,measured,final-candidate evidence; validate bundle before paper reporting,measurement,true
C3-APPLICATION-WORKLOADS,jellyfish-plonk-credential-final-v1,ef2b7370acbd2d0f7e2071ea52bd1ac2816b684f,37d8bcf5baae44a2ce2009bc7f8f2056240d121adbfcdd4d9de0ed16565bc4fd,credential,jellyfish-turboplonk-0.8.0-bn254-kzg,age8-x5r5,"{""age_bits"":8,""hash_rounds"":5}",fft_ntt,16,4,wrong_public_input,false,,,,,,,,,,,,,,,not-applicable,,,Jellyfish exposes no stable per-proof hook for this phase,,,,,,,,,,,,,,,measured,final-candidate evidence; validate bundle before paper reporting,measurement,true
C3-APPLICATION-WORKLOADS,jellyfish-plonk-credential-final-v1,ef2b7370acbd2d0f7e2071ea52bd1ac2816b684f,37d8bcf5baae44a2ce2009bc7f8f2056240d121adbfcdd4d9de0ed16565bc4fd,credential,jellyfish-turboplonk-0.8.0-bn254-kzg,age8-x5r5,"{""age_bits"":8,""hash_rounds"":5}",fft_ntt,16,8,,false,,,,,,,,,,,,,,,not-applicable,,,Jellyfish exposes no stable per-proof hook for this phase,,,,,,,,,,,,,,,measured,final-candidate evidence; validate bundle before paper reporting,measurement,true
C3-APPLICATION-WORKLOADS,jellyfish-plonk-credential-final-v1,ef2b7370acbd2d0f7e2071ea52bd1ac2816b684f,37d8bcf5baae44a2ce2009bc7f8f2056240d121adbfcdd4d9de0ed16565bc4fd,credential,jellyfish-turboplonk-0.8.0-bn254-kzg,age8-x5r5,"{""age_bits"":8,""hash_rounds"":5}",key_load,2,1,,false,,,,,,,,,,,,,,,not-applicable,,,Jellyfish exposes no stable per-proof hook for this phase,,,,,,,,,,,,,,,measured,final-candidate evidence; validate bundle before paper reporting,measurement,true
C3-APPLICATION-WORKLOADS,jellyfish-plonk-credential-final-v1,ef2b7370acbd2d0f7e2071ea52bd1ac2816b684f,37d8bcf5baae44a2ce2009bc7f8f2056240d121adbfcdd4d9de0ed16565bc4fd,credential,jellyfish-turboplonk-0.8.0-bn254-kzg,age8-x5r5,"{""age_bits"":8,""hash_rounds"":5}",key_load,2,1,wrong_public_input,false,,,,,,,,,,,,,,,not-applicable,,,Jellyfish exposes no stable per-proof hook for this phase,,,,,,,,,,,,,,,measured,final-candidate evidence; validate bundle before paper reporting,measurement,true
C3-APPLICATION-WORKLOADS,jellyfish-plonk-credential-final-v1,ef2b7370acbd2d0f7e2071ea52bd1ac2816b684f,37d8bcf5baae44a2ce2009bc7f8f2056240d121adbfcdd4d9de0ed16565bc4fd,credential,jellyfish-turboplonk-0.8.0-bn254-kzg,age8-x5r5,"{""age_bits"":8,""hash_rounds"":5}",key_load,2,2,,false,,,,,,,,,,,,,,,not-applicable,,,Jellyfish exposes no stable per-proof hook for this phase,,,,,,,,,,,,,,,measured,final-candidate evidence; validate bundle before paper reporting,measurement,true
C3-APPLICATION-WORKLOADS,jellyfish-plonk-credential-final-v1,ef2b7370acbd2d0f7e2071ea52bd1ac2816b684f,37d8bcf5baae44a2ce2009bc7f8f2056240d121adbfcdd4d9de0ed16565bc4fd,credential,jellyfish-turboplonk-0.8.0-bn254-kzg,age8-x5r5,"{""age_bits"":8,""hash_rounds"":5}",key_load,2,4,,false,,,,,,,,,,,,,,,not-applicable,,,Jellyfish exposes no stable per-proof hook for this phase,,,,,,,,,,,,,,,measured,final-candidate evidence; validate bundle before paper reporting,measurement,true
C3-APPLICATION-WORKLOADS,jellyfish-plonk-credential-final-v1,ef2b7370acbd2d0f7e2071ea52bd1ac2816b684f,37d8bcf5baae44a2ce2009bc7f8f2056240d121adbfcdd4d9de0ed16565bc4fd,credential,jellyfish-turboplonk-0.8.0-bn254-kzg,age8-x5r5,"{""age_bits"":8,""hash_rounds"":5}",key_load,2,4,wrong_public_input,false,,,,,,,,,,,,,,,not-applicable,,,Jellyfish exposes no stable per-proof hook for this phase,,,,,,,,,,,,,,,measured,final-candidate evidence; validate bundle before paper reporting,measurement,true
C3-APPLICATION-WORKLOADS,jellyfish-plonk-credential-final-v1,ef2b7370acbd2d0f7e2071ea52bd1ac2816b684f,37d8bcf5baae44a2ce2009bc7f8f2056240d121adbfcdd4d9de0ed16565bc4fd,credential,jellyfish-turboplonk-0.8.0-bn254-kzg,age8-x5r5,"{""age_bits"":8,""hash_rounds"":5}",key_load,2,8,,false,,,,,,,,,,,,,,,not-applicable,,,Jellyfish exposes no stable per-proof hook for this phase,,,,,,,,,,,,,,,measured,final-candidate evidence; validate bundle before paper reporting,measurement,true
C3-APPLICATION-WORKLOADS,jellyfish-plonk-credential-final-v1,ef2b7370acbd2d0f7e2071ea52bd1ac2816b684f,37d8bcf5baae44a2ce2009bc7f8f2056240d121adbfcdd4d9de0ed16565bc4fd,credential,jellyfish-turboplonk-0.8.0-bn254-kzg,age8-x5r5,"{""age_bits"":8,""hash_rounds"":5}",key_load,4,1,,false,,,,,,,,,,,,,,,not-applicable,,,Jellyfish exposes no stable per-proof hook for this phase,,,,,,,,,,,,,,,measured,final-candidate evidence; validate bundle before paper reporting,measurement,true
C3-APPLICATION-WORKLOADS,jellyfish-plonk-credential-final-v1,ef2b7370acbd2d0f7e2071ea52bd1ac2816b684f,37d8bcf5baae44a2ce2009bc7f8f2056240d121adbfcdd4d9de0ed16565bc4fd,credential,jellyfish-turboplonk-0.8.0-bn254-kzg,age8-x5r5,"{""age_bits"":8,""hash_rounds"":5}",key_load,4,2,,false,,,,,,,,,,,,,,,not-applicable,,,Jellyfish exposes no stable per-proof hook for this phase,,,,,,,,,,,,,,,measured,final-candidate evidence; validate bundle before paper reporting,measurement,true
C3-APPLICATION-WORKLOADS,jellyfish-plonk-credential-final-v1,ef2b7370acbd2d0f7e2071ea52bd1ac2816b684f,37d8bcf5baae44a2ce2009bc7f8f2056240d121adbfcdd4d9de0ed16565bc4fd,credential,jellyfish-turboplonk-0.8.0-bn254-kzg,age8-x5r5,"{""age_bits"":8,""hash_rounds"":5}",key_load,4,4,,false,,,,,,,,,,,,,,,not-applicable,,,Jellyfish exposes no stable per-proof hook for this phase,,,,,,,,,,,,,,,measured,final-candidate evidence; validate bundle before paper reporting,measurement,true
C3-APPLICATION-WORKLOADS,jellyfish-plonk-credential-final-v1,ef2b7370acbd2d0f7e2071ea52bd1ac2816b684f,37d8bcf5baae44a2ce2009bc7f8f2056240d121adbfcdd4d9de0ed16565bc4fd,credential,jellyfish-turboplonk-0.8.0-bn254-kzg,age8-x5r5,"{""age_bits"":8,""hash_rounds"":5}",key_load,4,8,,false,,,,,,,,,,,,,,,not-applicable,,,Jellyfish exposes no stable per-proof hook for this phase,,,,,,,,,,,,,,,measured,final-candidate evidence; validate bundle before paper reporting,measurement,true
C3-APPLICATION-WORKLOADS,jellyfish-plonk-credential-final-v1,ef2b7370acbd2d0f7e2071ea52bd1ac2816b684f,37d8bcf5baae44a2ce2009bc7f8f2056240d121adbfcdd4d9de0ed16565bc4fd,credential,jellyfish-turboplonk-0.8.0-bn254-kzg,age8-x5r5,"{""age_bits"":8,""hash_rounds"":5}",key_load,8,1,,false,,,,,,,,,,,,,,,not-applicable,,,Jellyfish exposes no stable per-proof hook for this phase,,,,,,,,,,,,,,,measured,final-candidate evidence; validate bundle before paper reporting,measurement,true
C3-APPLICATION-WORKLOADS,jellyfish-plonk-credential-final-v1,ef2b7370acbd2d0f7e2071ea52bd1ac2816b684f,37d8bcf5baae44a2ce2009bc7f8f2056240d121adbfcdd4d9de0ed16565bc4fd,credential,jellyfish-turboplonk-0.8.0-bn254-kzg,age8-x5r5,"{""age_bits"":8,""hash_rounds"":5}",key_load,8,1,wrong_public_input,false,,,,,,,,,,,,,,,not-applicable,,,Jellyfish exposes no stable per-proof hook for this phase,,,,,,,,,,,,,,,measured,final-candidate evidence; validate bundle before paper reporting,measurement,true
C3-APPLICATION-WORKLOADS,jellyfish-plonk-credential-final-v1,ef2b7370acbd2d0f7e2071ea52bd1ac2816b684f,37d8bcf5baae44a2ce2009bc7f8f2056240d121adbfcdd4d9de0ed16565bc4fd,credential,jellyfish-turboplonk-0.8.0-bn254-kzg,age8-x5r5,"{""age_bits"":8,""hash_rounds"":5}",key_load,8,2,,false,,,,,,,,,,,,,,,not-applicable,,,Jellyfish exposes no stable per-proof hook for this phase,,,,,,,,,,,,,,,measured,final-candidate evidence; validate bundle before paper reporting,measurement,true
C3-APPLICATION-WORKLOADS,jellyfish-plonk-credential-final-v1,ef2b7370acbd2d0f7e2071ea52bd1ac2816b684f,37d8bcf5baae44a2ce2009bc7f8f2056240d121adbfcdd4d9de0ed16565bc4fd,credential,jellyfish-turboplonk-0.8.0-bn254-kzg,age8-x5r5,"{""age_bits"":8,""hash_rounds"":5}",key_load,8,4,,false,,,,,,,,,,,,,,,not-applicable,,,Jellyfish exposes no stable per-proof hook for this phase,,,,,,,,,,,,,,,measured,final-candidate evidence; validate bundle before paper reporting,measurement,true
C3-APPLICATION-WORKLOADS,jellyfish-plonk-credential-final-v1,ef2b7370acbd2d0f7e2071ea52bd1ac2816b684f,37d8bcf5baae44a2ce2009bc7f8f2056240d121adbfcdd4d9de0ed16565bc4fd,credential,jellyfish-turboplonk-0.8.0-bn254-kzg,age8-x5r5,"{""age_bits"":8,""hash_rounds"":5}",key_load,8,4,wrong_public_input,false,,,,,,,,,,,,,,,not-applicable,,,Jellyfish exposes no stable per-proof hook for this phase,,,,,,,,,,,,,,,measured,final-candidate evidence; validate bundle before paper reporting,measurement,true
C3-APPLICATION-WORKLOADS,jellyfish-plonk-credential-final-v1,ef2b7370acbd2d0f7e2071ea52bd1ac2816b684f,37d8bcf5baae44a2ce2009bc7f8f2056240d121adbfcdd4d9de0ed16565bc4fd,credential,jellyfish-turboplonk-0.8.0-bn254-kzg,age8-x5r5,"{""age_bits"":8,""hash_rounds"":5}",key_load,8,8,,false,,,,,,,,,,,,,,,not-applicable,,,Jellyfish exposes no stable per-proof hook for this phase,,,,,,,,,,,,,,,measured,final-candidate evidence; validate bundle before paper reporting,measurement,true
C3-APPLICATION-WORKLOADS,jellyfish-plonk-credential-final-v1,ef2b7370acbd2d0f7e2071ea52bd1ac2816b684f,37d8bcf5baae44a2ce2009bc7f8f2056240d121adbfcdd4d9de0ed16565bc4fd,credential,jellyfish-turboplonk-0.8.0-bn254-kzg,age8-x5r5,"{""age_bits"":8,""hash_rounds"":5}",key_load,16,1,,false,,,,,,,,,,,,,,,not-applicable,,,Jellyfish exposes no stable per-proof hook for this phase,,,,,,,,,,,,,,,measured,final-candidate evidence; validate bundle before paper reporting,measurement,true
C3-APPLICATION-WORKLOADS,jellyfish-plonk-credential-final-v1,ef2b7370acbd2d0f7e2071ea52bd1ac2816b684f,37d8bcf5baae44a2ce2009bc7f8f2056240d121adbfcdd4d9de0ed16565bc4fd,credential,jellyfish-turboplonk-0.8.0-bn254-kzg,age8-x5r5,"{""age_bits"":8,""hash_rounds"":5}",key_load,16,1,wrong_public_input,false,,,,,,,,,,,,,,,not-applicable,,,Jellyfish exposes no stable per-proof hook for this phase,,,,,,,,,,,,,,,measured,final-candidate evidence; validate bundle before paper reporting,measurement,true
C3-APPLICATION-WORKLOADS,jellyfish-plonk-credential-final-v1,ef2b7370acbd2d0f7e2071ea52bd1ac2816b684f,37d8bcf5baae44a2ce2009bc7f8f2056240d121adbfcdd4d9de0ed16565bc4fd,credential,jellyfish-turboplonk-0.8.0-bn254-kzg,age8-x5r5,"{""age_bits"":8,""hash_rounds"":5}",key_load,16,2,,false,,,,,,,,,,,,,,,not-applicable,,,Jellyfish exposes no stable per-proof hook for this phase,,,,,,,,,,,,,,,measured,final-candidate evidence; validate bundle before paper reporting,measurement,true
C3-APPLICATION-WORKLOADS,jellyfish-plonk-credential-final-v1,ef2b7370acbd2d0f7e2071ea52bd1ac2816b684f,37d8bcf5baae44a2ce2009bc7f8f2056240d121adbfcdd4d9de0ed16565bc4fd,credential,jellyfish-turboplonk-0.8.0-bn254-kzg,age8-x5r5,"{""age_bits"":8,""hash_rounds"":5}",key_load,16,4,,false,,,,,,,,,,,,,,,not-applicable,,,Jellyfish exposes no stable per-proof hook for this phase,,,,,,,,,,,,,,,measured,final-candidate evidence; validate bundle before paper reporting,measurement,true
C3-APPLICATION-WORKLOADS,jellyfish-plonk-credential-final-v1,ef2b7370acbd2d0f7e2071ea52bd1ac2816b684f,37d8bcf5baae44a2ce2009bc7f8f2056240d121adbfcdd4d9de0ed16565bc4fd,credential,jellyfish-turboplonk-0.8.0-bn254-kzg,age8-x5r5,"{""age_bits"":8,""hash_rounds"":5}",key_load,16,4,wrong_public_input,false,,,,,,,,,,,,,,,not-applicable,,,Jellyfish exposes no stable per-proof hook for this phase,,,,,,,,,,,,,,,measured,final-candidate evidence; validate bundle before paper reporting,measurement,true
C3-APPLICATION-WORKLOADS,jellyfish-plonk-credential-final-v1,ef2b7370acbd2d0f7e2071ea52bd1ac2816b684f,37d8bcf5baae44a2ce2009bc7f8f2056240d121adbfcdd4d9de0ed16565bc4fd,credential,jellyfish-turboplonk-0.8.0-bn254-kzg,age8-x5r5,"{""age_bits"":8,""hash_rounds"":5}",key_load,16,8,,false,,,,,,,,,,,,,,,not-applicable,,,Jellyfish exposes no stable per-proof hook for this phase,,,,,,,,,,,,,,,measured,final-candidate evidence; validate bundle before paper reporting,measurement,true
C3-APPLICATION-WORKLOADS,jellyfish-plonk-credential-final-v1,ef2b7370acbd2d0f7e2071ea52bd1ac2816b684f,37d8bcf5baae44a2ce2009bc7f8f2056240d121adbfcdd4d9de0ed16565bc4fd,credential,jellyfish-turboplonk-0.8.0-bn254-kzg,age8-x5r5,"{""age_bits"":8,""hash_rounds"":5}",msm,2,1,,false,,,,,,,,,,,,,,,not-applicable,,,Jellyfish exposes no stable per-proof hook for this phase,,,,,,,,,,,,,,,measured,final-candidate evidence; validate bundle before paper reporting,measurement,true
C3-APPLICATION-WORKLOADS,jellyfish-plonk-credential-final-v1,ef2b7370acbd2d0f7e2071ea52bd1ac2816b684f,37d8bcf5baae44a2ce2009bc7f8f2056240d121adbfcdd4d9de0ed16565bc4fd,credential,jellyfish-turboplonk-0.8.0-bn254-kzg,age8-x5r5,"{""age_bits"":8,""hash_rounds"":5}",msm,2,1,wrong_public_input,false,,,,,,,,,,,,,,,not-applicable,,,Jellyfish exposes no stable per-proof hook for this phase,,,,,,,,,,,,,,,measured,final-candidate evidence; validate bundle before paper reporting,measurement,true
C3-APPLICATION-WORKLOADS,jellyfish-plonk-credential-final-v1,ef2b7370acbd2d0f7e2071ea52bd1ac2816b684f,37d8bcf5baae44a2ce2009bc7f8f2056240d121adbfcdd4d9de0ed16565bc4fd,credential,jellyfish-turboplonk-0.8.0-bn254-kzg,age8-x5r5,"{""age_bits"":8,""hash_rounds"":5}",msm,2,2,,false,,,,,,,,,,,,,,,not-applicable,,,Jellyfish exposes no stable per-proof hook for this phase,,,,,,,,,,,,,,,measured,final-candidate evidence; validate bundle before paper reporting,measurement,true
C3-APPLICATION-WORKLOADS,jellyfish-plonk-credential-final-v1,ef2b7370acbd2d0f7e2071ea52bd1ac2816b684f,37d8bcf5baae44a2ce2009bc7f8f2056240d121adbfcdd4d9de0ed16565bc4fd,credential,jellyfish-turboplonk-0.8.0-bn254-kzg,age8-x5r5,"{""age_bits"":8,""hash_rounds"":5}",msm,2,4,,false,,,,,,,,,,,,,,,not-applicable,,,Jellyfish exposes no stable per-proof hook for this phase,,,,,,,,,,,,,,,measured,final-candidate evidence; validate bundle before paper reporting,measurement,true
C3-APPLICATION-WORKLOADS,jellyfish-plonk-credential-final-v1,ef2b7370acbd2d0f7e2071ea52bd1ac2816b684f,37d8bcf5baae44a2ce2009bc7f8f2056240d121adbfcdd4d9de0ed16565bc4fd,credential,jellyfish-turboplonk-0.8.0-bn254-kzg,age8-x5r5,"{""age_bits"":8,""hash_rounds"":5}",msm,2,4,wrong_public_input,false,,,,,,,,,,,,,,,not-applicable,,,Jellyfish exposes no stable per-proof hook for this phase,,,,,,,,,,,,,,,measured,final-candidate evidence; validate bundle before paper reporting,measurement,true
C3-APPLICATION-WORKLOADS,jellyfish-plonk-credential-final-v1,ef2b7370acbd2d0f7e2071ea52bd1ac2816b684f,37d8bcf5baae44a2ce2009bc7f8f2056240d121adbfcdd4d9de0ed16565bc4fd,credential,jellyfish-turboplonk-0.8.0-bn254-kzg,age8-x5r5,"{""age_bits"":8,""hash_rounds"":5}",msm,2,8,,false,,,,,,,,,,,,,,,not-applicable,,,Jellyfish exposes no stable per-proof hook for this phase,,,,,,,,,,,,,,,measured,final-candidate evidence; validate bundle before paper reporting,measurement,true
C3-APPLICATION-WORKLOADS,jellyfish-plonk-credential-final-v1,ef2b7370acbd2d0f7e2071ea52bd1ac2816b684f,37d8bcf5baae44a2ce2009bc7f8f2056240d121adbfcdd4d9de0ed16565bc4fd,credential,jellyfish-turboplonk-0.8.0-bn254-kzg,age8-x5r5,"{""age_bits"":8,""hash_rounds"":5}",msm,4,1,,false,,,,,,,,,,,,,,,not-applicable,,,Jellyfish exposes no stable per-proof hook for this phase,,,,,,,,,,,,,,,measured,final-candidate evidence; validate bundle before paper reporting,measurement,true
C3-APPLICATION-WORKLOADS,jellyfish-plonk-credential-final-v1,ef2b7370acbd2d0f7e2071ea52bd1ac2816b684f,37d8bcf5baae44a2ce2009bc7f8f2056240d121adbfcdd4d9de0ed16565bc4fd,credential,jellyfish-turboplonk-0.8.0-bn254-kzg,age8-x5r5,"{""age_bits"":8,""hash_rounds"":5}",msm,4,2,,false,,,,,,,,,,,,,,,not-applicable,,,Jellyfish exposes no stable per-proof hook for this phase,,,,,,,,,,,,,,,measured,final-candidate evidence; validate bundle before paper reporting,measurement,true
C3-APPLICATION-WORKLOADS,jellyfish-plonk-credential-final-v1,ef2b7370acbd2d0f7e2071ea52bd1ac2816b684f,37d8bcf5baae44a2ce2009bc7f8f2056240d121adbfcdd4d9de0ed16565bc4fd,credential,jellyfish-turboplonk-0.8.0-bn254-kzg,age8-x5r5,"{""age_bits"":8,""hash_rounds"":5}",msm,4,4,,false,,,,,,,,,,,,,,,not-applicable,,,Jellyfish exposes no stable per-proof hook for this phase,,,,,,,,,,,,,,,measured,final-candidate evidence; validate bundle before paper reporting,measurement,true
C3-APPLICATION-WORKLOADS,jellyfish-plonk-credential-final-v1,ef2b7370acbd2d0f7e2071ea52bd1ac2816b684f,37d8bcf5baae44a2ce2009bc7f8f2056240d121adbfcdd4d9de0ed16565bc4fd,credential,jellyfish-turboplonk-0.8.0-bn254-kzg,age8-x5r5,"{""age_bits"":8,""hash_rounds"":5}",msm,4,8,,false,,,,,,,,,,,,,,,not-applicable,,,Jellyfish exposes no stable per-proof hook for this phase,,,,,,,,,,,,,,,measured,final-candidate evidence; validate bundle before paper reporting,measurement,true
C3-APPLICATION-WORKLOADS,jellyfish-plonk-credential-final-v1,ef2b7370acbd2d0f7e2071ea52bd1ac2816b684f,37d8bcf5baae44a2ce2009bc7f8f2056240d121adbfcdd4d9de0ed16565bc4fd,credential,jellyfish-turboplonk-0.8.0-bn254-kzg,age8-x5r5,"{""age_bits"":8,""hash_rounds"":5}",msm,8,1,,false,,,,,,,,,,,,,,,not-applicable,,,Jellyfish exposes no stable per-proof hook for this phase,,,,,,,,,,,,,,,measured,final-candidate evidence; validate bundle before paper reporting,measurement,true
C3-APPLICATION-WORKLOADS,jellyfish-plonk-credential-final-v1,ef2b7370acbd2d0f7e2071ea52bd1ac2816b684f,37d8bcf5baae44a2ce2009bc7f8f2056240d121adbfcdd4d9de0ed16565bc4fd,credential,jellyfish-turboplonk-0.8.0-bn254-kzg,age8-x5r5,"{""age_bits"":8,""hash_rounds"":5}",msm,8,1,wrong_public_input,false,,,,,,,,,,,,,,,not-applicable,,,Jellyfish exposes no stable per-proof hook for this phase,,,,,,,,,,,,,,,measured,final-candidate evidence; validate bundle before paper reporting,measurement,true
C3-APPLICATION-WORKLOADS,jellyfish-plonk-credential-final-v1,ef2b7370acbd2d0f7e2071ea52bd1ac2816b684f,37d8bcf5baae44a2ce2009bc7f8f2056240d121adbfcdd4d9de0ed16565bc4fd,credential,jellyfish-turboplonk-0.8.0-bn254-kzg,age8-x5r5,"{""age_bits"":8,""hash_rounds"":5}",msm,8,2,,false,,,,,,,,,,,,,,,not-applicable,,,Jellyfish exposes no stable per-proof hook for this phase,,,,,,,,,,,,,,,measured,final-candidate evidence; validate bundle before paper reporting,measurement,true
C3-APPLICATION-WORKLOADS,jellyfish-plonk-credential-final-v1,ef2b7370acbd2d0f7e2071ea52bd1ac2816b684f,37d8bcf5baae44a2ce2009bc7f8f2056240d121adbfcdd4d9de0ed16565bc4fd,credential,jellyfish-turboplonk-0.8.0-bn254-kzg,age8-x5r5,"{""age_bits"":8,""hash_rounds"":5}",msm,8,4,,false,,,,,,,,,,,,,,,not-applicable,,,Jellyfish exposes no stable per-proof hook for this phase,,,,,,,,,,,,,,,measured,final-candidate evidence; validate bundle before paper reporting,measurement,true
C3-APPLICATION-WORKLOADS,jellyfish-plonk-credential-final-v1,ef2b7370acbd2d0f7e2071ea52bd1ac2816b684f,37d8bcf5baae44a2ce2009bc7f8f2056240d121adbfcdd4d9de0ed16565bc4fd,credential,jellyfish-turboplonk-0.8.0-bn254-kzg,age8-x5r5,"{""age_bits"":8,""hash_rounds"":5}",msm,8,4,wrong_public_input,false,,,,,,,,,,,,,,,not-applicable,,,Jellyfish exposes no stable per-proof hook for this phase,,,,,,,,,,,,,,,measured,final-candidate evidence; validate bundle before paper reporting,measurement,true
C3-APPLICATION-WORKLOADS,jellyfish-plonk-credential-final-v1,ef2b7370acbd2d0f7e2071ea52bd1ac2816b684f,37d8bcf5baae44a2ce2009bc7f8f2056240d121adbfcdd4d9de0ed16565bc4fd,credential,jellyfish-turboplonk-0.8.0-bn254-kzg,age8-x5r5,"{""age_bits"":8,""hash_rounds"":5}",msm,8,8,,false,,,,,,,,,,,,,,,not-applicable,,,Jellyfish exposes no stable per-proof hook for this phase,,,,,,,,,,,,,,,measured,final-candidate evidence; validate bundle before paper reporting,measurement,true
C3-APPLICATION-WORKLOADS,jellyfish-plonk-credential-final-v1,ef2b7370acbd2d0f7e2071ea52bd1ac2816b684f,37d8bcf5baae44a2ce2009bc7f8f2056240d121adbfcdd4d9de0ed16565bc4fd,credential,jellyfish-turboplonk-0.8.0-bn254-kzg,age8-x5r5,"{""age_bits"":8,""hash_rounds"":5}",msm,16,1,,false,,,,,,,,,,,,,,,not-applicable,,,Jellyfish exposes no stable per-proof hook for this phase,,,,,,,,,,,,,,,measured,final-candidate evidence; validate bundle before paper reporting,measurement,true
C3-APPLICATION-WORKLOADS,jellyfish-plonk-credential-final-v1,ef2b7370acbd2d0f7e2071ea52bd1ac2816b684f,37d8bcf5baae44a2ce2009bc7f8f2056240d121adbfcdd4d9de0ed16565bc4fd,credential,jellyfish-turboplonk-0.8.0-bn254-kzg,age8-x5r5,"{""age_bits"":8,""hash_rounds"":5}",msm,16,1,wrong_public_input,false,,,,,,,,,,,,,,,not-applicable,,,Jellyfish exposes no stable per-proof hook for this phase,,,,,,,,,,,,,,,measured,final-candidate evidence; validate bundle before paper reporting,measurement,true
C3-APPLICATION-WORKLOADS,jellyfish-plonk-credential-final-v1,ef2b7370acbd2d0f7e2071ea52bd1ac2816b684f,37d8bcf5baae44a2ce2009bc7f8f2056240d121adbfcdd4d9de0ed16565bc4fd,credential,jellyfish-turboplonk-0.8.0-bn254-kzg,age8-x5r5,"{""age_bits"":8,""hash_rounds"":5}",msm,16,2,,false,,,,,,,,,,,,,,,not-applicable,,,Jellyfish exposes no stable per-proof hook for this phase,,,,,,,,,,,,,,,measured,final-candidate evidence; validate bundle before paper reporting,measurement,true
C3-APPLICATION-WORKLOADS,jellyfish-plonk-credential-final-v1,ef2b7370acbd2d0f7e2071ea52bd1ac2816b684f,37d8bcf5baae44a2ce2009bc7f8f2056240d121adbfcdd4d9de0ed16565bc4fd,credential,jellyfish-turboplonk-0.8.0-bn254-kzg,age8-x5r5,"{""age_bits"":8,""hash_rounds"":5}",msm,16,4,,false,,,,,,,,,,,,,,,not-applicable,,,Jellyfish exposes no stable per-proof hook for this phase,,,,,,,,,,,,,,,measured,final-candidate evidence; validate bundle before paper reporting,measurement,true
C3-APPLICATION-WORKLOADS,jellyfish-plonk-credential-final-v1,ef2b7370acbd2d0f7e2071ea52bd1ac2816b684f,37d8bcf5baae44a2ce2009bc7f8f2056240d121adbfcdd4d9de0ed16565bc4fd,credential,jellyfish-turboplonk-0.8.0-bn254-kzg,age8-x5r5,"{""age_bits"":8,""hash_rounds"":5}",msm,16,4,wrong_public_input,false,,,,,,,,,,,,,,,not-applicable,,,Jellyfish exposes no stable per-proof hook for this phase,,,,,,,,,,,,,,,measured,final-candidate evidence; validate bundle before paper reporting,measurement,true
C3-APPLICATION-WORKLOADS,jellyfish-plonk-credential-final-v1,ef2b7370acbd2d0f7e2071ea52bd1ac2816b684f,37d8bcf5baae44a2ce2009bc7f8f2056240d121adbfcdd4d9de0ed16565bc4fd,credential,jellyfish-turboplonk-0.8.0-bn254-kzg,age8-x5r5,"{""age_bits"":8,""hash_rounds"":5}",msm,16,8,,false,,,,,,,,,,,,,,,not-applicable,,,Jellyfish exposes no stable per-proof hook for this phase,,,,,,,,,,,,,,,measured,final-candidate evidence; validate bundle before paper reporting,measurement,true
C3-APPLICATION-WORKLOADS,jellyfish-plonk-credential-final-v1,ef2b7370acbd2d0f7e2071ea52bd1ac2816b684f,37d8bcf5baae44a2ce2009bc7f8f2056240d121adbfcdd4d9de0ed16565bc4fd,credential,jellyfish-turboplonk-0.8.0-bn254-kzg,age8-x5r5,"{""age_bits"":8,""hash_rounds"":5}",native_execution,2,1,,true,10,2.057796,0.187155,2.040067,2.334823,1.781470,2.460328,,,,,,,,not-applicable,,,,,,,,,,,,,,,,,,measured,final-candidate evidence; validate bundle before paper reporting,measurement,true
C3-APPLICATION-WORKLOADS,jellyfish-plonk-credential-final-v1,ef2b7370acbd2d0f7e2071ea52bd1ac2816b684f,37d8bcf5baae44a2ce2009bc7f8f2056240d121adbfcdd4d9de0ed16565bc4fd,credential,jellyfish-turboplonk-0.8.0-bn254-kzg,age8-x5r5,"{""age_bits"":8,""hash_rounds"":5}",native_execution,2,1,wrong_public_input,true,10,1.972566,0.149754,1.906189,2.222439,1.837208,2.289871,,,,,,,,not-applicable,,,,,,,,,,,,,,,,,,measured,final-candidate evidence; validate bundle before paper reporting,measurement,true
C3-APPLICATION-WORKLOADS,jellyfish-plonk-credential-final-v1,ef2b7370acbd2d0f7e2071ea52bd1ac2816b684f,37d8bcf5baae44a2ce2009bc7f8f2056240d121adbfcdd4d9de0ed16565bc4fd,credential,jellyfish-turboplonk-0.8.0-bn254-kzg,age8-x5r5,"{""age_bits"":8,""hash_rounds"":5}",native_execution,2,2,,true,10,1.986798,0.130617,1.983231,2.173127,1.769914,2.216665,,,,,,,,not-applicable,,,,,,,,,,,,,,,,,,measured,final-candidate evidence; validate bundle before paper reporting,measurement,true
C3-APPLICATION-WORKLOADS,jellyfish-plonk-credential-final-v1,ef2b7370acbd2d0f7e2071ea52bd1ac2816b684f,37d8bcf5baae44a2ce2009bc7f8f2056240d121adbfcdd4d9de0ed16565bc4fd,credential,jellyfish-turboplonk-0.8.0-bn254-kzg,age8-x5r5,"{""age_bits"":8,""hash_rounds"":5}",native_execution,2,4,,true,10,1.992232,0.140825,1.950579,2.175209,1.825687,2.197429,,,,,,,,not-applicable,,,,,,,,,,,,,,,,,,measured,final-candidate evidence; validate bundle before paper reporting,measurement,true
C3-APPLICATION-WORKLOADS,jellyfish-plonk-credential-final-v1,ef2b7370acbd2d0f7e2071ea52bd1ac2816b684f,37d8bcf5baae44a2ce2009bc7f8f2056240d121adbfcdd4d9de0ed16565bc4fd,credential,jellyfish-turboplonk-0.8.0-bn254-kzg,age8-x5r5,"{""age_bits"":8,""hash_rounds"":5}",native_execution,2,4,wrong_public_input,true,10,2.063438,0.212675,2.026428,2.404819,1.793508,2.442695,,,,,,,,not-applicable,,,,,,,,,,,,,,,,,,measured,final-candidate evidence; validate bundle before paper reporting,measurement,true
C3-APPLICATION-WORKLOADS,jellyfish-plonk-credential-final-v1,ef2b7370acbd2d0f7e2071ea52bd1ac2816b684f,37d8bcf5baae44a2ce2009bc7f8f2056240d121adbfcdd4d9de0ed16565bc4fd,credential,jellyfish-turboplonk-0.8.0-bn254-kzg,age8-x5r5,"{""age_bits"":8,""hash_rounds"":5}",native_execution,2,8,,true,10,2.091355,0.137937,2.076295,2.289888,1.906887,2.299910,,,,,,,,not-applicable,,,,,,,,,,,,,,,,,,measured,final-candidate evidence; validate bundle before paper reporting,measurement,true
C3-APPLICATION-WORKLOADS,jellyfish-plonk-credential-final-v1,ef2b7370acbd2d0f7e2071ea52bd1ac2816b684f,37d8bcf5baae44a2ce2009bc7f8f2056240d121adbfcdd4d9de0ed16565bc4fd,credential,jellyfish-turboplonk-0.8.0-bn254-kzg,age8-x5r5,"{""age_bits"":8,""hash_rounds"":5}",native_execution,4,1,,true,10,2.007020,0.193284,1.960681,2.326401,1.808866,2.406738,,,,,,,,not-applicable,,,,,,,,,,,,,,,,,,measured,final-candidate evidence; validate bundle before paper reporting,measurement,true
C3-APPLICATION-WORKLOADS,jellyfish-plonk-credential-final-v1,ef2b7370acbd2d0f7e2071ea52bd1ac2816b684f,37d8bcf5baae44a2ce2009bc7f8f2056240d121adbfcdd4d9de0ed16565bc4fd,credential,jellyfish-turboplonk-0.8.0-bn254-kzg,age8-x5r5,"{""age_bits"":8,""hash_rounds"":5}",native_execution,4,2,,true,10,2.075803,0.202590,1.986769,2.333770,1.816079,2.352407,,,,,,,,not-applicable,,,,,,,,,,,,,,,,,,measured,final-candidate evidence; validate bundle before paper reporting,measurement,true
C3-APPLICATION-WORKLOADS,jellyfish-plonk-credential-final-v1,ef2b7370acbd2d0f7e2071ea52bd1ac2816b684f,37d8bcf5baae44a2ce2009bc7f8f2056240d121adbfcdd4d9de0ed16565bc4fd,credential,jellyfish-turboplonk-0.8.0-bn254-kzg,age8-x5r5,"{""age_bits"":8,""hash_rounds"":5}",native_execution,4,4,,true,10,2.034513,0.205784,1.971945,2.386236,1.775639,2.398955,,,,,,,,not-applicable,,,,,,,,,,,,,,,,,,measured,final-candidate evidence; validate bundle before paper reporting,measurement,true
C3-APPLICATION-WORKLOADS,jellyfish-plonk-credential-final-v1,ef2b7370acbd2d0f7e2071ea52bd1ac2816b684f,37d8bcf5baae44a2ce2009bc7f8f2056240d121adbfcdd4d9de0ed16565bc4fd,credential,jellyfish-turboplonk-0.8.0-bn254-kzg,age8-x5r5,"{""age_bits"":8,""hash_rounds"":5}",native_execution,4,8,,true,10,2.085962,0.244679,2.073950,2.435047,1.718938,2.522343,,,,,,,,not-applicable,,,,,,,,,,,,,,,,,,measured,final-candidate evidence; validate bundle before paper reporting,measurement,true
C3-APPLICATION-WORKLOADS,jellyfish-plonk-credential-final-v1,ef2b7370acbd2d0f7e2071ea52bd1ac2816b684f,37d8bcf5baae44a2ce2009bc7f8f2056240d121adbfcdd4d9de0ed16565bc4fd,credential,jellyfish-turboplonk-0.8.0-bn254-kzg,age8-x5r5,"{""age_bits"":8,""hash_rounds"":5}",native_execution,8,1,,true,10,2.062681,0.108271,2.044294,2.217406,1.907545,2.255677,,,,,,,,not-applicable,,,,,,,,,,,,,,,,,,measured,final-candidate evidence; validate bundle before paper reporting,measurement,true
C3-APPLICATION-WORKLOADS,jellyfish-plonk-credential-final-v1,ef2b7370acbd2d0f7e2071ea52bd1ac2816b684f,37d8bcf5baae44a2ce2009bc7f8f2056240d121adbfcdd4d9de0ed16565bc4fd,credential,jellyfish-turboplonk-0.8.0-bn254-kzg,age8-x5r5,"{""age_bits"":8,""hash_rounds"":5}",native_execution,8,1,wrong_public_input,true,10,2.016092,0.133883,1.970566,2.256855,1.901969,2.302485,,,,,,,,not-applicable,,,,,,,,,,,,,,,,,,measured,final-candidate evidence; validate bundle before paper reporting,measurement,true
C3-APPLICATION-WORKLOADS,jellyfish-plonk-credential-final-v1,ef2b7370acbd2d0f7e2071ea52bd1ac2816b684f,37d8bcf5baae44a2ce2009bc7f8f2056240d121adbfcdd4d9de0ed16565bc4fd,credential,jellyfish-turboplonk-0.8.0-bn254-kzg,age8-x5r5,"{""age_bits"":8,""hash_rounds"":5}",native_execution,8,2,,true,10,2.067827,0.112703,2.091674,2.186625,1.857942,2.197490,,,,,,,,not-applicable,,,,,,,,,,,,,,,,,,measured,final-candidate evidence; validate bundle before paper reporting,measurement,true
C3-APPLICATION-WORKLOADS,jellyfish-plonk-credential-final-v1,ef2b7370acbd2d0f7e2071ea52bd1ac2816b684f,37d8bcf5baae44a2ce2009bc7f8f2056240d121adbfcdd4d9de0ed16565bc4fd,credential,jellyfish-turboplonk-0.8.0-bn254-kzg,age8-x5r5,"{""age_bits"":8,""hash_rounds"":5}",native_execution,8,4,,true,10,2.249991,0.443925,2.153162,2.930437,1.914197,3.464505,,,,,,,,not-applicable,,,,,,,,,,,,,,,,,,measured,final-candidate evidence; validate bundle before paper reporting,measurement,true
C3-APPLICATION-WORKLOADS,jellyfish-plonk-credential-final-v1,ef2b7370acbd2d0f7e2071ea52bd1ac2816b684f,37d8bcf5baae44a2ce2009bc7f8f2056240d121adbfcdd4d9de0ed16565bc4fd,credential,jellyfish-turboplonk-0.8.0-bn254-kzg,age8-x5r5,"{""age_bits"":8,""hash_rounds"":5}",native_execution,8,4,wrong_public_input,true,10,2.005298,0.106279,2.007688,2.165282,1.838080,2.218549,,,,,,,,not-applicable,,,,,,,,,,,,,,,,,,measured,final-candidate evidence; validate bundle before paper reporting,measurement,true
C3-APPLICATION-WORKLOADS,jellyfish-plonk-credential-final-v1,ef2b7370acbd2d0f7e2071ea52bd1ac2816b684f,37d8bcf5baae44a2ce2009bc7f8f2056240d121adbfcdd4d9de0ed16565bc4fd,credential,jellyfish-turboplonk-0.8.0-bn254-kzg,age8-x5r5,"{""age_bits"":8,""hash_rounds"":5}",native_execution,8,8,,true,10,2.024412,0.120481,2.043978,2.184846,1.868858,2.255195,,,,,,,,not-applicable,,,,,,,,,,,,,,,,,,measured,final-candidate evidence; validate bundle before paper reporting,measurement,true
C3-APPLICATION-WORKLOADS,jellyfish-plonk-credential-final-v1,ef2b7370acbd2d0f7e2071ea52bd1ac2816b684f,37d8bcf5baae44a2ce2009bc7f8f2056240d121adbfcdd4d9de0ed16565bc4fd,credential,jellyfish-turboplonk-0.8.0-bn254-kzg,age8-x5r5,"{""age_bits"":8,""hash_rounds"":5}",native_execution,16,1,,true,10,2.024020,0.131110,2.001985,2.200777,1.814782,2.201040,,,,,,,,not-applicable,,,,,,,,,,,,,,,,,,measured,final-candidate evidence; validate bundle before paper reporting,measurement,true
C3-APPLICATION-WORKLOADS,jellyfish-plonk-credential-final-v1,ef2b7370acbd2d0f7e2071ea52bd1ac2816b684f,37d8bcf5baae44a2ce2009bc7f8f2056240d121adbfcdd4d9de0ed16565bc4fd,credential,jellyfish-turboplonk-0.8.0-bn254-kzg,age8-x5r5,"{""age_bits"":8,""hash_rounds"":5}",native_execution,16,1,wrong_public_input,true,10,2.097886,0.116703,2.076108,2.283029,1.958435,2.344221,,,,,,,,not-applicable,,,,,,,,,,,,,,,,,,measured,final-candidate evidence; validate bundle before paper reporting,measurement,true
C3-APPLICATION-WORKLOADS,jellyfish-plonk-credential-final-v1,ef2b7370acbd2d0f7e2071ea52bd1ac2816b684f,37d8bcf5baae44a2ce2009bc7f8f2056240d121adbfcdd4d9de0ed16565bc4fd,credential,jellyfish-turboplonk-0.8.0-bn254-kzg,age8-x5r5,"{""age_bits"":8,""hash_rounds"":5}",native_execution,16,2,,true,10,2.034095,0.172579,2.005342,2.318748,1.823749,2.321964,,,,,,,,not-applicable,,,,,,,,,,,,,,,,,,measured,final-candidate evidence; validate bundle before paper reporting,measurement,true
C3-APPLICATION-WORKLOADS,jellyfish-plonk-credential-final-v1,ef2b7370acbd2d0f7e2071ea52bd1ac2816b684f,37d8bcf5baae44a2ce2009bc7f8f2056240d121adbfcdd4d9de0ed16565bc4fd,credential,jellyfish-turboplonk-0.8.0-bn254-kzg,age8-x5r5,"{""age_bits"":8,""hash_rounds"":5}",native_execution,16,4,,true,10,2.168643,0.218976,2.144052,2.494256,1.838061,2.623372,,,,,,,,not-applicable,,,,,,,,,,,,,,,,,,measured,final-candidate evidence; validate bundle before paper reporting,measurement,true
C3-APPLICATION-WORKLOADS,jellyfish-plonk-credential-final-v1,ef2b7370acbd2d0f7e2071ea52bd1ac2816b684f,37d8bcf5baae44a2ce2009bc7f8f2056240d121adbfcdd4d9de0ed16565bc4fd,credential,jellyfish-turboplonk-0.8.0-bn254-kzg,age8-x5r5,"{""age_bits"":8,""hash_rounds"":5}",native_execution,16,4,wrong_public_input,true,10,2.050494,0.132904,2.056868,2.221723,1.868638,2.247593,,,,,,,,not-applicable,,,,,,,,,,,,,,,,,,measured,final-candidate evidence; validate bundle before paper reporting,measurement,true
C3-APPLICATION-WORKLOADS,jellyfish-plonk-credential-final-v1,ef2b7370acbd2d0f7e2071ea52bd1ac2816b684f,37d8bcf5baae44a2ce2009bc7f8f2056240d121adbfcdd4d9de0ed16565bc4fd,credential,jellyfish-turboplonk-0.8.0-bn254-kzg,age8-x5r5,"{""age_bits"":8,""hash_rounds"":5}",native_execution,16,8,,true,10,2.061656,0.183427,2.035923,2.320640,1.785042,2.406879,,,,,,,,not-applicable,,,,,,,,,,,,,,,,,,measured,final-candidate evidence; validate bundle before paper reporting,measurement,true
C3-APPLICATION-WORKLOADS,jellyfish-plonk-credential-final-v1,ef2b7370acbd2d0f7e2071ea52bd1ac2816b684f,37d8bcf5baae44a2ce2009bc7f8f2056240d121adbfcdd4d9de0ed16565bc4fd,credential,jellyfish-turboplonk-0.8.0-bn254-kzg,age8-x5r5,"{""age_bits"":8,""hash_rounds"":5}",prove_total,2,1,,true,10,72.036540,0.997818,71.725482,73.701223,70.855155,74.211014,,,,,,,,not-applicable,,,,,,,,27.884093,35.158404,,,,38.485512,0.843515,0.835865,0.851029,0.997167,measured,final-candidate evidence; validate bundle before paper reporting,measurement,true
C3-APPLICATION-WORKLOADS,jellyfish-plonk-credential-final-v1,ef2b7370acbd2d0f7e2071ea52bd1ac2816b684f,37d8bcf5baae44a2ce2009bc7f8f2056240d121adbfcdd4d9de0ed16565bc4fd,credential,jellyfish-turboplonk-0.8.0-bn254-kzg,age8-x5r5,"{""age_bits"":8,""hash_rounds"":5}",prove_total,2,1,wrong_public_input,true,10,72.291105,0.853543,72.355601,73.582254,71.180338,73.646760,,,,,,,,not-applicable,,,,,,,,,,,,,,,,,,measured,final-candidate evidence; validate bundle before paper reporting,measurement,true
C3-APPLICATION-WORKLOADS,jellyfish-plonk-credential-final-v1,ef2b7370acbd2d0f7e2071ea52bd1ac2816b684f,37d8bcf5baae44a2ce2009bc7f8f2056240d121adbfcdd4d9de0ed16565bc4fd,credential,jellyfish-turboplonk-0.8.0-bn254-kzg,age8-x5r5,"{""age_bits"":8,""hash_rounds"":5}",prove_total,2,2,,true,10,41.910738,1.076439,41.898114,43.424917,40.345863,43.680005,,,,,,,,not-applicable,,,,1.711902,1.677338,1.758769,0.855951,47.734846,21.126190,,,,23.071755,0.813275,0.802621,0.828645,0.997722,measured,final-candidate evidence; validate bundle before paper reporting,measurement,true
C3-APPLICATION-WORKLOADS,jellyfish-plonk-credential-final-v1,ef2b7370acbd2d0f7e2071ea52bd1ac2816b684f,37d8bcf5baae44a2ce2009bc7f8f2056240d121adbfcdd4d9de0ed16565bc4fd,credential,jellyfish-turboplonk-0.8.0-bn254-kzg,age8-x5r5,"{""age_bits"":8,""hash_rounds"":5}",prove_total,2,4,,true,10,35.234105,1.865661,34.778616,38.284591,33.745372,40.289343,,,,,,,,not-applicable,,,,2.062344,2.032730,2.101488,0.515586,57.506601,17.829889,,,,20.902199,0.685952,0.676654,0.706410,0.996341,measured,final-candidate evidence; validate bundle before paper reporting,measurement,true
C3-APPLICATION-WORKLOADS,jellyfish-plonk-credential-final-v1,ef2b7370acbd2d0f7e2071ea52bd1ac2816b684f,37d8bcf5baae44a2ce2009bc7f8f2056240d121adbfcdd4d9de0ed16565bc4fd,credential,jellyfish-turboplonk-0.8.0-bn254-kzg,age8-x5r5,"{""age_bits"":8,""hash_rounds"":5}",prove_total,2,4,wrong_public_input,true,10,35.076177,1.269290,34.709181,37.368795,33.904915,37.632502,,,,,,,,not-applicable,,,,,,,,,,,,,,,,,,measured,final-candidate evidence; validate bundle before paper reporting,measurement,true
C3-APPLICATION-WORKLOADS,jellyfish-plonk-credential-final-v1,ef2b7370acbd2d0f7e2071ea52bd1ac2816b684f,37d8bcf5baae44a2ce2009bc7f8f2056240d121adbfcdd4d9de0ed16565bc4fd,credential,jellyfish-turboplonk-0.8.0-bn254-kzg,age8-x5r5,"{""age_bits"":8,""hash_rounds"":5}",prove_total,2,8,,true,10,56.042273,2.314402,56.407613,57.957450,50.590825,57.994581,,,,,,,,not-applicable,,,,1.271557,1.235081,1.308350,0.158945,35.456207,27.167430,,,,40.439389,0.407394,0.388724,0.426881,0.967486,measured,final-candidate evidence; validate bundle before paper reporting,measurement,true
C3-APPLICATION-WORKLOADS,jellyfish-plonk-credential-final-v1,ef2b7370acbd2d0f7e2071ea52bd1ac2816b684f,37d8bcf5baae44a2ce2009bc7f8f2056240d121adbfcdd4d9de0ed16565bc4fd,credential,jellyfish-turboplonk-0.8.0-bn254-kzg,age8-x5r5,"{""age_bits"":8,""hash_rounds"":5}",prove_total,4,1,,true,10,118.249842,1.459387,118.224255,120.175176,116.385041,120.472800,,,,,,,,not-applicable,,,,,,,,33.834005,60.297547,,,,38.485512,0.843515,0.835865,0.851029,0.997167,measured,final-candidate evidence; validate bundle before paper reporting,measurement,true
C3-APPLICATION-WORKLOADS,jellyfish-plonk-credential-final-v1,ef2b7370acbd2d0f7e2071ea52bd1ac2816b684f,37d8bcf5baae44a2ce2009bc7f8f2056240d121adbfcdd4d9de0ed16565bc4fd,credential,jellyfish-turboplonk-0.8.0-bn254-kzg,age8-x5r5,"{""age_bits"":8,""hash_rounds"":5}",prove_total,4,2,,true,10,68.481226,1.198388,68.295300,70.138568,66.808275,70.190677,,,,,,,,not-applicable,,,,1.731075,1.692577,1.759387,0.865537,58.569184,34.375067,,,,23.071755,0.813275,0.802621,0.828645,0.997722,measured,final-candidate evidence; validate bundle before paper reporting,measurement,true
C3-APPLICATION-WORKLOADS,jellyfish-plonk-credential-final-v1,ef2b7370acbd2d0f7e2071ea52bd1ac2816b684f,37d8bcf5baae44a2ce2009bc7f8f2056240d121adbfcdd4d9de0ed16565bc4fd,credential,jellyfish-turboplonk-0.8.0-bn254-kzg,age8-x5r5,"{""age_bits"":8,""hash_rounds"":5}",prove_total,4,4,,true,10,52.248031,1.209848,52.129030,54.153166,50.326482,54.161713,,,,,,,,not-applicable,,,,2.267916,2.217690,2.310089,0.566979,76.732677,26.435337,,,,20.902199,0.685952,0.676654,0.706410,0.996341,measured,final-candidate evidence; validate bundle before paper reporting,measurement,true
C3-APPLICATION-WORKLOADS,jellyfish-plonk-credential-final-v1,ef2b7370acbd2d0f7e2071ea52bd1ac2816b684f,37d8bcf5baae44a2ce2009bc7f8f2056240d121adbfcdd4d9de0ed16565bc4fd,credential,jellyfish-turboplonk-0.8.0-bn254-kzg,age8-x5r5,"{""age_bits"":8,""hash_rounds"":5}",prove_total,4,8,,true,10,67.661077,2.993223,68.443386,70.764316,62.818668,70.799803,,,,,,,,not-applicable,,,,1.727329,1.682763,1.836905,0.215916,58.442462,33.001472,,,,40.439389,0.407394,0.388724,0.426881,0.967486,measured,final-candidate evidence; validate bundle before paper reporting,measurement,true
C3-APPLICATION-WORKLOADS,jellyfish-plonk-credential-final-v1,ef2b7370acbd2d0f7e2071ea52bd1ac2816b684f,37d8bcf5baae44a2ce2009bc7f8f2056240d121adbfcdd4d9de0ed16565bc4fd,credential,jellyfish-turboplonk-0.8.0-bn254-kzg,age8-x5r5,"{""age_bits"":8,""hash_rounds"":5}",prove_total,8,1,,true,10,217.221840,4.224706,218.063198,222.784525,211.889227,224.864230,,,,,,,,not-applicable,,,,,,,,36.686612,106.669170,,,,38.485512,0.843515,0.835865,0.851029,0.997167,measured,final-candidate evidence; validate bundle before paper reporting,measurement,true
C3-APPLICATION-WORKLOADS,jellyfish-plonk-credential-final-v1,ef2b7370acbd2d0f7e2071ea52bd1ac2816b684f,37d8bcf5baae44a2ce2009bc7f8f2056240d121adbfcdd4d9de0ed16565bc4fd,credential,jellyfish-turboplonk-0.8.0-bn254-kzg,age8-x5r5,"{""age_bits"":8,""hash_rounds"":5}",prove_total,8,1,wrong_public_input,true,10,216.691301,4.322743,215.361160,223.456659,213.534469,228.336552,,,,,,,,not-applicable,,,,,,,,,,,,,,,,,,measured,final-candidate evidence; validate bundle before paper reporting,measurement,true
C3-APPLICATION-WORKLOADS,jellyfish-plonk-credential-final-v1,ef2b7370acbd2d0f7e2071ea52bd1ac2816b684f,37d8bcf5baae44a2ce2009bc7f8f2056240d121adbfcdd4d9de0ed16565bc4fd,credential,jellyfish-turboplonk-0.8.0-bn254-kzg,age8-x5r5,"{""age_bits"":8,""hash_rounds"":5}",prove_total,8,2,,true,10,124.283418,3.696220,123.401780,130.369764,119.858079,131.958006,,,,,,,,not-applicable,,,,1.767099,1.703829,1.800804,0.883550,64.828887,58.996660,,,,23.071755,0.813275,0.802621,0.828645,0.997722,measured,final-candidate evidence; validate bundle before paper reporting,measurement,true
C3-APPLICATION-WORKLOADS,jellyfish-plonk-credential-final-v1,ef2b7370acbd2d0f7e2071ea52bd1ac2816b684f,37d8bcf5baae44a2ce2009bc7f8f2056240d121adbfcdd4d9de0ed16565bc4fd,credential,jellyfish-turboplonk-0.8.0-bn254-kzg,age8-x5r5,"{""age_bits"":8,""hash_rounds"":5}",prove_total,8,4,,true,10,83.761163,2.052020,84.718253,85.559410,79.839151,85.607092,,,,,,,,not-applicable,,,,2.573981,2.509757,2.651938,0.643495,94.430654,39.345972,,,,20.902199,0.685952,0.676654,0.706410,0.996341,measured,final-candidate evidence; validate bundle before paper reporting,measurement,true
C3-APPLICATION-WORKLOADS,jellyfish-plonk-credential-final-v1,ef2b7370acbd2d0f7e2071ea52bd1ac2816b684f,37d8bcf5baae44a2ce2009bc7f8f2056240d121adbfcdd4d9de0ed16565bc4fd,credential,jellyfish-turboplonk-0.8.0-bn254-kzg,age8-x5r5,"{""age_bits"":8,""hash_rounds"":5}",prove_total,8,4,wrong_public_input,true,10,82.719982,0.991287,83.151483,83.713208,80.721027,83.964649,,,,,,,,not-applicable,,,,,,,,,,,,,,,,,,measured,final-candidate evidence; validate bundle before paper reporting,measurement,true
C3-APPLICATION-WORKLOADS,jellyfish-plonk-credential-final-v1,ef2b7370acbd2d0f7e2071ea52bd1ac2816b684f,37d8bcf5baae44a2ce2009bc7f8f2056240d121adbfcdd4d9de0ed16565bc4fd,credential,jellyfish-turboplonk-0.8.0-bn254-kzg,age8-x5r5,"{""age_bits"":8,""hash_rounds"":5}",prove_total,8,8,,true,10,88.855858,4.857914,87.605211,96.266295,83.955097,101.203157,,,,,,,,not-applicable,,,,2.489158,2.382472,2.536306,0.311145,91.318768,42.860154,,,,40.439389,0.407394,0.388724,0.426881,0.967486,measured,final-candidate evidence; validate bundle before paper reporting,measurement,true
C3-APPLICATION-WORKLOADS,jellyfish-plonk-credential-final-v1,ef2b7370acbd2d0f7e2071ea52bd1ac2816b684f,37d8bcf5baae44a2ce2009bc7f8f2056240d121adbfcdd4d9de0ed16565bc4fd,credential,jellyfish-turboplonk-0.8.0-bn254-kzg,age8-x5r5,"{""age_bits"":8,""hash_rounds"":5}",prove_total,16,1,,true,10,412.272975,7.835559,410.637882,424.246749,398.797875,425.315963,,,,,,,,not-applicable,,,,,,,,38.963770,205.115364,,,,38.485512,0.843515,0.835865,0.851029,0.997167,measured,final-candidate evidence; validate bundle before paper reporting,measurement,true
C3-APPLICATION-WORKLOADS,jellyfish-plonk-credential-final-v1,ef2b7370acbd2d0f7e2071ea52bd1ac2816b684f,37d8bcf5baae44a2ce2009bc7f8f2056240d121adbfcdd4d9de0ed16565bc4fd,credential,jellyfish-turboplonk-0.8.0-bn254-kzg,age8-x5r5,"{""age_bits"":8,""hash_rounds"":5}",prove_total,16,1,wrong_public_input,true,10,416.711694,8.143329,416.176945,430.491800,406.426161,432.171045,,,,,,,,not-applicable,,,,,,,,,,,,,,,,,,measured,final-candidate evidence; validate bundle before paper reporting,measurement,true
C3-APPLICATION-WORKLOADS,jellyfish-plonk-credential-final-v1,ef2b7370acbd2d0f7e2071ea52bd1ac2816b684f,37d8bcf5baae44a2ce2009bc7f8f2056240d121adbfcdd4d9de0ed16565bc4fd,credential,jellyfish-turboplonk-0.8.0-bn254-kzg,age8-x5r5,"{""age_bits"":8,""hash_rounds"":5}",prove_total,16,2,,true,10,227.528368,6.912171,225.225997,239.601450,219.783671,241.709112,,,,,,,,not-applicable,,,,1.823226,1.768062,1.858880,0.911613,71.039757,112.313038,,,,23.071755,0.813275,0.802621,0.828645,0.997722,measured,final-candidate evidence; validate bundle before paper reporting,measurement,true
C3-APPLICATION-WORKLOADS,jellyfish-plonk-credential-final-v1,ef2b7370acbd2d0f7e2071ea52bd1ac2816b684f,37d8bcf5baae44a2ce2009bc7f8f2056240d121adbfcdd4d9de0ed16565bc4fd,credential,jellyfish-turboplonk-0.8.0-bn254-kzg,age8-x5r5,"{""age_bits"":8,""hash_rounds"":5}",prove_total,16,4,,true,10,146.247462,4.852704,144.317930,154.006241,141.761226,154.023031,,,,,,,,not-applicable,,,,2.845370,2.712499,2.908113,0.711342,110.866335,67.310819,,,,20.902199,0.685952,0.676654,0.706410,0.996341,measured,final-candidate evidence; validate bundle before paper reporting,measurement,true
C3-APPLICATION-WORKLOADS,jellyfish-plonk-credential-final-v1,ef2b7370acbd2d0f7e2071ea52bd1ac2816b684f,37d8bcf5baae44a2ce2009bc7f8f2056240d121adbfcdd4d9de0ed16565bc4fd,credential,jellyfish-turboplonk-0.8.0-bn254-kzg,age8-x5r5,"{""age_bits"":8,""hash_rounds"":5}",prove_total,16,4,wrong_public_input,true,10,146.514101,4.262466,145.628161,153.482062,142.355988,157.464398,,,,,,,,not-applicable,,,,,,,,,,,,,,,,,,measured,final-candidate evidence; validate bundle before paper reporting,measurement,true
C3-APPLICATION-WORKLOADS,jellyfish-plonk-credential-final-v1,ef2b7370acbd2d0f7e2071ea52bd1ac2816b684f,37d8bcf5baae44a2ce2009bc7f8f2056240d121adbfcdd4d9de0ed16565bc4fd,credential,jellyfish-turboplonk-0.8.0-bn254-kzg,age8-x5r5,"{""age_bits"":8,""hash_rounds"":5}",prove_total,16,8,,true,10,135.110037,8.652349,133.167351,149.530974,125.797961,156.382020,,,,,,,,not-applicable,,,,3.083623,2.982883,3.183869,0.385453,120.149570,65.408819,,,,40.439389,0.407394,0.388724,0.426881,0.967486,measured,final-candidate evidence; validate bundle before paper reporting,measurement,true
C3-APPLICATION-WORKLOADS,jellyfish-plonk-credential-final-v1,ef2b7370acbd2d0f7e2071ea52bd1ac2816b684f,37d8bcf5baae44a2ce2009bc7f8f2056240d121adbfcdd4d9de0ed16565bc4fd,credential,jellyfish-turboplonk-0.8.0-bn254-kzg,age8-x5r5,"{""age_bits"":8,""hash_rounds"":5}",serialize,2,1,,true,10,0.003997,0.000440,0.004067,0.004549,0.003346,0.004689,,,,,,,,not-applicable,,,,,,,,,,,,,,,,,,measured,final-candidate evidence; validate bundle before paper reporting,measurement,true
C3-APPLICATION-WORKLOADS,jellyfish-plonk-credential-final-v1,ef2b7370acbd2d0f7e2071ea52bd1ac2816b684f,37d8bcf5baae44a2ce2009bc7f8f2056240d121adbfcdd4d9de0ed16565bc4fd,credential,jellyfish-turboplonk-0.8.0-bn254-kzg,age8-x5r5,"{""age_bits"":8,""hash_rounds"":5}",serialize,2,1,wrong_public_input,true,10,0.004566,0.001105,0.004027,0.006047,0.003226,0.006191,,,,,,,,not-applicable,,,,,,,,,,,,,,,,,,measured,final-candidate evidence; validate bundle before paper reporting,measurement,true
C3-APPLICATION-WORKLOADS,jellyfish-plonk-credential-final-v1,ef2b7370acbd2d0f7e2071ea52bd1ac2816b684f,37d8bcf5baae44a2ce2009bc7f8f2056240d121adbfcdd4d9de0ed16565bc4fd,credential,jellyfish-turboplonk-0.8.0-bn254-kzg,age8-x5r5,"{""age_bits"":8,""hash_rounds"":5}",serialize,2,2,,true,10,0.003916,0.000867,0.003642,0.005311,0.002845,0.005320,,,,,,,,not-applicable,,,,,,,,,,,,,,,,,,measured,final-candidate evidence; validate bundle before paper reporting,measurement,true
C3-APPLICATION-WORKLOADS,jellyfish-plonk-credential-final-v1,ef2b7370acbd2d0f7e2071ea52bd1ac2816b684f,37d8bcf5baae44a2ce2009bc7f8f2056240d121adbfcdd4d9de0ed16565bc4fd,credential,jellyfish-turboplonk-0.8.0-bn254-kzg,age8-x5r5,"{""age_bits"":8,""hash_rounds"":5}",serialize,2,4,,true,10,0.004573,0.000589,0.004503,0.005472,0.003968,0.006071,,,,,,,,not-applicable,,,,,,,,,,,,,,,,,,measured,final-candidate evidence; validate bundle before paper reporting,measurement,true
C3-APPLICATION-WORKLOADS,jellyfish-plonk-credential-final-v1,ef2b7370acbd2d0f7e2071ea52bd1ac2816b684f,37d8bcf5baae44a2ce2009bc7f8f2056240d121adbfcdd4d9de0ed16565bc4fd,credential,jellyfish-turboplonk-0.8.0-bn254-kzg,age8-x5r5,"{""age_bits"":8,""hash_rounds"":5}",serialize,2,4,wrong_public_input,true,10,0.004107,0.000810,0.004107,0.005423,0.003146,0.005581,,,,,,,,not-applicable,,,,,,,,,,,,,,,,,,measured,final-candidate evidence; validate bundle before paper reporting,measurement,true
C3-APPLICATION-WORKLOADS,jellyfish-plonk-credential-final-v1,ef2b7370acbd2d0f7e2071ea52bd1ac2816b684f,37d8bcf5baae44a2ce2009bc7f8f2056240d121adbfcdd4d9de0ed16565bc4fd,credential,jellyfish-turboplonk-0.8.0-bn254-kzg,age8-x5r5,"{""age_bits"":8,""hash_rounds"":5}",serialize,2,8,,true,10,0.005304,0.000602,0.005185,0.006350,0.004649,0.006372,,,,,,,,not-applicable,,,,,,,,,,,,,,,,,,measured,final-candidate evidence; validate bundle before paper reporting,measurement,true
C3-APPLICATION-WORKLOADS,jellyfish-plonk-credential-final-v1,ef2b7370acbd2d0f7e2071ea52bd1ac2816b684f,37d8bcf5baae44a2ce2009bc7f8f2056240d121adbfcdd4d9de0ed16565bc4fd,credential,jellyfish-turboplonk-0.8.0-bn254-kzg,age8-x5r5,"{""age_bits"":8,""hash_rounds"":5}",serialize,4,1,,true,10,0.004516,0.000640,0.004504,0.005408,0.003476,0.005701,,,,,,,,not-applicable,,,,,,,,,,,,,,,,,,measured,final-candidate evidence; validate bundle before paper reporting,measurement,true
C3-APPLICATION-WORKLOADS,jellyfish-plonk-credential-final-v1,ef2b7370acbd2d0f7e2071ea52bd1ac2816b684f,37d8bcf5baae44a2ce2009bc7f8f2056240d121adbfcdd4d9de0ed16565bc4fd,credential,jellyfish-turboplonk-0.8.0-bn254-kzg,age8-x5r5,"{""age_bits"":8,""hash_rounds"":5}",serialize,4,2,,true,10,0.004580,0.001323,0.003867,0.006866,0.003507,0.006902,,,,,,,,not-applicable,,,,,,,,,,,,,,,,,,measured,final-candidate evidence; validate bundle before paper reporting,measurement,true
C3-APPLICATION-WORKLOADS,jellyfish-plonk-credential-final-v1,ef2b7370acbd2d0f7e2071ea52bd1ac2816b684f,37d8bcf5baae44a2ce2009bc7f8f2056240d121adbfcdd4d9de0ed16565bc4fd,credential,jellyfish-turboplonk-0.8.0-bn254-kzg,age8-x5r5,"{""age_bits"":8,""hash_rounds"":5}",serialize,4,4,,true,10,0.005198,0.000794,0.005139,0.006173,0.004108,0.006231,,,,,,,,not-applicable,,,,,,,,,,,,,,,,,,measured,final-candidate evidence; validate bundle before paper reporting,measurement,true
C3-APPLICATION-WORKLOADS,jellyfish-plonk-credential-final-v1,ef2b7370acbd2d0f7e2071ea52bd1ac2816b684f,37d8bcf5baae44a2ce2009bc7f8f2056240d121adbfcdd4d9de0ed16565bc4fd,credential,jellyfish-turboplonk-0.8.0-bn254-kzg,age8-x5r5,"{""age_bits"":8,""hash_rounds"":5}",serialize,4,8,,true,10,0.004878,0.001273,0.004684,0.006934,0.003346,0.007484,,,,,,,,not-applicable,,,,,,,,,,,,,,,,,,measured,final-candidate evidence; validate bundle before paper reporting,measurement,true
C3-APPLICATION-WORKLOADS,jellyfish-plonk-credential-final-v1,ef2b7370acbd2d0f7e2071ea52bd1ac2816b684f,37d8bcf5baae44a2ce2009bc7f8f2056240d121adbfcdd4d9de0ed16565bc4fd,credential,jellyfish-turboplonk-0.8.0-bn254-kzg,age8-x5r5,"{""age_bits"":8,""hash_rounds"":5}",serialize,8,1,,true,10,0.005221,0.000707,0.005159,0.006328,0.004178,0.006603,,,,,,,,not-applicable,,,,,,,,,,,,,,,,,,measured,final-candidate evidence; validate bundle before paper reporting,measurement,true
C3-APPLICATION-WORKLOADS,jellyfish-plonk-credential-final-v1,ef2b7370acbd2d0f7e2071ea52bd1ac2816b684f,37d8bcf5baae44a2ce2009bc7f8f2056240d121adbfcdd4d9de0ed16565bc4fd,credential,jellyfish-turboplonk-0.8.0-bn254-kzg,age8-x5r5,"{""age_bits"":8,""hash_rounds"":5}",serialize,8,1,wrong_public_input,true,10,0.006136,0.001368,0.005510,0.008084,0.004308,0.008115,,,,,,,,not-applicable,,,,,,,,,,,,,,,,,,measured,final-candidate evidence; validate bundle before paper reporting,measurement,true
C3-APPLICATION-WORKLOADS,jellyfish-plonk-credential-final-v1,ef2b7370acbd2d0f7e2071ea52bd1ac2816b684f,37d8bcf5baae44a2ce2009bc7f8f2056240d121adbfcdd4d9de0ed16565bc4fd,credential,jellyfish-turboplonk-0.8.0-bn254-kzg,age8-x5r5,"{""age_bits"":8,""hash_rounds"":5}",serialize,8,2,,true,10,0.005198,0.001074,0.004969,0.006959,0.003877,0.007234,,,,,,,,not-applicable,,,,,,,,,,,,,,,,,,measured,final-candidate evidence; validate bundle before paper reporting,measurement,true
C3-APPLICATION-WORKLOADS,jellyfish-plonk-credential-final-v1,ef2b7370acbd2d0f7e2071ea52bd1ac2816b684f,37d8bcf5baae44a2ce2009bc7f8f2056240d121adbfcdd4d9de0ed16565bc4fd,credential,jellyfish-turboplonk-0.8.0-bn254-kzg,age8-x5r5,"{""age_bits"":8,""hash_rounds"":5}",serialize,8,4,,true,10,0.004566,0.000576,0.004378,0.005373,0.003777,0.005450,,,,,,,,not-applicable,,,,,,,,,,,,,,,,,,measured,final-candidate evidence; validate bundle before paper reporting,measurement,true
C3-APPLICATION-WORKLOADS,jellyfish-plonk-credential-final-v1,ef2b7370acbd2d0f7e2071ea52bd1ac2816b684f,37d8bcf5baae44a2ce2009bc7f8f2056240d121adbfcdd4d9de0ed16565bc4fd,credential,jellyfish-turboplonk-0.8.0-bn254-kzg,age8-x5r5,"{""age_bits"":8,""hash_rounds"":5}",serialize,8,4,wrong_public_input,true,10,0.004656,0.001349,0.003947,0.006684,0.003457,0.007144,,,,,,,,not-applicable,,,,,,,,,,,,,,,,,,measured,final-candidate evidence; validate bundle before paper reporting,measurement,true
C3-APPLICATION-WORKLOADS,jellyfish-plonk-credential-final-v1,ef2b7370acbd2d0f7e2071ea52bd1ac2816b684f,37d8bcf5baae44a2ce2009bc7f8f2056240d121adbfcdd4d9de0ed16565bc4fd,credential,jellyfish-turboplonk-0.8.0-bn254-kzg,age8-x5r5,"{""age_bits"":8,""hash_rounds"":5}",serialize,8,8,,true,10,0.004773,0.001290,0.004228,0.006713,0.003446,0.006943,,,,,,,,not-applicable,,,,,,,,,,,,,,,,,,measured,final-candidate evidence; validate bundle before paper reporting,measurement,true
C3-APPLICATION-WORKLOADS,jellyfish-plonk-credential-final-v1,ef2b7370acbd2d0f7e2071ea52bd1ac2816b684f,37d8bcf5baae44a2ce2009bc7f8f2056240d121adbfcdd4d9de0ed16565bc4fd,credential,jellyfish-turboplonk-0.8.0-bn254-kzg,age8-x5r5,"{""age_bits"":8,""hash_rounds"":5}",serialize,16,1,,true,10,0.006235,0.001815,0.005164,0.008933,0.004508,0.009388,,,,,,,,not-applicable,,,,,,,,,,,,,,,,,,measured,final-candidate evidence; validate bundle before paper reporting,measurement,true
C3-APPLICATION-WORKLOADS,jellyfish-plonk-credential-final-v1,ef2b7370acbd2d0f7e2071ea52bd1ac2816b684f,37d8bcf5baae44a2ce2009bc7f8f2056240d121adbfcdd4d9de0ed16565bc4fd,credential,jellyfish-turboplonk-0.8.0-bn254-kzg,age8-x5r5,"{""age_bits"":8,""hash_rounds"":5}",serialize,16,1,wrong_public_input,true,10,0.005914,0.001170,0.005626,0.007565,0.004398,0.007574,,,,,,,,not-applicable,,,,,,,,,,,,,,,,,,measured,final-candidate evidence; validate bundle before paper reporting,measurement,true
C3-APPLICATION-WORKLOADS,jellyfish-plonk-credential-final-v1,ef2b7370acbd2d0f7e2071ea52bd1ac2816b684f,37d8bcf5baae44a2ce2009bc7f8f2056240d121adbfcdd4d9de0ed16565bc4fd,credential,jellyfish-turboplonk-0.8.0-bn254-kzg,age8-x5r5,"{""age_bits"":8,""hash_rounds"":5}",serialize,16,2,,true,10,0.004957,0.001293,0.004503,0.007073,0.003777,0.007203,,,,,,,,not-applicable,,,,,,,,,,,,,,,,,,measured,final-candidate evidence; validate bundle before paper reporting,measurement,true
C3-APPLICATION-WORKLOADS,jellyfish-plonk-credential-final-v1,ef2b7370acbd2d0f7e2071ea52bd1ac2816b684f,37d8bcf5baae44a2ce2009bc7f8f2056240d121adbfcdd4d9de0ed16565bc4fd,credential,jellyfish-turboplonk-0.8.0-bn254-kzg,age8-x5r5,"{""age_bits"":8,""hash_rounds"":5}",serialize,16,4,,true,10,0.007577,0.006501,0.006082,0.017492,0.003717,0.025688,,,,,,,,not-applicable,,,,,,,,,,,,,,,,,,measured,final-candidate evidence; validate bundle before paper reporting,measurement,true
C3-APPLICATION-WORKLOADS,jellyfish-plonk-credential-final-v1,ef2b7370acbd2d0f7e2071ea52bd1ac2816b684f,37d8bcf5baae44a2ce2009bc7f8f2056240d121adbfcdd4d9de0ed16565bc4fd,credential,jellyfish-turboplonk-0.8.0-bn254-kzg,age8-x5r5,"{""age_bits"":8,""hash_rounds"":5}",serialize,16,4,wrong_public_input,true,10,0.004714,0.001176,0.004222,0.006602,0.003436,0.007134,,,,,,,,not-applicable,,,,,,,,,,,,,,,,,,measured,final-candidate evidence; validate bundle before paper reporting,measurement,true
C3-APPLICATION-WORKLOADS,jellyfish-plonk-credential-final-v1,ef2b7370acbd2d0f7e2071ea52bd1ac2816b684f,37d8bcf5baae44a2ce2009bc7f8f2056240d121adbfcdd4d9de0ed16565bc4fd,credential,jellyfish-turboplonk-0.8.0-bn254-kzg,age8-x5r5,"{""age_bits"":8,""hash_rounds"":5}",serialize,16,8,,true,10,0.004475,0.000583,0.004429,0.005336,0.003647,0.005750,,,,,,,,not-applicable,,,,,,,,,,,,,,,,,,measured,final-candidate evidence; validate bundle before paper reporting,measurement,true
C3-APPLICATION-WORKLOADS,jellyfish-plonk-credential-final-v1,ef2b7370acbd2d0f7e2071ea52bd1ac2816b684f,37d8bcf5baae44a2ce2009bc7f8f2056240d121adbfcdd4d9de0ed16565bc4fd,credential,jellyfish-turboplonk-0.8.0-bn254-kzg,age8-x5r5,"{""age_bits"":8,""hash_rounds"":5}",setup_or_preprocess,2,1,,true,10,49.826017,1.030228,49.803670,51.531255,48.558976,51.723374,,,,,,,,not-applicable,,,,,,,,,,,,,,,,,,measured,final-candidate evidence; validate bundle before paper reporting,measurement,true
C3-APPLICATION-WORKLOADS,jellyfish-plonk-credential-final-v1,ef2b7370acbd2d0f7e2071ea52bd1ac2816b684f,37d8bcf5baae44a2ce2009bc7f8f2056240d121adbfcdd4d9de0ed16565bc4fd,credential,jellyfish-turboplonk-0.8.0-bn254-kzg,age8-x5r5,"{""age_bits"":8,""hash_rounds"":5}",setup_or_preprocess,2,1,wrong_public_input,true,10,49.961741,0.763444,49.949779,51.044923,48.712130,51.393511,,,,,,,,not-applicable,,,,,,,,,,,,,,,,,,measured,final-candidate evidence; validate bundle before paper reporting,measurement,true
C3-APPLICATION-WORKLOADS,jellyfish-plonk-credential-final-v1,ef2b7370acbd2d0f7e2071ea52bd1ac2816b684f,37d8bcf5baae44a2ce2009bc7f8f2056240d121adbfcdd4d9de0ed16565bc4fd,credential,jellyfish-turboplonk-0.8.0-bn254-kzg,age8-x5r5,"{""age_bits"":8,""hash_rounds"":5}",setup_or_preprocess,2,2,,true,10,28.608956,1.486841,28.104547,31.173150,27.425086,32.302014,,,,,,,,not-applicable,,,,,,,,,,,,,,,,,,measured,final-candidate evidence; validate bundle before paper reporting,measurement,true
C3-APPLICATION-WORKLOADS,jellyfish-plonk-credential-final-v1,ef2b7370acbd2d0f7e2071ea52bd1ac2816b684f,37d8bcf5baae44a2ce2009bc7f8f2056240d121adbfcdd4d9de0ed16565bc4fd,credential,jellyfish-turboplonk-0.8.0-bn254-kzg,age8-x5r5,"{""age_bits"":8,""hash_rounds"":5}",setup_or_preprocess,2,4,,true,10,18.120602,0.608500,18.045053,18.893725,17.007879,18.931667,,,,,,,,not-applicable,,,,,,,,,,,,,,,,,,measured,final-candidate evidence; validate bundle before paper reporting,measurement,true
C3-APPLICATION-WORKLOADS,jellyfish-plonk-credential-final-v1,ef2b7370acbd2d0f7e2071ea52bd1ac2816b684f,37d8bcf5baae44a2ce2009bc7f8f2056240d121adbfcdd4d9de0ed16565bc4fd,credential,jellyfish-turboplonk-0.8.0-bn254-kzg,age8-x5r5,"{""age_bits"":8,""hash_rounds"":5}",setup_or_preprocess,2,4,wrong_public_input,true,10,17.965822,0.448987,17.797999,18.640477,17.440273,18.886763,,,,,,,,not-applicable,,,,,,,,,,,,,,,,,,measured,final-candidate evidence; validate bundle before paper reporting,measurement,true
C3-APPLICATION-WORKLOADS,jellyfish-plonk-credential-final-v1,ef2b7370acbd2d0f7e2071ea52bd1ac2816b684f,37d8bcf5baae44a2ce2009bc7f8f2056240d121adbfcdd4d9de0ed16565bc4fd,credential,jellyfish-turboplonk-0.8.0-bn254-kzg,age8-x5r5,"{""age_bits"":8,""hash_rounds"":5}",setup_or_preprocess,2,8,,true,10,18.576649,1.170794,18.396154,20.342159,16.972570,21.137667,,,,,,,,not-applicable,,,,,,,,,,,,,,,,,,measured,final-candidate evidence; validate bundle before paper reporting,measurement,true
C3-APPLICATION-WORKLOADS,jellyfish-plonk-credential-final-v1,ef2b7370acbd2d0f7e2071ea52bd1ac2816b684f,37d8bcf5baae44a2ce2009bc7f8f2056240d121adbfcdd4d9de0ed16565bc4fd,credential,jellyfish-turboplonk-0.8.0-bn254-kzg,age8-x5r5,"{""age_bits"":8,""hash_rounds"":5}",setup_or_preprocess,4,1,,true,10,83.743572,1.978284,83.535704,86.474091,79.807582,86.850563,,,,,,,,not-applicable,,,,,,,,,,,,,,,,,,measured,final-candidate evidence; validate bundle before paper reporting,measurement,true
C3-APPLICATION-WORKLOADS,jellyfish-plonk-credential-final-v1,ef2b7370acbd2d0f7e2071ea52bd1ac2816b684f,37d8bcf5baae44a2ce2009bc7f8f2056240d121adbfcdd4d9de0ed16565bc4fd,credential,jellyfish-turboplonk-0.8.0-bn254-kzg,age8-x5r5,"{""age_bits"":8,""hash_rounds"":5}",setup_or_preprocess,4,2,,true,10,45.540295,1.131858,45.105528,47.412482,44.397082,48.169690,,,,,,,,not-applicable,,,,,,,,,,,,,,,,,,measured,final-candidate evidence; validate bundle before paper reporting,measurement,true
C3-APPLICATION-WORKLOADS,jellyfish-plonk-credential-final-v1,ef2b7370acbd2d0f7e2071ea52bd1ac2816b684f,37d8bcf5baae44a2ce2009bc7f8f2056240d121adbfcdd4d9de0ed16565bc4fd,credential,jellyfish-turboplonk-0.8.0-bn254-kzg,age8-x5r5,"{""age_bits"":8,""hash_rounds"":5}",setup_or_preprocess,4,4,,true,10,28.271078,1.000666,28.361939,29.617251,26.572700,29.909301,,,,,,,,not-applicable,,,,,,,,,,,,,,,,,,measured,final-candidate evidence; validate bundle before paper reporting,measurement,true
C3-APPLICATION-WORKLOADS,jellyfish-plonk-credential-final-v1,ef2b7370acbd2d0f7e2071ea52bd1ac2816b684f,37d8bcf5baae44a2ce2009bc7f8f2056240d121adbfcdd4d9de0ed16565bc4fd,credential,jellyfish-turboplonk-0.8.0-bn254-kzg,age8-x5r5,"{""age_bits"":8,""hash_rounds"":5}",setup_or_preprocess,4,8,,true,10,24.404706,1.509799,24.384618,26.229263,21.631953,26.665145,,,,,,,,not-applicable,,,,,,,,,,,,,,,,,,measured,final-candidate evidence; validate bundle before paper reporting,measurement,true
C3-APPLICATION-WORKLOADS,jellyfish-plonk-credential-final-v1,ef2b7370acbd2d0f7e2071ea52bd1ac2816b684f,37d8bcf5baae44a2ce2009bc7f8f2056240d121adbfcdd4d9de0ed16565bc4fd,credential,jellyfish-turboplonk-0.8.0-bn254-kzg,age8-x5r5,"{""age_bits"":8,""hash_rounds"":5}",setup_or_preprocess,8,1,,true,10,140.610392,1.620227,140.325676,143.291243,138.584698,144.344940,,,,,,,,not-applicable,,,,,,,,,,,,,,,,,,measured,final-candidate evidence; validate bundle before paper reporting,measurement,true
C3-APPLICATION-WORKLOADS,jellyfish-plonk-credential-final-v1,ef2b7370acbd2d0f7e2071ea52bd1ac2816b684f,37d8bcf5baae44a2ce2009bc7f8f2056240d121adbfcdd4d9de0ed16565bc4fd,credential,jellyfish-turboplonk-0.8.0-bn254-kzg,age8-x5r5,"{""age_bits"":8,""hash_rounds"":5}",setup_or_preprocess,8,1,wrong_public_input,true,10,139.797201,2.587194,139.363833,144.047540,136.764752,146.021599,,,,,,,,not-applicable,,,,,,,,,,,,,,,,,,measured,final-candidate evidence; validate bundle before paper reporting,measurement,true
C3-APPLICATION-WORKLOADS,jellyfish-plonk-credential-final-v1,ef2b7370acbd2d0f7e2071ea52bd1ac2816b684f,37d8bcf5baae44a2ce2009bc7f8f2056240d121adbfcdd4d9de0ed16565bc4fd,credential,jellyfish-turboplonk-0.8.0-bn254-kzg,age8-x5r5,"{""age_bits"":8,""hash_rounds"":5}",setup_or_preprocess,8,2,,true,10,75.840038,1.068400,75.626143,77.407491,74.382924,77.804677,,,,,,,,not-applicable,,,,,,,,,,,,,,,,,,measured,final-candidate evidence; validate bundle before paper reporting,measurement,true
C3-APPLICATION-WORKLOADS,jellyfish-plonk-credential-final-v1,ef2b7370acbd2d0f7e2071ea52bd1ac2816b684f,37d8bcf5baae44a2ce2009bc7f8f2056240d121adbfcdd4d9de0ed16565bc4fd,credential,jellyfish-turboplonk-0.8.0-bn254-kzg,age8-x5r5,"{""age_bits"":8,""hash_rounds"":5}",setup_or_preprocess,8,4,,true,10,43.936745,1.536757,43.429572,46.436925,42.228516,46.801414,,,,,,,,not-applicable,,,,,,,,,,,,,,,,,,measured,final-candidate evidence; validate bundle before paper reporting,measurement,true
C3-APPLICATION-WORKLOADS,jellyfish-plonk-credential-final-v1,ef2b7370acbd2d0f7e2071ea52bd1ac2816b684f,37d8bcf5baae44a2ce2009bc7f8f2056240d121adbfcdd4d9de0ed16565bc4fd,credential,jellyfish-turboplonk-0.8.0-bn254-kzg,age8-x5r5,"{""age_bits"":8,""hash_rounds"":5}",setup_or_preprocess,8,4,wrong_public_input,true,10,44.142420,2.154915,43.219340,48.187901,42.732372,48.713095,,,,,,,,not-applicable,,,,,,,,,,,,,,,,,,measured,final-candidate evidence; validate bundle before paper reporting,measurement,true
C3-APPLICATION-WORKLOADS,jellyfish-plonk-credential-final-v1,ef2b7370acbd2d0f7e2071ea52bd1ac2816b684f,37d8bcf5baae44a2ce2009bc7f8f2056240d121adbfcdd4d9de0ed16565bc4fd,credential,jellyfish-turboplonk-0.8.0-bn254-kzg,age8-x5r5,"{""age_bits"":8,""hash_rounds"":5}",setup_or_preprocess,8,8,,true,10,33.862340,2.336754,32.930616,38.100747,31.959666,38.932653,,,,,,,,not-applicable,,,,,,,,,,,,,,,,,,measured,final-candidate evidence; validate bundle before paper reporting,measurement,true
C3-APPLICATION-WORKLOADS,jellyfish-plonk-credential-final-v1,ef2b7370acbd2d0f7e2071ea52bd1ac2816b684f,37d8bcf5baae44a2ce2009bc7f8f2056240d121adbfcdd4d9de0ed16565bc4fd,credential,jellyfish-turboplonk-0.8.0-bn254-kzg,age8-x5r5,"{""age_bits"":8,""hash_rounds"":5}",setup_or_preprocess,16,1,,true,10,250.039696,2.768477,250.568185,253.352199,245.102614,253.461516,,,,,,,,not-applicable,,,,,,,,,,,,,,,,,,measured,final-candidate evidence; validate bundle before paper reporting,measurement,true
C3-APPLICATION-WORKLOADS,jellyfish-plonk-credential-final-v1,ef2b7370acbd2d0f7e2071ea52bd1ac2816b684f,37d8bcf5baae44a2ce2009bc7f8f2056240d121adbfcdd4d9de0ed16565bc4fd,credential,jellyfish-turboplonk-0.8.0-bn254-kzg,age8-x5r5,"{""age_bits"":8,""hash_rounds"":5}",setup_or_preprocess,16,1,wrong_public_input,true,10,250.229525,4.357450,249.899013,256.868168,243.633213,258.746440,,,,,,,,not-applicable,,,,,,,,,,,,,,,,,,measured,final-candidate evidence; validate bundle before paper reporting,measurement,true
C3-APPLICATION-WORKLOADS,jellyfish-plonk-credential-final-v1,ef2b7370acbd2d0f7e2071ea52bd1ac2816b684f,37d8bcf5baae44a2ce2009bc7f8f2056240d121adbfcdd4d9de0ed16565bc4fd,credential,jellyfish-turboplonk-0.8.0-bn254-kzg,age8-x5r5,"{""age_bits"":8,""hash_rounds"":5}",setup_or_preprocess,16,2,,true,10,134.473378,5.077127,133.159430,142.325037,129.558474,148.246578,,,,,,,,not-applicable,,,,,,,,,,,,,,,,,,measured,final-candidate evidence; validate bundle before paper reporting,measurement,true
C3-APPLICATION-WORKLOADS,jellyfish-plonk-credential-final-v1,ef2b7370acbd2d0f7e2071ea52bd1ac2816b684f,37d8bcf5baae44a2ce2009bc7f8f2056240d121adbfcdd4d9de0ed16565bc4fd,credential,jellyfish-turboplonk-0.8.0-bn254-kzg,age8-x5r5,"{""age_bits"":8,""hash_rounds"":5}",setup_or_preprocess,16,4,,true,10,75.837273,3.471387,74.529573,82.094146,72.735124,82.928205,,,,,,,,not-applicable,,,,,,,,,,,,,,,,,,measured,final-candidate evidence; validate bundle before paper reporting,measurement,true
C3-APPLICATION-WORKLOADS,jellyfish-plonk-credential-final-v1,ef2b7370acbd2d0f7e2071ea52bd1ac2816b684f,37d8bcf5baae44a2ce2009bc7f8f2056240d121adbfcdd4d9de0ed16565bc4fd,credential,jellyfish-turboplonk-0.8.0-bn254-kzg,age8-x5r5,"{""age_bits"":8,""hash_rounds"":5}",setup_or_preprocess,16,4,wrong_public_input,true,10,76.577711,3.084449,75.881145,81.132758,72.409806,81.846036,,,,,,,,not-applicable,,,,,,,,,,,,,,,,,,measured,final-candidate evidence; validate bundle before paper reporting,measurement,true
C3-APPLICATION-WORKLOADS,jellyfish-plonk-credential-final-v1,ef2b7370acbd2d0f7e2071ea52bd1ac2816b684f,37d8bcf5baae44a2ce2009bc7f8f2056240d121adbfcdd4d9de0ed16565bc4fd,credential,jellyfish-turboplonk-0.8.0-bn254-kzg,age8-x5r5,"{""age_bits"":8,""hash_rounds"":5}",setup_or_preprocess,16,8,,true,10,51.519751,2.383445,51.845270,54.667300,47.886091,54.777649,,,,,,,,not-applicable,,,,,,,,,,,,,,,,,,measured,final-candidate evidence; validate bundle before paper reporting,measurement,true
C3-APPLICATION-WORKLOADS,jellyfish-plonk-credential-final-v1,ef2b7370acbd2d0f7e2071ea52bd1ac2816b684f,37d8bcf5baae44a2ce2009bc7f8f2056240d121adbfcdd4d9de0ed16565bc4fd,credential,jellyfish-turboplonk-0.8.0-bn254-kzg,age8-x5r5,"{""age_bits"":8,""hash_rounds"":5}",verify_core,2,1,,true,10,2.948983,0.174773,2.881492,3.214464,2.750537,3.276625,,,,,,,,not-applicable,,,,,,,,,,,,,,,,,,measured,final-candidate evidence; validate bundle before paper reporting,measurement,true
C3-APPLICATION-WORKLOADS,jellyfish-plonk-credential-final-v1,ef2b7370acbd2d0f7e2071ea52bd1ac2816b684f,37d8bcf5baae44a2ce2009bc7f8f2056240d121adbfcdd4d9de0ed16565bc4fd,credential,jellyfish-turboplonk-0.8.0-bn254-kzg,age8-x5r5,"{""age_bits"":8,""hash_rounds"":5}",verify_core,2,1,wrong_public_input,true,10,3.030623,0.285703,2.919002,3.494480,2.736693,3.594449,,,,,,,,not-applicable,,,,,,,,,,,,,,,,,,measured,final-candidate evidence; validate bundle before paper reporting,measurement,true
C3-APPLICATION-WORKLOADS,jellyfish-plonk-credential-final-v1,ef2b7370acbd2d0f7e2071ea52bd1ac2816b684f,37d8bcf5baae44a2ce2009bc7f8f2056240d121adbfcdd4d9de0ed16565bc4fd,credential,jellyfish-turboplonk-0.8.0-bn254-kzg,age8-x5r5,"{""age_bits"":8,""hash_rounds"":5}",verify_core,2,2,,true,10,3.009721,0.173763,2.971099,3.250121,2.760496,3.266788,,,,,,,,not-applicable,,,,,,,,,,,,,,,,,,measured,final-candidate evidence; validate bundle before paper reporting,measurement,true
C3-APPLICATION-WORKLOADS,jellyfish-plonk-credential-final-v1,ef2b7370acbd2d0f7e2071ea52bd1ac2816b684f,37d8bcf5baae44a2ce2009bc7f8f2056240d121adbfcdd4d9de0ed16565bc4fd,credential,jellyfish-turboplonk-0.8.0-bn254-kzg,age8-x5r5,"{""age_bits"":8,""hash_rounds"":5}",verify_core,2,4,,true,10,3.171182,0.163277,3.120040,3.430732,2.984484,3.485413,,,,,,,,not-applicable,,,,,,,,,,,,,,,,,,measured,final-candidate evidence; validate bundle before paper reporting,measurement,true
C3-APPLICATION-WORKLOADS,jellyfish-plonk-credential-final-v1,ef2b7370acbd2d0f7e2071ea52bd1ac2816b684f,37d8bcf5baae44a2ce2009bc7f8f2056240d121adbfcdd4d9de0ed16565bc4fd,credential,jellyfish-turboplonk-0.8.0-bn254-kzg,age8-x5r5,"{""age_bits"":8,""hash_rounds"":5}",verify_core,2,4,wrong_public_input,true,10,3.075605,0.150153,3.084681,3.289623,2.898774,3.341037,,,,,,,,not-applicable,,,,,,,,,,,,,,,,,,measured,final-candidate evidence; validate bundle before paper reporting,measurement,true
C3-APPLICATION-WORKLOADS,jellyfish-plonk-credential-final-v1,ef2b7370acbd2d0f7e2071ea52bd1ac2816b684f,37d8bcf5baae44a2ce2009bc7f8f2056240d121adbfcdd4d9de0ed16565bc4fd,credential,jellyfish-turboplonk-0.8.0-bn254-kzg,age8-x5r5,"{""age_bits"":8,""hash_rounds"":5}",verify_core,2,8,,true,10,4.199335,0.428313,4.135985,4.870986,3.586648,4.942447,,,,,,,,not-applicable,,,,,,,,,,,,,,,,,,measured,final-candidate evidence; validate bundle before paper reporting,measurement,true
C3-APPLICATION-WORKLOADS,jellyfish-plonk-credential-final-v1,ef2b7370acbd2d0f7e2071ea52bd1ac2816b684f,37d8bcf5baae44a2ce2009bc7f8f2056240d121adbfcdd4d9de0ed16565bc4fd,credential,jellyfish-turboplonk-0.8.0-bn254-kzg,age8-x5r5,"{""age_bits"":8,""hash_rounds"":5}",verify_core,4,1,,true,10,3.301008,0.278896,3.293894,3.652120,2.986918,3.681101,,,,,,,,not-applicable,,,,,,,,,,,,,,,,,,measured,final-candidate evidence; validate bundle before paper reporting,measurement,true
C3-APPLICATION-WORKLOADS,jellyfish-plonk-credential-final-v1,ef2b7370acbd2d0f7e2071ea52bd1ac2816b684f,37d8bcf5baae44a2ce2009bc7f8f2056240d121adbfcdd4d9de0ed16565bc4fd,credential,jellyfish-turboplonk-0.8.0-bn254-kzg,age8-x5r5,"{""age_bits"":8,""hash_rounds"":5}",verify_core,4,2,,true,10,2.877809,0.230210,2.896495,3.215092,2.610361,3.368819,,,,,,,,not-applicable,,,,,,,,,,,,,,,,,,measured,final-candidate evidence; validate bundle before paper reporting,measurement,true
C3-APPLICATION-WORKLOADS,jellyfish-plonk-credential-final-v1,ef2b7370acbd2d0f7e2071ea52bd1ac2816b684f,37d8bcf5baae44a2ce2009bc7f8f2056240d121adbfcdd4d9de0ed16565bc4fd,credential,jellyfish-turboplonk-0.8.0-bn254-kzg,age8-x5r5,"{""age_bits"":8,""hash_rounds"":5}",verify_core,4,4,,true,10,3.206094,0.172667,3.156654,3.475728,3.030259,3.548682,,,,,,,,not-applicable,,,,,,,,,,,,,,,,,,measured,final-candidate evidence; validate bundle before paper reporting,measurement,true
C3-APPLICATION-WORKLOADS,jellyfish-plonk-credential-final-v1,ef2b7370acbd2d0f7e2071ea52bd1ac2816b684f,37d8bcf5baae44a2ce2009bc7f8f2056240d121adbfcdd4d9de0ed16565bc4fd,credential,jellyfish-turboplonk-0.8.0-bn254-kzg,age8-x5r5,"{""age_bits"":8,""hash_rounds"":5}",verify_core,4,8,,true,10,4.044926,0.316476,4.020626,4.499399,3.397531,4.551490,,,,,,,,not-applicable,,,,,,,,,,,,,,,,,,measured,final-candidate evidence; validate bundle before paper reporting,measurement,true
C3-APPLICATION-WORKLOADS,jellyfish-plonk-credential-final-v1,ef2b7370acbd2d0f7e2071ea52bd1ac2816b684f,37d8bcf5baae44a2ce2009bc7f8f2056240d121adbfcdd4d9de0ed16565bc4fd,credential,jellyfish-turboplonk-0.8.0-bn254-kzg,age8-x5r5,"{""age_bits"":8,""hash_rounds"":5}",verify_core,8,1,,true,10,3.223995,0.270764,3.216044,3.615221,2.776616,3.760527,,,,,,,,not-applicable,,,,,,,,,,,,,,,,,,measured,final-candidate evidence; validate bundle before paper reporting,measurement,true
C3-APPLICATION-WORKLOADS,jellyfish-plonk-credential-final-v1,ef2b7370acbd2d0f7e2071ea52bd1ac2816b684f,37d8bcf5baae44a2ce2009bc7f8f2056240d121adbfcdd4d9de0ed16565bc4fd,credential,jellyfish-turboplonk-0.8.0-bn254-kzg,age8-x5r5,"{""age_bits"":8,""hash_rounds"":5}",verify_core,8,1,wrong_public_input,true,10,3.270471,0.298181,3.182526,3.726870,2.902692,3.835256,,,,,,,,not-applicable,,,,,,,,,,,,,,,,,,measured,final-candidate evidence; validate bundle before paper reporting,measurement,true
C3-APPLICATION-WORKLOADS,jellyfish-plonk-credential-final-v1,ef2b7370acbd2d0f7e2071ea52bd1ac2816b684f,37d8bcf5baae44a2ce2009bc7f8f2056240d121adbfcdd4d9de0ed16565bc4fd,credential,jellyfish-turboplonk-0.8.0-bn254-kzg,age8-x5r5,"{""age_bits"":8,""hash_rounds"":5}",verify_core,8,2,,true,10,3.021917,0.308904,2.966645,3.498545,2.694715,3.717247,,,,,,,,not-applicable,,,,,,,,,,,,,,,,,,measured,final-candidate evidence; validate bundle before paper reporting,measurement,true
C3-APPLICATION-WORKLOADS,jellyfish-plonk-credential-final-v1,ef2b7370acbd2d0f7e2071ea52bd1ac2816b684f,37d8bcf5baae44a2ce2009bc7f8f2056240d121adbfcdd4d9de0ed16565bc4fd,credential,jellyfish-turboplonk-0.8.0-bn254-kzg,age8-x5r5,"{""age_bits"":8,""hash_rounds"":5}",verify_core,8,4,,true,10,3.054356,0.252478,2.898679,3.454027,2.844597,3.589098,,,,,,,,not-applicable,,,,,,,,,,,,,,,,,,measured,final-candidate evidence; validate bundle before paper reporting,measurement,true
C3-APPLICATION-WORKLOADS,jellyfish-plonk-credential-final-v1,ef2b7370acbd2d0f7e2071ea52bd1ac2816b684f,37d8bcf5baae44a2ce2009bc7f8f2056240d121adbfcdd4d9de0ed16565bc4fd,credential,jellyfish-turboplonk-0.8.0-bn254-kzg,age8-x5r5,"{""age_bits"":8,""hash_rounds"":5}",verify_core,8,4,wrong_public_input,true,10,3.053163,0.159644,3.089094,3.246984,2.817042,3.264183,,,,,,,,not-applicable,,,,,,,,,,,,,,,,,,measured,final-candidate evidence; validate bundle before paper reporting,measurement,true
C3-APPLICATION-WORKLOADS,jellyfish-plonk-credential-final-v1,ef2b7370acbd2d0f7e2071ea52bd1ac2816b684f,37d8bcf5baae44a2ce2009bc7f8f2056240d121adbfcdd4d9de0ed16565bc4fd,credential,jellyfish-turboplonk-0.8.0-bn254-kzg,age8-x5r5,"{""age_bits"":8,""hash_rounds"":5}",verify_core,8,8,,true,10,4.011716,0.441740,3.891087,4.618807,3.456370,4.742225,,,,,,,,not-applicable,,,,,,,,,,,,,,,,,,measured,final-candidate evidence; validate bundle before paper reporting,measurement,true
C3-APPLICATION-WORKLOADS,jellyfish-plonk-credential-final-v1,ef2b7370acbd2d0f7e2071ea52bd1ac2816b684f,37d8bcf5baae44a2ce2009bc7f8f2056240d121adbfcdd4d9de0ed16565bc4fd,credential,jellyfish-turboplonk-0.8.0-bn254-kzg,age8-x5r5,"{""age_bits"":8,""hash_rounds"":5}",verify_core,16,1,,true,10,3.175607,0.198376,3.165530,3.482710,2.859281,3.567337,,,,,,,,not-applicable,,,,,,,,,,,,,,,,,,measured,final-candidate evidence; validate bundle before paper reporting,measurement,true
C3-APPLICATION-WORKLOADS,jellyfish-plonk-credential-final-v1,ef2b7370acbd2d0f7e2071ea52bd1ac2816b684f,37d8bcf5baae44a2ce2009bc7f8f2056240d121adbfcdd4d9de0ed16565bc4fd,credential,jellyfish-turboplonk-0.8.0-bn254-kzg,age8-x5r5,"{""age_bits"":8,""hash_rounds"":5}",verify_core,16,1,wrong_public_input,true,10,3.171553,0.296670,3.129344,3.571013,2.666361,3.625185,,,,,,,,not-applicable,,,,,,,,,,,,,,,,,,measured,final-candidate evidence; validate bundle before paper reporting,measurement,true
C3-APPLICATION-WORKLOADS,jellyfish-plonk-credential-final-v1,ef2b7370acbd2d0f7e2071ea52bd1ac2816b684f,37d8bcf5baae44a2ce2009bc7f8f2056240d121adbfcdd4d9de0ed16565bc4fd,credential,jellyfish-turboplonk-0.8.0-bn254-kzg,age8-x5r5,"{""age_bits"":8,""hash_rounds"":5}",verify_core,16,2,,true,10,3.011449,0.199214,3.033908,3.231205,2.728598,3.250208,,,,,,,,not-applicable,,,,,,,,,,,,,,,,,,measured,final-candidate evidence; validate bundle before paper reporting,measurement,true
C3-APPLICATION-WORKLOADS,jellyfish-plonk-credential-final-v1,ef2b7370acbd2d0f7e2071ea52bd1ac2816b684f,37d8bcf5baae44a2ce2009bc7f8f2056240d121adbfcdd4d9de0ed16565bc4fd,credential,jellyfish-turboplonk-0.8.0-bn254-kzg,age8-x5r5,"{""age_bits"":8,""hash_rounds"":5}",verify_core,16,4,,true,10,3.094820,0.229693,3.079713,3.443994,2.816842,3.463541,,,,,,,,not-applicable,,,,,,,,,,,,,,,,,,measured,final-candidate evidence; validate bundle before paper reporting,measurement,true
C3-APPLICATION-WORKLOADS,jellyfish-plonk-credential-final-v1,ef2b7370acbd2d0f7e2071ea52bd1ac2816b684f,37d8bcf5baae44a2ce2009bc7f8f2056240d121adbfcdd4d9de0ed16565bc4fd,credential,jellyfish-turboplonk-0.8.0-bn254-kzg,age8-x5r5,"{""age_bits"":8,""hash_rounds"":5}",verify_core,16,4,wrong_public_input,true,10,3.288603,0.284493,3.317639,3.694745,2.779432,3.735920,,,,,,,,not-applicable,,,,,,,,,,,,,,,,,,measured,final-candidate evidence; validate bundle before paper reporting,measurement,true
C3-APPLICATION-WORKLOADS,jellyfish-plonk-credential-final-v1,ef2b7370acbd2d0f7e2071ea52bd1ac2816b684f,37d8bcf5baae44a2ce2009bc7f8f2056240d121adbfcdd4d9de0ed16565bc4fd,credential,jellyfish-turboplonk-0.8.0-bn254-kzg,age8-x5r5,"{""age_bits"":8,""hash_rounds"":5}",verify_core,16,8,,true,10,4.091785,0.381656,4.084785,4.602015,3.529318,4.660912,,,,,,,,not-applicable,,,,,,,,,,,,,,,,,,measured,final-candidate evidence; validate bundle before paper reporting,measurement,true
C3-APPLICATION-WORKLOADS,jellyfish-plonk-credential-final-v1,ef2b7370acbd2d0f7e2071ea52bd1ac2816b684f,37d8bcf5baae44a2ce2009bc7f8f2056240d121adbfcdd4d9de0ed16565bc4fd,credential,jellyfish-turboplonk-0.8.0-bn254-kzg,age8-x5r5,"{""age_bits"":8,""hash_rounds"":5}",verify_total,2,1,,true,10,3.238235,0.167703,3.175950,3.492246,3.068444,3.539976,,,,,,,,not-applicable,,,,,,,,,,,,,,,,,,measured,final-candidate evidence; validate bundle before paper reporting,measurement,true
C3-APPLICATION-WORKLOADS,jellyfish-plonk-credential-final-v1,ef2b7370acbd2d0f7e2071ea52bd1ac2816b684f,37d8bcf5baae44a2ce2009bc7f8f2056240d121adbfcdd4d9de0ed16565bc4fd,credential,jellyfish-turboplonk-0.8.0-bn254-kzg,age8-x5r5,"{""age_bits"":8,""hash_rounds"":5}",verify_total,2,1,wrong_public_input,true,10,3.319053,0.300352,3.210274,3.803441,3.000514,3.943373,,,,,,,,not-applicable,,,,,,,,,,,,,,,,,,measured,final-candidate evidence; validate bundle before paper reporting,measurement,true
C3-APPLICATION-WORKLOADS,jellyfish-plonk-credential-final-v1,ef2b7370acbd2d0f7e2071ea52bd1ac2816b684f,37d8bcf5baae44a2ce2009bc7f8f2056240d121adbfcdd4d9de0ed16565bc4fd,credential,jellyfish-turboplonk-0.8.0-bn254-kzg,age8-x5r5,"{""age_bits"":8,""hash_rounds"":5}",verify_total,2,2,,true,10,3.372647,0.191354,3.308441,3.602091,3.119804,3.606582,,,,,,,,not-applicable,,,,,,,,,,,,,,,,,,measured,final-candidate evidence; validate bundle before paper reporting,measurement,true
C3-APPLICATION-WORKLOADS,jellyfish-plonk-credential-final-v1,ef2b7370acbd2d0f7e2071ea52bd1ac2816b684f,37d8bcf5baae44a2ce2009bc7f8f2056240d121adbfcdd4d9de0ed16565bc4fd,credential,jellyfish-turboplonk-0.8.0-bn254-kzg,age8-x5r5,"{""age_bits"":8,""hash_rounds"":5}",verify_total,2,4,,true,10,4.039472,0.237901,3.950355,4.409233,3.735281,4.487587,,,,,,,,not-applicable,,,,,,,,,,,,,,,,,,measured,final-candidate evidence; validate bundle before paper reporting,measurement,true
C3-APPLICATION-WORKLOADS,jellyfish-plonk-credential-final-v1,ef2b7370acbd2d0f7e2071ea52bd1ac2816b684f,37d8bcf5baae44a2ce2009bc7f8f2056240d121adbfcdd4d9de0ed16565bc4fd,credential,jellyfish-turboplonk-0.8.0-bn254-kzg,age8-x5r5,"{""age_bits"":8,""hash_rounds"":5}",verify_total,2,4,wrong_public_input,true,10,3.939898,0.175021,3.946249,4.164292,3.693101,4.190648,,,,,,,,not-applicable,,,,,,,,,,,,,,,,,,measured,final-candidate evidence; validate bundle before paper reporting,measurement,true
C3-APPLICATION-WORKLOADS,jellyfish-plonk-credential-final-v1,ef2b7370acbd2d0f7e2071ea52bd1ac2816b684f,37d8bcf5baae44a2ce2009bc7f8f2056240d121adbfcdd4d9de0ed16565bc4fd,credential,jellyfish-turboplonk-0.8.0-bn254-kzg,age8-x5r5,"{""age_bits"":8,""hash_rounds"":5}",verify_total,2,8,,true,10,5.701646,0.523470,5.601644,6.533293,4.890850,6.539167,,,,,,,,not-applicable,,,,,,,,,,,,,,,,,,measured,final-candidate evidence; validate bundle before paper reporting,measurement,true
C3-APPLICATION-WORKLOADS,jellyfish-plonk-credential-final-v1,ef2b7370acbd2d0f7e2071ea52bd1ac2816b684f,37d8bcf5baae44a2ce2009bc7f8f2056240d121adbfcdd4d9de0ed16565bc4fd,credential,jellyfish-turboplonk-0.8.0-bn254-kzg,age8-x5r5,"{""age_bits"":8,""hash_rounds"":5}",verify_total,4,1,,true,10,3.617969,0.292862,3.588423,3.989673,3.193152,4.050413,,,,,,,,not-applicable,,,,,,,,,,,,,,,,,,measured,final-candidate evidence; validate bundle before paper reporting,measurement,true
C3-APPLICATION-WORKLOADS,jellyfish-plonk-credential-final-v1,ef2b7370acbd2d0f7e2071ea52bd1ac2816b684f,37d8bcf5baae44a2ce2009bc7f8f2056240d121adbfcdd4d9de0ed16565bc4fd,credential,jellyfish-turboplonk-0.8.0-bn254-kzg,age8-x5r5,"{""age_bits"":8,""hash_rounds"":5}",verify_total,4,2,,true,10,3.226182,0.219041,3.286090,3.534109,2.939830,3.686019,,,,,,,,not-applicable,,,,,,,,,,,,,,,,,,measured,final-candidate evidence; validate bundle before paper reporting,measurement,true
C3-APPLICATION-WORKLOADS,jellyfish-plonk-credential-final-v1,ef2b7370acbd2d0f7e2071ea52bd1ac2816b684f,37d8bcf5baae44a2ce2009bc7f8f2056240d121adbfcdd4d9de0ed16565bc4fd,credential,jellyfish-turboplonk-0.8.0-bn254-kzg,age8-x5r5,"{""age_bits"":8,""hash_rounds"":5}",verify_total,4,4,,true,10,4.093221,0.207401,4.031942,4.401738,3.829927,4.473002,,,,,,,,not-applicable,,,,,,,,,,,,,,,,,,measured,final-candidate evidence; validate bundle before paper reporting,measurement,true
C3-APPLICATION-WORKLOADS,jellyfish-plonk-credential-final-v1,ef2b7370acbd2d0f7e2071ea52bd1ac2816b684f,37d8bcf5baae44a2ce2009bc7f8f2056240d121adbfcdd4d9de0ed16565bc4fd,credential,jellyfish-turboplonk-0.8.0-bn254-kzg,age8-x5r5,"{""age_bits"":8,""hash_rounds"":5}",verify_total,4,8,,true,10,5.576917,0.379506,5.559696,6.055976,4.727401,6.066113,,,,,,,,not-applicable,,,,,,,,,,,,,,,,,,measured,final-candidate evidence; validate bundle before paper reporting,measurement,true
C3-APPLICATION-WORKLOADS,jellyfish-plonk-credential-final-v1,ef2b7370acbd2d0f7e2071ea52bd1ac2816b684f,37d8bcf5baae44a2ce2009bc7f8f2056240d121adbfcdd4d9de0ed16565bc4fd,credential,jellyfish-turboplonk-0.8.0-bn254-kzg,age8-x5r5,"{""age_bits"":8,""hash_rounds"":5}",verify_total,8,1,,true,10,3.511696,0.271859,3.480221,3.911275,3.076574,4.057961,,,,,,,,not-applicable,,,,,,,,,,,,,,,,,,measured,final-candidate evidence; validate bundle before paper reporting,measurement,true
C3-APPLICATION-WORKLOADS,jellyfish-plonk-credential-final-v1,ef2b7370acbd2d0f7e2071ea52bd1ac2816b684f,37d8bcf5baae44a2ce2009bc7f8f2056240d121adbfcdd4d9de0ed16565bc4fd,credential,jellyfish-turboplonk-0.8.0-bn254-kzg,age8-x5r5,"{""age_bits"":8,""hash_rounds"":5}",verify_total,8,1,wrong_public_input,true,10,3.558917,0.288343,3.449489,3.982770,3.181741,4.081856,,,,,,,,not-applicable,,,,,,,,,,,,,,,,,,measured,final-candidate evidence; validate bundle before paper reporting,measurement,true
C3-APPLICATION-WORKLOADS,jellyfish-plonk-credential-final-v1,ef2b7370acbd2d0f7e2071ea52bd1ac2816b684f,37d8bcf5baae44a2ce2009bc7f8f2056240d121adbfcdd4d9de0ed16565bc4fd,credential,jellyfish-turboplonk-0.8.0-bn254-kzg,age8-x5r5,"{""age_bits"":8,""hash_rounds"":5}",verify_total,8,2,,true,10,3.362207,0.315700,3.319491,3.867373,3.058251,4.090921,,,,,,,,not-applicable,,,,,,,,,,,,,,,,,,measured,final-candidate evidence; validate bundle before paper reporting,measurement,true
C3-APPLICATION-WORKLOADS,jellyfish-plonk-credential-final-v1,ef2b7370acbd2d0f7e2071ea52bd1ac2816b684f,37d8bcf5baae44a2ce2009bc7f8f2056240d121adbfcdd4d9de0ed16565bc4fd,credential,jellyfish-turboplonk-0.8.0-bn254-kzg,age8-x5r5,"{""age_bits"":8,""hash_rounds"":5}",verify_total,8,4,,true,10,3.992424,0.242478,3.927789,4.376738,3.711065,4.435613,,,,,,,,not-applicable,,,,,,,,,,,,,,,,,,measured,final-candidate evidence; validate bundle before paper reporting,measurement,true
C3-APPLICATION-WORKLOADS,jellyfish-plonk-credential-final-v1,ef2b7370acbd2d0f7e2071ea52bd1ac2816b684f,37d8bcf5baae44a2ce2009bc7f8f2056240d121adbfcdd4d9de0ed16565bc4fd,credential,jellyfish-turboplonk-0.8.0-bn254-kzg,age8-x5r5,"{""age_bits"":8,""hash_rounds"":5}",verify_total,8,4,wrong_public_input,true,10,3.929345,0.193548,3.920660,4.208615,3.634393,4.211937,,,,,,,,not-applicable,,,,,,,,,,,,,,,,,,measured,final-candidate evidence; validate bundle before paper reporting,measurement,true
C3-APPLICATION-WORKLOADS,jellyfish-plonk-credential-final-v1,ef2b7370acbd2d0f7e2071ea52bd1ac2816b684f,37d8bcf5baae44a2ce2009bc7f8f2056240d121adbfcdd4d9de0ed16565bc4fd,credential,jellyfish-turboplonk-0.8.0-bn254-kzg,age8-x5r5,"{""age_bits"":8,""hash_rounds"":5}",verify_total,8,8,,true,10,5.656210,0.528806,5.609410,6.316261,5.023638,6.379181,,,,,,,,not-applicable,,,,,,,,,,,,,,,,,,measured,final-candidate evidence; validate bundle before paper reporting,measurement,true
C3-APPLICATION-WORKLOADS,jellyfish-plonk-credential-final-v1,ef2b7370acbd2d0f7e2071ea52bd1ac2816b684f,37d8bcf5baae44a2ce2009bc7f8f2056240d121adbfcdd4d9de0ed16565bc4fd,credential,jellyfish-turboplonk-0.8.0-bn254-kzg,age8-x5r5,"{""age_bits"":8,""hash_rounds"":5}",verify_total,16,1,,true,10,3.480078,0.191627,3.463195,3.767968,3.220172,3.868789,,,,,,,,not-applicable,,,,,,,,,,,,,,,,,,measured,final-candidate evidence; validate bundle before paper reporting,measurement,true
C3-APPLICATION-WORKLOADS,jellyfish-plonk-credential-final-v1,ef2b7370acbd2d0f7e2071ea52bd1ac2816b684f,37d8bcf5baae44a2ce2009bc7f8f2056240d121adbfcdd4d9de0ed16565bc4fd,credential,jellyfish-turboplonk-0.8.0-bn254-kzg,age8-x5r5,"{""age_bits"":8,""hash_rounds"":5}",verify_total,16,1,wrong_public_input,true,10,3.476212,0.316016,3.450481,3.918123,2.999571,3.978512,,,,,,,,not-applicable,,,,,,,,,,,,,,,,,,measured,final-candidate evidence; validate bundle before paper reporting,measurement,true
C3-APPLICATION-WORKLOADS,jellyfish-plonk-credential-final-v1,ef2b7370acbd2d0f7e2071ea52bd1ac2816b684f,37d8bcf5baae44a2ce2009bc7f8f2056240d121adbfcdd4d9de0ed16565bc4fd,credential,jellyfish-turboplonk-0.8.0-bn254-kzg,age8-x5r5,"{""age_bits"":8,""hash_rounds"":5}",verify_total,16,2,,true,10,3.372218,0.206172,3.401435,3.608763,3.083618,3.635786,,,,,,,,not-applicable,,,,,,,,,,,,,,,,,,measured,final-candidate evidence; validate bundle before paper reporting,measurement,true
C3-APPLICATION-WORKLOADS,jellyfish-plonk-credential-final-v1,ef2b7370acbd2d0f7e2071ea52bd1ac2816b684f,37d8bcf5baae44a2ce2009bc7f8f2056240d121adbfcdd4d9de0ed16565bc4fd,credential,jellyfish-turboplonk-0.8.0-bn254-kzg,age8-x5r5,"{""age_bits"":8,""hash_rounds"":5}",verify_total,16,4,,true,10,4.058557,0.294231,3.986280,4.541199,3.739519,4.545759,,,,,,,,not-applicable,,,,,,,,,,,,,,,,,,measured,final-candidate evidence; validate bundle before paper reporting,measurement,true
C3-APPLICATION-WORKLOADS,jellyfish-plonk-credential-final-v1,ef2b7370acbd2d0f7e2071ea52bd1ac2816b684f,37d8bcf5baae44a2ce2009bc7f8f2056240d121adbfcdd4d9de0ed16565bc4fd,credential,jellyfish-turboplonk-0.8.0-bn254-kzg,age8-x5r5,"{""age_bits"":8,""hash_rounds"":5}",verify_total,16,4,wrong_public_input,true,10,4.249795,0.289927,4.224657,4.675902,3.784603,4.717627,,,,,,,,not-applicable,,,,,,,,,,,,,,,,,,measured,final-candidate evidence; validate bundle before paper reporting,measurement,true
C3-APPLICATION-WORKLOADS,jellyfish-plonk-credential-final-v1,ef2b7370acbd2d0f7e2071ea52bd1ac2816b684f,37d8bcf5baae44a2ce2009bc7f8f2056240d121adbfcdd4d9de0ed16565bc4fd,credential,jellyfish-turboplonk-0.8.0-bn254-kzg,age8-x5r5,"{""age_bits"":8,""hash_rounds"":5}",verify_total,16,8,,true,10,5.723957,0.407774,5.692708,6.253151,5.202932,6.263174,,,,,,,,not-applicable,,,,,,,,,,,,,,,,,,measured,final-candidate evidence; validate bundle before paper reporting,measurement,true
C3-APPLICATION-WORKLOADS,jellyfish-plonk-credential-final-v1,ef2b7370acbd2d0f7e2071ea52bd1ac2816b684f,37d8bcf5baae44a2ce2009bc7f8f2056240d121adbfcdd4d9de0ed16565bc4fd,credential,jellyfish-turboplonk-0.8.0-bn254-kzg,age8-x5r5,"{""age_bits"":8,""hash_rounds"":5}",witness,2,1,,true,10,1.268688,0.075551,1.285022,1.350863,1.159002,1.356745,,,,,,,,not-applicable,,,,,,,,,,,,,,,,,,measured,final-candidate evidence; validate bundle before paper reporting,measurement,true
C3-APPLICATION-WORKLOADS,jellyfish-plonk-credential-final-v1,ef2b7370acbd2d0f7e2071ea52bd1ac2816b684f,37d8bcf5baae44a2ce2009bc7f8f2056240d121adbfcdd4d9de0ed16565bc4fd,credential,jellyfish-turboplonk-0.8.0-bn254-kzg,age8-x5r5,"{""age_bits"":8,""hash_rounds"":5}",witness,2,1,wrong_public_input,true,10,1.256220,0.080638,1.235472,1.397221,1.162754,1.399775,,,,,,,,not-applicable,,,,,,,,,,,,,,,,,,measured,final-candidate evidence; validate bundle before paper reporting,measurement,true
C3-APPLICATION-WORKLOADS,jellyfish-plonk-credential-final-v1,ef2b7370acbd2d0f7e2071ea52bd1ac2816b684f,37d8bcf5baae44a2ce2009bc7f8f2056240d121adbfcdd4d9de0ed16565bc4fd,credential,jellyfish-turboplonk-0.8.0-bn254-kzg,age8-x5r5,"{""age_bits"":8,""hash_rounds"":5}",witness,2,2,,true,10,1.271177,0.133037,1.292139,1.468783,1.098524,1.525248,,,,,,,,not-applicable,,,,,,,,,,,,,,,,,,measured,final-candidate evidence; validate bundle before paper reporting,measurement,true
C3-APPLICATION-WORKLOADS,jellyfish-plonk-credential-final-v1,ef2b7370acbd2d0f7e2071ea52bd1ac2816b684f,37d8bcf5baae44a2ce2009bc7f8f2056240d121adbfcdd4d9de0ed16565bc4fd,credential,jellyfish-turboplonk-0.8.0-bn254-kzg,age8-x5r5,"{""age_bits"":8,""hash_rounds"":5}",witness,2,4,,true,10,1.316019,0.149278,1.324645,1.533111,1.105177,1.540807,,,,,,,,not-applicable,,,,,,,,,,,,,,,,,,measured,final-candidate evidence; validate bundle before paper reporting,measurement,true
C3-APPLICATION-WORKLOADS,jellyfish-plonk-credential-final-v1,ef2b7370acbd2d0f7e2071ea52bd1ac2816b684f,37d8bcf5baae44a2ce2009bc7f8f2056240d121adbfcdd4d9de0ed16565bc4fd,credential,jellyfish-turboplonk-0.8.0-bn254-kzg,age8-x5r5,"{""age_bits"":8,""hash_rounds"":5}",witness,2,4,wrong_public_input,true,10,1.316371,0.097984,1.300924,1.453559,1.155145,1.483260,,,,,,,,not-applicable,,,,,,,,,,,,,,,,,,measured,final-candidate evidence; validate bundle before paper reporting,measurement,true
C3-APPLICATION-WORKLOADS,jellyfish-plonk-credential-final-v1,ef2b7370acbd2d0f7e2071ea52bd1ac2816b684f,37d8bcf5baae44a2ce2009bc7f8f2056240d121adbfcdd4d9de0ed16565bc4fd,credential,jellyfish-turboplonk-0.8.0-bn254-kzg,age8-x5r5,"{""age_bits"":8,""hash_rounds"":5}",witness,2,8,,true,10,1.273803,0.073578,1.272795,1.363884,1.165209,1.388504,,,,,,,,not-applicable,,,,,,,,,,,,,,,,,,measured,final-candidate evidence; validate bundle before paper reporting,measurement,true
C3-APPLICATION-WORKLOADS,jellyfish-plonk-credential-final-v1,ef2b7370acbd2d0f7e2071ea52bd1ac2816b684f,37d8bcf5baae44a2ce2009bc7f8f2056240d121adbfcdd4d9de0ed16565bc4fd,credential,jellyfish-turboplonk-0.8.0-bn254-kzg,age8-x5r5,"{""age_bits"":8,""hash_rounds"":5}",witness,4,1,,true,10,1.633538,0.098275,1.634148,1.759048,1.478923,1.788213,,,,,,,,not-applicable,,,,,,,,,,,,,,,,,,measured,final-candidate evidence; validate bundle before paper reporting,measurement,true
C3-APPLICATION-WORKLOADS,jellyfish-plonk-credential-final-v1,ef2b7370acbd2d0f7e2071ea52bd1ac2816b684f,37d8bcf5baae44a2ce2009bc7f8f2056240d121adbfcdd4d9de0ed16565bc4fd,credential,jellyfish-turboplonk-0.8.0-bn254-kzg,age8-x5r5,"{""age_bits"":8,""hash_rounds"":5}",witness,4,2,,true,10,1.711364,0.094144,1.715413,1.829372,1.562818,1.873135,,,,,,,,not-applicable,,,,,,,,,,,,,,,,,,measured,final-candidate evidence; validate bundle before paper reporting,measurement,true
C3-APPLICATION-WORKLOADS,jellyfish-plonk-credential-final-v1,ef2b7370acbd2d0f7e2071ea52bd1ac2816b684f,37d8bcf5baae44a2ce2009bc7f8f2056240d121adbfcdd4d9de0ed16565bc4fd,credential,jellyfish-turboplonk-0.8.0-bn254-kzg,age8-x5r5,"{""age_bits"":8,""hash_rounds"":5}",witness,4,4,,true,10,1.637952,0.108992,1.617069,1.800709,1.474840,1.805580,,,,,,,,not-applicable,,,,,,,,,,,,,,,,,,measured,final-candidate evidence; validate bundle before paper reporting,measurement,true
C3-APPLICATION-WORKLOADS,jellyfish-plonk-credential-final-v1,ef2b7370acbd2d0f7e2071ea52bd1ac2816b684f,37d8bcf5baae44a2ce2009bc7f8f2056240d121adbfcdd4d9de0ed16565bc4fd,credential,jellyfish-turboplonk-0.8.0-bn254-kzg,age8-x5r5,"{""age_bits"":8,""hash_rounds"":5}",witness,4,8,,true,10,1.625020,0.089479,1.630218,1.762616,1.496014,1.789670,,,,,,,,not-applicable,,,,,,,,,,,,,,,,,,measured,final-candidate evidence; validate bundle before paper reporting,measurement,true
C3-APPLICATION-WORKLOADS,jellyfish-plonk-credential-final-v1,ef2b7370acbd2d0f7e2071ea52bd1ac2816b684f,37d8bcf5baae44a2ce2009bc7f8f2056240d121adbfcdd4d9de0ed16565bc4fd,credential,jellyfish-turboplonk-0.8.0-bn254-kzg,age8-x5r5,"{""age_bits"":8,""hash_rounds"":5}",witness,8,1,,true,10,2.411900,0.220946,2.336385,2.777855,2.160400,2.906644,,,,,,,,not-applicable,,,,,,,,,,,,,,,,,,measured,final-candidate evidence; validate bundle before paper reporting,measurement,true
C3-APPLICATION-WORKLOADS,jellyfish-plonk-credential-final-v1,ef2b7370acbd2d0f7e2071ea52bd1ac2816b684f,37d8bcf5baae44a2ce2009bc7f8f2056240d121adbfcdd4d9de0ed16565bc4fd,credential,jellyfish-turboplonk-0.8.0-bn254-kzg,age8-x5r5,"{""age_bits"":8,""hash_rounds"":5}",witness,8,1,wrong_public_input,true,10,2.367837,0.290865,2.254119,2.870492,2.006053,2.998861,,,,,,,,not-applicable,,,,,,,,,,,,,,,,,,measured,final-candidate evidence; validate bundle before paper reporting,measurement,true
C3-APPLICATION-WORKLOADS,jellyfish-plonk-credential-final-v1,ef2b7370acbd2d0f7e2071ea52bd1ac2816b684f,37d8bcf5baae44a2ce2009bc7f8f2056240d121adbfcdd4d9de0ed16565bc4fd,credential,jellyfish-turboplonk-0.8.0-bn254-kzg,age8-x5r5,"{""age_bits"":8,""hash_rounds"":5}",witness,8,2,,true,10,2.350701,0.133002,2.357061,2.537720,2.178954,2.610267,,,,,,,,not-applicable,,,,,,,,,,,,,,,,,,measured,final-candidate evidence; validate bundle before paper reporting,measurement,true
C3-APPLICATION-WORKLOADS,jellyfish-plonk-credential-final-v1,ef2b7370acbd2d0f7e2071ea52bd1ac2816b684f,37d8bcf5baae44a2ce2009bc7f8f2056240d121adbfcdd4d9de0ed16565bc4fd,credential,jellyfish-turboplonk-0.8.0-bn254-kzg,age8-x5r5,"{""age_bits"":8,""hash_rounds"":5}",witness,8,4,,true,10,2.401546,0.176154,2.434174,2.650423,2.174011,2.749064,,,,,,,,not-applicable,,,,,,,,,,,,,,,,,,measured,final-candidate evidence; validate bundle before paper reporting,measurement,true
C3-APPLICATION-WORKLOADS,jellyfish-plonk-credential-final-v1,ef2b7370acbd2d0f7e2071ea52bd1ac2816b684f,37d8bcf5baae44a2ce2009bc7f8f2056240d121adbfcdd4d9de0ed16565bc4fd,credential,jellyfish-turboplonk-0.8.0-bn254-kzg,age8-x5r5,"{""age_bits"":8,""hash_rounds"":5}",witness,8,4,wrong_public_input,true,10,2.434195,0.185569,2.414543,2.662501,2.165039,2.715262,,,,,,,,not-applicable,,,,,,,,,,,,,,,,,,measured,final-candidate evidence; validate bundle before paper reporting,measurement,true
C3-APPLICATION-WORKLOADS,jellyfish-plonk-credential-final-v1,ef2b7370acbd2d0f7e2071ea52bd1ac2816b684f,37d8bcf5baae44a2ce2009bc7f8f2056240d121adbfcdd4d9de0ed16565bc4fd,credential,jellyfish-turboplonk-0.8.0-bn254-kzg,age8-x5r5,"{""age_bits"":8,""hash_rounds"":5}",witness,8,8,,true,10,2.309363,0.136363,2.333056,2.462392,2.067177,2.487824,,,,,,,,not-applicable,,,,,,,,,,,,,,,,,,measured,final-candidate evidence; validate bundle before paper reporting,measurement,true
C3-APPLICATION-WORKLOADS,jellyfish-plonk-credential-final-v1,ef2b7370acbd2d0f7e2071ea52bd1ac2816b684f,37d8bcf5baae44a2ce2009bc7f8f2056240d121adbfcdd4d9de0ed16565bc4fd,credential,jellyfish-turboplonk-0.8.0-bn254-kzg,age8-x5r5,"{""age_bits"":8,""hash_rounds"":5}",witness,16,1,,true,10,3.715016,0.225570,3.666397,4.015485,3.438608,4.070158,,,,,,,,not-applicable,,,,,,,,,,,,,,,,,,measured,final-candidate evidence; validate bundle before paper reporting,measurement,true
C3-APPLICATION-WORKLOADS,jellyfish-plonk-credential-final-v1,ef2b7370acbd2d0f7e2071ea52bd1ac2816b684f,37d8bcf5baae44a2ce2009bc7f8f2056240d121adbfcdd4d9de0ed16565bc4fd,credential,jellyfish-turboplonk-0.8.0-bn254-kzg,age8-x5r5,"{""age_bits"":8,""hash_rounds"":5}",witness,16,1,wrong_public_input,true,10,3.918278,0.550304,3.813815,4.780930,3.473043,5.333375,,,,,,,,not-applicable,,,,,,,,,,,,,,,,,,measured,final-candidate evidence; validate bundle before paper reporting,measurement,true
C3-APPLICATION-WORKLOADS,jellyfish-plonk-credential-final-v1,ef2b7370acbd2d0f7e2071ea52bd1ac2816b684f,37d8bcf5baae44a2ce2009bc7f8f2056240d121adbfcdd4d9de0ed16565bc4fd,credential,jellyfish-turboplonk-0.8.0-bn254-kzg,age8-x5r5,"{""age_bits"":8,""hash_rounds"":5}",witness,16,2,,true,10,3.766337,0.252157,3.702193,4.208977,3.499371,4.270477,,,,,,,,not-applicable,,,,,,,,,,,,,,,,,,measured,final-candidate evidence; validate bundle before paper reporting,measurement,true
C3-APPLICATION-WORKLOADS,jellyfish-plonk-credential-final-v1,ef2b7370acbd2d0f7e2071ea52bd1ac2816b684f,37d8bcf5baae44a2ce2009bc7f8f2056240d121adbfcdd4d9de0ed16565bc4fd,credential,jellyfish-turboplonk-0.8.0-bn254-kzg,age8-x5r5,"{""age_bits"":8,""hash_rounds"":5}",witness,16,4,,true,10,3.663883,0.205912,3.558229,3.930929,3.416407,3.953856,,,,,,,,not-applicable,,,,,,,,,,,,,,,,,,measured,final-candidate evidence; validate bundle before paper reporting,measurement,true
C3-APPLICATION-WORKLOADS,jellyfish-plonk-credential-final-v1,ef2b7370acbd2d0f7e2071ea52bd1ac2816b684f,37d8bcf5baae44a2ce2009bc7f8f2056240d121adbfcdd4d9de0ed16565bc4fd,credential,jellyfish-turboplonk-0.8.0-bn254-kzg,age8-x5r5,"{""age_bits"":8,""hash_rounds"":5}",witness,16,4,wrong_public_input,true,10,3.584605,0.271640,3.545392,4.039298,3.317223,4.253466,,,,,,,,not-applicable,,,,,,,,,,,,,,,,,,measured,final-candidate evidence; validate bundle before paper reporting,measurement,true
C3-APPLICATION-WORKLOADS,jellyfish-plonk-credential-final-v1,ef2b7370acbd2d0f7e2071ea52bd1ac2816b684f,37d8bcf5baae44a2ce2009bc7f8f2056240d121adbfcdd4d9de0ed16565bc4fd,credential,jellyfish-turboplonk-0.8.0-bn254-kzg,age8-x5r5,"{""age_bits"":8,""hash_rounds"":5}",witness,16,8,,true,10,3.652498,0.213581,3.666904,3.982004,3.394687,3.985967,,,,,,,,not-applicable,,,,,,,,,,,,,,,,,,measured,final-candidate evidence; validate bundle before paper reporting,measurement,true
