claim_id,experiment_id,adapter_commit,config_hash,workload,variant,parameter_set,parameters_json,phase,input_scale,threads,invalid_proof_kind,supported,n,mean_latency_ms,stdev_latency_ms,p50_latency_ms,p95_latency_ms,min_latency_ms,max_latency_ms,median_cpu_time_ms,median_peak_rss_mb,median_page_faults,proof_bytes,native_relation_size,relation_unit,public_inputs,expected_outcomes,stdev_unavailable_reason,excluded_boundary_metrics,metric_unavailable_reason,speedup_vs_one_thread,speedup_ci_low,speedup_ci_high,parallel_efficiency,saturation_threads,scaling_coefficient_a,scaling_exponent_b,scaling_exponent_ci_low,scaling_exponent_ci_high,scaling_r_squared,evidence_class,result_scope,run_role,recorded
C2-CONTROLLED-SNARK,controlled-plonk-pilot-v1,32424b0fc88b4e18a624b23c2bba5de681d3e169,b51fa1bd9bd3db00079057822b5f305afd048981c6fdee344634f6bd7c48b6bb,controlled_kernel,jellyfish-turboplonk-0.8.0-bn254-kzg,default,{},adapter_process_wall,64,1,,true,3,122.584567,3.193080,121.414082,125.719355,120.141901,126.197719,60.000000,4.976562,444.000000,769,128,plonk_domain_rows,2,all-expected,,,"private commit and per-process swap I/O are unavailable; VmSwap reports allocation, not swap traffic; No documented hardware or OS energy counter is configured in WSL2",,,,,,,,,,,measured,controlled implementation pilot; not paper-final evidence,measurement,true
C2-CONTROLLED-SNARK,controlled-plonk-pilot-v1,32424b0fc88b4e18a624b23c2bba5de681d3e169,b51fa1bd9bd3db00079057822b5f305afd048981c6fdee344634f6bd7c48b6bb,controlled_kernel,jellyfish-turboplonk-0.8.0-bn254-kzg,default,{},adapter_process_wall,64,1,wrong_public_input,true,3,132.504067,14.833720,127.889710,146.975870,120.525938,149.096554,70.000000,4.894531,438.000000,769,128,plonk_domain_rows,2,all-expected,,,"Linux procfs read failed: [Errno 13] Permission denied: '/proc/833/io'; private commit and per-process swap I/O are unavailable; VmSwap reports allocation, not swap traffic; No documented hardware or OS energy counter is configured in WSL2; private commit and per-process swap I/O are unavailable; VmSwap reports allocation, not swap traffic; No documented hardware or OS energy counter is configured in WSL2",,,,,,,,,,,measured,controlled implementation pilot; not paper-final evidence,measurement,true
C2-CONTROLLED-SNARK,controlled-plonk-pilot-v1,32424b0fc88b4e18a624b23c2bba5de681d3e169,b51fa1bd9bd3db00079057822b5f305afd048981c6fdee344634f6bd7c48b6bb,controlled_kernel,jellyfish-turboplonk-0.8.0-bn254-kzg,default,{},adapter_process_wall,64,2,,true,3,101.378886,2.971414,100.703962,104.237132,98.802989,104.629707,80.000000,5.070312,460.000000,769,128,plonk_domain_rows,2,all-expected,,,"Linux procfs read failed: [Errno 13] Permission denied: '/proc/1412/io'; private commit and per-process swap I/O are unavailable; VmSwap reports allocation, not swap traffic; No documented hardware or OS energy counter is configured in WSL2; private commit and per-process swap I/O are unavailable; VmSwap reports allocation, not swap traffic; No documented hardware or OS energy counter is configured in WSL2",,,,,,,,,,,measured,controlled implementation pilot; not paper-final evidence,measurement,true
C2-CONTROLLED-SNARK,controlled-plonk-pilot-v1,32424b0fc88b4e18a624b23c2bba5de681d3e169,b51fa1bd9bd3db00079057822b5f305afd048981c6fdee344634f6bd7c48b6bb,controlled_kernel,jellyfish-turboplonk-0.8.0-bn254-kzg,default,{},adapter_process_wall,64,4,,true,3,100.535531,11.005307,97.757550,111.173041,91.185393,112.663651,100.000000,5.140625,521.000000,769,128,plonk_domain_rows,2,all-expected,,,"Linux procfs read failed: [Errno 13] Permission denied: '/proc/836/io'; private commit and per-process swap I/O are unavailable; VmSwap reports allocation, not swap traffic; No documented hardware or OS energy counter is configured in WSL2; private commit and per-process swap I/O are unavailable; VmSwap reports allocation, not swap traffic; No documented hardware or OS energy counter is configured in WSL2",,,,,,,,,,,measured,controlled implementation pilot; not paper-final evidence,measurement,true
C2-CONTROLLED-SNARK,controlled-plonk-pilot-v1,32424b0fc88b4e18a624b23c2bba5de681d3e169,b51fa1bd9bd3db00079057822b5f305afd048981c6fdee344634f6bd7c48b6bb,controlled_kernel,jellyfish-turboplonk-0.8.0-bn254-kzg,default,{},adapter_process_wall,64,4,wrong_public_input,true,3,104.439894,8.133007,107.732192,110.142753,95.176896,110.410593,110.000000,5.214844,518.000000,769,128,plonk_domain_rows,2,all-expected,,,"Linux procfs read failed: [Errno 13] Permission denied: '/proc/827/io'; private commit and per-process swap I/O are unavailable; VmSwap reports allocation, not swap traffic; No documented hardware or OS energy counter is configured in WSL2; private commit and per-process swap I/O are unavailable; VmSwap reports allocation, not swap traffic; No documented hardware or OS energy counter is configured in WSL2",,,,,,,,,,,measured,controlled implementation pilot; not paper-final evidence,measurement,true
C2-CONTROLLED-SNARK,controlled-plonk-pilot-v1,32424b0fc88b4e18a624b23c2bba5de681d3e169,b51fa1bd9bd3db00079057822b5f305afd048981c6fdee344634f6bd7c48b6bb,controlled_kernel,jellyfish-turboplonk-0.8.0-bn254-kzg,default,{},adapter_process_wall,64,8,,true,3,118.168875,8.888778,122.811554,123.678646,107.920081,123.774989,230.000000,5.589844,621.000000,769,128,plonk_domain_rows,2,all-expected,,,"private commit and per-process swap I/O are unavailable; VmSwap reports allocation, not swap traffic; No documented hardware or OS energy counter is configured in WSL2",,,,,,,,,,,measured,controlled implementation pilot; not paper-final evidence,measurement,true
C2-CONTROLLED-SNARK,controlled-plonk-pilot-v1,32424b0fc88b4e18a624b23c2bba5de681d3e169,b51fa1bd9bd3db00079057822b5f305afd048981c6fdee344634f6bd7c48b6bb,controlled_kernel,jellyfish-turboplonk-0.8.0-bn254-kzg,default,{},adapter_process_wall,64,8,wrong_public_input,true,3,130.808272,13.694266,124.452602,144.318233,121.446689,146.525525,230.000000,5.574219,623.000000,769,128,plonk_domain_rows,2,all-expected,,,"private commit and per-process swap I/O are unavailable; VmSwap reports allocation, not swap traffic; No documented hardware or OS energy counter is configured in WSL2",,,,,,,,,,,measured,controlled implementation pilot; not paper-final evidence,measurement,true
C2-CONTROLLED-SNARK,controlled-plonk-pilot-v1,32424b0fc88b4e18a624b23c2bba5de681d3e169,b51fa1bd9bd3db00079057822b5f305afd048981c6fdee344634f6bd7c48b6bb,controlled_kernel,jellyfish-turboplonk-0.8.0-bn254-kzg,default,{},adapter_process_wall,64,16,,true,3,205.511213,12.963535,208.545776,215.874041,191.299570,216.688293,720.000000,6.167969,777.000000,769,128,plonk_domain_rows,2,all-expected,,,"Linux procfs read failed: [Errno 13] Permission denied: '/proc/942/io'; private commit and per-process swap I/O are unavailable; VmSwap reports allocation, not swap traffic; No documented hardware or OS energy counter is configured in WSL2; Linux procfs read failed: [Errno 2] No such file or directory: '/proc/1416/status'; private commit and per-process swap I/O are unavailable; VmSwap reports allocation, not swap traffic; No documented hardware or OS energy counter is configured in WSL2; private commit and per-process swap I/O are unavailable; VmSwap reports allocation, not swap traffic; No documented hardware or OS energy counter is configured in WSL2",,,,,,,,,,,measured,controlled implementation pilot; not paper-final evidence,measurement,true
C2-CONTROLLED-SNARK,controlled-plonk-pilot-v1,32424b0fc88b4e18a624b23c2bba5de681d3e169,b51fa1bd9bd3db00079057822b5f305afd048981c6fdee344634f6bd7c48b6bb,controlled_kernel,jellyfish-turboplonk-0.8.0-bn254-kzg,default,{},adapter_process_wall,256,1,,true,3,242.061904,11.772962,237.131746,253.661767,233.555529,255.498436,170.000000,8.035156,2089.000000,769,512,plonk_domain_rows,2,all-expected,,,"private commit and per-process swap I/O are unavailable; VmSwap reports allocation, not swap traffic; No documented hardware or OS energy counter is configured in WSL2",,,,,,,,,,,measured,controlled implementation pilot; not paper-final evidence,measurement,true
C2-CONTROLLED-SNARK,controlled-plonk-pilot-v1,32424b0fc88b4e18a624b23c2bba5de681d3e169,b51fa1bd9bd3db00079057822b5f305afd048981c6fdee344634f6bd7c48b6bb,controlled_kernel,jellyfish-turboplonk-0.8.0-bn254-kzg,default,{},adapter_process_wall,256,2,,true,3,159.506755,9.882949,163.205299,166.626819,148.307977,167.006988,190.000000,8.179688,1991.000000,769,512,plonk_domain_rows,2,all-expected,,,"private commit and per-process swap I/O are unavailable; VmSwap reports allocation, not swap traffic; No documented hardware or OS energy counter is configured in WSL2",,,,,,,,,,,measured,controlled implementation pilot; not paper-final evidence,measurement,true
C2-CONTROLLED-SNARK,controlled-plonk-pilot-v1,32424b0fc88b4e18a624b23c2bba5de681d3e169,b51fa1bd9bd3db00079057822b5f305afd048981c6fdee344634f6bd7c48b6bb,controlled_kernel,jellyfish-turboplonk-0.8.0-bn254-kzg,default,{},adapter_process_wall,256,4,,true,3,146.692816,8.371881,142.352439,154.944479,141.382415,156.343595,250.000000,8.656250,1842.000000,769,512,plonk_domain_rows,2,all-expected,,,"Linux procfs read failed: [Errno 13] Permission denied: '/proc/809/io'; private commit and per-process swap I/O are unavailable; VmSwap reports allocation, not swap traffic; No documented hardware or OS energy counter is configured in WSL2; Linux procfs read failed: [Errno 13] Permission denied: '/proc/877/io'; private commit and per-process swap I/O are unavailable; VmSwap reports allocation, not swap traffic; No documented hardware or OS energy counter is configured in WSL2; private commit and per-process swap I/O are unavailable; VmSwap reports allocation, not swap traffic; No documented hardware or OS energy counter is configured in WSL2",,,,,,,,,,,measured,controlled implementation pilot; not paper-final evidence,measurement,true
C2-CONTROLLED-SNARK,controlled-plonk-pilot-v1,32424b0fc88b4e18a624b23c2bba5de681d3e169,b51fa1bd9bd3db00079057822b5f305afd048981c6fdee344634f6bd7c48b6bb,controlled_kernel,jellyfish-turboplonk-0.8.0-bn254-kzg,default,{},adapter_process_wall,256,8,,true,3,163.084987,4.874733,163.122052,167.459179,158.191827,167.941082,450.000000,9.378906,1827.000000,769,512,plonk_domain_rows,2,all-expected,,,"Linux procfs read failed: [Errno 13] Permission denied: '/proc/1098/io'; private commit and per-process swap I/O are unavailable; VmSwap reports allocation, not swap traffic; No documented hardware or OS energy counter is configured in WSL2; Linux procfs read failed: [Errno 13] Permission denied: '/proc/1270/io'; private commit and per-process swap I/O are unavailable; VmSwap reports allocation, not swap traffic; No documented hardware or OS energy counter is configured in WSL2; private commit and per-process swap I/O are unavailable; VmSwap reports allocation, not swap traffic; No documented hardware or OS energy counter is configured in WSL2",,,,,,,,,,,measured,controlled implementation pilot; not paper-final evidence,measurement,true
C2-CONTROLLED-SNARK,controlled-plonk-pilot-v1,32424b0fc88b4e18a624b23c2bba5de681d3e169,b51fa1bd9bd3db00079057822b5f305afd048981c6fdee344634f6bd7c48b6bb,controlled_kernel,jellyfish-turboplonk-0.8.0-bn254-kzg,default,{},adapter_process_wall,256,16,,true,3,275.136625,7.232694,273.532847,282.086222,268.840430,283.036597,1210.000000,10.351562,2118.000000,769,512,plonk_domain_rows,2,all-expected,,,"Linux procfs read failed: [Errno 13] Permission denied: '/proc/1238/io'; private commit and per-process swap I/O are unavailable; VmSwap reports allocation, not swap traffic; No documented hardware or OS energy counter is configured in WSL2; private commit and per-process swap I/O are unavailable; VmSwap reports allocation, not swap traffic; No documented hardware or OS energy counter is configured in WSL2",,,,,,,,,,,measured,controlled implementation pilot; not paper-final evidence,measurement,true
C2-CONTROLLED-SNARK,controlled-plonk-pilot-v1,32424b0fc88b4e18a624b23c2bba5de681d3e169,b51fa1bd9bd3db00079057822b5f305afd048981c6fdee344634f6bd7c48b6bb,controlled_kernel,jellyfish-turboplonk-0.8.0-bn254-kzg,default,{},adapter_process_wall,1024,1,,true,3,675.938495,17.098850,684.412768,686.871912,656.257567,687.145150,620.000000,20.847656,8871.000000,769,2048,plonk_domain_rows,2,all-expected,,,"Linux procfs read failed: [Errno 13] Permission denied: '/proc/1318/io'; private commit and per-process swap I/O are unavailable; VmSwap reports allocation, not swap traffic; No documented hardware or OS energy counter is configured in WSL2; private commit and per-process swap I/O are unavailable; VmSwap reports allocation, not swap traffic; No documented hardware or OS energy counter is configured in WSL2",,,,,,,,,,,measured,controlled implementation pilot; not paper-final evidence,measurement,true
C2-CONTROLLED-SNARK,controlled-plonk-pilot-v1,32424b0fc88b4e18a624b23c2bba5de681d3e169,b51fa1bd9bd3db00079057822b5f305afd048981c6fdee344634f6bd7c48b6bb,controlled_kernel,jellyfish-turboplonk-0.8.0-bn254-kzg,default,{},adapter_process_wall,1024,1,wrong_public_input,true,3,688.154274,54.683927,666.706029,741.950492,647.445806,750.310988,600.000000,20.875000,8871.000000,769,2048,plonk_domain_rows,2,all-expected,,,"Linux procfs read failed: [Errno 13] Permission denied: '/proc/1213/io'; private commit and per-process swap I/O are unavailable; VmSwap reports allocation, not swap traffic; No documented hardware or OS energy counter is configured in WSL2; Linux procfs read failed: [Errno 13] Permission denied: '/proc/1321/io'; private commit and per-process swap I/O are unavailable; VmSwap reports allocation, not swap traffic; No documented hardware or OS energy counter is configured in WSL2; private commit and per-process swap I/O are unavailable; VmSwap reports allocation, not swap traffic; No documented hardware or OS energy counter is configured in WSL2",,,,,,,,,,,measured,controlled implementation pilot; not paper-final evidence,measurement,true
C2-CONTROLLED-SNARK,controlled-plonk-pilot-v1,32424b0fc88b4e18a624b23c2bba5de681d3e169,b51fa1bd9bd3db00079057822b5f305afd048981c6fdee344634f6bd7c48b6bb,controlled_kernel,jellyfish-turboplonk-0.8.0-bn254-kzg,default,{},adapter_process_wall,1024,2,,true,3,399.545732,13.308921,404.718961,409.014069,384.426933,409.491303,650.000000,20.925781,8745.000000,769,2048,plonk_domain_rows,2,all-expected,,,"Linux procfs read failed: [Errno 13] Permission denied: '/proc/1136/io'; private commit and per-process swap I/O are unavailable; VmSwap reports allocation, not swap traffic; No documented hardware or OS energy counter is configured in WSL2; Linux procfs read failed: [Errno 13] Permission denied: '/proc/1266/io'; private commit and per-process swap I/O are unavailable; VmSwap reports allocation, not swap traffic; No documented hardware or OS energy counter is configured in WSL2; private commit and per-process swap I/O are unavailable; VmSwap reports allocation, not swap traffic; No documented hardware or OS energy counter is configured in WSL2",,,,,,,,,,,measured,controlled implementation pilot; not paper-final evidence,measurement,true
C2-CONTROLLED-SNARK,controlled-plonk-pilot-v1,32424b0fc88b4e18a624b23c2bba5de681d3e169,b51fa1bd9bd3db00079057822b5f305afd048981c6fdee344634f6bd7c48b6bb,controlled_kernel,jellyfish-turboplonk-0.8.0-bn254-kzg,default,{},adapter_process_wall,1024,4,,true,3,277.977760,12.374563,276.037458,289.690815,266.687966,291.207855,740.000000,22.308594,7312.000000,769,2048,plonk_domain_rows,2,all-expected,,,"Linux procfs read failed: [Errno 13] Permission denied: '/proc/1468/io'; private commit and per-process swap I/O are unavailable; VmSwap reports allocation, not swap traffic; No documented hardware or OS energy counter is configured in WSL2; private commit and per-process swap I/O are unavailable; VmSwap reports allocation, not swap traffic; No documented hardware or OS energy counter is configured in WSL2",,,,,,,,,,,measured,controlled implementation pilot; not paper-final evidence,measurement,true
C2-CONTROLLED-SNARK,controlled-plonk-pilot-v1,32424b0fc88b4e18a624b23c2bba5de681d3e169,b51fa1bd9bd3db00079057822b5f305afd048981c6fdee344634f6bd7c48b6bb,controlled_kernel,jellyfish-turboplonk-0.8.0-bn254-kzg,default,{},adapter_process_wall,1024,4,wrong_public_input,true,3,300.286444,8.585026,301.455280,307.549978,291.176884,308.227167,810.000000,21.828125,8024.000000,769,2048,plonk_domain_rows,2,all-expected,,,"Linux procfs read failed: [Errno 13] Permission denied: '/proc/1082/io'; private commit and per-process swap I/O are unavailable; VmSwap reports allocation, not swap traffic; No documented hardware or OS energy counter is configured in WSL2; Linux procfs read failed: [Errno 13] Permission denied: '/proc/1188/io'; private commit and per-process swap I/O are unavailable; VmSwap reports allocation, not swap traffic; No documented hardware or OS energy counter is configured in WSL2; private commit and per-process swap I/O are unavailable; VmSwap reports allocation, not swap traffic; No documented hardware or OS energy counter is configured in WSL2",,,,,,,,,,,measured,controlled implementation pilot; not paper-final evidence,measurement,true
C2-CONTROLLED-SNARK,controlled-plonk-pilot-v1,32424b0fc88b4e18a624b23c2bba5de681d3e169,b51fa1bd9bd3db00079057822b5f305afd048981c6fdee344634f6bd7c48b6bb,controlled_kernel,jellyfish-turboplonk-0.8.0-bn254-kzg,default,{},adapter_process_wall,1024,8,,true,3,285.348475,6.964000,284.987298,291.736162,278.572092,292.486036,1200.000000,25.957031,7088.000000,769,2048,plonk_domain_rows,2,all-expected,,,"Linux procfs read failed: [Errno 13] Permission denied: '/proc/914/io'; private commit and per-process swap I/O are unavailable; VmSwap reports allocation, not swap traffic; No documented hardware or OS energy counter is configured in WSL2; private commit and per-process swap I/O are unavailable; VmSwap reports allocation, not swap traffic; No documented hardware or OS energy counter is configured in WSL2",,,,,,,,,,,measured,controlled implementation pilot; not paper-final evidence,measurement,true
C2-CONTROLLED-SNARK,controlled-plonk-pilot-v1,32424b0fc88b4e18a624b23c2bba5de681d3e169,b51fa1bd9bd3db00079057822b5f305afd048981c6fdee344634f6bd7c48b6bb,controlled_kernel,jellyfish-turboplonk-0.8.0-bn254-kzg,default,{},adapter_process_wall,1024,8,wrong_public_input,true,3,289.016944,17.771453,281.116395,306.543523,276.565678,309.368760,1140.000000,25.605469,6979.000000,769,2048,plonk_domain_rows,2,all-expected,,,"Linux procfs read failed: [Errno 13] Permission denied: '/proc/1006/io'; private commit and per-process swap I/O are unavailable; VmSwap reports allocation, not swap traffic; No documented hardware or OS energy counter is configured in WSL2; Linux procfs read failed: [Errno 13] Permission denied: '/proc/1324/io'; private commit and per-process swap I/O are unavailable; VmSwap reports allocation, not swap traffic; No documented hardware or OS energy counter is configured in WSL2; private commit and per-process swap I/O are unavailable; VmSwap reports allocation, not swap traffic; No documented hardware or OS energy counter is configured in WSL2",,,,,,,,,,,measured,controlled implementation pilot; not paper-final evidence,measurement,true
C2-CONTROLLED-SNARK,controlled-plonk-pilot-v1,32424b0fc88b4e18a624b23c2bba5de681d3e169,b51fa1bd9bd3db00079057822b5f305afd048981c6fdee344634f6bd7c48b6bb,controlled_kernel,jellyfish-turboplonk-0.8.0-bn254-kzg,default,{},adapter_process_wall,1024,16,,true,3,401.478365,50.066415,419.442661,438.019978,344.908309,440.084124,2490.000000,27.062500,7417.000000,769,2048,plonk_domain_rows,2,all-expected,,,"Linux procfs read failed: [Errno 13] Permission denied: '/proc/1440/io'; private commit and per-process swap I/O are unavailable; VmSwap reports allocation, not swap traffic; No documented hardware or OS energy counter is configured in WSL2; Linux procfs read failed: [Errno 13] Permission denied: '/proc/924/io'; private commit and per-process swap I/O are unavailable; VmSwap reports allocation, not swap traffic; No documented hardware or OS energy counter is configured in WSL2; Linux procfs read failed: [Errno 13] Permission denied: '/proc/984/io'; private commit and per-process swap I/O are unavailable; VmSwap reports allocation, not swap traffic; No documented hardware or OS energy counter is configured in WSL2",,,,,,,,,,,measured,controlled implementation pilot; not paper-final evidence,measurement,true
C2-CONTROLLED-SNARK,controlled-plonk-pilot-v1,32424b0fc88b4e18a624b23c2bba5de681d3e169,b51fa1bd9bd3db00079057822b5f305afd048981c6fdee344634f6bd7c48b6bb,controlled_kernel,jellyfish-turboplonk-0.8.0-bn254-kzg,default,{},adapter_process_wall,4096,1,,true,3,2192.888475,41.733300,2172.568193,2234.057969,2165.207066,2240.890166,2110.000000,71.429688,34135.000000,769,8192,plonk_domain_rows,2,all-expected,,,"private commit and per-process swap I/O are unavailable; VmSwap reports allocation, not swap traffic; No documented hardware or OS energy counter is configured in WSL2",,,,,,,,,,,measured,controlled implementation pilot; not paper-final evidence,measurement,true
C2-CONTROLLED-SNARK,controlled-plonk-pilot-v1,32424b0fc88b4e18a624b23c2bba5de681d3e169,b51fa1bd9bd3db00079057822b5f305afd048981c6fdee344634f6bd7c48b6bb,controlled_kernel,jellyfish-turboplonk-0.8.0-bn254-kzg,default,{},adapter_process_wall,4096,1,wrong_public_input,true,3,2170.545555,30.821436,2183.550565,2191.814756,2135.353101,2192.733000,2110.000000,71.445312,34137.000000,769,8192,plonk_domain_rows,2,all-expected,,,"private commit and per-process swap I/O are unavailable; VmSwap reports allocation, not swap traffic; No documented hardware or OS energy counter is configured in WSL2",,,,,,,,,,,measured,controlled implementation pilot; not paper-final evidence,measurement,true
C2-CONTROLLED-SNARK,controlled-plonk-pilot-v1,32424b0fc88b4e18a624b23c2bba5de681d3e169,b51fa1bd9bd3db00079057822b5f305afd048981c6fdee344634f6bd7c48b6bb,controlled_kernel,jellyfish-turboplonk-0.8.0-bn254-kzg,default,{},adapter_process_wall,4096,2,,true,3,1272.917804,64.441893,1249.293425,1336.183436,1223.622104,1345.837882,2260.000000,72.984375,33208.000000,769,8192,plonk_domain_rows,2,all-expected,,,"Linux procfs read failed: [Errno 13] Permission denied: '/proc/1002/io'; private commit and per-process swap I/O are unavailable; VmSwap reports allocation, not swap traffic; No documented hardware or OS energy counter is configured in WSL2; private commit and per-process swap I/O are unavailable; VmSwap reports allocation, not swap traffic; No documented hardware or OS energy counter is configured in WSL2",,,,,,,,,,,measured,controlled implementation pilot; not paper-final evidence,measurement,true
C2-CONTROLLED-SNARK,controlled-plonk-pilot-v1,32424b0fc88b4e18a624b23c2bba5de681d3e169,b51fa1bd9bd3db00079057822b5f305afd048981c6fdee344634f6bd7c48b6bb,controlled_kernel,jellyfish-turboplonk-0.8.0-bn254-kzg,default,{},adapter_process_wall,4096,4,,true,3,803.809812,28.985525,806.471572,828.882542,773.585215,831.372650,2630.000000,77.617188,28919.000000,769,8192,plonk_domain_rows,2,all-expected,,,"private commit and per-process swap I/O are unavailable; VmSwap reports allocation, not swap traffic; No documented hardware or OS energy counter is configured in WSL2",,,,,,,,,,,measured,controlled implementation pilot; not paper-final evidence,measurement,true
C2-CONTROLLED-SNARK,controlled-plonk-pilot-v1,32424b0fc88b4e18a624b23c2bba5de681d3e169,b51fa1bd9bd3db00079057822b5f305afd048981c6fdee344634f6bd7c48b6bb,controlled_kernel,jellyfish-turboplonk-0.8.0-bn254-kzg,default,{},adapter_process_wall,4096,4,wrong_public_input,true,3,789.238031,3.798356,790.422678,792.114866,784.988527,792.302887,2590.000000,76.785156,30639.000000,769,8192,plonk_domain_rows,2,all-expected,,,"Linux procfs read failed: [Errno 13] Permission denied: '/proc/1400/io'; private commit and per-process swap I/O are unavailable; VmSwap reports allocation, not swap traffic; No documented hardware or OS energy counter is configured in WSL2; Linux procfs read failed: [Errno 13] Permission denied: '/proc/1434/io'; private commit and per-process swap I/O are unavailable; VmSwap reports allocation, not swap traffic; No documented hardware or OS energy counter is configured in WSL2; Linux procfs read failed: [Errno 13] Permission denied: '/proc/1462/io'; private commit and per-process swap I/O are unavailable; VmSwap reports allocation, not swap traffic; No documented hardware or OS energy counter is configured in WSL2",,,,,,,,,,,measured,controlled implementation pilot; not paper-final evidence,measurement,true
C2-CONTROLLED-SNARK,controlled-plonk-pilot-v1,32424b0fc88b4e18a624b23c2bba5de681d3e169,b51fa1bd9bd3db00079057822b5f305afd048981c6fdee344634f6bd7c48b6bb,controlled_kernel,jellyfish-turboplonk-0.8.0-bn254-kzg,default,{},adapter_process_wall,4096,8,,true,3,650.314681,25.413617,639.846713,675.345997,631.806969,679.290362,3530.000000,89.296875,25826.000000,769,8192,plonk_domain_rows,2,all-expected,,,"Linux procfs read failed: [Errno 13] Permission denied: '/proc/1108/io'; private commit and per-process swap I/O are unavailable; VmSwap reports allocation, not swap traffic; No documented hardware or OS energy counter is configured in WSL2; Linux procfs read failed: [Errno 13] Permission denied: '/proc/1284/io'; private commit and per-process swap I/O are unavailable; VmSwap reports allocation, not swap traffic; No documented hardware or OS energy counter is configured in WSL2; Linux procfs read failed: [Errno 13] Permission denied: '/proc/787/io'; private commit and per-process swap I/O are unavailable; VmSwap reports allocation, not swap traffic; No documented hardware or OS energy counter is configured in WSL2",,,,,,,,,,,measured,controlled implementation pilot; not paper-final evidence,measurement,true
C2-CONTROLLED-SNARK,controlled-plonk-pilot-v1,32424b0fc88b4e18a624b23c2bba5de681d3e169,b51fa1bd9bd3db00079057822b5f305afd048981c6fdee344634f6bd7c48b6bb,controlled_kernel,jellyfish-turboplonk-0.8.0-bn254-kzg,default,{},adapter_process_wall,4096,8,wrong_public_input,true,3,654.121709,6.844323,657.862304,658.238741,646.222256,658.280567,3520.000000,90.382812,25640.000000,769,8192,plonk_domain_rows,2,all-expected,,,"Linux procfs read failed: [Errno 13] Permission denied: '/proc/1072/io'; private commit and per-process swap I/O are unavailable; VmSwap reports allocation, not swap traffic; No documented hardware or OS energy counter is configured in WSL2; Linux procfs read failed: [Errno 13] Permission denied: '/proc/1341/io'; private commit and per-process swap I/O are unavailable; VmSwap reports allocation, not swap traffic; No documented hardware or OS energy counter is configured in WSL2; private commit and per-process swap I/O are unavailable; VmSwap reports allocation, not swap traffic; No documented hardware or OS energy counter is configured in WSL2",,,,,,,,,,,measured,controlled implementation pilot; not paper-final evidence,measurement,true
C2-CONTROLLED-SNARK,controlled-plonk-pilot-v1,32424b0fc88b4e18a624b23c2bba5de681d3e169,b51fa1bd9bd3db00079057822b5f305afd048981c6fdee344634f6bd7c48b6bb,controlled_kernel,jellyfish-turboplonk-0.8.0-bn254-kzg,default,{},adapter_process_wall,4096,16,,true,3,873.096805,52.471159,863.746881,923.027631,825.929152,929.614381,6760.000000,97.296875,27261.000000,769,8192,plonk_domain_rows,2,all-expected,,,"Linux procfs read failed: [Errno 13] Permission denied: '/proc/1035/io'; private commit and per-process swap I/O are unavailable; VmSwap reports allocation, not swap traffic; No documented hardware or OS energy counter is configured in WSL2; Linux procfs read failed: [Errno 13] Permission denied: '/proc/1376/io'; private commit and per-process swap I/O are unavailable; VmSwap reports allocation, not swap traffic; No documented hardware or OS energy counter is configured in WSL2; Linux procfs read failed: [Errno 13] Permission denied: '/proc/842/io'; private commit and per-process swap I/O are unavailable; VmSwap reports allocation, not swap traffic; No documented hardware or OS energy counter is configured in WSL2",,,,,,,,,,,measured,controlled implementation pilot; not paper-final evidence,measurement,true
C2-CONTROLLED-SNARK,controlled-plonk-pilot-v1,32424b0fc88b4e18a624b23c2bba5de681d3e169,b51fa1bd9bd3db00079057822b5f305afd048981c6fdee344634f6bd7c48b6bb,controlled_kernel,jellyfish-turboplonk-0.8.0-bn254-kzg,default,{},commitment,64,1,,false,,,,,,,,,,,,,,,not-applicable,,,Jellyfish exposes no stable per-proof hook for this phase,,,,,,,,,,,measured,controlled implementation pilot; not paper-final evidence,measurement,true
C2-CONTROLLED-SNARK,controlled-plonk-pilot-v1,32424b0fc88b4e18a624b23c2bba5de681d3e169,b51fa1bd9bd3db00079057822b5f305afd048981c6fdee344634f6bd7c48b6bb,controlled_kernel,jellyfish-turboplonk-0.8.0-bn254-kzg,default,{},commitment,64,1,wrong_public_input,false,,,,,,,,,,,,,,,not-applicable,,,Jellyfish exposes no stable per-proof hook for this phase,,,,,,,,,,,measured,controlled implementation pilot; not paper-final evidence,measurement,true
C2-CONTROLLED-SNARK,controlled-plonk-pilot-v1,32424b0fc88b4e18a624b23c2bba5de681d3e169,b51fa1bd9bd3db00079057822b5f305afd048981c6fdee344634f6bd7c48b6bb,controlled_kernel,jellyfish-turboplonk-0.8.0-bn254-kzg,default,{},commitment,64,2,,false,,,,,,,,,,,,,,,not-applicable,,,Jellyfish exposes no stable per-proof hook for this phase,,,,,,,,,,,measured,controlled implementation pilot; not paper-final evidence,measurement,true
C2-CONTROLLED-SNARK,controlled-plonk-pilot-v1,32424b0fc88b4e18a624b23c2bba5de681d3e169,b51fa1bd9bd3db00079057822b5f305afd048981c6fdee344634f6bd7c48b6bb,controlled_kernel,jellyfish-turboplonk-0.8.0-bn254-kzg,default,{},commitment,64,4,,false,,,,,,,,,,,,,,,not-applicable,,,Jellyfish exposes no stable per-proof hook for this phase,,,,,,,,,,,measured,controlled implementation pilot; not paper-final evidence,measurement,true
C2-CONTROLLED-SNARK,controlled-plonk-pilot-v1,32424b0fc88b4e18a624b23c2bba5de681d3e169,b51fa1bd9bd3db00079057822b5f305afd048981c6fdee344634f6bd7c48b6bb,controlled_kernel,jellyfish-turboplonk-0.8.0-bn254-kzg,default,{},commitment,64,4,wrong_public_input,false,,,,,,,,,,,,,,,not-applicable,,,Jellyfish exposes no stable per-proof hook for this phase,,,,,,,,,,,measured,controlled implementation pilot; not paper-final evidence,measurement,true
C2-CONTROLLED-SNARK,controlled-plonk-pilot-v1,32424b0fc88b4e18a624b23c2bba5de681d3e169,b51fa1bd9bd3db00079057822b5f305afd048981c6fdee344634f6bd7c48b6bb,controlled_kernel,jellyfish-turboplonk-0.8.0-bn254-kzg,default,{},commitment,64,8,,false,,,,,,,,,,,,,,,not-applicable,,,Jellyfish exposes no stable per-proof hook for this phase,,,,,,,,,,,measured,controlled implementation pilot; not paper-final evidence,measurement,true
C2-CONTROLLED-SNARK,controlled-plonk-pilot-v1,32424b0fc88b4e18a624b23c2bba5de681d3e169,b51fa1bd9bd3db00079057822b5f305afd048981c6fdee344634f6bd7c48b6bb,controlled_kernel,jellyfish-turboplonk-0.8.0-bn254-kzg,default,{},commitment,64,8,wrong_public_input,false,,,,,,,,,,,,,,,not-applicable,,,Jellyfish exposes no stable per-proof hook for this phase,,,,,,,,,,,measured,controlled implementation pilot; not paper-final evidence,measurement,true
C2-CONTROLLED-SNARK,controlled-plonk-pilot-v1,32424b0fc88b4e18a624b23c2bba5de681d3e169,b51fa1bd9bd3db00079057822b5f305afd048981c6fdee344634f6bd7c48b6bb,controlled_kernel,jellyfish-turboplonk-0.8.0-bn254-kzg,default,{},commitment,64,16,,false,,,,,,,,,,,,,,,not-applicable,,,Jellyfish exposes no stable per-proof hook for this phase,,,,,,,,,,,measured,controlled implementation pilot; not paper-final evidence,measurement,true
C2-CONTROLLED-SNARK,controlled-plonk-pilot-v1,32424b0fc88b4e18a624b23c2bba5de681d3e169,b51fa1bd9bd3db00079057822b5f305afd048981c6fdee344634f6bd7c48b6bb,controlled_kernel,jellyfish-turboplonk-0.8.0-bn254-kzg,default,{},commitment,256,1,,false,,,,,,,,,,,,,,,not-applicable,,,Jellyfish exposes no stable per-proof hook for this phase,,,,,,,,,,,measured,controlled implementation pilot; not paper-final evidence,measurement,true
C2-CONTROLLED-SNARK,controlled-plonk-pilot-v1,32424b0fc88b4e18a624b23c2bba5de681d3e169,b51fa1bd9bd3db00079057822b5f305afd048981c6fdee344634f6bd7c48b6bb,controlled_kernel,jellyfish-turboplonk-0.8.0-bn254-kzg,default,{},commitment,256,2,,false,,,,,,,,,,,,,,,not-applicable,,,Jellyfish exposes no stable per-proof hook for this phase,,,,,,,,,,,measured,controlled implementation pilot; not paper-final evidence,measurement,true
C2-CONTROLLED-SNARK,controlled-plonk-pilot-v1,32424b0fc88b4e18a624b23c2bba5de681d3e169,b51fa1bd9bd3db00079057822b5f305afd048981c6fdee344634f6bd7c48b6bb,controlled_kernel,jellyfish-turboplonk-0.8.0-bn254-kzg,default,{},commitment,256,4,,false,,,,,,,,,,,,,,,not-applicable,,,Jellyfish exposes no stable per-proof hook for this phase,,,,,,,,,,,measured,controlled implementation pilot; not paper-final evidence,measurement,true
C2-CONTROLLED-SNARK,controlled-plonk-pilot-v1,32424b0fc88b4e18a624b23c2bba5de681d3e169,b51fa1bd9bd3db00079057822b5f305afd048981c6fdee344634f6bd7c48b6bb,controlled_kernel,jellyfish-turboplonk-0.8.0-bn254-kzg,default,{},commitment,256,8,,false,,,,,,,,,,,,,,,not-applicable,,,Jellyfish exposes no stable per-proof hook for this phase,,,,,,,,,,,measured,controlled implementation pilot; not paper-final evidence,measurement,true
C2-CONTROLLED-SNARK,controlled-plonk-pilot-v1,32424b0fc88b4e18a624b23c2bba5de681d3e169,b51fa1bd9bd3db00079057822b5f305afd048981c6fdee344634f6bd7c48b6bb,controlled_kernel,jellyfish-turboplonk-0.8.0-bn254-kzg,default,{},commitment,256,16,,false,,,,,,,,,,,,,,,not-applicable,,,Jellyfish exposes no stable per-proof hook for this phase,,,,,,,,,,,measured,controlled implementation pilot; not paper-final evidence,measurement,true
C2-CONTROLLED-SNARK,controlled-plonk-pilot-v1,32424b0fc88b4e18a624b23c2bba5de681d3e169,b51fa1bd9bd3db00079057822b5f305afd048981c6fdee344634f6bd7c48b6bb,controlled_kernel,jellyfish-turboplonk-0.8.0-bn254-kzg,default,{},commitment,1024,1,,false,,,,,,,,,,,,,,,not-applicable,,,Jellyfish exposes no stable per-proof hook for this phase,,,,,,,,,,,measured,controlled implementation pilot; not paper-final evidence,measurement,true
C2-CONTROLLED-SNARK,controlled-plonk-pilot-v1,32424b0fc88b4e18a624b23c2bba5de681d3e169,b51fa1bd9bd3db00079057822b5f305afd048981c6fdee344634f6bd7c48b6bb,controlled_kernel,jellyfish-turboplonk-0.8.0-bn254-kzg,default,{},commitment,1024,1,wrong_public_input,false,,,,,,,,,,,,,,,not-applicable,,,Jellyfish exposes no stable per-proof hook for this phase,,,,,,,,,,,measured,controlled implementation pilot; not paper-final evidence,measurement,true
C2-CONTROLLED-SNARK,controlled-plonk-pilot-v1,32424b0fc88b4e18a624b23c2bba5de681d3e169,b51fa1bd9bd3db00079057822b5f305afd048981c6fdee344634f6bd7c48b6bb,controlled_kernel,jellyfish-turboplonk-0.8.0-bn254-kzg,default,{},commitment,1024,2,,false,,,,,,,,,,,,,,,not-applicable,,,Jellyfish exposes no stable per-proof hook for this phase,,,,,,,,,,,measured,controlled implementation pilot; not paper-final evidence,measurement,true
C2-CONTROLLED-SNARK,controlled-plonk-pilot-v1,32424b0fc88b4e18a624b23c2bba5de681d3e169,b51fa1bd9bd3db00079057822b5f305afd048981c6fdee344634f6bd7c48b6bb,controlled_kernel,jellyfish-turboplonk-0.8.0-bn254-kzg,default,{},commitment,1024,4,,false,,,,,,,,,,,,,,,not-applicable,,,Jellyfish exposes no stable per-proof hook for this phase,,,,,,,,,,,measured,controlled implementation pilot; not paper-final evidence,measurement,true
C2-CONTROLLED-SNARK,controlled-plonk-pilot-v1,32424b0fc88b4e18a624b23c2bba5de681d3e169,b51fa1bd9bd3db00079057822b5f305afd048981c6fdee344634f6bd7c48b6bb,controlled_kernel,jellyfish-turboplonk-0.8.0-bn254-kzg,default,{},commitment,1024,4,wrong_public_input,false,,,,,,,,,,,,,,,not-applicable,,,Jellyfish exposes no stable per-proof hook for this phase,,,,,,,,,,,measured,controlled implementation pilot; not paper-final evidence,measurement,true
C2-CONTROLLED-SNARK,controlled-plonk-pilot-v1,32424b0fc88b4e18a624b23c2bba5de681d3e169,b51fa1bd9bd3db00079057822b5f305afd048981c6fdee344634f6bd7c48b6bb,controlled_kernel,jellyfish-turboplonk-0.8.0-bn254-kzg,default,{},commitment,1024,8,,false,,,,,,,,,,,,,,,not-applicable,,,Jellyfish exposes no stable per-proof hook for this phase,,,,,,,,,,,measured,controlled implementation pilot; not paper-final evidence,measurement,true
C2-CONTROLLED-SNARK,controlled-plonk-pilot-v1,32424b0fc88b4e18a624b23c2bba5de681d3e169,b51fa1bd9bd3db00079057822b5f305afd048981c6fdee344634f6bd7c48b6bb,controlled_kernel,jellyfish-turboplonk-0.8.0-bn254-kzg,default,{},commitment,1024,8,wrong_public_input,false,,,,,,,,,,,,,,,not-applicable,,,Jellyfish exposes no stable per-proof hook for this phase,,,,,,,,,,,measured,controlled implementation pilot; not paper-final evidence,measurement,true
C2-CONTROLLED-SNARK,controlled-plonk-pilot-v1,32424b0fc88b4e18a624b23c2bba5de681d3e169,b51fa1bd9bd3db00079057822b5f305afd048981c6fdee344634f6bd7c48b6bb,controlled_kernel,jellyfish-turboplonk-0.8.0-bn254-kzg,default,{},commitment,1024,16,,false,,,,,,,,,,,,,,,not-applicable,,,Jellyfish exposes no stable per-proof hook for this phase,,,,,,,,,,,measured,controlled implementation pilot; not paper-final evidence,measurement,true
C2-CONTROLLED-SNARK,controlled-plonk-pilot-v1,32424b0fc88b4e18a624b23c2bba5de681d3e169,b51fa1bd9bd3db00079057822b5f305afd048981c6fdee344634f6bd7c48b6bb,controlled_kernel,jellyfish-turboplonk-0.8.0-bn254-kzg,default,{},commitment,4096,1,,false,,,,,,,,,,,,,,,not-applicable,,,Jellyfish exposes no stable per-proof hook for this phase,,,,,,,,,,,measured,controlled implementation pilot; not paper-final evidence,measurement,true
C2-CONTROLLED-SNARK,controlled-plonk-pilot-v1,32424b0fc88b4e18a624b23c2bba5de681d3e169,b51fa1bd9bd3db00079057822b5f305afd048981c6fdee344634f6bd7c48b6bb,controlled_kernel,jellyfish-turboplonk-0.8.0-bn254-kzg,default,{},commitment,4096,1,wrong_public_input,false,,,,,,,,,,,,,,,not-applicable,,,Jellyfish exposes no stable per-proof hook for this phase,,,,,,,,,,,measured,controlled implementation pilot; not paper-final evidence,measurement,true
C2-CONTROLLED-SNARK,controlled-plonk-pilot-v1,32424b0fc88b4e18a624b23c2bba5de681d3e169,b51fa1bd9bd3db00079057822b5f305afd048981c6fdee344634f6bd7c48b6bb,controlled_kernel,jellyfish-turboplonk-0.8.0-bn254-kzg,default,{},commitment,4096,2,,false,,,,,,,,,,,,,,,not-applicable,,,Jellyfish exposes no stable per-proof hook for this phase,,,,,,,,,,,measured,controlled implementation pilot; not paper-final evidence,measurement,true
C2-CONTROLLED-SNARK,controlled-plonk-pilot-v1,32424b0fc88b4e18a624b23c2bba5de681d3e169,b51fa1bd9bd3db00079057822b5f305afd048981c6fdee344634f6bd7c48b6bb,controlled_kernel,jellyfish-turboplonk-0.8.0-bn254-kzg,default,{},commitment,4096,4,,false,,,,,,,,,,,,,,,not-applicable,,,Jellyfish exposes no stable per-proof hook for this phase,,,,,,,,,,,measured,controlled implementation pilot; not paper-final evidence,measurement,true
C2-CONTROLLED-SNARK,controlled-plonk-pilot-v1,32424b0fc88b4e18a624b23c2bba5de681d3e169,b51fa1bd9bd3db00079057822b5f305afd048981c6fdee344634f6bd7c48b6bb,controlled_kernel,jellyfish-turboplonk-0.8.0-bn254-kzg,default,{},commitment,4096,4,wrong_public_input,false,,,,,,,,,,,,,,,not-applicable,,,Jellyfish exposes no stable per-proof hook for this phase,,,,,,,,,,,measured,controlled implementation pilot; not paper-final evidence,measurement,true
C2-CONTROLLED-SNARK,controlled-plonk-pilot-v1,32424b0fc88b4e18a624b23c2bba5de681d3e169,b51fa1bd9bd3db00079057822b5f305afd048981c6fdee344634f6bd7c48b6bb,controlled_kernel,jellyfish-turboplonk-0.8.0-bn254-kzg,default,{},commitment,4096,8,,false,,,,,,,,,,,,,,,not-applicable,,,Jellyfish exposes no stable per-proof hook for this phase,,,,,,,,,,,measured,controlled implementation pilot; not paper-final evidence,measurement,true
C2-CONTROLLED-SNARK,controlled-plonk-pilot-v1,32424b0fc88b4e18a624b23c2bba5de681d3e169,b51fa1bd9bd3db00079057822b5f305afd048981c6fdee344634f6bd7c48b6bb,controlled_kernel,jellyfish-turboplonk-0.8.0-bn254-kzg,default,{},commitment,4096,8,wrong_public_input,false,,,,,,,,,,,,,,,not-applicable,,,Jellyfish exposes no stable per-proof hook for this phase,,,,,,,,,,,measured,controlled implementation pilot; not paper-final evidence,measurement,true
C2-CONTROLLED-SNARK,controlled-plonk-pilot-v1,32424b0fc88b4e18a624b23c2bba5de681d3e169,b51fa1bd9bd3db00079057822b5f305afd048981c6fdee344634f6bd7c48b6bb,controlled_kernel,jellyfish-turboplonk-0.8.0-bn254-kzg,default,{},commitment,4096,16,,false,,,,,,,,,,,,,,,not-applicable,,,Jellyfish exposes no stable per-proof hook for this phase,,,,,,,,,,,measured,controlled implementation pilot; not paper-final evidence,measurement,true
C2-CONTROLLED-SNARK,controlled-plonk-pilot-v1,32424b0fc88b4e18a624b23c2bba5de681d3e169,b51fa1bd9bd3db00079057822b5f305afd048981c6fdee344634f6bd7c48b6bb,controlled_kernel,jellyfish-turboplonk-0.8.0-bn254-kzg,default,{},deserialize,64,1,,true,3,0.316165,0.065423,0.342712,0.361999,0.241642,0.364142,,,,,,,,not-applicable,,,,,,,,,,,,,,measured,controlled implementation pilot; not paper-final evidence,measurement,true
C2-CONTROLLED-SNARK,controlled-plonk-pilot-v1,32424b0fc88b4e18a624b23c2bba5de681d3e169,b51fa1bd9bd3db00079057822b5f305afd048981c6fdee344634f6bd7c48b6bb,controlled_kernel,jellyfish-turboplonk-0.8.0-bn254-kzg,default,{},deserialize,64,1,wrong_public_input,true,3,0.341530,0.048021,0.327583,0.388240,0.302026,0.394980,,,,,,,,not-applicable,,,,,,,,,,,,,,measured,controlled implementation pilot; not paper-final evidence,measurement,true
C2-CONTROLLED-SNARK,controlled-plonk-pilot-v1,32424b0fc88b4e18a624b23c2bba5de681d3e169,b51fa1bd9bd3db00079057822b5f305afd048981c6fdee344634f6bd7c48b6bb,controlled_kernel,jellyfish-turboplonk-0.8.0-bn254-kzg,default,{},deserialize,64,2,,true,3,0.350189,0.016492,0.344765,0.366315,0.337091,0.368710,,,,,,,,not-applicable,,,,,,,,,,,,,,measured,controlled implementation pilot; not paper-final evidence,measurement,true
C2-CONTROLLED-SNARK,controlled-plonk-pilot-v1,32424b0fc88b4e18a624b23c2bba5de681d3e169,b51fa1bd9bd3db00079057822b5f305afd048981c6fdee344634f6bd7c48b6bb,controlled_kernel,jellyfish-turboplonk-0.8.0-bn254-kzg,default,{},deserialize,64,4,,true,3,1.185813,0.065039,1.162446,1.249621,1.135685,1.259307,,,,,,,,not-applicable,,,,,,,,,,,,,,measured,controlled implementation pilot; not paper-final evidence,measurement,true
C2-CONTROLLED-SNARK,controlled-plonk-pilot-v1,32424b0fc88b4e18a624b23c2bba5de681d3e169,b51fa1bd9bd3db00079057822b5f305afd048981c6fdee344634f6bd7c48b6bb,controlled_kernel,jellyfish-turboplonk-0.8.0-bn254-kzg,default,{},deserialize,64,4,wrong_public_input,true,3,1.147725,0.033232,1.132019,1.180511,1.125257,1.185899,,,,,,,,not-applicable,,,,,,,,,,,,,,measured,controlled implementation pilot; not paper-final evidence,measurement,true
C2-CONTROLLED-SNARK,controlled-plonk-pilot-v1,32424b0fc88b4e18a624b23c2bba5de681d3e169,b51fa1bd9bd3db00079057822b5f305afd048981c6fdee344634f6bd7c48b6bb,controlled_kernel,jellyfish-turboplonk-0.8.0-bn254-kzg,default,{},deserialize,64,8,,true,3,1.870379,0.150441,1.947090,1.965010,1.697046,1.967001,,,,,,,,not-applicable,,,,,,,,,,,,,,measured,controlled implementation pilot; not paper-final evidence,measurement,true
C2-CONTROLLED-SNARK,controlled-plonk-pilot-v1,32424b0fc88b4e18a624b23c2bba5de681d3e169,b51fa1bd9bd3db00079057822b5f305afd048981c6fdee344634f6bd7c48b6bb,controlled_kernel,jellyfish-turboplonk-0.8.0-bn254-kzg,default,{},deserialize,64,8,wrong_public_input,true,3,2.019801,0.114434,2.035390,2.116617,1.898372,2.125642,,,,,,,,not-applicable,,,,,,,,,,,,,,measured,controlled implementation pilot; not paper-final evidence,measurement,true
C2-CONTROLLED-SNARK,controlled-plonk-pilot-v1,32424b0fc88b4e18a624b23c2bba5de681d3e169,b51fa1bd9bd3db00079057822b5f305afd048981c6fdee344634f6bd7c48b6bb,controlled_kernel,jellyfish-turboplonk-0.8.0-bn254-kzg,default,{},deserialize,64,16,,true,3,4.038239,0.178468,4.073094,4.184347,3.844915,4.196708,,,,,,,,not-applicable,,,,,,,,,,,,,,measured,controlled implementation pilot; not paper-final evidence,measurement,true
C2-CONTROLLED-SNARK,controlled-plonk-pilot-v1,32424b0fc88b4e18a624b23c2bba5de681d3e169,b51fa1bd9bd3db00079057822b5f305afd048981c6fdee344634f6bd7c48b6bb,controlled_kernel,jellyfish-turboplonk-0.8.0-bn254-kzg,default,{},deserialize,256,1,,true,3,0.340244,0.065232,0.360175,0.389885,0.267372,0.393186,,,,,,,,not-applicable,,,,,,,,,,,,,,measured,controlled implementation pilot; not paper-final evidence,measurement,true
C2-CONTROLLED-SNARK,controlled-plonk-pilot-v1,32424b0fc88b4e18a624b23c2bba5de681d3e169,b51fa1bd9bd3db00079057822b5f305afd048981c6fdee344634f6bd7c48b6bb,controlled_kernel,jellyfish-turboplonk-0.8.0-bn254-kzg,default,{},deserialize,256,2,,true,3,0.391627,0.044073,0.382806,0.433779,0.352631,0.439443,,,,,,,,not-applicable,,,,,,,,,,,,,,measured,controlled implementation pilot; not paper-final evidence,measurement,true
C2-CONTROLLED-SNARK,controlled-plonk-pilot-v1,32424b0fc88b4e18a624b23c2bba5de681d3e169,b51fa1bd9bd3db00079057822b5f305afd048981c6fdee344634f6bd7c48b6bb,controlled_kernel,jellyfish-turboplonk-0.8.0-bn254-kzg,default,{},deserialize,256,4,,true,3,1.090706,0.034471,1.081265,1.124148,1.061939,1.128913,,,,,,,,not-applicable,,,,,,,,,,,,,,measured,controlled implementation pilot; not paper-final evidence,measurement,true
C2-CONTROLLED-SNARK,controlled-plonk-pilot-v1,32424b0fc88b4e18a624b23c2bba5de681d3e169,b51fa1bd9bd3db00079057822b5f305afd048981c6fdee344634f6bd7c48b6bb,controlled_kernel,jellyfish-turboplonk-0.8.0-bn254-kzg,default,{},deserialize,256,8,,true,3,1.979058,0.178387,1.947647,2.148722,1.818463,2.171064,,,,,,,,not-applicable,,,,,,,,,,,,,,measured,controlled implementation pilot; not paper-final evidence,measurement,true
C2-CONTROLLED-SNARK,controlled-plonk-pilot-v1,32424b0fc88b4e18a624b23c2bba5de681d3e169,b51fa1bd9bd3db00079057822b5f305afd048981c6fdee344634f6bd7c48b6bb,controlled_kernel,jellyfish-turboplonk-0.8.0-bn254-kzg,default,{},deserialize,256,16,,true,3,4.030127,0.284167,4.026176,4.287241,3.747956,4.316248,,,,,,,,not-applicable,,,,,,,,,,,,,,measured,controlled implementation pilot; not paper-final evidence,measurement,true
C2-CONTROLLED-SNARK,controlled-plonk-pilot-v1,32424b0fc88b4e18a624b23c2bba5de681d3e169,b51fa1bd9bd3db00079057822b5f305afd048981c6fdee344634f6bd7c48b6bb,controlled_kernel,jellyfish-turboplonk-0.8.0-bn254-kzg,default,{},deserialize,1024,1,,true,3,0.318332,0.044332,0.296084,0.362052,0.289531,0.369382,,,,,,,,not-applicable,,,,,,,,,,,,,,measured,controlled implementation pilot; not paper-final evidence,measurement,true
C2-CONTROLLED-SNARK,controlled-plonk-pilot-v1,32424b0fc88b4e18a624b23c2bba5de681d3e169,b51fa1bd9bd3db00079057822b5f305afd048981c6fdee344634f6bd7c48b6bb,controlled_kernel,jellyfish-turboplonk-0.8.0-bn254-kzg,default,{},deserialize,1024,1,wrong_public_input,true,3,0.328378,0.045616,0.303778,0.373289,0.300342,0.381013,,,,,,,,not-applicable,,,,,,,,,,,,,,measured,controlled implementation pilot; not paper-final evidence,measurement,true
C2-CONTROLLED-SNARK,controlled-plonk-pilot-v1,32424b0fc88b4e18a624b23c2bba5de681d3e169,b51fa1bd9bd3db00079057822b5f305afd048981c6fdee344634f6bd7c48b6bb,controlled_kernel,jellyfish-turboplonk-0.8.0-bn254-kzg,default,{},deserialize,1024,2,,true,3,0.413577,0.036228,0.421128,0.443003,0.374169,0.445434,,,,,,,,not-applicable,,,,,,,,,,,,,,measured,controlled implementation pilot; not paper-final evidence,measurement,true
C2-CONTROLLED-SNARK,controlled-plonk-pilot-v1,32424b0fc88b4e18a624b23c2bba5de681d3e169,b51fa1bd9bd3db00079057822b5f305afd048981c6fdee344634f6bd7c48b6bb,controlled_kernel,jellyfish-turboplonk-0.8.0-bn254-kzg,default,{},deserialize,1024,4,,true,3,1.158813,0.016981,1.163222,1.172162,1.140063,1.173155,,,,,,,,not-applicable,,,,,,,,,,,,,,measured,controlled implementation pilot; not paper-final evidence,measurement,true
C2-CONTROLLED-SNARK,controlled-plonk-pilot-v1,32424b0fc88b4e18a624b23c2bba5de681d3e169,b51fa1bd9bd3db00079057822b5f305afd048981c6fdee344634f6bd7c48b6bb,controlled_kernel,jellyfish-turboplonk-0.8.0-bn254-kzg,default,{},deserialize,1024,4,wrong_public_input,true,3,1.167896,0.142489,1.228260,1.266066,1.005162,1.270267,,,,,,,,not-applicable,,,,,,,,,,,,,,measured,controlled implementation pilot; not paper-final evidence,measurement,true
C2-CONTROLLED-SNARK,controlled-plonk-pilot-v1,32424b0fc88b4e18a624b23c2bba5de681d3e169,b51fa1bd9bd3db00079057822b5f305afd048981c6fdee344634f6bd7c48b6bb,controlled_kernel,jellyfish-turboplonk-0.8.0-bn254-kzg,default,{},deserialize,1024,8,,true,3,1.740838,0.199529,1.850563,1.860339,1.510527,1.861425,,,,,,,,not-applicable,,,,,,,,,,,,,,measured,controlled implementation pilot; not paper-final evidence,measurement,true
C2-CONTROLLED-SNARK,controlled-plonk-pilot-v1,32424b0fc88b4e18a624b23c2bba5de681d3e169,b51fa1bd9bd3db00079057822b5f305afd048981c6fdee344634f6bd7c48b6bb,controlled_kernel,jellyfish-turboplonk-0.8.0-bn254-kzg,default,{},deserialize,1024,8,wrong_public_input,true,3,2.196067,0.237103,2.219104,2.400640,1.948286,2.420811,,,,,,,,not-applicable,,,,,,,,,,,,,,measured,controlled implementation pilot; not paper-final evidence,measurement,true
C2-CONTROLLED-SNARK,controlled-plonk-pilot-v1,32424b0fc88b4e18a624b23c2bba5de681d3e169,b51fa1bd9bd3db00079057822b5f305afd048981c6fdee344634f6bd7c48b6bb,controlled_kernel,jellyfish-turboplonk-0.8.0-bn254-kzg,default,{},deserialize,1024,16,,true,3,3.843226,0.178561,3.929533,3.958966,3.637908,3.962236,,,,,,,,not-applicable,,,,,,,,,,,,,,measured,controlled implementation pilot; not paper-final evidence,measurement,true
C2-CONTROLLED-SNARK,controlled-plonk-pilot-v1,32424b0fc88b4e18a624b23c2bba5de681d3e169,b51fa1bd9bd3db00079057822b5f305afd048981c6fdee344634f6bd7c48b6bb,controlled_kernel,jellyfish-turboplonk-0.8.0-bn254-kzg,default,{},deserialize,4096,1,,true,3,0.312926,0.057901,0.323746,0.360562,0.250378,0.364653,,,,,,,,not-applicable,,,,,,,,,,,,,,measured,controlled implementation pilot; not paper-final evidence,measurement,true
C2-CONTROLLED-SNARK,controlled-plonk-pilot-v1,32424b0fc88b4e18a624b23c2bba5de681d3e169,b51fa1bd9bd3db00079057822b5f305afd048981c6fdee344634f6bd7c48b6bb,controlled_kernel,jellyfish-turboplonk-0.8.0-bn254-kzg,default,{},deserialize,4096,1,wrong_public_input,true,3,0.311797,0.022701,0.305001,0.333908,0.293270,0.337120,,,,,,,,not-applicable,,,,,,,,,,,,,,measured,controlled implementation pilot; not paper-final evidence,measurement,true
C2-CONTROLLED-SNARK,controlled-plonk-pilot-v1,32424b0fc88b4e18a624b23c2bba5de681d3e169,b51fa1bd9bd3db00079057822b5f305afd048981c6fdee344634f6bd7c48b6bb,controlled_kernel,jellyfish-turboplonk-0.8.0-bn254-kzg,default,{},deserialize,4096,2,,true,3,0.478405,0.103751,0.493154,0.565909,0.368069,0.573993,,,,,,,,not-applicable,,,,,,,,,,,,,,measured,controlled implementation pilot; not paper-final evidence,measurement,true
C2-CONTROLLED-SNARK,controlled-plonk-pilot-v1,32424b0fc88b4e18a624b23c2bba5de681d3e169,b51fa1bd9bd3db00079057822b5f305afd048981c6fdee344634f6bd7c48b6bb,controlled_kernel,jellyfish-turboplonk-0.8.0-bn254-kzg,default,{},deserialize,4096,4,,true,3,1.064889,0.137787,1.108384,1.168950,0.910604,1.175680,,,,,,,,not-applicable,,,,,,,,,,,,,,measured,controlled implementation pilot; not paper-final evidence,measurement,true
C2-CONTROLLED-SNARK,controlled-plonk-pilot-v1,32424b0fc88b4e18a624b23c2bba5de681d3e169,b51fa1bd9bd3db00079057822b5f305afd048981c6fdee344634f6bd7c48b6bb,controlled_kernel,jellyfish-turboplonk-0.8.0-bn254-kzg,default,{},deserialize,4096,4,wrong_public_input,true,3,1.132275,0.088970,1.087094,1.220002,1.074962,1.234770,,,,,,,,not-applicable,,,,,,,,,,,,,,measured,controlled implementation pilot; not paper-final evidence,measurement,true
C2-CONTROLLED-SNARK,controlled-plonk-pilot-v1,32424b0fc88b4e18a624b23c2bba5de681d3e169,b51fa1bd9bd3db00079057822b5f305afd048981c6fdee344634f6bd7c48b6bb,controlled_kernel,jellyfish-turboplonk-0.8.0-bn254-kzg,default,{},deserialize,4096,8,,true,3,2.142906,0.281562,2.301273,2.308788,1.817822,2.309623,,,,,,,,not-applicable,,,,,,,,,,,,,,measured,controlled implementation pilot; not paper-final evidence,measurement,true
C2-CONTROLLED-SNARK,controlled-plonk-pilot-v1,32424b0fc88b4e18a624b23c2bba5de681d3e169,b51fa1bd9bd3db00079057822b5f305afd048981c6fdee344634f6bd7c48b6bb,controlled_kernel,jellyfish-turboplonk-0.8.0-bn254-kzg,default,{},deserialize,4096,8,wrong_public_input,true,3,2.098488,0.154835,2.117163,2.230541,1.935162,2.243138,,,,,,,,not-applicable,,,,,,,,,,,,,,measured,controlled implementation pilot; not paper-final evidence,measurement,true
C2-CONTROLLED-SNARK,controlled-plonk-pilot-v1,32424b0fc88b4e18a624b23c2bba5de681d3e169,b51fa1bd9bd3db00079057822b5f305afd048981c6fdee344634f6bd7c48b6bb,controlled_kernel,jellyfish-turboplonk-0.8.0-bn254-kzg,default,{},deserialize,4096,16,,true,3,3.815856,0.167748,3.814640,3.967252,3.648719,3.984209,,,,,,,,not-applicable,,,,,,,,,,,,,,measured,controlled implementation pilot; not paper-final evidence,measurement,true
C2-CONTROLLED-SNARK,controlled-plonk-pilot-v1,32424b0fc88b4e18a624b23c2bba5de681d3e169,b51fa1bd9bd3db00079057822b5f305afd048981c6fdee344634f6bd7c48b6bb,controlled_kernel,jellyfish-turboplonk-0.8.0-bn254-kzg,default,{},fft_ntt,64,1,,false,,,,,,,,,,,,,,,not-applicable,,,Jellyfish exposes no stable per-proof hook for this phase,,,,,,,,,,,measured,controlled implementation pilot; not paper-final evidence,measurement,true
C2-CONTROLLED-SNARK,controlled-plonk-pilot-v1,32424b0fc88b4e18a624b23c2bba5de681d3e169,b51fa1bd9bd3db00079057822b5f305afd048981c6fdee344634f6bd7c48b6bb,controlled_kernel,jellyfish-turboplonk-0.8.0-bn254-kzg,default,{},fft_ntt,64,1,wrong_public_input,false,,,,,,,,,,,,,,,not-applicable,,,Jellyfish exposes no stable per-proof hook for this phase,,,,,,,,,,,measured,controlled implementation pilot; not paper-final evidence,measurement,true
C2-CONTROLLED-SNARK,controlled-plonk-pilot-v1,32424b0fc88b4e18a624b23c2bba5de681d3e169,b51fa1bd9bd3db00079057822b5f305afd048981c6fdee344634f6bd7c48b6bb,controlled_kernel,jellyfish-turboplonk-0.8.0-bn254-kzg,default,{},fft_ntt,64,2,,false,,,,,,,,,,,,,,,not-applicable,,,Jellyfish exposes no stable per-proof hook for this phase,,,,,,,,,,,measured,controlled implementation pilot; not paper-final evidence,measurement,true
C2-CONTROLLED-SNARK,controlled-plonk-pilot-v1,32424b0fc88b4e18a624b23c2bba5de681d3e169,b51fa1bd9bd3db00079057822b5f305afd048981c6fdee344634f6bd7c48b6bb,controlled_kernel,jellyfish-turboplonk-0.8.0-bn254-kzg,default,{},fft_ntt,64,4,,false,,,,,,,,,,,,,,,not-applicable,,,Jellyfish exposes no stable per-proof hook for this phase,,,,,,,,,,,measured,controlled implementation pilot; not paper-final evidence,measurement,true
C2-CONTROLLED-SNARK,controlled-plonk-pilot-v1,32424b0fc88b4e18a624b23c2bba5de681d3e169,b51fa1bd9bd3db00079057822b5f305afd048981c6fdee344634f6bd7c48b6bb,controlled_kernel,jellyfish-turboplonk-0.8.0-bn254-kzg,default,{},fft_ntt,64,4,wrong_public_input,false,,,,,,,,,,,,,,,not-applicable,,,Jellyfish exposes no stable per-proof hook for this phase,,,,,,,,,,,measured,controlled implementation pilot; not paper-final evidence,measurement,true
C2-CONTROLLED-SNARK,controlled-plonk-pilot-v1,32424b0fc88b4e18a624b23c2bba5de681d3e169,b51fa1bd9bd3db00079057822b5f305afd048981c6fdee344634f6bd7c48b6bb,controlled_kernel,jellyfish-turboplonk-0.8.0-bn254-kzg,default,{},fft_ntt,64,8,,false,,,,,,,,,,,,,,,not-applicable,,,Jellyfish exposes no stable per-proof hook for this phase,,,,,,,,,,,measured,controlled implementation pilot; not paper-final evidence,measurement,true
C2-CONTROLLED-SNARK,controlled-plonk-pilot-v1,32424b0fc88b4e18a624b23c2bba5de681d3e169,b51fa1bd9bd3db00079057822b5f305afd048981c6fdee344634f6bd7c48b6bb,controlled_kernel,jellyfish-turboplonk-0.8.0-bn254-kzg,default,{},fft_ntt,64,8,wrong_public_input,false,,,,,,,,,,,,,,,not-applicable,,,Jellyfish exposes no stable per-proof hook for this phase,,,,,,,,,,,measured,controlled implementation pilot; not paper-final evidence,measurement,true
C2-CONTROLLED-SNARK,controlled-plonk-pilot-v1,32424b0fc88b4e18a624b23c2bba5de681d3e169,b51fa1bd9bd3db00079057822b5f305afd048981c6fdee344634f6bd7c48b6bb,controlled_kernel,jellyfish-turboplonk-0.8.0-bn254-kzg,default,{},fft_ntt,64,16,,false,,,,,,,,,,,,,,,not-applicable,,,Jellyfish exposes no stable per-proof hook for this phase,,,,,,,,,,,measured,controlled implementation pilot; not paper-final evidence,measurement,true
C2-CONTROLLED-SNARK,controlled-plonk-pilot-v1,32424b0fc88b4e18a624b23c2bba5de681d3e169,b51fa1bd9bd3db00079057822b5f305afd048981c6fdee344634f6bd7c48b6bb,controlled_kernel,jellyfish-turboplonk-0.8.0-bn254-kzg,default,{},fft_ntt,256,1,,false,,,,,,,,,,,,,,,not-applicable,,,Jellyfish exposes no stable per-proof hook for this phase,,,,,,,,,,,measured,controlled implementation pilot; not paper-final evidence,measurement,true
C2-CONTROLLED-SNARK,controlled-plonk-pilot-v1,32424b0fc88b4e18a624b23c2bba5de681d3e169,b51fa1bd9bd3db00079057822b5f305afd048981c6fdee344634f6bd7c48b6bb,controlled_kernel,jellyfish-turboplonk-0.8.0-bn254-kzg,default,{},fft_ntt,256,2,,false,,,,,,,,,,,,,,,not-applicable,,,Jellyfish exposes no stable per-proof hook for this phase,,,,,,,,,,,measured,controlled implementation pilot; not paper-final evidence,measurement,true
C2-CONTROLLED-SNARK,controlled-plonk-pilot-v1,32424b0fc88b4e18a624b23c2bba5de681d3e169,b51fa1bd9bd3db00079057822b5f305afd048981c6fdee344634f6bd7c48b6bb,controlled_kernel,jellyfish-turboplonk-0.8.0-bn254-kzg,default,{},fft_ntt,256,4,,false,,,,,,,,,,,,,,,not-applicable,,,Jellyfish exposes no stable per-proof hook for this phase,,,,,,,,,,,measured,controlled implementation pilot; not paper-final evidence,measurement,true
C2-CONTROLLED-SNARK,controlled-plonk-pilot-v1,32424b0fc88b4e18a624b23c2bba5de681d3e169,b51fa1bd9bd3db00079057822b5f305afd048981c6fdee344634f6bd7c48b6bb,controlled_kernel,jellyfish-turboplonk-0.8.0-bn254-kzg,default,{},fft_ntt,256,8,,false,,,,,,,,,,,,,,,not-applicable,,,Jellyfish exposes no stable per-proof hook for this phase,,,,,,,,,,,measured,controlled implementation pilot; not paper-final evidence,measurement,true
C2-CONTROLLED-SNARK,controlled-plonk-pilot-v1,32424b0fc88b4e18a624b23c2bba5de681d3e169,b51fa1bd9bd3db00079057822b5f305afd048981c6fdee344634f6bd7c48b6bb,controlled_kernel,jellyfish-turboplonk-0.8.0-bn254-kzg,default,{},fft_ntt,256,16,,false,,,,,,,,,,,,,,,not-applicable,,,Jellyfish exposes no stable per-proof hook for this phase,,,,,,,,,,,measured,controlled implementation pilot; not paper-final evidence,measurement,true
C2-CONTROLLED-SNARK,controlled-plonk-pilot-v1,32424b0fc88b4e18a624b23c2bba5de681d3e169,b51fa1bd9bd3db00079057822b5f305afd048981c6fdee344634f6bd7c48b6bb,controlled_kernel,jellyfish-turboplonk-0.8.0-bn254-kzg,default,{},fft_ntt,1024,1,,false,,,,,,,,,,,,,,,not-applicable,,,Jellyfish exposes no stable per-proof hook for this phase,,,,,,,,,,,measured,controlled implementation pilot; not paper-final evidence,measurement,true
C2-CONTROLLED-SNARK,controlled-plonk-pilot-v1,32424b0fc88b4e18a624b23c2bba5de681d3e169,b51fa1bd9bd3db00079057822b5f305afd048981c6fdee344634f6bd7c48b6bb,controlled_kernel,jellyfish-turboplonk-0.8.0-bn254-kzg,default,{},fft_ntt,1024,1,wrong_public_input,false,,,,,,,,,,,,,,,not-applicable,,,Jellyfish exposes no stable per-proof hook for this phase,,,,,,,,,,,measured,controlled implementation pilot; not paper-final evidence,measurement,true
C2-CONTROLLED-SNARK,controlled-plonk-pilot-v1,32424b0fc88b4e18a624b23c2bba5de681d3e169,b51fa1bd9bd3db00079057822b5f305afd048981c6fdee344634f6bd7c48b6bb,controlled_kernel,jellyfish-turboplonk-0.8.0-bn254-kzg,default,{},fft_ntt,1024,2,,false,,,,,,,,,,,,,,,not-applicable,,,Jellyfish exposes no stable per-proof hook for this phase,,,,,,,,,,,measured,controlled implementation pilot; not paper-final evidence,measurement,true
C2-CONTROLLED-SNARK,controlled-plonk-pilot-v1,32424b0fc88b4e18a624b23c2bba5de681d3e169,b51fa1bd9bd3db00079057822b5f305afd048981c6fdee344634f6bd7c48b6bb,controlled_kernel,jellyfish-turboplonk-0.8.0-bn254-kzg,default,{},fft_ntt,1024,4,,false,,,,,,,,,,,,,,,not-applicable,,,Jellyfish exposes no stable per-proof hook for this phase,,,,,,,,,,,measured,controlled implementation pilot; not paper-final evidence,measurement,true
C2-CONTROLLED-SNARK,controlled-plonk-pilot-v1,32424b0fc88b4e18a624b23c2bba5de681d3e169,b51fa1bd9bd3db00079057822b5f305afd048981c6fdee344634f6bd7c48b6bb,controlled_kernel,jellyfish-turboplonk-0.8.0-bn254-kzg,default,{},fft_ntt,1024,4,wrong_public_input,false,,,,,,,,,,,,,,,not-applicable,,,Jellyfish exposes no stable per-proof hook for this phase,,,,,,,,,,,measured,controlled implementation pilot; not paper-final evidence,measurement,true
C2-CONTROLLED-SNARK,controlled-plonk-pilot-v1,32424b0fc88b4e18a624b23c2bba5de681d3e169,b51fa1bd9bd3db00079057822b5f305afd048981c6fdee344634f6bd7c48b6bb,controlled_kernel,jellyfish-turboplonk-0.8.0-bn254-kzg,default,{},fft_ntt,1024,8,,false,,,,,,,,,,,,,,,not-applicable,,,Jellyfish exposes no stable per-proof hook for this phase,,,,,,,,,,,measured,controlled implementation pilot; not paper-final evidence,measurement,true
C2-CONTROLLED-SNARK,controlled-plonk-pilot-v1,32424b0fc88b4e18a624b23c2bba5de681d3e169,b51fa1bd9bd3db00079057822b5f305afd048981c6fdee344634f6bd7c48b6bb,controlled_kernel,jellyfish-turboplonk-0.8.0-bn254-kzg,default,{},fft_ntt,1024,8,wrong_public_input,false,,,,,,,,,,,,,,,not-applicable,,,Jellyfish exposes no stable per-proof hook for this phase,,,,,,,,,,,measured,controlled implementation pilot; not paper-final evidence,measurement,true
C2-CONTROLLED-SNARK,controlled-plonk-pilot-v1,32424b0fc88b4e18a624b23c2bba5de681d3e169,b51fa1bd9bd3db00079057822b5f305afd048981c6fdee344634f6bd7c48b6bb,controlled_kernel,jellyfish-turboplonk-0.8.0-bn254-kzg,default,{},fft_ntt,1024,16,,false,,,,,,,,,,,,,,,not-applicable,,,Jellyfish exposes no stable per-proof hook for this phase,,,,,,,,,,,measured,controlled implementation pilot; not paper-final evidence,measurement,true
C2-CONTROLLED-SNARK,controlled-plonk-pilot-v1,32424b0fc88b4e18a624b23c2bba5de681d3e169,b51fa1bd9bd3db00079057822b5f305afd048981c6fdee344634f6bd7c48b6bb,controlled_kernel,jellyfish-turboplonk-0.8.0-bn254-kzg,default,{},fft_ntt,4096,1,,false,,,,,,,,,,,,,,,not-applicable,,,Jellyfish exposes no stable per-proof hook for this phase,,,,,,,,,,,measured,controlled implementation pilot; not paper-final evidence,measurement,true
C2-CONTROLLED-SNARK,controlled-plonk-pilot-v1,32424b0fc88b4e18a624b23c2bba5de681d3e169,b51fa1bd9bd3db00079057822b5f305afd048981c6fdee344634f6bd7c48b6bb,controlled_kernel,jellyfish-turboplonk-0.8.0-bn254-kzg,default,{},fft_ntt,4096,1,wrong_public_input,false,,,,,,,,,,,,,,,not-applicable,,,Jellyfish exposes no stable per-proof hook for this phase,,,,,,,,,,,measured,controlled implementation pilot; not paper-final evidence,measurement,true
C2-CONTROLLED-SNARK,controlled-plonk-pilot-v1,32424b0fc88b4e18a624b23c2bba5de681d3e169,b51fa1bd9bd3db00079057822b5f305afd048981c6fdee344634f6bd7c48b6bb,controlled_kernel,jellyfish-turboplonk-0.8.0-bn254-kzg,default,{},fft_ntt,4096,2,,false,,,,,,,,,,,,,,,not-applicable,,,Jellyfish exposes no stable per-proof hook for this phase,,,,,,,,,,,measured,controlled implementation pilot; not paper-final evidence,measurement,true
C2-CONTROLLED-SNARK,controlled-plonk-pilot-v1,32424b0fc88b4e18a624b23c2bba5de681d3e169,b51fa1bd9bd3db00079057822b5f305afd048981c6fdee344634f6bd7c48b6bb,controlled_kernel,jellyfish-turboplonk-0.8.0-bn254-kzg,default,{},fft_ntt,4096,4,,false,,,,,,,,,,,,,,,not-applicable,,,Jellyfish exposes no stable per-proof hook for this phase,,,,,,,,,,,measured,controlled implementation pilot; not paper-final evidence,measurement,true
C2-CONTROLLED-SNARK,controlled-plonk-pilot-v1,32424b0fc88b4e18a624b23c2bba5de681d3e169,b51fa1bd9bd3db00079057822b5f305afd048981c6fdee344634f6bd7c48b6bb,controlled_kernel,jellyfish-turboplonk-0.8.0-bn254-kzg,default,{},fft_ntt,4096,4,wrong_public_input,false,,,,,,,,,,,,,,,not-applicable,,,Jellyfish exposes no stable per-proof hook for this phase,,,,,,,,,,,measured,controlled implementation pilot; not paper-final evidence,measurement,true
C2-CONTROLLED-SNARK,controlled-plonk-pilot-v1,32424b0fc88b4e18a624b23c2bba5de681d3e169,b51fa1bd9bd3db00079057822b5f305afd048981c6fdee344634f6bd7c48b6bb,controlled_kernel,jellyfish-turboplonk-0.8.0-bn254-kzg,default,{},fft_ntt,4096,8,,false,,,,,,,,,,,,,,,not-applicable,,,Jellyfish exposes no stable per-proof hook for this phase,,,,,,,,,,,measured,controlled implementation pilot; not paper-final evidence,measurement,true
C2-CONTROLLED-SNARK,controlled-plonk-pilot-v1,32424b0fc88b4e18a624b23c2bba5de681d3e169,b51fa1bd9bd3db00079057822b5f305afd048981c6fdee344634f6bd7c48b6bb,controlled_kernel,jellyfish-turboplonk-0.8.0-bn254-kzg,default,{},fft_ntt,4096,8,wrong_public_input,false,,,,,,,,,,,,,,,not-applicable,,,Jellyfish exposes no stable per-proof hook for this phase,,,,,,,,,,,measured,controlled implementation pilot; not paper-final evidence,measurement,true
C2-CONTROLLED-SNARK,controlled-plonk-pilot-v1,32424b0fc88b4e18a624b23c2bba5de681d3e169,b51fa1bd9bd3db00079057822b5f305afd048981c6fdee344634f6bd7c48b6bb,controlled_kernel,jellyfish-turboplonk-0.8.0-bn254-kzg,default,{},fft_ntt,4096,16,,false,,,,,,,,,,,,,,,not-applicable,,,Jellyfish exposes no stable per-proof hook for this phase,,,,,,,,,,,measured,controlled implementation pilot; not paper-final evidence,measurement,true
C2-CONTROLLED-SNARK,controlled-plonk-pilot-v1,32424b0fc88b4e18a624b23c2bba5de681d3e169,b51fa1bd9bd3db00079057822b5f305afd048981c6fdee344634f6bd7c48b6bb,controlled_kernel,jellyfish-turboplonk-0.8.0-bn254-kzg,default,{},key_load,64,1,,false,,,,,,,,,,,,,,,not-applicable,,,Jellyfish exposes no stable per-proof hook for this phase,,,,,,,,,,,measured,controlled implementation pilot; not paper-final evidence,measurement,true
C2-CONTROLLED-SNARK,controlled-plonk-pilot-v1,32424b0fc88b4e18a624b23c2bba5de681d3e169,b51fa1bd9bd3db00079057822b5f305afd048981c6fdee344634f6bd7c48b6bb,controlled_kernel,jellyfish-turboplonk-0.8.0-bn254-kzg,default,{},key_load,64,1,wrong_public_input,false,,,,,,,,,,,,,,,not-applicable,,,Jellyfish exposes no stable per-proof hook for this phase,,,,,,,,,,,measured,controlled implementation pilot; not paper-final evidence,measurement,true
C2-CONTROLLED-SNARK,controlled-plonk-pilot-v1,32424b0fc88b4e18a624b23c2bba5de681d3e169,b51fa1bd9bd3db00079057822b5f305afd048981c6fdee344634f6bd7c48b6bb,controlled_kernel,jellyfish-turboplonk-0.8.0-bn254-kzg,default,{},key_load,64,2,,false,,,,,,,,,,,,,,,not-applicable,,,Jellyfish exposes no stable per-proof hook for this phase,,,,,,,,,,,measured,controlled implementation pilot; not paper-final evidence,measurement,true
C2-CONTROLLED-SNARK,controlled-plonk-pilot-v1,32424b0fc88b4e18a624b23c2bba5de681d3e169,b51fa1bd9bd3db00079057822b5f305afd048981c6fdee344634f6bd7c48b6bb,controlled_kernel,jellyfish-turboplonk-0.8.0-bn254-kzg,default,{},key_load,64,4,,false,,,,,,,,,,,,,,,not-applicable,,,Jellyfish exposes no stable per-proof hook for this phase,,,,,,,,,,,measured,controlled implementation pilot; not paper-final evidence,measurement,true
C2-CONTROLLED-SNARK,controlled-plonk-pilot-v1,32424b0fc88b4e18a624b23c2bba5de681d3e169,b51fa1bd9bd3db00079057822b5f305afd048981c6fdee344634f6bd7c48b6bb,controlled_kernel,jellyfish-turboplonk-0.8.0-bn254-kzg,default,{},key_load,64,4,wrong_public_input,false,,,,,,,,,,,,,,,not-applicable,,,Jellyfish exposes no stable per-proof hook for this phase,,,,,,,,,,,measured,controlled implementation pilot; not paper-final evidence,measurement,true
C2-CONTROLLED-SNARK,controlled-plonk-pilot-v1,32424b0fc88b4e18a624b23c2bba5de681d3e169,b51fa1bd9bd3db00079057822b5f305afd048981c6fdee344634f6bd7c48b6bb,controlled_kernel,jellyfish-turboplonk-0.8.0-bn254-kzg,default,{},key_load,64,8,,false,,,,,,,,,,,,,,,not-applicable,,,Jellyfish exposes no stable per-proof hook for this phase,,,,,,,,,,,measured,controlled implementation pilot; not paper-final evidence,measurement,true
C2-CONTROLLED-SNARK,controlled-plonk-pilot-v1,32424b0fc88b4e18a624b23c2bba5de681d3e169,b51fa1bd9bd3db00079057822b5f305afd048981c6fdee344634f6bd7c48b6bb,controlled_kernel,jellyfish-turboplonk-0.8.0-bn254-kzg,default,{},key_load,64,8,wrong_public_input,false,,,,,,,,,,,,,,,not-applicable,,,Jellyfish exposes no stable per-proof hook for this phase,,,,,,,,,,,measured,controlled implementation pilot; not paper-final evidence,measurement,true
C2-CONTROLLED-SNARK,controlled-plonk-pilot-v1,32424b0fc88b4e18a624b23c2bba5de681d3e169,b51fa1bd9bd3db00079057822b5f305afd048981c6fdee344634f6bd7c48b6bb,controlled_kernel,jellyfish-turboplonk-0.8.0-bn254-kzg,default,{},key_load,64,16,,false,,,,,,,,,,,,,,,not-applicable,,,Jellyfish exposes no stable per-proof hook for this phase,,,,,,,,,,,measured,controlled implementation pilot; not paper-final evidence,measurement,true
C2-CONTROLLED-SNARK,controlled-plonk-pilot-v1,32424b0fc88b4e18a624b23c2bba5de681d3e169,b51fa1bd9bd3db00079057822b5f305afd048981c6fdee344634f6bd7c48b6bb,controlled_kernel,jellyfish-turboplonk-0.8.0-bn254-kzg,default,{},key_load,256,1,,false,,,,,,,,,,,,,,,not-applicable,,,Jellyfish exposes no stable per-proof hook for this phase,,,,,,,,,,,measured,controlled implementation pilot; not paper-final evidence,measurement,true
C2-CONTROLLED-SNARK,controlled-plonk-pilot-v1,32424b0fc88b4e18a624b23c2bba5de681d3e169,b51fa1bd9bd3db00079057822b5f305afd048981c6fdee344634f6bd7c48b6bb,controlled_kernel,jellyfish-turboplonk-0.8.0-bn254-kzg,default,{},key_load,256,2,,false,,,,,,,,,,,,,,,not-applicable,,,Jellyfish exposes no stable per-proof hook for this phase,,,,,,,,,,,measured,controlled implementation pilot; not paper-final evidence,measurement,true
C2-CONTROLLED-SNARK,controlled-plonk-pilot-v1,32424b0fc88b4e18a624b23c2bba5de681d3e169,b51fa1bd9bd3db00079057822b5f305afd048981c6fdee344634f6bd7c48b6bb,controlled_kernel,jellyfish-turboplonk-0.8.0-bn254-kzg,default,{},key_load,256,4,,false,,,,,,,,,,,,,,,not-applicable,,,Jellyfish exposes no stable per-proof hook for this phase,,,,,,,,,,,measured,controlled implementation pilot; not paper-final evidence,measurement,true
C2-CONTROLLED-SNARK,controlled-plonk-pilot-v1,32424b0fc88b4e18a624b23c2bba5de681d3e169,b51fa1bd9bd3db00079057822b5f305afd048981c6fdee344634f6bd7c48b6bb,controlled_kernel,jellyfish-turboplonk-0.8.0-bn254-kzg,default,{},key_load,256,8,,false,,,,,,,,,,,,,,,not-applicable,,,Jellyfish exposes no stable per-proof hook for this phase,,,,,,,,,,,measured,controlled implementation pilot; not paper-final evidence,measurement,true
C2-CONTROLLED-SNARK,controlled-plonk-pilot-v1,32424b0fc88b4e18a624b23c2bba5de681d3e169,b51fa1bd9bd3db00079057822b5f305afd048981c6fdee344634f6bd7c48b6bb,controlled_kernel,jellyfish-turboplonk-0.8.0-bn254-kzg,default,{},key_load,256,16,,false,,,,,,,,,,,,,,,not-applicable,,,Jellyfish exposes no stable per-proof hook for this phase,,,,,,,,,,,measured,controlled implementation pilot; not paper-final evidence,measurement,true
C2-CONTROLLED-SNARK,controlled-plonk-pilot-v1,32424b0fc88b4e18a624b23c2bba5de681d3e169,b51fa1bd9bd3db00079057822b5f305afd048981c6fdee344634f6bd7c48b6bb,controlled_kernel,jellyfish-turboplonk-0.8.0-bn254-kzg,default,{},key_load,1024,1,,false,,,,,,,,,,,,,,,not-applicable,,,Jellyfish exposes no stable per-proof hook for this phase,,,,,,,,,,,measured,controlled implementation pilot; not paper-final evidence,measurement,true
C2-CONTROLLED-SNARK,controlled-plonk-pilot-v1,32424b0fc88b4e18a624b23c2bba5de681d3e169,b51fa1bd9bd3db00079057822b5f305afd048981c6fdee344634f6bd7c48b6bb,controlled_kernel,jellyfish-turboplonk-0.8.0-bn254-kzg,default,{},key_load,1024,1,wrong_public_input,false,,,,,,,,,,,,,,,not-applicable,,,Jellyfish exposes no stable per-proof hook for this phase,,,,,,,,,,,measured,controlled implementation pilot; not paper-final evidence,measurement,true
C2-CONTROLLED-SNARK,controlled-plonk-pilot-v1,32424b0fc88b4e18a624b23c2bba5de681d3e169,b51fa1bd9bd3db00079057822b5f305afd048981c6fdee344634f6bd7c48b6bb,controlled_kernel,jellyfish-turboplonk-0.8.0-bn254-kzg,default,{},key_load,1024,2,,false,,,,,,,,,,,,,,,not-applicable,,,Jellyfish exposes no stable per-proof hook for this phase,,,,,,,,,,,measured,controlled implementation pilot; not paper-final evidence,measurement,true
C2-CONTROLLED-SNARK,controlled-plonk-pilot-v1,32424b0fc88b4e18a624b23c2bba5de681d3e169,b51fa1bd9bd3db00079057822b5f305afd048981c6fdee344634f6bd7c48b6bb,controlled_kernel,jellyfish-turboplonk-0.8.0-bn254-kzg,default,{},key_load,1024,4,,false,,,,,,,,,,,,,,,not-applicable,,,Jellyfish exposes no stable per-proof hook for this phase,,,,,,,,,,,measured,controlled implementation pilot; not paper-final evidence,measurement,true
C2-CONTROLLED-SNARK,controlled-plonk-pilot-v1,32424b0fc88b4e18a624b23c2bba5de681d3e169,b51fa1bd9bd3db00079057822b5f305afd048981c6fdee344634f6bd7c48b6bb,controlled_kernel,jellyfish-turboplonk-0.8.0-bn254-kzg,default,{},key_load,1024,4,wrong_public_input,false,,,,,,,,,,,,,,,not-applicable,,,Jellyfish exposes no stable per-proof hook for this phase,,,,,,,,,,,measured,controlled implementation pilot; not paper-final evidence,measurement,true
C2-CONTROLLED-SNARK,controlled-plonk-pilot-v1,32424b0fc88b4e18a624b23c2bba5de681d3e169,b51fa1bd9bd3db00079057822b5f305afd048981c6fdee344634f6bd7c48b6bb,controlled_kernel,jellyfish-turboplonk-0.8.0-bn254-kzg,default,{},key_load,1024,8,,false,,,,,,,,,,,,,,,not-applicable,,,Jellyfish exposes no stable per-proof hook for this phase,,,,,,,,,,,measured,controlled implementation pilot; not paper-final evidence,measurement,true
C2-CONTROLLED-SNARK,controlled-plonk-pilot-v1,32424b0fc88b4e18a624b23c2bba5de681d3e169,b51fa1bd9bd3db00079057822b5f305afd048981c6fdee344634f6bd7c48b6bb,controlled_kernel,jellyfish-turboplonk-0.8.0-bn254-kzg,default,{},key_load,1024,8,wrong_public_input,false,,,,,,,,,,,,,,,not-applicable,,,Jellyfish exposes no stable per-proof hook for this phase,,,,,,,,,,,measured,controlled implementation pilot; not paper-final evidence,measurement,true
C2-CONTROLLED-SNARK,controlled-plonk-pilot-v1,32424b0fc88b4e18a624b23c2bba5de681d3e169,b51fa1bd9bd3db00079057822b5f305afd048981c6fdee344634f6bd7c48b6bb,controlled_kernel,jellyfish-turboplonk-0.8.0-bn254-kzg,default,{},key_load,1024,16,,false,,,,,,,,,,,,,,,not-applicable,,,Jellyfish exposes no stable per-proof hook for this phase,,,,,,,,,,,measured,controlled implementation pilot; not paper-final evidence,measurement,true
C2-CONTROLLED-SNARK,controlled-plonk-pilot-v1,32424b0fc88b4e18a624b23c2bba5de681d3e169,b51fa1bd9bd3db00079057822b5f305afd048981c6fdee344634f6bd7c48b6bb,controlled_kernel,jellyfish-turboplonk-0.8.0-bn254-kzg,default,{},key_load,4096,1,,false,,,,,,,,,,,,,,,not-applicable,,,Jellyfish exposes no stable per-proof hook for this phase,,,,,,,,,,,measured,controlled implementation pilot; not paper-final evidence,measurement,true
C2-CONTROLLED-SNARK,controlled-plonk-pilot-v1,32424b0fc88b4e18a624b23c2bba5de681d3e169,b51fa1bd9bd3db00079057822b5f305afd048981c6fdee344634f6bd7c48b6bb,controlled_kernel,jellyfish-turboplonk-0.8.0-bn254-kzg,default,{},key_load,4096,1,wrong_public_input,false,,,,,,,,,,,,,,,not-applicable,,,Jellyfish exposes no stable per-proof hook for this phase,,,,,,,,,,,measured,controlled implementation pilot; not paper-final evidence,measurement,true
C2-CONTROLLED-SNARK,controlled-plonk-pilot-v1,32424b0fc88b4e18a624b23c2bba5de681d3e169,b51fa1bd9bd3db00079057822b5f305afd048981c6fdee344634f6bd7c48b6bb,controlled_kernel,jellyfish-turboplonk-0.8.0-bn254-kzg,default,{},key_load,4096,2,,false,,,,,,,,,,,,,,,not-applicable,,,Jellyfish exposes no stable per-proof hook for this phase,,,,,,,,,,,measured,controlled implementation pilot; not paper-final evidence,measurement,true
C2-CONTROLLED-SNARK,controlled-plonk-pilot-v1,32424b0fc88b4e18a624b23c2bba5de681d3e169,b51fa1bd9bd3db00079057822b5f305afd048981c6fdee344634f6bd7c48b6bb,controlled_kernel,jellyfish-turboplonk-0.8.0-bn254-kzg,default,{},key_load,4096,4,,false,,,,,,,,,,,,,,,not-applicable,,,Jellyfish exposes no stable per-proof hook for this phase,,,,,,,,,,,measured,controlled implementation pilot; not paper-final evidence,measurement,true
C2-CONTROLLED-SNARK,controlled-plonk-pilot-v1,32424b0fc88b4e18a624b23c2bba5de681d3e169,b51fa1bd9bd3db00079057822b5f305afd048981c6fdee344634f6bd7c48b6bb,controlled_kernel,jellyfish-turboplonk-0.8.0-bn254-kzg,default,{},key_load,4096,4,wrong_public_input,false,,,,,,,,,,,,,,,not-applicable,,,Jellyfish exposes no stable per-proof hook for this phase,,,,,,,,,,,measured,controlled implementation pilot; not paper-final evidence,measurement,true
C2-CONTROLLED-SNARK,controlled-plonk-pilot-v1,32424b0fc88b4e18a624b23c2bba5de681d3e169,b51fa1bd9bd3db00079057822b5f305afd048981c6fdee344634f6bd7c48b6bb,controlled_kernel,jellyfish-turboplonk-0.8.0-bn254-kzg,default,{},key_load,4096,8,,false,,,,,,,,,,,,,,,not-applicable,,,Jellyfish exposes no stable per-proof hook for this phase,,,,,,,,,,,measured,controlled implementation pilot; not paper-final evidence,measurement,true
C2-CONTROLLED-SNARK,controlled-plonk-pilot-v1,32424b0fc88b4e18a624b23c2bba5de681d3e169,b51fa1bd9bd3db00079057822b5f305afd048981c6fdee344634f6bd7c48b6bb,controlled_kernel,jellyfish-turboplonk-0.8.0-bn254-kzg,default,{},key_load,4096,8,wrong_public_input,false,,,,,,,,,,,,,,,not-applicable,,,Jellyfish exposes no stable per-proof hook for this phase,,,,,,,,,,,measured,controlled implementation pilot; not paper-final evidence,measurement,true
C2-CONTROLLED-SNARK,controlled-plonk-pilot-v1,32424b0fc88b4e18a624b23c2bba5de681d3e169,b51fa1bd9bd3db00079057822b5f305afd048981c6fdee344634f6bd7c48b6bb,controlled_kernel,jellyfish-turboplonk-0.8.0-bn254-kzg,default,{},key_load,4096,16,,false,,,,,,,,,,,,,,,not-applicable,,,Jellyfish exposes no stable per-proof hook for this phase,,,,,,,,,,,measured,controlled implementation pilot; not paper-final evidence,measurement,true
C2-CONTROLLED-SNARK,controlled-plonk-pilot-v1,32424b0fc88b4e18a624b23c2bba5de681d3e169,b51fa1bd9bd3db00079057822b5f305afd048981c6fdee344634f6bd7c48b6bb,controlled_kernel,jellyfish-turboplonk-0.8.0-bn254-kzg,default,{},msm,64,1,,false,,,,,,,,,,,,,,,not-applicable,,,Jellyfish exposes no stable per-proof hook for this phase,,,,,,,,,,,measured,controlled implementation pilot; not paper-final evidence,measurement,true
C2-CONTROLLED-SNARK,controlled-plonk-pilot-v1,32424b0fc88b4e18a624b23c2bba5de681d3e169,b51fa1bd9bd3db00079057822b5f305afd048981c6fdee344634f6bd7c48b6bb,controlled_kernel,jellyfish-turboplonk-0.8.0-bn254-kzg,default,{},msm,64,1,wrong_public_input,false,,,,,,,,,,,,,,,not-applicable,,,Jellyfish exposes no stable per-proof hook for this phase,,,,,,,,,,,measured,controlled implementation pilot; not paper-final evidence,measurement,true
C2-CONTROLLED-SNARK,controlled-plonk-pilot-v1,32424b0fc88b4e18a624b23c2bba5de681d3e169,b51fa1bd9bd3db00079057822b5f305afd048981c6fdee344634f6bd7c48b6bb,controlled_kernel,jellyfish-turboplonk-0.8.0-bn254-kzg,default,{},msm,64,2,,false,,,,,,,,,,,,,,,not-applicable,,,Jellyfish exposes no stable per-proof hook for this phase,,,,,,,,,,,measured,controlled implementation pilot; not paper-final evidence,measurement,true
C2-CONTROLLED-SNARK,controlled-plonk-pilot-v1,32424b0fc88b4e18a624b23c2bba5de681d3e169,b51fa1bd9bd3db00079057822b5f305afd048981c6fdee344634f6bd7c48b6bb,controlled_kernel,jellyfish-turboplonk-0.8.0-bn254-kzg,default,{},msm,64,4,,false,,,,,,,,,,,,,,,not-applicable,,,Jellyfish exposes no stable per-proof hook for this phase,,,,,,,,,,,measured,controlled implementation pilot; not paper-final evidence,measurement,true
C2-CONTROLLED-SNARK,controlled-plonk-pilot-v1,32424b0fc88b4e18a624b23c2bba5de681d3e169,b51fa1bd9bd3db00079057822b5f305afd048981c6fdee344634f6bd7c48b6bb,controlled_kernel,jellyfish-turboplonk-0.8.0-bn254-kzg,default,{},msm,64,4,wrong_public_input,false,,,,,,,,,,,,,,,not-applicable,,,Jellyfish exposes no stable per-proof hook for this phase,,,,,,,,,,,measured,controlled implementation pilot; not paper-final evidence,measurement,true
C2-CONTROLLED-SNARK,controlled-plonk-pilot-v1,32424b0fc88b4e18a624b23c2bba5de681d3e169,b51fa1bd9bd3db00079057822b5f305afd048981c6fdee344634f6bd7c48b6bb,controlled_kernel,jellyfish-turboplonk-0.8.0-bn254-kzg,default,{},msm,64,8,,false,,,,,,,,,,,,,,,not-applicable,,,Jellyfish exposes no stable per-proof hook for this phase,,,,,,,,,,,measured,controlled implementation pilot; not paper-final evidence,measurement,true
C2-CONTROLLED-SNARK,controlled-plonk-pilot-v1,32424b0fc88b4e18a624b23c2bba5de681d3e169,b51fa1bd9bd3db00079057822b5f305afd048981c6fdee344634f6bd7c48b6bb,controlled_kernel,jellyfish-turboplonk-0.8.0-bn254-kzg,default,{},msm,64,8,wrong_public_input,false,,,,,,,,,,,,,,,not-applicable,,,Jellyfish exposes no stable per-proof hook for this phase,,,,,,,,,,,measured,controlled implementation pilot; not paper-final evidence,measurement,true
C2-CONTROLLED-SNARK,controlled-plonk-pilot-v1,32424b0fc88b4e18a624b23c2bba5de681d3e169,b51fa1bd9bd3db00079057822b5f305afd048981c6fdee344634f6bd7c48b6bb,controlled_kernel,jellyfish-turboplonk-0.8.0-bn254-kzg,default,{},msm,64,16,,false,,,,,,,,,,,,,,,not-applicable,,,Jellyfish exposes no stable per-proof hook for this phase,,,,,,,,,,,measured,controlled implementation pilot; not paper-final evidence,measurement,true
C2-CONTROLLED-SNARK,controlled-plonk-pilot-v1,32424b0fc88b4e18a624b23c2bba5de681d3e169,b51fa1bd9bd3db00079057822b5f305afd048981c6fdee344634f6bd7c48b6bb,controlled_kernel,jellyfish-turboplonk-0.8.0-bn254-kzg,default,{},msm,256,1,,false,,,,,,,,,,,,,,,not-applicable,,,Jellyfish exposes no stable per-proof hook for this phase,,,,,,,,,,,measured,controlled implementation pilot; not paper-final evidence,measurement,true
C2-CONTROLLED-SNARK,controlled-plonk-pilot-v1,32424b0fc88b4e18a624b23c2bba5de681d3e169,b51fa1bd9bd3db00079057822b5f305afd048981c6fdee344634f6bd7c48b6bb,controlled_kernel,jellyfish-turboplonk-0.8.0-bn254-kzg,default,{},msm,256,2,,false,,,,,,,,,,,,,,,not-applicable,,,Jellyfish exposes no stable per-proof hook for this phase,,,,,,,,,,,measured,controlled implementation pilot; not paper-final evidence,measurement,true
C2-CONTROLLED-SNARK,controlled-plonk-pilot-v1,32424b0fc88b4e18a624b23c2bba5de681d3e169,b51fa1bd9bd3db00079057822b5f305afd048981c6fdee344634f6bd7c48b6bb,controlled_kernel,jellyfish-turboplonk-0.8.0-bn254-kzg,default,{},msm,256,4,,false,,,,,,,,,,,,,,,not-applicable,,,Jellyfish exposes no stable per-proof hook for this phase,,,,,,,,,,,measured,controlled implementation pilot; not paper-final evidence,measurement,true
C2-CONTROLLED-SNARK,controlled-plonk-pilot-v1,32424b0fc88b4e18a624b23c2bba5de681d3e169,b51fa1bd9bd3db00079057822b5f305afd048981c6fdee344634f6bd7c48b6bb,controlled_kernel,jellyfish-turboplonk-0.8.0-bn254-kzg,default,{},msm,256,8,,false,,,,,,,,,,,,,,,not-applicable,,,Jellyfish exposes no stable per-proof hook for this phase,,,,,,,,,,,measured,controlled implementation pilot; not paper-final evidence,measurement,true
C2-CONTROLLED-SNARK,controlled-plonk-pilot-v1,32424b0fc88b4e18a624b23c2bba5de681d3e169,b51fa1bd9bd3db00079057822b5f305afd048981c6fdee344634f6bd7c48b6bb,controlled_kernel,jellyfish-turboplonk-0.8.0-bn254-kzg,default,{},msm,256,16,,false,,,,,,,,,,,,,,,not-applicable,,,Jellyfish exposes no stable per-proof hook for this phase,,,,,,,,,,,measured,controlled implementation pilot; not paper-final evidence,measurement,true
C2-CONTROLLED-SNARK,controlled-plonk-pilot-v1,32424b0fc88b4e18a624b23c2bba5de681d3e169,b51fa1bd9bd3db00079057822b5f305afd048981c6fdee344634f6bd7c48b6bb,controlled_kernel,jellyfish-turboplonk-0.8.0-bn254-kzg,default,{},msm,1024,1,,false,,,,,,,,,,,,,,,not-applicable,,,Jellyfish exposes no stable per-proof hook for this phase,,,,,,,,,,,measured,controlled implementation pilot; not paper-final evidence,measurement,true
C2-CONTROLLED-SNARK,controlled-plonk-pilot-v1,32424b0fc88b4e18a624b23c2bba5de681d3e169,b51fa1bd9bd3db00079057822b5f305afd048981c6fdee344634f6bd7c48b6bb,controlled_kernel,jellyfish-turboplonk-0.8.0-bn254-kzg,default,{},msm,1024,1,wrong_public_input,false,,,,,,,,,,,,,,,not-applicable,,,Jellyfish exposes no stable per-proof hook for this phase,,,,,,,,,,,measured,controlled implementation pilot; not paper-final evidence,measurement,true
C2-CONTROLLED-SNARK,controlled-plonk-pilot-v1,32424b0fc88b4e18a624b23c2bba5de681d3e169,b51fa1bd9bd3db00079057822b5f305afd048981c6fdee344634f6bd7c48b6bb,controlled_kernel,jellyfish-turboplonk-0.8.0-bn254-kzg,default,{},msm,1024,2,,false,,,,,,,,,,,,,,,not-applicable,,,Jellyfish exposes no stable per-proof hook for this phase,,,,,,,,,,,measured,controlled implementation pilot; not paper-final evidence,measurement,true
C2-CONTROLLED-SNARK,controlled-plonk-pilot-v1,32424b0fc88b4e18a624b23c2bba5de681d3e169,b51fa1bd9bd3db00079057822b5f305afd048981c6fdee344634f6bd7c48b6bb,controlled_kernel,jellyfish-turboplonk-0.8.0-bn254-kzg,default,{},msm,1024,4,,false,,,,,,,,,,,,,,,not-applicable,,,Jellyfish exposes no stable per-proof hook for this phase,,,,,,,,,,,measured,controlled implementation pilot; not paper-final evidence,measurement,true
C2-CONTROLLED-SNARK,controlled-plonk-pilot-v1,32424b0fc88b4e18a624b23c2bba5de681d3e169,b51fa1bd9bd3db00079057822b5f305afd048981c6fdee344634f6bd7c48b6bb,controlled_kernel,jellyfish-turboplonk-0.8.0-bn254-kzg,default,{},msm,1024,4,wrong_public_input,false,,,,,,,,,,,,,,,not-applicable,,,Jellyfish exposes no stable per-proof hook for this phase,,,,,,,,,,,measured,controlled implementation pilot; not paper-final evidence,measurement,true
C2-CONTROLLED-SNARK,controlled-plonk-pilot-v1,32424b0fc88b4e18a624b23c2bba5de681d3e169,b51fa1bd9bd3db00079057822b5f305afd048981c6fdee344634f6bd7c48b6bb,controlled_kernel,jellyfish-turboplonk-0.8.0-bn254-kzg,default,{},msm,1024,8,,false,,,,,,,,,,,,,,,not-applicable,,,Jellyfish exposes no stable per-proof hook for this phase,,,,,,,,,,,measured,controlled implementation pilot; not paper-final evidence,measurement,true
C2-CONTROLLED-SNARK,controlled-plonk-pilot-v1,32424b0fc88b4e18a624b23c2bba5de681d3e169,b51fa1bd9bd3db00079057822b5f305afd048981c6fdee344634f6bd7c48b6bb,controlled_kernel,jellyfish-turboplonk-0.8.0-bn254-kzg,default,{},msm,1024,8,wrong_public_input,false,,,,,,,,,,,,,,,not-applicable,,,Jellyfish exposes no stable per-proof hook for this phase,,,,,,,,,,,measured,controlled implementation pilot; not paper-final evidence,measurement,true
C2-CONTROLLED-SNARK,controlled-plonk-pilot-v1,32424b0fc88b4e18a624b23c2bba5de681d3e169,b51fa1bd9bd3db00079057822b5f305afd048981c6fdee344634f6bd7c48b6bb,controlled_kernel,jellyfish-turboplonk-0.8.0-bn254-kzg,default,{},msm,1024,16,,false,,,,,,,,,,,,,,,not-applicable,,,Jellyfish exposes no stable per-proof hook for this phase,,,,,,,,,,,measured,controlled implementation pilot; not paper-final evidence,measurement,true
C2-CONTROLLED-SNARK,controlled-plonk-pilot-v1,32424b0fc88b4e18a624b23c2bba5de681d3e169,b51fa1bd9bd3db00079057822b5f305afd048981c6fdee344634f6bd7c48b6bb,controlled_kernel,jellyfish-turboplonk-0.8.0-bn254-kzg,default,{},msm,4096,1,,false,,,,,,,,,,,,,,,not-applicable,,,Jellyfish exposes no stable per-proof hook for this phase,,,,,,,,,,,measured,controlled implementation pilot; not paper-final evidence,measurement,true
C2-CONTROLLED-SNARK,controlled-plonk-pilot-v1,32424b0fc88b4e18a624b23c2bba5de681d3e169,b51fa1bd9bd3db00079057822b5f305afd048981c6fdee344634f6bd7c48b6bb,controlled_kernel,jellyfish-turboplonk-0.8.0-bn254-kzg,default,{},msm,4096,1,wrong_public_input,false,,,,,,,,,,,,,,,not-applicable,,,Jellyfish exposes no stable per-proof hook for this phase,,,,,,,,,,,measured,controlled implementation pilot; not paper-final evidence,measurement,true
C2-CONTROLLED-SNARK,controlled-plonk-pilot-v1,32424b0fc88b4e18a624b23c2bba5de681d3e169,b51fa1bd9bd3db00079057822b5f305afd048981c6fdee344634f6bd7c48b6bb,controlled_kernel,jellyfish-turboplonk-0.8.0-bn254-kzg,default,{},msm,4096,2,,false,,,,,,,,,,,,,,,not-applicable,,,Jellyfish exposes no stable per-proof hook for this phase,,,,,,,,,,,measured,controlled implementation pilot; not paper-final evidence,measurement,true
C2-CONTROLLED-SNARK,controlled-plonk-pilot-v1,32424b0fc88b4e18a624b23c2bba5de681d3e169,b51fa1bd9bd3db00079057822b5f305afd048981c6fdee344634f6bd7c48b6bb,controlled_kernel,jellyfish-turboplonk-0.8.0-bn254-kzg,default,{},msm,4096,4,,false,,,,,,,,,,,,,,,not-applicable,,,Jellyfish exposes no stable per-proof hook for this phase,,,,,,,,,,,measured,controlled implementation pilot; not paper-final evidence,measurement,true
C2-CONTROLLED-SNARK,controlled-plonk-pilot-v1,32424b0fc88b4e18a624b23c2bba5de681d3e169,b51fa1bd9bd3db00079057822b5f305afd048981c6fdee344634f6bd7c48b6bb,controlled_kernel,jellyfish-turboplonk-0.8.0-bn254-kzg,default,{},msm,4096,4,wrong_public_input,false,,,,,,,,,,,,,,,not-applicable,,,Jellyfish exposes no stable per-proof hook for this phase,,,,,,,,,,,measured,controlled implementation pilot; not paper-final evidence,measurement,true
C2-CONTROLLED-SNARK,controlled-plonk-pilot-v1,32424b0fc88b4e18a624b23c2bba5de681d3e169,b51fa1bd9bd3db00079057822b5f305afd048981c6fdee344634f6bd7c48b6bb,controlled_kernel,jellyfish-turboplonk-0.8.0-bn254-kzg,default,{},msm,4096,8,,false,,,,,,,,,,,,,,,not-applicable,,,Jellyfish exposes no stable per-proof hook for this phase,,,,,,,,,,,measured,controlled implementation pilot; not paper-final evidence,measurement,true
C2-CONTROLLED-SNARK,controlled-plonk-pilot-v1,32424b0fc88b4e18a624b23c2bba5de681d3e169,b51fa1bd9bd3db00079057822b5f305afd048981c6fdee344634f6bd7c48b6bb,controlled_kernel,jellyfish-turboplonk-0.8.0-bn254-kzg,default,{},msm,4096,8,wrong_public_input,false,,,,,,,,,,,,,,,not-applicable,,,Jellyfish exposes no stable per-proof hook for this phase,,,,,,,,,,,measured,controlled implementation pilot; not paper-final evidence,measurement,true
C2-CONTROLLED-SNARK,controlled-plonk-pilot-v1,32424b0fc88b4e18a624b23c2bba5de681d3e169,b51fa1bd9bd3db00079057822b5f305afd048981c6fdee344634f6bd7c48b6bb,controlled_kernel,jellyfish-turboplonk-0.8.0-bn254-kzg,default,{},msm,4096,16,,false,,,,,,,,,,,,,,,not-applicable,,,Jellyfish exposes no stable per-proof hook for this phase,,,,,,,,,,,measured,controlled implementation pilot; not paper-final evidence,measurement,true
C2-CONTROLLED-SNARK,controlled-plonk-pilot-v1,32424b0fc88b4e18a624b23c2bba5de681d3e169,b51fa1bd9bd3db00079057822b5f305afd048981c6fdee344634f6bd7c48b6bb,controlled_kernel,jellyfish-turboplonk-0.8.0-bn254-kzg,default,{},native_execution,64,1,,true,3,0.379480,0.051918,0.364182,0.430014,0.336930,0.437329,,,,,,,,not-applicable,,,,,,,,,,,,,,measured,controlled implementation pilot; not paper-final evidence,measurement,true
C2-CONTROLLED-SNARK,controlled-plonk-pilot-v1,32424b0fc88b4e18a624b23c2bba5de681d3e169,b51fa1bd9bd3db00079057822b5f305afd048981c6fdee344634f6bd7c48b6bb,controlled_kernel,jellyfish-turboplonk-0.8.0-bn254-kzg,default,{},native_execution,64,1,wrong_public_input,true,3,0.391028,0.050579,0.398756,0.433445,0.337030,0.437299,,,,,,,,not-applicable,,,,,,,,,,,,,,measured,controlled implementation pilot; not paper-final evidence,measurement,true
C2-CONTROLLED-SNARK,controlled-plonk-pilot-v1,32424b0fc88b4e18a624b23c2bba5de681d3e169,b51fa1bd9bd3db00079057822b5f305afd048981c6fdee344634f6bd7c48b6bb,controlled_kernel,jellyfish-turboplonk-0.8.0-bn254-kzg,default,{},native_execution,64,2,,true,3,0.363948,0.029120,0.364051,0.390119,0.334777,0.393016,,,,,,,,not-applicable,,,,,,,,,,,,,,measured,controlled implementation pilot; not paper-final evidence,measurement,true
C2-CONTROLLED-SNARK,controlled-plonk-pilot-v1,32424b0fc88b4e18a624b23c2bba5de681d3e169,b51fa1bd9bd3db00079057822b5f305afd048981c6fdee344634f6bd7c48b6bb,controlled_kernel,jellyfish-turboplonk-0.8.0-bn254-kzg,default,{},native_execution,64,4,,true,3,0.353108,0.035244,0.341188,0.387608,0.325370,0.392766,,,,,,,,not-applicable,,,,,,,,,,,,,,measured,controlled implementation pilot; not paper-final evidence,measurement,true
C2-CONTROLLED-SNARK,controlled-plonk-pilot-v1,32424b0fc88b4e18a624b23c2bba5de681d3e169,b51fa1bd9bd3db00079057822b5f305afd048981c6fdee344634f6bd7c48b6bb,controlled_kernel,jellyfish-turboplonk-0.8.0-bn254-kzg,default,{},native_execution,64,4,wrong_public_input,true,3,0.396242,0.060057,0.402804,0.447754,0.333173,0.452748,,,,,,,,not-applicable,,,,,,,,,,,,,,measured,controlled implementation pilot; not paper-final evidence,measurement,true
C2-CONTROLLED-SNARK,controlled-plonk-pilot-v1,32424b0fc88b4e18a624b23c2bba5de681d3e169,b51fa1bd9bd3db00079057822b5f305afd048981c6fdee344634f6bd7c48b6bb,controlled_kernel,jellyfish-turboplonk-0.8.0-bn254-kzg,default,{},native_execution,64,8,,true,3,0.345136,0.046219,0.364993,0.376796,0.292307,0.378108,,,,,,,,not-applicable,,,,,,,,,,,,,,measured,controlled implementation pilot; not paper-final evidence,measurement,true
C2-CONTROLLED-SNARK,controlled-plonk-pilot-v1,32424b0fc88b4e18a624b23c2bba5de681d3e169,b51fa1bd9bd3db00079057822b5f305afd048981c6fdee344634f6bd7c48b6bb,controlled_kernel,jellyfish-turboplonk-0.8.0-bn254-kzg,default,{},native_execution,64,8,wrong_public_input,true,3,0.390123,0.051097,0.383819,0.438054,0.342470,0.444080,,,,,,,,not-applicable,,,,,,,,,,,,,,measured,controlled implementation pilot; not paper-final evidence,measurement,true
C2-CONTROLLED-SNARK,controlled-plonk-pilot-v1,32424b0fc88b4e18a624b23c2bba5de681d3e169,b51fa1bd9bd3db00079057822b5f305afd048981c6fdee344634f6bd7c48b6bb,controlled_kernel,jellyfish-turboplonk-0.8.0-bn254-kzg,default,{},native_execution,64,16,,true,3,0.429070,0.044293,0.418173,0.471833,0.391243,0.477795,,,,,,,,not-applicable,,,,,,,,,,,,,,measured,controlled implementation pilot; not paper-final evidence,measurement,true
C2-CONTROLLED-SNARK,controlled-plonk-pilot-v1,32424b0fc88b4e18a624b23c2bba5de681d3e169,b51fa1bd9bd3db00079057822b5f305afd048981c6fdee344634f6bd7c48b6bb,controlled_kernel,jellyfish-turboplonk-0.8.0-bn254-kzg,default,{},native_execution,256,1,,true,3,0.369261,0.040671,0.358722,0.408621,0.334897,0.414165,,,,,,,,not-applicable,,,,,,,,,,,,,,measured,controlled implementation pilot; not paper-final evidence,measurement,true
C2-CONTROLLED-SNARK,controlled-plonk-pilot-v1,32424b0fc88b4e18a624b23c2bba5de681d3e169,b51fa1bd9bd3db00079057822b5f305afd048981c6fdee344634f6bd7c48b6bb,controlled_kernel,jellyfish-turboplonk-0.8.0-bn254-kzg,default,{},native_execution,256,2,,true,3,0.228388,0.190345,0.323546,0.349505,0.009228,0.352389,,,,,,,,not-applicable,,,,,,,,,,,,,,measured,controlled implementation pilot; not paper-final evidence,measurement,true
C2-CONTROLLED-SNARK,controlled-plonk-pilot-v1,32424b0fc88b4e18a624b23c2bba5de681d3e169,b51fa1bd9bd3db00079057822b5f305afd048981c6fdee344634f6bd7c48b6bb,controlled_kernel,jellyfish-turboplonk-0.8.0-bn254-kzg,default,{},native_execution,256,4,,true,3,0.378004,0.048615,0.359763,0.425768,0.341148,0.433102,,,,,,,,not-applicable,,,,,,,,,,,,,,measured,controlled implementation pilot; not paper-final evidence,measurement,true
C2-CONTROLLED-SNARK,controlled-plonk-pilot-v1,32424b0fc88b4e18a624b23c2bba5de681d3e169,b51fa1bd9bd3db00079057822b5f305afd048981c6fdee344634f6bd7c48b6bb,controlled_kernel,jellyfish-turboplonk-0.8.0-bn254-kzg,default,{},native_execution,256,8,,true,3,0.417704,0.059770,0.432399,0.465121,0.351957,0.468757,,,,,,,,not-applicable,,,,,,,,,,,,,,measured,controlled implementation pilot; not paper-final evidence,measurement,true
C2-CONTROLLED-SNARK,controlled-plonk-pilot-v1,32424b0fc88b4e18a624b23c2bba5de681d3e169,b51fa1bd9bd3db00079057822b5f305afd048981c6fdee344634f6bd7c48b6bb,controlled_kernel,jellyfish-turboplonk-0.8.0-bn254-kzg,default,{},native_execution,256,16,,true,3,0.373793,0.085106,0.344626,0.457146,0.307105,0.469648,,,,,,,,not-applicable,,,,,,,,,,,,,,measured,controlled implementation pilot; not paper-final evidence,measurement,true
C2-CONTROLLED-SNARK,controlled-plonk-pilot-v1,32424b0fc88b4e18a624b23c2bba5de681d3e169,b51fa1bd9bd3db00079057822b5f305afd048981c6fdee344634f6bd7c48b6bb,controlled_kernel,jellyfish-turboplonk-0.8.0-bn254-kzg,default,{},native_execution,1024,1,,true,3,0.343253,0.020066,0.350787,0.357694,0.320510,0.358461,,,,,,,,not-applicable,,,,,,,,,,,,,,measured,controlled implementation pilot; not paper-final evidence,measurement,true
C2-CONTROLLED-SNARK,controlled-plonk-pilot-v1,32424b0fc88b4e18a624b23c2bba5de681d3e169,b51fa1bd9bd3db00079057822b5f305afd048981c6fdee344634f6bd7c48b6bb,controlled_kernel,jellyfish-turboplonk-0.8.0-bn254-kzg,default,{},native_execution,1024,1,wrong_public_input,true,3,0.422761,0.144102,0.400680,0.559034,0.290974,0.576629,,,,,,,,not-applicable,,,,,,,,,,,,,,measured,controlled implementation pilot; not paper-final evidence,measurement,true
C2-CONTROLLED-SNARK,controlled-plonk-pilot-v1,32424b0fc88b4e18a624b23c2bba5de681d3e169,b51fa1bd9bd3db00079057822b5f305afd048981c6fdee344634f6bd7c48b6bb,controlled_kernel,jellyfish-turboplonk-0.8.0-bn254-kzg,default,{},native_execution,1024,2,,true,3,0.344568,0.066110,0.345046,0.403899,0.278221,0.410438,,,,,,,,not-applicable,,,,,,,,,,,,,,measured,controlled implementation pilot; not paper-final evidence,measurement,true
C2-CONTROLLED-SNARK,controlled-plonk-pilot-v1,32424b0fc88b4e18a624b23c2bba5de681d3e169,b51fa1bd9bd3db00079057822b5f305afd048981c6fdee344634f6bd7c48b6bb,controlled_kernel,jellyfish-turboplonk-0.8.0-bn254-kzg,default,{},native_execution,1024,4,,true,3,0.376879,0.022862,0.375543,0.397895,0.354714,0.400379,,,,,,,,not-applicable,,,,,,,,,,,,,,measured,controlled implementation pilot; not paper-final evidence,measurement,true
C2-CONTROLLED-SNARK,controlled-plonk-pilot-v1,32424b0fc88b4e18a624b23c2bba5de681d3e169,b51fa1bd9bd3db00079057822b5f305afd048981c6fdee344634f6bd7c48b6bb,controlled_kernel,jellyfish-turboplonk-0.8.0-bn254-kzg,default,{},native_execution,1024,4,wrong_public_input,true,3,0.395063,0.072449,0.355596,0.466369,0.350917,0.478677,,,,,,,,not-applicable,,,,,,,,,,,,,,measured,controlled implementation pilot; not paper-final evidence,measurement,true
C2-CONTROLLED-SNARK,controlled-plonk-pilot-v1,32424b0fc88b4e18a624b23c2bba5de681d3e169,b51fa1bd9bd3db00079057822b5f305afd048981c6fdee344634f6bd7c48b6bb,controlled_kernel,jellyfish-turboplonk-0.8.0-bn254-kzg,default,{},native_execution,1024,8,,true,3,0.270814,0.210237,0.392084,0.392282,0.028053,0.392304,,,,,,,,not-applicable,,,,,,,,,,,,,,measured,controlled implementation pilot; not paper-final evidence,measurement,true
C2-CONTROLLED-SNARK,controlled-plonk-pilot-v1,32424b0fc88b4e18a624b23c2bba5de681d3e169,b51fa1bd9bd3db00079057822b5f305afd048981c6fdee344634f6bd7c48b6bb,controlled_kernel,jellyfish-turboplonk-0.8.0-bn254-kzg,default,{},native_execution,1024,8,wrong_public_input,true,3,0.422662,0.027264,0.433622,0.441828,0.391624,0.442740,,,,,,,,not-applicable,,,,,,,,,,,,,,measured,controlled implementation pilot; not paper-final evidence,measurement,true
C2-CONTROLLED-SNARK,controlled-plonk-pilot-v1,32424b0fc88b4e18a624b23c2bba5de681d3e169,b51fa1bd9bd3db00079057822b5f305afd048981c6fdee344634f6bd7c48b6bb,controlled_kernel,jellyfish-turboplonk-0.8.0-bn254-kzg,default,{},native_execution,1024,16,,true,3,0.535385,0.226343,0.439072,0.758468,0.373128,0.793956,,,,,,,,not-applicable,,,,,,,,,,,,,,measured,controlled implementation pilot; not paper-final evidence,measurement,true
C2-CONTROLLED-SNARK,controlled-plonk-pilot-v1,32424b0fc88b4e18a624b23c2bba5de681d3e169,b51fa1bd9bd3db00079057822b5f305afd048981c6fdee344634f6bd7c48b6bb,controlled_kernel,jellyfish-turboplonk-0.8.0-bn254-kzg,default,{},native_execution,4096,1,,true,3,0.391333,0.035617,0.407523,0.415133,0.350497,0.415978,,,,,,,,not-applicable,,,,,,,,,,,,,,measured,controlled implementation pilot; not paper-final evidence,measurement,true
C2-CONTROLLED-SNARK,controlled-plonk-pilot-v1,32424b0fc88b4e18a624b23c2bba5de681d3e169,b51fa1bd9bd3db00079057822b5f305afd048981c6fdee344634f6bd7c48b6bb,controlled_kernel,jellyfish-turboplonk-0.8.0-bn254-kzg,default,{},native_execution,4096,1,wrong_public_input,true,3,0.503275,0.010618,0.508592,0.510025,0.491048,0.510184,,,,,,,,not-applicable,,,,,,,,,,,,,,measured,controlled implementation pilot; not paper-final evidence,measurement,true
C2-CONTROLLED-SNARK,controlled-plonk-pilot-v1,32424b0fc88b4e18a624b23c2bba5de681d3e169,b51fa1bd9bd3db00079057822b5f305afd048981c6fdee344634f6bd7c48b6bb,controlled_kernel,jellyfish-turboplonk-0.8.0-bn254-kzg,default,{},native_execution,4096,2,,true,3,0.445634,0.017394,0.442508,0.462192,0.430016,0.464379,,,,,,,,not-applicable,,,,,,,,,,,,,,measured,controlled implementation pilot; not paper-final evidence,measurement,true
C2-CONTROLLED-SNARK,controlled-plonk-pilot-v1,32424b0fc88b4e18a624b23c2bba5de681d3e169,b51fa1bd9bd3db00079057822b5f305afd048981c6fdee344634f6bd7c48b6bb,controlled_kernel,jellyfish-turboplonk-0.8.0-bn254-kzg,default,{},native_execution,4096,4,,true,3,0.622662,0.276812,0.606926,0.876998,0.354053,0.907006,,,,,,,,not-applicable,,,,,,,,,,,,,,measured,controlled implementation pilot; not paper-final evidence,measurement,true
C2-CONTROLLED-SNARK,controlled-plonk-pilot-v1,32424b0fc88b4e18a624b23c2bba5de681d3e169,b51fa1bd9bd3db00079057822b5f305afd048981c6fdee344634f6bd7c48b6bb,controlled_kernel,jellyfish-turboplonk-0.8.0-bn254-kzg,default,{},native_execution,4096,4,wrong_public_input,true,3,0.453246,0.030291,0.468337,0.472557,0.418374,0.473026,,,,,,,,not-applicable,,,,,,,,,,,,,,measured,controlled implementation pilot; not paper-final evidence,measurement,true
C2-CONTROLLED-SNARK,controlled-plonk-pilot-v1,32424b0fc88b4e18a624b23c2bba5de681d3e169,b51fa1bd9bd3db00079057822b5f305afd048981c6fdee344634f6bd7c48b6bb,controlled_kernel,jellyfish-turboplonk-0.8.0-bn254-kzg,default,{},native_execution,4096,8,,true,3,0.455913,0.105578,0.431436,0.557565,0.364723,0.571579,,,,,,,,not-applicable,,,,,,,,,,,,,,measured,controlled implementation pilot; not paper-final evidence,measurement,true
C2-CONTROLLED-SNARK,controlled-plonk-pilot-v1,32424b0fc88b4e18a624b23c2bba5de681d3e169,b51fa1bd9bd3db00079057822b5f305afd048981c6fdee344634f6bd7c48b6bb,controlled_kernel,jellyfish-turboplonk-0.8.0-bn254-kzg,default,{},native_execution,4096,8,wrong_public_input,true,3,0.502464,0.142346,0.572663,0.593734,0.338654,0.596075,,,,,,,,not-applicable,,,,,,,,,,,,,,measured,controlled implementation pilot; not paper-final evidence,measurement,true
C2-CONTROLLED-SNARK,controlled-plonk-pilot-v1,32424b0fc88b4e18a624b23c2bba5de681d3e169,b51fa1bd9bd3db00079057822b5f305afd048981c6fdee344634f6bd7c48b6bb,controlled_kernel,jellyfish-turboplonk-0.8.0-bn254-kzg,default,{},native_execution,4096,16,,true,3,0.485745,0.049028,0.465790,0.534023,0.449841,0.541604,,,,,,,,not-applicable,,,,,,,,,,,,,,measured,controlled implementation pilot; not paper-final evidence,measurement,true
C2-CONTROLLED-SNARK,controlled-plonk-pilot-v1,32424b0fc88b4e18a624b23c2bba5de681d3e169,b51fa1bd9bd3db00079057822b5f305afd048981c6fdee344634f6bd7c48b6bb,controlled_kernel,jellyfish-turboplonk-0.8.0-bn254-kzg,default,{},prove_total,64,1,,true,3,40.027481,2.511306,39.603649,42.411726,37.755060,42.723735,,,,,,,,not-applicable,,,,,,,,4,0.980084,0.875445,0.852269,0.897368,0.998362,measured,controlled implementation pilot; not paper-final evidence,measurement,true
C2-CONTROLLED-SNARK,controlled-plonk-pilot-v1,32424b0fc88b4e18a624b23c2bba5de681d3e169,b51fa1bd9bd3db00079057822b5f305afd048981c6fdee344634f6bd7c48b6bb,controlled_kernel,jellyfish-turboplonk-0.8.0-bn254-kzg,default,{},prove_total,64,1,wrong_public_input,true,3,44.721966,7.981409,41.053372,52.595606,39.234449,53.878077,,,,,,,,not-applicable,,,,,,,,,,,,,,measured,controlled implementation pilot; not paper-final evidence,measurement,true
C2-CONTROLLED-SNARK,controlled-plonk-pilot-v1,32424b0fc88b4e18a624b23c2bba5de681d3e169,b51fa1bd9bd3db00079057822b5f305afd048981c6fdee344634f6bd7c48b6bb,controlled_kernel,jellyfish-turboplonk-0.8.0-bn254-kzg,default,{},prove_total,64,2,,true,3,25.408408,0.480153,25.147751,25.881040,25.114955,25.962517,,,,,,,,not-applicable,,,,1.574839,1.454214,1.701127,0.787419,4,0.711602,0.841489,0.831032,0.871893,0.997903,measured,controlled implementation pilot; not paper-final evidence,measurement,true
C2-CONTROLLED-SNARK,controlled-plonk-pilot-v1,32424b0fc88b4e18a624b23c2bba5de681d3e169,b51fa1bd9bd3db00079057822b5f305afd048981c6fdee344634f6bd7c48b6bb,controlled_kernel,jellyfish-turboplonk-0.8.0-bn254-kzg,default,{},prove_total,64,4,,true,3,25.306212,1.970846,25.924302,26.796966,23.100405,26.893929,,,,,,,,not-applicable,,,,1.527665,1.403851,1.849480,0.381916,4,1.193228,0.716856,0.698322,0.746360,0.992202,measured,controlled implementation pilot; not paper-final evidence,measurement,true
C2-CONTROLLED-SNARK,controlled-plonk-pilot-v1,32424b0fc88b4e18a624b23c2bba5de681d3e169,b51fa1bd9bd3db00079057822b5f305afd048981c6fdee344634f6bd7c48b6bb,controlled_kernel,jellyfish-turboplonk-0.8.0-bn254-kzg,default,{},prove_total,64,4,wrong_public_input,true,3,24.824816,0.892547,24.878033,25.608411,23.906851,25.689564,,,,,,,,not-applicable,,,,,,,,,,,,,,measured,controlled implementation pilot; not paper-final evidence,measurement,true
C2-CONTROLLED-SNARK,controlled-plonk-pilot-v1,32424b0fc88b4e18a624b23c2bba5de681d3e169,b51fa1bd9bd3db00079057822b5f305afd048981c6fdee344634f6bd7c48b6bb,controlled_kernel,jellyfish-turboplonk-0.8.0-bn254-kzg,default,{},prove_total,64,8,,true,3,43.605110,3.802793,42.890366,47.232142,40.210404,47.714561,,,,,,,,not-applicable,,,,0.923369,0.791269,1.062504,0.115421,4,4.071296,0.549493,0.520982,0.575006,0.993247,measured,controlled implementation pilot; not paper-final evidence,measurement,true
C2-CONTROLLED-SNARK,controlled-plonk-pilot-v1,32424b0fc88b4e18a624b23c2bba5de681d3e169,b51fa1bd9bd3db00079057822b5f305afd048981c6fdee344634f6bd7c48b6bb,controlled_kernel,jellyfish-turboplonk-0.8.0-bn254-kzg,default,{},prove_total,64,8,wrong_public_input,true,3,47.535300,5.227540,44.936796,52.691308,44.116182,53.552921,,,,,,,,not-applicable,,,,,,,,,,,,,,measured,controlled implementation pilot; not paper-final evidence,measurement,true
C2-CONTROLLED-SNARK,controlled-plonk-pilot-v1,32424b0fc88b4e18a624b23c2bba5de681d3e169,b51fa1bd9bd3db00079057822b5f305afd048981c6fdee344634f6bd7c48b6bb,controlled_kernel,jellyfish-turboplonk-0.8.0-bn254-kzg,default,{},prove_total,64,16,,true,3,97.816174,8.607490,102.255092,103.193774,87.895359,103.298072,,,,,,,,not-applicable,,,,0.387302,0.365496,0.486075,0.024206,4,15.940454,0.433757,0.388287,0.490003,0.988667,measured,controlled implementation pilot; not paper-final evidence,measurement,true
C2-CONTROLLED-SNARK,controlled-plonk-pilot-v1,32424b0fc88b4e18a624b23c2bba5de681d3e169,b51fa1bd9bd3db00079057822b5f305afd048981c6fdee344634f6bd7c48b6bb,controlled_kernel,jellyfish-turboplonk-0.8.0-bn254-kzg,default,{},prove_total,256,1,,true,3,118.377488,6.929991,115.033355,125.214173,113.753734,126.345375,,,,,,,,not-applicable,,,,,,,,8,0.980084,0.875445,0.852269,0.897368,0.998362,measured,controlled implementation pilot; not paper-final evidence,measurement,true
C2-CONTROLLED-SNARK,controlled-plonk-pilot-v1,32424b0fc88b4e18a624b23c2bba5de681d3e169,b51fa1bd9bd3db00079057822b5f305afd048981c6fdee344634f6bd7c48b6bb,controlled_kernel,jellyfish-turboplonk-0.8.0-bn254-kzg,default,{},prove_total,256,2,,true,3,69.687481,0.429749,69.552798,70.106876,69.341204,70.168440,,,,,,,,not-applicable,,,,1.653900,1.621152,1.822082,0.826950,8,0.711602,0.841489,0.831032,0.871893,0.997903,measured,controlled implementation pilot; not paper-final evidence,measurement,true
C2-CONTROLLED-SNARK,controlled-plonk-pilot-v1,32424b0fc88b4e18a624b23c2bba5de681d3e169,b51fa1bd9bd3db00079057822b5f305afd048981c6fdee344634f6bd7c48b6bb,controlled_kernel,jellyfish-turboplonk-0.8.0-bn254-kzg,default,{},prove_total,256,4,,true,3,58.123881,2.929943,57.805267,60.860626,55.366267,61.200110,,,,,,,,not-applicable,,,,1.990015,1.858718,2.281992,0.497504,8,1.193228,0.716856,0.698322,0.746360,0.992202,measured,controlled implementation pilot; not paper-final evidence,measurement,true
C2-CONTROLLED-SNARK,controlled-plonk-pilot-v1,32424b0fc88b4e18a624b23c2bba5de681d3e169,b51fa1bd9bd3db00079057822b5f305afd048981c6fdee344634f6bd7c48b6bb,controlled_kernel,jellyfish-turboplonk-0.8.0-bn254-kzg,default,{},prove_total,256,8,,true,3,79.982101,3.270133,80.092447,82.885343,76.658192,83.195665,,,,,,,,not-applicable,,,,1.436257,1.367304,1.648165,0.179532,8,4.071296,0.549493,0.520982,0.575006,0.993247,measured,controlled implementation pilot; not paper-final evidence,measurement,true
C2-CONTROLLED-SNARK,controlled-plonk-pilot-v1,32424b0fc88b4e18a624b23c2bba5de681d3e169,b51fa1bd9bd3db00079057822b5f305afd048981c6fdee344634f6bd7c48b6bb,controlled_kernel,jellyfish-turboplonk-0.8.0-bn254-kzg,default,{},prove_total,256,16,,true,3,170.610093,7.735864,171.329021,177.298159,162.539860,177.961397,,,,,,,,not-applicable,,,,0.671418,0.639205,0.777319,0.041964,8,15.940454,0.433757,0.388287,0.490003,0.988667,measured,controlled implementation pilot; not paper-final evidence,measurement,true
C2-CONTROLLED-SNARK,controlled-plonk-pilot-v1,32424b0fc88b4e18a624b23c2bba5de681d3e169,b51fa1bd9bd3db00079057822b5f305afd048981c6fdee344634f6bd7c48b6bb,controlled_kernel,jellyfish-turboplonk-0.8.0-bn254-kzg,default,{},prove_total,1024,1,,true,3,416.831683,15.200885,424.895650,426.160835,399.297987,426.301411,,,,,,,,not-applicable,,,,,,,,8,0.980084,0.875445,0.852269,0.897368,0.998362,measured,controlled implementation pilot; not paper-final evidence,measurement,true
C2-CONTROLLED-SNARK,controlled-plonk-pilot-v1,32424b0fc88b4e18a624b23c2bba5de681d3e169,b51fa1bd9bd3db00079057822b5f305afd048981c6fdee344634f6bd7c48b6bb,controlled_kernel,jellyfish-turboplonk-0.8.0-bn254-kzg,default,{},prove_total,1024,1,wrong_public_input,true,3,423.860017,31.357981,408.447255,454.792260,403.191091,459.941705,,,,,,,,not-applicable,,,,,,,,,,,,,,measured,controlled implementation pilot; not paper-final evidence,measurement,true
C2-CONTROLLED-SNARK,controlled-plonk-pilot-v1,32424b0fc88b4e18a624b23c2bba5de681d3e169,b51fa1bd9bd3db00079057822b5f305afd048981c6fdee344634f6bd7c48b6bb,controlled_kernel,jellyfish-turboplonk-0.8.0-bn254-kzg,default,{},prove_total,1024,2,,true,3,235.521740,8.521942,236.096734,242.977135,226.726862,243.741624,,,,,,,,not-applicable,,,,1.799668,1.638202,1.880242,0.899834,8,0.711602,0.841489,0.831032,0.871893,0.997903,measured,controlled implementation pilot; not paper-final evidence,measurement,true
C2-CONTROLLED-SNARK,controlled-plonk-pilot-v1,32424b0fc88b4e18a624b23c2bba5de681d3e169,b51fa1bd9bd3db00079057822b5f305afd048981c6fdee344634f6bd7c48b6bb,controlled_kernel,jellyfish-turboplonk-0.8.0-bn254-kzg,default,{},prove_total,1024,4,,true,3,155.451647,3.436376,154.978819,158.687839,152.276169,159.099952,,,,,,,,not-applicable,,,,2.741637,2.509730,2.799528,0.685409,8,1.193228,0.716856,0.698322,0.746360,0.992202,measured,controlled implementation pilot; not paper-final evidence,measurement,true
C2-CONTROLLED-SNARK,controlled-plonk-pilot-v1,32424b0fc88b4e18a624b23c2bba5de681d3e169,b51fa1bd9bd3db00079057822b5f305afd048981c6fdee344634f6bd7c48b6bb,controlled_kernel,jellyfish-turboplonk-0.8.0-bn254-kzg,default,{},prove_total,1024,4,wrong_public_input,true,3,161.312190,10.348830,158.755641,171.305280,152.481244,172.699684,,,,,,,,not-applicable,,,,,,,,,,,,,,measured,controlled implementation pilot; not paper-final evidence,measurement,true
C2-CONTROLLED-SNARK,controlled-plonk-pilot-v1,32424b0fc88b4e18a624b23c2bba5de681d3e169,b51fa1bd9bd3db00079057822b5f305afd048981c6fdee344634f6bd7c48b6bb,controlled_kernel,jellyfish-turboplonk-0.8.0-bn254-kzg,default,{},prove_total,1024,8,,true,3,175.670578,14.318159,170.744033,189.695815,164.466132,191.801569,,,,,,,,not-applicable,,,,2.488495,2.081829,2.592032,0.311062,8,4.071296,0.549493,0.520982,0.575006,0.993247,measured,controlled implementation pilot; not paper-final evidence,measurement,true
C2-CONTROLLED-SNARK,controlled-plonk-pilot-v1,32424b0fc88b4e18a624b23c2bba5de681d3e169,b51fa1bd9bd3db00079057822b5f305afd048981c6fdee344634f6bd7c48b6bb,controlled_kernel,jellyfish-turboplonk-0.8.0-bn254-kzg,default,{},prove_total,1024,8,wrong_public_input,true,3,172.119139,11.669075,167.058033,183.623693,163.835063,185.464322,,,,,,,,not-applicable,,,,,,,,,,,,,,measured,controlled implementation pilot; not paper-final evidence,measurement,true
C2-CONTROLLED-SNARK,controlled-plonk-pilot-v1,32424b0fc88b4e18a624b23c2bba5de681d3e169,b51fa1bd9bd3db00079057822b5f305afd048981c6fdee344634f6bd7c48b6bb,controlled_kernel,jellyfish-turboplonk-0.8.0-bn254-kzg,default,{},prove_total,1024,16,,true,3,267.187591,55.753097,290.762553,305.628695,203.519731,307.280489,,,,,,,,not-applicable,,,,1.461315,1.299458,2.094644,0.091332,8,15.940454,0.433757,0.388287,0.490003,0.988667,measured,controlled implementation pilot; not paper-final evidence,measurement,true
C2-CONTROLLED-SNARK,controlled-plonk-pilot-v1,32424b0fc88b4e18a624b23c2bba5de681d3e169,b51fa1bd9bd3db00079057822b5f305afd048981c6fdee344634f6bd7c48b6bb,controlled_kernel,jellyfish-turboplonk-0.8.0-bn254-kzg,default,{},prove_total,4096,1,,true,3,1489.557070,47.398110,1463.809838,1536.211750,1460.604966,1544.256407,,,,,,,,not-applicable,,,,,,,,,0.980084,0.875445,0.852269,0.897368,0.998362,measured,controlled implementation pilot; not paper-final evidence,measurement,true
C2-CONTROLLED-SNARK,controlled-plonk-pilot-v1,32424b0fc88b4e18a624b23c2bba5de681d3e169,b51fa1bd9bd3db00079057822b5f305afd048981c6fdee344634f6bd7c48b6bb,controlled_kernel,jellyfish-turboplonk-0.8.0-bn254-kzg,default,{},prove_total,4096,1,wrong_public_input,true,3,1454.580580,38.984351,1436.966313,1493.033916,1427.511776,1499.263650,,,,,,,,not-applicable,,,,,,,,,,,,,,measured,controlled implementation pilot; not paper-final evidence,measurement,true
C2-CONTROLLED-SNARK,controlled-plonk-pilot-v1,32424b0fc88b4e18a624b23c2bba5de681d3e169,b51fa1bd9bd3db00079057822b5f305afd048981c6fdee344634f6bd7c48b6bb,controlled_kernel,jellyfish-turboplonk-0.8.0-bn254-kzg,default,{},prove_total,4096,2,,true,3,850.874132,68.409184,817.204317,918.353764,805.825487,929.592592,,,,,,,,not-applicable,,,,1.791241,1.571231,1.916366,0.895620,,0.711602,0.841489,0.831032,0.871893,0.997903,measured,controlled implementation pilot; not paper-final evidence,measurement,true
C2-CONTROLLED-SNARK,controlled-plonk-pilot-v1,32424b0fc88b4e18a624b23c2bba5de681d3e169,b51fa1bd9bd3db00079057822b5f305afd048981c6fdee344634f6bd7c48b6bb,controlled_kernel,jellyfish-turboplonk-0.8.0-bn254-kzg,default,{},prove_total,4096,4,,true,3,506.309257,16.257997,512.357789,518.044200,487.893958,518.676024,,,,,,,,not-applicable,,,,2.857007,2.816026,3.165148,0.714252,,1.193228,0.716856,0.698322,0.746360,0.992202,measured,controlled implementation pilot; not paper-final evidence,measurement,true
C2-CONTROLLED-SNARK,controlled-plonk-pilot-v1,32424b0fc88b4e18a624b23c2bba5de681d3e169,b51fa1bd9bd3db00079057822b5f305afd048981c6fdee344634f6bd7c48b6bb,controlled_kernel,jellyfish-turboplonk-0.8.0-bn254-kzg,default,{},prove_total,4096,4,wrong_public_input,true,3,521.143605,6.483253,520.398119,527.210450,515.065320,527.967376,,,,,,,,not-applicable,,,,,,,,,,,,,,measured,controlled implementation pilot; not paper-final evidence,measurement,true
C2-CONTROLLED-SNARK,controlled-plonk-pilot-v1,32424b0fc88b4e18a624b23c2bba5de681d3e169,b51fa1bd9bd3db00079057822b5f305afd048981c6fdee344634f6bd7c48b6bb,controlled_kernel,jellyfish-turboplonk-0.8.0-bn254-kzg,default,{},prove_total,4096,8,,true,3,425.723037,11.376057,422.215817,436.817340,416.513562,438.439731,,,,,,,,not-applicable,,,,3.466971,3.331370,3.707578,0.433371,,4.071296,0.549493,0.520982,0.575006,0.993247,measured,controlled implementation pilot; not paper-final evidence,measurement,true
C2-CONTROLLED-SNARK,controlled-plonk-pilot-v1,32424b0fc88b4e18a624b23c2bba5de681d3e169,b51fa1bd9bd3db00079057822b5f305afd048981c6fdee344634f6bd7c48b6bb,controlled_kernel,jellyfish-turboplonk-0.8.0-bn254-kzg,default,{},prove_total,4096,8,wrong_public_input,true,3,429.700403,2.982228,430.633942,431.957160,426.363083,432.104184,,,,,,,,not-applicable,,,,,,,,,,,,,,measured,controlled implementation pilot; not paper-final evidence,measurement,true
C2-CONTROLLED-SNARK,controlled-plonk-pilot-v1,32424b0fc88b4e18a624b23c2bba5de681d3e169,b51fa1bd9bd3db00079057822b5f305afd048981c6fdee344634f6bd7c48b6bb,controlled_kernel,jellyfish-turboplonk-0.8.0-bn254-kzg,default,{},prove_total,4096,16,,true,3,639.922058,55.176812,636.221499,690.792551,586.688674,696.856001,,,,,,,,not-applicable,,,,2.300787,2.095993,2.632157,0.143799,,15.940454,0.433757,0.388287,0.490003,0.988667,measured,controlled implementation pilot; not paper-final evidence,measurement,true
C2-CONTROLLED-SNARK,controlled-plonk-pilot-v1,32424b0fc88b4e18a624b23c2bba5de681d3e169,b51fa1bd9bd3db00079057822b5f305afd048981c6fdee344634f6bd7c48b6bb,controlled_kernel,jellyfish-turboplonk-0.8.0-bn254-kzg,default,{},serialize,64,1,,true,3,0.004695,0.000960,0.004939,0.005453,0.003637,0.005510,,,,,,,,not-applicable,,,,,,,,,,,,,,measured,controlled implementation pilot; not paper-final evidence,measurement,true
C2-CONTROLLED-SNARK,controlled-plonk-pilot-v1,32424b0fc88b4e18a624b23c2bba5de681d3e169,b51fa1bd9bd3db00079057822b5f305afd048981c6fdee344634f6bd7c48b6bb,controlled_kernel,jellyfish-turboplonk-0.8.0-bn254-kzg,default,{},serialize,64,1,wrong_public_input,true,3,0.005294,0.000276,0.005270,0.005550,0.005030,0.005581,,,,,,,,not-applicable,,,,,,,,,,,,,,measured,controlled implementation pilot; not paper-final evidence,measurement,true
C2-CONTROLLED-SNARK,controlled-plonk-pilot-v1,32424b0fc88b4e18a624b23c2bba5de681d3e169,b51fa1bd9bd3db00079057822b5f305afd048981c6fdee344634f6bd7c48b6bb,controlled_kernel,jellyfish-turboplonk-0.8.0-bn254-kzg,default,{},serialize,64,2,,true,3,0.004335,0.000573,0.004439,0.004808,0.003717,0.004849,,,,,,,,not-applicable,,,,,,,,,,,,,,measured,controlled implementation pilot; not paper-final evidence,measurement,true
C2-CONTROLLED-SNARK,controlled-plonk-pilot-v1,32424b0fc88b4e18a624b23c2bba5de681d3e169,b51fa1bd9bd3db00079057822b5f305afd048981c6fdee344634f6bd7c48b6bb,controlled_kernel,jellyfish-turboplonk-0.8.0-bn254-kzg,default,{},serialize,64,4,,true,3,0.005430,0.001630,0.004919,0.007020,0.004117,0.007254,,,,,,,,not-applicable,,,,,,,,,,,,,,measured,controlled implementation pilot; not paper-final evidence,measurement,true
C2-CONTROLLED-SNARK,controlled-plonk-pilot-v1,32424b0fc88b4e18a624b23c2bba5de681d3e169,b51fa1bd9bd3db00079057822b5f305afd048981c6fdee344634f6bd7c48b6bb,controlled_kernel,jellyfish-turboplonk-0.8.0-bn254-kzg,default,{},serialize,64,4,wrong_public_input,true,3,0.004565,0.000181,0.004649,0.004685,0.004358,0.004689,,,,,,,,not-applicable,,,,,,,,,,,,,,measured,controlled implementation pilot; not paper-final evidence,measurement,true
C2-CONTROLLED-SNARK,controlled-plonk-pilot-v1,32424b0fc88b4e18a624b23c2bba5de681d3e169,b51fa1bd9bd3db00079057822b5f305afd048981c6fdee344634f6bd7c48b6bb,controlled_kernel,jellyfish-turboplonk-0.8.0-bn254-kzg,default,{},serialize,64,8,,true,3,0.005597,0.000853,0.005480,0.006400,0.004809,0.006502,,,,,,,,not-applicable,,,,,,,,,,,,,,measured,controlled implementation pilot; not paper-final evidence,measurement,true
C2-CONTROLLED-SNARK,controlled-plonk-pilot-v1,32424b0fc88b4e18a624b23c2bba5de681d3e169,b51fa1bd9bd3db00079057822b5f305afd048981c6fdee344634f6bd7c48b6bb,controlled_kernel,jellyfish-turboplonk-0.8.0-bn254-kzg,default,{},serialize,64,8,wrong_public_input,true,3,0.006452,0.002066,0.005320,0.008485,0.005200,0.008837,,,,,,,,not-applicable,,,,,,,,,,,,,,measured,controlled implementation pilot; not paper-final evidence,measurement,true
C2-CONTROLLED-SNARK,controlled-plonk-pilot-v1,32424b0fc88b4e18a624b23c2bba5de681d3e169,b51fa1bd9bd3db00079057822b5f305afd048981c6fdee344634f6bd7c48b6bb,controlled_kernel,jellyfish-turboplonk-0.8.0-bn254-kzg,default,{},serialize,64,16,,true,3,0.006392,0.001330,0.007083,0.007219,0.004859,0.007234,,,,,,,,not-applicable,,,,,,,,,,,,,,measured,controlled implementation pilot; not paper-final evidence,measurement,true
C2-CONTROLLED-SNARK,controlled-plonk-pilot-v1,32424b0fc88b4e18a624b23c2bba5de681d3e169,b51fa1bd9bd3db00079057822b5f305afd048981c6fdee344634f6bd7c48b6bb,controlled_kernel,jellyfish-turboplonk-0.8.0-bn254-kzg,default,{},serialize,256,1,,true,3,0.004843,0.000604,0.004910,0.005360,0.004208,0.005410,,,,,,,,not-applicable,,,,,,,,,,,,,,measured,controlled implementation pilot; not paper-final evidence,measurement,true
C2-CONTROLLED-SNARK,controlled-plonk-pilot-v1,32424b0fc88b4e18a624b23c2bba5de681d3e169,b51fa1bd9bd3db00079057822b5f305afd048981c6fdee344634f6bd7c48b6bb,controlled_kernel,jellyfish-turboplonk-0.8.0-bn254-kzg,default,{},serialize,256,2,,true,3,0.004645,0.000536,0.004849,0.005030,0.004037,0.005050,,,,,,,,not-applicable,,,,,,,,,,,,,,measured,controlled implementation pilot; not paper-final evidence,measurement,true
C2-CONTROLLED-SNARK,controlled-plonk-pilot-v1,32424b0fc88b4e18a624b23c2bba5de681d3e169,b51fa1bd9bd3db00079057822b5f305afd048981c6fdee344634f6bd7c48b6bb,controlled_kernel,jellyfish-turboplonk-0.8.0-bn254-kzg,default,{},serialize,256,4,,true,3,0.004899,0.000469,0.004799,0.005349,0.004489,0.005410,,,,,,,,not-applicable,,,,,,,,,,,,,,measured,controlled implementation pilot; not paper-final evidence,measurement,true
C2-CONTROLLED-SNARK,controlled-plonk-pilot-v1,32424b0fc88b4e18a624b23c2bba5de681d3e169,b51fa1bd9bd3db00079057822b5f305afd048981c6fdee344634f6bd7c48b6bb,controlled_kernel,jellyfish-turboplonk-0.8.0-bn254-kzg,default,{},serialize,256,8,,true,3,0.006429,0.001077,0.006221,0.007457,0.005471,0.007594,,,,,,,,not-applicable,,,,,,,,,,,,,,measured,controlled implementation pilot; not paper-final evidence,measurement,true
C2-CONTROLLED-SNARK,controlled-plonk-pilot-v1,32424b0fc88b4e18a624b23c2bba5de681d3e169,b51fa1bd9bd3db00079057822b5f305afd048981c6fdee344634f6bd7c48b6bb,controlled_kernel,jellyfish-turboplonk-0.8.0-bn254-kzg,default,{},serialize,256,16,,true,3,0.006045,0.001304,0.006282,0.007121,0.004638,0.007214,,,,,,,,not-applicable,,,,,,,,,,,,,,measured,controlled implementation pilot; not paper-final evidence,measurement,true
C2-CONTROLLED-SNARK,controlled-plonk-pilot-v1,32424b0fc88b4e18a624b23c2bba5de681d3e169,b51fa1bd9bd3db00079057822b5f305afd048981c6fdee344634f6bd7c48b6bb,controlled_kernel,jellyfish-turboplonk-0.8.0-bn254-kzg,default,{},serialize,1024,1,,true,3,0.004992,0.000462,0.005019,0.005398,0.004518,0.005440,,,,,,,,not-applicable,,,,,,,,,,,,,,measured,controlled implementation pilot; not paper-final evidence,measurement,true
C2-CONTROLLED-SNARK,controlled-plonk-pilot-v1,32424b0fc88b4e18a624b23c2bba5de681d3e169,b51fa1bd9bd3db00079057822b5f305afd048981c6fdee344634f6bd7c48b6bb,controlled_kernel,jellyfish-turboplonk-0.8.0-bn254-kzg,default,{},serialize,1024,1,wrong_public_input,true,3,0.004385,0.000238,0.004348,0.004610,0.004168,0.004639,,,,,,,,not-applicable,,,,,,,,,,,,,,measured,controlled implementation pilot; not paper-final evidence,measurement,true
C2-CONTROLLED-SNARK,controlled-plonk-pilot-v1,32424b0fc88b4e18a624b23c2bba5de681d3e169,b51fa1bd9bd3db00079057822b5f305afd048981c6fdee344634f6bd7c48b6bb,controlled_kernel,jellyfish-turboplonk-0.8.0-bn254-kzg,default,{},serialize,1024,2,,true,3,0.004258,0.000078,0.004218,0.004335,0.004208,0.004348,,,,,,,,not-applicable,,,,,,,,,,,,,,measured,controlled implementation pilot; not paper-final evidence,measurement,true
C2-CONTROLLED-SNARK,controlled-plonk-pilot-v1,32424b0fc88b4e18a624b23c2bba5de681d3e169,b51fa1bd9bd3db00079057822b5f305afd048981c6fdee344634f6bd7c48b6bb,controlled_kernel,jellyfish-turboplonk-0.8.0-bn254-kzg,default,{},serialize,1024,4,,true,3,0.004461,0.000682,0.004428,0.005086,0.003797,0.005159,,,,,,,,not-applicable,,,,,,,,,,,,,,measured,controlled implementation pilot; not paper-final evidence,measurement,true
C2-CONTROLLED-SNARK,controlled-plonk-pilot-v1,32424b0fc88b4e18a624b23c2bba5de681d3e169,b51fa1bd9bd3db00079057822b5f305afd048981c6fdee344634f6bd7c48b6bb,controlled_kernel,jellyfish-turboplonk-0.8.0-bn254-kzg,default,{},serialize,1024,4,wrong_public_input,true,3,0.005868,0.002166,0.004990,0.008001,0.004278,0.008335,,,,,,,,not-applicable,,,,,,,,,,,,,,measured,controlled implementation pilot; not paper-final evidence,measurement,true
C2-CONTROLLED-SNARK,controlled-plonk-pilot-v1,32424b0fc88b4e18a624b23c2bba5de681d3e169,b51fa1bd9bd3db00079057822b5f305afd048981c6fdee344634f6bd7c48b6bb,controlled_kernel,jellyfish-turboplonk-0.8.0-bn254-kzg,default,{},serialize,1024,8,,true,3,0.005283,0.000324,0.005159,0.005602,0.005039,0.005651,,,,,,,,not-applicable,,,,,,,,,,,,,,measured,controlled implementation pilot; not paper-final evidence,measurement,true
C2-CONTROLLED-SNARK,controlled-plonk-pilot-v1,32424b0fc88b4e18a624b23c2bba5de681d3e169,b51fa1bd9bd3db00079057822b5f305afd048981c6fdee344634f6bd7c48b6bb,controlled_kernel,jellyfish-turboplonk-0.8.0-bn254-kzg,default,{},serialize,1024,8,wrong_public_input,true,3,0.005213,0.000266,0.005189,0.005460,0.004959,0.005490,,,,,,,,not-applicable,,,,,,,,,,,,,,measured,controlled implementation pilot; not paper-final evidence,measurement,true
C2-CONTROLLED-SNARK,controlled-plonk-pilot-v1,32424b0fc88b4e18a624b23c2bba5de681d3e169,b51fa1bd9bd3db00079057822b5f305afd048981c6fdee344634f6bd7c48b6bb,controlled_kernel,jellyfish-turboplonk-0.8.0-bn254-kzg,default,{},serialize,1024,16,,true,3,0.006402,0.002619,0.005270,0.008984,0.004539,0.009397,,,,,,,,not-applicable,,,,,,,,,,,,,,measured,controlled implementation pilot; not paper-final evidence,measurement,true
C2-CONTROLLED-SNARK,controlled-plonk-pilot-v1,32424b0fc88b4e18a624b23c2bba5de681d3e169,b51fa1bd9bd3db00079057822b5f305afd048981c6fdee344634f6bd7c48b6bb,controlled_kernel,jellyfish-turboplonk-0.8.0-bn254-kzg,default,{},serialize,4096,1,,true,3,0.005210,0.000281,0.005210,0.005462,0.004929,0.005490,,,,,,,,not-applicable,,,,,,,,,,,,,,measured,controlled implementation pilot; not paper-final evidence,measurement,true
C2-CONTROLLED-SNARK,controlled-plonk-pilot-v1,32424b0fc88b4e18a624b23c2bba5de681d3e169,b51fa1bd9bd3db00079057822b5f305afd048981c6fdee344634f6bd7c48b6bb,controlled_kernel,jellyfish-turboplonk-0.8.0-bn254-kzg,default,{},serialize,4096,1,wrong_public_input,true,3,0.004766,0.000314,0.004659,0.005073,0.004519,0.005119,,,,,,,,not-applicable,,,,,,,,,,,,,,measured,controlled implementation pilot; not paper-final evidence,measurement,true
C2-CONTROLLED-SNARK,controlled-plonk-pilot-v1,32424b0fc88b4e18a624b23c2bba5de681d3e169,b51fa1bd9bd3db00079057822b5f305afd048981c6fdee344634f6bd7c48b6bb,controlled_kernel,jellyfish-turboplonk-0.8.0-bn254-kzg,default,{},serialize,4096,2,,true,3,0.005814,0.000233,0.005901,0.005982,0.005550,0.005991,,,,,,,,not-applicable,,,,,,,,,,,,,,measured,controlled implementation pilot; not paper-final evidence,measurement,true
C2-CONTROLLED-SNARK,controlled-plonk-pilot-v1,32424b0fc88b4e18a624b23c2bba5de681d3e169,b51fa1bd9bd3db00079057822b5f305afd048981c6fdee344634f6bd7c48b6bb,controlled_kernel,jellyfish-turboplonk-0.8.0-bn254-kzg,default,{},serialize,4096,4,,true,3,0.004405,0.000185,0.004298,0.004587,0.004298,0.004619,,,,,,,,not-applicable,,,,,,,,,,,,,,measured,controlled implementation pilot; not paper-final evidence,measurement,true
C2-CONTROLLED-SNARK,controlled-plonk-pilot-v1,32424b0fc88b4e18a624b23c2bba5de681d3e169,b51fa1bd9bd3db00079057822b5f305afd048981c6fdee344634f6bd7c48b6bb,controlled_kernel,jellyfish-turboplonk-0.8.0-bn254-kzg,default,{},serialize,4096,4,wrong_public_input,true,3,0.004729,0.000312,0.004909,0.004909,0.004369,0.004909,,,,,,,,not-applicable,,,,,,,,,,,,,,measured,controlled implementation pilot; not paper-final evidence,measurement,true
C2-CONTROLLED-SNARK,controlled-plonk-pilot-v1,32424b0fc88b4e18a624b23c2bba5de681d3e169,b51fa1bd9bd3db00079057822b5f305afd048981c6fdee344634f6bd7c48b6bb,controlled_kernel,jellyfish-turboplonk-0.8.0-bn254-kzg,default,{},serialize,4096,8,,true,3,0.005491,0.000592,0.005450,0.006037,0.004920,0.006102,,,,,,,,not-applicable,,,,,,,,,,,,,,measured,controlled implementation pilot; not paper-final evidence,measurement,true
C2-CONTROLLED-SNARK,controlled-plonk-pilot-v1,32424b0fc88b4e18a624b23c2bba5de681d3e169,b51fa1bd9bd3db00079057822b5f305afd048981c6fdee344634f6bd7c48b6bb,controlled_kernel,jellyfish-turboplonk-0.8.0-bn254-kzg,default,{},serialize,4096,8,wrong_public_input,true,3,0.004809,0.000294,0.004909,0.005026,0.004478,0.005039,,,,,,,,not-applicable,,,,,,,,,,,,,,measured,controlled implementation pilot; not paper-final evidence,measurement,true
C2-CONTROLLED-SNARK,controlled-plonk-pilot-v1,32424b0fc88b4e18a624b23c2bba5de681d3e169,b51fa1bd9bd3db00079057822b5f305afd048981c6fdee344634f6bd7c48b6bb,controlled_kernel,jellyfish-turboplonk-0.8.0-bn254-kzg,default,{},serialize,4096,16,,true,3,0.006142,0.001717,0.005320,0.007836,0.004990,0.008116,,,,,,,,not-applicable,,,,,,,,,,,,,,measured,controlled implementation pilot; not paper-final evidence,measurement,true
C2-CONTROLLED-SNARK,controlled-plonk-pilot-v1,32424b0fc88b4e18a624b23c2bba5de681d3e169,b51fa1bd9bd3db00079057822b5f305afd048981c6fdee344634f6bd7c48b6bb,controlled_kernel,jellyfish-turboplonk-0.8.0-bn254-kzg,default,{},setup_or_preprocess,64,1,,true,3,25.979288,1.010743,25.630056,26.969508,25.189471,27.118336,,,,,,,,not-applicable,,,,,,,,,,,,,,measured,controlled implementation pilot; not paper-final evidence,measurement,true
C2-CONTROLLED-SNARK,controlled-plonk-pilot-v1,32424b0fc88b4e18a624b23c2bba5de681d3e169,b51fa1bd9bd3db00079057822b5f305afd048981c6fdee344634f6bd7c48b6bb,controlled_kernel,jellyfish-turboplonk-0.8.0-bn254-kzg,default,{},setup_or_preprocess,64,1,wrong_public_input,true,3,27.940074,2.802680,27.468925,30.600514,25.402828,30.948468,,,,,,,,not-applicable,,,,,,,,,,,,,,measured,controlled implementation pilot; not paper-final evidence,measurement,true
C2-CONTROLLED-SNARK,controlled-plonk-pilot-v1,32424b0fc88b4e18a624b23c2bba5de681d3e169,b51fa1bd9bd3db00079057822b5f305afd048981c6fdee344634f6bd7c48b6bb,controlled_kernel,jellyfish-turboplonk-0.8.0-bn254-kzg,default,{},setup_or_preprocess,64,2,,true,3,16.638506,0.717531,16.298705,17.346406,16.153997,17.462817,,,,,,,,not-applicable,,,,,,,,,,,,,,measured,controlled implementation pilot; not paper-final evidence,measurement,true
C2-CONTROLLED-SNARK,controlled-plonk-pilot-v1,32424b0fc88b4e18a624b23c2bba5de681d3e169,b51fa1bd9bd3db00079057822b5f305afd048981c6fdee344634f6bd7c48b6bb,controlled_kernel,jellyfish-turboplonk-0.8.0-bn254-kzg,default,{},setup_or_preprocess,64,4,,true,3,14.060568,1.796548,13.868971,15.737609,12.367498,15.945236,,,,,,,,not-applicable,,,,,,,,,,,,,,measured,controlled implementation pilot; not paper-final evidence,measurement,true
C2-CONTROLLED-SNARK,controlled-plonk-pilot-v1,32424b0fc88b4e18a624b23c2bba5de681d3e169,b51fa1bd9bd3db00079057822b5f305afd048981c6fdee344634f6bd7c48b6bb,controlled_kernel,jellyfish-turboplonk-0.8.0-bn254-kzg,default,{},setup_or_preprocess,64,4,wrong_public_input,true,3,14.574859,1.986534,15.337786,15.993930,12.319956,16.066835,,,,,,,,not-applicable,,,,,,,,,,,,,,measured,controlled implementation pilot; not paper-final evidence,measurement,true
C2-CONTROLLED-SNARK,controlled-plonk-pilot-v1,32424b0fc88b4e18a624b23c2bba5de681d3e169,b51fa1bd9bd3db00079057822b5f305afd048981c6fdee344634f6bd7c48b6bb,controlled_kernel,jellyfish-turboplonk-0.8.0-bn254-kzg,default,{},setup_or_preprocess,64,8,,true,3,15.688611,1.451359,15.005426,17.120484,14.704916,17.355490,,,,,,,,not-applicable,,,,,,,,,,,,,,measured,controlled implementation pilot; not paper-final evidence,measurement,true
C2-CONTROLLED-SNARK,controlled-plonk-pilot-v1,32424b0fc88b4e18a624b23c2bba5de681d3e169,b51fa1bd9bd3db00079057822b5f305afd048981c6fdee344634f6bd7c48b6bb,controlled_kernel,jellyfish-turboplonk-0.8.0-bn254-kzg,default,{},setup_or_preprocess,64,8,wrong_public_input,true,3,17.062211,1.195038,16.492609,18.241200,16.258536,18.435488,,,,,,,,not-applicable,,,,,,,,,,,,,,measured,controlled implementation pilot; not paper-final evidence,measurement,true
C2-CONTROLLED-SNARK,controlled-plonk-pilot-v1,32424b0fc88b4e18a624b23c2bba5de681d3e169,b51fa1bd9bd3db00079057822b5f305afd048981c6fdee344634f6bd7c48b6bb,controlled_kernel,jellyfish-turboplonk-0.8.0-bn254-kzg,default,{},setup_or_preprocess,64,16,,true,3,31.599983,1.659806,31.056861,33.222665,30.279778,33.463310,,,,,,,,not-applicable,,,,,,,,,,,,,,measured,controlled implementation pilot; not paper-final evidence,measurement,true
C2-CONTROLLED-SNARK,controlled-plonk-pilot-v1,32424b0fc88b4e18a624b23c2bba5de681d3e169,b51fa1bd9bd3db00079057822b5f305afd048981c6fdee344634f6bd7c48b6bb,controlled_kernel,jellyfish-turboplonk-0.8.0-bn254-kzg,default,{},setup_or_preprocess,256,1,,true,3,65.968315,2.847501,64.364387,68.766841,64.284555,69.256002,,,,,,,,not-applicable,,,,,,,,,,,,,,measured,controlled implementation pilot; not paper-final evidence,measurement,true
C2-CONTROLLED-SNARK,controlled-plonk-pilot-v1,32424b0fc88b4e18a624b23c2bba5de681d3e169,b51fa1bd9bd3db00079057822b5f305afd048981c6fdee344634f6bd7c48b6bb,controlled_kernel,jellyfish-turboplonk-0.8.0-bn254-kzg,default,{},setup_or_preprocess,256,2,,true,3,36.287891,2.859497,36.273823,38.866339,33.435453,39.154396,,,,,,,,not-applicable,,,,,,,,,,,,,,measured,controlled implementation pilot; not paper-final evidence,measurement,true
C2-CONTROLLED-SNARK,controlled-plonk-pilot-v1,32424b0fc88b4e18a624b23c2bba5de681d3e169,b51fa1bd9bd3db00079057822b5f305afd048981c6fdee344634f6bd7c48b6bb,controlled_kernel,jellyfish-turboplonk-0.8.0-bn254-kzg,default,{},setup_or_preprocess,256,4,,true,3,27.718452,1.998819,26.709302,29.689526,26.425393,30.020662,,,,,,,,not-applicable,,,,,,,,,,,,,,measured,controlled implementation pilot; not paper-final evidence,measurement,true
C2-CONTROLLED-SNARK,controlled-plonk-pilot-v1,32424b0fc88b4e18a624b23c2bba5de681d3e169,b51fa1bd9bd3db00079057822b5f305afd048981c6fdee344634f6bd7c48b6bb,controlled_kernel,jellyfish-turboplonk-0.8.0-bn254-kzg,default,{},setup_or_preprocess,256,8,,true,3,25.091485,1.544985,25.598144,26.247386,23.356788,26.319524,,,,,,,,not-applicable,,,,,,,,,,,,,,measured,controlled implementation pilot; not paper-final evidence,measurement,true
C2-CONTROLLED-SNARK,controlled-plonk-pilot-v1,32424b0fc88b4e18a624b23c2bba5de681d3e169,b51fa1bd9bd3db00079057822b5f305afd048981c6fdee344634f6bd7c48b6bb,controlled_kernel,jellyfish-turboplonk-0.8.0-bn254-kzg,default,{},setup_or_preprocess,256,16,,true,3,38.707976,3.430803,38.358720,41.905915,35.465159,42.300048,,,,,,,,not-applicable,,,,,,,,,,,,,,measured,controlled implementation pilot; not paper-final evidence,measurement,true
C2-CONTROLLED-SNARK,controlled-plonk-pilot-v1,32424b0fc88b4e18a624b23c2bba5de681d3e169,b51fa1bd9bd3db00079057822b5f305afd048981c6fdee344634f6bd7c48b6bb,controlled_kernel,jellyfish-turboplonk-0.8.0-bn254-kzg,default,{},setup_or_preprocess,1024,1,,true,3,200.515735,1.596740,200.513646,201.953532,198.920041,202.113519,,,,,,,,not-applicable,,,,,,,,,,,,,,measured,controlled implementation pilot; not paper-final evidence,measurement,true
C2-CONTROLLED-SNARK,controlled-plonk-pilot-v1,32424b0fc88b4e18a624b23c2bba5de681d3e169,b51fa1bd9bd3db00079057822b5f305afd048981c6fdee344634f6bd7c48b6bb,controlled_kernel,jellyfish-turboplonk-0.8.0-bn254-kzg,default,{},setup_or_preprocess,1024,1,wrong_public_input,true,3,203.404459,20.861219,195.006085,223.940926,188.051384,227.155908,,,,,,,,not-applicable,,,,,,,,,,,,,,measured,controlled implementation pilot; not paper-final evidence,measurement,true
C2-CONTROLLED-SNARK,controlled-plonk-pilot-v1,32424b0fc88b4e18a624b23c2bba5de681d3e169,b51fa1bd9bd3db00079057822b5f305afd048981c6fdee344634f6bd7c48b6bb,controlled_kernel,jellyfish-turboplonk-0.8.0-bn254-kzg,default,{},setup_or_preprocess,1024,2,,true,3,104.326121,3.143583,104.797019,106.966624,100.973653,107.207691,,,,,,,,not-applicable,,,,,,,,,,,,,,measured,controlled implementation pilot; not paper-final evidence,measurement,true
C2-CONTROLLED-SNARK,controlled-plonk-pilot-v1,32424b0fc88b4e18a624b23c2bba5de681d3e169,b51fa1bd9bd3db00079057822b5f305afd048981c6fdee344634f6bd7c48b6bb,controlled_kernel,jellyfish-turboplonk-0.8.0-bn254-kzg,default,{},setup_or_preprocess,1024,4,,true,3,63.444936,2.658699,63.430782,65.842694,60.793342,66.110684,,,,,,,,not-applicable,,,,,,,,,,,,,,measured,controlled implementation pilot; not paper-final evidence,measurement,true
C2-CONTROLLED-SNARK,controlled-plonk-pilot-v1,32424b0fc88b4e18a624b23c2bba5de681d3e169,b51fa1bd9bd3db00079057822b5f305afd048981c6fdee344634f6bd7c48b6bb,controlled_kernel,jellyfish-turboplonk-0.8.0-bn254-kzg,default,{},setup_or_preprocess,1024,4,wrong_public_input,true,3,75.034158,10.358703,74.288012,84.599985,65.068702,85.745760,,,,,,,,not-applicable,,,,,,,,,,,,,,measured,controlled implementation pilot; not paper-final evidence,measurement,true
C2-CONTROLLED-SNARK,controlled-plonk-pilot-v1,32424b0fc88b4e18a624b23c2bba5de681d3e169,b51fa1bd9bd3db00079057822b5f305afd048981c6fdee344634f6bd7c48b6bb,controlled_kernel,jellyfish-turboplonk-0.8.0-bn254-kzg,default,{},setup_or_preprocess,1024,8,,true,3,51.628911,5.889464,48.842943,57.439318,47.649318,58.394471,,,,,,,,not-applicable,,,,,,,,,,,,,,measured,controlled implementation pilot; not paper-final evidence,measurement,true
C2-CONTROLLED-SNARK,controlled-plonk-pilot-v1,32424b0fc88b4e18a624b23c2bba5de681d3e169,b51fa1bd9bd3db00079057822b5f305afd048981c6fdee344634f6bd7c48b6bb,controlled_kernel,jellyfish-turboplonk-0.8.0-bn254-kzg,default,{},setup_or_preprocess,1024,8,wrong_public_input,true,3,51.622294,1.709425,52.135349,52.928328,49.715095,53.016437,,,,,,,,not-applicable,,,,,,,,,,,,,,measured,controlled implementation pilot; not paper-final evidence,measurement,true
C2-CONTROLLED-SNARK,controlled-plonk-pilot-v1,32424b0fc88b4e18a624b23c2bba5de681d3e169,b51fa1bd9bd3db00079057822b5f305afd048981c6fdee344634f6bd7c48b6bb,controlled_kernel,jellyfish-turboplonk-0.8.0-bn254-kzg,default,{},setup_or_preprocess,1024,16,,true,3,63.943037,7.588221,60.810955,71.417444,58.422214,72.595943,,,,,,,,not-applicable,,,,,,,,,,,,,,measured,controlled implementation pilot; not paper-final evidence,measurement,true
C2-CONTROLLED-SNARK,controlled-plonk-pilot-v1,32424b0fc88b4e18a624b23c2bba5de681d3e169,b51fa1bd9bd3db00079057822b5f305afd048981c6fdee344634f6bd7c48b6bb,controlled_kernel,jellyfish-turboplonk-0.8.0-bn254-kzg,default,{},setup_or_preprocess,4096,1,,true,3,637.847375,6.332454,638.059728,643.469857,631.411416,644.070982,,,,,,,,not-applicable,,,,,,,,,,,,,,measured,controlled implementation pilot; not paper-final evidence,measurement,true
C2-CONTROLLED-SNARK,controlled-plonk-pilot-v1,32424b0fc88b4e18a624b23c2bba5de681d3e169,b51fa1bd9bd3db00079057822b5f305afd048981c6fdee344634f6bd7c48b6bb,controlled_kernel,jellyfish-turboplonk-0.8.0-bn254-kzg,default,{},setup_or_preprocess,4096,1,wrong_public_input,true,3,647.289306,29.443562,632.794838,676.332737,627.902800,681.170281,,,,,,,,not-applicable,,,,,,,,,,,,,,measured,controlled implementation pilot; not paper-final evidence,measurement,true
C2-CONTROLLED-SNARK,controlled-plonk-pilot-v1,32424b0fc88b4e18a624b23c2bba5de681d3e169,b51fa1bd9bd3db00079057822b5f305afd048981c6fdee344634f6bd7c48b6bb,controlled_kernel,jellyfish-turboplonk-0.8.0-bn254-kzg,default,{},setup_or_preprocess,4096,2,,true,3,349.528810,15.337930,345.934942,364.303609,336.306917,366.344572,,,,,,,,not-applicable,,,,,,,,,,,,,,measured,controlled implementation pilot; not paper-final evidence,measurement,true
C2-CONTROLLED-SNARK,controlled-plonk-pilot-v1,32424b0fc88b4e18a624b23c2bba5de681d3e169,b51fa1bd9bd3db00079057822b5f305afd048981c6fdee344634f6bd7c48b6bb,controlled_kernel,jellyfish-turboplonk-0.8.0-bn254-kzg,default,{},setup_or_preprocess,4096,4,,true,3,223.171947,28.188823,215.260142,250.550151,199.784437,254.471263,,,,,,,,not-applicable,,,,,,,,,,,,,,measured,controlled implementation pilot; not paper-final evidence,measurement,true
C2-CONTROLLED-SNARK,controlled-plonk-pilot-v1,32424b0fc88b4e18a624b23c2bba5de681d3e169,b51fa1bd9bd3db00079057822b5f305afd048981c6fdee344634f6bd7c48b6bb,controlled_kernel,jellyfish-turboplonk-0.8.0-bn254-kzg,default,{},setup_or_preprocess,4096,4,wrong_public_input,true,3,201.237694,3.848987,203.083240,203.743061,196.813469,203.816374,,,,,,,,not-applicable,,,,,,,,,,,,,,measured,controlled implementation pilot; not paper-final evidence,measurement,true
C2-CONTROLLED-SNARK,controlled-plonk-pilot-v1,32424b0fc88b4e18a624b23c2bba5de681d3e169,b51fa1bd9bd3db00079057822b5f305afd048981c6fdee344634f6bd7c48b6bb,controlled_kernel,jellyfish-turboplonk-0.8.0-bn254-kzg,default,{},setup_or_preprocess,4096,8,,true,3,151.700067,10.534417,157.413289,158.070598,139.543281,158.143632,,,,,,,,not-applicable,,,,,,,,,,,,,,measured,controlled implementation pilot; not paper-final evidence,measurement,true
C2-CONTROLLED-SNARK,controlled-plonk-pilot-v1,32424b0fc88b4e18a624b23c2bba5de681d3e169,b51fa1bd9bd3db00079057822b5f305afd048981c6fdee344634f6bd7c48b6bb,controlled_kernel,jellyfish-turboplonk-0.8.0-bn254-kzg,default,{},setup_or_preprocess,4096,8,wrong_public_input,true,3,147.676878,7.559719,151.557038,152.413465,138.964973,152.508624,,,,,,,,not-applicable,,,,,,,,,,,,,,measured,controlled implementation pilot; not paper-final evidence,measurement,true
C2-CONTROLLED-SNARK,controlled-plonk-pilot-v1,32424b0fc88b4e18a624b23c2bba5de681d3e169,b51fa1bd9bd3db00079057822b5f305afd048981c6fdee344634f6bd7c48b6bb,controlled_kernel,jellyfish-turboplonk-0.8.0-bn254-kzg,default,{},setup_or_preprocess,4096,16,,true,3,155.803646,2.759060,154.393965,158.523877,154.034217,158.982756,,,,,,,,not-applicable,,,,,,,,,,,,,,measured,controlled implementation pilot; not paper-final evidence,measurement,true
C2-CONTROLLED-SNARK,controlled-plonk-pilot-v1,32424b0fc88b4e18a624b23c2bba5de681d3e169,b51fa1bd9bd3db00079057822b5f305afd048981c6fdee344634f6bd7c48b6bb,controlled_kernel,jellyfish-turboplonk-0.8.0-bn254-kzg,default,{},verify_core,64,1,,true,3,3.817341,0.390176,3.845678,4.157887,3.413769,4.192577,,,,,,,,not-applicable,,,,,,,,,,,,,,measured,controlled implementation pilot; not paper-final evidence,measurement,true
C2-CONTROLLED-SNARK,controlled-plonk-pilot-v1,32424b0fc88b4e18a624b23c2bba5de681d3e169,b51fa1bd9bd3db00079057822b5f305afd048981c6fdee344634f6bd7c48b6bb,controlled_kernel,jellyfish-turboplonk-0.8.0-bn254-kzg,default,{},verify_core,64,1,wrong_public_input,true,3,3.831368,0.180717,3.900570,3.960588,3.626277,3.967257,,,,,,,,not-applicable,,,,,,,,,,,,,,measured,controlled implementation pilot; not paper-final evidence,measurement,true
C2-CONTROLLED-SNARK,controlled-plonk-pilot-v1,32424b0fc88b4e18a624b23c2bba5de681d3e169,b51fa1bd9bd3db00079057822b5f305afd048981c6fdee344634f6bd7c48b6bb,controlled_kernel,jellyfish-turboplonk-0.8.0-bn254-kzg,default,{},verify_core,64,2,,true,3,3.731960,0.121419,3.727307,3.842805,3.612934,3.855638,,,,,,,,not-applicable,,,,,,,,,,,,,,measured,controlled implementation pilot; not paper-final evidence,measurement,true
C2-CONTROLLED-SNARK,controlled-plonk-pilot-v1,32424b0fc88b4e18a624b23c2bba5de681d3e169,b51fa1bd9bd3db00079057822b5f305afd048981c6fdee344634f6bd7c48b6bb,controlled_kernel,jellyfish-turboplonk-0.8.0-bn254-kzg,default,{},verify_core,64,4,,true,3,4.235747,0.117590,4.184532,4.351686,4.152451,4.370259,,,,,,,,not-applicable,,,,,,,,,,,,,,measured,controlled implementation pilot; not paper-final evidence,measurement,true
C2-CONTROLLED-SNARK,controlled-plonk-pilot-v1,32424b0fc88b4e18a624b23c2bba5de681d3e169,b51fa1bd9bd3db00079057822b5f305afd048981c6fdee344634f6bd7c48b6bb,controlled_kernel,jellyfish-turboplonk-0.8.0-bn254-kzg,default,{},verify_core,64,4,wrong_public_input,true,3,4.291351,0.278368,4.387461,4.496783,3.977663,4.508930,,,,,,,,not-applicable,,,,,,,,,,,,,,measured,controlled implementation pilot; not paper-final evidence,measurement,true
C2-CONTROLLED-SNARK,controlled-plonk-pilot-v1,32424b0fc88b4e18a624b23c2bba5de681d3e169,b51fa1bd9bd3db00079057822b5f305afd048981c6fdee344634f6bd7c48b6bb,controlled_kernel,jellyfish-turboplonk-0.8.0-bn254-kzg,default,{},verify_core,64,8,,true,3,5.766345,0.834080,5.716652,6.533409,4.958222,6.624160,,,,,,,,not-applicable,,,,,,,,,,,,,,measured,controlled implementation pilot; not paper-final evidence,measurement,true
C2-CONTROLLED-SNARK,controlled-plonk-pilot-v1,32424b0fc88b4e18a624b23c2bba5de681d3e169,b51fa1bd9bd3db00079057822b5f305afd048981c6fdee344634f6bd7c48b6bb,controlled_kernel,jellyfish-turboplonk-0.8.0-bn254-kzg,default,{},verify_core,64,8,wrong_public_input,true,3,5.741680,0.375276,5.637540,6.105978,5.429472,6.158027,,,,,,,,not-applicable,,,,,,,,,,,,,,measured,controlled implementation pilot; not paper-final evidence,measurement,true
C2-CONTROLLED-SNARK,controlled-plonk-pilot-v1,32424b0fc88b4e18a624b23c2bba5de681d3e169,b51fa1bd9bd3db00079057822b5f305afd048981c6fdee344634f6bd7c48b6bb,controlled_kernel,jellyfish-turboplonk-0.8.0-bn254-kzg,default,{},verify_core,64,16,,true,3,8.891131,1.933231,9.278326,10.469148,6.793605,10.601462,,,,,,,,not-applicable,,,,,,,,,,,,,,measured,controlled implementation pilot; not paper-final evidence,measurement,true
C2-CONTROLLED-SNARK,controlled-plonk-pilot-v1,32424b0fc88b4e18a624b23c2bba5de681d3e169,b51fa1bd9bd3db00079057822b5f305afd048981c6fdee344634f6bd7c48b6bb,controlled_kernel,jellyfish-turboplonk-0.8.0-bn254-kzg,default,{},verify_core,256,1,,true,3,3.799575,0.357627,3.809701,4.117799,3.436993,4.152032,,,,,,,,not-applicable,,,,,,,,,,,,,,measured,controlled implementation pilot; not paper-final evidence,measurement,true
C2-CONTROLLED-SNARK,controlled-plonk-pilot-v1,32424b0fc88b4e18a624b23c2bba5de681d3e169,b51fa1bd9bd3db00079057822b5f305afd048981c6fdee344634f6bd7c48b6bb,controlled_kernel,jellyfish-turboplonk-0.8.0-bn254-kzg,default,{},verify_core,256,2,,true,3,3.116770,1.064382,3.567407,3.850276,1.901198,3.881706,,,,,,,,not-applicable,,,,,,,,,,,,,,measured,controlled implementation pilot; not paper-final evidence,measurement,true
C2-CONTROLLED-SNARK,controlled-plonk-pilot-v1,32424b0fc88b4e18a624b23c2bba5de681d3e169,b51fa1bd9bd3db00079057822b5f305afd048981c6fdee344634f6bd7c48b6bb,controlled_kernel,jellyfish-turboplonk-0.8.0-bn254-kzg,default,{},verify_core,256,4,,true,3,4.431177,0.826177,4.222754,5.229722,3.729170,5.341607,,,,,,,,not-applicable,,,,,,,,,,,,,,measured,controlled implementation pilot; not paper-final evidence,measurement,true
C2-CONTROLLED-SNARK,controlled-plonk-pilot-v1,32424b0fc88b4e18a624b23c2bba5de681d3e169,b51fa1bd9bd3db00079057822b5f305afd048981c6fdee344634f6bd7c48b6bb,controlled_kernel,jellyfish-turboplonk-0.8.0-bn254-kzg,default,{},verify_core,256,8,,true,3,4.702114,0.695144,4.391189,5.387725,4.216703,5.498451,,,,,,,,not-applicable,,,,,,,,,,,,,,measured,controlled implementation pilot; not paper-final evidence,measurement,true
C2-CONTROLLED-SNARK,controlled-plonk-pilot-v1,32424b0fc88b4e18a624b23c2bba5de681d3e169,b51fa1bd9bd3db00079057822b5f305afd048981c6fdee344634f6bd7c48b6bb,controlled_kernel,jellyfish-turboplonk-0.8.0-bn254-kzg,default,{},verify_core,256,16,,true,3,8.274042,0.265914,8.132048,8.535936,8.109267,8.580812,,,,,,,,not-applicable,,,,,,,,,,,,,,measured,controlled implementation pilot; not paper-final evidence,measurement,true
C2-CONTROLLED-SNARK,controlled-plonk-pilot-v1,32424b0fc88b4e18a624b23c2bba5de681d3e169,b51fa1bd9bd3db00079057822b5f305afd048981c6fdee344634f6bd7c48b6bb,controlled_kernel,jellyfish-turboplonk-0.8.0-bn254-kzg,default,{},verify_core,1024,1,,true,3,4.192025,0.838754,3.839374,5.018511,3.587174,5.149526,,,,,,,,not-applicable,,,,,,,,,,,,,,measured,controlled implementation pilot; not paper-final evidence,measurement,true
C2-CONTROLLED-SNARK,controlled-plonk-pilot-v1,32424b0fc88b4e18a624b23c2bba5de681d3e169,b51fa1bd9bd3db00079057822b5f305afd048981c6fdee344634f6bd7c48b6bb,controlled_kernel,jellyfish-turboplonk-0.8.0-bn254-kzg,default,{},verify_core,1024,1,wrong_public_input,true,3,4.049162,0.570281,3.738547,4.610444,3.701618,4.707321,,,,,,,,not-applicable,,,,,,,,,,,,,,measured,controlled implementation pilot; not paper-final evidence,measurement,true
C2-CONTROLLED-SNARK,controlled-plonk-pilot-v1,32424b0fc88b4e18a624b23c2bba5de681d3e169,b51fa1bd9bd3db00079057822b5f305afd048981c6fdee344634f6bd7c48b6bb,controlled_kernel,jellyfish-turboplonk-0.8.0-bn254-kzg,default,{},verify_core,1024,2,,true,3,3.553668,0.154580,3.507455,3.704221,3.427465,3.726084,,,,,,,,not-applicable,,,,,,,,,,,,,,measured,controlled implementation pilot; not paper-final evidence,measurement,true
C2-CONTROLLED-SNARK,controlled-plonk-pilot-v1,32424b0fc88b4e18a624b23c2bba5de681d3e169,b51fa1bd9bd3db00079057822b5f305afd048981c6fdee344634f6bd7c48b6bb,controlled_kernel,jellyfish-turboplonk-0.8.0-bn254-kzg,default,{},verify_core,1024,4,,true,3,3.809358,0.267186,3.756491,4.064773,3.572557,4.099026,,,,,,,,not-applicable,,,,,,,,,,,,,,measured,controlled implementation pilot; not paper-final evidence,measurement,true
C2-CONTROLLED-SNARK,controlled-plonk-pilot-v1,32424b0fc88b4e18a624b23c2bba5de681d3e169,b51fa1bd9bd3db00079057822b5f305afd048981c6fdee344634f6bd7c48b6bb,controlled_kernel,jellyfish-turboplonk-0.8.0-bn254-kzg,default,{},verify_core,1024,4,wrong_public_input,true,3,4.739668,0.780648,5.170737,5.205832,3.838534,5.209732,,,,,,,,not-applicable,,,,,,,,,,,,,,measured,controlled implementation pilot; not paper-final evidence,measurement,true
C2-CONTROLLED-SNARK,controlled-plonk-pilot-v1,32424b0fc88b4e18a624b23c2bba5de681d3e169,b51fa1bd9bd3db00079057822b5f305afd048981c6fdee344634f6bd7c48b6bb,controlled_kernel,jellyfish-turboplonk-0.8.0-bn254-kzg,default,{},verify_core,1024,8,,true,3,4.601603,0.945045,5.124863,5.164844,3.510661,5.169286,,,,,,,,not-applicable,,,,,,,,,,,,,,measured,controlled implementation pilot; not paper-final evidence,measurement,true
C2-CONTROLLED-SNARK,controlled-plonk-pilot-v1,32424b0fc88b4e18a624b23c2bba5de681d3e169,b51fa1bd9bd3db00079057822b5f305afd048981c6fdee344634f6bd7c48b6bb,controlled_kernel,jellyfish-turboplonk-0.8.0-bn254-kzg,default,{},verify_core,1024,8,wrong_public_input,true,3,5.024858,0.540457,4.924786,5.540000,4.541430,5.608357,,,,,,,,not-applicable,,,,,,,,,,,,,,measured,controlled implementation pilot; not paper-final evidence,measurement,true
C2-CONTROLLED-SNARK,controlled-plonk-pilot-v1,32424b0fc88b4e18a624b23c2bba5de681d3e169,b51fa1bd9bd3db00079057822b5f305afd048981c6fdee344634f6bd7c48b6bb,controlled_kernel,jellyfish-turboplonk-0.8.0-bn254-kzg,default,{},verify_core,1024,16,,true,3,9.547183,0.250192,9.644591,9.725078,9.262938,9.734021,,,,,,,,not-applicable,,,,,,,,,,,,,,measured,controlled implementation pilot; not paper-final evidence,measurement,true
C2-CONTROLLED-SNARK,controlled-plonk-pilot-v1,32424b0fc88b4e18a624b23c2bba5de681d3e169,b51fa1bd9bd3db00079057822b5f305afd048981c6fdee344634f6bd7c48b6bb,controlled_kernel,jellyfish-turboplonk-0.8.0-bn254-kzg,default,{},verify_core,4096,1,,true,3,3.696828,0.211013,3.631106,3.902703,3.526498,3.932881,,,,,,,,not-applicable,,,,,,,,,,,,,,measured,controlled implementation pilot; not paper-final evidence,measurement,true
C2-CONTROLLED-SNARK,controlled-plonk-pilot-v1,32424b0fc88b4e18a624b23c2bba5de681d3e169,b51fa1bd9bd3db00079057822b5f305afd048981c6fdee344634f6bd7c48b6bb,controlled_kernel,jellyfish-turboplonk-0.8.0-bn254-kzg,default,{},verify_core,4096,1,wrong_public_input,true,3,3.822030,0.508445,3.801745,4.286457,3.324031,4.340314,,,,,,,,not-applicable,,,,,,,,,,,,,,measured,controlled implementation pilot; not paper-final evidence,measurement,true
C2-CONTROLLED-SNARK,controlled-plonk-pilot-v1,32424b0fc88b4e18a624b23c2bba5de681d3e169,b51fa1bd9bd3db00079057822b5f305afd048981c6fdee344634f6bd7c48b6bb,controlled_kernel,jellyfish-turboplonk-0.8.0-bn254-kzg,default,{},verify_core,4096,2,,true,3,3.901245,0.440453,4.039821,4.234153,3.408169,4.255745,,,,,,,,not-applicable,,,,,,,,,,,,,,measured,controlled implementation pilot; not paper-final evidence,measurement,true
C2-CONTROLLED-SNARK,controlled-plonk-pilot-v1,32424b0fc88b4e18a624b23c2bba5de681d3e169,b51fa1bd9bd3db00079057822b5f305afd048981c6fdee344634f6bd7c48b6bb,controlled_kernel,jellyfish-turboplonk-0.8.0-bn254-kzg,default,{},verify_core,4096,4,,true,3,4.275196,0.142494,4.275223,4.403431,4.132689,4.417676,,,,,,,,not-applicable,,,,,,,,,,,,,,measured,controlled implementation pilot; not paper-final evidence,measurement,true
C2-CONTROLLED-SNARK,controlled-plonk-pilot-v1,32424b0fc88b4e18a624b23c2bba5de681d3e169,b51fa1bd9bd3db00079057822b5f305afd048981c6fdee344634f6bd7c48b6bb,controlled_kernel,jellyfish-turboplonk-0.8.0-bn254-kzg,default,{},verify_core,4096,4,wrong_public_input,true,3,4.391488,0.376660,4.549654,4.651915,3.961534,4.663277,,,,,,,,not-applicable,,,,,,,,,,,,,,measured,controlled implementation pilot; not paper-final evidence,measurement,true
C2-CONTROLLED-SNARK,controlled-plonk-pilot-v1,32424b0fc88b4e18a624b23c2bba5de681d3e169,b51fa1bd9bd3db00079057822b5f305afd048981c6fdee344634f6bd7c48b6bb,controlled_kernel,jellyfish-turboplonk-0.8.0-bn254-kzg,default,{},verify_core,4096,8,,true,3,5.913697,0.903373,5.769309,6.769442,5.091213,6.880568,,,,,,,,not-applicable,,,,,,,,,,,,,,measured,controlled implementation pilot; not paper-final evidence,measurement,true
C2-CONTROLLED-SNARK,controlled-plonk-pilot-v1,32424b0fc88b4e18a624b23c2bba5de681d3e169,b51fa1bd9bd3db00079057822b5f305afd048981c6fdee344634f6bd7c48b6bb,controlled_kernel,jellyfish-turboplonk-0.8.0-bn254-kzg,default,{},verify_core,4096,8,wrong_public_input,true,3,4.978278,0.529995,4.864806,5.486718,4.514210,5.555819,,,,,,,,not-applicable,,,,,,,,,,,,,,measured,controlled implementation pilot; not paper-final evidence,measurement,true
C2-CONTROLLED-SNARK,controlled-plonk-pilot-v1,32424b0fc88b4e18a624b23c2bba5de681d3e169,b51fa1bd9bd3db00079057822b5f305afd048981c6fdee344634f6bd7c48b6bb,controlled_kernel,jellyfish-turboplonk-0.8.0-bn254-kzg,default,{},verify_core,4096,16,,true,3,8.217624,0.741964,8.279917,8.861822,7.446477,8.926478,,,,,,,,not-applicable,,,,,,,,,,,,,,measured,controlled implementation pilot; not paper-final evidence,measurement,true
C2-CONTROLLED-SNARK,controlled-plonk-pilot-v1,32424b0fc88b4e18a624b23c2bba5de681d3e169,b51fa1bd9bd3db00079057822b5f305afd048981c6fdee344634f6bd7c48b6bb,controlled_kernel,jellyfish-turboplonk-0.8.0-bn254-kzg,default,{},verify_total,64,1,,true,3,4.133754,0.444982,4.210010,4.503113,3.655572,4.535680,,,,,,,,not-applicable,,,,,,,,,,,,,,measured,controlled implementation pilot; not paper-final evidence,measurement,true
C2-CONTROLLED-SNARK,controlled-plonk-pilot-v1,32424b0fc88b4e18a624b23c2bba5de681d3e169,b51fa1bd9bd3db00079057822b5f305afd048981c6fdee344634f6bd7c48b6bb,controlled_kernel,jellyfish-turboplonk-0.8.0-bn254-kzg,default,{},verify_total,64,1,wrong_public_input,true,3,4.173185,0.190194,4.269623,4.293219,3.954090,4.295841,,,,,,,,not-applicable,,,,,,,,,,,,,,measured,controlled implementation pilot; not paper-final evidence,measurement,true
C2-CONTROLLED-SNARK,controlled-plonk-pilot-v1,32424b0fc88b4e18a624b23c2bba5de681d3e169,b51fa1bd9bd3db00079057822b5f305afd048981c6fdee344634f6bd7c48b6bb,controlled_kernel,jellyfish-turboplonk-0.8.0-bn254-kzg,default,{},verify_total,64,2,,true,3,4.082368,0.137473,4.072302,4.209368,3.950205,4.224598,,,,,,,,not-applicable,,,,,,,,,,,,,,measured,controlled implementation pilot; not paper-final evidence,measurement,true
C2-CONTROLLED-SNARK,controlled-plonk-pilot-v1,32424b0fc88b4e18a624b23c2bba5de681d3e169,b51fa1bd9bd3db00079057822b5f305afd048981c6fdee344634f6bd7c48b6bb,controlled_kernel,jellyfish-turboplonk-0.8.0-bn254-kzg,default,{},verify_total,64,4,,true,3,5.421890,0.079946,5.412188,5.496839,5.347238,5.506245,,,,,,,,not-applicable,,,,,,,,,,,,,,measured,controlled implementation pilot; not paper-final evidence,measurement,true
C2-CONTROLLED-SNARK,controlled-plonk-pilot-v1,32424b0fc88b4e18a624b23c2bba5de681d3e169,b51fa1bd9bd3db00079057822b5f305afd048981c6fdee344634f6bd7c48b6bb,controlled_kernel,jellyfish-turboplonk-0.8.0-bn254-kzg,default,{},verify_total,64,4,wrong_public_input,true,3,5.439524,0.292936,5.573711,5.634567,5.103531,5.641329,,,,,,,,not-applicable,,,,,,,,,,,,,,measured,controlled implementation pilot; not paper-final evidence,measurement,true
C2-CONTROLLED-SNARK,controlled-plonk-pilot-v1,32424b0fc88b4e18a624b23c2bba5de681d3e169,b51fa1bd9bd3db00079057822b5f305afd048981c6fdee344634f6bd7c48b6bb,controlled_kernel,jellyfish-turboplonk-0.8.0-bn254-kzg,default,{},verify_total,64,8,,true,3,7.637021,0.958839,7.683974,8.482766,6.655568,8.571521,,,,,,,,not-applicable,,,,,,,,,,,,,,measured,controlled implementation pilot; not paper-final evidence,measurement,true
C2-CONTROLLED-SNARK,controlled-plonk-pilot-v1,32424b0fc88b4e18a624b23c2bba5de681d3e169,b51fa1bd9bd3db00079057822b5f305afd048981c6fdee344634f6bd7c48b6bb,controlled_kernel,jellyfish-turboplonk-0.8.0-bn254-kzg,default,{},verify_total,64,8,wrong_public_input,true,3,7.761972,0.483964,7.673660,8.222975,7.328245,8.284010,,,,,,,,not-applicable,,,,,,,,,,,,,,measured,controlled implementation pilot; not paper-final evidence,measurement,true
C2-CONTROLLED-SNARK,controlled-plonk-pilot-v1,32424b0fc88b4e18a624b23c2bba5de681d3e169,b51fa1bd9bd3db00079057822b5f305afd048981c6fdee344634f6bd7c48b6bb,controlled_kernel,jellyfish-turboplonk-0.8.0-bn254-kzg,default,{},verify_total,64,16,,true,3,12.929954,2.111708,13.351841,14.654168,10.639151,14.798871,,,,,,,,not-applicable,,,,,,,,,,,,,,measured,controlled implementation pilot; not paper-final evidence,measurement,true
C2-CONTROLLED-SNARK,controlled-plonk-pilot-v1,32424b0fc88b4e18a624b23c2bba5de681d3e169,b51fa1bd9bd3db00079057822b5f305afd048981c6fdee344634f6bd7c48b6bb,controlled_kernel,jellyfish-turboplonk-0.8.0-bn254-kzg,default,{},verify_total,256,1,,true,3,4.140067,0.378006,4.077324,4.498699,3.797358,4.545518,,,,,,,,not-applicable,,,,,,,,,,,,,,measured,controlled implementation pilot; not paper-final evidence,measurement,true
C2-CONTROLLED-SNARK,controlled-plonk-pilot-v1,32424b0fc88b4e18a624b23c2bba5de681d3e169,b51fa1bd9bd3db00079057822b5f305afd048981c6fdee344634f6bd7c48b6bb,controlled_kernel,jellyfish-turboplonk-0.8.0-bn254-kzg,default,{},verify_total,256,2,,true,3,3.508620,1.025894,3.920238,4.230328,2.340841,4.264782,,,,,,,,not-applicable,,,,,,,,,,,,,,measured,controlled implementation pilot; not paper-final evidence,measurement,true
C2-CONTROLLED-SNARK,controlled-plonk-pilot-v1,32424b0fc88b4e18a624b23c2bba5de681d3e169,b51fa1bd9bd3db00079057822b5f305afd048981c6fdee344634f6bd7c48b6bb,controlled_kernel,jellyfish-turboplonk-0.8.0-bn254-kzg,default,{},verify_total,256,4,,true,3,5.522119,0.795496,5.304229,6.293893,4.858273,6.403856,,,,,,,,not-applicable,,,,,,,,,,,,,,measured,controlled implementation pilot; not paper-final evidence,measurement,true
C2-CONTROLLED-SNARK,controlled-plonk-pilot-v1,32424b0fc88b4e18a624b23c2bba5de681d3e169,b51fa1bd9bd3db00079057822b5f305afd048981c6fdee344634f6bd7c48b6bb,controlled_kernel,jellyfish-turboplonk-0.8.0-bn254-kzg,default,{},verify_total,256,8,,true,3,6.681637,0.713272,6.562595,7.358505,6.035376,7.446940,,,,,,,,not-applicable,,,,,,,,,,,,,,measured,controlled implementation pilot; not paper-final evidence,measurement,true
C2-CONTROLLED-SNARK,controlled-plonk-pilot-v1,32424b0fc88b4e18a624b23c2bba5de681d3e169,b51fa1bd9bd3db00079057822b5f305afd048981c6fdee344634f6bd7c48b6bb,controlled_kernel,jellyfish-turboplonk-0.8.0-bn254-kzg,default,{},verify_total,256,16,,true,3,12.304710,0.395371,12.448797,12.591927,11.857504,12.607830,,,,,,,,not-applicable,,,,,,,,,,,,,,measured,controlled implementation pilot; not paper-final evidence,measurement,true
C2-CONTROLLED-SNARK,controlled-plonk-pilot-v1,32424b0fc88b4e18a624b23c2bba5de681d3e169,b51fa1bd9bd3db00079057822b5f305afd048981c6fdee344634f6bd7c48b6bb,controlled_kernel,jellyfish-turboplonk-0.8.0-bn254-kzg,default,{},verify_total,1024,1,,true,3,4.510561,0.814515,4.129148,5.314135,3.956736,5.445800,,,,,,,,not-applicable,,,,,,,,,,,,,,measured,controlled implementation pilot; not paper-final evidence,measurement,true
C2-CONTROLLED-SNARK,controlled-plonk-pilot-v1,32424b0fc88b4e18a624b23c2bba5de681d3e169,b51fa1bd9bd3db00079057822b5f305afd048981c6fdee344634f6bd7c48b6bb,controlled_kernel,jellyfish-turboplonk-0.8.0-bn254-kzg,default,{},verify_total,1024,1,wrong_public_input,true,3,4.377950,0.546058,4.083092,4.915557,4.042706,5.008053,,,,,,,,not-applicable,,,,,,,,,,,,,,measured,controlled implementation pilot; not paper-final evidence,measurement,true
C2-CONTROLLED-SNARK,controlled-plonk-pilot-v1,32424b0fc88b4e18a624b23c2bba5de681d3e169,b51fa1bd9bd3db00079057822b5f305afd048981c6fdee344634f6bd7c48b6bb,controlled_kernel,jellyfish-turboplonk-0.8.0-bn254-kzg,default,{},verify_total,1024,2,,true,3,3.967452,0.187950,3.928783,4.147434,3.801845,4.171729,,,,,,,,not-applicable,,,,,,,,,,,,,,measured,controlled implementation pilot; not paper-final evidence,measurement,true
C2-CONTROLLED-SNARK,controlled-plonk-pilot-v1,32424b0fc88b4e18a624b23c2bba5de681d3e169,b51fa1bd9bd3db00079057822b5f305afd048981c6fdee344634f6bd7c48b6bb,controlled_kernel,jellyfish-turboplonk-0.8.0-bn254-kzg,default,{},verify_total,1024,4,,true,3,4.968462,0.276866,4.929847,5.229332,4.712931,5.262608,,,,,,,,not-applicable,,,,,,,,,,,,,,measured,controlled implementation pilot; not paper-final evidence,measurement,true
C2-CONTROLLED-SNARK,controlled-plonk-pilot-v1,32424b0fc88b4e18a624b23c2bba5de681d3e169,b51fa1bd9bd3db00079057822b5f305afd048981c6fdee344634f6bd7c48b6bb,controlled_kernel,jellyfish-turboplonk-0.8.0-bn254-kzg,default,{},verify_total,1024,4,wrong_public_input,true,3,5.908189,0.921132,6.438453,6.441245,4.844558,6.441555,,,,,,,,not-applicable,,,,,,,,,,,,,,measured,controlled implementation pilot; not paper-final evidence,measurement,true
C2-CONTROLLED-SNARK,controlled-plonk-pilot-v1,32424b0fc88b4e18a624b23c2bba5de681d3e169,b51fa1bd9bd3db00079057822b5f305afd048981c6fdee344634f6bd7c48b6bb,controlled_kernel,jellyfish-turboplonk-0.8.0-bn254-kzg,default,{},verify_total,1024,8,,true,3,6.342682,0.863518,6.680073,6.955919,5.361404,6.986568,,,,,,,,not-applicable,,,,,,,,,,,,,,measured,controlled implementation pilot; not paper-final evidence,measurement,true
C2-CONTROLLED-SNARK,controlled-plonk-pilot-v1,32424b0fc88b4e18a624b23c2bba5de681d3e169,b51fa1bd9bd3db00079057822b5f305afd048981c6fdee344634f6bd7c48b6bb,controlled_kernel,jellyfish-turboplonk-0.8.0-bn254-kzg,default,{},verify_total,1024,8,wrong_public_input,true,3,7.221392,0.702191,6.873413,7.913997,6.761146,8.029618,,,,,,,,not-applicable,,,,,,,,,,,,,,measured,controlled implementation pilot; not paper-final evidence,measurement,true
C2-CONTROLLED-SNARK,controlled-plonk-pilot-v1,32424b0fc88b4e18a624b23c2bba5de681d3e169,b51fa1bd9bd3db00079057822b5f305afd048981c6fdee344634f6bd7c48b6bb,controlled_kernel,jellyfish-turboplonk-0.8.0-bn254-kzg,default,{},verify_total,1024,16,,true,3,13.390836,0.175303,13.372290,13.554436,13.225544,13.574675,,,,,,,,not-applicable,,,,,,,,,,,,,,measured,controlled implementation pilot; not paper-final evidence,measurement,true
C2-CONTROLLED-SNARK,controlled-plonk-pilot-v1,32424b0fc88b4e18a624b23c2bba5de681d3e169,b51fa1bd9bd3db00079057822b5f305afd048981c6fdee344634f6bd7c48b6bb,controlled_kernel,jellyfish-turboplonk-0.8.0-bn254-kzg,default,{},verify_total,4096,1,,true,3,4.009948,0.264630,3.955043,4.263456,3.777077,4.297724,,,,,,,,not-applicable,,,,,,,,,,,,,,measured,controlled implementation pilot; not paper-final evidence,measurement,true
C2-CONTROLLED-SNARK,controlled-plonk-pilot-v1,32424b0fc88b4e18a624b23c2bba5de681d3e169,b51fa1bd9bd3db00079057822b5f305afd048981c6fdee344634f6bd7c48b6bb,controlled_kernel,jellyfish-turboplonk-0.8.0-bn254-kzg,default,{},verify_total,4096,1,wrong_public_input,true,3,4.134104,0.493234,4.095275,4.590572,3.661432,4.645605,,,,,,,,not-applicable,,,,,,,,,,,,,,measured,controlled implementation pilot; not paper-final evidence,measurement,true
C2-CONTROLLED-SNARK,controlled-plonk-pilot-v1,32424b0fc88b4e18a624b23c2bba5de681d3e169,b51fa1bd9bd3db00079057822b5f305afd048981c6fdee344634f6bd7c48b6bb,controlled_kernel,jellyfish-turboplonk-0.8.0-bn254-kzg,default,{},verify_total,4096,2,,true,3,4.379921,0.526993,4.614005,4.735788,3.776438,4.749320,,,,,,,,not-applicable,,,,,,,,,,,,,,measured,controlled implementation pilot; not paper-final evidence,measurement,true
C2-CONTROLLED-SNARK,controlled-plonk-pilot-v1,32424b0fc88b4e18a624b23c2bba5de681d3e169,b51fa1bd9bd3db00079057822b5f305afd048981c6fdee344634f6bd7c48b6bb,controlled_kernel,jellyfish-turboplonk-0.8.0-bn254-kzg,default,{},verify_total,4096,4,,true,3,5.340332,0.039062,5.328480,5.378401,5.308569,5.383948,,,,,,,,not-applicable,,,,,,,,,,,,,,measured,controlled implementation pilot; not paper-final evidence,measurement,true
C2-CONTROLLED-SNARK,controlled-plonk-pilot-v1,32424b0fc88b4e18a624b23c2bba5de681d3e169,b51fa1bd9bd3db00079057822b5f305afd048981c6fdee344634f6bd7c48b6bb,controlled_kernel,jellyfish-turboplonk-0.8.0-bn254-kzg,default,{},verify_total,4096,4,wrong_public_input,true,3,5.524258,0.422208,5.750882,5.781378,5.037127,5.784766,,,,,,,,not-applicable,,,,,,,,,,,,,,measured,controlled implementation pilot; not paper-final evidence,measurement,true
C2-CONTROLLED-SNARK,controlled-plonk-pilot-v1,32424b0fc88b4e18a624b23c2bba5de681d3e169,b51fa1bd9bd3db00079057822b5f305afd048981c6fdee344634f6bd7c48b6bb,controlled_kernel,jellyfish-turboplonk-0.8.0-bn254-kzg,default,{},verify_total,4096,8,,true,3,8.056983,0.653306,8.079232,8.636916,7.392837,8.698881,,,,,,,,not-applicable,,,,,,,,,,,,,,measured,controlled implementation pilot; not paper-final evidence,measurement,true
C2-CONTROLLED-SNARK,controlled-plonk-pilot-v1,32424b0fc88b4e18a624b23c2bba5de681d3e169,b51fa1bd9bd3db00079057822b5f305afd048981c6fdee344634f6bd7c48b6bb,controlled_kernel,jellyfish-turboplonk-0.8.0-bn254-kzg,default,{},verify_total,4096,8,wrong_public_input,true,3,7.077126,0.631073,6.800258,7.699403,6.631813,7.799308,,,,,,,,not-applicable,,,,,,,,,,,,,,measured,controlled implementation pilot; not paper-final evidence,measurement,true
C2-CONTROLLED-SNARK,controlled-plonk-pilot-v1,32424b0fc88b4e18a624b23c2bba5de681d3e169,b51fa1bd9bd3db00079057822b5f305afd048981c6fdee344634f6bd7c48b6bb,controlled_kernel,jellyfish-turboplonk-0.8.0-bn254-kzg,default,{},verify_total,4096,16,,true,3,12.033828,0.829752,11.928937,12.812828,11.261508,12.911038,,,,,,,,not-applicable,,,,,,,,,,,,,,measured,controlled implementation pilot; not paper-final evidence,measurement,true
C2-CONTROLLED-SNARK,controlled-plonk-pilot-v1,32424b0fc88b4e18a624b23c2bba5de681d3e169,b51fa1bd9bd3db00079057822b5f305afd048981c6fdee344634f6bd7c48b6bb,controlled_kernel,jellyfish-turboplonk-0.8.0-bn254-kzg,default,{},witness,64,1,,true,3,1.453654,0.110042,1.433463,1.558501,1.355106,1.572394,,,,,,,,not-applicable,,,,,,,,,,,,,,measured,controlled implementation pilot; not paper-final evidence,measurement,true
C2-CONTROLLED-SNARK,controlled-plonk-pilot-v1,32424b0fc88b4e18a624b23c2bba5de681d3e169,b51fa1bd9bd3db00079057822b5f305afd048981c6fdee344634f6bd7c48b6bb,controlled_kernel,jellyfish-turboplonk-0.8.0-bn254-kzg,default,{},witness,64,1,wrong_public_input,true,3,1.450338,0.135156,1.517771,1.536436,1.294734,1.538510,,,,,,,,not-applicable,,,,,,,,,,,,,,measured,controlled implementation pilot; not paper-final evidence,measurement,true
C2-CONTROLLED-SNARK,controlled-plonk-pilot-v1,32424b0fc88b4e18a624b23c2bba5de681d3e169,b51fa1bd9bd3db00079057822b5f305afd048981c6fdee344634f6bd7c48b6bb,controlled_kernel,jellyfish-turboplonk-0.8.0-bn254-kzg,default,{},witness,64,2,,true,3,1.401934,0.216066,1.301576,1.615093,1.254297,1.649928,,,,,,,,not-applicable,,,,,,,,,,,,,,measured,controlled implementation pilot; not paper-final evidence,measurement,true
C2-CONTROLLED-SNARK,controlled-plonk-pilot-v1,32424b0fc88b4e18a624b23c2bba5de681d3e169,b51fa1bd9bd3db00079057822b5f305afd048981c6fdee344634f6bd7c48b6bb,controlled_kernel,jellyfish-turboplonk-0.8.0-bn254-kzg,default,{},witness,64,4,,true,3,1.388672,0.073902,1.394690,1.452913,1.311945,1.459382,,,,,,,,not-applicable,,,,,,,,,,,,,,measured,controlled implementation pilot; not paper-final evidence,measurement,true
C2-CONTROLLED-SNARK,controlled-plonk-pilot-v1,32424b0fc88b4e18a624b23c2bba5de681d3e169,b51fa1bd9bd3db00079057822b5f305afd048981c6fdee344634f6bd7c48b6bb,controlled_kernel,jellyfish-turboplonk-0.8.0-bn254-kzg,default,{},witness,64,4,wrong_public_input,true,3,1.467012,0.103664,1.518522,1.533201,1.347682,1.534832,,,,,,,,not-applicable,,,,,,,,,,,,,,measured,controlled implementation pilot; not paper-final evidence,measurement,true
C2-CONTROLLED-SNARK,controlled-plonk-pilot-v1,32424b0fc88b4e18a624b23c2bba5de681d3e169,b51fa1bd9bd3db00079057822b5f305afd048981c6fdee344634f6bd7c48b6bb,controlled_kernel,jellyfish-turboplonk-0.8.0-bn254-kzg,default,{},witness,64,8,,true,3,1.397429,0.076693,1.373802,1.472220,1.335329,1.483155,,,,,,,,not-applicable,,,,,,,,,,,,,,measured,controlled implementation pilot; not paper-final evidence,measurement,true
C2-CONTROLLED-SNARK,controlled-plonk-pilot-v1,32424b0fc88b4e18a624b23c2bba5de681d3e169,b51fa1bd9bd3db00079057822b5f305afd048981c6fdee344634f6bd7c48b6bb,controlled_kernel,jellyfish-turboplonk-0.8.0-bn254-kzg,default,{},witness,64,8,wrong_public_input,true,3,1.703652,0.278596,1.638657,1.971966,1.463298,2.009000,,,,,,,,not-applicable,,,,,,,,,,,,,,measured,controlled implementation pilot; not paper-final evidence,measurement,true
C2-CONTROLLED-SNARK,controlled-plonk-pilot-v1,32424b0fc88b4e18a624b23c2bba5de681d3e169,b51fa1bd9bd3db00079057822b5f305afd048981c6fdee344634f6bd7c48b6bb,controlled_kernel,jellyfish-turboplonk-0.8.0-bn254-kzg,default,{},witness,64,16,,true,3,1.685605,0.281937,1.630302,1.955017,1.435417,1.991096,,,,,,,,not-applicable,,,,,,,,,,,,,,measured,controlled implementation pilot; not paper-final evidence,measurement,true
C2-CONTROLLED-SNARK,controlled-plonk-pilot-v1,32424b0fc88b4e18a624b23c2bba5de681d3e169,b51fa1bd9bd3db00079057822b5f305afd048981c6fdee344634f6bd7c48b6bb,controlled_kernel,jellyfish-turboplonk-0.8.0-bn254-kzg,default,{},witness,256,1,,true,3,1.635271,0.082140,1.596519,1.716308,1.579676,1.729618,,,,,,,,not-applicable,,,,,,,,,,,,,,measured,controlled implementation pilot; not paper-final evidence,measurement,true
C2-CONTROLLED-SNARK,controlled-plonk-pilot-v1,32424b0fc88b4e18a624b23c2bba5de681d3e169,b51fa1bd9bd3db00079057822b5f305afd048981c6fdee344634f6bd7c48b6bb,controlled_kernel,jellyfish-turboplonk-0.8.0-bn254-kzg,default,{},witness,256,2,,true,3,1.309534,0.694628,1.638927,1.764263,0.511487,1.778189,,,,,,,,not-applicable,,,,,,,,,,,,,,measured,controlled implementation pilot; not paper-final evidence,measurement,true
C2-CONTROLLED-SNARK,controlled-plonk-pilot-v1,32424b0fc88b4e18a624b23c2bba5de681d3e169,b51fa1bd9bd3db00079057822b5f305afd048981c6fdee344634f6bd7c48b6bb,controlled_kernel,jellyfish-turboplonk-0.8.0-bn254-kzg,default,{},witness,256,4,,true,3,2.041728,0.085277,2.014912,2.124962,1.973083,2.137190,,,,,,,,not-applicable,,,,,,,,,,,,,,measured,controlled implementation pilot; not paper-final evidence,measurement,true
C2-CONTROLLED-SNARK,controlled-plonk-pilot-v1,32424b0fc88b4e18a624b23c2bba5de681d3e169,b51fa1bd9bd3db00079057822b5f305afd048981c6fdee344634f6bd7c48b6bb,controlled_kernel,jellyfish-turboplonk-0.8.0-bn254-kzg,default,{},witness,256,8,,true,3,1.995348,0.104842,1.960460,2.097913,1.912399,2.113186,,,,,,,,not-applicable,,,,,,,,,,,,,,measured,controlled implementation pilot; not paper-final evidence,measurement,true
C2-CONTROLLED-SNARK,controlled-plonk-pilot-v1,32424b0fc88b4e18a624b23c2bba5de681d3e169,b51fa1bd9bd3db00079057822b5f305afd048981c6fdee344634f6bd7c48b6bb,controlled_kernel,jellyfish-turboplonk-0.8.0-bn254-kzg,default,{},witness,256,16,,true,3,1.723669,0.037805,1.706144,1.760966,1.697807,1.767057,,,,,,,,not-applicable,,,,,,,,,,,,,,measured,controlled implementation pilot; not paper-final evidence,measurement,true
C2-CONTROLLED-SNARK,controlled-plonk-pilot-v1,32424b0fc88b4e18a624b23c2bba5de681d3e169,b51fa1bd9bd3db00079057822b5f305afd048981c6fdee344634f6bd7c48b6bb,controlled_kernel,jellyfish-turboplonk-0.8.0-bn254-kzg,default,{},witness,1024,1,,true,3,3.032276,0.120220,3.024582,3.143000,2.916087,3.156158,,,,,,,,not-applicable,,,,,,,,,,,,,,measured,controlled implementation pilot; not paper-final evidence,measurement,true
C2-CONTROLLED-SNARK,controlled-plonk-pilot-v1,32424b0fc88b4e18a624b23c2bba5de681d3e169,b51fa1bd9bd3db00079057822b5f305afd048981c6fdee344634f6bd7c48b6bb,controlled_kernel,jellyfish-turboplonk-0.8.0-bn254-kzg,default,{},witness,1024,1,wrong_public_input,true,3,3.334145,0.365760,3.167058,3.694952,3.081769,3.753607,,,,,,,,not-applicable,,,,,,,,,,,,,,measured,controlled implementation pilot; not paper-final evidence,measurement,true
C2-CONTROLLED-SNARK,controlled-plonk-pilot-v1,32424b0fc88b4e18a624b23c2bba5de681d3e169,b51fa1bd9bd3db00079057822b5f305afd048981c6fdee344634f6bd7c48b6bb,controlled_kernel,jellyfish-turboplonk-0.8.0-bn254-kzg,default,{},witness,1024,2,,true,3,3.259004,0.330205,3.078294,3.583939,3.058596,3.640122,,,,,,,,not-applicable,,,,,,,,,,,,,,measured,controlled implementation pilot; not paper-final evidence,measurement,true
C2-CONTROLLED-SNARK,controlled-plonk-pilot-v1,32424b0fc88b4e18a624b23c2bba5de681d3e169,b51fa1bd9bd3db00079057822b5f305afd048981c6fdee344634f6bd7c48b6bb,controlled_kernel,jellyfish-turboplonk-0.8.0-bn254-kzg,default,{},witness,1024,4,,true,3,3.114052,0.115976,3.099400,3.222932,3.006098,3.236658,,,,,,,,not-applicable,,,,,,,,,,,,,,measured,controlled implementation pilot; not paper-final evidence,measurement,true
C2-CONTROLLED-SNARK,controlled-plonk-pilot-v1,32424b0fc88b4e18a624b23c2bba5de681d3e169,b51fa1bd9bd3db00079057822b5f305afd048981c6fdee344634f6bd7c48b6bb,controlled_kernel,jellyfish-turboplonk-0.8.0-bn254-kzg,default,{},witness,1024,4,wrong_public_input,true,3,3.207373,0.096760,3.184901,3.300542,3.123826,3.313391,,,,,,,,not-applicable,,,,,,,,,,,,,,measured,controlled implementation pilot; not paper-final evidence,measurement,true
C2-CONTROLLED-SNARK,controlled-plonk-pilot-v1,32424b0fc88b4e18a624b23c2bba5de681d3e169,b51fa1bd9bd3db00079057822b5f305afd048981c6fdee344634f6bd7c48b6bb,controlled_kernel,jellyfish-turboplonk-0.8.0-bn254-kzg,default,{},witness,1024,8,,true,3,2.688552,0.818243,3.059497,3.236010,1.750537,3.255623,,,,,,,,not-applicable,,,,,,,,,,,,,,measured,controlled implementation pilot; not paper-final evidence,measurement,true
C2-CONTROLLED-SNARK,controlled-plonk-pilot-v1,32424b0fc88b4e18a624b23c2bba5de681d3e169,b51fa1bd9bd3db00079057822b5f305afd048981c6fdee344634f6bd7c48b6bb,controlled_kernel,jellyfish-turboplonk-0.8.0-bn254-kzg,default,{},witness,1024,8,wrong_public_input,true,3,3.227665,0.100123,3.184390,3.326370,3.156458,3.342146,,,,,,,,not-applicable,,,,,,,,,,,,,,measured,controlled implementation pilot; not paper-final evidence,measurement,true
C2-CONTROLLED-SNARK,controlled-plonk-pilot-v1,32424b0fc88b4e18a624b23c2bba5de681d3e169,b51fa1bd9bd3db00079057822b5f305afd048981c6fdee344634f6bd7c48b6bb,controlled_kernel,jellyfish-turboplonk-0.8.0-bn254-kzg,default,{},witness,1024,16,,true,3,3.196271,0.181381,3.252518,3.333830,2.993430,3.342865,,,,,,,,not-applicable,,,,,,,,,,,,,,measured,controlled implementation pilot; not paper-final evidence,measurement,true
C2-CONTROLLED-SNARK,controlled-plonk-pilot-v1,32424b0fc88b4e18a624b23c2bba5de681d3e169,b51fa1bd9bd3db00079057822b5f305afd048981c6fdee344634f6bd7c48b6bb,controlled_kernel,jellyfish-turboplonk-0.8.0-bn254-kzg,default,{},witness,4096,1,,true,3,8.690653,0.602315,8.914575,9.125500,8.008449,9.148936,,,,,,,,not-applicable,,,,,,,,,,,,,,measured,controlled implementation pilot; not paper-final evidence,measurement,true
C2-CONTROLLED-SNARK,controlled-plonk-pilot-v1,32424b0fc88b4e18a624b23c2bba5de681d3e169,b51fa1bd9bd3db00079057822b5f305afd048981c6fdee344634f6bd7c48b6bb,controlled_kernel,jellyfish-turboplonk-0.8.0-bn254-kzg,default,{},witness,4096,1,wrong_public_input,true,3,9.151491,0.585155,9.209215,9.656002,8.539613,9.705645,,,,,,,,not-applicable,,,,,,,,,,,,,,measured,controlled implementation pilot; not paper-final evidence,measurement,true
C2-CONTROLLED-SNARK,controlled-plonk-pilot-v1,32424b0fc88b4e18a624b23c2bba5de681d3e169,b51fa1bd9bd3db00079057822b5f305afd048981c6fdee344634f6bd7c48b6bb,controlled_kernel,jellyfish-turboplonk-0.8.0-bn254-kzg,default,{},witness,4096,2,,true,3,9.648769,0.710694,9.921330,10.156688,8.842139,10.182839,,,,,,,,not-applicable,,,,,,,,,,,,,,measured,controlled implementation pilot; not paper-final evidence,measurement,true
C2-CONTROLLED-SNARK,controlled-plonk-pilot-v1,32424b0fc88b4e18a624b23c2bba5de681d3e169,b51fa1bd9bd3db00079057822b5f305afd048981c6fdee344634f6bd7c48b6bb,controlled_kernel,jellyfish-turboplonk-0.8.0-bn254-kzg,default,{},witness,4096,4,,true,3,10.649936,2.700282,9.540075,13.309470,8.681440,13.728292,,,,,,,,not-applicable,,,,,,,,,,,,,,measured,controlled implementation pilot; not paper-final evidence,measurement,true
C2-CONTROLLED-SNARK,controlled-plonk-pilot-v1,32424b0fc88b4e18a624b23c2bba5de681d3e169,b51fa1bd9bd3db00079057822b5f305afd048981c6fdee344634f6bd7c48b6bb,controlled_kernel,jellyfish-turboplonk-0.8.0-bn254-kzg,default,{},witness,4096,4,wrong_public_input,true,3,8.907511,0.270852,8.978175,9.120242,8.608331,9.136027,,,,,,,,not-applicable,,,,,,,,,,,,,,measured,controlled implementation pilot; not paper-final evidence,measurement,true
C2-CONTROLLED-SNARK,controlled-plonk-pilot-v1,32424b0fc88b4e18a624b23c2bba5de681d3e169,b51fa1bd9bd3db00079057822b5f305afd048981c6fdee344634f6bd7c48b6bb,controlled_kernel,jellyfish-turboplonk-0.8.0-bn254-kzg,default,{},witness,4096,8,,true,3,9.705734,2.057366,8.759245,11.735330,8.291951,12.066006,,,,,,,,not-applicable,,,,,,,,,,,,,,measured,controlled implementation pilot; not paper-final evidence,measurement,true
C2-CONTROLLED-SNARK,controlled-plonk-pilot-v1,32424b0fc88b4e18a624b23c2bba5de681d3e169,b51fa1bd9bd3db00079057822b5f305afd048981c6fdee344634f6bd7c48b6bb,controlled_kernel,jellyfish-turboplonk-0.8.0-bn254-kzg,default,{},witness,4096,8,wrong_public_input,true,3,9.211042,0.237144,9.246075,9.410455,8.958330,9.428720,,,,,,,,not-applicable,,,,,,,,,,,,,,measured,controlled implementation pilot; not paper-final evidence,measurement,true
C2-CONTROLLED-SNARK,controlled-plonk-pilot-v1,32424b0fc88b4e18a624b23c2bba5de681d3e169,b51fa1bd9bd3db00079057822b5f305afd048981c6fdee344634f6bd7c48b6bb,controlled_kernel,jellyfish-turboplonk-0.8.0-bn254-kzg,default,{},witness,4096,16,,true,3,8.986076,0.354502,9.189771,9.191529,8.576734,9.191724,,,,,,,,not-applicable,,,,,,,,,,,,,,measured,controlled implementation pilot; not paper-final evidence,measurement,true
