run_id,timestamp,claim_id,experiment_id,workload,variant,adapter_commit,config_hash,seed,repetition,order_index,parameter_set,parameters_json,input_scale,native_work_units,threads,cores_visible,phase,latency_ms,cpu_time_ms,peak_rss_mb,proof_bytes,verify_ok,exit_code,error_type,page_faults,process_read_bytes,process_write_bytes,peak_swap_mb,ram_per_application_unit,process_counter_provider,measurement_scope,energy_joules,energy_source,cold_start,invalid_proof_kind,rejection_latency_ms,metric_unavailable_reason,boundary_reason,evidence_class,result_scope,run_role,recorded,phase_supported,phase_status,phase_metrics_json,constraints,public_inputs,native_relation_size,relation_unit,counter_sampling_interval_ms,counter_samples
8ca46a69-aa09-4f31-a070-3018bca0607e,2026-08-20T10:52:00.065318+00:00,PAPER-RQ1-IDENTITY,paper-identity-plonk-v1,credential,jellyfish-turboplonk-0.8.0-bls12-381-kzg,de37e6b6e76575a9843f9bc8c93dd6cd0baeb50e,f4b0720c91a7c797bd8f9362b414d1ea7b5e483ab5160d3b6344984c90c35815,8638066593605423408,0,0,identity-paper-r1,"{""age_bits"":8,""application_units"":2,""hash_rounds"":5,""scale_mode"":""target_native_size""}",16384,16384,16,16,native_execution,1.830968,,,,,,,,,,,,,phase,,,true,,,,,measured,paper-scale identity campaign,os_cache_primer,false,true,ok,"{""application_units"":2.0,""native_work_units"":16384.0,""relation_digest"":2954551425901304.0}",,,,,,
8ca46a69-aa09-4f31-a070-3018bca0607e,2026-08-20T10:52:00.065395+00:00,PAPER-RQ1-IDENTITY,paper-identity-plonk-v1,credential,jellyfish-turboplonk-0.8.0-bls12-381-kzg,de37e6b6e76575a9843f9bc8c93dd6cd0baeb50e,f4b0720c91a7c797bd8f9362b414d1ea7b5e483ab5160d3b6344984c90c35815,8638066593605423408,0,0,identity-paper-r1,"{""age_bits"":8,""application_units"":2,""hash_rounds"":5,""scale_mode"":""target_native_size""}",16384,16384,16,16,witness,14.926876,,,,,,,,,,,,,phase,,,true,,,,,measured,paper-scale identity campaign,os_cache_primer,false,true,ok,"{""application_units"":2.0,""hash_invocations"":6.0,""hash_rounds"":5.0,""plonk_domain_rows"":16384.0,""plonk_logical_gates"":8193.0,""plonk_variables"":238.0,""range_bits_total"":32.0,""target_native_size"":16384.0}",,,,,,
8ca46a69-aa09-4f31-a070-3018bca0607e,2026-08-20T10:52:00.065425+00:00,PAPER-RQ1-IDENTITY,paper-identity-plonk-v1,credential,jellyfish-turboplonk-0.8.0-bls12-381-kzg,de37e6b6e76575a9843f9bc8c93dd6cd0baeb50e,f4b0720c91a7c797bd8f9362b414d1ea7b5e483ab5160d3b6344984c90c35815,8638066593605423408,0,0,identity-paper-r1,"{""age_bits"":8,""application_units"":2,""hash_rounds"":5,""scale_mode"":""target_native_size""}",16384,16384,16,16,setup_or_preprocess,476.504801,,,,,,,,,,,,,phase,,,true,,,,,measured,paper-scale identity campaign,os_cache_primer,false,true,ok,"{""plonk_domain_rows"":16384.0,""srs_size"":16386.0}",,,,,,
8ca46a69-aa09-4f31-a070-3018bca0607e,2026-08-20T10:52:00.065447+00:00,PAPER-RQ1-IDENTITY,paper-identity-plonk-v1,credential,jellyfish-turboplonk-0.8.0-bls12-381-kzg,de37e6b6e76575a9843f9bc8c93dd6cd0baeb50e,f4b0720c91a7c797bd8f9362b414d1ea7b5e483ab5160d3b6344984c90c35815,8638066593605423408,0,0,identity-paper-r1,"{""age_bits"":8,""application_units"":2,""hash_rounds"":5,""scale_mode"":""target_native_size""}",16384,16384,16,16,prove_total,955.455045,,,,,,,,,,,,,phase,,,true,,,,,measured,paper-scale identity campaign,os_cache_primer,false,true,ok,"{""plonk_domain_rows"":16384.0}",,,,,,
8ca46a69-aa09-4f31-a070-3018bca0607e,2026-08-20T10:52:00.065466+00:00,PAPER-RQ1-IDENTITY,paper-identity-plonk-v1,credential,jellyfish-turboplonk-0.8.0-bls12-381-kzg,de37e6b6e76575a9843f9bc8c93dd6cd0baeb50e,f4b0720c91a7c797bd8f9362b414d1ea7b5e483ab5160d3b6344984c90c35815,8638066593605423408,0,0,identity-paper-r1,"{""age_bits"":8,""application_units"":2,""hash_rounds"":5,""scale_mode"":""target_native_size""}",16384,16384,16,16,serialize,0.005380,,,,,,,,,,,,,phase,,,true,,,,,measured,paper-scale identity campaign,os_cache_primer,false,true,ok,"{""proof_bytes"":977.0}",,,,,,
8ca46a69-aa09-4f31-a070-3018bca0607e,2026-08-20T10:52:00.065486+00:00,PAPER-RQ1-IDENTITY,paper-identity-plonk-v1,credential,jellyfish-turboplonk-0.8.0-bls12-381-kzg,de37e6b6e76575a9843f9bc8c93dd6cd0baeb50e,f4b0720c91a7c797bd8f9362b414d1ea7b5e483ab5160d3b6344984c90c35815,8638066593605423408,0,0,identity-paper-r1,"{""age_bits"":8,""application_units"":2,""hash_rounds"":5,""scale_mode"":""target_native_size""}",16384,16384,16,16,deserialize,4.609161,,,,,,,,,,,,,phase,,,true,,,,,measured,paper-scale identity campaign,os_cache_primer,false,true,ok,"{""proof_bytes"":977.0}",,,,,,
8ca46a69-aa09-4f31-a070-3018bca0607e,2026-08-20T10:52:00.065506+00:00,PAPER-RQ1-IDENTITY,paper-identity-plonk-v1,credential,jellyfish-turboplonk-0.8.0-bls12-381-kzg,de37e6b6e76575a9843f9bc8c93dd6cd0baeb50e,f4b0720c91a7c797bd8f9362b414d1ea7b5e483ab5160d3b6344984c90c35815,8638066593605423408,0,0,identity-paper-r1,"{""age_bits"":8,""application_units"":2,""hash_rounds"":5,""scale_mode"":""target_native_size""}",16384,16384,16,16,verify_core,5.904160,,,,,,,,,,,,,phase,,,true,,,,,measured,paper-scale identity campaign,os_cache_primer,false,true,ok,{},,,,,,
8ca46a69-aa09-4f31-a070-3018bca0607e,2026-08-20T10:52:00.065525+00:00,PAPER-RQ1-IDENTITY,paper-identity-plonk-v1,credential,jellyfish-turboplonk-0.8.0-bls12-381-kzg,de37e6b6e76575a9843f9bc8c93dd6cd0baeb50e,f4b0720c91a7c797bd8f9362b414d1ea7b5e483ab5160d3b6344984c90c35815,8638066593605423408,0,0,identity-paper-r1,"{""age_bits"":8,""application_units"":2,""hash_rounds"":5,""scale_mode"":""target_native_size""}",16384,16384,16,16,verify_total,10.513711,,,,,,,,,,,,,phase,,,true,,,,,measured,paper-scale identity campaign,os_cache_primer,false,true,ok,{},,,,,,
8ca46a69-aa09-4f31-a070-3018bca0607e,2026-08-20T10:52:00.065544+00:00,PAPER-RQ1-IDENTITY,paper-identity-plonk-v1,credential,jellyfish-turboplonk-0.8.0-bls12-381-kzg,de37e6b6e76575a9843f9bc8c93dd6cd0baeb50e,f4b0720c91a7c797bd8f9362b414d1ea7b5e483ab5160d3b6344984c90c35815,8638066593605423408,0,0,identity-paper-r1,"{""age_bits"":8,""application_units"":2,""hash_rounds"":5,""scale_mode"":""target_native_size""}",16384,16384,16,16,fft_ntt,,,,,,,,,,,,,,phase,,,true,,,Jellyfish exposes no stable per-proof hook for this phase,,measured,paper-scale identity campaign,os_cache_primer,false,false,unsupported,{},,,,,,
8ca46a69-aa09-4f31-a070-3018bca0607e,2026-08-20T10:52:00.065562+00:00,PAPER-RQ1-IDENTITY,paper-identity-plonk-v1,credential,jellyfish-turboplonk-0.8.0-bls12-381-kzg,de37e6b6e76575a9843f9bc8c93dd6cd0baeb50e,f4b0720c91a7c797bd8f9362b414d1ea7b5e483ab5160d3b6344984c90c35815,8638066593605423408,0,0,identity-paper-r1,"{""age_bits"":8,""application_units"":2,""hash_rounds"":5,""scale_mode"":""target_native_size""}",16384,16384,16,16,msm,,,,,,,,,,,,,,phase,,,true,,,Jellyfish exposes no stable per-proof hook for this phase,,measured,paper-scale identity campaign,os_cache_primer,false,false,unsupported,{},,,,,,
8ca46a69-aa09-4f31-a070-3018bca0607e,2026-08-20T10:52:00.065580+00:00,PAPER-RQ1-IDENTITY,paper-identity-plonk-v1,credential,jellyfish-turboplonk-0.8.0-bls12-381-kzg,de37e6b6e76575a9843f9bc8c93dd6cd0baeb50e,f4b0720c91a7c797bd8f9362b414d1ea7b5e483ab5160d3b6344984c90c35815,8638066593605423408,0,0,identity-paper-r1,"{""age_bits"":8,""application_units"":2,""hash_rounds"":5,""scale_mode"":""target_native_size""}",16384,16384,16,16,commitment,,,,,,,,,,,,,,phase,,,true,,,Jellyfish exposes no stable per-proof hook for this phase,,measured,paper-scale identity campaign,os_cache_primer,false,false,unsupported,{},,,,,,
8ca46a69-aa09-4f31-a070-3018bca0607e,2026-08-20T10:52:00.065597+00:00,PAPER-RQ1-IDENTITY,paper-identity-plonk-v1,credential,jellyfish-turboplonk-0.8.0-bls12-381-kzg,de37e6b6e76575a9843f9bc8c93dd6cd0baeb50e,f4b0720c91a7c797bd8f9362b414d1ea7b5e483ab5160d3b6344984c90c35815,8638066593605423408,0,0,identity-paper-r1,"{""age_bits"":8,""application_units"":2,""hash_rounds"":5,""scale_mode"":""target_native_size""}",16384,16384,16,16,key_load,,,,,,,,,,,,,,phase,,,true,,,Jellyfish exposes no stable per-proof hook for this phase,,measured,paper-scale identity campaign,os_cache_primer,false,false,unsupported,{},,,,,,
8ca46a69-aa09-4f31-a070-3018bca0607e,2026-08-20T10:52:00.065615+00:00,PAPER-RQ1-IDENTITY,paper-identity-plonk-v1,credential,jellyfish-turboplonk-0.8.0-bls12-381-kzg,de37e6b6e76575a9843f9bc8c93dd6cd0baeb50e,f4b0720c91a7c797bd8f9362b414d1ea7b5e483ab5160d3b6344984c90c35815,8638066593605423408,0,0,identity-paper-r1,"{""age_bits"":8,""application_units"":2,""hash_rounds"":5,""scale_mode"":""target_native_size""}",16384,16384,16,16,adapter_process_wall,1509.541357,17170.000000,196.437500,977,true,0,,59376,956,,,,linux-procfs,process,,,true,,,"Linux procfs read failed: [Errno 13] Permission denied: '/proc/2069/io'; private commit and per-process swap I/O are unavailable; VmSwap reports allocation, not swap traffic; No documented hardware or OS energy counter is configured in WSL2",,measured,paper-scale identity campaign,os_cache_primer,false,true,ok,{},16384,2,16384,plonk_domain_rows,5.0,262
7bf6ad8f-f7ca-442b-a351-0ceff79a12b2,2026-08-20T10:52:01.532887+00:00,PAPER-RQ1-IDENTITY,paper-identity-plonk-v1,credential,jellyfish-turboplonk-0.8.0-bls12-381-kzg,de37e6b6e76575a9843f9bc8c93dd6cd0baeb50e,f4b0720c91a7c797bd8f9362b414d1ea7b5e483ab5160d3b6344984c90c35815,5324641559394326928,1,1,identity-paper-r1,"{""age_bits"":8,""application_units"":2,""hash_rounds"":5,""scale_mode"":""target_native_size""}",16384,16384,16,16,native_execution,1.960078,,,,,,,,,,,,,phase,,,true,,,,,measured,paper-scale identity campaign,os_cache_primer,false,true,ok,"{""application_units"":2.0,""native_work_units"":16384.0,""relation_digest"":341458564454090.0}",,,,,,
7bf6ad8f-f7ca-442b-a351-0ceff79a12b2,2026-08-20T10:52:01.532952+00:00,PAPER-RQ1-IDENTITY,paper-identity-plonk-v1,credential,jellyfish-turboplonk-0.8.0-bls12-381-kzg,de37e6b6e76575a9843f9bc8c93dd6cd0baeb50e,f4b0720c91a7c797bd8f9362b414d1ea7b5e483ab5160d3b6344984c90c35815,5324641559394326928,1,1,identity-paper-r1,"{""age_bits"":8,""application_units"":2,""hash_rounds"":5,""scale_mode"":""target_native_size""}",16384,16384,16,16,witness,15.313144,,,,,,,,,,,,,phase,,,true,,,,,measured,paper-scale identity campaign,os_cache_primer,false,true,ok,"{""application_units"":2.0,""hash_invocations"":6.0,""hash_rounds"":5.0,""plonk_domain_rows"":16384.0,""plonk_logical_gates"":8193.0,""plonk_variables"":238.0,""range_bits_total"":32.0,""target_native_size"":16384.0}",,,,,,
7bf6ad8f-f7ca-442b-a351-0ceff79a12b2,2026-08-20T10:52:01.532976+00:00,PAPER-RQ1-IDENTITY,paper-identity-plonk-v1,credential,jellyfish-turboplonk-0.8.0-bls12-381-kzg,de37e6b6e76575a9843f9bc8c93dd6cd0baeb50e,f4b0720c91a7c797bd8f9362b414d1ea7b5e483ab5160d3b6344984c90c35815,5324641559394326928,1,1,identity-paper-r1,"{""age_bits"":8,""application_units"":2,""hash_rounds"":5,""scale_mode"":""target_native_size""}",16384,16384,16,16,setup_or_preprocess,478.874345,,,,,,,,,,,,,phase,,,true,,,,,measured,paper-scale identity campaign,os_cache_primer,false,true,ok,"{""plonk_domain_rows"":16384.0,""srs_size"":16386.0}",,,,,,
7bf6ad8f-f7ca-442b-a351-0ceff79a12b2,2026-08-20T10:52:01.532992+00:00,PAPER-RQ1-IDENTITY,paper-identity-plonk-v1,credential,jellyfish-turboplonk-0.8.0-bls12-381-kzg,de37e6b6e76575a9843f9bc8c93dd6cd0baeb50e,f4b0720c91a7c797bd8f9362b414d1ea7b5e483ab5160d3b6344984c90c35815,5324641559394326928,1,1,identity-paper-r1,"{""age_bits"":8,""application_units"":2,""hash_rounds"":5,""scale_mode"":""target_native_size""}",16384,16384,16,16,prove_total,909.855174,,,,,,,,,,,,,phase,,,true,,,,,measured,paper-scale identity campaign,os_cache_primer,false,true,ok,"{""plonk_domain_rows"":16384.0}",,,,,,
7bf6ad8f-f7ca-442b-a351-0ceff79a12b2,2026-08-20T10:52:01.533007+00:00,PAPER-RQ1-IDENTITY,paper-identity-plonk-v1,credential,jellyfish-turboplonk-0.8.0-bls12-381-kzg,de37e6b6e76575a9843f9bc8c93dd6cd0baeb50e,f4b0720c91a7c797bd8f9362b414d1ea7b5e483ab5160d3b6344984c90c35815,5324641559394326928,1,1,identity-paper-r1,"{""age_bits"":8,""application_units"":2,""hash_rounds"":5,""scale_mode"":""target_native_size""}",16384,16384,16,16,serialize,0.005049,,,,,,,,,,,,,phase,,,true,,,,,measured,paper-scale identity campaign,os_cache_primer,false,true,ok,"{""proof_bytes"":977.0}",,,,,,
7bf6ad8f-f7ca-442b-a351-0ceff79a12b2,2026-08-20T10:52:01.533023+00:00,PAPER-RQ1-IDENTITY,paper-identity-plonk-v1,credential,jellyfish-turboplonk-0.8.0-bls12-381-kzg,de37e6b6e76575a9843f9bc8c93dd6cd0baeb50e,f4b0720c91a7c797bd8f9362b414d1ea7b5e483ab5160d3b6344984c90c35815,5324641559394326928,1,1,identity-paper-r1,"{""age_bits"":8,""application_units"":2,""hash_rounds"":5,""scale_mode"":""target_native_size""}",16384,16384,16,16,deserialize,4.088259,,,,,,,,,,,,,phase,,,true,,,,,measured,paper-scale identity campaign,os_cache_primer,false,true,ok,"{""proof_bytes"":977.0}",,,,,,
7bf6ad8f-f7ca-442b-a351-0ceff79a12b2,2026-08-20T10:52:01.533037+00:00,PAPER-RQ1-IDENTITY,paper-identity-plonk-v1,credential,jellyfish-turboplonk-0.8.0-bls12-381-kzg,de37e6b6e76575a9843f9bc8c93dd6cd0baeb50e,f4b0720c91a7c797bd8f9362b414d1ea7b5e483ab5160d3b6344984c90c35815,5324641559394326928,1,1,identity-paper-r1,"{""age_bits"":8,""application_units"":2,""hash_rounds"":5,""scale_mode"":""target_native_size""}",16384,16384,16,16,verify_core,5.187565,,,,,,,,,,,,,phase,,,true,,,,,measured,paper-scale identity campaign,os_cache_primer,false,true,ok,{},,,,,,
7bf6ad8f-f7ca-442b-a351-0ceff79a12b2,2026-08-20T10:52:01.533051+00:00,PAPER-RQ1-IDENTITY,paper-identity-plonk-v1,credential,jellyfish-turboplonk-0.8.0-bls12-381-kzg,de37e6b6e76575a9843f9bc8c93dd6cd0baeb50e,f4b0720c91a7c797bd8f9362b414d1ea7b5e483ab5160d3b6344984c90c35815,5324641559394326928,1,1,identity-paper-r1,"{""age_bits"":8,""application_units"":2,""hash_rounds"":5,""scale_mode"":""target_native_size""}",16384,16384,16,16,verify_total,9.276084,,,,,,,,,,,,,phase,,,true,,,,,measured,paper-scale identity campaign,os_cache_primer,false,true,ok,{},,,,,,
7bf6ad8f-f7ca-442b-a351-0ceff79a12b2,2026-08-20T10:52:01.533066+00:00,PAPER-RQ1-IDENTITY,paper-identity-plonk-v1,credential,jellyfish-turboplonk-0.8.0-bls12-381-kzg,de37e6b6e76575a9843f9bc8c93dd6cd0baeb50e,f4b0720c91a7c797bd8f9362b414d1ea7b5e483ab5160d3b6344984c90c35815,5324641559394326928,1,1,identity-paper-r1,"{""age_bits"":8,""application_units"":2,""hash_rounds"":5,""scale_mode"":""target_native_size""}",16384,16384,16,16,fft_ntt,,,,,,,,,,,,,,phase,,,true,,,Jellyfish exposes no stable per-proof hook for this phase,,measured,paper-scale identity campaign,os_cache_primer,false,false,unsupported,{},,,,,,
7bf6ad8f-f7ca-442b-a351-0ceff79a12b2,2026-08-20T10:52:01.533080+00:00,PAPER-RQ1-IDENTITY,paper-identity-plonk-v1,credential,jellyfish-turboplonk-0.8.0-bls12-381-kzg,de37e6b6e76575a9843f9bc8c93dd6cd0baeb50e,f4b0720c91a7c797bd8f9362b414d1ea7b5e483ab5160d3b6344984c90c35815,5324641559394326928,1,1,identity-paper-r1,"{""age_bits"":8,""application_units"":2,""hash_rounds"":5,""scale_mode"":""target_native_size""}",16384,16384,16,16,msm,,,,,,,,,,,,,,phase,,,true,,,Jellyfish exposes no stable per-proof hook for this phase,,measured,paper-scale identity campaign,os_cache_primer,false,false,unsupported,{},,,,,,
7bf6ad8f-f7ca-442b-a351-0ceff79a12b2,2026-08-20T10:52:01.533094+00:00,PAPER-RQ1-IDENTITY,paper-identity-plonk-v1,credential,jellyfish-turboplonk-0.8.0-bls12-381-kzg,de37e6b6e76575a9843f9bc8c93dd6cd0baeb50e,f4b0720c91a7c797bd8f9362b414d1ea7b5e483ab5160d3b6344984c90c35815,5324641559394326928,1,1,identity-paper-r1,"{""age_bits"":8,""application_units"":2,""hash_rounds"":5,""scale_mode"":""target_native_size""}",16384,16384,16,16,commitment,,,,,,,,,,,,,,phase,,,true,,,Jellyfish exposes no stable per-proof hook for this phase,,measured,paper-scale identity campaign,os_cache_primer,false,false,unsupported,{},,,,,,
7bf6ad8f-f7ca-442b-a351-0ceff79a12b2,2026-08-20T10:52:01.533107+00:00,PAPER-RQ1-IDENTITY,paper-identity-plonk-v1,credential,jellyfish-turboplonk-0.8.0-bls12-381-kzg,de37e6b6e76575a9843f9bc8c93dd6cd0baeb50e,f4b0720c91a7c797bd8f9362b414d1ea7b5e483ab5160d3b6344984c90c35815,5324641559394326928,1,1,identity-paper-r1,"{""age_bits"":8,""application_units"":2,""hash_rounds"":5,""scale_mode"":""target_native_size""}",16384,16384,16,16,key_load,,,,,,,,,,,,,,phase,,,true,,,Jellyfish exposes no stable per-proof hook for this phase,,measured,paper-scale identity campaign,os_cache_primer,false,false,unsupported,{},,,,,,
7bf6ad8f-f7ca-442b-a351-0ceff79a12b2,2026-08-20T10:52:01.533120+00:00,PAPER-RQ1-IDENTITY,paper-identity-plonk-v1,credential,jellyfish-turboplonk-0.8.0-bls12-381-kzg,de37e6b6e76575a9843f9bc8c93dd6cd0baeb50e,f4b0720c91a7c797bd8f9362b414d1ea7b5e483ab5160d3b6344984c90c35815,5324641559394326928,1,1,identity-paper-r1,"{""age_bits"":8,""application_units"":2,""hash_rounds"":5,""scale_mode"":""target_native_size""}",16384,16384,16,16,adapter_process_wall,1466.413228,16850.000000,193.304688,977,true,0,,60004,956,,,,linux-procfs,process,,,true,,,"Linux procfs read failed: [Errno 13] Permission denied: '/proc/2087/io'; private commit and per-process swap I/O are unavailable; VmSwap reports allocation, not swap traffic; No documented hardware or OS energy counter is configured in WSL2",,measured,paper-scale identity campaign,os_cache_primer,false,true,ok,{},16384,2,16384,plonk_domain_rows,5.0,254
dd6d07b5-07e7-4543-a906-e2ae93f5e2ed,2026-08-20T10:52:03.532731+00:00,PAPER-RQ1-IDENTITY,paper-identity-plonk-v1,credential,jellyfish-turboplonk-0.8.0-bls12-381-kzg,de37e6b6e76575a9843f9bc8c93dd6cd0baeb50e,f4b0720c91a7c797bd8f9362b414d1ea7b5e483ab5160d3b6344984c90c35815,6781604730524529506,9,2,identity-paper-r1,"{""age_bits"":8,""application_units"":2,""hash_rounds"":5,""scale_mode"":""target_native_size""}",16384,16384,16,16,native_execution,2.427198,,,,,,,,,,,,,phase,,,true,,,,,measured,paper-scale identity campaign,measurement,true,true,ok,"{""application_units"":2.0,""native_work_units"":16384.0,""relation_digest"":3026741071778387.0}",,,,,,
dd6d07b5-07e7-4543-a906-e2ae93f5e2ed,2026-08-20T10:52:03.532808+00:00,PAPER-RQ1-IDENTITY,paper-identity-plonk-v1,credential,jellyfish-turboplonk-0.8.0-bls12-381-kzg,de37e6b6e76575a9843f9bc8c93dd6cd0baeb50e,f4b0720c91a7c797bd8f9362b414d1ea7b5e483ab5160d3b6344984c90c35815,6781604730524529506,9,2,identity-paper-r1,"{""age_bits"":8,""application_units"":2,""hash_rounds"":5,""scale_mode"":""target_native_size""}",16384,16384,16,16,witness,16.759942,,,,,,,,,,,,,phase,,,true,,,,,measured,paper-scale identity campaign,measurement,true,true,ok,"{""application_units"":2.0,""hash_invocations"":6.0,""hash_rounds"":5.0,""plonk_domain_rows"":16384.0,""plonk_logical_gates"":8193.0,""plonk_variables"":238.0,""range_bits_total"":32.0,""target_native_size"":16384.0}",,,,,,
dd6d07b5-07e7-4543-a906-e2ae93f5e2ed,2026-08-20T10:52:03.532832+00:00,PAPER-RQ1-IDENTITY,paper-identity-plonk-v1,credential,jellyfish-turboplonk-0.8.0-bls12-381-kzg,de37e6b6e76575a9843f9bc8c93dd6cd0baeb50e,f4b0720c91a7c797bd8f9362b414d1ea7b5e483ab5160d3b6344984c90c35815,6781604730524529506,9,2,identity-paper-r1,"{""age_bits"":8,""application_units"":2,""hash_rounds"":5,""scale_mode"":""target_native_size""}",16384,16384,16,16,setup_or_preprocess,575.553028,,,,,,,,,,,,,phase,,,true,,,,,measured,paper-scale identity campaign,measurement,true,true,ok,"{""plonk_domain_rows"":16384.0,""srs_size"":16386.0}",,,,,,
dd6d07b5-07e7-4543-a906-e2ae93f5e2ed,2026-08-20T10:52:03.532850+00:00,PAPER-RQ1-IDENTITY,paper-identity-plonk-v1,credential,jellyfish-turboplonk-0.8.0-bls12-381-kzg,de37e6b6e76575a9843f9bc8c93dd6cd0baeb50e,f4b0720c91a7c797bd8f9362b414d1ea7b5e483ab5160d3b6344984c90c35815,6781604730524529506,9,2,identity-paper-r1,"{""age_bits"":8,""application_units"":2,""hash_rounds"":5,""scale_mode"":""target_native_size""}",16384,16384,16,16,prove_total,1342.280002,,,,,,,,,,,,,phase,,,true,,,,,measured,paper-scale identity campaign,measurement,true,true,ok,"{""plonk_domain_rows"":16384.0}",,,,,,
dd6d07b5-07e7-4543-a906-e2ae93f5e2ed,2026-08-20T10:52:03.532897+00:00,PAPER-RQ1-IDENTITY,paper-identity-plonk-v1,credential,jellyfish-turboplonk-0.8.0-bls12-381-kzg,de37e6b6e76575a9843f9bc8c93dd6cd0baeb50e,f4b0720c91a7c797bd8f9362b414d1ea7b5e483ab5160d3b6344984c90c35815,6781604730524529506,9,2,identity-paper-r1,"{""age_bits"":8,""application_units"":2,""hash_rounds"":5,""scale_mode"":""target_native_size""}",16384,16384,16,16,serialize,0.008125,,,,,,,,,,,,,phase,,,true,,,,,measured,paper-scale identity campaign,measurement,true,true,ok,"{""proof_bytes"":977.0}",,,,,,
dd6d07b5-07e7-4543-a906-e2ae93f5e2ed,2026-08-20T10:52:03.532928+00:00,PAPER-RQ1-IDENTITY,paper-identity-plonk-v1,credential,jellyfish-turboplonk-0.8.0-bls12-381-kzg,de37e6b6e76575a9843f9bc8c93dd6cd0baeb50e,f4b0720c91a7c797bd8f9362b414d1ea7b5e483ab5160d3b6344984c90c35815,6781604730524529506,9,2,identity-paper-r1,"{""age_bits"":8,""application_units"":2,""hash_rounds"":5,""scale_mode"":""target_native_size""}",16384,16384,16,16,deserialize,4.425177,,,,,,,,,,,,,phase,,,true,,,,,measured,paper-scale identity campaign,measurement,true,true,ok,"{""proof_bytes"":977.0}",,,,,,
dd6d07b5-07e7-4543-a906-e2ae93f5e2ed,2026-08-20T10:52:03.532946+00:00,PAPER-RQ1-IDENTITY,paper-identity-plonk-v1,credential,jellyfish-turboplonk-0.8.0-bls12-381-kzg,de37e6b6e76575a9843f9bc8c93dd6cd0baeb50e,f4b0720c91a7c797bd8f9362b414d1ea7b5e483ab5160d3b6344984c90c35815,6781604730524529506,9,2,identity-paper-r1,"{""age_bits"":8,""application_units"":2,""hash_rounds"":5,""scale_mode"":""target_native_size""}",16384,16384,16,16,verify_core,7.360629,,,,,,,,,,,,,phase,,,true,,,,,measured,paper-scale identity campaign,measurement,true,true,ok,{},,,,,,
dd6d07b5-07e7-4543-a906-e2ae93f5e2ed,2026-08-20T10:52:03.532961+00:00,PAPER-RQ1-IDENTITY,paper-identity-plonk-v1,credential,jellyfish-turboplonk-0.8.0-bls12-381-kzg,de37e6b6e76575a9843f9bc8c93dd6cd0baeb50e,f4b0720c91a7c797bd8f9362b414d1ea7b5e483ab5160d3b6344984c90c35815,6781604730524529506,9,2,identity-paper-r1,"{""age_bits"":8,""application_units"":2,""hash_rounds"":5,""scale_mode"":""target_native_size""}",16384,16384,16,16,verify_total,11.786026,,,,,,,,,,,,,phase,,,true,,,,,measured,paper-scale identity campaign,measurement,true,true,ok,{},,,,,,
dd6d07b5-07e7-4543-a906-e2ae93f5e2ed,2026-08-20T10:52:03.532976+00:00,PAPER-RQ1-IDENTITY,paper-identity-plonk-v1,credential,jellyfish-turboplonk-0.8.0-bls12-381-kzg,de37e6b6e76575a9843f9bc8c93dd6cd0baeb50e,f4b0720c91a7c797bd8f9362b414d1ea7b5e483ab5160d3b6344984c90c35815,6781604730524529506,9,2,identity-paper-r1,"{""age_bits"":8,""application_units"":2,""hash_rounds"":5,""scale_mode"":""target_native_size""}",16384,16384,16,16,fft_ntt,,,,,,,,,,,,,,phase,,,true,,,Jellyfish exposes no stable per-proof hook for this phase,,measured,paper-scale identity campaign,measurement,true,false,unsupported,{},,,,,,
dd6d07b5-07e7-4543-a906-e2ae93f5e2ed,2026-08-20T10:52:03.532991+00:00,PAPER-RQ1-IDENTITY,paper-identity-plonk-v1,credential,jellyfish-turboplonk-0.8.0-bls12-381-kzg,de37e6b6e76575a9843f9bc8c93dd6cd0baeb50e,f4b0720c91a7c797bd8f9362b414d1ea7b5e483ab5160d3b6344984c90c35815,6781604730524529506,9,2,identity-paper-r1,"{""age_bits"":8,""application_units"":2,""hash_rounds"":5,""scale_mode"":""target_native_size""}",16384,16384,16,16,msm,,,,,,,,,,,,,,phase,,,true,,,Jellyfish exposes no stable per-proof hook for this phase,,measured,paper-scale identity campaign,measurement,true,false,unsupported,{},,,,,,
dd6d07b5-07e7-4543-a906-e2ae93f5e2ed,2026-08-20T10:52:03.533005+00:00,PAPER-RQ1-IDENTITY,paper-identity-plonk-v1,credential,jellyfish-turboplonk-0.8.0-bls12-381-kzg,de37e6b6e76575a9843f9bc8c93dd6cd0baeb50e,f4b0720c91a7c797bd8f9362b414d1ea7b5e483ab5160d3b6344984c90c35815,6781604730524529506,9,2,identity-paper-r1,"{""age_bits"":8,""application_units"":2,""hash_rounds"":5,""scale_mode"":""target_native_size""}",16384,16384,16,16,commitment,,,,,,,,,,,,,,phase,,,true,,,Jellyfish exposes no stable per-proof hook for this phase,,measured,paper-scale identity campaign,measurement,true,false,unsupported,{},,,,,,
dd6d07b5-07e7-4543-a906-e2ae93f5e2ed,2026-08-20T10:52:03.533019+00:00,PAPER-RQ1-IDENTITY,paper-identity-plonk-v1,credential,jellyfish-turboplonk-0.8.0-bls12-381-kzg,de37e6b6e76575a9843f9bc8c93dd6cd0baeb50e,f4b0720c91a7c797bd8f9362b414d1ea7b5e483ab5160d3b6344984c90c35815,6781604730524529506,9,2,identity-paper-r1,"{""age_bits"":8,""application_units"":2,""hash_rounds"":5,""scale_mode"":""target_native_size""}",16384,16384,16,16,key_load,,,,,,,,,,,,,,phase,,,true,,,Jellyfish exposes no stable per-proof hook for this phase,,measured,paper-scale identity campaign,measurement,true,false,unsupported,{},,,,,,
dd6d07b5-07e7-4543-a906-e2ae93f5e2ed,2026-08-20T10:52:03.533033+00:00,PAPER-RQ1-IDENTITY,paper-identity-plonk-v1,credential,jellyfish-turboplonk-0.8.0-bls12-381-kzg,de37e6b6e76575a9843f9bc8c93dd6cd0baeb50e,f4b0720c91a7c797bd8f9362b414d1ea7b5e483ab5160d3b6344984c90c35815,6781604730524529506,9,2,identity-paper-r1,"{""age_bits"":8,""application_units"":2,""hash_rounds"":5,""scale_mode"":""target_native_size""}",16384,16384,16,16,adapter_process_wall,1998.575986,21600.000000,192.597656,977,true,0,,59236,956,,,,linux-procfs,process,,,true,,,"Linux procfs read failed: [Errno 13] Permission denied: '/proc/2105/io'; private commit and per-process swap I/O are unavailable; VmSwap reports allocation, not swap traffic; No documented hardware or OS energy counter is configured in WSL2",,measured,paper-scale identity campaign,measurement,true,true,ok,{},16384,2,16384,plonk_domain_rows,5.0,331
0576eac1-9666-437a-943a-157b12fc9d50,2026-08-20T10:52:05.210867+00:00,PAPER-RQ1-IDENTITY,paper-identity-plonk-v1,credential,jellyfish-turboplonk-0.8.0-bls12-381-kzg,de37e6b6e76575a9843f9bc8c93dd6cd0baeb50e,f4b0720c91a7c797bd8f9362b414d1ea7b5e483ab5160d3b6344984c90c35815,4234524596755158130,4,3,identity-paper-r1,"{""age_bits"":8,""application_units"":2,""hash_rounds"":5,""scale_mode"":""target_native_size""}",16384,16384,16,16,native_execution,1.962132,,,,,,,,,,,,,phase,,,true,,,,,measured,paper-scale identity campaign,measurement,true,true,ok,"{""application_units"":2.0,""native_work_units"":16384.0,""relation_digest"":1572775405344097.0}",,,,,,
0576eac1-9666-437a-943a-157b12fc9d50,2026-08-20T10:52:05.210941+00:00,PAPER-RQ1-IDENTITY,paper-identity-plonk-v1,credential,jellyfish-turboplonk-0.8.0-bls12-381-kzg,de37e6b6e76575a9843f9bc8c93dd6cd0baeb50e,f4b0720c91a7c797bd8f9362b414d1ea7b5e483ab5160d3b6344984c90c35815,4234524596755158130,4,3,identity-paper-r1,"{""age_bits"":8,""application_units"":2,""hash_rounds"":5,""scale_mode"":""target_native_size""}",16384,16384,16,16,witness,14.354266,,,,,,,,,,,,,phase,,,true,,,,,measured,paper-scale identity campaign,measurement,true,true,ok,"{""application_units"":2.0,""hash_invocations"":6.0,""hash_rounds"":5.0,""plonk_domain_rows"":16384.0,""plonk_logical_gates"":8193.0,""plonk_variables"":238.0,""range_bits_total"":32.0,""target_native_size"":16384.0}",,,,,,
0576eac1-9666-437a-943a-157b12fc9d50,2026-08-20T10:52:05.210968+00:00,PAPER-RQ1-IDENTITY,paper-identity-plonk-v1,credential,jellyfish-turboplonk-0.8.0-bls12-381-kzg,de37e6b6e76575a9843f9bc8c93dd6cd0baeb50e,f4b0720c91a7c797bd8f9362b414d1ea7b5e483ab5160d3b6344984c90c35815,4234524596755158130,4,3,identity-paper-r1,"{""age_bits"":8,""application_units"":2,""hash_rounds"":5,""scale_mode"":""target_native_size""}",16384,16384,16,16,setup_or_preprocess,588.458765,,,,,,,,,,,,,phase,,,true,,,,,measured,paper-scale identity campaign,measurement,true,true,ok,"{""plonk_domain_rows"":16384.0,""srs_size"":16386.0}",,,,,,
0576eac1-9666-437a-943a-157b12fc9d50,2026-08-20T10:52:05.210988+00:00,PAPER-RQ1-IDENTITY,paper-identity-plonk-v1,credential,jellyfish-turboplonk-0.8.0-bls12-381-kzg,de37e6b6e76575a9843f9bc8c93dd6cd0baeb50e,f4b0720c91a7c797bd8f9362b414d1ea7b5e483ab5160d3b6344984c90c35815,4234524596755158130,4,3,identity-paper-r1,"{""age_bits"":8,""application_units"":2,""hash_rounds"":5,""scale_mode"":""target_native_size""}",16384,16384,16,16,prove_total,998.748690,,,,,,,,,,,,,phase,,,true,,,,,measured,paper-scale identity campaign,measurement,true,true,ok,"{""plonk_domain_rows"":16384.0}",,,,,,
0576eac1-9666-437a-943a-157b12fc9d50,2026-08-20T10:52:05.211006+00:00,PAPER-RQ1-IDENTITY,paper-identity-plonk-v1,credential,jellyfish-turboplonk-0.8.0-bls12-381-kzg,de37e6b6e76575a9843f9bc8c93dd6cd0baeb50e,f4b0720c91a7c797bd8f9362b414d1ea7b5e483ab5160d3b6344984c90c35815,4234524596755158130,4,3,identity-paper-r1,"{""age_bits"":8,""application_units"":2,""hash_rounds"":5,""scale_mode"":""target_native_size""}",16384,16384,16,16,serialize,0.007214,,,,,,,,,,,,,phase,,,true,,,,,measured,paper-scale identity campaign,measurement,true,true,ok,"{""proof_bytes"":977.0}",,,,,,
0576eac1-9666-437a-943a-157b12fc9d50,2026-08-20T10:52:05.211023+00:00,PAPER-RQ1-IDENTITY,paper-identity-plonk-v1,credential,jellyfish-turboplonk-0.8.0-bls12-381-kzg,de37e6b6e76575a9843f9bc8c93dd6cd0baeb50e,f4b0720c91a7c797bd8f9362b414d1ea7b5e483ab5160d3b6344984c90c35815,4234524596755158130,4,3,identity-paper-r1,"{""age_bits"":8,""application_units"":2,""hash_rounds"":5,""scale_mode"":""target_native_size""}",16384,16384,16,16,deserialize,4.637240,,,,,,,,,,,,,phase,,,true,,,,,measured,paper-scale identity campaign,measurement,true,true,ok,"{""proof_bytes"":977.0}",,,,,,
0576eac1-9666-437a-943a-157b12fc9d50,2026-08-20T10:52:05.211040+00:00,PAPER-RQ1-IDENTITY,paper-identity-plonk-v1,credential,jellyfish-turboplonk-0.8.0-bls12-381-kzg,de37e6b6e76575a9843f9bc8c93dd6cd0baeb50e,f4b0720c91a7c797bd8f9362b414d1ea7b5e483ab5160d3b6344984c90c35815,4234524596755158130,4,3,identity-paper-r1,"{""age_bits"":8,""application_units"":2,""hash_rounds"":5,""scale_mode"":""target_native_size""}",16384,16384,16,16,verify_core,8.825606,,,,,,,,,,,,,phase,,,true,,,,,measured,paper-scale identity campaign,measurement,true,true,ok,{},,,,,,
0576eac1-9666-437a-943a-157b12fc9d50,2026-08-20T10:52:05.211057+00:00,PAPER-RQ1-IDENTITY,paper-identity-plonk-v1,credential,jellyfish-turboplonk-0.8.0-bls12-381-kzg,de37e6b6e76575a9843f9bc8c93dd6cd0baeb50e,f4b0720c91a7c797bd8f9362b414d1ea7b5e483ab5160d3b6344984c90c35815,4234524596755158130,4,3,identity-paper-r1,"{""age_bits"":8,""application_units"":2,""hash_rounds"":5,""scale_mode"":""target_native_size""}",16384,16384,16,16,verify_total,13.463087,,,,,,,,,,,,,phase,,,true,,,,,measured,paper-scale identity campaign,measurement,true,true,ok,{},,,,,,
0576eac1-9666-437a-943a-157b12fc9d50,2026-08-20T10:52:05.211073+00:00,PAPER-RQ1-IDENTITY,paper-identity-plonk-v1,credential,jellyfish-turboplonk-0.8.0-bls12-381-kzg,de37e6b6e76575a9843f9bc8c93dd6cd0baeb50e,f4b0720c91a7c797bd8f9362b414d1ea7b5e483ab5160d3b6344984c90c35815,4234524596755158130,4,3,identity-paper-r1,"{""age_bits"":8,""application_units"":2,""hash_rounds"":5,""scale_mode"":""target_native_size""}",16384,16384,16,16,fft_ntt,,,,,,,,,,,,,,phase,,,true,,,Jellyfish exposes no stable per-proof hook for this phase,,measured,paper-scale identity campaign,measurement,true,false,unsupported,{},,,,,,
0576eac1-9666-437a-943a-157b12fc9d50,2026-08-20T10:52:05.211089+00:00,PAPER-RQ1-IDENTITY,paper-identity-plonk-v1,credential,jellyfish-turboplonk-0.8.0-bls12-381-kzg,de37e6b6e76575a9843f9bc8c93dd6cd0baeb50e,f4b0720c91a7c797bd8f9362b414d1ea7b5e483ab5160d3b6344984c90c35815,4234524596755158130,4,3,identity-paper-r1,"{""age_bits"":8,""application_units"":2,""hash_rounds"":5,""scale_mode"":""target_native_size""}",16384,16384,16,16,msm,,,,,,,,,,,,,,phase,,,true,,,Jellyfish exposes no stable per-proof hook for this phase,,measured,paper-scale identity campaign,measurement,true,false,unsupported,{},,,,,,
0576eac1-9666-437a-943a-157b12fc9d50,2026-08-20T10:52:05.211105+00:00,PAPER-RQ1-IDENTITY,paper-identity-plonk-v1,credential,jellyfish-turboplonk-0.8.0-bls12-381-kzg,de37e6b6e76575a9843f9bc8c93dd6cd0baeb50e,f4b0720c91a7c797bd8f9362b414d1ea7b5e483ab5160d3b6344984c90c35815,4234524596755158130,4,3,identity-paper-r1,"{""age_bits"":8,""application_units"":2,""hash_rounds"":5,""scale_mode"":""target_native_size""}",16384,16384,16,16,commitment,,,,,,,,,,,,,,phase,,,true,,,Jellyfish exposes no stable per-proof hook for this phase,,measured,paper-scale identity campaign,measurement,true,false,unsupported,{},,,,,,
0576eac1-9666-437a-943a-157b12fc9d50,2026-08-20T10:52:05.211121+00:00,PAPER-RQ1-IDENTITY,paper-identity-plonk-v1,credential,jellyfish-turboplonk-0.8.0-bls12-381-kzg,de37e6b6e76575a9843f9bc8c93dd6cd0baeb50e,f4b0720c91a7c797bd8f9362b414d1ea7b5e483ab5160d3b6344984c90c35815,4234524596755158130,4,3,identity-paper-r1,"{""age_bits"":8,""application_units"":2,""hash_rounds"":5,""scale_mode"":""target_native_size""}",16384,16384,16,16,key_load,,,,,,,,,,,,,,phase,,,true,,,Jellyfish exposes no stable per-proof hook for this phase,,measured,paper-scale identity campaign,measurement,true,false,unsupported,{},,,,,,
0576eac1-9666-437a-943a-157b12fc9d50,2026-08-20T10:52:05.211137+00:00,PAPER-RQ1-IDENTITY,paper-identity-plonk-v1,credential,jellyfish-turboplonk-0.8.0-bls12-381-kzg,de37e6b6e76575a9843f9bc8c93dd6cd0baeb50e,f4b0720c91a7c797bd8f9362b414d1ea7b5e483ab5160d3b6344984c90c35815,4234524596755158130,4,3,identity-paper-r1,"{""age_bits"":8,""application_units"":2,""hash_rounds"":5,""scale_mode"":""target_native_size""}",16384,16384,16,16,adapter_process_wall,1676.805613,18850.000000,190.941406,977,true,0,,58904,956,,,,linux-procfs,process,,,true,,,"Linux procfs read failed: [Errno 13] Permission denied: '/proc/2123/io'; private commit and per-process swap I/O are unavailable; VmSwap reports allocation, not swap traffic; No documented hardware or OS energy counter is configured in WSL2",,measured,paper-scale identity campaign,measurement,true,true,ok,{},16384,2,16384,plonk_domain_rows,5.0,283
cbff2294-d110-46b5-a246-341b7a609e31,2026-08-20T10:52:06.776015+00:00,PAPER-RQ1-IDENTITY,paper-identity-plonk-v1,credential,jellyfish-turboplonk-0.8.0-bls12-381-kzg,de37e6b6e76575a9843f9bc8c93dd6cd0baeb50e,f4b0720c91a7c797bd8f9362b414d1ea7b5e483ab5160d3b6344984c90c35815,665538893601752950,8,4,identity-paper-r1,"{""age_bits"":8,""application_units"":2,""hash_rounds"":5,""scale_mode"":""target_native_size""}",16384,16384,16,16,native_execution,2.002727,,,,,,,,,,,,,phase,,,true,,,,,measured,paper-scale identity campaign,measurement,true,true,ok,"{""application_units"":2.0,""native_work_units"":16384.0,""relation_digest"":4117589630228690.0}",,,,,,
cbff2294-d110-46b5-a246-341b7a609e31,2026-08-20T10:52:06.776092+00:00,PAPER-RQ1-IDENTITY,paper-identity-plonk-v1,credential,jellyfish-turboplonk-0.8.0-bls12-381-kzg,de37e6b6e76575a9843f9bc8c93dd6cd0baeb50e,f4b0720c91a7c797bd8f9362b414d1ea7b5e483ab5160d3b6344984c90c35815,665538893601752950,8,4,identity-paper-r1,"{""age_bits"":8,""application_units"":2,""hash_rounds"":5,""scale_mode"":""target_native_size""}",16384,16384,16,16,witness,15.683710,,,,,,,,,,,,,phase,,,true,,,,,measured,paper-scale identity campaign,measurement,true,true,ok,"{""application_units"":2.0,""hash_invocations"":6.0,""hash_rounds"":5.0,""plonk_domain_rows"":16384.0,""plonk_logical_gates"":8193.0,""plonk_variables"":238.0,""range_bits_total"":32.0,""target_native_size"":16384.0}",,,,,,
cbff2294-d110-46b5-a246-341b7a609e31,2026-08-20T10:52:06.776120+00:00,PAPER-RQ1-IDENTITY,paper-identity-plonk-v1,credential,jellyfish-turboplonk-0.8.0-bls12-381-kzg,de37e6b6e76575a9843f9bc8c93dd6cd0baeb50e,f4b0720c91a7c797bd8f9362b414d1ea7b5e483ab5160d3b6344984c90c35815,665538893601752950,8,4,identity-paper-r1,"{""age_bits"":8,""application_units"":2,""hash_rounds"":5,""scale_mode"":""target_native_size""}",16384,16384,16,16,setup_or_preprocess,476.434185,,,,,,,,,,,,,phase,,,true,,,,,measured,paper-scale identity campaign,measurement,true,true,ok,"{""plonk_domain_rows"":16384.0,""srs_size"":16386.0}",,,,,,
cbff2294-d110-46b5-a246-341b7a609e31,2026-08-20T10:52:06.776139+00:00,PAPER-RQ1-IDENTITY,paper-identity-plonk-v1,credential,jellyfish-turboplonk-0.8.0-bls12-381-kzg,de37e6b6e76575a9843f9bc8c93dd6cd0baeb50e,f4b0720c91a7c797bd8f9362b414d1ea7b5e483ab5160d3b6344984c90c35815,665538893601752950,8,4,identity-paper-r1,"{""age_bits"":8,""application_units"":2,""hash_rounds"":5,""scale_mode"":""target_native_size""}",16384,16384,16,16,prove_total,999.466026,,,,,,,,,,,,,phase,,,true,,,,,measured,paper-scale identity campaign,measurement,true,true,ok,"{""plonk_domain_rows"":16384.0}",,,,,,
cbff2294-d110-46b5-a246-341b7a609e31,2026-08-20T10:52:06.776157+00:00,PAPER-RQ1-IDENTITY,paper-identity-plonk-v1,credential,jellyfish-turboplonk-0.8.0-bls12-381-kzg,de37e6b6e76575a9843f9bc8c93dd6cd0baeb50e,f4b0720c91a7c797bd8f9362b414d1ea7b5e483ab5160d3b6344984c90c35815,665538893601752950,8,4,identity-paper-r1,"{""age_bits"":8,""application_units"":2,""hash_rounds"":5,""scale_mode"":""target_native_size""}",16384,16384,16,16,serialize,0.005340,,,,,,,,,,,,,phase,,,true,,,,,measured,paper-scale identity campaign,measurement,true,true,ok,"{""proof_bytes"":977.0}",,,,,,
cbff2294-d110-46b5-a246-341b7a609e31,2026-08-20T10:52:06.776174+00:00,PAPER-RQ1-IDENTITY,paper-identity-plonk-v1,credential,jellyfish-turboplonk-0.8.0-bls12-381-kzg,de37e6b6e76575a9843f9bc8c93dd6cd0baeb50e,f4b0720c91a7c797bd8f9362b414d1ea7b5e483ab5160d3b6344984c90c35815,665538893601752950,8,4,identity-paper-r1,"{""age_bits"":8,""application_units"":2,""hash_rounds"":5,""scale_mode"":""target_native_size""}",16384,16384,16,16,deserialize,4.396934,,,,,,,,,,,,,phase,,,true,,,,,measured,paper-scale identity campaign,measurement,true,true,ok,"{""proof_bytes"":977.0}",,,,,,
cbff2294-d110-46b5-a246-341b7a609e31,2026-08-20T10:52:06.776194+00:00,PAPER-RQ1-IDENTITY,paper-identity-plonk-v1,credential,jellyfish-turboplonk-0.8.0-bls12-381-kzg,de37e6b6e76575a9843f9bc8c93dd6cd0baeb50e,f4b0720c91a7c797bd8f9362b414d1ea7b5e483ab5160d3b6344984c90c35815,665538893601752950,8,4,identity-paper-r1,"{""age_bits"":8,""application_units"":2,""hash_rounds"":5,""scale_mode"":""target_native_size""}",16384,16384,16,16,verify_core,6.606365,,,,,,,,,,,,,phase,,,true,,,,,measured,paper-scale identity campaign,measurement,true,true,ok,{},,,,,,
cbff2294-d110-46b5-a246-341b7a609e31,2026-08-20T10:52:06.776208+00:00,PAPER-RQ1-IDENTITY,paper-identity-plonk-v1,credential,jellyfish-turboplonk-0.8.0-bls12-381-kzg,de37e6b6e76575a9843f9bc8c93dd6cd0baeb50e,f4b0720c91a7c797bd8f9362b414d1ea7b5e483ab5160d3b6344984c90c35815,665538893601752950,8,4,identity-paper-r1,"{""age_bits"":8,""application_units"":2,""hash_rounds"":5,""scale_mode"":""target_native_size""}",16384,16384,16,16,verify_total,11.003509,,,,,,,,,,,,,phase,,,true,,,,,measured,paper-scale identity campaign,measurement,true,true,ok,{},,,,,,
cbff2294-d110-46b5-a246-341b7a609e31,2026-08-20T10:52:06.776271+00:00,PAPER-RQ1-IDENTITY,paper-identity-plonk-v1,credential,jellyfish-turboplonk-0.8.0-bls12-381-kzg,de37e6b6e76575a9843f9bc8c93dd6cd0baeb50e,f4b0720c91a7c797bd8f9362b414d1ea7b5e483ab5160d3b6344984c90c35815,665538893601752950,8,4,identity-paper-r1,"{""age_bits"":8,""application_units"":2,""hash_rounds"":5,""scale_mode"":""target_native_size""}",16384,16384,16,16,fft_ntt,,,,,,,,,,,,,,phase,,,true,,,Jellyfish exposes no stable per-proof hook for this phase,,measured,paper-scale identity campaign,measurement,true,false,unsupported,{},,,,,,
cbff2294-d110-46b5-a246-341b7a609e31,2026-08-20T10:52:06.776303+00:00,PAPER-RQ1-IDENTITY,paper-identity-plonk-v1,credential,jellyfish-turboplonk-0.8.0-bls12-381-kzg,de37e6b6e76575a9843f9bc8c93dd6cd0baeb50e,f4b0720c91a7c797bd8f9362b414d1ea7b5e483ab5160d3b6344984c90c35815,665538893601752950,8,4,identity-paper-r1,"{""age_bits"":8,""application_units"":2,""hash_rounds"":5,""scale_mode"":""target_native_size""}",16384,16384,16,16,msm,,,,,,,,,,,,,,phase,,,true,,,Jellyfish exposes no stable per-proof hook for this phase,,measured,paper-scale identity campaign,measurement,true,false,unsupported,{},,,,,,
cbff2294-d110-46b5-a246-341b7a609e31,2026-08-20T10:52:06.776321+00:00,PAPER-RQ1-IDENTITY,paper-identity-plonk-v1,credential,jellyfish-turboplonk-0.8.0-bls12-381-kzg,de37e6b6e76575a9843f9bc8c93dd6cd0baeb50e,f4b0720c91a7c797bd8f9362b414d1ea7b5e483ab5160d3b6344984c90c35815,665538893601752950,8,4,identity-paper-r1,"{""age_bits"":8,""application_units"":2,""hash_rounds"":5,""scale_mode"":""target_native_size""}",16384,16384,16,16,commitment,,,,,,,,,,,,,,phase,,,true,,,Jellyfish exposes no stable per-proof hook for this phase,,measured,paper-scale identity campaign,measurement,true,false,unsupported,{},,,,,,
cbff2294-d110-46b5-a246-341b7a609e31,2026-08-20T10:52:06.776335+00:00,PAPER-RQ1-IDENTITY,paper-identity-plonk-v1,credential,jellyfish-turboplonk-0.8.0-bls12-381-kzg,de37e6b6e76575a9843f9bc8c93dd6cd0baeb50e,f4b0720c91a7c797bd8f9362b414d1ea7b5e483ab5160d3b6344984c90c35815,665538893601752950,8,4,identity-paper-r1,"{""age_bits"":8,""application_units"":2,""hash_rounds"":5,""scale_mode"":""target_native_size""}",16384,16384,16,16,key_load,,,,,,,,,,,,,,phase,,,true,,,Jellyfish exposes no stable per-proof hook for this phase,,measured,paper-scale identity campaign,measurement,true,false,unsupported,{},,,,,,
cbff2294-d110-46b5-a246-341b7a609e31,2026-08-20T10:52:06.776348+00:00,PAPER-RQ1-IDENTITY,paper-identity-plonk-v1,credential,jellyfish-turboplonk-0.8.0-bls12-381-kzg,de37e6b6e76575a9843f9bc8c93dd6cd0baeb50e,f4b0720c91a7c797bd8f9362b414d1ea7b5e483ab5160d3b6344984c90c35815,665538893601752950,8,4,identity-paper-r1,"{""age_bits"":8,""application_units"":2,""hash_rounds"":5,""scale_mode"":""target_native_size""}",16384,16384,16,16,adapter_process_wall,1563.850783,17720.000000,192.039062,977,true,0,,59498,956,,,,linux-procfs,process,,,true,,,"Linux procfs read failed: [Errno 13] Permission denied: '/proc/2141/io'; private commit and per-process swap I/O are unavailable; VmSwap reports allocation, not swap traffic; No documented hardware or OS energy counter is configured in WSL2",,measured,paper-scale identity campaign,measurement,true,true,ok,{},16384,2,16384,plonk_domain_rows,5.0,268
20f1c7b5-5758-4238-833c-4ba01687ecac,2026-08-20T10:52:08.392151+00:00,PAPER-RQ1-IDENTITY,paper-identity-plonk-v1,credential,jellyfish-turboplonk-0.8.0-bls12-381-kzg,de37e6b6e76575a9843f9bc8c93dd6cd0baeb50e,f4b0720c91a7c797bd8f9362b414d1ea7b5e483ab5160d3b6344984c90c35815,1784594039837697164,2,5,identity-paper-r1,"{""age_bits"":8,""application_units"":2,""hash_rounds"":5,""scale_mode"":""target_native_size""}",16384,16384,16,16,native_execution,2.231403,,,,,,,,,,,,,phase,,,true,wrong_public_input,,,,measured,paper-scale identity campaign,measurement,true,true,ok,"{""application_units"":2.0,""native_work_units"":16384.0,""relation_digest"":1721876217832926.0}",,,,,,
20f1c7b5-5758-4238-833c-4ba01687ecac,2026-08-20T10:52:08.392257+00:00,PAPER-RQ1-IDENTITY,paper-identity-plonk-v1,credential,jellyfish-turboplonk-0.8.0-bls12-381-kzg,de37e6b6e76575a9843f9bc8c93dd6cd0baeb50e,f4b0720c91a7c797bd8f9362b414d1ea7b5e483ab5160d3b6344984c90c35815,1784594039837697164,2,5,identity-paper-r1,"{""age_bits"":8,""application_units"":2,""hash_rounds"":5,""scale_mode"":""target_native_size""}",16384,16384,16,16,witness,17.024606,,,,,,,,,,,,,phase,,,true,wrong_public_input,,,,measured,paper-scale identity campaign,measurement,true,true,ok,"{""application_units"":2.0,""hash_invocations"":6.0,""hash_rounds"":5.0,""plonk_domain_rows"":16384.0,""plonk_logical_gates"":8193.0,""plonk_variables"":238.0,""range_bits_total"":32.0,""target_native_size"":16384.0}",,,,,,
20f1c7b5-5758-4238-833c-4ba01687ecac,2026-08-20T10:52:08.392303+00:00,PAPER-RQ1-IDENTITY,paper-identity-plonk-v1,credential,jellyfish-turboplonk-0.8.0-bls12-381-kzg,de37e6b6e76575a9843f9bc8c93dd6cd0baeb50e,f4b0720c91a7c797bd8f9362b414d1ea7b5e483ab5160d3b6344984c90c35815,1784594039837697164,2,5,identity-paper-r1,"{""age_bits"":8,""application_units"":2,""hash_rounds"":5,""scale_mode"":""target_native_size""}",16384,16384,16,16,setup_or_preprocess,518.543256,,,,,,,,,,,,,phase,,,true,wrong_public_input,,,,measured,paper-scale identity campaign,measurement,true,true,ok,"{""plonk_domain_rows"":16384.0,""srs_size"":16386.0}",,,,,,
20f1c7b5-5758-4238-833c-4ba01687ecac,2026-08-20T10:52:08.392325+00:00,PAPER-RQ1-IDENTITY,paper-identity-plonk-v1,credential,jellyfish-turboplonk-0.8.0-bls12-381-kzg,de37e6b6e76575a9843f9bc8c93dd6cd0baeb50e,f4b0720c91a7c797bd8f9362b414d1ea7b5e483ab5160d3b6344984c90c35815,1784594039837697164,2,5,identity-paper-r1,"{""age_bits"":8,""application_units"":2,""hash_rounds"":5,""scale_mode"":""target_native_size""}",16384,16384,16,16,prove_total,1018.135933,,,,,,,,,,,,,phase,,,true,wrong_public_input,,,,measured,paper-scale identity campaign,measurement,true,true,ok,"{""plonk_domain_rows"":16384.0}",,,,,,
20f1c7b5-5758-4238-833c-4ba01687ecac,2026-08-20T10:52:08.392341+00:00,PAPER-RQ1-IDENTITY,paper-identity-plonk-v1,credential,jellyfish-turboplonk-0.8.0-bls12-381-kzg,de37e6b6e76575a9843f9bc8c93dd6cd0baeb50e,f4b0720c91a7c797bd8f9362b414d1ea7b5e483ab5160d3b6344984c90c35815,1784594039837697164,2,5,identity-paper-r1,"{""age_bits"":8,""application_units"":2,""hash_rounds"":5,""scale_mode"":""target_native_size""}",16384,16384,16,16,serialize,0.007454,,,,,,,,,,,,,phase,,,true,wrong_public_input,,,,measured,paper-scale identity campaign,measurement,true,true,ok,"{""proof_bytes"":977.0}",,,,,,
20f1c7b5-5758-4238-833c-4ba01687ecac,2026-08-20T10:52:08.392357+00:00,PAPER-RQ1-IDENTITY,paper-identity-plonk-v1,credential,jellyfish-turboplonk-0.8.0-bls12-381-kzg,de37e6b6e76575a9843f9bc8c93dd6cd0baeb50e,f4b0720c91a7c797bd8f9362b414d1ea7b5e483ab5160d3b6344984c90c35815,1784594039837697164,2,5,identity-paper-r1,"{""age_bits"":8,""application_units"":2,""hash_rounds"":5,""scale_mode"":""target_native_size""}",16384,16384,16,16,deserialize,4.870564,,,,,,,,,,,,,phase,,,true,wrong_public_input,,,,measured,paper-scale identity campaign,measurement,true,true,ok,"{""proof_bytes"":977.0}",,,,,,
20f1c7b5-5758-4238-833c-4ba01687ecac,2026-08-20T10:52:08.392373+00:00,PAPER-RQ1-IDENTITY,paper-identity-plonk-v1,credential,jellyfish-turboplonk-0.8.0-bls12-381-kzg,de37e6b6e76575a9843f9bc8c93dd6cd0baeb50e,f4b0720c91a7c797bd8f9362b414d1ea7b5e483ab5160d3b6344984c90c35815,1784594039837697164,2,5,identity-paper-r1,"{""age_bits"":8,""application_units"":2,""hash_rounds"":5,""scale_mode"":""target_native_size""}",16384,16384,16,16,verify_core,5.751695,,,,,,,,,,,,,phase,,,true,wrong_public_input,5.751695,,,measured,paper-scale identity campaign,measurement,true,true,ok,{},,,,,,
20f1c7b5-5758-4238-833c-4ba01687ecac,2026-08-20T10:52:08.392387+00:00,PAPER-RQ1-IDENTITY,paper-identity-plonk-v1,credential,jellyfish-turboplonk-0.8.0-bls12-381-kzg,de37e6b6e76575a9843f9bc8c93dd6cd0baeb50e,f4b0720c91a7c797bd8f9362b414d1ea7b5e483ab5160d3b6344984c90c35815,1784594039837697164,2,5,identity-paper-r1,"{""age_bits"":8,""application_units"":2,""hash_rounds"":5,""scale_mode"":""target_native_size""}",16384,16384,16,16,invalid_reject,5.751695,,,,,,,,,,,,,phase,,,true,wrong_public_input,,,,measured,paper-scale identity campaign,measurement,true,true,ok,{},,,,,,
20f1c7b5-5758-4238-833c-4ba01687ecac,2026-08-20T10:52:08.392401+00:00,PAPER-RQ1-IDENTITY,paper-identity-plonk-v1,credential,jellyfish-turboplonk-0.8.0-bls12-381-kzg,de37e6b6e76575a9843f9bc8c93dd6cd0baeb50e,f4b0720c91a7c797bd8f9362b414d1ea7b5e483ab5160d3b6344984c90c35815,1784594039837697164,2,5,identity-paper-r1,"{""age_bits"":8,""application_units"":2,""hash_rounds"":5,""scale_mode"":""target_native_size""}",16384,16384,16,16,verify_total,10.622560,,,,,,,,,,,,,phase,,,true,wrong_public_input,,,,measured,paper-scale identity campaign,measurement,true,true,ok,{},,,,,,
20f1c7b5-5758-4238-833c-4ba01687ecac,2026-08-20T10:52:08.392415+00:00,PAPER-RQ1-IDENTITY,paper-identity-plonk-v1,credential,jellyfish-turboplonk-0.8.0-bls12-381-kzg,de37e6b6e76575a9843f9bc8c93dd6cd0baeb50e,f4b0720c91a7c797bd8f9362b414d1ea7b5e483ab5160d3b6344984c90c35815,1784594039837697164,2,5,identity-paper-r1,"{""age_bits"":8,""application_units"":2,""hash_rounds"":5,""scale_mode"":""target_native_size""}",16384,16384,16,16,fft_ntt,,,,,,,,,,,,,,phase,,,true,wrong_public_input,,Jellyfish exposes no stable per-proof hook for this phase,,measured,paper-scale identity campaign,measurement,true,false,unsupported,{},,,,,,
20f1c7b5-5758-4238-833c-4ba01687ecac,2026-08-20T10:52:08.392430+00:00,PAPER-RQ1-IDENTITY,paper-identity-plonk-v1,credential,jellyfish-turboplonk-0.8.0-bls12-381-kzg,de37e6b6e76575a9843f9bc8c93dd6cd0baeb50e,f4b0720c91a7c797bd8f9362b414d1ea7b5e483ab5160d3b6344984c90c35815,1784594039837697164,2,5,identity-paper-r1,"{""age_bits"":8,""application_units"":2,""hash_rounds"":5,""scale_mode"":""target_native_size""}",16384,16384,16,16,msm,,,,,,,,,,,,,,phase,,,true,wrong_public_input,,Jellyfish exposes no stable per-proof hook for this phase,,measured,paper-scale identity campaign,measurement,true,false,unsupported,{},,,,,,
20f1c7b5-5758-4238-833c-4ba01687ecac,2026-08-20T10:52:08.392444+00:00,PAPER-RQ1-IDENTITY,paper-identity-plonk-v1,credential,jellyfish-turboplonk-0.8.0-bls12-381-kzg,de37e6b6e76575a9843f9bc8c93dd6cd0baeb50e,f4b0720c91a7c797bd8f9362b414d1ea7b5e483ab5160d3b6344984c90c35815,1784594039837697164,2,5,identity-paper-r1,"{""age_bits"":8,""application_units"":2,""hash_rounds"":5,""scale_mode"":""target_native_size""}",16384,16384,16,16,commitment,,,,,,,,,,,,,,phase,,,true,wrong_public_input,,Jellyfish exposes no stable per-proof hook for this phase,,measured,paper-scale identity campaign,measurement,true,false,unsupported,{},,,,,,
20f1c7b5-5758-4238-833c-4ba01687ecac,2026-08-20T10:52:08.392457+00:00,PAPER-RQ1-IDENTITY,paper-identity-plonk-v1,credential,jellyfish-turboplonk-0.8.0-bls12-381-kzg,de37e6b6e76575a9843f9bc8c93dd6cd0baeb50e,f4b0720c91a7c797bd8f9362b414d1ea7b5e483ab5160d3b6344984c90c35815,1784594039837697164,2,5,identity-paper-r1,"{""age_bits"":8,""application_units"":2,""hash_rounds"":5,""scale_mode"":""target_native_size""}",16384,16384,16,16,key_load,,,,,,,,,,,,,,phase,,,true,wrong_public_input,,Jellyfish exposes no stable per-proof hook for this phase,,measured,paper-scale identity campaign,measurement,true,false,unsupported,{},,,,,,
20f1c7b5-5758-4238-833c-4ba01687ecac,2026-08-20T10:52:08.392494+00:00,PAPER-RQ1-IDENTITY,paper-identity-plonk-v1,credential,jellyfish-turboplonk-0.8.0-bls12-381-kzg,de37e6b6e76575a9843f9bc8c93dd6cd0baeb50e,f4b0720c91a7c797bd8f9362b414d1ea7b5e483ab5160d3b6344984c90c35815,1784594039837697164,2,5,identity-paper-r1,"{""age_bits"":8,""application_units"":2,""hash_rounds"":5,""scale_mode"":""target_native_size""}",16384,16384,16,16,adapter_process_wall,1615.011607,18730.000000,192.957031,977,false,0,cryptographic_rejection,59001,956,,,,linux-procfs,process,,,true,wrong_public_input,,"Linux procfs read failed: [Errno 13] Permission denied: '/proc/2159/io'; private commit and per-process swap I/O are unavailable; VmSwap reports allocation, not swap traffic; No documented hardware or OS energy counter is configured in WSL2",,measured,paper-scale identity campaign,measurement,true,true,ok,{},16384,2,16384,plonk_domain_rows,5.0,273
6f662f4f-a1ae-4485-ac38-2a3e3ba35d19,2026-08-20T10:52:09.841477+00:00,PAPER-RQ1-IDENTITY,paper-identity-plonk-v1,credential,jellyfish-turboplonk-0.8.0-bls12-381-kzg,de37e6b6e76575a9843f9bc8c93dd6cd0baeb50e,f4b0720c91a7c797bd8f9362b414d1ea7b5e483ab5160d3b6344984c90c35815,6039244185045548109,0,6,identity-paper-r1,"{""age_bits"":8,""application_units"":2,""hash_rounds"":5,""scale_mode"":""target_native_size""}",16384,16384,16,16,native_execution,2.050245,,,,,,,,,,,,,phase,,,true,wrong_public_input,,,,measured,paper-scale identity campaign,measurement,true,true,ok,"{""application_units"":2.0,""native_work_units"":16384.0,""relation_digest"":1494935828853742.0}",,,,,,
6f662f4f-a1ae-4485-ac38-2a3e3ba35d19,2026-08-20T10:52:09.841546+00:00,PAPER-RQ1-IDENTITY,paper-identity-plonk-v1,credential,jellyfish-turboplonk-0.8.0-bls12-381-kzg,de37e6b6e76575a9843f9bc8c93dd6cd0baeb50e,f4b0720c91a7c797bd8f9362b414d1ea7b5e483ab5160d3b6344984c90c35815,6039244185045548109,0,6,identity-paper-r1,"{""age_bits"":8,""application_units"":2,""hash_rounds"":5,""scale_mode"":""target_native_size""}",16384,16384,16,16,witness,16.164806,,,,,,,,,,,,,phase,,,true,wrong_public_input,,,,measured,paper-scale identity campaign,measurement,true,true,ok,"{""application_units"":2.0,""hash_invocations"":6.0,""hash_rounds"":5.0,""plonk_domain_rows"":16384.0,""plonk_logical_gates"":8193.0,""plonk_variables"":238.0,""range_bits_total"":32.0,""target_native_size"":16384.0}",,,,,,
6f662f4f-a1ae-4485-ac38-2a3e3ba35d19,2026-08-20T10:52:09.841570+00:00,PAPER-RQ1-IDENTITY,paper-identity-plonk-v1,credential,jellyfish-turboplonk-0.8.0-bls12-381-kzg,de37e6b6e76575a9843f9bc8c93dd6cd0baeb50e,f4b0720c91a7c797bd8f9362b414d1ea7b5e483ab5160d3b6344984c90c35815,6039244185045548109,0,6,identity-paper-r1,"{""age_bits"":8,""application_units"":2,""hash_rounds"":5,""scale_mode"":""target_native_size""}",16384,16384,16,16,setup_or_preprocess,471.382246,,,,,,,,,,,,,phase,,,true,wrong_public_input,,,,measured,paper-scale identity campaign,measurement,true,true,ok,"{""plonk_domain_rows"":16384.0,""srs_size"":16386.0}",,,,,,
6f662f4f-a1ae-4485-ac38-2a3e3ba35d19,2026-08-20T10:52:09.841586+00:00,PAPER-RQ1-IDENTITY,paper-identity-plonk-v1,credential,jellyfish-turboplonk-0.8.0-bls12-381-kzg,de37e6b6e76575a9843f9bc8c93dd6cd0baeb50e,f4b0720c91a7c797bd8f9362b414d1ea7b5e483ab5160d3b6344984c90c35815,6039244185045548109,0,6,identity-paper-r1,"{""age_bits"":8,""application_units"":2,""hash_rounds"":5,""scale_mode"":""target_native_size""}",16384,16384,16,16,prove_total,894.589515,,,,,,,,,,,,,phase,,,true,wrong_public_input,,,,measured,paper-scale identity campaign,measurement,true,true,ok,"{""plonk_domain_rows"":16384.0}",,,,,,
6f662f4f-a1ae-4485-ac38-2a3e3ba35d19,2026-08-20T10:52:09.841601+00:00,PAPER-RQ1-IDENTITY,paper-identity-plonk-v1,credential,jellyfish-turboplonk-0.8.0-bls12-381-kzg,de37e6b6e76575a9843f9bc8c93dd6cd0baeb50e,f4b0720c91a7c797bd8f9362b414d1ea7b5e483ab5160d3b6344984c90c35815,6039244185045548109,0,6,identity-paper-r1,"{""age_bits"":8,""application_units"":2,""hash_rounds"":5,""scale_mode"":""target_native_size""}",16384,16384,16,16,serialize,0.004739,,,,,,,,,,,,,phase,,,true,wrong_public_input,,,,measured,paper-scale identity campaign,measurement,true,true,ok,"{""proof_bytes"":977.0}",,,,,,
6f662f4f-a1ae-4485-ac38-2a3e3ba35d19,2026-08-20T10:52:09.841617+00:00,PAPER-RQ1-IDENTITY,paper-identity-plonk-v1,credential,jellyfish-turboplonk-0.8.0-bls12-381-kzg,de37e6b6e76575a9843f9bc8c93dd6cd0baeb50e,f4b0720c91a7c797bd8f9362b414d1ea7b5e483ab5160d3b6344984c90c35815,6039244185045548109,0,6,identity-paper-r1,"{""age_bits"":8,""application_units"":2,""hash_rounds"":5,""scale_mode"":""target_native_size""}",16384,16384,16,16,deserialize,4.616422,,,,,,,,,,,,,phase,,,true,wrong_public_input,,,,measured,paper-scale identity campaign,measurement,true,true,ok,"{""proof_bytes"":977.0}",,,,,,
6f662f4f-a1ae-4485-ac38-2a3e3ba35d19,2026-08-20T10:52:09.841631+00:00,PAPER-RQ1-IDENTITY,paper-identity-plonk-v1,credential,jellyfish-turboplonk-0.8.0-bls12-381-kzg,de37e6b6e76575a9843f9bc8c93dd6cd0baeb50e,f4b0720c91a7c797bd8f9362b414d1ea7b5e483ab5160d3b6344984c90c35815,6039244185045548109,0,6,identity-paper-r1,"{""age_bits"":8,""application_units"":2,""hash_rounds"":5,""scale_mode"":""target_native_size""}",16384,16384,16,16,verify_core,7.870940,,,,,,,,,,,,,phase,,,true,wrong_public_input,7.870940,,,measured,paper-scale identity campaign,measurement,true,true,ok,{},,,,,,
6f662f4f-a1ae-4485-ac38-2a3e3ba35d19,2026-08-20T10:52:09.841647+00:00,PAPER-RQ1-IDENTITY,paper-identity-plonk-v1,credential,jellyfish-turboplonk-0.8.0-bls12-381-kzg,de37e6b6e76575a9843f9bc8c93dd6cd0baeb50e,f4b0720c91a7c797bd8f9362b414d1ea7b5e483ab5160d3b6344984c90c35815,6039244185045548109,0,6,identity-paper-r1,"{""age_bits"":8,""application_units"":2,""hash_rounds"":5,""scale_mode"":""target_native_size""}",16384,16384,16,16,invalid_reject,7.870940,,,,,,,,,,,,,phase,,,true,wrong_public_input,,,,measured,paper-scale identity campaign,measurement,true,true,ok,{},,,,,,
6f662f4f-a1ae-4485-ac38-2a3e3ba35d19,2026-08-20T10:52:09.841662+00:00,PAPER-RQ1-IDENTITY,paper-identity-plonk-v1,credential,jellyfish-turboplonk-0.8.0-bls12-381-kzg,de37e6b6e76575a9843f9bc8c93dd6cd0baeb50e,f4b0720c91a7c797bd8f9362b414d1ea7b5e483ab5160d3b6344984c90c35815,6039244185045548109,0,6,identity-paper-r1,"{""age_bits"":8,""application_units"":2,""hash_rounds"":5,""scale_mode"":""target_native_size""}",16384,16384,16,16,verify_total,12.487632,,,,,,,,,,,,,phase,,,true,wrong_public_input,,,,measured,paper-scale identity campaign,measurement,true,true,ok,{},,,,,,
6f662f4f-a1ae-4485-ac38-2a3e3ba35d19,2026-08-20T10:52:09.841676+00:00,PAPER-RQ1-IDENTITY,paper-identity-plonk-v1,credential,jellyfish-turboplonk-0.8.0-bls12-381-kzg,de37e6b6e76575a9843f9bc8c93dd6cd0baeb50e,f4b0720c91a7c797bd8f9362b414d1ea7b5e483ab5160d3b6344984c90c35815,6039244185045548109,0,6,identity-paper-r1,"{""age_bits"":8,""application_units"":2,""hash_rounds"":5,""scale_mode"":""target_native_size""}",16384,16384,16,16,fft_ntt,,,,,,,,,,,,,,phase,,,true,wrong_public_input,,Jellyfish exposes no stable per-proof hook for this phase,,measured,paper-scale identity campaign,measurement,true,false,unsupported,{},,,,,,
6f662f4f-a1ae-4485-ac38-2a3e3ba35d19,2026-08-20T10:52:09.841691+00:00,PAPER-RQ1-IDENTITY,paper-identity-plonk-v1,credential,jellyfish-turboplonk-0.8.0-bls12-381-kzg,de37e6b6e76575a9843f9bc8c93dd6cd0baeb50e,f4b0720c91a7c797bd8f9362b414d1ea7b5e483ab5160d3b6344984c90c35815,6039244185045548109,0,6,identity-paper-r1,"{""age_bits"":8,""application_units"":2,""hash_rounds"":5,""scale_mode"":""target_native_size""}",16384,16384,16,16,msm,,,,,,,,,,,,,,phase,,,true,wrong_public_input,,Jellyfish exposes no stable per-proof hook for this phase,,measured,paper-scale identity campaign,measurement,true,false,unsupported,{},,,,,,
6f662f4f-a1ae-4485-ac38-2a3e3ba35d19,2026-08-20T10:52:09.841710+00:00,PAPER-RQ1-IDENTITY,paper-identity-plonk-v1,credential,jellyfish-turboplonk-0.8.0-bls12-381-kzg,de37e6b6e76575a9843f9bc8c93dd6cd0baeb50e,f4b0720c91a7c797bd8f9362b414d1ea7b5e483ab5160d3b6344984c90c35815,6039244185045548109,0,6,identity-paper-r1,"{""age_bits"":8,""application_units"":2,""hash_rounds"":5,""scale_mode"":""target_native_size""}",16384,16384,16,16,commitment,,,,,,,,,,,,,,phase,,,true,wrong_public_input,,Jellyfish exposes no stable per-proof hook for this phase,,measured,paper-scale identity campaign,measurement,true,false,unsupported,{},,,,,,
6f662f4f-a1ae-4485-ac38-2a3e3ba35d19,2026-08-20T10:52:09.841724+00:00,PAPER-RQ1-IDENTITY,paper-identity-plonk-v1,credential,jellyfish-turboplonk-0.8.0-bls12-381-kzg,de37e6b6e76575a9843f9bc8c93dd6cd0baeb50e,f4b0720c91a7c797bd8f9362b414d1ea7b5e483ab5160d3b6344984c90c35815,6039244185045548109,0,6,identity-paper-r1,"{""age_bits"":8,""application_units"":2,""hash_rounds"":5,""scale_mode"":""target_native_size""}",16384,16384,16,16,key_load,,,,,,,,,,,,,,phase,,,true,wrong_public_input,,Jellyfish exposes no stable per-proof hook for this phase,,measured,paper-scale identity campaign,measurement,true,false,unsupported,{},,,,,,
6f662f4f-a1ae-4485-ac38-2a3e3ba35d19,2026-08-20T10:52:09.841737+00:00,PAPER-RQ1-IDENTITY,paper-identity-plonk-v1,credential,jellyfish-turboplonk-0.8.0-bls12-381-kzg,de37e6b6e76575a9843f9bc8c93dd6cd0baeb50e,f4b0720c91a7c797bd8f9362b414d1ea7b5e483ab5160d3b6344984c90c35815,6039244185045548109,0,6,identity-paper-r1,"{""age_bits"":8,""application_units"":2,""hash_rounds"":5,""scale_mode"":""target_native_size""}",16384,16384,16,16,adapter_process_wall,1448.020228,16980.000000,195.328125,977,false,0,cryptographic_rejection,59584,956,,,,linux-procfs,process,,,true,wrong_public_input,,"Linux procfs read failed: [Errno 13] Permission denied: '/proc/2177/io'; private commit and per-process swap I/O are unavailable; VmSwap reports allocation, not swap traffic; No documented hardware or OS energy counter is configured in WSL2",,measured,paper-scale identity campaign,measurement,true,true,ok,{},16384,2,16384,plonk_domain_rows,5.0,250
a493db6c-a250-4d6d-9dfd-0cbf9f71577c,2026-08-20T10:52:11.382460+00:00,PAPER-RQ1-IDENTITY,paper-identity-plonk-v1,credential,jellyfish-turboplonk-0.8.0-bls12-381-kzg,de37e6b6e76575a9843f9bc8c93dd6cd0baeb50e,f4b0720c91a7c797bd8f9362b414d1ea7b5e483ab5160d3b6344984c90c35815,2297522346246331568,0,7,identity-paper-r1,"{""age_bits"":8,""application_units"":2,""hash_rounds"":5,""scale_mode"":""target_native_size""}",16384,16384,16,16,native_execution,2.323344,,,,,,,,,,,,,phase,,,true,,,,,measured,paper-scale identity campaign,measurement,true,true,ok,"{""application_units"":2.0,""native_work_units"":16384.0,""relation_digest"":2072426754612778.0}",,,,,,
a493db6c-a250-4d6d-9dfd-0cbf9f71577c,2026-08-20T10:52:11.382529+00:00,PAPER-RQ1-IDENTITY,paper-identity-plonk-v1,credential,jellyfish-turboplonk-0.8.0-bls12-381-kzg,de37e6b6e76575a9843f9bc8c93dd6cd0baeb50e,f4b0720c91a7c797bd8f9362b414d1ea7b5e483ab5160d3b6344984c90c35815,2297522346246331568,0,7,identity-paper-r1,"{""age_bits"":8,""application_units"":2,""hash_rounds"":5,""scale_mode"":""target_native_size""}",16384,16384,16,16,witness,16.394414,,,,,,,,,,,,,phase,,,true,,,,,measured,paper-scale identity campaign,measurement,true,true,ok,"{""application_units"":2.0,""hash_invocations"":6.0,""hash_rounds"":5.0,""plonk_domain_rows"":16384.0,""plonk_logical_gates"":8193.0,""plonk_variables"":238.0,""range_bits_total"":32.0,""target_native_size"":16384.0}",,,,,,
a493db6c-a250-4d6d-9dfd-0cbf9f71577c,2026-08-20T10:52:11.382553+00:00,PAPER-RQ1-IDENTITY,paper-identity-plonk-v1,credential,jellyfish-turboplonk-0.8.0-bls12-381-kzg,de37e6b6e76575a9843f9bc8c93dd6cd0baeb50e,f4b0720c91a7c797bd8f9362b414d1ea7b5e483ab5160d3b6344984c90c35815,2297522346246331568,0,7,identity-paper-r1,"{""age_bits"":8,""application_units"":2,""hash_rounds"":5,""scale_mode"":""target_native_size""}",16384,16384,16,16,setup_or_preprocess,462.016077,,,,,,,,,,,,,phase,,,true,,,,,measured,paper-scale identity campaign,measurement,true,true,ok,"{""plonk_domain_rows"":16384.0,""srs_size"":16386.0}",,,,,,
a493db6c-a250-4d6d-9dfd-0cbf9f71577c,2026-08-20T10:52:11.382569+00:00,PAPER-RQ1-IDENTITY,paper-identity-plonk-v1,credential,jellyfish-turboplonk-0.8.0-bls12-381-kzg,de37e6b6e76575a9843f9bc8c93dd6cd0baeb50e,f4b0720c91a7c797bd8f9362b414d1ea7b5e483ab5160d3b6344984c90c35815,2297522346246331568,0,7,identity-paper-r1,"{""age_bits"":8,""application_units"":2,""hash_rounds"":5,""scale_mode"":""target_native_size""}",16384,16384,16,16,prove_total,995.888076,,,,,,,,,,,,,phase,,,true,,,,,measured,paper-scale identity campaign,measurement,true,true,ok,"{""plonk_domain_rows"":16384.0}",,,,,,
a493db6c-a250-4d6d-9dfd-0cbf9f71577c,2026-08-20T10:52:11.382584+00:00,PAPER-RQ1-IDENTITY,paper-identity-plonk-v1,credential,jellyfish-turboplonk-0.8.0-bls12-381-kzg,de37e6b6e76575a9843f9bc8c93dd6cd0baeb50e,f4b0720c91a7c797bd8f9362b414d1ea7b5e483ab5160d3b6344984c90c35815,2297522346246331568,0,7,identity-paper-r1,"{""age_bits"":8,""application_units"":2,""hash_rounds"":5,""scale_mode"":""target_native_size""}",16384,16384,16,16,serialize,0.012703,,,,,,,,,,,,,phase,,,true,,,,,measured,paper-scale identity campaign,measurement,true,true,ok,"{""proof_bytes"":977.0}",,,,,,
a493db6c-a250-4d6d-9dfd-0cbf9f71577c,2026-08-20T10:52:11.382600+00:00,PAPER-RQ1-IDENTITY,paper-identity-plonk-v1,credential,jellyfish-turboplonk-0.8.0-bls12-381-kzg,de37e6b6e76575a9843f9bc8c93dd6cd0baeb50e,f4b0720c91a7c797bd8f9362b414d1ea7b5e483ab5160d3b6344984c90c35815,2297522346246331568,0,7,identity-paper-r1,"{""age_bits"":8,""application_units"":2,""hash_rounds"":5,""scale_mode"":""target_native_size""}",16384,16384,16,16,deserialize,4.373921,,,,,,,,,,,,,phase,,,true,,,,,measured,paper-scale identity campaign,measurement,true,true,ok,"{""proof_bytes"":977.0}",,,,,,
a493db6c-a250-4d6d-9dfd-0cbf9f71577c,2026-08-20T10:52:11.382615+00:00,PAPER-RQ1-IDENTITY,paper-identity-plonk-v1,credential,jellyfish-turboplonk-0.8.0-bls12-381-kzg,de37e6b6e76575a9843f9bc8c93dd6cd0baeb50e,f4b0720c91a7c797bd8f9362b414d1ea7b5e483ab5160d3b6344984c90c35815,2297522346246331568,0,7,identity-paper-r1,"{""age_bits"":8,""application_units"":2,""hash_rounds"":5,""scale_mode"":""target_native_size""}",16384,16384,16,16,verify_core,6.667520,,,,,,,,,,,,,phase,,,true,,,,,measured,paper-scale identity campaign,measurement,true,true,ok,{},,,,,,
a493db6c-a250-4d6d-9dfd-0cbf9f71577c,2026-08-20T10:52:11.382630+00:00,PAPER-RQ1-IDENTITY,paper-identity-plonk-v1,credential,jellyfish-turboplonk-0.8.0-bls12-381-kzg,de37e6b6e76575a9843f9bc8c93dd6cd0baeb50e,f4b0720c91a7c797bd8f9362b414d1ea7b5e483ab5160d3b6344984c90c35815,2297522346246331568,0,7,identity-paper-r1,"{""age_bits"":8,""application_units"":2,""hash_rounds"":5,""scale_mode"":""target_native_size""}",16384,16384,16,16,verify_total,11.041741,,,,,,,,,,,,,phase,,,true,,,,,measured,paper-scale identity campaign,measurement,true,true,ok,{},,,,,,
a493db6c-a250-4d6d-9dfd-0cbf9f71577c,2026-08-20T10:52:11.382644+00:00,PAPER-RQ1-IDENTITY,paper-identity-plonk-v1,credential,jellyfish-turboplonk-0.8.0-bls12-381-kzg,de37e6b6e76575a9843f9bc8c93dd6cd0baeb50e,f4b0720c91a7c797bd8f9362b414d1ea7b5e483ab5160d3b6344984c90c35815,2297522346246331568,0,7,identity-paper-r1,"{""age_bits"":8,""application_units"":2,""hash_rounds"":5,""scale_mode"":""target_native_size""}",16384,16384,16,16,fft_ntt,,,,,,,,,,,,,,phase,,,true,,,Jellyfish exposes no stable per-proof hook for this phase,,measured,paper-scale identity campaign,measurement,true,false,unsupported,{},,,,,,
a493db6c-a250-4d6d-9dfd-0cbf9f71577c,2026-08-20T10:52:11.382658+00:00,PAPER-RQ1-IDENTITY,paper-identity-plonk-v1,credential,jellyfish-turboplonk-0.8.0-bls12-381-kzg,de37e6b6e76575a9843f9bc8c93dd6cd0baeb50e,f4b0720c91a7c797bd8f9362b414d1ea7b5e483ab5160d3b6344984c90c35815,2297522346246331568,0,7,identity-paper-r1,"{""age_bits"":8,""application_units"":2,""hash_rounds"":5,""scale_mode"":""target_native_size""}",16384,16384,16,16,msm,,,,,,,,,,,,,,phase,,,true,,,Jellyfish exposes no stable per-proof hook for this phase,,measured,paper-scale identity campaign,measurement,true,false,unsupported,{},,,,,,
a493db6c-a250-4d6d-9dfd-0cbf9f71577c,2026-08-20T10:52:11.382671+00:00,PAPER-RQ1-IDENTITY,paper-identity-plonk-v1,credential,jellyfish-turboplonk-0.8.0-bls12-381-kzg,de37e6b6e76575a9843f9bc8c93dd6cd0baeb50e,f4b0720c91a7c797bd8f9362b414d1ea7b5e483ab5160d3b6344984c90c35815,2297522346246331568,0,7,identity-paper-r1,"{""age_bits"":8,""application_units"":2,""hash_rounds"":5,""scale_mode"":""target_native_size""}",16384,16384,16,16,commitment,,,,,,,,,,,,,,phase,,,true,,,Jellyfish exposes no stable per-proof hook for this phase,,measured,paper-scale identity campaign,measurement,true,false,unsupported,{},,,,,,
a493db6c-a250-4d6d-9dfd-0cbf9f71577c,2026-08-20T10:52:11.382685+00:00,PAPER-RQ1-IDENTITY,paper-identity-plonk-v1,credential,jellyfish-turboplonk-0.8.0-bls12-381-kzg,de37e6b6e76575a9843f9bc8c93dd6cd0baeb50e,f4b0720c91a7c797bd8f9362b414d1ea7b5e483ab5160d3b6344984c90c35815,2297522346246331568,0,7,identity-paper-r1,"{""age_bits"":8,""application_units"":2,""hash_rounds"":5,""scale_mode"":""target_native_size""}",16384,16384,16,16,key_load,,,,,,,,,,,,,,phase,,,true,,,Jellyfish exposes no stable per-proof hook for this phase,,measured,paper-scale identity campaign,measurement,true,false,unsupported,{},,,,,,
a493db6c-a250-4d6d-9dfd-0cbf9f71577c,2026-08-20T10:52:11.382698+00:00,PAPER-RQ1-IDENTITY,paper-identity-plonk-v1,credential,jellyfish-turboplonk-0.8.0-bls12-381-kzg,de37e6b6e76575a9843f9bc8c93dd6cd0baeb50e,f4b0720c91a7c797bd8f9362b414d1ea7b5e483ab5160d3b6344984c90c35815,2297522346246331568,0,7,identity-paper-r1,"{""age_bits"":8,""application_units"":2,""hash_rounds"":5,""scale_mode"":""target_native_size""}",16384,16384,16,16,adapter_process_wall,1539.883736,17350.000000,196.523438,977,true,0,,59251,956,,,,linux-procfs,process,,,true,,,"Linux procfs read failed: [Errno 13] Permission denied: '/proc/2195/io'; private commit and per-process swap I/O are unavailable; VmSwap reports allocation, not swap traffic; No documented hardware or OS energy counter is configured in WSL2",,measured,paper-scale identity campaign,measurement,true,true,ok,{},16384,2,16384,plonk_domain_rows,5.0,265
cbe91648-0bec-4e5b-943b-b211e6f85bb9,2026-08-20T10:52:12.953530+00:00,PAPER-RQ1-IDENTITY,paper-identity-plonk-v1,credential,jellyfish-turboplonk-0.8.0-bls12-381-kzg,de37e6b6e76575a9843f9bc8c93dd6cd0baeb50e,f4b0720c91a7c797bd8f9362b414d1ea7b5e483ab5160d3b6344984c90c35815,6098141672118378916,3,8,identity-paper-r1,"{""age_bits"":8,""application_units"":2,""hash_rounds"":5,""scale_mode"":""target_native_size""}",16384,16384,16,16,native_execution,2.191419,,,,,,,,,,,,,phase,,,true,,,,,measured,paper-scale identity campaign,measurement,true,true,ok,"{""application_units"":2.0,""native_work_units"":16384.0,""relation_digest"":418344551000532.0}",,,,,,
cbe91648-0bec-4e5b-943b-b211e6f85bb9,2026-08-20T10:52:12.953599+00:00,PAPER-RQ1-IDENTITY,paper-identity-plonk-v1,credential,jellyfish-turboplonk-0.8.0-bls12-381-kzg,de37e6b6e76575a9843f9bc8c93dd6cd0baeb50e,f4b0720c91a7c797bd8f9362b414d1ea7b5e483ab5160d3b6344984c90c35815,6098141672118378916,3,8,identity-paper-r1,"{""age_bits"":8,""application_units"":2,""hash_rounds"":5,""scale_mode"":""target_native_size""}",16384,16384,16,16,witness,14.252669,,,,,,,,,,,,,phase,,,true,,,,,measured,paper-scale identity campaign,measurement,true,true,ok,"{""application_units"":2.0,""hash_invocations"":6.0,""hash_rounds"":5.0,""plonk_domain_rows"":16384.0,""plonk_logical_gates"":8193.0,""plonk_variables"":238.0,""range_bits_total"":32.0,""target_native_size"":16384.0}",,,,,,
cbe91648-0bec-4e5b-943b-b211e6f85bb9,2026-08-20T10:52:12.953623+00:00,PAPER-RQ1-IDENTITY,paper-identity-plonk-v1,credential,jellyfish-turboplonk-0.8.0-bls12-381-kzg,de37e6b6e76575a9843f9bc8c93dd6cd0baeb50e,f4b0720c91a7c797bd8f9362b414d1ea7b5e483ab5160d3b6344984c90c35815,6098141672118378916,3,8,identity-paper-r1,"{""age_bits"":8,""application_units"":2,""hash_rounds"":5,""scale_mode"":""target_native_size""}",16384,16384,16,16,setup_or_preprocess,479.465664,,,,,,,,,,,,,phase,,,true,,,,,measured,paper-scale identity campaign,measurement,true,true,ok,"{""plonk_domain_rows"":16384.0,""srs_size"":16386.0}",,,,,,
cbe91648-0bec-4e5b-943b-b211e6f85bb9,2026-08-20T10:52:12.953641+00:00,PAPER-RQ1-IDENTITY,paper-identity-plonk-v1,credential,jellyfish-turboplonk-0.8.0-bls12-381-kzg,de37e6b6e76575a9843f9bc8c93dd6cd0baeb50e,f4b0720c91a7c797bd8f9362b414d1ea7b5e483ab5160d3b6344984c90c35815,6098141672118378916,3,8,identity-paper-r1,"{""age_bits"":8,""application_units"":2,""hash_rounds"":5,""scale_mode"":""target_native_size""}",16384,16384,16,16,prove_total,1009.606250,,,,,,,,,,,,,phase,,,true,,,,,measured,paper-scale identity campaign,measurement,true,true,ok,"{""plonk_domain_rows"":16384.0}",,,,,,
cbe91648-0bec-4e5b-943b-b211e6f85bb9,2026-08-20T10:52:12.953656+00:00,PAPER-RQ1-IDENTITY,paper-identity-plonk-v1,credential,jellyfish-turboplonk-0.8.0-bls12-381-kzg,de37e6b6e76575a9843f9bc8c93dd6cd0baeb50e,f4b0720c91a7c797bd8f9362b414d1ea7b5e483ab5160d3b6344984c90c35815,6098141672118378916,3,8,identity-paper-r1,"{""age_bits"":8,""application_units"":2,""hash_rounds"":5,""scale_mode"":""target_native_size""}",16384,16384,16,16,serialize,0.007874,,,,,,,,,,,,,phase,,,true,,,,,measured,paper-scale identity campaign,measurement,true,true,ok,"{""proof_bytes"":977.0}",,,,,,
cbe91648-0bec-4e5b-943b-b211e6f85bb9,2026-08-20T10:52:12.953673+00:00,PAPER-RQ1-IDENTITY,paper-identity-plonk-v1,credential,jellyfish-turboplonk-0.8.0-bls12-381-kzg,de37e6b6e76575a9843f9bc8c93dd6cd0baeb50e,f4b0720c91a7c797bd8f9362b414d1ea7b5e483ab5160d3b6344984c90c35815,6098141672118378916,3,8,identity-paper-r1,"{""age_bits"":8,""application_units"":2,""hash_rounds"":5,""scale_mode"":""target_native_size""}",16384,16384,16,16,deserialize,4.557683,,,,,,,,,,,,,phase,,,true,,,,,measured,paper-scale identity campaign,measurement,true,true,ok,"{""proof_bytes"":977.0}",,,,,,
cbe91648-0bec-4e5b-943b-b211e6f85bb9,2026-08-20T10:52:12.953691+00:00,PAPER-RQ1-IDENTITY,paper-identity-plonk-v1,credential,jellyfish-turboplonk-0.8.0-bls12-381-kzg,de37e6b6e76575a9843f9bc8c93dd6cd0baeb50e,f4b0720c91a7c797bd8f9362b414d1ea7b5e483ab5160d3b6344984c90c35815,6098141672118378916,3,8,identity-paper-r1,"{""age_bits"":8,""application_units"":2,""hash_rounds"":5,""scale_mode"":""target_native_size""}",16384,16384,16,16,verify_core,7.300548,,,,,,,,,,,,,phase,,,true,,,,,measured,paper-scale identity campaign,measurement,true,true,ok,{},,,,,,
cbe91648-0bec-4e5b-943b-b211e6f85bb9,2026-08-20T10:52:12.953709+00:00,PAPER-RQ1-IDENTITY,paper-identity-plonk-v1,credential,jellyfish-turboplonk-0.8.0-bls12-381-kzg,de37e6b6e76575a9843f9bc8c93dd6cd0baeb50e,f4b0720c91a7c797bd8f9362b414d1ea7b5e483ab5160d3b6344984c90c35815,6098141672118378916,3,8,identity-paper-r1,"{""age_bits"":8,""application_units"":2,""hash_rounds"":5,""scale_mode"":""target_native_size""}",16384,16384,16,16,verify_total,11.858511,,,,,,,,,,,,,phase,,,true,,,,,measured,paper-scale identity campaign,measurement,true,true,ok,{},,,,,,
cbe91648-0bec-4e5b-943b-b211e6f85bb9,2026-08-20T10:52:12.953724+00:00,PAPER-RQ1-IDENTITY,paper-identity-plonk-v1,credential,jellyfish-turboplonk-0.8.0-bls12-381-kzg,de37e6b6e76575a9843f9bc8c93dd6cd0baeb50e,f4b0720c91a7c797bd8f9362b414d1ea7b5e483ab5160d3b6344984c90c35815,6098141672118378916,3,8,identity-paper-r1,"{""age_bits"":8,""application_units"":2,""hash_rounds"":5,""scale_mode"":""target_native_size""}",16384,16384,16,16,fft_ntt,,,,,,,,,,,,,,phase,,,true,,,Jellyfish exposes no stable per-proof hook for this phase,,measured,paper-scale identity campaign,measurement,true,false,unsupported,{},,,,,,
cbe91648-0bec-4e5b-943b-b211e6f85bb9,2026-08-20T10:52:12.953739+00:00,PAPER-RQ1-IDENTITY,paper-identity-plonk-v1,credential,jellyfish-turboplonk-0.8.0-bls12-381-kzg,de37e6b6e76575a9843f9bc8c93dd6cd0baeb50e,f4b0720c91a7c797bd8f9362b414d1ea7b5e483ab5160d3b6344984c90c35815,6098141672118378916,3,8,identity-paper-r1,"{""age_bits"":8,""application_units"":2,""hash_rounds"":5,""scale_mode"":""target_native_size""}",16384,16384,16,16,msm,,,,,,,,,,,,,,phase,,,true,,,Jellyfish exposes no stable per-proof hook for this phase,,measured,paper-scale identity campaign,measurement,true,false,unsupported,{},,,,,,
cbe91648-0bec-4e5b-943b-b211e6f85bb9,2026-08-20T10:52:12.953754+00:00,PAPER-RQ1-IDENTITY,paper-identity-plonk-v1,credential,jellyfish-turboplonk-0.8.0-bls12-381-kzg,de37e6b6e76575a9843f9bc8c93dd6cd0baeb50e,f4b0720c91a7c797bd8f9362b414d1ea7b5e483ab5160d3b6344984c90c35815,6098141672118378916,3,8,identity-paper-r1,"{""age_bits"":8,""application_units"":2,""hash_rounds"":5,""scale_mode"":""target_native_size""}",16384,16384,16,16,commitment,,,,,,,,,,,,,,phase,,,true,,,Jellyfish exposes no stable per-proof hook for this phase,,measured,paper-scale identity campaign,measurement,true,false,unsupported,{},,,,,,
cbe91648-0bec-4e5b-943b-b211e6f85bb9,2026-08-20T10:52:12.953768+00:00,PAPER-RQ1-IDENTITY,paper-identity-plonk-v1,credential,jellyfish-turboplonk-0.8.0-bls12-381-kzg,de37e6b6e76575a9843f9bc8c93dd6cd0baeb50e,f4b0720c91a7c797bd8f9362b414d1ea7b5e483ab5160d3b6344984c90c35815,6098141672118378916,3,8,identity-paper-r1,"{""age_bits"":8,""application_units"":2,""hash_rounds"":5,""scale_mode"":""target_native_size""}",16384,16384,16,16,key_load,,,,,,,,,,,,,,phase,,,true,,,Jellyfish exposes no stable per-proof hook for this phase,,measured,paper-scale identity campaign,measurement,true,false,unsupported,{},,,,,,
cbe91648-0bec-4e5b-943b-b211e6f85bb9,2026-08-20T10:52:12.953782+00:00,PAPER-RQ1-IDENTITY,paper-identity-plonk-v1,credential,jellyfish-turboplonk-0.8.0-bls12-381-kzg,de37e6b6e76575a9843f9bc8c93dd6cd0baeb50e,f4b0720c91a7c797bd8f9362b414d1ea7b5e483ab5160d3b6344984c90c35815,6098141672118378916,3,8,identity-paper-r1,"{""age_bits"":8,""application_units"":2,""hash_rounds"":5,""scale_mode"":""target_native_size""}",16384,16384,16,16,adapter_process_wall,1569.886049,18250.000000,197.136719,977,true,0,,60277,956,,,,linux-procfs,process,,,true,,,"Linux procfs read failed: [Errno 13] Permission denied: '/proc/2213/io'; private commit and per-process swap I/O are unavailable; VmSwap reports allocation, not swap traffic; No documented hardware or OS energy counter is configured in WSL2",,measured,paper-scale identity campaign,measurement,true,true,ok,{},16384,2,16384,plonk_domain_rows,5.0,257
f51ca5cd-3e40-4470-af00-f61364b11087,2026-08-20T10:52:14.407264+00:00,PAPER-RQ1-IDENTITY,paper-identity-plonk-v1,credential,jellyfish-turboplonk-0.8.0-bls12-381-kzg,de37e6b6e76575a9843f9bc8c93dd6cd0baeb50e,f4b0720c91a7c797bd8f9362b414d1ea7b5e483ab5160d3b6344984c90c35815,3570870013956905177,6,9,identity-paper-r1,"{""age_bits"":8,""application_units"":2,""hash_rounds"":5,""scale_mode"":""target_native_size""}",16384,16384,16,16,native_execution,2.016914,,,,,,,,,,,,,phase,,,true,,,,,measured,paper-scale identity campaign,measurement,true,true,ok,"{""application_units"":2.0,""native_work_units"":16384.0,""relation_digest"":1087507543879961.0}",,,,,,
f51ca5cd-3e40-4470-af00-f61364b11087,2026-08-20T10:52:14.407334+00:00,PAPER-RQ1-IDENTITY,paper-identity-plonk-v1,credential,jellyfish-turboplonk-0.8.0-bls12-381-kzg,de37e6b6e76575a9843f9bc8c93dd6cd0baeb50e,f4b0720c91a7c797bd8f9362b414d1ea7b5e483ab5160d3b6344984c90c35815,3570870013956905177,6,9,identity-paper-r1,"{""age_bits"":8,""application_units"":2,""hash_rounds"":5,""scale_mode"":""target_native_size""}",16384,16384,16,16,witness,14.164725,,,,,,,,,,,,,phase,,,true,,,,,measured,paper-scale identity campaign,measurement,true,true,ok,"{""application_units"":2.0,""hash_invocations"":6.0,""hash_rounds"":5.0,""plonk_domain_rows"":16384.0,""plonk_logical_gates"":8193.0,""plonk_variables"":238.0,""range_bits_total"":32.0,""target_native_size"":16384.0}",,,,,,
f51ca5cd-3e40-4470-af00-f61364b11087,2026-08-20T10:52:14.407357+00:00,PAPER-RQ1-IDENTITY,paper-identity-plonk-v1,credential,jellyfish-turboplonk-0.8.0-bls12-381-kzg,de37e6b6e76575a9843f9bc8c93dd6cd0baeb50e,f4b0720c91a7c797bd8f9362b414d1ea7b5e483ab5160d3b6344984c90c35815,3570870013956905177,6,9,identity-paper-r1,"{""age_bits"":8,""application_units"":2,""hash_rounds"":5,""scale_mode"":""target_native_size""}",16384,16384,16,16,setup_or_preprocess,469.298510,,,,,,,,,,,,,phase,,,true,,,,,measured,paper-scale identity campaign,measurement,true,true,ok,"{""plonk_domain_rows"":16384.0,""srs_size"":16386.0}",,,,,,
f51ca5cd-3e40-4470-af00-f61364b11087,2026-08-20T10:52:14.407374+00:00,PAPER-RQ1-IDENTITY,paper-identity-plonk-v1,credential,jellyfish-turboplonk-0.8.0-bls12-381-kzg,de37e6b6e76575a9843f9bc8c93dd6cd0baeb50e,f4b0720c91a7c797bd8f9362b414d1ea7b5e483ab5160d3b6344984c90c35815,3570870013956905177,6,9,identity-paper-r1,"{""age_bits"":8,""application_units"":2,""hash_rounds"":5,""scale_mode"":""target_native_size""}",16384,16384,16,16,prove_total,900.561109,,,,,,,,,,,,,phase,,,true,,,,,measured,paper-scale identity campaign,measurement,true,true,ok,"{""plonk_domain_rows"":16384.0}",,,,,,
f51ca5cd-3e40-4470-af00-f61364b11087,2026-08-20T10:52:14.407390+00:00,PAPER-RQ1-IDENTITY,paper-identity-plonk-v1,credential,jellyfish-turboplonk-0.8.0-bls12-381-kzg,de37e6b6e76575a9843f9bc8c93dd6cd0baeb50e,f4b0720c91a7c797bd8f9362b414d1ea7b5e483ab5160d3b6344984c90c35815,3570870013956905177,6,9,identity-paper-r1,"{""age_bits"":8,""application_units"":2,""hash_rounds"":5,""scale_mode"":""target_native_size""}",16384,16384,16,16,serialize,0.013636,,,,,,,,,,,,,phase,,,true,,,,,measured,paper-scale identity campaign,measurement,true,true,ok,"{""proof_bytes"":977.0}",,,,,,
f51ca5cd-3e40-4470-af00-f61364b11087,2026-08-20T10:52:14.407406+00:00,PAPER-RQ1-IDENTITY,paper-identity-plonk-v1,credential,jellyfish-turboplonk-0.8.0-bls12-381-kzg,de37e6b6e76575a9843f9bc8c93dd6cd0baeb50e,f4b0720c91a7c797bd8f9362b414d1ea7b5e483ab5160d3b6344984c90c35815,3570870013956905177,6,9,identity-paper-r1,"{""age_bits"":8,""application_units"":2,""hash_rounds"":5,""scale_mode"":""target_native_size""}",16384,16384,16,16,deserialize,4.583451,,,,,,,,,,,,,phase,,,true,,,,,measured,paper-scale identity campaign,measurement,true,true,ok,"{""proof_bytes"":977.0}",,,,,,
f51ca5cd-3e40-4470-af00-f61364b11087,2026-08-20T10:52:14.407421+00:00,PAPER-RQ1-IDENTITY,paper-identity-plonk-v1,credential,jellyfish-turboplonk-0.8.0-bls12-381-kzg,de37e6b6e76575a9843f9bc8c93dd6cd0baeb50e,f4b0720c91a7c797bd8f9362b414d1ea7b5e483ab5160d3b6344984c90c35815,3570870013956905177,6,9,identity-paper-r1,"{""age_bits"":8,""application_units"":2,""hash_rounds"":5,""scale_mode"":""target_native_size""}",16384,16384,16,16,verify_core,6.867301,,,,,,,,,,,,,phase,,,true,,,,,measured,paper-scale identity campaign,measurement,true,true,ok,{},,,,,,
f51ca5cd-3e40-4470-af00-f61364b11087,2026-08-20T10:52:14.407435+00:00,PAPER-RQ1-IDENTITY,paper-identity-plonk-v1,credential,jellyfish-turboplonk-0.8.0-bls12-381-kzg,de37e6b6e76575a9843f9bc8c93dd6cd0baeb50e,f4b0720c91a7c797bd8f9362b414d1ea7b5e483ab5160d3b6344984c90c35815,3570870013956905177,6,9,identity-paper-r1,"{""age_bits"":8,""application_units"":2,""hash_rounds"":5,""scale_mode"":""target_native_size""}",16384,16384,16,16,verify_total,11.451022,,,,,,,,,,,,,phase,,,true,,,,,measured,paper-scale identity campaign,measurement,true,true,ok,{},,,,,,
f51ca5cd-3e40-4470-af00-f61364b11087,2026-08-20T10:52:14.407450+00:00,PAPER-RQ1-IDENTITY,paper-identity-plonk-v1,credential,jellyfish-turboplonk-0.8.0-bls12-381-kzg,de37e6b6e76575a9843f9bc8c93dd6cd0baeb50e,f4b0720c91a7c797bd8f9362b414d1ea7b5e483ab5160d3b6344984c90c35815,3570870013956905177,6,9,identity-paper-r1,"{""age_bits"":8,""application_units"":2,""hash_rounds"":5,""scale_mode"":""target_native_size""}",16384,16384,16,16,fft_ntt,,,,,,,,,,,,,,phase,,,true,,,Jellyfish exposes no stable per-proof hook for this phase,,measured,paper-scale identity campaign,measurement,true,false,unsupported,{},,,,,,
f51ca5cd-3e40-4470-af00-f61364b11087,2026-08-20T10:52:14.407465+00:00,PAPER-RQ1-IDENTITY,paper-identity-plonk-v1,credential,jellyfish-turboplonk-0.8.0-bls12-381-kzg,de37e6b6e76575a9843f9bc8c93dd6cd0baeb50e,f4b0720c91a7c797bd8f9362b414d1ea7b5e483ab5160d3b6344984c90c35815,3570870013956905177,6,9,identity-paper-r1,"{""age_bits"":8,""application_units"":2,""hash_rounds"":5,""scale_mode"":""target_native_size""}",16384,16384,16,16,msm,,,,,,,,,,,,,,phase,,,true,,,Jellyfish exposes no stable per-proof hook for this phase,,measured,paper-scale identity campaign,measurement,true,false,unsupported,{},,,,,,
f51ca5cd-3e40-4470-af00-f61364b11087,2026-08-20T10:52:14.407479+00:00,PAPER-RQ1-IDENTITY,paper-identity-plonk-v1,credential,jellyfish-turboplonk-0.8.0-bls12-381-kzg,de37e6b6e76575a9843f9bc8c93dd6cd0baeb50e,f4b0720c91a7c797bd8f9362b414d1ea7b5e483ab5160d3b6344984c90c35815,3570870013956905177,6,9,identity-paper-r1,"{""age_bits"":8,""application_units"":2,""hash_rounds"":5,""scale_mode"":""target_native_size""}",16384,16384,16,16,commitment,,,,,,,,,,,,,,phase,,,true,,,Jellyfish exposes no stable per-proof hook for this phase,,measured,paper-scale identity campaign,measurement,true,false,unsupported,{},,,,,,
f51ca5cd-3e40-4470-af00-f61364b11087,2026-08-20T10:52:14.407493+00:00,PAPER-RQ1-IDENTITY,paper-identity-plonk-v1,credential,jellyfish-turboplonk-0.8.0-bls12-381-kzg,de37e6b6e76575a9843f9bc8c93dd6cd0baeb50e,f4b0720c91a7c797bd8f9362b414d1ea7b5e483ab5160d3b6344984c90c35815,3570870013956905177,6,9,identity-paper-r1,"{""age_bits"":8,""application_units"":2,""hash_rounds"":5,""scale_mode"":""target_native_size""}",16384,16384,16,16,key_load,,,,,,,,,,,,,,phase,,,true,,,Jellyfish exposes no stable per-proof hook for this phase,,measured,paper-scale identity campaign,measurement,true,false,unsupported,{},,,,,,
f51ca5cd-3e40-4470-af00-f61364b11087,2026-08-20T10:52:14.407507+00:00,PAPER-RQ1-IDENTITY,paper-identity-plonk-v1,credential,jellyfish-turboplonk-0.8.0-bls12-381-kzg,de37e6b6e76575a9843f9bc8c93dd6cd0baeb50e,f4b0720c91a7c797bd8f9362b414d1ea7b5e483ab5160d3b6344984c90c35815,3570870013956905177,6,9,identity-paper-r1,"{""age_bits"":8,""application_units"":2,""hash_rounds"":5,""scale_mode"":""target_native_size""}",16384,16384,16,16,adapter_process_wall,1452.616000,16820.000000,199.472656,977,true,0,,60982,956,,,,linux-procfs,process,,,true,,,"Linux procfs read failed: [Errno 13] Permission denied: '/proc/2231/io'; private commit and per-process swap I/O are unavailable; VmSwap reports allocation, not swap traffic; No documented hardware or OS energy counter is configured in WSL2",,measured,paper-scale identity campaign,measurement,true,true,ok,{},16384,2,16384,plonk_domain_rows,5.0,252
703580b1-7636-4b2d-9cba-385487703037,2026-08-20T10:52:15.882319+00:00,PAPER-RQ1-IDENTITY,paper-identity-plonk-v1,credential,jellyfish-turboplonk-0.8.0-bls12-381-kzg,de37e6b6e76575a9843f9bc8c93dd6cd0baeb50e,f4b0720c91a7c797bd8f9362b414d1ea7b5e483ab5160d3b6344984c90c35815,6094916126361708721,1,10,identity-paper-r1,"{""age_bits"":8,""application_units"":2,""hash_rounds"":5,""scale_mode"":""target_native_size""}",16384,16384,16,16,native_execution,2.137769,,,,,,,,,,,,,phase,,,true,wrong_public_input,,,,measured,paper-scale identity campaign,measurement,true,true,ok,"{""application_units"":2.0,""native_work_units"":16384.0,""relation_digest"":1696652091283483.0}",,,,,,
703580b1-7636-4b2d-9cba-385487703037,2026-08-20T10:52:15.882391+00:00,PAPER-RQ1-IDENTITY,paper-identity-plonk-v1,credential,jellyfish-turboplonk-0.8.0-bls12-381-kzg,de37e6b6e76575a9843f9bc8c93dd6cd0baeb50e,f4b0720c91a7c797bd8f9362b414d1ea7b5e483ab5160d3b6344984c90c35815,6094916126361708721,1,10,identity-paper-r1,"{""age_bits"":8,""application_units"":2,""hash_rounds"":5,""scale_mode"":""target_native_size""}",16384,16384,16,16,witness,16.641274,,,,,,,,,,,,,phase,,,true,wrong_public_input,,,,measured,paper-scale identity campaign,measurement,true,true,ok,"{""application_units"":2.0,""hash_invocations"":6.0,""hash_rounds"":5.0,""plonk_domain_rows"":16384.0,""plonk_logical_gates"":8193.0,""plonk_variables"":238.0,""range_bits_total"":32.0,""target_native_size"":16384.0}",,,,,,
703580b1-7636-4b2d-9cba-385487703037,2026-08-20T10:52:15.882416+00:00,PAPER-RQ1-IDENTITY,paper-identity-plonk-v1,credential,jellyfish-turboplonk-0.8.0-bls12-381-kzg,de37e6b6e76575a9843f9bc8c93dd6cd0baeb50e,f4b0720c91a7c797bd8f9362b414d1ea7b5e483ab5160d3b6344984c90c35815,6094916126361708721,1,10,identity-paper-r1,"{""age_bits"":8,""application_units"":2,""hash_rounds"":5,""scale_mode"":""target_native_size""}",16384,16384,16,16,setup_or_preprocess,471.853036,,,,,,,,,,,,,phase,,,true,wrong_public_input,,,,measured,paper-scale identity campaign,measurement,true,true,ok,"{""plonk_domain_rows"":16384.0,""srs_size"":16386.0}",,,,,,
703580b1-7636-4b2d-9cba-385487703037,2026-08-20T10:52:15.882434+00:00,PAPER-RQ1-IDENTITY,paper-identity-plonk-v1,credential,jellyfish-turboplonk-0.8.0-bls12-381-kzg,de37e6b6e76575a9843f9bc8c93dd6cd0baeb50e,f4b0720c91a7c797bd8f9362b414d1ea7b5e483ab5160d3b6344984c90c35815,6094916126361708721,1,10,identity-paper-r1,"{""age_bits"":8,""application_units"":2,""hash_rounds"":5,""scale_mode"":""target_native_size""}",16384,16384,16,16,prove_total,917.585404,,,,,,,,,,,,,phase,,,true,wrong_public_input,,,,measured,paper-scale identity campaign,measurement,true,true,ok,"{""plonk_domain_rows"":16384.0}",,,,,,
703580b1-7636-4b2d-9cba-385487703037,2026-08-20T10:52:15.882449+00:00,PAPER-RQ1-IDENTITY,paper-identity-plonk-v1,credential,jellyfish-turboplonk-0.8.0-bls12-381-kzg,de37e6b6e76575a9843f9bc8c93dd6cd0baeb50e,f4b0720c91a7c797bd8f9362b414d1ea7b5e483ab5160d3b6344984c90c35815,6094916126361708721,1,10,identity-paper-r1,"{""age_bits"":8,""application_units"":2,""hash_rounds"":5,""scale_mode"":""target_native_size""}",16384,16384,16,16,serialize,0.011842,,,,,,,,,,,,,phase,,,true,wrong_public_input,,,,measured,paper-scale identity campaign,measurement,true,true,ok,"{""proof_bytes"":977.0}",,,,,,
703580b1-7636-4b2d-9cba-385487703037,2026-08-20T10:52:15.882465+00:00,PAPER-RQ1-IDENTITY,paper-identity-plonk-v1,credential,jellyfish-turboplonk-0.8.0-bls12-381-kzg,de37e6b6e76575a9843f9bc8c93dd6cd0baeb50e,f4b0720c91a7c797bd8f9362b414d1ea7b5e483ab5160d3b6344984c90c35815,6094916126361708721,1,10,identity-paper-r1,"{""age_bits"":8,""application_units"":2,""hash_rounds"":5,""scale_mode"":""target_native_size""}",16384,16384,16,16,deserialize,4.931587,,,,,,,,,,,,,phase,,,true,wrong_public_input,,,,measured,paper-scale identity campaign,measurement,true,true,ok,"{""proof_bytes"":977.0}",,,,,,
703580b1-7636-4b2d-9cba-385487703037,2026-08-20T10:52:15.882481+00:00,PAPER-RQ1-IDENTITY,paper-identity-plonk-v1,credential,jellyfish-turboplonk-0.8.0-bls12-381-kzg,de37e6b6e76575a9843f9bc8c93dd6cd0baeb50e,f4b0720c91a7c797bd8f9362b414d1ea7b5e483ab5160d3b6344984c90c35815,6094916126361708721,1,10,identity-paper-r1,"{""age_bits"":8,""application_units"":2,""hash_rounds"":5,""scale_mode"":""target_native_size""}",16384,16384,16,16,verify_core,8.531710,,,,,,,,,,,,,phase,,,true,wrong_public_input,8.531710,,,measured,paper-scale identity campaign,measurement,true,true,ok,{},,,,,,
703580b1-7636-4b2d-9cba-385487703037,2026-08-20T10:52:15.882496+00:00,PAPER-RQ1-IDENTITY,paper-identity-plonk-v1,credential,jellyfish-turboplonk-0.8.0-bls12-381-kzg,de37e6b6e76575a9843f9bc8c93dd6cd0baeb50e,f4b0720c91a7c797bd8f9362b414d1ea7b5e483ab5160d3b6344984c90c35815,6094916126361708721,1,10,identity-paper-r1,"{""age_bits"":8,""application_units"":2,""hash_rounds"":5,""scale_mode"":""target_native_size""}",16384,16384,16,16,invalid_reject,8.531710,,,,,,,,,,,,,phase,,,true,wrong_public_input,,,,measured,paper-scale identity campaign,measurement,true,true,ok,{},,,,,,
703580b1-7636-4b2d-9cba-385487703037,2026-08-20T10:52:15.882510+00:00,PAPER-RQ1-IDENTITY,paper-identity-plonk-v1,credential,jellyfish-turboplonk-0.8.0-bls12-381-kzg,de37e6b6e76575a9843f9bc8c93dd6cd0baeb50e,f4b0720c91a7c797bd8f9362b414d1ea7b5e483ab5160d3b6344984c90c35815,6094916126361708721,1,10,identity-paper-r1,"{""age_bits"":8,""application_units"":2,""hash_rounds"":5,""scale_mode"":""target_native_size""}",16384,16384,16,16,verify_total,13.463568,,,,,,,,,,,,,phase,,,true,wrong_public_input,,,,measured,paper-scale identity campaign,measurement,true,true,ok,{},,,,,,
703580b1-7636-4b2d-9cba-385487703037,2026-08-20T10:52:15.882525+00:00,PAPER-RQ1-IDENTITY,paper-identity-plonk-v1,credential,jellyfish-turboplonk-0.8.0-bls12-381-kzg,de37e6b6e76575a9843f9bc8c93dd6cd0baeb50e,f4b0720c91a7c797bd8f9362b414d1ea7b5e483ab5160d3b6344984c90c35815,6094916126361708721,1,10,identity-paper-r1,"{""age_bits"":8,""application_units"":2,""hash_rounds"":5,""scale_mode"":""target_native_size""}",16384,16384,16,16,fft_ntt,,,,,,,,,,,,,,phase,,,true,wrong_public_input,,Jellyfish exposes no stable per-proof hook for this phase,,measured,paper-scale identity campaign,measurement,true,false,unsupported,{},,,,,,
703580b1-7636-4b2d-9cba-385487703037,2026-08-20T10:52:15.882540+00:00,PAPER-RQ1-IDENTITY,paper-identity-plonk-v1,credential,jellyfish-turboplonk-0.8.0-bls12-381-kzg,de37e6b6e76575a9843f9bc8c93dd6cd0baeb50e,f4b0720c91a7c797bd8f9362b414d1ea7b5e483ab5160d3b6344984c90c35815,6094916126361708721,1,10,identity-paper-r1,"{""age_bits"":8,""application_units"":2,""hash_rounds"":5,""scale_mode"":""target_native_size""}",16384,16384,16,16,msm,,,,,,,,,,,,,,phase,,,true,wrong_public_input,,Jellyfish exposes no stable per-proof hook for this phase,,measured,paper-scale identity campaign,measurement,true,false,unsupported,{},,,,,,
703580b1-7636-4b2d-9cba-385487703037,2026-08-20T10:52:15.882555+00:00,PAPER-RQ1-IDENTITY,paper-identity-plonk-v1,credential,jellyfish-turboplonk-0.8.0-bls12-381-kzg,de37e6b6e76575a9843f9bc8c93dd6cd0baeb50e,f4b0720c91a7c797bd8f9362b414d1ea7b5e483ab5160d3b6344984c90c35815,6094916126361708721,1,10,identity-paper-r1,"{""age_bits"":8,""application_units"":2,""hash_rounds"":5,""scale_mode"":""target_native_size""}",16384,16384,16,16,commitment,,,,,,,,,,,,,,phase,,,true,wrong_public_input,,Jellyfish exposes no stable per-proof hook for this phase,,measured,paper-scale identity campaign,measurement,true,false,unsupported,{},,,,,,
703580b1-7636-4b2d-9cba-385487703037,2026-08-20T10:52:15.882569+00:00,PAPER-RQ1-IDENTITY,paper-identity-plonk-v1,credential,jellyfish-turboplonk-0.8.0-bls12-381-kzg,de37e6b6e76575a9843f9bc8c93dd6cd0baeb50e,f4b0720c91a7c797bd8f9362b414d1ea7b5e483ab5160d3b6344984c90c35815,6094916126361708721,1,10,identity-paper-r1,"{""age_bits"":8,""application_units"":2,""hash_rounds"":5,""scale_mode"":""target_native_size""}",16384,16384,16,16,key_load,,,,,,,,,,,,,,phase,,,true,wrong_public_input,,Jellyfish exposes no stable per-proof hook for this phase,,measured,paper-scale identity campaign,measurement,true,false,unsupported,{},,,,,,
703580b1-7636-4b2d-9cba-385487703037,2026-08-20T10:52:15.882583+00:00,PAPER-RQ1-IDENTITY,paper-identity-plonk-v1,credential,jellyfish-turboplonk-0.8.0-bls12-381-kzg,de37e6b6e76575a9843f9bc8c93dd6cd0baeb50e,f4b0720c91a7c797bd8f9362b414d1ea7b5e483ab5160d3b6344984c90c35815,6094916126361708721,1,10,identity-paper-r1,"{""age_bits"":8,""application_units"":2,""hash_rounds"":5,""scale_mode"":""target_native_size""}",16384,16384,16,16,adapter_process_wall,1473.861492,17070.000000,196.300781,977,false,0,cryptographic_rejection,60440,956,,,,linux-procfs,process,,,true,wrong_public_input,,"Linux procfs read failed: [Errno 13] Permission denied: '/proc/2249/io'; private commit and per-process swap I/O are unavailable; VmSwap reports allocation, not swap traffic; No documented hardware or OS energy counter is configured in WSL2",,measured,paper-scale identity campaign,measurement,true,true,ok,{},16384,2,16384,plonk_domain_rows,5.0,259
d0515f51-b1fd-4c9c-b31a-38b8eece791f,2026-08-20T10:52:17.329231+00:00,PAPER-RQ1-IDENTITY,paper-identity-plonk-v1,credential,jellyfish-turboplonk-0.8.0-bls12-381-kzg,de37e6b6e76575a9843f9bc8c93dd6cd0baeb50e,f4b0720c91a7c797bd8f9362b414d1ea7b5e483ab5160d3b6344984c90c35815,4870126228983892004,7,11,identity-paper-r1,"{""age_bits"":8,""application_units"":2,""hash_rounds"":5,""scale_mode"":""target_native_size""}",16384,16384,16,16,native_execution,2.283791,,,,,,,,,,,,,phase,,,true,,,,,measured,paper-scale identity campaign,measurement,true,true,ok,"{""application_units"":2.0,""native_work_units"":16384.0,""relation_digest"":635222915231631.0}",,,,,,
d0515f51-b1fd-4c9c-b31a-38b8eece791f,2026-08-20T10:52:17.329298+00:00,PAPER-RQ1-IDENTITY,paper-identity-plonk-v1,credential,jellyfish-turboplonk-0.8.0-bls12-381-kzg,de37e6b6e76575a9843f9bc8c93dd6cd0baeb50e,f4b0720c91a7c797bd8f9362b414d1ea7b5e483ab5160d3b6344984c90c35815,4870126228983892004,7,11,identity-paper-r1,"{""age_bits"":8,""application_units"":2,""hash_rounds"":5,""scale_mode"":""target_native_size""}",16384,16384,16,16,witness,16.326738,,,,,,,,,,,,,phase,,,true,,,,,measured,paper-scale identity campaign,measurement,true,true,ok,"{""application_units"":2.0,""hash_invocations"":6.0,""hash_rounds"":5.0,""plonk_domain_rows"":16384.0,""plonk_logical_gates"":8193.0,""plonk_variables"":238.0,""range_bits_total"":32.0,""target_native_size"":16384.0}",,,,,,
d0515f51-b1fd-4c9c-b31a-38b8eece791f,2026-08-20T10:52:17.329323+00:00,PAPER-RQ1-IDENTITY,paper-identity-plonk-v1,credential,jellyfish-turboplonk-0.8.0-bls12-381-kzg,de37e6b6e76575a9843f9bc8c93dd6cd0baeb50e,f4b0720c91a7c797bd8f9362b414d1ea7b5e483ab5160d3b6344984c90c35815,4870126228983892004,7,11,identity-paper-r1,"{""age_bits"":8,""application_units"":2,""hash_rounds"":5,""scale_mode"":""target_native_size""}",16384,16384,16,16,setup_or_preprocess,452.580314,,,,,,,,,,,,,phase,,,true,,,,,measured,paper-scale identity campaign,measurement,true,true,ok,"{""plonk_domain_rows"":16384.0,""srs_size"":16386.0}",,,,,,
d0515f51-b1fd-4c9c-b31a-38b8eece791f,2026-08-20T10:52:17.329340+00:00,PAPER-RQ1-IDENTITY,paper-identity-plonk-v1,credential,jellyfish-turboplonk-0.8.0-bls12-381-kzg,de37e6b6e76575a9843f9bc8c93dd6cd0baeb50e,f4b0720c91a7c797bd8f9362b414d1ea7b5e483ab5160d3b6344984c90c35815,4870126228983892004,7,11,identity-paper-r1,"{""age_bits"":8,""application_units"":2,""hash_rounds"":5,""scale_mode"":""target_native_size""}",16384,16384,16,16,prove_total,906.594037,,,,,,,,,,,,,phase,,,true,,,,,measured,paper-scale identity campaign,measurement,true,true,ok,"{""plonk_domain_rows"":16384.0}",,,,,,
d0515f51-b1fd-4c9c-b31a-38b8eece791f,2026-08-20T10:52:17.329356+00:00,PAPER-RQ1-IDENTITY,paper-identity-plonk-v1,credential,jellyfish-turboplonk-0.8.0-bls12-381-kzg,de37e6b6e76575a9843f9bc8c93dd6cd0baeb50e,f4b0720c91a7c797bd8f9362b414d1ea7b5e483ab5160d3b6344984c90c35815,4870126228983892004,7,11,identity-paper-r1,"{""age_bits"":8,""application_units"":2,""hash_rounds"":5,""scale_mode"":""target_native_size""}",16384,16384,16,16,serialize,0.007614,,,,,,,,,,,,,phase,,,true,,,,,measured,paper-scale identity campaign,measurement,true,true,ok,"{""proof_bytes"":977.0}",,,,,,
d0515f51-b1fd-4c9c-b31a-38b8eece791f,2026-08-20T10:52:17.329371+00:00,PAPER-RQ1-IDENTITY,paper-identity-plonk-v1,credential,jellyfish-turboplonk-0.8.0-bls12-381-kzg,de37e6b6e76575a9843f9bc8c93dd6cd0baeb50e,f4b0720c91a7c797bd8f9362b414d1ea7b5e483ab5160d3b6344984c90c35815,4870126228983892004,7,11,identity-paper-r1,"{""age_bits"":8,""application_units"":2,""hash_rounds"":5,""scale_mode"":""target_native_size""}",16384,16384,16,16,deserialize,4.529023,,,,,,,,,,,,,phase,,,true,,,,,measured,paper-scale identity campaign,measurement,true,true,ok,"{""proof_bytes"":977.0}",,,,,,
d0515f51-b1fd-4c9c-b31a-38b8eece791f,2026-08-20T10:52:17.329386+00:00,PAPER-RQ1-IDENTITY,paper-identity-plonk-v1,credential,jellyfish-turboplonk-0.8.0-bls12-381-kzg,de37e6b6e76575a9843f9bc8c93dd6cd0baeb50e,f4b0720c91a7c797bd8f9362b414d1ea7b5e483ab5160d3b6344984c90c35815,4870126228983892004,7,11,identity-paper-r1,"{""age_bits"":8,""application_units"":2,""hash_rounds"":5,""scale_mode"":""target_native_size""}",16384,16384,16,16,verify_core,6.744287,,,,,,,,,,,,,phase,,,true,,,,,measured,paper-scale identity campaign,measurement,true,true,ok,{},,,,,,
d0515f51-b1fd-4c9c-b31a-38b8eece791f,2026-08-20T10:52:17.329400+00:00,PAPER-RQ1-IDENTITY,paper-identity-plonk-v1,credential,jellyfish-turboplonk-0.8.0-bls12-381-kzg,de37e6b6e76575a9843f9bc8c93dd6cd0baeb50e,f4b0720c91a7c797bd8f9362b414d1ea7b5e483ab5160d3b6344984c90c35815,4870126228983892004,7,11,identity-paper-r1,"{""age_bits"":8,""application_units"":2,""hash_rounds"":5,""scale_mode"":""target_native_size""}",16384,16384,16,16,verify_total,11.273570,,,,,,,,,,,,,phase,,,true,,,,,measured,paper-scale identity campaign,measurement,true,true,ok,{},,,,,,
d0515f51-b1fd-4c9c-b31a-38b8eece791f,2026-08-20T10:52:17.329414+00:00,PAPER-RQ1-IDENTITY,paper-identity-plonk-v1,credential,jellyfish-turboplonk-0.8.0-bls12-381-kzg,de37e6b6e76575a9843f9bc8c93dd6cd0baeb50e,f4b0720c91a7c797bd8f9362b414d1ea7b5e483ab5160d3b6344984c90c35815,4870126228983892004,7,11,identity-paper-r1,"{""age_bits"":8,""application_units"":2,""hash_rounds"":5,""scale_mode"":""target_native_size""}",16384,16384,16,16,fft_ntt,,,,,,,,,,,,,,phase,,,true,,,Jellyfish exposes no stable per-proof hook for this phase,,measured,paper-scale identity campaign,measurement,true,false,unsupported,{},,,,,,
d0515f51-b1fd-4c9c-b31a-38b8eece791f,2026-08-20T10:52:17.329429+00:00,PAPER-RQ1-IDENTITY,paper-identity-plonk-v1,credential,jellyfish-turboplonk-0.8.0-bls12-381-kzg,de37e6b6e76575a9843f9bc8c93dd6cd0baeb50e,f4b0720c91a7c797bd8f9362b414d1ea7b5e483ab5160d3b6344984c90c35815,4870126228983892004,7,11,identity-paper-r1,"{""age_bits"":8,""application_units"":2,""hash_rounds"":5,""scale_mode"":""target_native_size""}",16384,16384,16,16,msm,,,,,,,,,,,,,,phase,,,true,,,Jellyfish exposes no stable per-proof hook for this phase,,measured,paper-scale identity campaign,measurement,true,false,unsupported,{},,,,,,
d0515f51-b1fd-4c9c-b31a-38b8eece791f,2026-08-20T10:52:17.329443+00:00,PAPER-RQ1-IDENTITY,paper-identity-plonk-v1,credential,jellyfish-turboplonk-0.8.0-bls12-381-kzg,de37e6b6e76575a9843f9bc8c93dd6cd0baeb50e,f4b0720c91a7c797bd8f9362b414d1ea7b5e483ab5160d3b6344984c90c35815,4870126228983892004,7,11,identity-paper-r1,"{""age_bits"":8,""application_units"":2,""hash_rounds"":5,""scale_mode"":""target_native_size""}",16384,16384,16,16,commitment,,,,,,,,,,,,,,phase,,,true,,,Jellyfish exposes no stable per-proof hook for this phase,,measured,paper-scale identity campaign,measurement,true,false,unsupported,{},,,,,,
d0515f51-b1fd-4c9c-b31a-38b8eece791f,2026-08-20T10:52:17.329456+00:00,PAPER-RQ1-IDENTITY,paper-identity-plonk-v1,credential,jellyfish-turboplonk-0.8.0-bls12-381-kzg,de37e6b6e76575a9843f9bc8c93dd6cd0baeb50e,f4b0720c91a7c797bd8f9362b414d1ea7b5e483ab5160d3b6344984c90c35815,4870126228983892004,7,11,identity-paper-r1,"{""age_bits"":8,""application_units"":2,""hash_rounds"":5,""scale_mode"":""target_native_size""}",16384,16384,16,16,key_load,,,,,,,,,,,,,,phase,,,true,,,Jellyfish exposes no stable per-proof hook for this phase,,measured,paper-scale identity campaign,measurement,true,false,unsupported,{},,,,,,
d0515f51-b1fd-4c9c-b31a-38b8eece791f,2026-08-20T10:52:17.329470+00:00,PAPER-RQ1-IDENTITY,paper-identity-plonk-v1,credential,jellyfish-turboplonk-0.8.0-bls12-381-kzg,de37e6b6e76575a9843f9bc8c93dd6cd0baeb50e,f4b0720c91a7c797bd8f9362b414d1ea7b5e483ab5160d3b6344984c90c35815,4870126228983892004,7,11,identity-paper-r1,"{""age_bits"":8,""application_units"":2,""hash_rounds"":5,""scale_mode"":""target_native_size""}",16384,16384,16,16,adapter_process_wall,1445.757615,16800.000000,199.082031,977,true,0,,60892,956,,,,linux-procfs,process,,,true,,,"Linux procfs read failed: [Errno 13] Permission denied: '/proc/2267/io'; private commit and per-process swap I/O are unavailable; VmSwap reports allocation, not swap traffic; No documented hardware or OS energy counter is configured in WSL2",,measured,paper-scale identity campaign,measurement,true,true,ok,{},16384,2,16384,plonk_domain_rows,5.0,251
43f4b8bb-484a-4990-9450-00fb34b9a79c,2026-08-20T10:52:18.995784+00:00,PAPER-RQ1-IDENTITY,paper-identity-plonk-v1,credential,jellyfish-turboplonk-0.8.0-bls12-381-kzg,de37e6b6e76575a9843f9bc8c93dd6cd0baeb50e,f4b0720c91a7c797bd8f9362b414d1ea7b5e483ab5160d3b6344984c90c35815,8471575727644802935,2,12,identity-paper-r1,"{""age_bits"":8,""application_units"":2,""hash_rounds"":5,""scale_mode"":""target_native_size""}",16384,16384,16,16,native_execution,2.302096,,,,,,,,,,,,,phase,,,true,,,,,measured,paper-scale identity campaign,measurement,true,true,ok,"{""application_units"":2.0,""native_work_units"":16384.0,""relation_digest"":1312058378800783.0}",,,,,,
43f4b8bb-484a-4990-9450-00fb34b9a79c,2026-08-20T10:52:18.995885+00:00,PAPER-RQ1-IDENTITY,paper-identity-plonk-v1,credential,jellyfish-turboplonk-0.8.0-bls12-381-kzg,de37e6b6e76575a9843f9bc8c93dd6cd0baeb50e,f4b0720c91a7c797bd8f9362b414d1ea7b5e483ab5160d3b6344984c90c35815,8471575727644802935,2,12,identity-paper-r1,"{""age_bits"":8,""application_units"":2,""hash_rounds"":5,""scale_mode"":""target_native_size""}",16384,16384,16,16,witness,13.661417,,,,,,,,,,,,,phase,,,true,,,,,measured,paper-scale identity campaign,measurement,true,true,ok,"{""application_units"":2.0,""hash_invocations"":6.0,""hash_rounds"":5.0,""plonk_domain_rows"":16384.0,""plonk_logical_gates"":8193.0,""plonk_variables"":238.0,""range_bits_total"":32.0,""target_native_size"":16384.0}",,,,,,
43f4b8bb-484a-4990-9450-00fb34b9a79c,2026-08-20T10:52:18.995917+00:00,PAPER-RQ1-IDENTITY,paper-identity-plonk-v1,credential,jellyfish-turboplonk-0.8.0-bls12-381-kzg,de37e6b6e76575a9843f9bc8c93dd6cd0baeb50e,f4b0720c91a7c797bd8f9362b414d1ea7b5e483ab5160d3b6344984c90c35815,8471575727644802935,2,12,identity-paper-r1,"{""age_bits"":8,""application_units"":2,""hash_rounds"":5,""scale_mode"":""target_native_size""}",16384,16384,16,16,setup_or_preprocess,463.960213,,,,,,,,,,,,,phase,,,true,,,,,measured,paper-scale identity campaign,measurement,true,true,ok,"{""plonk_domain_rows"":16384.0,""srs_size"":16386.0}",,,,,,
43f4b8bb-484a-4990-9450-00fb34b9a79c,2026-08-20T10:52:18.995945+00:00,PAPER-RQ1-IDENTITY,paper-identity-plonk-v1,credential,jellyfish-turboplonk-0.8.0-bls12-381-kzg,de37e6b6e76575a9843f9bc8c93dd6cd0baeb50e,f4b0720c91a7c797bd8f9362b414d1ea7b5e483ab5160d3b6344984c90c35815,8471575727644802935,2,12,identity-paper-r1,"{""age_bits"":8,""application_units"":2,""hash_rounds"":5,""scale_mode"":""target_native_size""}",16384,16384,16,16,prove_total,1119.728611,,,,,,,,,,,,,phase,,,true,,,,,measured,paper-scale identity campaign,measurement,true,true,ok,"{""plonk_domain_rows"":16384.0}",,,,,,
43f4b8bb-484a-4990-9450-00fb34b9a79c,2026-08-20T10:52:18.995968+00:00,PAPER-RQ1-IDENTITY,paper-identity-plonk-v1,credential,jellyfish-turboplonk-0.8.0-bls12-381-kzg,de37e6b6e76575a9843f9bc8c93dd6cd0baeb50e,f4b0720c91a7c797bd8f9362b414d1ea7b5e483ab5160d3b6344984c90c35815,8471575727644802935,2,12,identity-paper-r1,"{""age_bits"":8,""application_units"":2,""hash_rounds"":5,""scale_mode"":""target_native_size""}",16384,16384,16,16,serialize,0.004970,,,,,,,,,,,,,phase,,,true,,,,,measured,paper-scale identity campaign,measurement,true,true,ok,"{""proof_bytes"":977.0}",,,,,,
43f4b8bb-484a-4990-9450-00fb34b9a79c,2026-08-20T10:52:18.995989+00:00,PAPER-RQ1-IDENTITY,paper-identity-plonk-v1,credential,jellyfish-turboplonk-0.8.0-bls12-381-kzg,de37e6b6e76575a9843f9bc8c93dd6cd0baeb50e,f4b0720c91a7c797bd8f9362b414d1ea7b5e483ab5160d3b6344984c90c35815,8471575727644802935,2,12,identity-paper-r1,"{""age_bits"":8,""application_units"":2,""hash_rounds"":5,""scale_mode"":""target_native_size""}",16384,16384,16,16,deserialize,4.735146,,,,,,,,,,,,,phase,,,true,,,,,measured,paper-scale identity campaign,measurement,true,true,ok,"{""proof_bytes"":977.0}",,,,,,
43f4b8bb-484a-4990-9450-00fb34b9a79c,2026-08-20T10:52:18.996010+00:00,PAPER-RQ1-IDENTITY,paper-identity-plonk-v1,credential,jellyfish-turboplonk-0.8.0-bls12-381-kzg,de37e6b6e76575a9843f9bc8c93dd6cd0baeb50e,f4b0720c91a7c797bd8f9362b414d1ea7b5e483ab5160d3b6344984c90c35815,8471575727644802935,2,12,identity-paper-r1,"{""age_bits"":8,""application_units"":2,""hash_rounds"":5,""scale_mode"":""target_native_size""}",16384,16384,16,16,verify_core,8.811127,,,,,,,,,,,,,phase,,,true,,,,,measured,paper-scale identity campaign,measurement,true,true,ok,{},,,,,,
43f4b8bb-484a-4990-9450-00fb34b9a79c,2026-08-20T10:52:18.996029+00:00,PAPER-RQ1-IDENTITY,paper-identity-plonk-v1,credential,jellyfish-turboplonk-0.8.0-bls12-381-kzg,de37e6b6e76575a9843f9bc8c93dd6cd0baeb50e,f4b0720c91a7c797bd8f9362b414d1ea7b5e483ab5160d3b6344984c90c35815,8471575727644802935,2,12,identity-paper-r1,"{""age_bits"":8,""application_units"":2,""hash_rounds"":5,""scale_mode"":""target_native_size""}",16384,16384,16,16,verify_total,13.546903,,,,,,,,,,,,,phase,,,true,,,,,measured,paper-scale identity campaign,measurement,true,true,ok,{},,,,,,
43f4b8bb-484a-4990-9450-00fb34b9a79c,2026-08-20T10:52:18.996048+00:00,PAPER-RQ1-IDENTITY,paper-identity-plonk-v1,credential,jellyfish-turboplonk-0.8.0-bls12-381-kzg,de37e6b6e76575a9843f9bc8c93dd6cd0baeb50e,f4b0720c91a7c797bd8f9362b414d1ea7b5e483ab5160d3b6344984c90c35815,8471575727644802935,2,12,identity-paper-r1,"{""age_bits"":8,""application_units"":2,""hash_rounds"":5,""scale_mode"":""target_native_size""}",16384,16384,16,16,fft_ntt,,,,,,,,,,,,,,phase,,,true,,,Jellyfish exposes no stable per-proof hook for this phase,,measured,paper-scale identity campaign,measurement,true,false,unsupported,{},,,,,,
43f4b8bb-484a-4990-9450-00fb34b9a79c,2026-08-20T10:52:18.996068+00:00,PAPER-RQ1-IDENTITY,paper-identity-plonk-v1,credential,jellyfish-turboplonk-0.8.0-bls12-381-kzg,de37e6b6e76575a9843f9bc8c93dd6cd0baeb50e,f4b0720c91a7c797bd8f9362b414d1ea7b5e483ab5160d3b6344984c90c35815,8471575727644802935,2,12,identity-paper-r1,"{""age_bits"":8,""application_units"":2,""hash_rounds"":5,""scale_mode"":""target_native_size""}",16384,16384,16,16,msm,,,,,,,,,,,,,,phase,,,true,,,Jellyfish exposes no stable per-proof hook for this phase,,measured,paper-scale identity campaign,measurement,true,false,unsupported,{},,,,,,
43f4b8bb-484a-4990-9450-00fb34b9a79c,2026-08-20T10:52:18.996087+00:00,PAPER-RQ1-IDENTITY,paper-identity-plonk-v1,credential,jellyfish-turboplonk-0.8.0-bls12-381-kzg,de37e6b6e76575a9843f9bc8c93dd6cd0baeb50e,f4b0720c91a7c797bd8f9362b414d1ea7b5e483ab5160d3b6344984c90c35815,8471575727644802935,2,12,identity-paper-r1,"{""age_bits"":8,""application_units"":2,""hash_rounds"":5,""scale_mode"":""target_native_size""}",16384,16384,16,16,commitment,,,,,,,,,,,,,,phase,,,true,,,Jellyfish exposes no stable per-proof hook for this phase,,measured,paper-scale identity campaign,measurement,true,false,unsupported,{},,,,,,
43f4b8bb-484a-4990-9450-00fb34b9a79c,2026-08-20T10:52:18.996105+00:00,PAPER-RQ1-IDENTITY,paper-identity-plonk-v1,credential,jellyfish-turboplonk-0.8.0-bls12-381-kzg,de37e6b6e76575a9843f9bc8c93dd6cd0baeb50e,f4b0720c91a7c797bd8f9362b414d1ea7b5e483ab5160d3b6344984c90c35815,8471575727644802935,2,12,identity-paper-r1,"{""age_bits"":8,""application_units"":2,""hash_rounds"":5,""scale_mode"":""target_native_size""}",16384,16384,16,16,key_load,,,,,,,,,,,,,,phase,,,true,,,Jellyfish exposes no stable per-proof hook for this phase,,measured,paper-scale identity campaign,measurement,true,false,unsupported,{},,,,,,
43f4b8bb-484a-4990-9450-00fb34b9a79c,2026-08-20T10:52:18.996124+00:00,PAPER-RQ1-IDENTITY,paper-identity-plonk-v1,credential,jellyfish-turboplonk-0.8.0-bls12-381-kzg,de37e6b6e76575a9843f9bc8c93dd6cd0baeb50e,f4b0720c91a7c797bd8f9362b414d1ea7b5e483ab5160d3b6344984c90c35815,8471575727644802935,2,12,identity-paper-r1,"{""age_bits"":8,""application_units"":2,""hash_rounds"":5,""scale_mode"":""target_native_size""}",16384,16384,16,16,adapter_process_wall,1665.185206,18230.000000,192.449219,977,true,0,,59617,956,,,,linux-procfs,process,,,true,,,"Linux procfs read failed: [Errno 13] Permission denied: '/proc/2285/io'; private commit and per-process swap I/O are unavailable; VmSwap reports allocation, not swap traffic; No documented hardware or OS energy counter is configured in WSL2",,measured,paper-scale identity campaign,measurement,true,true,ok,{},16384,2,16384,plonk_domain_rows,5.0,285
226e2689-1a03-4338-a2a7-b3ef7137805c,2026-08-20T10:52:20.534999+00:00,PAPER-RQ1-IDENTITY,paper-identity-plonk-v1,credential,jellyfish-turboplonk-0.8.0-bls12-381-kzg,de37e6b6e76575a9843f9bc8c93dd6cd0baeb50e,f4b0720c91a7c797bd8f9362b414d1ea7b5e483ab5160d3b6344984c90c35815,6488715382394076367,1,13,identity-paper-r1,"{""age_bits"":8,""application_units"":2,""hash_rounds"":5,""scale_mode"":""target_native_size""}",16384,16384,16,16,native_execution,1.682563,,,,,,,,,,,,,phase,,,true,,,,,measured,paper-scale identity campaign,measurement,true,true,ok,"{""application_units"":2.0,""native_work_units"":16384.0,""relation_digest"":200417035700817.0}",,,,,,
226e2689-1a03-4338-a2a7-b3ef7137805c,2026-08-20T10:52:20.535074+00:00,PAPER-RQ1-IDENTITY,paper-identity-plonk-v1,credential,jellyfish-turboplonk-0.8.0-bls12-381-kzg,de37e6b6e76575a9843f9bc8c93dd6cd0baeb50e,f4b0720c91a7c797bd8f9362b414d1ea7b5e483ab5160d3b6344984c90c35815,6488715382394076367,1,13,identity-paper-r1,"{""age_bits"":8,""application_units"":2,""hash_rounds"":5,""scale_mode"":""target_native_size""}",16384,16384,16,16,witness,13.979790,,,,,,,,,,,,,phase,,,true,,,,,measured,paper-scale identity campaign,measurement,true,true,ok,"{""application_units"":2.0,""hash_invocations"":6.0,""hash_rounds"":5.0,""plonk_domain_rows"":16384.0,""plonk_logical_gates"":8193.0,""plonk_variables"":238.0,""range_bits_total"":32.0,""target_native_size"":16384.0}",,,,,,
226e2689-1a03-4338-a2a7-b3ef7137805c,2026-08-20T10:52:20.535098+00:00,PAPER-RQ1-IDENTITY,paper-identity-plonk-v1,credential,jellyfish-turboplonk-0.8.0-bls12-381-kzg,de37e6b6e76575a9843f9bc8c93dd6cd0baeb50e,f4b0720c91a7c797bd8f9362b414d1ea7b5e483ab5160d3b6344984c90c35815,6488715382394076367,1,13,identity-paper-r1,"{""age_bits"":8,""application_units"":2,""hash_rounds"":5,""scale_mode"":""target_native_size""}",16384,16384,16,16,setup_or_preprocess,483.533877,,,,,,,,,,,,,phase,,,true,,,,,measured,paper-scale identity campaign,measurement,true,true,ok,"{""plonk_domain_rows"":16384.0,""srs_size"":16386.0}",,,,,,
226e2689-1a03-4338-a2a7-b3ef7137805c,2026-08-20T10:52:20.535117+00:00,PAPER-RQ1-IDENTITY,paper-identity-plonk-v1,credential,jellyfish-turboplonk-0.8.0-bls12-381-kzg,de37e6b6e76575a9843f9bc8c93dd6cd0baeb50e,f4b0720c91a7c797bd8f9362b414d1ea7b5e483ab5160d3b6344984c90c35815,6488715382394076367,1,13,identity-paper-r1,"{""age_bits"":8,""application_units"":2,""hash_rounds"":5,""scale_mode"":""target_native_size""}",16384,16384,16,16,prove_total,959.901119,,,,,,,,,,,,,phase,,,true,,,,,measured,paper-scale identity campaign,measurement,true,true,ok,"{""plonk_domain_rows"":16384.0}",,,,,,
226e2689-1a03-4338-a2a7-b3ef7137805c,2026-08-20T10:52:20.535133+00:00,PAPER-RQ1-IDENTITY,paper-identity-plonk-v1,credential,jellyfish-turboplonk-0.8.0-bls12-381-kzg,de37e6b6e76575a9843f9bc8c93dd6cd0baeb50e,f4b0720c91a7c797bd8f9362b414d1ea7b5e483ab5160d3b6344984c90c35815,6488715382394076367,1,13,identity-paper-r1,"{""age_bits"":8,""application_units"":2,""hash_rounds"":5,""scale_mode"":""target_native_size""}",16384,16384,16,16,serialize,0.005010,,,,,,,,,,,,,phase,,,true,,,,,measured,paper-scale identity campaign,measurement,true,true,ok,"{""proof_bytes"":977.0}",,,,,,
226e2689-1a03-4338-a2a7-b3ef7137805c,2026-08-20T10:52:20.535149+00:00,PAPER-RQ1-IDENTITY,paper-identity-plonk-v1,credential,jellyfish-turboplonk-0.8.0-bls12-381-kzg,de37e6b6e76575a9843f9bc8c93dd6cd0baeb50e,f4b0720c91a7c797bd8f9362b414d1ea7b5e483ab5160d3b6344984c90c35815,6488715382394076367,1,13,identity-paper-r1,"{""age_bits"":8,""application_units"":2,""hash_rounds"":5,""scale_mode"":""target_native_size""}",16384,16384,16,16,deserialize,4.885708,,,,,,,,,,,,,phase,,,true,,,,,measured,paper-scale identity campaign,measurement,true,true,ok,"{""proof_bytes"":977.0}",,,,,,
226e2689-1a03-4338-a2a7-b3ef7137805c,2026-08-20T10:52:20.535165+00:00,PAPER-RQ1-IDENTITY,paper-identity-plonk-v1,credential,jellyfish-turboplonk-0.8.0-bls12-381-kzg,de37e6b6e76575a9843f9bc8c93dd6cd0baeb50e,f4b0720c91a7c797bd8f9362b414d1ea7b5e483ab5160d3b6344984c90c35815,6488715382394076367,1,13,identity-paper-r1,"{""age_bits"":8,""application_units"":2,""hash_rounds"":5,""scale_mode"":""target_native_size""}",16384,16384,16,16,verify_core,7.702972,,,,,,,,,,,,,phase,,,true,,,,,measured,paper-scale identity campaign,measurement,true,true,ok,{},,,,,,
226e2689-1a03-4338-a2a7-b3ef7137805c,2026-08-20T10:52:20.535180+00:00,PAPER-RQ1-IDENTITY,paper-identity-plonk-v1,credential,jellyfish-turboplonk-0.8.0-bls12-381-kzg,de37e6b6e76575a9843f9bc8c93dd6cd0baeb50e,f4b0720c91a7c797bd8f9362b414d1ea7b5e483ab5160d3b6344984c90c35815,6488715382394076367,1,13,identity-paper-r1,"{""age_bits"":8,""application_units"":2,""hash_rounds"":5,""scale_mode"":""target_native_size""}",16384,16384,16,16,verify_total,12.588940,,,,,,,,,,,,,phase,,,true,,,,,measured,paper-scale identity campaign,measurement,true,true,ok,{},,,,,,
226e2689-1a03-4338-a2a7-b3ef7137805c,2026-08-20T10:52:20.535194+00:00,PAPER-RQ1-IDENTITY,paper-identity-plonk-v1,credential,jellyfish-turboplonk-0.8.0-bls12-381-kzg,de37e6b6e76575a9843f9bc8c93dd6cd0baeb50e,f4b0720c91a7c797bd8f9362b414d1ea7b5e483ab5160d3b6344984c90c35815,6488715382394076367,1,13,identity-paper-r1,"{""age_bits"":8,""application_units"":2,""hash_rounds"":5,""scale_mode"":""target_native_size""}",16384,16384,16,16,fft_ntt,,,,,,,,,,,,,,phase,,,true,,,Jellyfish exposes no stable per-proof hook for this phase,,measured,paper-scale identity campaign,measurement,true,false,unsupported,{},,,,,,
226e2689-1a03-4338-a2a7-b3ef7137805c,2026-08-20T10:52:20.535209+00:00,PAPER-RQ1-IDENTITY,paper-identity-plonk-v1,credential,jellyfish-turboplonk-0.8.0-bls12-381-kzg,de37e6b6e76575a9843f9bc8c93dd6cd0baeb50e,f4b0720c91a7c797bd8f9362b414d1ea7b5e483ab5160d3b6344984c90c35815,6488715382394076367,1,13,identity-paper-r1,"{""age_bits"":8,""application_units"":2,""hash_rounds"":5,""scale_mode"":""target_native_size""}",16384,16384,16,16,msm,,,,,,,,,,,,,,phase,,,true,,,Jellyfish exposes no stable per-proof hook for this phase,,measured,paper-scale identity campaign,measurement,true,false,unsupported,{},,,,,,
226e2689-1a03-4338-a2a7-b3ef7137805c,2026-08-20T10:52:20.535223+00:00,PAPER-RQ1-IDENTITY,paper-identity-plonk-v1,credential,jellyfish-turboplonk-0.8.0-bls12-381-kzg,de37e6b6e76575a9843f9bc8c93dd6cd0baeb50e,f4b0720c91a7c797bd8f9362b414d1ea7b5e483ab5160d3b6344984c90c35815,6488715382394076367,1,13,identity-paper-r1,"{""age_bits"":8,""application_units"":2,""hash_rounds"":5,""scale_mode"":""target_native_size""}",16384,16384,16,16,commitment,,,,,,,,,,,,,,phase,,,true,,,Jellyfish exposes no stable per-proof hook for this phase,,measured,paper-scale identity campaign,measurement,true,false,unsupported,{},,,,,,
226e2689-1a03-4338-a2a7-b3ef7137805c,2026-08-20T10:52:20.535237+00:00,PAPER-RQ1-IDENTITY,paper-identity-plonk-v1,credential,jellyfish-turboplonk-0.8.0-bls12-381-kzg,de37e6b6e76575a9843f9bc8c93dd6cd0baeb50e,f4b0720c91a7c797bd8f9362b414d1ea7b5e483ab5160d3b6344984c90c35815,6488715382394076367,1,13,identity-paper-r1,"{""age_bits"":8,""application_units"":2,""hash_rounds"":5,""scale_mode"":""target_native_size""}",16384,16384,16,16,key_load,,,,,,,,,,,,,,phase,,,true,,,Jellyfish exposes no stable per-proof hook for this phase,,measured,paper-scale identity campaign,measurement,true,false,unsupported,{},,,,,,
226e2689-1a03-4338-a2a7-b3ef7137805c,2026-08-20T10:52:20.535251+00:00,PAPER-RQ1-IDENTITY,paper-identity-plonk-v1,credential,jellyfish-turboplonk-0.8.0-bls12-381-kzg,de37e6b6e76575a9843f9bc8c93dd6cd0baeb50e,f4b0720c91a7c797bd8f9362b414d1ea7b5e483ab5160d3b6344984c90c35815,6488715382394076367,1,13,identity-paper-r1,"{""age_bits"":8,""application_units"":2,""hash_rounds"":5,""scale_mode"":""target_native_size""}",16384,16384,16,16,adapter_process_wall,1537.748142,17390.000000,192.015625,977,true,0,,59176,956,,,,linux-procfs,process,,,true,,,"Linux procfs read failed: [Errno 13] Permission denied: '/proc/2303/io'; private commit and per-process swap I/O are unavailable; VmSwap reports allocation, not swap traffic; No documented hardware or OS energy counter is configured in WSL2",,measured,paper-scale identity campaign,measurement,true,true,ok,{},16384,2,16384,plonk_domain_rows,5.0,268
73b7eac0-948c-4278-88ad-c7c3d65fc6d0,2026-08-20T10:52:22.011691+00:00,PAPER-RQ1-IDENTITY,paper-identity-plonk-v1,credential,jellyfish-turboplonk-0.8.0-bls12-381-kzg,de37e6b6e76575a9843f9bc8c93dd6cd0baeb50e,f4b0720c91a7c797bd8f9362b414d1ea7b5e483ab5160d3b6344984c90c35815,6939152004548754034,5,14,identity-paper-r1,"{""age_bits"":8,""application_units"":2,""hash_rounds"":5,""scale_mode"":""target_native_size""}",16384,16384,16,16,native_execution,1.797898,,,,,,,,,,,,,phase,,,true,,,,,measured,paper-scale identity campaign,measurement,true,true,ok,"{""application_units"":2.0,""native_work_units"":16384.0,""relation_digest"":4349250373790912.0}",,,,,,
73b7eac0-948c-4278-88ad-c7c3d65fc6d0,2026-08-20T10:52:22.011761+00:00,PAPER-RQ1-IDENTITY,paper-identity-plonk-v1,credential,jellyfish-turboplonk-0.8.0-bls12-381-kzg,de37e6b6e76575a9843f9bc8c93dd6cd0baeb50e,f4b0720c91a7c797bd8f9362b414d1ea7b5e483ab5160d3b6344984c90c35815,6939152004548754034,5,14,identity-paper-r1,"{""age_bits"":8,""application_units"":2,""hash_rounds"":5,""scale_mode"":""target_native_size""}",16384,16384,16,16,witness,14.788074,,,,,,,,,,,,,phase,,,true,,,,,measured,paper-scale identity campaign,measurement,true,true,ok,"{""application_units"":2.0,""hash_invocations"":6.0,""hash_rounds"":5.0,""plonk_domain_rows"":16384.0,""plonk_logical_gates"":8193.0,""plonk_variables"":238.0,""range_bits_total"":32.0,""target_native_size"":16384.0}",,,,,,
73b7eac0-948c-4278-88ad-c7c3d65fc6d0,2026-08-20T10:52:22.011783+00:00,PAPER-RQ1-IDENTITY,paper-identity-plonk-v1,credential,jellyfish-turboplonk-0.8.0-bls12-381-kzg,de37e6b6e76575a9843f9bc8c93dd6cd0baeb50e,f4b0720c91a7c797bd8f9362b414d1ea7b5e483ab5160d3b6344984c90c35815,6939152004548754034,5,14,identity-paper-r1,"{""age_bits"":8,""application_units"":2,""hash_rounds"":5,""scale_mode"":""target_native_size""}",16384,16384,16,16,setup_or_preprocess,463.277521,,,,,,,,,,,,,phase,,,true,,,,,measured,paper-scale identity campaign,measurement,true,true,ok,"{""plonk_domain_rows"":16384.0,""srs_size"":16386.0}",,,,,,
73b7eac0-948c-4278-88ad-c7c3d65fc6d0,2026-08-20T10:52:22.011800+00:00,PAPER-RQ1-IDENTITY,paper-identity-plonk-v1,credential,jellyfish-turboplonk-0.8.0-bls12-381-kzg,de37e6b6e76575a9843f9bc8c93dd6cd0baeb50e,f4b0720c91a7c797bd8f9362b414d1ea7b5e483ab5160d3b6344984c90c35815,6939152004548754034,5,14,identity-paper-r1,"{""age_bits"":8,""application_units"":2,""hash_rounds"":5,""scale_mode"":""target_native_size""}",16384,16384,16,16,prove_total,934.144392,,,,,,,,,,,,,phase,,,true,,,,,measured,paper-scale identity campaign,measurement,true,true,ok,"{""plonk_domain_rows"":16384.0}",,,,,,
73b7eac0-948c-4278-88ad-c7c3d65fc6d0,2026-08-20T10:52:22.011815+00:00,PAPER-RQ1-IDENTITY,paper-identity-plonk-v1,credential,jellyfish-turboplonk-0.8.0-bls12-381-kzg,de37e6b6e76575a9843f9bc8c93dd6cd0baeb50e,f4b0720c91a7c797bd8f9362b414d1ea7b5e483ab5160d3b6344984c90c35815,6939152004548754034,5,14,identity-paper-r1,"{""age_bits"":8,""application_units"":2,""hash_rounds"":5,""scale_mode"":""target_native_size""}",16384,16384,16,16,serialize,0.004919,,,,,,,,,,,,,phase,,,true,,,,,measured,paper-scale identity campaign,measurement,true,true,ok,"{""proof_bytes"":977.0}",,,,,,
73b7eac0-948c-4278-88ad-c7c3d65fc6d0,2026-08-20T10:52:22.011830+00:00,PAPER-RQ1-IDENTITY,paper-identity-plonk-v1,credential,jellyfish-turboplonk-0.8.0-bls12-381-kzg,de37e6b6e76575a9843f9bc8c93dd6cd0baeb50e,f4b0720c91a7c797bd8f9362b414d1ea7b5e483ab5160d3b6344984c90c35815,6939152004548754034,5,14,identity-paper-r1,"{""age_bits"":8,""application_units"":2,""hash_rounds"":5,""scale_mode"":""target_native_size""}",16384,16384,16,16,deserialize,4.426011,,,,,,,,,,,,,phase,,,true,,,,,measured,paper-scale identity campaign,measurement,true,true,ok,"{""proof_bytes"":977.0}",,,,,,
73b7eac0-948c-4278-88ad-c7c3d65fc6d0,2026-08-20T10:52:22.011845+00:00,PAPER-RQ1-IDENTITY,paper-identity-plonk-v1,credential,jellyfish-turboplonk-0.8.0-bls12-381-kzg,de37e6b6e76575a9843f9bc8c93dd6cd0baeb50e,f4b0720c91a7c797bd8f9362b414d1ea7b5e483ab5160d3b6344984c90c35815,6939152004548754034,5,14,identity-paper-r1,"{""age_bits"":8,""application_units"":2,""hash_rounds"":5,""scale_mode"":""target_native_size""}",16384,16384,16,16,verify_core,6.615588,,,,,,,,,,,,,phase,,,true,,,,,measured,paper-scale identity campaign,measurement,true,true,ok,{},,,,,,
73b7eac0-948c-4278-88ad-c7c3d65fc6d0,2026-08-20T10:52:22.011859+00:00,PAPER-RQ1-IDENTITY,paper-identity-plonk-v1,credential,jellyfish-turboplonk-0.8.0-bls12-381-kzg,de37e6b6e76575a9843f9bc8c93dd6cd0baeb50e,f4b0720c91a7c797bd8f9362b414d1ea7b5e483ab5160d3b6344984c90c35815,6939152004548754034,5,14,identity-paper-r1,"{""age_bits"":8,""application_units"":2,""hash_rounds"":5,""scale_mode"":""target_native_size""}",16384,16384,16,16,verify_total,11.041779,,,,,,,,,,,,,phase,,,true,,,,,measured,paper-scale identity campaign,measurement,true,true,ok,{},,,,,,
73b7eac0-948c-4278-88ad-c7c3d65fc6d0,2026-08-20T10:52:22.011873+00:00,PAPER-RQ1-IDENTITY,paper-identity-plonk-v1,credential,jellyfish-turboplonk-0.8.0-bls12-381-kzg,de37e6b6e76575a9843f9bc8c93dd6cd0baeb50e,f4b0720c91a7c797bd8f9362b414d1ea7b5e483ab5160d3b6344984c90c35815,6939152004548754034,5,14,identity-paper-r1,"{""age_bits"":8,""application_units"":2,""hash_rounds"":5,""scale_mode"":""target_native_size""}",16384,16384,16,16,fft_ntt,,,,,,,,,,,,,,phase,,,true,,,Jellyfish exposes no stable per-proof hook for this phase,,measured,paper-scale identity campaign,measurement,true,false,unsupported,{},,,,,,
73b7eac0-948c-4278-88ad-c7c3d65fc6d0,2026-08-20T10:52:22.011887+00:00,PAPER-RQ1-IDENTITY,paper-identity-plonk-v1,credential,jellyfish-turboplonk-0.8.0-bls12-381-kzg,de37e6b6e76575a9843f9bc8c93dd6cd0baeb50e,f4b0720c91a7c797bd8f9362b414d1ea7b5e483ab5160d3b6344984c90c35815,6939152004548754034,5,14,identity-paper-r1,"{""age_bits"":8,""application_units"":2,""hash_rounds"":5,""scale_mode"":""target_native_size""}",16384,16384,16,16,msm,,,,,,,,,,,,,,phase,,,true,,,Jellyfish exposes no stable per-proof hook for this phase,,measured,paper-scale identity campaign,measurement,true,false,unsupported,{},,,,,,
73b7eac0-948c-4278-88ad-c7c3d65fc6d0,2026-08-20T10:52:22.011904+00:00,PAPER-RQ1-IDENTITY,paper-identity-plonk-v1,credential,jellyfish-turboplonk-0.8.0-bls12-381-kzg,de37e6b6e76575a9843f9bc8c93dd6cd0baeb50e,f4b0720c91a7c797bd8f9362b414d1ea7b5e483ab5160d3b6344984c90c35815,6939152004548754034,5,14,identity-paper-r1,"{""age_bits"":8,""application_units"":2,""hash_rounds"":5,""scale_mode"":""target_native_size""}",16384,16384,16,16,commitment,,,,,,,,,,,,,,phase,,,true,,,Jellyfish exposes no stable per-proof hook for this phase,,measured,paper-scale identity campaign,measurement,true,false,unsupported,{},,,,,,
73b7eac0-948c-4278-88ad-c7c3d65fc6d0,2026-08-20T10:52:22.011917+00:00,PAPER-RQ1-IDENTITY,paper-identity-plonk-v1,credential,jellyfish-turboplonk-0.8.0-bls12-381-kzg,de37e6b6e76575a9843f9bc8c93dd6cd0baeb50e,f4b0720c91a7c797bd8f9362b414d1ea7b5e483ab5160d3b6344984c90c35815,6939152004548754034,5,14,identity-paper-r1,"{""age_bits"":8,""application_units"":2,""hash_rounds"":5,""scale_mode"":""target_native_size""}",16384,16384,16,16,key_load,,,,,,,,,,,,,,phase,,,true,,,Jellyfish exposes no stable per-proof hook for this phase,,measured,paper-scale identity campaign,measurement,true,false,unsupported,{},,,,,,
73b7eac0-948c-4278-88ad-c7c3d65fc6d0,2026-08-20T10:52:22.011930+00:00,PAPER-RQ1-IDENTITY,paper-identity-plonk-v1,credential,jellyfish-turboplonk-0.8.0-bls12-381-kzg,de37e6b6e76575a9843f9bc8c93dd6cd0baeb50e,f4b0720c91a7c797bd8f9362b414d1ea7b5e483ab5160d3b6344984c90c35815,6939152004548754034,5,14,identity-paper-r1,"{""age_bits"":8,""application_units"":2,""hash_rounds"":5,""scale_mode"":""target_native_size""}",16384,16384,16,16,adapter_process_wall,1475.404052,17010.000000,193.632812,977,true,0,,59186,956,,,,linux-procfs,process,,,true,,,"Linux procfs read failed: [Errno 13] Permission denied: '/proc/2321/io'; Linux procfs read failed: [Errno 2] No such file or directory: '/proc/2321/status'; private commit and per-process swap I/O are unavailable; VmSwap reports allocation, not swap traffic; No documented hardware or OS energy counter is configured in WSL2",,measured,paper-scale identity campaign,measurement,true,true,ok,{},16384,2,16384,plonk_domain_rows,5.0,254
