claim_id,experiment_id,adapter_commit,config_hash,workload,variant,parameter_set,parameters_json,phase,input_scale,threads,invalid_proof_kind,supported,n,mean_latency_ms,stdev_latency_ms,p50_latency_ms,p95_latency_ms,min_latency_ms,max_latency_ms,median_cpu_time_ms,median_peak_rss_mb,median_page_faults,proof_bytes,native_relation_size,relation_unit,public_inputs,expected_outcomes,stdev_unavailable_reason,excluded_boundary_metrics,metric_unavailable_reason,speedup_vs_one_thread,speedup_ci_low,speedup_ci_high,parallel_efficiency,application_throughput_units_s,native_overhead_ratio,cpu_wall_ratio,ram_per_application_unit_mb,saturation_threads,scaling_coefficient_a,scaling_exponent_b,scaling_exponent_ci_low,scaling_exponent_ci_high,scaling_r_squared,evidence_class,result_scope,run_role,recorded
C2-CONTROLLED-SNARK,controlled-plonk-pilot-v1,5477ab05b549b750fa32dc9a1bc61898f74ebf21,b51fa1bd9bd3db00079057822b5f305afd048981c6fdee344634f6bd7c48b6bb,controlled_kernel,jellyfish-turboplonk-0.8.0-bn254-kzg,default,{},adapter_process_wall,64,1,,true,3,109.865043,10.347463,114.100019,117.090910,98.071878,117.423231,60.000000,5.023438,433.000000,769,128,plonk_domain_rows,2,all-expected,,,"Linux procfs read failed: [Errno 13] Permission denied: '/proc/1000/io'; private commit and per-process swap I/O are unavailable; VmSwap reports allocation, not swap traffic; No documented hardware or OS energy counter is configured in WSL2; private commit and per-process swap I/O are unavailable; VmSwap reports allocation, not swap traffic; No documented hardware or OS energy counter is configured in WSL2",,,,,,,0.525854,0.078491,,,,,,,measured,controlled implementation pilot; not paper-final evidence,measurement,true
C2-CONTROLLED-SNARK,controlled-plonk-pilot-v1,5477ab05b549b750fa32dc9a1bc61898f74ebf21,b51fa1bd9bd3db00079057822b5f305afd048981c6fdee344634f6bd7c48b6bb,controlled_kernel,jellyfish-turboplonk-0.8.0-bn254-kzg,default,{},adapter_process_wall,64,1,wrong_public_input,true,3,114.012704,0.912271,113.603686,114.912485,113.376519,115.057907,60.000000,5.062500,435.000000,769,128,plonk_domain_rows,2,all-expected,,,"private commit and per-process swap I/O are unavailable; VmSwap reports allocation, not swap traffic; No documented hardware or OS energy counter is configured in WSL2",,,,,,,0.528152,0.079102,,,,,,,measured,controlled implementation pilot; not paper-final evidence,measurement,true
C2-CONTROLLED-SNARK,controlled-plonk-pilot-v1,5477ab05b549b750fa32dc9a1bc61898f74ebf21,b51fa1bd9bd3db00079057822b5f305afd048981c6fdee344634f6bd7c48b6bb,controlled_kernel,jellyfish-turboplonk-0.8.0-bn254-kzg,default,{},adapter_process_wall,64,2,,true,3,89.845570,1.554798,90.457152,90.947141,88.077974,91.001584,60.000000,5.117188,459.000000,769,128,plonk_domain_rows,2,all-expected,,,"Linux procfs read failed: [Errno 13] Permission denied: '/proc/1361/io'; private commit and per-process swap I/O are unavailable; VmSwap reports allocation, not swap traffic; No documented hardware or OS energy counter is configured in WSL2; Linux procfs read failed: [Errno 13] Permission denied: '/proc/996/io'; private commit and per-process swap I/O are unavailable; VmSwap reports allocation, not swap traffic; No documented hardware or OS energy counter is configured in WSL2; private commit and per-process swap I/O are unavailable; VmSwap reports allocation, not swap traffic; No documented hardware or OS energy counter is configured in WSL2",,,,,,,0.663297,0.079956,,,,,,,measured,controlled implementation pilot; not paper-final evidence,measurement,true
C2-CONTROLLED-SNARK,controlled-plonk-pilot-v1,5477ab05b549b750fa32dc9a1bc61898f74ebf21,b51fa1bd9bd3db00079057822b5f305afd048981c6fdee344634f6bd7c48b6bb,controlled_kernel,jellyfish-turboplonk-0.8.0-bn254-kzg,default,{},adapter_process_wall,64,4,,true,3,89.397329,3.554655,89.420269,92.588440,85.831260,92.940459,90.000000,5.156250,520.000000,769,128,plonk_domain_rows,2,all-expected,,,"private commit and per-process swap I/O are unavailable; VmSwap reports allocation, not swap traffic; No documented hardware or OS energy counter is configured in WSL2",,,,,,,1.006483,0.080566,,,,,,,measured,controlled implementation pilot; not paper-final evidence,measurement,true
C2-CONTROLLED-SNARK,controlled-plonk-pilot-v1,5477ab05b549b750fa32dc9a1bc61898f74ebf21,b51fa1bd9bd3db00079057822b5f305afd048981c6fdee344634f6bd7c48b6bb,controlled_kernel,jellyfish-turboplonk-0.8.0-bn254-kzg,default,{},adapter_process_wall,64,4,wrong_public_input,true,3,87.061533,0.647896,86.932772,87.681004,86.487686,87.764141,90.000000,5.265625,507.000000,769,128,plonk_domain_rows,2,all-expected,,,"private commit and per-process swap I/O are unavailable; VmSwap reports allocation, not swap traffic; No documented hardware or OS energy counter is configured in WSL2",,,,,,,1.035283,0.082275,,,,,,,measured,controlled implementation pilot; not paper-final evidence,measurement,true
C2-CONTROLLED-SNARK,controlled-plonk-pilot-v1,5477ab05b549b750fa32dc9a1bc61898f74ebf21,b51fa1bd9bd3db00079057822b5f305afd048981c6fdee344634f6bd7c48b6bb,controlled_kernel,jellyfish-turboplonk-0.8.0-bn254-kzg,default,{},adapter_process_wall,64,8,,true,3,107.055061,0.957284,107.269237,107.825328,106.008831,107.887116,190.000000,5.687500,635.000000,769,128,plonk_domain_rows,2,all-expected,,,"private commit and per-process swap I/O are unavailable; VmSwap reports allocation, not swap traffic; No documented hardware or OS energy counter is configured in WSL2",,,,,,,1.771244,0.088867,,,,,,,measured,controlled implementation pilot; not paper-final evidence,measurement,true
C2-CONTROLLED-SNARK,controlled-plonk-pilot-v1,5477ab05b549b750fa32dc9a1bc61898f74ebf21,b51fa1bd9bd3db00079057822b5f305afd048981c6fdee344634f6bd7c48b6bb,controlled_kernel,jellyfish-turboplonk-0.8.0-bn254-kzg,default,{},adapter_process_wall,64,8,wrong_public_input,true,3,108.692554,5.886313,110.816555,112.981526,102.039029,113.222078,170.000000,5.613281,626.000000,769,128,plonk_domain_rows,2,all-expected,,,"Linux procfs read failed: [Errno 13] Permission denied: '/proc/1423/io'; private commit and per-process swap I/O are unavailable; VmSwap reports allocation, not swap traffic; No documented hardware or OS energy counter is configured in WSL2; Linux procfs read failed: [Errno 2] No such file or directory: '/proc/1183/io'; private commit and per-process swap I/O are unavailable; VmSwap reports allocation, not swap traffic; No documented hardware or OS energy counter is configured in WSL2; private commit and per-process swap I/O are unavailable; VmSwap reports allocation, not swap traffic; No documented hardware or OS energy counter is configured in WSL2",,,,,,,1.534067,0.087708,,,,,,,measured,controlled implementation pilot; not paper-final evidence,measurement,true
C2-CONTROLLED-SNARK,controlled-plonk-pilot-v1,5477ab05b549b750fa32dc9a1bc61898f74ebf21,b51fa1bd9bd3db00079057822b5f305afd048981c6fdee344634f6bd7c48b6bb,controlled_kernel,jellyfish-turboplonk-0.8.0-bn254-kzg,default,{},adapter_process_wall,64,16,,true,3,144.019701,19.476786,154.533086,155.835882,121.545379,155.980637,520.000000,6.164062,769.000000,769,128,plonk_domain_rows,2,all-expected,,,"Linux procfs read failed: [Errno 13] Permission denied: '/proc/1365/io'; private commit and per-process swap I/O are unavailable; VmSwap reports allocation, not swap traffic; No documented hardware or OS energy counter is configured in WSL2; Linux procfs read failed: [Errno 13] Permission denied: '/proc/919/io'; private commit and per-process swap I/O are unavailable; VmSwap reports allocation, not swap traffic; No documented hardware or OS energy counter is configured in WSL2; private commit and per-process swap I/O are unavailable; VmSwap reports allocation, not swap traffic; No documented hardware or OS energy counter is configured in WSL2",,,,,,,3.364975,0.096313,,,,,,,measured,controlled implementation pilot; not paper-final evidence,measurement,true
C2-CONTROLLED-SNARK,controlled-plonk-pilot-v1,5477ab05b549b750fa32dc9a1bc61898f74ebf21,b51fa1bd9bd3db00079057822b5f305afd048981c6fdee344634f6bd7c48b6bb,controlled_kernel,jellyfish-turboplonk-0.8.0-bn254-kzg,default,{},adapter_process_wall,256,1,,true,3,226.236980,4.464651,224.457309,230.631035,222.936626,231.317005,170.000000,8.117188,2095.000000,769,512,plonk_domain_rows,2,all-expected,,,"Linux procfs read failed: [Errno 13] Permission denied: '/proc/1299/io'; private commit and per-process swap I/O are unavailable; VmSwap reports allocation, not swap traffic; No documented hardware or OS energy counter is configured in WSL2; private commit and per-process swap I/O are unavailable; VmSwap reports allocation, not swap traffic; No documented hardware or OS energy counter is configured in WSL2",,,,,,,0.757382,0.031708,,,,,,,measured,controlled implementation pilot; not paper-final evidence,measurement,true
C2-CONTROLLED-SNARK,controlled-plonk-pilot-v1,5477ab05b549b750fa32dc9a1bc61898f74ebf21,b51fa1bd9bd3db00079057822b5f305afd048981c6fdee344634f6bd7c48b6bb,controlled_kernel,jellyfish-turboplonk-0.8.0-bn254-kzg,default,{},adapter_process_wall,256,2,,true,3,145.660533,10.046862,149.945999,152.563242,134.181552,152.854047,180.000000,8.300781,2039.000000,769,512,plonk_domain_rows,2,all-expected,,,"Linux procfs read failed: [Errno 13] Permission denied: '/proc/1260/io'; private commit and per-process swap I/O are unavailable; VmSwap reports allocation, not swap traffic; No documented hardware or OS energy counter is configured in WSL2; private commit and per-process swap I/O are unavailable; VmSwap reports allocation, not swap traffic; No documented hardware or OS energy counter is configured in WSL2",,,,,,,1.200432,0.032425,,,,,,,measured,controlled implementation pilot; not paper-final evidence,measurement,true
C2-CONTROLLED-SNARK,controlled-plonk-pilot-v1,5477ab05b549b750fa32dc9a1bc61898f74ebf21,b51fa1bd9bd3db00079057822b5f305afd048981c6fdee344634f6bd7c48b6bb,controlled_kernel,jellyfish-turboplonk-0.8.0-bn254-kzg,default,{},adapter_process_wall,256,4,,true,3,124.711970,1.772768,125.153363,126.115441,122.760208,126.222338,210.000000,8.644531,1880.000000,769,512,plonk_domain_rows,2,all-expected,,,"private commit and per-process swap I/O are unavailable; VmSwap reports allocation, not swap traffic; No documented hardware or OS energy counter is configured in WSL2",,,,,,,1.677941,0.033768,,,,,,,measured,controlled implementation pilot; not paper-final evidence,measurement,true
C2-CONTROLLED-SNARK,controlled-plonk-pilot-v1,5477ab05b549b750fa32dc9a1bc61898f74ebf21,b51fa1bd9bd3db00079057822b5f305afd048981c6fdee344634f6bd7c48b6bb,controlled_kernel,jellyfish-turboplonk-0.8.0-bn254-kzg,default,{},adapter_process_wall,256,8,,true,3,141.549552,3.342827,142.133801,144.318946,137.953115,144.561740,360.000000,9.476562,1826.000000,769,512,plonk_domain_rows,2,all-expected,,,"Linux procfs read failed: [Errno 13] Permission denied: '/proc/1068/io'; private commit and per-process swap I/O are unavailable; VmSwap reports allocation, not swap traffic; No documented hardware or OS energy counter is configured in WSL2; Linux procfs read failed: [Errno 13] Permission denied: '/proc/1078/io'; private commit and per-process swap I/O are unavailable; VmSwap reports allocation, not swap traffic; No documented hardware or OS energy counter is configured in WSL2; private commit and per-process swap I/O are unavailable; VmSwap reports allocation, not swap traffic; No documented hardware or OS energy counter is configured in WSL2",,,,,,,2.532825,0.037018,,,,,,,measured,controlled implementation pilot; not paper-final evidence,measurement,true
C2-CONTROLLED-SNARK,controlled-plonk-pilot-v1,5477ab05b549b750fa32dc9a1bc61898f74ebf21,b51fa1bd9bd3db00079057822b5f305afd048981c6fdee344634f6bd7c48b6bb,controlled_kernel,jellyfish-turboplonk-0.8.0-bn254-kzg,default,{},adapter_process_wall,256,16,,true,3,232.290839,21.860386,242.075360,247.002404,207.247305,247.549853,1040.000000,10.441406,2068.000000,769,512,plonk_domain_rows,2,all-expected,,,"Linux procfs read failed: [Errno 13] Permission denied: '/proc/1138/io'; private commit and per-process swap I/O are unavailable; VmSwap reports allocation, not swap traffic; No documented hardware or OS energy counter is configured in WSL2; private commit and per-process swap I/O are unavailable; VmSwap reports allocation, not swap traffic; No documented hardware or OS energy counter is configured in WSL2",,,,,,,4.296183,0.040787,,,,,,,measured,controlled implementation pilot; not paper-final evidence,measurement,true
C2-CONTROLLED-SNARK,controlled-plonk-pilot-v1,5477ab05b549b750fa32dc9a1bc61898f74ebf21,b51fa1bd9bd3db00079057822b5f305afd048981c6fdee344634f6bd7c48b6bb,controlled_kernel,jellyfish-turboplonk-0.8.0-bn254-kzg,default,{},adapter_process_wall,1024,1,,true,3,611.242991,7.257386,614.101084,616.382685,602.991692,616.636196,560.000000,20.871094,8863.000000,769,2048,plonk_domain_rows,2,all-expected,,,"private commit and per-process swap I/O are unavailable; VmSwap reports allocation, not swap traffic; No documented hardware or OS energy counter is configured in WSL2",,,,,,,0.911902,0.020382,,,,,,,measured,controlled implementation pilot; not paper-final evidence,measurement,true
C2-CONTROLLED-SNARK,controlled-plonk-pilot-v1,5477ab05b549b750fa32dc9a1bc61898f74ebf21,b51fa1bd9bd3db00079057822b5f305afd048981c6fdee344634f6bd7c48b6bb,controlled_kernel,jellyfish-turboplonk-0.8.0-bn254-kzg,default,{},adapter_process_wall,1024,1,wrong_public_input,true,3,617.972093,2.949893,617.620977,620.735745,615.213471,621.081830,560.000000,20.929688,8857.000000,769,2048,plonk_domain_rows,2,all-expected,,,"Linux procfs read failed: [Errno 13] Permission denied: '/proc/1286/io'; private commit and per-process swap I/O are unavailable; VmSwap reports allocation, not swap traffic; No documented hardware or OS energy counter is configured in WSL2; private commit and per-process swap I/O are unavailable; VmSwap reports allocation, not swap traffic; No documented hardware or OS energy counter is configured in WSL2",,,,,,,0.906705,0.020439,,,,,,,measured,controlled implementation pilot; not paper-final evidence,measurement,true
C2-CONTROLLED-SNARK,controlled-plonk-pilot-v1,5477ab05b549b750fa32dc9a1bc61898f74ebf21,b51fa1bd9bd3db00079057822b5f305afd048981c6fdee344634f6bd7c48b6bb,controlled_kernel,jellyfish-turboplonk-0.8.0-bn254-kzg,default,{},adapter_process_wall,1024,2,,true,3,364.688122,4.207748,366.570849,367.520268,359.867758,367.625759,580.000000,21.015625,8601.000000,769,2048,plonk_domain_rows,2,all-expected,,,"Linux procfs read failed: [Errno 13] Permission denied: '/proc/1246/io'; private commit and per-process swap I/O are unavailable; VmSwap reports allocation, not swap traffic; No documented hardware or OS energy counter is configured in WSL2; Linux procfs read failed: [Errno 13] Permission denied: '/proc/1407/io'; private commit and per-process swap I/O are unavailable; VmSwap reports allocation, not swap traffic; No documented hardware or OS energy counter is configured in WSL2; private commit and per-process swap I/O are unavailable; VmSwap reports allocation, not swap traffic; No documented hardware or OS energy counter is configured in WSL2",,,,,,,1.582232,0.020523,,,,,,,measured,controlled implementation pilot; not paper-final evidence,measurement,true
C2-CONTROLLED-SNARK,controlled-plonk-pilot-v1,5477ab05b549b750fa32dc9a1bc61898f74ebf21,b51fa1bd9bd3db00079057822b5f305afd048981c6fdee344634f6bd7c48b6bb,controlled_kernel,jellyfish-turboplonk-0.8.0-bn254-kzg,default,{},adapter_process_wall,1024,4,,true,3,253.924783,7.408268,254.958505,260.181561,246.053943,260.761900,650.000000,22.574219,7505.000000,769,2048,plonk_domain_rows,2,all-expected,,,"Linux procfs read failed: [Errno 13] Permission denied: '/proc/1316/io'; private commit and per-process swap I/O are unavailable; VmSwap reports allocation, not swap traffic; No documented hardware or OS energy counter is configured in WSL2; Linux procfs read failed: [Errno 13] Permission denied: '/proc/1417/io'; private commit and per-process swap I/O are unavailable; VmSwap reports allocation, not swap traffic; No documented hardware or OS energy counter is configured in WSL2; private commit and per-process swap I/O are unavailable; VmSwap reports allocation, not swap traffic; No documented hardware or OS energy counter is configured in WSL2",,,,,,,2.549434,0.022045,,,,,,,measured,controlled implementation pilot; not paper-final evidence,measurement,true
C2-CONTROLLED-SNARK,controlled-plonk-pilot-v1,5477ab05b549b750fa32dc9a1bc61898f74ebf21,b51fa1bd9bd3db00079057822b5f305afd048981c6fdee344634f6bd7c48b6bb,controlled_kernel,jellyfish-turboplonk-0.8.0-bn254-kzg,default,{},adapter_process_wall,1024,4,wrong_public_input,true,3,248.534176,1.294526,248.540291,249.697100,247.236603,249.825634,650.000000,22.484375,7092.000000,769,2048,plonk_domain_rows,2,all-expected,,,"Linux procfs read failed: [Errno 13] Permission denied: '/proc/1062/io'; private commit and per-process swap I/O are unavailable; VmSwap reports allocation, not swap traffic; No documented hardware or OS energy counter is configured in WSL2; Linux procfs read failed: [Errno 13] Permission denied: '/proc/792/io'; private commit and per-process swap I/O are unavailable; VmSwap reports allocation, not swap traffic; No documented hardware or OS energy counter is configured in WSL2; private commit and per-process swap I/O are unavailable; VmSwap reports allocation, not swap traffic; No documented hardware or OS energy counter is configured in WSL2",,,,,,,2.615270,0.021957,,,,,,,measured,controlled implementation pilot; not paper-final evidence,measurement,true
C2-CONTROLLED-SNARK,controlled-plonk-pilot-v1,5477ab05b549b750fa32dc9a1bc61898f74ebf21,b51fa1bd9bd3db00079057822b5f305afd048981c6fdee344634f6bd7c48b6bb,controlled_kernel,jellyfish-turboplonk-0.8.0-bn254-kzg,default,{},adapter_process_wall,1024,8,,true,3,235.136775,14.903399,237.388797,247.646281,219.235528,248.786001,910.000000,25.851562,7033.000000,769,2048,plonk_domain_rows,2,all-expected,,,"Linux procfs read failed: [Errno 13] Permission denied: '/proc/951/io'; private commit and per-process swap I/O are unavailable; VmSwap reports allocation, not swap traffic; No documented hardware or OS energy counter is configured in WSL2; private commit and per-process swap I/O are unavailable; VmSwap reports allocation, not swap traffic; No documented hardware or OS energy counter is configured in WSL2",,,,,,,3.833374,0.025246,,,,,,,measured,controlled implementation pilot; not paper-final evidence,measurement,true
C2-CONTROLLED-SNARK,controlled-plonk-pilot-v1,5477ab05b549b750fa32dc9a1bc61898f74ebf21,b51fa1bd9bd3db00079057822b5f305afd048981c6fdee344634f6bd7c48b6bb,controlled_kernel,jellyfish-turboplonk-0.8.0-bn254-kzg,default,{},adapter_process_wall,1024,8,wrong_public_input,true,3,224.838099,1.376861,225.200589,225.917763,223.316258,225.997449,860.000000,25.386719,7017.000000,769,2048,plonk_domain_rows,2,all-expected,,,"Linux procfs read failed: [Errno 13] Permission denied: '/proc/1236/io'; private commit and per-process swap I/O are unavailable; VmSwap reports allocation, not swap traffic; No documented hardware or OS energy counter is configured in WSL2; Linux procfs read failed: [Errno 13] Permission denied: '/proc/986/io'; private commit and per-process swap I/O are unavailable; VmSwap reports allocation, not swap traffic; No documented hardware or OS energy counter is configured in WSL2; private commit and per-process swap I/O are unavailable; VmSwap reports allocation, not swap traffic; No documented hardware or OS energy counter is configured in WSL2",,,,,,,3.818818,0.024792,,,,,,,measured,controlled implementation pilot; not paper-final evidence,measurement,true
C2-CONTROLLED-SNARK,controlled-plonk-pilot-v1,5477ab05b549b750fa32dc9a1bc61898f74ebf21,b51fa1bd9bd3db00079057822b5f305afd048981c6fdee344634f6bd7c48b6bb,controlled_kernel,jellyfish-turboplonk-0.8.0-bn254-kzg,default,{},adapter_process_wall,1024,16,,true,3,319.577874,53.411930,320.789933,367.215107,265.570230,372.373460,1840.000000,27.363281,7473.000000,769,2048,plonk_domain_rows,2,all-expected,,,"Linux procfs read failed: [Errno 13] Permission denied: '/proc/1389/io'; private commit and per-process swap I/O are unavailable; VmSwap reports allocation, not swap traffic; No documented hardware or OS energy counter is configured in WSL2; private commit and per-process swap I/O are unavailable; VmSwap reports allocation, not swap traffic; No documented hardware or OS energy counter is configured in WSL2",,,,,,,5.735841,0.026722,,,,,,,measured,controlled implementation pilot; not paper-final evidence,measurement,true
C2-CONTROLLED-SNARK,controlled-plonk-pilot-v1,5477ab05b549b750fa32dc9a1bc61898f74ebf21,b51fa1bd9bd3db00079057822b5f305afd048981c6fdee344634f6bd7c48b6bb,controlled_kernel,jellyfish-turboplonk-0.8.0-bn254-kzg,default,{},adapter_process_wall,4096,1,,true,3,2024.723374,12.388204,2023.874772,2036.150133,2012.781289,2037.514062,1970.000000,71.484375,34138.000000,769,8192,plonk_domain_rows,2,all-expected,,,"Linux procfs read failed: [Errno 2] No such file or directory: '/proc/798/status'; private commit and per-process swap I/O are unavailable; VmSwap reports allocation, not swap traffic; No documented hardware or OS energy counter is configured in WSL2; private commit and per-process swap I/O are unavailable; VmSwap reports allocation, not swap traffic; No documented hardware or OS energy counter is configured in WSL2",,,,,,,0.973380,0.017452,,,,,,,measured,controlled implementation pilot; not paper-final evidence,measurement,true
C2-CONTROLLED-SNARK,controlled-plonk-pilot-v1,5477ab05b549b750fa32dc9a1bc61898f74ebf21,b51fa1bd9bd3db00079057822b5f305afd048981c6fdee344634f6bd7c48b6bb,controlled_kernel,jellyfish-turboplonk-0.8.0-bn254-kzg,default,{},adapter_process_wall,4096,1,wrong_public_input,true,3,2023.344098,12.850164,2022.691667,2035.126411,2010.832578,2036.508049,1970.000000,71.503906,34132.000000,769,8192,plonk_domain_rows,2,all-expected,,,"Linux procfs read failed: [Errno 13] Permission denied: '/proc/1180/io'; private commit and per-process swap I/O are unavailable; VmSwap reports allocation, not swap traffic; No documented hardware or OS energy counter is configured in WSL2; Linux procfs read failed: [Errno 13] Permission denied: '/proc/1280/io'; private commit and per-process swap I/O are unavailable; VmSwap reports allocation, not swap traffic; No documented hardware or OS energy counter is configured in WSL2; private commit and per-process swap I/O are unavailable; VmSwap reports allocation, not swap traffic; No documented hardware or OS energy counter is configured in WSL2",,,,,,,0.973950,0.017457,,,,,,,measured,controlled implementation pilot; not paper-final evidence,measurement,true
C2-CONTROLLED-SNARK,controlled-plonk-pilot-v1,5477ab05b549b750fa32dc9a1bc61898f74ebf21,b51fa1bd9bd3db00079057822b5f305afd048981c6fdee344634f6bd7c48b6bb,controlled_kernel,jellyfish-turboplonk-0.8.0-bn254-kzg,default,{},adapter_process_wall,4096,2,,true,3,1099.791058,1.923670,1098.776996,1101.686339,1098.586579,1102.009599,2000.000000,73.000000,33367.000000,769,8192,plonk_domain_rows,2,all-expected,,,"Linux procfs read failed: [Errno 13] Permission denied: '/proc/1302/io'; private commit and per-process swap I/O are unavailable; VmSwap reports allocation, not swap traffic; No documented hardware or OS energy counter is configured in WSL2; Linux procfs read failed: [Errno 13] Permission denied: '/proc/979/io'; private commit and per-process swap I/O are unavailable; VmSwap reports allocation, not swap traffic; No documented hardware or OS energy counter is configured in WSL2; private commit and per-process swap I/O are unavailable; VmSwap reports allocation, not swap traffic; No documented hardware or OS energy counter is configured in WSL2",,,,,,,1.820206,0.017822,,,,,,,measured,controlled implementation pilot; not paper-final evidence,measurement,true
C2-CONTROLLED-SNARK,controlled-plonk-pilot-v1,5477ab05b549b750fa32dc9a1bc61898f74ebf21,b51fa1bd9bd3db00079057822b5f305afd048981c6fdee344634f6bd7c48b6bb,controlled_kernel,jellyfish-turboplonk-0.8.0-bn254-kzg,default,{},adapter_process_wall,4096,4,,true,3,668.489854,11.939782,670.816955,678.266990,655.557836,679.094772,2170.000000,78.308594,25785.000000,769,8192,plonk_domain_rows,2,all-expected,,,"Linux procfs read failed: [Errno 13] Permission denied: '/proc/1162/io'; private commit and per-process swap I/O are unavailable; VmSwap reports allocation, not swap traffic; No documented hardware or OS energy counter is configured in WSL2; Linux procfs read failed: [Errno 13] Permission denied: '/proc/1212/io'; private commit and per-process swap I/O are unavailable; VmSwap reports allocation, not swap traffic; No documented hardware or OS energy counter is configured in WSL2; private commit and per-process swap I/O are unavailable; VmSwap reports allocation, not swap traffic; No documented hardware or OS energy counter is configured in WSL2",,,,,,,3.234862,0.019118,,,,,,,measured,controlled implementation pilot; not paper-final evidence,measurement,true
C2-CONTROLLED-SNARK,controlled-plonk-pilot-v1,5477ab05b549b750fa32dc9a1bc61898f74ebf21,b51fa1bd9bd3db00079057822b5f305afd048981c6fdee344634f6bd7c48b6bb,controlled_kernel,jellyfish-turboplonk-0.8.0-bn254-kzg,default,{},adapter_process_wall,4096,4,wrong_public_input,true,3,679.952407,15.004138,672.802551,694.755056,669.860447,697.194223,2150.000000,76.441406,30634.000000,769,8192,plonk_domain_rows,2,all-expected,,,"Linux procfs read failed: [Errno 13] Permission denied: '/proc/1349/io'; private commit and per-process swap I/O are unavailable; VmSwap reports allocation, not swap traffic; No documented hardware or OS energy counter is configured in WSL2; Linux procfs read failed: [Errno 13] Permission denied: '/proc/1383/io'; private commit and per-process swap I/O are unavailable; VmSwap reports allocation, not swap traffic; No documented hardware or OS energy counter is configured in WSL2; private commit and per-process swap I/O are unavailable; VmSwap reports allocation, not swap traffic; No documented hardware or OS energy counter is configured in WSL2",,,,,,,3.195588,0.018662,,,,,,,measured,controlled implementation pilot; not paper-final evidence,measurement,true
C2-CONTROLLED-SNARK,controlled-plonk-pilot-v1,5477ab05b549b750fa32dc9a1bc61898f74ebf21,b51fa1bd9bd3db00079057822b5f305afd048981c6fdee344634f6bd7c48b6bb,controlled_kernel,jellyfish-turboplonk-0.8.0-bn254-kzg,default,{},adapter_process_wall,4096,8,,true,3,516.917470,3.217215,515.547511,520.088375,514.611984,520.592915,2660.000000,90.382812,26003.000000,769,8192,plonk_domain_rows,2,all-expected,,,"Linux procfs read failed: [Errno 13] Permission denied: '/proc/1088/io'; private commit and per-process swap I/O are unavailable; VmSwap reports allocation, not swap traffic; No documented hardware or OS energy counter is configured in WSL2; Linux procfs read failed: [Errno 13] Permission denied: '/proc/1264/io'; private commit and per-process swap I/O are unavailable; VmSwap reports allocation, not swap traffic; No documented hardware or OS energy counter is configured in WSL2; Linux procfs read failed: [Errno 13] Permission denied: '/proc/767/io'; private commit and per-process swap I/O are unavailable; VmSwap reports allocation, not swap traffic; No documented hardware or OS energy counter is configured in WSL2",,,,,,,5.159563,0.022066,,,,,,,measured,controlled implementation pilot; not paper-final evidence,measurement,true
C2-CONTROLLED-SNARK,controlled-plonk-pilot-v1,5477ab05b549b750fa32dc9a1bc61898f74ebf21,b51fa1bd9bd3db00079057822b5f305afd048981c6fdee344634f6bd7c48b6bb,controlled_kernel,jellyfish-turboplonk-0.8.0-bn254-kzg,default,{},adapter_process_wall,4096,8,wrong_public_input,true,3,514.250763,10.613785,510.171341,524.686260,506.281920,526.299029,2670.000000,86.750000,24473.000000,769,8192,plonk_domain_rows,2,all-expected,,,"Linux procfs read failed: [Errno 13] Permission denied: '/proc/1052/io'; private commit and per-process swap I/O are unavailable; VmSwap reports allocation, not swap traffic; No documented hardware or OS energy counter is configured in WSL2; Linux procfs read failed: [Errno 13] Permission denied: '/proc/1306/io'; private commit and per-process swap I/O are unavailable; VmSwap reports allocation, not swap traffic; No documented hardware or OS energy counter is configured in WSL2; Linux procfs read failed: [Errno 13] Permission denied: '/proc/837/io'; private commit and per-process swap I/O are unavailable; VmSwap reports allocation, not swap traffic; No documented hardware or OS energy counter is configured in WSL2",,,,,,,5.233536,0.021179,,,,,,,measured,controlled implementation pilot; not paper-final evidence,measurement,true
C2-CONTROLLED-SNARK,controlled-plonk-pilot-v1,5477ab05b549b750fa32dc9a1bc61898f74ebf21,b51fa1bd9bd3db00079057822b5f305afd048981c6fdee344634f6bd7c48b6bb,controlled_kernel,jellyfish-turboplonk-0.8.0-bn254-kzg,default,{},adapter_process_wall,4096,16,,true,3,619.373915,92.221752,566.469356,709.922466,565.790688,725.861700,4500.000000,93.773438,26532.000000,769,8192,plonk_domain_rows,2,all-expected,,,"Linux procfs read failed: [Errno 13] Permission denied: '/proc/1015/io'; private commit and per-process swap I/O are unavailable; VmSwap reports allocation, not swap traffic; No documented hardware or OS energy counter is configured in WSL2; Linux procfs read failed: [Errno 13] Permission denied: '/proc/1325/io'; private commit and per-process swap I/O are unavailable; VmSwap reports allocation, not swap traffic; No documented hardware or OS energy counter is configured in WSL2; Linux procfs read failed: [Errno 13] Permission denied: '/proc/819/io'; private commit and per-process swap I/O are unavailable; VmSwap reports allocation, not swap traffic; No documented hardware or OS energy counter is configured in WSL2",,,,,,,7.943943,0.022894,,,,,,,measured,controlled implementation pilot; not paper-final evidence,measurement,true
C2-CONTROLLED-SNARK,controlled-plonk-pilot-v1,5477ab05b549b750fa32dc9a1bc61898f74ebf21,b51fa1bd9bd3db00079057822b5f305afd048981c6fdee344634f6bd7c48b6bb,controlled_kernel,jellyfish-turboplonk-0.8.0-bn254-kzg,default,{},commitment,64,1,,false,,,,,,,,,,,,,,,not-applicable,,,Jellyfish exposes no stable per-proof hook for this phase,,,,,,,,,,,,,,,measured,controlled implementation pilot; not paper-final evidence,measurement,true
C2-CONTROLLED-SNARK,controlled-plonk-pilot-v1,5477ab05b549b750fa32dc9a1bc61898f74ebf21,b51fa1bd9bd3db00079057822b5f305afd048981c6fdee344634f6bd7c48b6bb,controlled_kernel,jellyfish-turboplonk-0.8.0-bn254-kzg,default,{},commitment,64,1,wrong_public_input,false,,,,,,,,,,,,,,,not-applicable,,,Jellyfish exposes no stable per-proof hook for this phase,,,,,,,,,,,,,,,measured,controlled implementation pilot; not paper-final evidence,measurement,true
C2-CONTROLLED-SNARK,controlled-plonk-pilot-v1,5477ab05b549b750fa32dc9a1bc61898f74ebf21,b51fa1bd9bd3db00079057822b5f305afd048981c6fdee344634f6bd7c48b6bb,controlled_kernel,jellyfish-turboplonk-0.8.0-bn254-kzg,default,{},commitment,64,2,,false,,,,,,,,,,,,,,,not-applicable,,,Jellyfish exposes no stable per-proof hook for this phase,,,,,,,,,,,,,,,measured,controlled implementation pilot; not paper-final evidence,measurement,true
C2-CONTROLLED-SNARK,controlled-plonk-pilot-v1,5477ab05b549b750fa32dc9a1bc61898f74ebf21,b51fa1bd9bd3db00079057822b5f305afd048981c6fdee344634f6bd7c48b6bb,controlled_kernel,jellyfish-turboplonk-0.8.0-bn254-kzg,default,{},commitment,64,4,,false,,,,,,,,,,,,,,,not-applicable,,,Jellyfish exposes no stable per-proof hook for this phase,,,,,,,,,,,,,,,measured,controlled implementation pilot; not paper-final evidence,measurement,true
C2-CONTROLLED-SNARK,controlled-plonk-pilot-v1,5477ab05b549b750fa32dc9a1bc61898f74ebf21,b51fa1bd9bd3db00079057822b5f305afd048981c6fdee344634f6bd7c48b6bb,controlled_kernel,jellyfish-turboplonk-0.8.0-bn254-kzg,default,{},commitment,64,4,wrong_public_input,false,,,,,,,,,,,,,,,not-applicable,,,Jellyfish exposes no stable per-proof hook for this phase,,,,,,,,,,,,,,,measured,controlled implementation pilot; not paper-final evidence,measurement,true
C2-CONTROLLED-SNARK,controlled-plonk-pilot-v1,5477ab05b549b750fa32dc9a1bc61898f74ebf21,b51fa1bd9bd3db00079057822b5f305afd048981c6fdee344634f6bd7c48b6bb,controlled_kernel,jellyfish-turboplonk-0.8.0-bn254-kzg,default,{},commitment,64,8,,false,,,,,,,,,,,,,,,not-applicable,,,Jellyfish exposes no stable per-proof hook for this phase,,,,,,,,,,,,,,,measured,controlled implementation pilot; not paper-final evidence,measurement,true
C2-CONTROLLED-SNARK,controlled-plonk-pilot-v1,5477ab05b549b750fa32dc9a1bc61898f74ebf21,b51fa1bd9bd3db00079057822b5f305afd048981c6fdee344634f6bd7c48b6bb,controlled_kernel,jellyfish-turboplonk-0.8.0-bn254-kzg,default,{},commitment,64,8,wrong_public_input,false,,,,,,,,,,,,,,,not-applicable,,,Jellyfish exposes no stable per-proof hook for this phase,,,,,,,,,,,,,,,measured,controlled implementation pilot; not paper-final evidence,measurement,true
C2-CONTROLLED-SNARK,controlled-plonk-pilot-v1,5477ab05b549b750fa32dc9a1bc61898f74ebf21,b51fa1bd9bd3db00079057822b5f305afd048981c6fdee344634f6bd7c48b6bb,controlled_kernel,jellyfish-turboplonk-0.8.0-bn254-kzg,default,{},commitment,64,16,,false,,,,,,,,,,,,,,,not-applicable,,,Jellyfish exposes no stable per-proof hook for this phase,,,,,,,,,,,,,,,measured,controlled implementation pilot; not paper-final evidence,measurement,true
C2-CONTROLLED-SNARK,controlled-plonk-pilot-v1,5477ab05b549b750fa32dc9a1bc61898f74ebf21,b51fa1bd9bd3db00079057822b5f305afd048981c6fdee344634f6bd7c48b6bb,controlled_kernel,jellyfish-turboplonk-0.8.0-bn254-kzg,default,{},commitment,256,1,,false,,,,,,,,,,,,,,,not-applicable,,,Jellyfish exposes no stable per-proof hook for this phase,,,,,,,,,,,,,,,measured,controlled implementation pilot; not paper-final evidence,measurement,true
C2-CONTROLLED-SNARK,controlled-plonk-pilot-v1,5477ab05b549b750fa32dc9a1bc61898f74ebf21,b51fa1bd9bd3db00079057822b5f305afd048981c6fdee344634f6bd7c48b6bb,controlled_kernel,jellyfish-turboplonk-0.8.0-bn254-kzg,default,{},commitment,256,2,,false,,,,,,,,,,,,,,,not-applicable,,,Jellyfish exposes no stable per-proof hook for this phase,,,,,,,,,,,,,,,measured,controlled implementation pilot; not paper-final evidence,measurement,true
C2-CONTROLLED-SNARK,controlled-plonk-pilot-v1,5477ab05b549b750fa32dc9a1bc61898f74ebf21,b51fa1bd9bd3db00079057822b5f305afd048981c6fdee344634f6bd7c48b6bb,controlled_kernel,jellyfish-turboplonk-0.8.0-bn254-kzg,default,{},commitment,256,4,,false,,,,,,,,,,,,,,,not-applicable,,,Jellyfish exposes no stable per-proof hook for this phase,,,,,,,,,,,,,,,measured,controlled implementation pilot; not paper-final evidence,measurement,true
C2-CONTROLLED-SNARK,controlled-plonk-pilot-v1,5477ab05b549b750fa32dc9a1bc61898f74ebf21,b51fa1bd9bd3db00079057822b5f305afd048981c6fdee344634f6bd7c48b6bb,controlled_kernel,jellyfish-turboplonk-0.8.0-bn254-kzg,default,{},commitment,256,8,,false,,,,,,,,,,,,,,,not-applicable,,,Jellyfish exposes no stable per-proof hook for this phase,,,,,,,,,,,,,,,measured,controlled implementation pilot; not paper-final evidence,measurement,true
C2-CONTROLLED-SNARK,controlled-plonk-pilot-v1,5477ab05b549b750fa32dc9a1bc61898f74ebf21,b51fa1bd9bd3db00079057822b5f305afd048981c6fdee344634f6bd7c48b6bb,controlled_kernel,jellyfish-turboplonk-0.8.0-bn254-kzg,default,{},commitment,256,16,,false,,,,,,,,,,,,,,,not-applicable,,,Jellyfish exposes no stable per-proof hook for this phase,,,,,,,,,,,,,,,measured,controlled implementation pilot; not paper-final evidence,measurement,true
C2-CONTROLLED-SNARK,controlled-plonk-pilot-v1,5477ab05b549b750fa32dc9a1bc61898f74ebf21,b51fa1bd9bd3db00079057822b5f305afd048981c6fdee344634f6bd7c48b6bb,controlled_kernel,jellyfish-turboplonk-0.8.0-bn254-kzg,default,{},commitment,1024,1,,false,,,,,,,,,,,,,,,not-applicable,,,Jellyfish exposes no stable per-proof hook for this phase,,,,,,,,,,,,,,,measured,controlled implementation pilot; not paper-final evidence,measurement,true
C2-CONTROLLED-SNARK,controlled-plonk-pilot-v1,5477ab05b549b750fa32dc9a1bc61898f74ebf21,b51fa1bd9bd3db00079057822b5f305afd048981c6fdee344634f6bd7c48b6bb,controlled_kernel,jellyfish-turboplonk-0.8.0-bn254-kzg,default,{},commitment,1024,1,wrong_public_input,false,,,,,,,,,,,,,,,not-applicable,,,Jellyfish exposes no stable per-proof hook for this phase,,,,,,,,,,,,,,,measured,controlled implementation pilot; not paper-final evidence,measurement,true
C2-CONTROLLED-SNARK,controlled-plonk-pilot-v1,5477ab05b549b750fa32dc9a1bc61898f74ebf21,b51fa1bd9bd3db00079057822b5f305afd048981c6fdee344634f6bd7c48b6bb,controlled_kernel,jellyfish-turboplonk-0.8.0-bn254-kzg,default,{},commitment,1024,2,,false,,,,,,,,,,,,,,,not-applicable,,,Jellyfish exposes no stable per-proof hook for this phase,,,,,,,,,,,,,,,measured,controlled implementation pilot; not paper-final evidence,measurement,true
C2-CONTROLLED-SNARK,controlled-plonk-pilot-v1,5477ab05b549b750fa32dc9a1bc61898f74ebf21,b51fa1bd9bd3db00079057822b5f305afd048981c6fdee344634f6bd7c48b6bb,controlled_kernel,jellyfish-turboplonk-0.8.0-bn254-kzg,default,{},commitment,1024,4,,false,,,,,,,,,,,,,,,not-applicable,,,Jellyfish exposes no stable per-proof hook for this phase,,,,,,,,,,,,,,,measured,controlled implementation pilot; not paper-final evidence,measurement,true
C2-CONTROLLED-SNARK,controlled-plonk-pilot-v1,5477ab05b549b750fa32dc9a1bc61898f74ebf21,b51fa1bd9bd3db00079057822b5f305afd048981c6fdee344634f6bd7c48b6bb,controlled_kernel,jellyfish-turboplonk-0.8.0-bn254-kzg,default,{},commitment,1024,4,wrong_public_input,false,,,,,,,,,,,,,,,not-applicable,,,Jellyfish exposes no stable per-proof hook for this phase,,,,,,,,,,,,,,,measured,controlled implementation pilot; not paper-final evidence,measurement,true
C2-CONTROLLED-SNARK,controlled-plonk-pilot-v1,5477ab05b549b750fa32dc9a1bc61898f74ebf21,b51fa1bd9bd3db00079057822b5f305afd048981c6fdee344634f6bd7c48b6bb,controlled_kernel,jellyfish-turboplonk-0.8.0-bn254-kzg,default,{},commitment,1024,8,,false,,,,,,,,,,,,,,,not-applicable,,,Jellyfish exposes no stable per-proof hook for this phase,,,,,,,,,,,,,,,measured,controlled implementation pilot; not paper-final evidence,measurement,true
C2-CONTROLLED-SNARK,controlled-plonk-pilot-v1,5477ab05b549b750fa32dc9a1bc61898f74ebf21,b51fa1bd9bd3db00079057822b5f305afd048981c6fdee344634f6bd7c48b6bb,controlled_kernel,jellyfish-turboplonk-0.8.0-bn254-kzg,default,{},commitment,1024,8,wrong_public_input,false,,,,,,,,,,,,,,,not-applicable,,,Jellyfish exposes no stable per-proof hook for this phase,,,,,,,,,,,,,,,measured,controlled implementation pilot; not paper-final evidence,measurement,true
C2-CONTROLLED-SNARK,controlled-plonk-pilot-v1,5477ab05b549b750fa32dc9a1bc61898f74ebf21,b51fa1bd9bd3db00079057822b5f305afd048981c6fdee344634f6bd7c48b6bb,controlled_kernel,jellyfish-turboplonk-0.8.0-bn254-kzg,default,{},commitment,1024,16,,false,,,,,,,,,,,,,,,not-applicable,,,Jellyfish exposes no stable per-proof hook for this phase,,,,,,,,,,,,,,,measured,controlled implementation pilot; not paper-final evidence,measurement,true
C2-CONTROLLED-SNARK,controlled-plonk-pilot-v1,5477ab05b549b750fa32dc9a1bc61898f74ebf21,b51fa1bd9bd3db00079057822b5f305afd048981c6fdee344634f6bd7c48b6bb,controlled_kernel,jellyfish-turboplonk-0.8.0-bn254-kzg,default,{},commitment,4096,1,,false,,,,,,,,,,,,,,,not-applicable,,,Jellyfish exposes no stable per-proof hook for this phase,,,,,,,,,,,,,,,measured,controlled implementation pilot; not paper-final evidence,measurement,true
C2-CONTROLLED-SNARK,controlled-plonk-pilot-v1,5477ab05b549b750fa32dc9a1bc61898f74ebf21,b51fa1bd9bd3db00079057822b5f305afd048981c6fdee344634f6bd7c48b6bb,controlled_kernel,jellyfish-turboplonk-0.8.0-bn254-kzg,default,{},commitment,4096,1,wrong_public_input,false,,,,,,,,,,,,,,,not-applicable,,,Jellyfish exposes no stable per-proof hook for this phase,,,,,,,,,,,,,,,measured,controlled implementation pilot; not paper-final evidence,measurement,true
C2-CONTROLLED-SNARK,controlled-plonk-pilot-v1,5477ab05b549b750fa32dc9a1bc61898f74ebf21,b51fa1bd9bd3db00079057822b5f305afd048981c6fdee344634f6bd7c48b6bb,controlled_kernel,jellyfish-turboplonk-0.8.0-bn254-kzg,default,{},commitment,4096,2,,false,,,,,,,,,,,,,,,not-applicable,,,Jellyfish exposes no stable per-proof hook for this phase,,,,,,,,,,,,,,,measured,controlled implementation pilot; not paper-final evidence,measurement,true
C2-CONTROLLED-SNARK,controlled-plonk-pilot-v1,5477ab05b549b750fa32dc9a1bc61898f74ebf21,b51fa1bd9bd3db00079057822b5f305afd048981c6fdee344634f6bd7c48b6bb,controlled_kernel,jellyfish-turboplonk-0.8.0-bn254-kzg,default,{},commitment,4096,4,,false,,,,,,,,,,,,,,,not-applicable,,,Jellyfish exposes no stable per-proof hook for this phase,,,,,,,,,,,,,,,measured,controlled implementation pilot; not paper-final evidence,measurement,true
C2-CONTROLLED-SNARK,controlled-plonk-pilot-v1,5477ab05b549b750fa32dc9a1bc61898f74ebf21,b51fa1bd9bd3db00079057822b5f305afd048981c6fdee344634f6bd7c48b6bb,controlled_kernel,jellyfish-turboplonk-0.8.0-bn254-kzg,default,{},commitment,4096,4,wrong_public_input,false,,,,,,,,,,,,,,,not-applicable,,,Jellyfish exposes no stable per-proof hook for this phase,,,,,,,,,,,,,,,measured,controlled implementation pilot; not paper-final evidence,measurement,true
C2-CONTROLLED-SNARK,controlled-plonk-pilot-v1,5477ab05b549b750fa32dc9a1bc61898f74ebf21,b51fa1bd9bd3db00079057822b5f305afd048981c6fdee344634f6bd7c48b6bb,controlled_kernel,jellyfish-turboplonk-0.8.0-bn254-kzg,default,{},commitment,4096,8,,false,,,,,,,,,,,,,,,not-applicable,,,Jellyfish exposes no stable per-proof hook for this phase,,,,,,,,,,,,,,,measured,controlled implementation pilot; not paper-final evidence,measurement,true
C2-CONTROLLED-SNARK,controlled-plonk-pilot-v1,5477ab05b549b750fa32dc9a1bc61898f74ebf21,b51fa1bd9bd3db00079057822b5f305afd048981c6fdee344634f6bd7c48b6bb,controlled_kernel,jellyfish-turboplonk-0.8.0-bn254-kzg,default,{},commitment,4096,8,wrong_public_input,false,,,,,,,,,,,,,,,not-applicable,,,Jellyfish exposes no stable per-proof hook for this phase,,,,,,,,,,,,,,,measured,controlled implementation pilot; not paper-final evidence,measurement,true
C2-CONTROLLED-SNARK,controlled-plonk-pilot-v1,5477ab05b549b750fa32dc9a1bc61898f74ebf21,b51fa1bd9bd3db00079057822b5f305afd048981c6fdee344634f6bd7c48b6bb,controlled_kernel,jellyfish-turboplonk-0.8.0-bn254-kzg,default,{},commitment,4096,16,,false,,,,,,,,,,,,,,,not-applicable,,,Jellyfish exposes no stable per-proof hook for this phase,,,,,,,,,,,,,,,measured,controlled implementation pilot; not paper-final evidence,measurement,true
C2-CONTROLLED-SNARK,controlled-plonk-pilot-v1,5477ab05b549b750fa32dc9a1bc61898f74ebf21,b51fa1bd9bd3db00079057822b5f305afd048981c6fdee344634f6bd7c48b6bb,controlled_kernel,jellyfish-turboplonk-0.8.0-bn254-kzg,default,{},deserialize,64,1,,true,3,0.350673,0.104868,0.304767,0.454076,0.276587,0.470666,,,,,,,,not-applicable,,,,,,,,,,,,,,,,,,measured,controlled implementation pilot; not paper-final evidence,measurement,true
C2-CONTROLLED-SNARK,controlled-plonk-pilot-v1,5477ab05b549b750fa32dc9a1bc61898f74ebf21,b51fa1bd9bd3db00079057822b5f305afd048981c6fdee344634f6bd7c48b6bb,controlled_kernel,jellyfish-turboplonk-0.8.0-bn254-kzg,default,{},deserialize,64,1,wrong_public_input,true,3,0.318609,0.048115,0.292599,0.365978,0.289098,0.374131,,,,,,,,not-applicable,,,,,,,,,,,,,,,,,,measured,controlled implementation pilot; not paper-final evidence,measurement,true
C2-CONTROLLED-SNARK,controlled-plonk-pilot-v1,5477ab05b549b750fa32dc9a1bc61898f74ebf21,b51fa1bd9bd3db00079057822b5f305afd048981c6fdee344634f6bd7c48b6bb,controlled_kernel,jellyfish-turboplonk-0.8.0-bn254-kzg,default,{},deserialize,64,2,,true,3,0.339639,0.060647,0.366485,0.380655,0.270202,0.382229,,,,,,,,not-applicable,,,,,,,,,,,,,,,,,,measured,controlled implementation pilot; not paper-final evidence,measurement,true
C2-CONTROLLED-SNARK,controlled-plonk-pilot-v1,5477ab05b549b750fa32dc9a1bc61898f74ebf21,b51fa1bd9bd3db00079057822b5f305afd048981c6fdee344634f6bd7c48b6bb,controlled_kernel,jellyfish-turboplonk-0.8.0-bn254-kzg,default,{},deserialize,64,4,,true,3,0.931250,0.032199,0.922582,0.962465,0.904273,0.966896,,,,,,,,not-applicable,,,,,,,,,,,,,,,,,,measured,controlled implementation pilot; not paper-final evidence,measurement,true
C2-CONTROLLED-SNARK,controlled-plonk-pilot-v1,5477ab05b549b750fa32dc9a1bc61898f74ebf21,b51fa1bd9bd3db00079057822b5f305afd048981c6fdee344634f6bd7c48b6bb,controlled_kernel,jellyfish-turboplonk-0.8.0-bn254-kzg,default,{},deserialize,64,4,wrong_public_input,true,3,0.937974,0.081789,0.924070,1.015649,0.864028,1.025824,,,,,,,,not-applicable,,,,,,,,,,,,,,,,,,measured,controlled implementation pilot; not paper-final evidence,measurement,true
C2-CONTROLLED-SNARK,controlled-plonk-pilot-v1,5477ab05b549b750fa32dc9a1bc61898f74ebf21,b51fa1bd9bd3db00079057822b5f305afd048981c6fdee344634f6bd7c48b6bb,controlled_kernel,jellyfish-turboplonk-0.8.0-bn254-kzg,default,{},deserialize,64,8,,true,3,1.472192,0.184152,1.570928,1.584421,1.259727,1.585920,,,,,,,,not-applicable,,,,,,,,,,,,,,,,,,measured,controlled implementation pilot; not paper-final evidence,measurement,true
C2-CONTROLLED-SNARK,controlled-plonk-pilot-v1,5477ab05b549b750fa32dc9a1bc61898f74ebf21,b51fa1bd9bd3db00079057822b5f305afd048981c6fdee344634f6bd7c48b6bb,controlled_kernel,jellyfish-turboplonk-0.8.0-bn254-kzg,default,{},deserialize,64,8,wrong_public_input,true,3,1.612869,0.176864,1.546963,1.786598,1.478421,1.813224,,,,,,,,not-applicable,,,,,,,,,,,,,,,,,,measured,controlled implementation pilot; not paper-final evidence,measurement,true
C2-CONTROLLED-SNARK,controlled-plonk-pilot-v1,5477ab05b549b750fa32dc9a1bc61898f74ebf21,b51fa1bd9bd3db00079057822b5f305afd048981c6fdee344634f6bd7c48b6bb,controlled_kernel,jellyfish-turboplonk-0.8.0-bn254-kzg,default,{},deserialize,64,16,,true,3,2.912989,0.145705,2.989001,3.003374,2.744996,3.004971,,,,,,,,not-applicable,,,,,,,,,,,,,,,,,,measured,controlled implementation pilot; not paper-final evidence,measurement,true
C2-CONTROLLED-SNARK,controlled-plonk-pilot-v1,5477ab05b549b750fa32dc9a1bc61898f74ebf21,b51fa1bd9bd3db00079057822b5f305afd048981c6fdee344634f6bd7c48b6bb,controlled_kernel,jellyfish-turboplonk-0.8.0-bn254-kzg,default,{},deserialize,256,1,,true,3,0.278270,0.027454,0.284793,0.300167,0.248142,0.301875,,,,,,,,not-applicable,,,,,,,,,,,,,,,,,,measured,controlled implementation pilot; not paper-final evidence,measurement,true
C2-CONTROLLED-SNARK,controlled-plonk-pilot-v1,5477ab05b549b750fa32dc9a1bc61898f74ebf21,b51fa1bd9bd3db00079057822b5f305afd048981c6fdee344634f6bd7c48b6bb,controlled_kernel,jellyfish-turboplonk-0.8.0-bn254-kzg,default,{},deserialize,256,2,,true,3,0.336735,0.006331,0.339642,0.340945,0.329473,0.341090,,,,,,,,not-applicable,,,,,,,,,,,,,,,,,,measured,controlled implementation pilot; not paper-final evidence,measurement,true
C2-CONTROLLED-SNARK,controlled-plonk-pilot-v1,5477ab05b549b750fa32dc9a1bc61898f74ebf21,b51fa1bd9bd3db00079057822b5f305afd048981c6fdee344634f6bd7c48b6bb,controlled_kernel,jellyfish-turboplonk-0.8.0-bn254-kzg,default,{},deserialize,256,4,,true,3,0.923377,0.169710,0.832169,1.090487,0.818773,1.119189,,,,,,,,not-applicable,,,,,,,,,,,,,,,,,,measured,controlled implementation pilot; not paper-final evidence,measurement,true
C2-CONTROLLED-SNARK,controlled-plonk-pilot-v1,5477ab05b549b750fa32dc9a1bc61898f74ebf21,b51fa1bd9bd3db00079057822b5f305afd048981c6fdee344634f6bd7c48b6bb,controlled_kernel,jellyfish-turboplonk-0.8.0-bn254-kzg,default,{},deserialize,256,8,,true,3,1.615336,0.094971,1.586803,1.707852,1.537902,1.721302,,,,,,,,not-applicable,,,,,,,,,,,,,,,,,,measured,controlled implementation pilot; not paper-final evidence,measurement,true
C2-CONTROLLED-SNARK,controlled-plonk-pilot-v1,5477ab05b549b750fa32dc9a1bc61898f74ebf21,b51fa1bd9bd3db00079057822b5f305afd048981c6fdee344634f6bd7c48b6bb,controlled_kernel,jellyfish-turboplonk-0.8.0-bn254-kzg,default,{},deserialize,256,16,,true,3,2.916521,0.136184,2.960903,3.018571,2.763683,3.024978,,,,,,,,not-applicable,,,,,,,,,,,,,,,,,,measured,controlled implementation pilot; not paper-final evidence,measurement,true
C2-CONTROLLED-SNARK,controlled-plonk-pilot-v1,5477ab05b549b750fa32dc9a1bc61898f74ebf21,b51fa1bd9bd3db00079057822b5f305afd048981c6fdee344634f6bd7c48b6bb,controlled_kernel,jellyfish-turboplonk-0.8.0-bn254-kzg,default,{},deserialize,1024,1,,true,3,0.297992,0.016060,0.305809,0.308362,0.279520,0.308646,,,,,,,,not-applicable,,,,,,,,,,,,,,,,,,measured,controlled implementation pilot; not paper-final evidence,measurement,true
C2-CONTROLLED-SNARK,controlled-plonk-pilot-v1,5477ab05b549b750fa32dc9a1bc61898f74ebf21,b51fa1bd9bd3db00079057822b5f305afd048981c6fdee344634f6bd7c48b6bb,controlled_kernel,jellyfish-turboplonk-0.8.0-bn254-kzg,default,{},deserialize,1024,1,wrong_public_input,true,3,0.301066,0.026257,0.313214,0.318466,0.270934,0.319049,,,,,,,,not-applicable,,,,,,,,,,,,,,,,,,measured,controlled implementation pilot; not paper-final evidence,measurement,true
C2-CONTROLLED-SNARK,controlled-plonk-pilot-v1,5477ab05b549b750fa32dc9a1bc61898f74ebf21,b51fa1bd9bd3db00079057822b5f305afd048981c6fdee344634f6bd7c48b6bb,controlled_kernel,jellyfish-turboplonk-0.8.0-bn254-kzg,default,{},deserialize,1024,2,,true,3,0.370560,0.010875,0.375319,0.377951,0.358117,0.378244,,,,,,,,not-applicable,,,,,,,,,,,,,,,,,,measured,controlled implementation pilot; not paper-final evidence,measurement,true
C2-CONTROLLED-SNARK,controlled-plonk-pilot-v1,5477ab05b549b750fa32dc9a1bc61898f74ebf21,b51fa1bd9bd3db00079057822b5f305afd048981c6fdee344634f6bd7c48b6bb,controlled_kernel,jellyfish-turboplonk-0.8.0-bn254-kzg,default,{},deserialize,1024,4,,true,3,0.850795,0.107061,0.810493,0.955991,0.769734,0.972158,,,,,,,,not-applicable,,,,,,,,,,,,,,,,,,measured,controlled implementation pilot; not paper-final evidence,measurement,true
C2-CONTROLLED-SNARK,controlled-plonk-pilot-v1,5477ab05b549b750fa32dc9a1bc61898f74ebf21,b51fa1bd9bd3db00079057822b5f305afd048981c6fdee344634f6bd7c48b6bb,controlled_kernel,jellyfish-turboplonk-0.8.0-bn254-kzg,default,{},deserialize,1024,4,wrong_public_input,true,3,0.979118,0.052836,0.973531,1.028426,0.929297,1.034525,,,,,,,,not-applicable,,,,,,,,,,,,,,,,,,measured,controlled implementation pilot; not paper-final evidence,measurement,true
C2-CONTROLLED-SNARK,controlled-plonk-pilot-v1,5477ab05b549b750fa32dc9a1bc61898f74ebf21,b51fa1bd9bd3db00079057822b5f305afd048981c6fdee344634f6bd7c48b6bb,controlled_kernel,jellyfish-turboplonk-0.8.0-bn254-kzg,default,{},deserialize,1024,8,,true,3,1.624285,0.174549,1.667222,1.762745,1.432275,1.773359,,,,,,,,not-applicable,,,,,,,,,,,,,,,,,,measured,controlled implementation pilot; not paper-final evidence,measurement,true
C2-CONTROLLED-SNARK,controlled-plonk-pilot-v1,5477ab05b549b750fa32dc9a1bc61898f74ebf21,b51fa1bd9bd3db00079057822b5f305afd048981c6fdee344634f6bd7c48b6bb,controlled_kernel,jellyfish-turboplonk-0.8.0-bn254-kzg,default,{},deserialize,1024,8,wrong_public_input,true,3,1.370256,0.051056,1.393142,1.404594,1.311761,1.405866,,,,,,,,not-applicable,,,,,,,,,,,,,,,,,,measured,controlled implementation pilot; not paper-final evidence,measurement,true
C2-CONTROLLED-SNARK,controlled-plonk-pilot-v1,5477ab05b549b750fa32dc9a1bc61898f74ebf21,b51fa1bd9bd3db00079057822b5f305afd048981c6fdee344634f6bd7c48b6bb,controlled_kernel,jellyfish-turboplonk-0.8.0-bn254-kzg,default,{},deserialize,1024,16,,true,3,3.105771,0.166982,3.153428,3.234712,2.920142,3.243744,,,,,,,,not-applicable,,,,,,,,,,,,,,,,,,measured,controlled implementation pilot; not paper-final evidence,measurement,true
C2-CONTROLLED-SNARK,controlled-plonk-pilot-v1,5477ab05b549b750fa32dc9a1bc61898f74ebf21,b51fa1bd9bd3db00079057822b5f305afd048981c6fdee344634f6bd7c48b6bb,controlled_kernel,jellyfish-turboplonk-0.8.0-bn254-kzg,default,{},deserialize,4096,1,,true,3,0.290030,0.065167,0.305860,0.341827,0.218406,0.345823,,,,,,,,not-applicable,,,,,,,,,,,,,,,,,,measured,controlled implementation pilot; not paper-final evidence,measurement,true
C2-CONTROLLED-SNARK,controlled-plonk-pilot-v1,5477ab05b549b750fa32dc9a1bc61898f74ebf21,b51fa1bd9bd3db00079057822b5f305afd048981c6fdee344634f6bd7c48b6bb,controlled_kernel,jellyfish-turboplonk-0.8.0-bn254-kzg,default,{},deserialize,4096,1,wrong_public_input,true,3,0.293725,0.027379,0.302679,0.314224,0.262990,0.315507,,,,,,,,not-applicable,,,,,,,,,,,,,,,,,,measured,controlled implementation pilot; not paper-final evidence,measurement,true
C2-CONTROLLED-SNARK,controlled-plonk-pilot-v1,5477ab05b549b750fa32dc9a1bc61898f74ebf21,b51fa1bd9bd3db00079057822b5f305afd048981c6fdee344634f6bd7c48b6bb,controlled_kernel,jellyfish-turboplonk-0.8.0-bn254-kzg,default,{},deserialize,4096,2,,true,3,0.380532,0.025119,0.384622,0.401483,0.353619,0.403356,,,,,,,,not-applicable,,,,,,,,,,,,,,,,,,measured,controlled implementation pilot; not paper-final evidence,measurement,true
C2-CONTROLLED-SNARK,controlled-plonk-pilot-v1,5477ab05b549b750fa32dc9a1bc61898f74ebf21,b51fa1bd9bd3db00079057822b5f305afd048981c6fdee344634f6bd7c48b6bb,controlled_kernel,jellyfish-turboplonk-0.8.0-bn254-kzg,default,{},deserialize,4096,4,,true,3,1.023968,0.051096,1.037159,1.064174,0.967570,1.067176,,,,,,,,not-applicable,,,,,,,,,,,,,,,,,,measured,controlled implementation pilot; not paper-final evidence,measurement,true
C2-CONTROLLED-SNARK,controlled-plonk-pilot-v1,5477ab05b549b750fa32dc9a1bc61898f74ebf21,b51fa1bd9bd3db00079057822b5f305afd048981c6fdee344634f6bd7c48b6bb,controlled_kernel,jellyfish-turboplonk-0.8.0-bn254-kzg,default,{},deserialize,4096,4,wrong_public_input,true,3,0.985968,0.032495,0.984643,1.015660,0.954156,1.019106,,,,,,,,not-applicable,,,,,,,,,,,,,,,,,,measured,controlled implementation pilot; not paper-final evidence,measurement,true
C2-CONTROLLED-SNARK,controlled-plonk-pilot-v1,5477ab05b549b750fa32dc9a1bc61898f74ebf21,b51fa1bd9bd3db00079057822b5f305afd048981c6fdee344634f6bd7c48b6bb,controlled_kernel,jellyfish-turboplonk-0.8.0-bn254-kzg,default,{},deserialize,4096,8,,true,3,1.559746,0.057647,1.547029,1.615124,1.509519,1.622690,,,,,,,,not-applicable,,,,,,,,,,,,,,,,,,measured,controlled implementation pilot; not paper-final evidence,measurement,true
C2-CONTROLLED-SNARK,controlled-plonk-pilot-v1,5477ab05b549b750fa32dc9a1bc61898f74ebf21,b51fa1bd9bd3db00079057822b5f305afd048981c6fdee344634f6bd7c48b6bb,controlled_kernel,jellyfish-turboplonk-0.8.0-bn254-kzg,default,{},deserialize,4096,8,wrong_public_input,true,3,1.673454,0.121004,1.684584,1.778116,1.547269,1.788508,,,,,,,,not-applicable,,,,,,,,,,,,,,,,,,measured,controlled implementation pilot; not paper-final evidence,measurement,true
C2-CONTROLLED-SNARK,controlled-plonk-pilot-v1,5477ab05b549b750fa32dc9a1bc61898f74ebf21,b51fa1bd9bd3db00079057822b5f305afd048981c6fdee344634f6bd7c48b6bb,controlled_kernel,jellyfish-turboplonk-0.8.0-bn254-kzg,default,{},deserialize,4096,16,,true,3,3.630393,0.343335,3.553841,3.960373,3.331796,4.005543,,,,,,,,not-applicable,,,,,,,,,,,,,,,,,,measured,controlled implementation pilot; not paper-final evidence,measurement,true
C2-CONTROLLED-SNARK,controlled-plonk-pilot-v1,5477ab05b549b750fa32dc9a1bc61898f74ebf21,b51fa1bd9bd3db00079057822b5f305afd048981c6fdee344634f6bd7c48b6bb,controlled_kernel,jellyfish-turboplonk-0.8.0-bn254-kzg,default,{},fft_ntt,64,1,,false,,,,,,,,,,,,,,,not-applicable,,,Jellyfish exposes no stable per-proof hook for this phase,,,,,,,,,,,,,,,measured,controlled implementation pilot; not paper-final evidence,measurement,true
C2-CONTROLLED-SNARK,controlled-plonk-pilot-v1,5477ab05b549b750fa32dc9a1bc61898f74ebf21,b51fa1bd9bd3db00079057822b5f305afd048981c6fdee344634f6bd7c48b6bb,controlled_kernel,jellyfish-turboplonk-0.8.0-bn254-kzg,default,{},fft_ntt,64,1,wrong_public_input,false,,,,,,,,,,,,,,,not-applicable,,,Jellyfish exposes no stable per-proof hook for this phase,,,,,,,,,,,,,,,measured,controlled implementation pilot; not paper-final evidence,measurement,true
C2-CONTROLLED-SNARK,controlled-plonk-pilot-v1,5477ab05b549b750fa32dc9a1bc61898f74ebf21,b51fa1bd9bd3db00079057822b5f305afd048981c6fdee344634f6bd7c48b6bb,controlled_kernel,jellyfish-turboplonk-0.8.0-bn254-kzg,default,{},fft_ntt,64,2,,false,,,,,,,,,,,,,,,not-applicable,,,Jellyfish exposes no stable per-proof hook for this phase,,,,,,,,,,,,,,,measured,controlled implementation pilot; not paper-final evidence,measurement,true
C2-CONTROLLED-SNARK,controlled-plonk-pilot-v1,5477ab05b549b750fa32dc9a1bc61898f74ebf21,b51fa1bd9bd3db00079057822b5f305afd048981c6fdee344634f6bd7c48b6bb,controlled_kernel,jellyfish-turboplonk-0.8.0-bn254-kzg,default,{},fft_ntt,64,4,,false,,,,,,,,,,,,,,,not-applicable,,,Jellyfish exposes no stable per-proof hook for this phase,,,,,,,,,,,,,,,measured,controlled implementation pilot; not paper-final evidence,measurement,true
C2-CONTROLLED-SNARK,controlled-plonk-pilot-v1,5477ab05b549b750fa32dc9a1bc61898f74ebf21,b51fa1bd9bd3db00079057822b5f305afd048981c6fdee344634f6bd7c48b6bb,controlled_kernel,jellyfish-turboplonk-0.8.0-bn254-kzg,default,{},fft_ntt,64,4,wrong_public_input,false,,,,,,,,,,,,,,,not-applicable,,,Jellyfish exposes no stable per-proof hook for this phase,,,,,,,,,,,,,,,measured,controlled implementation pilot; not paper-final evidence,measurement,true
C2-CONTROLLED-SNARK,controlled-plonk-pilot-v1,5477ab05b549b750fa32dc9a1bc61898f74ebf21,b51fa1bd9bd3db00079057822b5f305afd048981c6fdee344634f6bd7c48b6bb,controlled_kernel,jellyfish-turboplonk-0.8.0-bn254-kzg,default,{},fft_ntt,64,8,,false,,,,,,,,,,,,,,,not-applicable,,,Jellyfish exposes no stable per-proof hook for this phase,,,,,,,,,,,,,,,measured,controlled implementation pilot; not paper-final evidence,measurement,true
C2-CONTROLLED-SNARK,controlled-plonk-pilot-v1,5477ab05b549b750fa32dc9a1bc61898f74ebf21,b51fa1bd9bd3db00079057822b5f305afd048981c6fdee344634f6bd7c48b6bb,controlled_kernel,jellyfish-turboplonk-0.8.0-bn254-kzg,default,{},fft_ntt,64,8,wrong_public_input,false,,,,,,,,,,,,,,,not-applicable,,,Jellyfish exposes no stable per-proof hook for this phase,,,,,,,,,,,,,,,measured,controlled implementation pilot; not paper-final evidence,measurement,true
C2-CONTROLLED-SNARK,controlled-plonk-pilot-v1,5477ab05b549b750fa32dc9a1bc61898f74ebf21,b51fa1bd9bd3db00079057822b5f305afd048981c6fdee344634f6bd7c48b6bb,controlled_kernel,jellyfish-turboplonk-0.8.0-bn254-kzg,default,{},fft_ntt,64,16,,false,,,,,,,,,,,,,,,not-applicable,,,Jellyfish exposes no stable per-proof hook for this phase,,,,,,,,,,,,,,,measured,controlled implementation pilot; not paper-final evidence,measurement,true
C2-CONTROLLED-SNARK,controlled-plonk-pilot-v1,5477ab05b549b750fa32dc9a1bc61898f74ebf21,b51fa1bd9bd3db00079057822b5f305afd048981c6fdee344634f6bd7c48b6bb,controlled_kernel,jellyfish-turboplonk-0.8.0-bn254-kzg,default,{},fft_ntt,256,1,,false,,,,,,,,,,,,,,,not-applicable,,,Jellyfish exposes no stable per-proof hook for this phase,,,,,,,,,,,,,,,measured,controlled implementation pilot; not paper-final evidence,measurement,true
C2-CONTROLLED-SNARK,controlled-plonk-pilot-v1,5477ab05b549b750fa32dc9a1bc61898f74ebf21,b51fa1bd9bd3db00079057822b5f305afd048981c6fdee344634f6bd7c48b6bb,controlled_kernel,jellyfish-turboplonk-0.8.0-bn254-kzg,default,{},fft_ntt,256,2,,false,,,,,,,,,,,,,,,not-applicable,,,Jellyfish exposes no stable per-proof hook for this phase,,,,,,,,,,,,,,,measured,controlled implementation pilot; not paper-final evidence,measurement,true
C2-CONTROLLED-SNARK,controlled-plonk-pilot-v1,5477ab05b549b750fa32dc9a1bc61898f74ebf21,b51fa1bd9bd3db00079057822b5f305afd048981c6fdee344634f6bd7c48b6bb,controlled_kernel,jellyfish-turboplonk-0.8.0-bn254-kzg,default,{},fft_ntt,256,4,,false,,,,,,,,,,,,,,,not-applicable,,,Jellyfish exposes no stable per-proof hook for this phase,,,,,,,,,,,,,,,measured,controlled implementation pilot; not paper-final evidence,measurement,true
C2-CONTROLLED-SNARK,controlled-plonk-pilot-v1,5477ab05b549b750fa32dc9a1bc61898f74ebf21,b51fa1bd9bd3db00079057822b5f305afd048981c6fdee344634f6bd7c48b6bb,controlled_kernel,jellyfish-turboplonk-0.8.0-bn254-kzg,default,{},fft_ntt,256,8,,false,,,,,,,,,,,,,,,not-applicable,,,Jellyfish exposes no stable per-proof hook for this phase,,,,,,,,,,,,,,,measured,controlled implementation pilot; not paper-final evidence,measurement,true
C2-CONTROLLED-SNARK,controlled-plonk-pilot-v1,5477ab05b549b750fa32dc9a1bc61898f74ebf21,b51fa1bd9bd3db00079057822b5f305afd048981c6fdee344634f6bd7c48b6bb,controlled_kernel,jellyfish-turboplonk-0.8.0-bn254-kzg,default,{},fft_ntt,256,16,,false,,,,,,,,,,,,,,,not-applicable,,,Jellyfish exposes no stable per-proof hook for this phase,,,,,,,,,,,,,,,measured,controlled implementation pilot; not paper-final evidence,measurement,true
C2-CONTROLLED-SNARK,controlled-plonk-pilot-v1,5477ab05b549b750fa32dc9a1bc61898f74ebf21,b51fa1bd9bd3db00079057822b5f305afd048981c6fdee344634f6bd7c48b6bb,controlled_kernel,jellyfish-turboplonk-0.8.0-bn254-kzg,default,{},fft_ntt,1024,1,,false,,,,,,,,,,,,,,,not-applicable,,,Jellyfish exposes no stable per-proof hook for this phase,,,,,,,,,,,,,,,measured,controlled implementation pilot; not paper-final evidence,measurement,true
C2-CONTROLLED-SNARK,controlled-plonk-pilot-v1,5477ab05b549b750fa32dc9a1bc61898f74ebf21,b51fa1bd9bd3db00079057822b5f305afd048981c6fdee344634f6bd7c48b6bb,controlled_kernel,jellyfish-turboplonk-0.8.0-bn254-kzg,default,{},fft_ntt,1024,1,wrong_public_input,false,,,,,,,,,,,,,,,not-applicable,,,Jellyfish exposes no stable per-proof hook for this phase,,,,,,,,,,,,,,,measured,controlled implementation pilot; not paper-final evidence,measurement,true
C2-CONTROLLED-SNARK,controlled-plonk-pilot-v1,5477ab05b549b750fa32dc9a1bc61898f74ebf21,b51fa1bd9bd3db00079057822b5f305afd048981c6fdee344634f6bd7c48b6bb,controlled_kernel,jellyfish-turboplonk-0.8.0-bn254-kzg,default,{},fft_ntt,1024,2,,false,,,,,,,,,,,,,,,not-applicable,,,Jellyfish exposes no stable per-proof hook for this phase,,,,,,,,,,,,,,,measured,controlled implementation pilot; not paper-final evidence,measurement,true
C2-CONTROLLED-SNARK,controlled-plonk-pilot-v1,5477ab05b549b750fa32dc9a1bc61898f74ebf21,b51fa1bd9bd3db00079057822b5f305afd048981c6fdee344634f6bd7c48b6bb,controlled_kernel,jellyfish-turboplonk-0.8.0-bn254-kzg,default,{},fft_ntt,1024,4,,false,,,,,,,,,,,,,,,not-applicable,,,Jellyfish exposes no stable per-proof hook for this phase,,,,,,,,,,,,,,,measured,controlled implementation pilot; not paper-final evidence,measurement,true
C2-CONTROLLED-SNARK,controlled-plonk-pilot-v1,5477ab05b549b750fa32dc9a1bc61898f74ebf21,b51fa1bd9bd3db00079057822b5f305afd048981c6fdee344634f6bd7c48b6bb,controlled_kernel,jellyfish-turboplonk-0.8.0-bn254-kzg,default,{},fft_ntt,1024,4,wrong_public_input,false,,,,,,,,,,,,,,,not-applicable,,,Jellyfish exposes no stable per-proof hook for this phase,,,,,,,,,,,,,,,measured,controlled implementation pilot; not paper-final evidence,measurement,true
C2-CONTROLLED-SNARK,controlled-plonk-pilot-v1,5477ab05b549b750fa32dc9a1bc61898f74ebf21,b51fa1bd9bd3db00079057822b5f305afd048981c6fdee344634f6bd7c48b6bb,controlled_kernel,jellyfish-turboplonk-0.8.0-bn254-kzg,default,{},fft_ntt,1024,8,,false,,,,,,,,,,,,,,,not-applicable,,,Jellyfish exposes no stable per-proof hook for this phase,,,,,,,,,,,,,,,measured,controlled implementation pilot; not paper-final evidence,measurement,true
C2-CONTROLLED-SNARK,controlled-plonk-pilot-v1,5477ab05b549b750fa32dc9a1bc61898f74ebf21,b51fa1bd9bd3db00079057822b5f305afd048981c6fdee344634f6bd7c48b6bb,controlled_kernel,jellyfish-turboplonk-0.8.0-bn254-kzg,default,{},fft_ntt,1024,8,wrong_public_input,false,,,,,,,,,,,,,,,not-applicable,,,Jellyfish exposes no stable per-proof hook for this phase,,,,,,,,,,,,,,,measured,controlled implementation pilot; not paper-final evidence,measurement,true
C2-CONTROLLED-SNARK,controlled-plonk-pilot-v1,5477ab05b549b750fa32dc9a1bc61898f74ebf21,b51fa1bd9bd3db00079057822b5f305afd048981c6fdee344634f6bd7c48b6bb,controlled_kernel,jellyfish-turboplonk-0.8.0-bn254-kzg,default,{},fft_ntt,1024,16,,false,,,,,,,,,,,,,,,not-applicable,,,Jellyfish exposes no stable per-proof hook for this phase,,,,,,,,,,,,,,,measured,controlled implementation pilot; not paper-final evidence,measurement,true
C2-CONTROLLED-SNARK,controlled-plonk-pilot-v1,5477ab05b549b750fa32dc9a1bc61898f74ebf21,b51fa1bd9bd3db00079057822b5f305afd048981c6fdee344634f6bd7c48b6bb,controlled_kernel,jellyfish-turboplonk-0.8.0-bn254-kzg,default,{},fft_ntt,4096,1,,false,,,,,,,,,,,,,,,not-applicable,,,Jellyfish exposes no stable per-proof hook for this phase,,,,,,,,,,,,,,,measured,controlled implementation pilot; not paper-final evidence,measurement,true
C2-CONTROLLED-SNARK,controlled-plonk-pilot-v1,5477ab05b549b750fa32dc9a1bc61898f74ebf21,b51fa1bd9bd3db00079057822b5f305afd048981c6fdee344634f6bd7c48b6bb,controlled_kernel,jellyfish-turboplonk-0.8.0-bn254-kzg,default,{},fft_ntt,4096,1,wrong_public_input,false,,,,,,,,,,,,,,,not-applicable,,,Jellyfish exposes no stable per-proof hook for this phase,,,,,,,,,,,,,,,measured,controlled implementation pilot; not paper-final evidence,measurement,true
C2-CONTROLLED-SNARK,controlled-plonk-pilot-v1,5477ab05b549b750fa32dc9a1bc61898f74ebf21,b51fa1bd9bd3db00079057822b5f305afd048981c6fdee344634f6bd7c48b6bb,controlled_kernel,jellyfish-turboplonk-0.8.0-bn254-kzg,default,{},fft_ntt,4096,2,,false,,,,,,,,,,,,,,,not-applicable,,,Jellyfish exposes no stable per-proof hook for this phase,,,,,,,,,,,,,,,measured,controlled implementation pilot; not paper-final evidence,measurement,true
C2-CONTROLLED-SNARK,controlled-plonk-pilot-v1,5477ab05b549b750fa32dc9a1bc61898f74ebf21,b51fa1bd9bd3db00079057822b5f305afd048981c6fdee344634f6bd7c48b6bb,controlled_kernel,jellyfish-turboplonk-0.8.0-bn254-kzg,default,{},fft_ntt,4096,4,,false,,,,,,,,,,,,,,,not-applicable,,,Jellyfish exposes no stable per-proof hook for this phase,,,,,,,,,,,,,,,measured,controlled implementation pilot; not paper-final evidence,measurement,true
C2-CONTROLLED-SNARK,controlled-plonk-pilot-v1,5477ab05b549b750fa32dc9a1bc61898f74ebf21,b51fa1bd9bd3db00079057822b5f305afd048981c6fdee344634f6bd7c48b6bb,controlled_kernel,jellyfish-turboplonk-0.8.0-bn254-kzg,default,{},fft_ntt,4096,4,wrong_public_input,false,,,,,,,,,,,,,,,not-applicable,,,Jellyfish exposes no stable per-proof hook for this phase,,,,,,,,,,,,,,,measured,controlled implementation pilot; not paper-final evidence,measurement,true
C2-CONTROLLED-SNARK,controlled-plonk-pilot-v1,5477ab05b549b750fa32dc9a1bc61898f74ebf21,b51fa1bd9bd3db00079057822b5f305afd048981c6fdee344634f6bd7c48b6bb,controlled_kernel,jellyfish-turboplonk-0.8.0-bn254-kzg,default,{},fft_ntt,4096,8,,false,,,,,,,,,,,,,,,not-applicable,,,Jellyfish exposes no stable per-proof hook for this phase,,,,,,,,,,,,,,,measured,controlled implementation pilot; not paper-final evidence,measurement,true
C2-CONTROLLED-SNARK,controlled-plonk-pilot-v1,5477ab05b549b750fa32dc9a1bc61898f74ebf21,b51fa1bd9bd3db00079057822b5f305afd048981c6fdee344634f6bd7c48b6bb,controlled_kernel,jellyfish-turboplonk-0.8.0-bn254-kzg,default,{},fft_ntt,4096,8,wrong_public_input,false,,,,,,,,,,,,,,,not-applicable,,,Jellyfish exposes no stable per-proof hook for this phase,,,,,,,,,,,,,,,measured,controlled implementation pilot; not paper-final evidence,measurement,true
C2-CONTROLLED-SNARK,controlled-plonk-pilot-v1,5477ab05b549b750fa32dc9a1bc61898f74ebf21,b51fa1bd9bd3db00079057822b5f305afd048981c6fdee344634f6bd7c48b6bb,controlled_kernel,jellyfish-turboplonk-0.8.0-bn254-kzg,default,{},fft_ntt,4096,16,,false,,,,,,,,,,,,,,,not-applicable,,,Jellyfish exposes no stable per-proof hook for this phase,,,,,,,,,,,,,,,measured,controlled implementation pilot; not paper-final evidence,measurement,true
C2-CONTROLLED-SNARK,controlled-plonk-pilot-v1,5477ab05b549b750fa32dc9a1bc61898f74ebf21,b51fa1bd9bd3db00079057822b5f305afd048981c6fdee344634f6bd7c48b6bb,controlled_kernel,jellyfish-turboplonk-0.8.0-bn254-kzg,default,{},invalid_reject,64,1,wrong_public_input,true,3,3.032909,0.146834,2.979573,3.177019,2.920198,3.198957,,,,,,,,not-applicable,,,,,,,,,,,,,,,,,,measured,controlled implementation pilot; not paper-final evidence,measurement,true
C2-CONTROLLED-SNARK,controlled-plonk-pilot-v1,5477ab05b549b750fa32dc9a1bc61898f74ebf21,b51fa1bd9bd3db00079057822b5f305afd048981c6fdee344634f6bd7c48b6bb,controlled_kernel,jellyfish-turboplonk-0.8.0-bn254-kzg,default,{},invalid_reject,64,4,wrong_public_input,true,3,3.186200,0.212266,3.197669,3.373015,2.968432,3.392498,,,,,,,,not-applicable,,,,,,,,,,,,,,,,,,measured,controlled implementation pilot; not paper-final evidence,measurement,true
C2-CONTROLLED-SNARK,controlled-plonk-pilot-v1,5477ab05b549b750fa32dc9a1bc61898f74ebf21,b51fa1bd9bd3db00079057822b5f305afd048981c6fdee344634f6bd7c48b6bb,controlled_kernel,jellyfish-turboplonk-0.8.0-bn254-kzg,default,{},invalid_reject,64,8,wrong_public_input,true,3,4.253549,0.308432,4.397947,4.456759,3.899406,4.463294,,,,,,,,not-applicable,,,,,,,,,,,,,,,,,,measured,controlled implementation pilot; not paper-final evidence,measurement,true
C2-CONTROLLED-SNARK,controlled-plonk-pilot-v1,5477ab05b549b750fa32dc9a1bc61898f74ebf21,b51fa1bd9bd3db00079057822b5f305afd048981c6fdee344634f6bd7c48b6bb,controlled_kernel,jellyfish-turboplonk-0.8.0-bn254-kzg,default,{},invalid_reject,1024,1,wrong_public_input,true,3,3.346800,0.218219,3.323832,3.550419,3.140973,3.575595,,,,,,,,not-applicable,,,,,,,,,,,,,,,,,,measured,controlled implementation pilot; not paper-final evidence,measurement,true
C2-CONTROLLED-SNARK,controlled-plonk-pilot-v1,5477ab05b549b750fa32dc9a1bc61898f74ebf21,b51fa1bd9bd3db00079057822b5f305afd048981c6fdee344634f6bd7c48b6bb,controlled_kernel,jellyfish-turboplonk-0.8.0-bn254-kzg,default,{},invalid_reject,1024,4,wrong_public_input,true,3,3.352325,0.257539,3.365165,3.579400,3.088607,3.603204,,,,,,,,not-applicable,,,,,,,,,,,,,,,,,,measured,controlled implementation pilot; not paper-final evidence,measurement,true
C2-CONTROLLED-SNARK,controlled-plonk-pilot-v1,5477ab05b549b750fa32dc9a1bc61898f74ebf21,b51fa1bd9bd3db00079057822b5f305afd048981c6fdee344634f6bd7c48b6bb,controlled_kernel,jellyfish-turboplonk-0.8.0-bn254-kzg,default,{},invalid_reject,1024,8,wrong_public_input,true,3,3.866866,0.395346,3.793603,4.243707,3.513276,4.293719,,,,,,,,not-applicable,,,,,,,,,,,,,,,,,,measured,controlled implementation pilot; not paper-final evidence,measurement,true
C2-CONTROLLED-SNARK,controlled-plonk-pilot-v1,5477ab05b549b750fa32dc9a1bc61898f74ebf21,b51fa1bd9bd3db00079057822b5f305afd048981c6fdee344634f6bd7c48b6bb,controlled_kernel,jellyfish-turboplonk-0.8.0-bn254-kzg,default,{},invalid_reject,4096,1,wrong_public_input,true,3,3.293680,0.080499,3.306583,3.360912,3.207509,3.366948,,,,,,,,not-applicable,,,,,,,,,,,,,,,,,,measured,controlled implementation pilot; not paper-final evidence,measurement,true
C2-CONTROLLED-SNARK,controlled-plonk-pilot-v1,5477ab05b549b750fa32dc9a1bc61898f74ebf21,b51fa1bd9bd3db00079057822b5f305afd048981c6fdee344634f6bd7c48b6bb,controlled_kernel,jellyfish-turboplonk-0.8.0-bn254-kzg,default,{},invalid_reject,4096,4,wrong_public_input,true,3,3.463378,0.125417,3.458966,3.577744,3.340225,3.590942,,,,,,,,not-applicable,,,,,,,,,,,,,,,,,,measured,controlled implementation pilot; not paper-final evidence,measurement,true
C2-CONTROLLED-SNARK,controlled-plonk-pilot-v1,5477ab05b549b750fa32dc9a1bc61898f74ebf21,b51fa1bd9bd3db00079057822b5f305afd048981c6fdee344634f6bd7c48b6bb,controlled_kernel,jellyfish-turboplonk-0.8.0-bn254-kzg,default,{},invalid_reject,4096,8,wrong_public_input,true,3,4.484962,0.410494,4.633090,4.784058,4.020963,4.800832,,,,,,,,not-applicable,,,,,,,,,,,,,,,,,,measured,controlled implementation pilot; not paper-final evidence,measurement,true
C2-CONTROLLED-SNARK,controlled-plonk-pilot-v1,5477ab05b549b750fa32dc9a1bc61898f74ebf21,b51fa1bd9bd3db00079057822b5f305afd048981c6fdee344634f6bd7c48b6bb,controlled_kernel,jellyfish-turboplonk-0.8.0-bn254-kzg,default,{},key_load,64,1,,false,,,,,,,,,,,,,,,not-applicable,,,Jellyfish exposes no stable per-proof hook for this phase,,,,,,,,,,,,,,,measured,controlled implementation pilot; not paper-final evidence,measurement,true
C2-CONTROLLED-SNARK,controlled-plonk-pilot-v1,5477ab05b549b750fa32dc9a1bc61898f74ebf21,b51fa1bd9bd3db00079057822b5f305afd048981c6fdee344634f6bd7c48b6bb,controlled_kernel,jellyfish-turboplonk-0.8.0-bn254-kzg,default,{},key_load,64,1,wrong_public_input,false,,,,,,,,,,,,,,,not-applicable,,,Jellyfish exposes no stable per-proof hook for this phase,,,,,,,,,,,,,,,measured,controlled implementation pilot; not paper-final evidence,measurement,true
C2-CONTROLLED-SNARK,controlled-plonk-pilot-v1,5477ab05b549b750fa32dc9a1bc61898f74ebf21,b51fa1bd9bd3db00079057822b5f305afd048981c6fdee344634f6bd7c48b6bb,controlled_kernel,jellyfish-turboplonk-0.8.0-bn254-kzg,default,{},key_load,64,2,,false,,,,,,,,,,,,,,,not-applicable,,,Jellyfish exposes no stable per-proof hook for this phase,,,,,,,,,,,,,,,measured,controlled implementation pilot; not paper-final evidence,measurement,true
C2-CONTROLLED-SNARK,controlled-plonk-pilot-v1,5477ab05b549b750fa32dc9a1bc61898f74ebf21,b51fa1bd9bd3db00079057822b5f305afd048981c6fdee344634f6bd7c48b6bb,controlled_kernel,jellyfish-turboplonk-0.8.0-bn254-kzg,default,{},key_load,64,4,,false,,,,,,,,,,,,,,,not-applicable,,,Jellyfish exposes no stable per-proof hook for this phase,,,,,,,,,,,,,,,measured,controlled implementation pilot; not paper-final evidence,measurement,true
C2-CONTROLLED-SNARK,controlled-plonk-pilot-v1,5477ab05b549b750fa32dc9a1bc61898f74ebf21,b51fa1bd9bd3db00079057822b5f305afd048981c6fdee344634f6bd7c48b6bb,controlled_kernel,jellyfish-turboplonk-0.8.0-bn254-kzg,default,{},key_load,64,4,wrong_public_input,false,,,,,,,,,,,,,,,not-applicable,,,Jellyfish exposes no stable per-proof hook for this phase,,,,,,,,,,,,,,,measured,controlled implementation pilot; not paper-final evidence,measurement,true
C2-CONTROLLED-SNARK,controlled-plonk-pilot-v1,5477ab05b549b750fa32dc9a1bc61898f74ebf21,b51fa1bd9bd3db00079057822b5f305afd048981c6fdee344634f6bd7c48b6bb,controlled_kernel,jellyfish-turboplonk-0.8.0-bn254-kzg,default,{},key_load,64,8,,false,,,,,,,,,,,,,,,not-applicable,,,Jellyfish exposes no stable per-proof hook for this phase,,,,,,,,,,,,,,,measured,controlled implementation pilot; not paper-final evidence,measurement,true
C2-CONTROLLED-SNARK,controlled-plonk-pilot-v1,5477ab05b549b750fa32dc9a1bc61898f74ebf21,b51fa1bd9bd3db00079057822b5f305afd048981c6fdee344634f6bd7c48b6bb,controlled_kernel,jellyfish-turboplonk-0.8.0-bn254-kzg,default,{},key_load,64,8,wrong_public_input,false,,,,,,,,,,,,,,,not-applicable,,,Jellyfish exposes no stable per-proof hook for this phase,,,,,,,,,,,,,,,measured,controlled implementation pilot; not paper-final evidence,measurement,true
C2-CONTROLLED-SNARK,controlled-plonk-pilot-v1,5477ab05b549b750fa32dc9a1bc61898f74ebf21,b51fa1bd9bd3db00079057822b5f305afd048981c6fdee344634f6bd7c48b6bb,controlled_kernel,jellyfish-turboplonk-0.8.0-bn254-kzg,default,{},key_load,64,16,,false,,,,,,,,,,,,,,,not-applicable,,,Jellyfish exposes no stable per-proof hook for this phase,,,,,,,,,,,,,,,measured,controlled implementation pilot; not paper-final evidence,measurement,true
C2-CONTROLLED-SNARK,controlled-plonk-pilot-v1,5477ab05b549b750fa32dc9a1bc61898f74ebf21,b51fa1bd9bd3db00079057822b5f305afd048981c6fdee344634f6bd7c48b6bb,controlled_kernel,jellyfish-turboplonk-0.8.0-bn254-kzg,default,{},key_load,256,1,,false,,,,,,,,,,,,,,,not-applicable,,,Jellyfish exposes no stable per-proof hook for this phase,,,,,,,,,,,,,,,measured,controlled implementation pilot; not paper-final evidence,measurement,true
C2-CONTROLLED-SNARK,controlled-plonk-pilot-v1,5477ab05b549b750fa32dc9a1bc61898f74ebf21,b51fa1bd9bd3db00079057822b5f305afd048981c6fdee344634f6bd7c48b6bb,controlled_kernel,jellyfish-turboplonk-0.8.0-bn254-kzg,default,{},key_load,256,2,,false,,,,,,,,,,,,,,,not-applicable,,,Jellyfish exposes no stable per-proof hook for this phase,,,,,,,,,,,,,,,measured,controlled implementation pilot; not paper-final evidence,measurement,true
C2-CONTROLLED-SNARK,controlled-plonk-pilot-v1,5477ab05b549b750fa32dc9a1bc61898f74ebf21,b51fa1bd9bd3db00079057822b5f305afd048981c6fdee344634f6bd7c48b6bb,controlled_kernel,jellyfish-turboplonk-0.8.0-bn254-kzg,default,{},key_load,256,4,,false,,,,,,,,,,,,,,,not-applicable,,,Jellyfish exposes no stable per-proof hook for this phase,,,,,,,,,,,,,,,measured,controlled implementation pilot; not paper-final evidence,measurement,true
C2-CONTROLLED-SNARK,controlled-plonk-pilot-v1,5477ab05b549b750fa32dc9a1bc61898f74ebf21,b51fa1bd9bd3db00079057822b5f305afd048981c6fdee344634f6bd7c48b6bb,controlled_kernel,jellyfish-turboplonk-0.8.0-bn254-kzg,default,{},key_load,256,8,,false,,,,,,,,,,,,,,,not-applicable,,,Jellyfish exposes no stable per-proof hook for this phase,,,,,,,,,,,,,,,measured,controlled implementation pilot; not paper-final evidence,measurement,true
C2-CONTROLLED-SNARK,controlled-plonk-pilot-v1,5477ab05b549b750fa32dc9a1bc61898f74ebf21,b51fa1bd9bd3db00079057822b5f305afd048981c6fdee344634f6bd7c48b6bb,controlled_kernel,jellyfish-turboplonk-0.8.0-bn254-kzg,default,{},key_load,256,16,,false,,,,,,,,,,,,,,,not-applicable,,,Jellyfish exposes no stable per-proof hook for this phase,,,,,,,,,,,,,,,measured,controlled implementation pilot; not paper-final evidence,measurement,true
C2-CONTROLLED-SNARK,controlled-plonk-pilot-v1,5477ab05b549b750fa32dc9a1bc61898f74ebf21,b51fa1bd9bd3db00079057822b5f305afd048981c6fdee344634f6bd7c48b6bb,controlled_kernel,jellyfish-turboplonk-0.8.0-bn254-kzg,default,{},key_load,1024,1,,false,,,,,,,,,,,,,,,not-applicable,,,Jellyfish exposes no stable per-proof hook for this phase,,,,,,,,,,,,,,,measured,controlled implementation pilot; not paper-final evidence,measurement,true
C2-CONTROLLED-SNARK,controlled-plonk-pilot-v1,5477ab05b549b750fa32dc9a1bc61898f74ebf21,b51fa1bd9bd3db00079057822b5f305afd048981c6fdee344634f6bd7c48b6bb,controlled_kernel,jellyfish-turboplonk-0.8.0-bn254-kzg,default,{},key_load,1024,1,wrong_public_input,false,,,,,,,,,,,,,,,not-applicable,,,Jellyfish exposes no stable per-proof hook for this phase,,,,,,,,,,,,,,,measured,controlled implementation pilot; not paper-final evidence,measurement,true
C2-CONTROLLED-SNARK,controlled-plonk-pilot-v1,5477ab05b549b750fa32dc9a1bc61898f74ebf21,b51fa1bd9bd3db00079057822b5f305afd048981c6fdee344634f6bd7c48b6bb,controlled_kernel,jellyfish-turboplonk-0.8.0-bn254-kzg,default,{},key_load,1024,2,,false,,,,,,,,,,,,,,,not-applicable,,,Jellyfish exposes no stable per-proof hook for this phase,,,,,,,,,,,,,,,measured,controlled implementation pilot; not paper-final evidence,measurement,true
C2-CONTROLLED-SNARK,controlled-plonk-pilot-v1,5477ab05b549b750fa32dc9a1bc61898f74ebf21,b51fa1bd9bd3db00079057822b5f305afd048981c6fdee344634f6bd7c48b6bb,controlled_kernel,jellyfish-turboplonk-0.8.0-bn254-kzg,default,{},key_load,1024,4,,false,,,,,,,,,,,,,,,not-applicable,,,Jellyfish exposes no stable per-proof hook for this phase,,,,,,,,,,,,,,,measured,controlled implementation pilot; not paper-final evidence,measurement,true
C2-CONTROLLED-SNARK,controlled-plonk-pilot-v1,5477ab05b549b750fa32dc9a1bc61898f74ebf21,b51fa1bd9bd3db00079057822b5f305afd048981c6fdee344634f6bd7c48b6bb,controlled_kernel,jellyfish-turboplonk-0.8.0-bn254-kzg,default,{},key_load,1024,4,wrong_public_input,false,,,,,,,,,,,,,,,not-applicable,,,Jellyfish exposes no stable per-proof hook for this phase,,,,,,,,,,,,,,,measured,controlled implementation pilot; not paper-final evidence,measurement,true
C2-CONTROLLED-SNARK,controlled-plonk-pilot-v1,5477ab05b549b750fa32dc9a1bc61898f74ebf21,b51fa1bd9bd3db00079057822b5f305afd048981c6fdee344634f6bd7c48b6bb,controlled_kernel,jellyfish-turboplonk-0.8.0-bn254-kzg,default,{},key_load,1024,8,,false,,,,,,,,,,,,,,,not-applicable,,,Jellyfish exposes no stable per-proof hook for this phase,,,,,,,,,,,,,,,measured,controlled implementation pilot; not paper-final evidence,measurement,true
C2-CONTROLLED-SNARK,controlled-plonk-pilot-v1,5477ab05b549b750fa32dc9a1bc61898f74ebf21,b51fa1bd9bd3db00079057822b5f305afd048981c6fdee344634f6bd7c48b6bb,controlled_kernel,jellyfish-turboplonk-0.8.0-bn254-kzg,default,{},key_load,1024,8,wrong_public_input,false,,,,,,,,,,,,,,,not-applicable,,,Jellyfish exposes no stable per-proof hook for this phase,,,,,,,,,,,,,,,measured,controlled implementation pilot; not paper-final evidence,measurement,true
C2-CONTROLLED-SNARK,controlled-plonk-pilot-v1,5477ab05b549b750fa32dc9a1bc61898f74ebf21,b51fa1bd9bd3db00079057822b5f305afd048981c6fdee344634f6bd7c48b6bb,controlled_kernel,jellyfish-turboplonk-0.8.0-bn254-kzg,default,{},key_load,1024,16,,false,,,,,,,,,,,,,,,not-applicable,,,Jellyfish exposes no stable per-proof hook for this phase,,,,,,,,,,,,,,,measured,controlled implementation pilot; not paper-final evidence,measurement,true
C2-CONTROLLED-SNARK,controlled-plonk-pilot-v1,5477ab05b549b750fa32dc9a1bc61898f74ebf21,b51fa1bd9bd3db00079057822b5f305afd048981c6fdee344634f6bd7c48b6bb,controlled_kernel,jellyfish-turboplonk-0.8.0-bn254-kzg,default,{},key_load,4096,1,,false,,,,,,,,,,,,,,,not-applicable,,,Jellyfish exposes no stable per-proof hook for this phase,,,,,,,,,,,,,,,measured,controlled implementation pilot; not paper-final evidence,measurement,true
C2-CONTROLLED-SNARK,controlled-plonk-pilot-v1,5477ab05b549b750fa32dc9a1bc61898f74ebf21,b51fa1bd9bd3db00079057822b5f305afd048981c6fdee344634f6bd7c48b6bb,controlled_kernel,jellyfish-turboplonk-0.8.0-bn254-kzg,default,{},key_load,4096,1,wrong_public_input,false,,,,,,,,,,,,,,,not-applicable,,,Jellyfish exposes no stable per-proof hook for this phase,,,,,,,,,,,,,,,measured,controlled implementation pilot; not paper-final evidence,measurement,true
C2-CONTROLLED-SNARK,controlled-plonk-pilot-v1,5477ab05b549b750fa32dc9a1bc61898f74ebf21,b51fa1bd9bd3db00079057822b5f305afd048981c6fdee344634f6bd7c48b6bb,controlled_kernel,jellyfish-turboplonk-0.8.0-bn254-kzg,default,{},key_load,4096,2,,false,,,,,,,,,,,,,,,not-applicable,,,Jellyfish exposes no stable per-proof hook for this phase,,,,,,,,,,,,,,,measured,controlled implementation pilot; not paper-final evidence,measurement,true
C2-CONTROLLED-SNARK,controlled-plonk-pilot-v1,5477ab05b549b750fa32dc9a1bc61898f74ebf21,b51fa1bd9bd3db00079057822b5f305afd048981c6fdee344634f6bd7c48b6bb,controlled_kernel,jellyfish-turboplonk-0.8.0-bn254-kzg,default,{},key_load,4096,4,,false,,,,,,,,,,,,,,,not-applicable,,,Jellyfish exposes no stable per-proof hook for this phase,,,,,,,,,,,,,,,measured,controlled implementation pilot; not paper-final evidence,measurement,true
C2-CONTROLLED-SNARK,controlled-plonk-pilot-v1,5477ab05b549b750fa32dc9a1bc61898f74ebf21,b51fa1bd9bd3db00079057822b5f305afd048981c6fdee344634f6bd7c48b6bb,controlled_kernel,jellyfish-turboplonk-0.8.0-bn254-kzg,default,{},key_load,4096,4,wrong_public_input,false,,,,,,,,,,,,,,,not-applicable,,,Jellyfish exposes no stable per-proof hook for this phase,,,,,,,,,,,,,,,measured,controlled implementation pilot; not paper-final evidence,measurement,true
C2-CONTROLLED-SNARK,controlled-plonk-pilot-v1,5477ab05b549b750fa32dc9a1bc61898f74ebf21,b51fa1bd9bd3db00079057822b5f305afd048981c6fdee344634f6bd7c48b6bb,controlled_kernel,jellyfish-turboplonk-0.8.0-bn254-kzg,default,{},key_load,4096,8,,false,,,,,,,,,,,,,,,not-applicable,,,Jellyfish exposes no stable per-proof hook for this phase,,,,,,,,,,,,,,,measured,controlled implementation pilot; not paper-final evidence,measurement,true
C2-CONTROLLED-SNARK,controlled-plonk-pilot-v1,5477ab05b549b750fa32dc9a1bc61898f74ebf21,b51fa1bd9bd3db00079057822b5f305afd048981c6fdee344634f6bd7c48b6bb,controlled_kernel,jellyfish-turboplonk-0.8.0-bn254-kzg,default,{},key_load,4096,8,wrong_public_input,false,,,,,,,,,,,,,,,not-applicable,,,Jellyfish exposes no stable per-proof hook for this phase,,,,,,,,,,,,,,,measured,controlled implementation pilot; not paper-final evidence,measurement,true
C2-CONTROLLED-SNARK,controlled-plonk-pilot-v1,5477ab05b549b750fa32dc9a1bc61898f74ebf21,b51fa1bd9bd3db00079057822b5f305afd048981c6fdee344634f6bd7c48b6bb,controlled_kernel,jellyfish-turboplonk-0.8.0-bn254-kzg,default,{},key_load,4096,16,,false,,,,,,,,,,,,,,,not-applicable,,,Jellyfish exposes no stable per-proof hook for this phase,,,,,,,,,,,,,,,measured,controlled implementation pilot; not paper-final evidence,measurement,true
C2-CONTROLLED-SNARK,controlled-plonk-pilot-v1,5477ab05b549b750fa32dc9a1bc61898f74ebf21,b51fa1bd9bd3db00079057822b5f305afd048981c6fdee344634f6bd7c48b6bb,controlled_kernel,jellyfish-turboplonk-0.8.0-bn254-kzg,default,{},msm,64,1,,false,,,,,,,,,,,,,,,not-applicable,,,Jellyfish exposes no stable per-proof hook for this phase,,,,,,,,,,,,,,,measured,controlled implementation pilot; not paper-final evidence,measurement,true
C2-CONTROLLED-SNARK,controlled-plonk-pilot-v1,5477ab05b549b750fa32dc9a1bc61898f74ebf21,b51fa1bd9bd3db00079057822b5f305afd048981c6fdee344634f6bd7c48b6bb,controlled_kernel,jellyfish-turboplonk-0.8.0-bn254-kzg,default,{},msm,64,1,wrong_public_input,false,,,,,,,,,,,,,,,not-applicable,,,Jellyfish exposes no stable per-proof hook for this phase,,,,,,,,,,,,,,,measured,controlled implementation pilot; not paper-final evidence,measurement,true
C2-CONTROLLED-SNARK,controlled-plonk-pilot-v1,5477ab05b549b750fa32dc9a1bc61898f74ebf21,b51fa1bd9bd3db00079057822b5f305afd048981c6fdee344634f6bd7c48b6bb,controlled_kernel,jellyfish-turboplonk-0.8.0-bn254-kzg,default,{},msm,64,2,,false,,,,,,,,,,,,,,,not-applicable,,,Jellyfish exposes no stable per-proof hook for this phase,,,,,,,,,,,,,,,measured,controlled implementation pilot; not paper-final evidence,measurement,true
C2-CONTROLLED-SNARK,controlled-plonk-pilot-v1,5477ab05b549b750fa32dc9a1bc61898f74ebf21,b51fa1bd9bd3db00079057822b5f305afd048981c6fdee344634f6bd7c48b6bb,controlled_kernel,jellyfish-turboplonk-0.8.0-bn254-kzg,default,{},msm,64,4,,false,,,,,,,,,,,,,,,not-applicable,,,Jellyfish exposes no stable per-proof hook for this phase,,,,,,,,,,,,,,,measured,controlled implementation pilot; not paper-final evidence,measurement,true
C2-CONTROLLED-SNARK,controlled-plonk-pilot-v1,5477ab05b549b750fa32dc9a1bc61898f74ebf21,b51fa1bd9bd3db00079057822b5f305afd048981c6fdee344634f6bd7c48b6bb,controlled_kernel,jellyfish-turboplonk-0.8.0-bn254-kzg,default,{},msm,64,4,wrong_public_input,false,,,,,,,,,,,,,,,not-applicable,,,Jellyfish exposes no stable per-proof hook for this phase,,,,,,,,,,,,,,,measured,controlled implementation pilot; not paper-final evidence,measurement,true
C2-CONTROLLED-SNARK,controlled-plonk-pilot-v1,5477ab05b549b750fa32dc9a1bc61898f74ebf21,b51fa1bd9bd3db00079057822b5f305afd048981c6fdee344634f6bd7c48b6bb,controlled_kernel,jellyfish-turboplonk-0.8.0-bn254-kzg,default,{},msm,64,8,,false,,,,,,,,,,,,,,,not-applicable,,,Jellyfish exposes no stable per-proof hook for this phase,,,,,,,,,,,,,,,measured,controlled implementation pilot; not paper-final evidence,measurement,true
C2-CONTROLLED-SNARK,controlled-plonk-pilot-v1,5477ab05b549b750fa32dc9a1bc61898f74ebf21,b51fa1bd9bd3db00079057822b5f305afd048981c6fdee344634f6bd7c48b6bb,controlled_kernel,jellyfish-turboplonk-0.8.0-bn254-kzg,default,{},msm,64,8,wrong_public_input,false,,,,,,,,,,,,,,,not-applicable,,,Jellyfish exposes no stable per-proof hook for this phase,,,,,,,,,,,,,,,measured,controlled implementation pilot; not paper-final evidence,measurement,true
C2-CONTROLLED-SNARK,controlled-plonk-pilot-v1,5477ab05b549b750fa32dc9a1bc61898f74ebf21,b51fa1bd9bd3db00079057822b5f305afd048981c6fdee344634f6bd7c48b6bb,controlled_kernel,jellyfish-turboplonk-0.8.0-bn254-kzg,default,{},msm,64,16,,false,,,,,,,,,,,,,,,not-applicable,,,Jellyfish exposes no stable per-proof hook for this phase,,,,,,,,,,,,,,,measured,controlled implementation pilot; not paper-final evidence,measurement,true
C2-CONTROLLED-SNARK,controlled-plonk-pilot-v1,5477ab05b549b750fa32dc9a1bc61898f74ebf21,b51fa1bd9bd3db00079057822b5f305afd048981c6fdee344634f6bd7c48b6bb,controlled_kernel,jellyfish-turboplonk-0.8.0-bn254-kzg,default,{},msm,256,1,,false,,,,,,,,,,,,,,,not-applicable,,,Jellyfish exposes no stable per-proof hook for this phase,,,,,,,,,,,,,,,measured,controlled implementation pilot; not paper-final evidence,measurement,true
C2-CONTROLLED-SNARK,controlled-plonk-pilot-v1,5477ab05b549b750fa32dc9a1bc61898f74ebf21,b51fa1bd9bd3db00079057822b5f305afd048981c6fdee344634f6bd7c48b6bb,controlled_kernel,jellyfish-turboplonk-0.8.0-bn254-kzg,default,{},msm,256,2,,false,,,,,,,,,,,,,,,not-applicable,,,Jellyfish exposes no stable per-proof hook for this phase,,,,,,,,,,,,,,,measured,controlled implementation pilot; not paper-final evidence,measurement,true
C2-CONTROLLED-SNARK,controlled-plonk-pilot-v1,5477ab05b549b750fa32dc9a1bc61898f74ebf21,b51fa1bd9bd3db00079057822b5f305afd048981c6fdee344634f6bd7c48b6bb,controlled_kernel,jellyfish-turboplonk-0.8.0-bn254-kzg,default,{},msm,256,4,,false,,,,,,,,,,,,,,,not-applicable,,,Jellyfish exposes no stable per-proof hook for this phase,,,,,,,,,,,,,,,measured,controlled implementation pilot; not paper-final evidence,measurement,true
C2-CONTROLLED-SNARK,controlled-plonk-pilot-v1,5477ab05b549b750fa32dc9a1bc61898f74ebf21,b51fa1bd9bd3db00079057822b5f305afd048981c6fdee344634f6bd7c48b6bb,controlled_kernel,jellyfish-turboplonk-0.8.0-bn254-kzg,default,{},msm,256,8,,false,,,,,,,,,,,,,,,not-applicable,,,Jellyfish exposes no stable per-proof hook for this phase,,,,,,,,,,,,,,,measured,controlled implementation pilot; not paper-final evidence,measurement,true
C2-CONTROLLED-SNARK,controlled-plonk-pilot-v1,5477ab05b549b750fa32dc9a1bc61898f74ebf21,b51fa1bd9bd3db00079057822b5f305afd048981c6fdee344634f6bd7c48b6bb,controlled_kernel,jellyfish-turboplonk-0.8.0-bn254-kzg,default,{},msm,256,16,,false,,,,,,,,,,,,,,,not-applicable,,,Jellyfish exposes no stable per-proof hook for this phase,,,,,,,,,,,,,,,measured,controlled implementation pilot; not paper-final evidence,measurement,true
C2-CONTROLLED-SNARK,controlled-plonk-pilot-v1,5477ab05b549b750fa32dc9a1bc61898f74ebf21,b51fa1bd9bd3db00079057822b5f305afd048981c6fdee344634f6bd7c48b6bb,controlled_kernel,jellyfish-turboplonk-0.8.0-bn254-kzg,default,{},msm,1024,1,,false,,,,,,,,,,,,,,,not-applicable,,,Jellyfish exposes no stable per-proof hook for this phase,,,,,,,,,,,,,,,measured,controlled implementation pilot; not paper-final evidence,measurement,true
C2-CONTROLLED-SNARK,controlled-plonk-pilot-v1,5477ab05b549b750fa32dc9a1bc61898f74ebf21,b51fa1bd9bd3db00079057822b5f305afd048981c6fdee344634f6bd7c48b6bb,controlled_kernel,jellyfish-turboplonk-0.8.0-bn254-kzg,default,{},msm,1024,1,wrong_public_input,false,,,,,,,,,,,,,,,not-applicable,,,Jellyfish exposes no stable per-proof hook for this phase,,,,,,,,,,,,,,,measured,controlled implementation pilot; not paper-final evidence,measurement,true
C2-CONTROLLED-SNARK,controlled-plonk-pilot-v1,5477ab05b549b750fa32dc9a1bc61898f74ebf21,b51fa1bd9bd3db00079057822b5f305afd048981c6fdee344634f6bd7c48b6bb,controlled_kernel,jellyfish-turboplonk-0.8.0-bn254-kzg,default,{},msm,1024,2,,false,,,,,,,,,,,,,,,not-applicable,,,Jellyfish exposes no stable per-proof hook for this phase,,,,,,,,,,,,,,,measured,controlled implementation pilot; not paper-final evidence,measurement,true
C2-CONTROLLED-SNARK,controlled-plonk-pilot-v1,5477ab05b549b750fa32dc9a1bc61898f74ebf21,b51fa1bd9bd3db00079057822b5f305afd048981c6fdee344634f6bd7c48b6bb,controlled_kernel,jellyfish-turboplonk-0.8.0-bn254-kzg,default,{},msm,1024,4,,false,,,,,,,,,,,,,,,not-applicable,,,Jellyfish exposes no stable per-proof hook for this phase,,,,,,,,,,,,,,,measured,controlled implementation pilot; not paper-final evidence,measurement,true
C2-CONTROLLED-SNARK,controlled-plonk-pilot-v1,5477ab05b549b750fa32dc9a1bc61898f74ebf21,b51fa1bd9bd3db00079057822b5f305afd048981c6fdee344634f6bd7c48b6bb,controlled_kernel,jellyfish-turboplonk-0.8.0-bn254-kzg,default,{},msm,1024,4,wrong_public_input,false,,,,,,,,,,,,,,,not-applicable,,,Jellyfish exposes no stable per-proof hook for this phase,,,,,,,,,,,,,,,measured,controlled implementation pilot; not paper-final evidence,measurement,true
C2-CONTROLLED-SNARK,controlled-plonk-pilot-v1,5477ab05b549b750fa32dc9a1bc61898f74ebf21,b51fa1bd9bd3db00079057822b5f305afd048981c6fdee344634f6bd7c48b6bb,controlled_kernel,jellyfish-turboplonk-0.8.0-bn254-kzg,default,{},msm,1024,8,,false,,,,,,,,,,,,,,,not-applicable,,,Jellyfish exposes no stable per-proof hook for this phase,,,,,,,,,,,,,,,measured,controlled implementation pilot; not paper-final evidence,measurement,true
C2-CONTROLLED-SNARK,controlled-plonk-pilot-v1,5477ab05b549b750fa32dc9a1bc61898f74ebf21,b51fa1bd9bd3db00079057822b5f305afd048981c6fdee344634f6bd7c48b6bb,controlled_kernel,jellyfish-turboplonk-0.8.0-bn254-kzg,default,{},msm,1024,8,wrong_public_input,false,,,,,,,,,,,,,,,not-applicable,,,Jellyfish exposes no stable per-proof hook for this phase,,,,,,,,,,,,,,,measured,controlled implementation pilot; not paper-final evidence,measurement,true
C2-CONTROLLED-SNARK,controlled-plonk-pilot-v1,5477ab05b549b750fa32dc9a1bc61898f74ebf21,b51fa1bd9bd3db00079057822b5f305afd048981c6fdee344634f6bd7c48b6bb,controlled_kernel,jellyfish-turboplonk-0.8.0-bn254-kzg,default,{},msm,1024,16,,false,,,,,,,,,,,,,,,not-applicable,,,Jellyfish exposes no stable per-proof hook for this phase,,,,,,,,,,,,,,,measured,controlled implementation pilot; not paper-final evidence,measurement,true
C2-CONTROLLED-SNARK,controlled-plonk-pilot-v1,5477ab05b549b750fa32dc9a1bc61898f74ebf21,b51fa1bd9bd3db00079057822b5f305afd048981c6fdee344634f6bd7c48b6bb,controlled_kernel,jellyfish-turboplonk-0.8.0-bn254-kzg,default,{},msm,4096,1,,false,,,,,,,,,,,,,,,not-applicable,,,Jellyfish exposes no stable per-proof hook for this phase,,,,,,,,,,,,,,,measured,controlled implementation pilot; not paper-final evidence,measurement,true
C2-CONTROLLED-SNARK,controlled-plonk-pilot-v1,5477ab05b549b750fa32dc9a1bc61898f74ebf21,b51fa1bd9bd3db00079057822b5f305afd048981c6fdee344634f6bd7c48b6bb,controlled_kernel,jellyfish-turboplonk-0.8.0-bn254-kzg,default,{},msm,4096,1,wrong_public_input,false,,,,,,,,,,,,,,,not-applicable,,,Jellyfish exposes no stable per-proof hook for this phase,,,,,,,,,,,,,,,measured,controlled implementation pilot; not paper-final evidence,measurement,true
C2-CONTROLLED-SNARK,controlled-plonk-pilot-v1,5477ab05b549b750fa32dc9a1bc61898f74ebf21,b51fa1bd9bd3db00079057822b5f305afd048981c6fdee344634f6bd7c48b6bb,controlled_kernel,jellyfish-turboplonk-0.8.0-bn254-kzg,default,{},msm,4096,2,,false,,,,,,,,,,,,,,,not-applicable,,,Jellyfish exposes no stable per-proof hook for this phase,,,,,,,,,,,,,,,measured,controlled implementation pilot; not paper-final evidence,measurement,true
C2-CONTROLLED-SNARK,controlled-plonk-pilot-v1,5477ab05b549b750fa32dc9a1bc61898f74ebf21,b51fa1bd9bd3db00079057822b5f305afd048981c6fdee344634f6bd7c48b6bb,controlled_kernel,jellyfish-turboplonk-0.8.0-bn254-kzg,default,{},msm,4096,4,,false,,,,,,,,,,,,,,,not-applicable,,,Jellyfish exposes no stable per-proof hook for this phase,,,,,,,,,,,,,,,measured,controlled implementation pilot; not paper-final evidence,measurement,true
C2-CONTROLLED-SNARK,controlled-plonk-pilot-v1,5477ab05b549b750fa32dc9a1bc61898f74ebf21,b51fa1bd9bd3db00079057822b5f305afd048981c6fdee344634f6bd7c48b6bb,controlled_kernel,jellyfish-turboplonk-0.8.0-bn254-kzg,default,{},msm,4096,4,wrong_public_input,false,,,,,,,,,,,,,,,not-applicable,,,Jellyfish exposes no stable per-proof hook for this phase,,,,,,,,,,,,,,,measured,controlled implementation pilot; not paper-final evidence,measurement,true
C2-CONTROLLED-SNARK,controlled-plonk-pilot-v1,5477ab05b549b750fa32dc9a1bc61898f74ebf21,b51fa1bd9bd3db00079057822b5f305afd048981c6fdee344634f6bd7c48b6bb,controlled_kernel,jellyfish-turboplonk-0.8.0-bn254-kzg,default,{},msm,4096,8,,false,,,,,,,,,,,,,,,not-applicable,,,Jellyfish exposes no stable per-proof hook for this phase,,,,,,,,,,,,,,,measured,controlled implementation pilot; not paper-final evidence,measurement,true
C2-CONTROLLED-SNARK,controlled-plonk-pilot-v1,5477ab05b549b750fa32dc9a1bc61898f74ebf21,b51fa1bd9bd3db00079057822b5f305afd048981c6fdee344634f6bd7c48b6bb,controlled_kernel,jellyfish-turboplonk-0.8.0-bn254-kzg,default,{},msm,4096,8,wrong_public_input,false,,,,,,,,,,,,,,,not-applicable,,,Jellyfish exposes no stable per-proof hook for this phase,,,,,,,,,,,,,,,measured,controlled implementation pilot; not paper-final evidence,measurement,true
C2-CONTROLLED-SNARK,controlled-plonk-pilot-v1,5477ab05b549b750fa32dc9a1bc61898f74ebf21,b51fa1bd9bd3db00079057822b5f305afd048981c6fdee344634f6bd7c48b6bb,controlled_kernel,jellyfish-turboplonk-0.8.0-bn254-kzg,default,{},msm,4096,16,,false,,,,,,,,,,,,,,,not-applicable,,,Jellyfish exposes no stable per-proof hook for this phase,,,,,,,,,,,,,,,measured,controlled implementation pilot; not paper-final evidence,measurement,true
C2-CONTROLLED-SNARK,controlled-plonk-pilot-v1,5477ab05b549b750fa32dc9a1bc61898f74ebf21,b51fa1bd9bd3db00079057822b5f305afd048981c6fdee344634f6bd7c48b6bb,controlled_kernel,jellyfish-turboplonk-0.8.0-bn254-kzg,default,{},native_execution,64,1,,true,3,0.696968,0.592332,0.990754,1.075558,0.015169,1.084981,,,,,,,,not-applicable,,,,,,,,,,,,,,,,,,measured,controlled implementation pilot; not paper-final evidence,measurement,true
C2-CONTROLLED-SNARK,controlled-plonk-pilot-v1,5477ab05b549b750fa32dc9a1bc61898f74ebf21,b51fa1bd9bd3db00079057822b5f305afd048981c6fdee344634f6bd7c48b6bb,controlled_kernel,jellyfish-turboplonk-0.8.0-bn254-kzg,default,{},native_execution,64,1,wrong_public_input,true,3,0.939070,0.073329,0.905665,1.011405,0.888392,1.023154,,,,,,,,not-applicable,,,,,,,,,,,,,,,,,,measured,controlled implementation pilot; not paper-final evidence,measurement,true
C2-CONTROLLED-SNARK,controlled-plonk-pilot-v1,5477ab05b549b750fa32dc9a1bc61898f74ebf21,b51fa1bd9bd3db00079057822b5f305afd048981c6fdee344634f6bd7c48b6bb,controlled_kernel,jellyfish-turboplonk-0.8.0-bn254-kzg,default,{},native_execution,64,2,,true,3,0.981586,0.074050,0.963838,1.052991,0.918022,1.062897,,,,,,,,not-applicable,,,,,,,,,,,,,,,,,,measured,controlled implementation pilot; not paper-final evidence,measurement,true
C2-CONTROLLED-SNARK,controlled-plonk-pilot-v1,5477ab05b549b750fa32dc9a1bc61898f74ebf21,b51fa1bd9bd3db00079057822b5f305afd048981c6fdee344634f6bd7c48b6bb,controlled_kernel,jellyfish-turboplonk-0.8.0-bn254-kzg,default,{},native_execution,64,4,,true,3,0.984179,0.088465,1.017093,1.048031,0.883975,1.051469,,,,,,,,not-applicable,,,,,,,,,,,,,,,,,,measured,controlled implementation pilot; not paper-final evidence,measurement,true
C2-CONTROLLED-SNARK,controlled-plonk-pilot-v1,5477ab05b549b750fa32dc9a1bc61898f74ebf21,b51fa1bd9bd3db00079057822b5f305afd048981c6fdee344634f6bd7c48b6bb,controlled_kernel,jellyfish-turboplonk-0.8.0-bn254-kzg,default,{},native_execution,64,4,wrong_public_input,true,3,1.038981,0.096117,0.987593,1.133641,0.979482,1.149869,,,,,,,,not-applicable,,,,,,,,,,,,,,,,,,measured,controlled implementation pilot; not paper-final evidence,measurement,true
C2-CONTROLLED-SNARK,controlled-plonk-pilot-v1,5477ab05b549b750fa32dc9a1bc61898f74ebf21,b51fa1bd9bd3db00079057822b5f305afd048981c6fdee344634f6bd7c48b6bb,controlled_kernel,jellyfish-turboplonk-0.8.0-bn254-kzg,default,{},native_execution,64,8,,true,3,1.033417,0.186059,0.936041,1.216765,0.916255,1.247956,,,,,,,,not-applicable,,,,,,,,,,,,,,,,,,measured,controlled implementation pilot; not paper-final evidence,measurement,true
C2-CONTROLLED-SNARK,controlled-plonk-pilot-v1,5477ab05b549b750fa32dc9a1bc61898f74ebf21,b51fa1bd9bd3db00079057822b5f305afd048981c6fdee344634f6bd7c48b6bb,controlled_kernel,jellyfish-turboplonk-0.8.0-bn254-kzg,default,{},native_execution,64,8,wrong_public_input,true,3,1.010659,0.119274,0.974744,1.126862,0.913469,1.143764,,,,,,,,not-applicable,,,,,,,,,,,,,,,,,,measured,controlled implementation pilot; not paper-final evidence,measurement,true
C2-CONTROLLED-SNARK,controlled-plonk-pilot-v1,5477ab05b549b750fa32dc9a1bc61898f74ebf21,b51fa1bd9bd3db00079057822b5f305afd048981c6fdee344634f6bd7c48b6bb,controlled_kernel,jellyfish-turboplonk-0.8.0-bn254-kzg,default,{},native_execution,64,16,,true,3,0.878894,0.135802,0.807333,1.012693,0.793837,1.035511,,,,,,,,not-applicable,,,,,,,,,,,,,,,,,,measured,controlled implementation pilot; not paper-final evidence,measurement,true
C2-CONTROLLED-SNARK,controlled-plonk-pilot-v1,5477ab05b549b750fa32dc9a1bc61898f74ebf21,b51fa1bd9bd3db00079057822b5f305afd048981c6fdee344634f6bd7c48b6bb,controlled_kernel,jellyfish-turboplonk-0.8.0-bn254-kzg,default,{},native_execution,256,1,,true,3,0.947508,0.059278,0.922460,1.005925,0.904866,1.015199,,,,,,,,not-applicable,,,,,,,,,,,,,,,,,,measured,controlled implementation pilot; not paper-final evidence,measurement,true
C2-CONTROLLED-SNARK,controlled-plonk-pilot-v1,5477ab05b549b750fa32dc9a1bc61898f74ebf21,b51fa1bd9bd3db00079057822b5f305afd048981c6fdee344634f6bd7c48b6bb,controlled_kernel,jellyfish-turboplonk-0.8.0-bn254-kzg,default,{},native_execution,256,2,,true,3,0.625918,0.524939,0.924069,0.932905,0.019797,0.933887,,,,,,,,not-applicable,,,,,,,,,,,,,,,,,,measured,controlled implementation pilot; not paper-final evidence,measurement,true
C2-CONTROLLED-SNARK,controlled-plonk-pilot-v1,5477ab05b549b750fa32dc9a1bc61898f74ebf21,b51fa1bd9bd3db00079057822b5f305afd048981c6fdee344634f6bd7c48b6bb,controlled_kernel,jellyfish-turboplonk-0.8.0-bn254-kzg,default,{},native_execution,256,4,,true,3,0.986916,0.051738,0.967761,1.037726,0.947488,1.045500,,,,,,,,not-applicable,,,,,,,,,,,,,,,,,,measured,controlled implementation pilot; not paper-final evidence,measurement,true
C2-CONTROLLED-SNARK,controlled-plonk-pilot-v1,5477ab05b549b750fa32dc9a1bc61898f74ebf21,b51fa1bd9bd3db00079057822b5f305afd048981c6fdee344634f6bd7c48b6bb,controlled_kernel,jellyfish-turboplonk-0.8.0-bn254-kzg,default,{},native_execution,256,8,,true,3,0.970512,0.064412,0.979602,1.024867,0.902038,1.029896,,,,,,,,not-applicable,,,,,,,,,,,,,,,,,,measured,controlled implementation pilot; not paper-final evidence,measurement,true
C2-CONTROLLED-SNARK,controlled-plonk-pilot-v1,5477ab05b549b750fa32dc9a1bc61898f74ebf21,b51fa1bd9bd3db00079057822b5f305afd048981c6fdee344634f6bd7c48b6bb,controlled_kernel,jellyfish-turboplonk-0.8.0-bn254-kzg,default,{},native_execution,256,16,,true,3,1.023621,0.069568,1.005260,1.091001,0.965075,1.100528,,,,,,,,not-applicable,,,,,,,,,,,,,,,,,,measured,controlled implementation pilot; not paper-final evidence,measurement,true
C2-CONTROLLED-SNARK,controlled-plonk-pilot-v1,5477ab05b549b750fa32dc9a1bc61898f74ebf21,b51fa1bd9bd3db00079057822b5f305afd048981c6fdee344634f6bd7c48b6bb,controlled_kernel,jellyfish-turboplonk-0.8.0-bn254-kzg,default,{},native_execution,1024,1,,true,3,0.694490,0.580202,1.003270,1.049830,0.025197,1.055003,,,,,,,,not-applicable,,,,,,,,,,,,,,,,,,measured,controlled implementation pilot; not paper-final evidence,measurement,true
C2-CONTROLLED-SNARK,controlled-plonk-pilot-v1,5477ab05b549b750fa32dc9a1bc61898f74ebf21,b51fa1bd9bd3db00079057822b5f305afd048981c6fdee344634f6bd7c48b6bb,controlled_kernel,jellyfish-turboplonk-0.8.0-bn254-kzg,default,{},native_execution,1024,1,wrong_public_input,true,3,0.913770,0.036580,0.913881,0.946654,0.877135,0.950295,,,,,,,,not-applicable,,,,,,,,,,,,,,,,,,measured,controlled implementation pilot; not paper-final evidence,measurement,true
C2-CONTROLLED-SNARK,controlled-plonk-pilot-v1,5477ab05b549b750fa32dc9a1bc61898f74ebf21,b51fa1bd9bd3db00079057822b5f305afd048981c6fdee344634f6bd7c48b6bb,controlled_kernel,jellyfish-turboplonk-0.8.0-bn254-kzg,default,{},native_execution,1024,2,,true,3,1.084822,0.179229,1.080701,1.247539,0.907689,1.266076,,,,,,,,not-applicable,,,,,,,,,,,,,,,,,,measured,controlled implementation pilot; not paper-final evidence,measurement,true
C2-CONTROLLED-SNARK,controlled-plonk-pilot-v1,5477ab05b549b750fa32dc9a1bc61898f74ebf21,b51fa1bd9bd3db00079057822b5f305afd048981c6fdee344634f6bd7c48b6bb,controlled_kernel,jellyfish-turboplonk-0.8.0-bn254-kzg,default,{},native_execution,1024,4,,true,3,1.077782,0.249786,0.977389,1.323669,0.893813,1.362145,,,,,,,,not-applicable,,,,,,,,,,,,,,,,,,measured,controlled implementation pilot; not paper-final evidence,measurement,true
C2-CONTROLLED-SNARK,controlled-plonk-pilot-v1,5477ab05b549b750fa32dc9a1bc61898f74ebf21,b51fa1bd9bd3db00079057822b5f305afd048981c6fdee344634f6bd7c48b6bb,controlled_kernel,jellyfish-turboplonk-0.8.0-bn254-kzg,default,{},native_execution,1024,4,wrong_public_input,true,3,0.941766,0.020921,0.946792,0.958424,0.918790,0.959716,,,,,,,,not-applicable,,,,,,,,,,,,,,,,,,measured,controlled implementation pilot; not paper-final evidence,measurement,true
C2-CONTROLLED-SNARK,controlled-plonk-pilot-v1,5477ab05b549b750fa32dc9a1bc61898f74ebf21,b51fa1bd9bd3db00079057822b5f305afd048981c6fdee344634f6bd7c48b6bb,controlled_kernel,jellyfish-turboplonk-0.8.0-bn254-kzg,default,{},native_execution,1024,8,,true,3,0.813594,0.720471,0.972367,1.394529,0.026980,1.441436,,,,,,,,not-applicable,,,,,,,,,,,,,,,,,,measured,controlled implementation pilot; not paper-final evidence,measurement,true
C2-CONTROLLED-SNARK,controlled-plonk-pilot-v1,5477ab05b549b750fa32dc9a1bc61898f74ebf21,b51fa1bd9bd3db00079057822b5f305afd048981c6fdee344634f6bd7c48b6bb,controlled_kernel,jellyfish-turboplonk-0.8.0-bn254-kzg,default,{},native_execution,1024,8,wrong_public_input,true,3,0.986793,0.127554,0.926934,1.112635,0.900178,1.133268,,,,,,,,not-applicable,,,,,,,,,,,,,,,,,,measured,controlled implementation pilot; not paper-final evidence,measurement,true
C2-CONTROLLED-SNARK,controlled-plonk-pilot-v1,5477ab05b549b750fa32dc9a1bc61898f74ebf21,b51fa1bd9bd3db00079057822b5f305afd048981c6fdee344634f6bd7c48b6bb,controlled_kernel,jellyfish-turboplonk-0.8.0-bn254-kzg,default,{},native_execution,1024,16,,true,3,0.981073,0.053286,1.000721,1.019643,0.920753,1.021745,,,,,,,,not-applicable,,,,,,,,,,,,,,,,,,measured,controlled implementation pilot; not paper-final evidence,measurement,true
C2-CONTROLLED-SNARK,controlled-plonk-pilot-v1,5477ab05b549b750fa32dc9a1bc61898f74ebf21,b51fa1bd9bd3db00079057822b5f305afd048981c6fdee344634f6bd7c48b6bb,controlled_kernel,jellyfish-turboplonk-0.8.0-bn254-kzg,default,{},native_execution,4096,1,,true,3,1.015842,0.042186,1.031977,1.046019,0.967970,1.047579,,,,,,,,not-applicable,,,,,,,,,,,,,,,,,,measured,controlled implementation pilot; not paper-final evidence,measurement,true
C2-CONTROLLED-SNARK,controlled-plonk-pilot-v1,5477ab05b549b750fa32dc9a1bc61898f74ebf21,b51fa1bd9bd3db00079057822b5f305afd048981c6fdee344634f6bd7c48b6bb,controlled_kernel,jellyfish-turboplonk-0.8.0-bn254-kzg,default,{},native_execution,4096,1,wrong_public_input,true,3,0.947501,0.022524,0.946486,0.968112,0.925502,0.970515,,,,,,,,not-applicable,,,,,,,,,,,,,,,,,,measured,controlled implementation pilot; not paper-final evidence,measurement,true
C2-CONTROLLED-SNARK,controlled-plonk-pilot-v1,5477ab05b549b750fa32dc9a1bc61898f74ebf21,b51fa1bd9bd3db00079057822b5f305afd048981c6fdee344634f6bd7c48b6bb,controlled_kernel,jellyfish-turboplonk-0.8.0-bn254-kzg,default,{},native_execution,4096,2,,true,3,0.975848,0.083803,0.944470,1.058178,0.912261,1.070812,,,,,,,,not-applicable,,,,,,,,,,,,,,,,,,measured,controlled implementation pilot; not paper-final evidence,measurement,true
C2-CONTROLLED-SNARK,controlled-plonk-pilot-v1,5477ab05b549b750fa32dc9a1bc61898f74ebf21,b51fa1bd9bd3db00079057822b5f305afd048981c6fdee344634f6bd7c48b6bb,controlled_kernel,jellyfish-turboplonk-0.8.0-bn254-kzg,default,{},native_execution,4096,4,,true,3,1.146373,0.031030,1.145631,1.174553,1.115720,1.177767,,,,,,,,not-applicable,,,,,,,,,,,,,,,,,,measured,controlled implementation pilot; not paper-final evidence,measurement,true
C2-CONTROLLED-SNARK,controlled-plonk-pilot-v1,5477ab05b549b750fa32dc9a1bc61898f74ebf21,b51fa1bd9bd3db00079057822b5f305afd048981c6fdee344634f6bd7c48b6bb,controlled_kernel,jellyfish-turboplonk-0.8.0-bn254-kzg,default,{},native_execution,4096,4,wrong_public_input,true,3,1.083400,0.115108,1.120202,1.170067,0.954391,1.175607,,,,,,,,not-applicable,,,,,,,,,,,,,,,,,,measured,controlled implementation pilot; not paper-final evidence,measurement,true
C2-CONTROLLED-SNARK,controlled-plonk-pilot-v1,5477ab05b549b750fa32dc9a1bc61898f74ebf21,b51fa1bd9bd3db00079057822b5f305afd048981c6fdee344634f6bd7c48b6bb,controlled_kernel,jellyfish-turboplonk-0.8.0-bn254-kzg,default,{},native_execution,4096,8,,true,3,0.994843,0.087892,1.033377,1.054535,0.894265,1.056886,,,,,,,,not-applicable,,,,,,,,,,,,,,,,,,measured,controlled implementation pilot; not paper-final evidence,measurement,true
C2-CONTROLLED-SNARK,controlled-plonk-pilot-v1,5477ab05b549b750fa32dc9a1bc61898f74ebf21,b51fa1bd9bd3db00079057822b5f305afd048981c6fdee344634f6bd7c48b6bb,controlled_kernel,jellyfish-turboplonk-0.8.0-bn254-kzg,default,{},native_execution,4096,8,wrong_public_input,true,3,0.958973,0.163350,1.004685,1.085606,0.777636,1.094597,,,,,,,,not-applicable,,,,,,,,,,,,,,,,,,measured,controlled implementation pilot; not paper-final evidence,measurement,true
C2-CONTROLLED-SNARK,controlled-plonk-pilot-v1,5477ab05b549b750fa32dc9a1bc61898f74ebf21,b51fa1bd9bd3db00079057822b5f305afd048981c6fdee344634f6bd7c48b6bb,controlled_kernel,jellyfish-turboplonk-0.8.0-bn254-kzg,default,{},native_execution,4096,16,,true,3,1.099274,0.117484,1.051181,1.214975,1.013466,1.233174,,,,,,,,not-applicable,,,,,,,,,,,,,,,,,,measured,controlled implementation pilot; not paper-final evidence,measurement,true
C2-CONTROLLED-SNARK,controlled-plonk-pilot-v1,5477ab05b549b750fa32dc9a1bc61898f74ebf21,b51fa1bd9bd3db00079057822b5f305afd048981c6fdee344634f6bd7c48b6bb,controlled_kernel,jellyfish-turboplonk-0.8.0-bn254-kzg,default,{},prove_total,64,1,,true,3,37.563909,0.867366,37.236596,38.416234,36.907825,38.547305,,,,,,,,not-applicable,,,,,,,,1718.739275,37.584099,,,4,0.953932,0.869404,0.859706,0.872325,0.998870,measured,controlled implementation pilot; not paper-final evidence,measurement,true
C2-CONTROLLED-SNARK,controlled-plonk-pilot-v1,5477ab05b549b750fa32dc9a1bc61898f74ebf21,b51fa1bd9bd3db00079057822b5f305afd048981c6fdee344634f6bd7c48b6bb,controlled_kernel,jellyfish-turboplonk-0.8.0-bn254-kzg,default,{},prove_total,64,1,wrong_public_input,true,3,39.307829,0.905343,38.883758,40.201011,38.692356,40.347372,,,,,,,,not-applicable,,,,,,,,,,,,,,,,,,measured,controlled implementation pilot; not paper-final evidence,measurement,true
C2-CONTROLLED-SNARK,controlled-plonk-pilot-v1,5477ab05b549b750fa32dc9a1bc61898f74ebf21,b51fa1bd9bd3db00079057822b5f305afd048981c6fdee344634f6bd7c48b6bb,controlled_kernel,jellyfish-turboplonk-0.8.0-bn254-kzg,default,{},prove_total,64,2,,true,3,22.716620,0.359068,22.719195,23.038874,22.356272,23.074394,,,,,,,,not-applicable,,,,1.638993,1.599514,1.724228,0.819496,2817.001219,23.571591,,,4,0.645079,0.841583,0.833070,0.846232,0.998143,measured,controlled implementation pilot; not paper-final evidence,measurement,true
C2-CONTROLLED-SNARK,controlled-plonk-pilot-v1,5477ab05b549b750fa32dc9a1bc61898f74ebf21,b51fa1bd9bd3db00079057822b5f305afd048981c6fdee344634f6bd7c48b6bb,controlled_kernel,jellyfish-turboplonk-0.8.0-bn254-kzg,default,{},prove_total,64,4,,true,3,22.094755,0.723826,22.132973,22.732141,21.352578,22.798715,,,,,,,,not-applicable,,,,1.682404,1.618855,1.805276,0.420601,2891.613341,21.761012,,,4,1.008180,0.718904,0.710332,0.735256,0.993146,measured,controlled implementation pilot; not paper-final evidence,measurement,true
C2-CONTROLLED-SNARK,controlled-plonk-pilot-v1,5477ab05b549b750fa32dc9a1bc61898f74ebf21,b51fa1bd9bd3db00079057822b5f305afd048981c6fdee344634f6bd7c48b6bb,controlled_kernel,jellyfish-turboplonk-0.8.0-bn254-kzg,default,{},prove_total,64,4,wrong_public_input,true,3,21.284449,0.294938,21.244454,21.562055,21.011550,21.597344,,,,,,,,not-applicable,,,,,,,,,,,,,,,,,,measured,controlled implementation pilot; not paper-final evidence,measurement,true
C2-CONTROLLED-SNARK,controlled-plonk-pilot-v1,5477ab05b549b750fa32dc9a1bc61898f74ebf21,b51fa1bd9bd3db00079057822b5f305afd048981c6fdee344634f6bd7c48b6bb,controlled_kernel,jellyfish-turboplonk-0.8.0-bn254-kzg,default,{},prove_total,64,8,,true,3,38.982725,1.135671,39.223912,39.902977,37.745833,39.978429,,,,,,,,not-applicable,,,,0.949334,0.923193,1.021233,0.118667,1631.657750,41.904053,,,4,3.921594,0.525607,0.516641,0.536172,0.982043,measured,controlled implementation pilot; not paper-final evidence,measurement,true
C2-CONTROLLED-SNARK,controlled-plonk-pilot-v1,5477ab05b549b750fa32dc9a1bc61898f74ebf21,b51fa1bd9bd3db00079057822b5f305afd048981c6fdee344634f6bd7c48b6bb,controlled_kernel,jellyfish-turboplonk-0.8.0-bn254-kzg,default,{},prove_total,64,8,wrong_public_input,true,3,36.138458,1.695107,35.777022,37.764321,34.653220,37.985132,,,,,,,,not-applicable,,,,,,,,,,,,,,,,,,measured,controlled implementation pilot; not paper-final evidence,measurement,true
C2-CONTROLLED-SNARK,controlled-plonk-pilot-v1,5477ab05b549b750fa32dc9a1bc61898f74ebf21,b51fa1bd9bd3db00079057822b5f305afd048981c6fdee344634f6bd7c48b6bb,controlled_kernel,jellyfish-turboplonk-0.8.0-bn254-kzg,default,{},prove_total,64,16,,true,3,61.410985,18.526133,71.530270,72.559309,40.029037,72.673647,,,,,,,,not-applicable,,,,0.520571,0.507857,0.962984,0.032536,894.726107,88.600701,,,4,14.728422,0.391540,0.365082,0.568086,0.982477,measured,controlled implementation pilot; not paper-final evidence,measurement,true
C2-CONTROLLED-SNARK,controlled-plonk-pilot-v1,5477ab05b549b750fa32dc9a1bc61898f74ebf21,b51fa1bd9bd3db00079057822b5f305afd048981c6fdee344634f6bd7c48b6bb,controlled_kernel,jellyfish-turboplonk-0.8.0-bn254-kzg,default,{},prove_total,256,1,,true,3,111.327670,1.002829,111.728340,112.034231,110.186450,112.068219,,,,,,,,not-applicable,,,,,,,,2291.271847,121.119984,,,8,0.953932,0.869404,0.859706,0.872325,0.998870,measured,controlled implementation pilot; not paper-final evidence,measurement,true
C2-CONTROLLED-SNARK,controlled-plonk-pilot-v1,5477ab05b549b750fa32dc9a1bc61898f74ebf21,b51fa1bd9bd3db00079057822b5f305afd048981c6fdee344634f6bd7c48b6bb,controlled_kernel,jellyfish-turboplonk-0.8.0-bn254-kzg,default,{},prove_total,256,2,,true,3,64.263408,3.030536,63.043080,67.246785,62.033282,67.713863,,,,,,,,not-applicable,,,,1.772254,1.627236,1.806582,0.886127,4060.715308,68.223347,,,8,0.645079,0.841583,0.833070,0.846232,0.998143,measured,controlled implementation pilot; not paper-final evidence,measurement,true
C2-CONTROLLED-SNARK,controlled-plonk-pilot-v1,5477ab05b549b750fa32dc9a1bc61898f74ebf21,b51fa1bd9bd3db00079057822b5f305afd048981c6fdee344634f6bd7c48b6bb,controlled_kernel,jellyfish-turboplonk-0.8.0-bn254-kzg,default,{},prove_total,256,4,,true,3,48.405622,0.863810,48.354993,49.199769,47.568241,49.293633,,,,,,,,not-applicable,,,,2.310585,2.235308,2.355946,0.577646,5294.179238,49.965842,,,8,1.008180,0.718904,0.710332,0.735256,0.993146,measured,controlled implementation pilot; not paper-final evidence,measurement,true
C2-CONTROLLED-SNARK,controlled-plonk-pilot-v1,5477ab05b549b750fa32dc9a1bc61898f74ebf21,b51fa1bd9bd3db00079057822b5f305afd048981c6fdee344634f6bd7c48b6bb,controlled_kernel,jellyfish-turboplonk-0.8.0-bn254-kzg,default,{},prove_total,256,8,,true,3,63.797013,2.460802,63.290852,66.153470,61.628648,66.471539,,,,,,,,not-applicable,,,,1.765316,1.657649,1.818444,0.220664,4044.818357,64.608741,,,8,3.921594,0.525607,0.516641,0.536172,0.982043,measured,controlled implementation pilot; not paper-final evidence,measurement,true
C2-CONTROLLED-SNARK,controlled-plonk-pilot-v1,5477ab05b549b750fa32dc9a1bc61898f74ebf21,b51fa1bd9bd3db00079057822b5f305afd048981c6fdee344634f6bd7c48b6bb,controlled_kernel,jellyfish-turboplonk-0.8.0-bn254-kzg,default,{},prove_total,256,16,,true,3,137.605451,19.329470,145.566167,151.071581,115.566891,151.683294,,,,,,,,not-applicable,,,,0.767543,0.726424,0.969726,0.047971,1758.650415,144.804495,,,8,14.728422,0.391540,0.365082,0.568086,0.982477,measured,controlled implementation pilot; not paper-final evidence,measurement,true
C2-CONTROLLED-SNARK,controlled-plonk-pilot-v1,5477ab05b549b750fa32dc9a1bc61898f74ebf21,b51fa1bd9bd3db00079057822b5f305afd048981c6fdee344634f6bd7c48b6bb,controlled_kernel,jellyfish-turboplonk-0.8.0-bn254-kzg,default,{},prove_total,1024,1,,true,3,383.149652,0.679853,383.174416,383.752548,382.457755,383.816785,,,,,,,,not-applicable,,,,,,,,2672.412242,381.925520,,,8,0.953932,0.869404,0.859706,0.872325,0.998870,measured,controlled implementation pilot; not paper-final evidence,measurement,true
C2-CONTROLLED-SNARK,controlled-plonk-pilot-v1,5477ab05b549b750fa32dc9a1bc61898f74ebf21,b51fa1bd9bd3db00079057822b5f305afd048981c6fdee344634f6bd7c48b6bb,controlled_kernel,jellyfish-turboplonk-0.8.0-bn254-kzg,default,{},prove_total,1024,1,wrong_public_input,true,3,383.630174,0.656565,383.667217,384.207411,382.955872,384.267433,,,,,,,,not-applicable,,,,,,,,,,,,,,,,,,measured,controlled implementation pilot; not paper-final evidence,measurement,true
C2-CONTROLLED-SNARK,controlled-plonk-pilot-v1,5477ab05b549b750fa32dc9a1bc61898f74ebf21,b51fa1bd9bd3db00079057822b5f305afd048981c6fdee344634f6bd7c48b6bb,controlled_kernel,jellyfish-turboplonk-0.8.0-bn254-kzg,default,{},prove_total,1024,2,,true,3,214.565779,5.257071,216.896968,218.118430,208.546221,218.254148,,,,,,,,not-applicable,,,,1.766620,1.752350,1.840440,0.883310,4721.135613,200.700257,,,8,0.645079,0.841583,0.833070,0.846232,0.998143,measured,controlled implementation pilot; not paper-final evidence,measurement,true
C2-CONTROLLED-SNARK,controlled-plonk-pilot-v1,5477ab05b549b750fa32dc9a1bc61898f74ebf21,b51fa1bd9bd3db00079057822b5f305afd048981c6fdee344634f6bd7c48b6bb,controlled_kernel,jellyfish-turboplonk-0.8.0-bn254-kzg,default,{},prove_total,1024,4,,true,3,138.103163,1.890957,137.830869,139.887041,136.363114,140.115505,,,,,,,,not-applicable,,,,2.780033,2.729589,2.814667,0.695008,7429.395225,141.019460,,,8,1.008180,0.718904,0.710332,0.735256,0.993146,measured,controlled implementation pilot; not paper-final evidence,measurement,true
C2-CONTROLLED-SNARK,controlled-plonk-pilot-v1,5477ab05b549b750fa32dc9a1bc61898f74ebf21,b51fa1bd9bd3db00079057822b5f305afd048981c6fdee344634f6bd7c48b6bb,controlled_kernel,jellyfish-turboplonk-0.8.0-bn254-kzg,default,{},prove_total,1024,4,wrong_public_input,true,3,136.436505,2.256478,135.988006,138.593997,134.437956,138.883552,,,,,,,,not-applicable,,,,,,,,,,,,,,,,,,measured,controlled implementation pilot; not paper-final evidence,measurement,true
C2-CONTROLLED-SNARK,controlled-plonk-pilot-v1,5477ab05b549b750fa32dc9a1bc61898f74ebf21,b51fa1bd9bd3db00079057822b5f305afd048981c6fdee344634f6bd7c48b6bb,controlled_kernel,jellyfish-turboplonk-0.8.0-bn254-kzg,default,{},prove_total,1024,8,,true,3,138.440640,3.465164,137.807629,141.741567,135.335620,142.178671,,,,,,,,not-applicable,,,,2.780502,2.689980,2.836037,0.347563,7430.648125,141.723885,,,8,3.921594,0.525607,0.516641,0.536172,0.982043,measured,controlled implementation pilot; not paper-final evidence,measurement,true
C2-CONTROLLED-SNARK,controlled-plonk-pilot-v1,5477ab05b549b750fa32dc9a1bc61898f74ebf21,b51fa1bd9bd3db00079057822b5f305afd048981c6fdee344634f6bd7c48b6bb,controlled_kernel,jellyfish-turboplonk-0.8.0-bn254-kzg,default,{},prove_total,1024,8,wrong_public_input,true,3,128.423415,2.643360,129.831746,130.041149,125.374084,130.064416,,,,,,,,not-applicable,,,,,,,,,,,,,,,,,,measured,controlled implementation pilot; not paper-final evidence,measurement,true
C2-CONTROLLED-SNARK,controlled-plonk-pilot-v1,5477ab05b549b750fa32dc9a1bc61898f74ebf21,b51fa1bd9bd3db00079057822b5f305afd048981c6fdee344634f6bd7c48b6bb,controlled_kernel,jellyfish-turboplonk-0.8.0-bn254-kzg,default,{},prove_total,1024,16,,true,3,198.145470,43.343197,202.031955,235.676284,152.989913,239.414543,,,,,,,,not-applicable,,,,1.896603,1.597471,2.508772,0.118538,5068.505128,201.886395,,,8,14.728422,0.391540,0.365082,0.568086,0.982477,measured,controlled implementation pilot; not paper-final evidence,measurement,true
C2-CONTROLLED-SNARK,controlled-plonk-pilot-v1,5477ab05b549b750fa32dc9a1bc61898f74ebf21,b51fa1bd9bd3db00079057822b5f305afd048981c6fdee344634f6bd7c48b6bb,controlled_kernel,jellyfish-turboplonk-0.8.0-bn254-kzg,default,{},prove_total,4096,1,,true,3,1368.017637,8.183290,1371.942499,1373.343516,1358.611226,1373.499185,,,,,,,,not-applicable,,,,,,,,2985.547866,1329.431275,,,,0.953932,0.869404,0.859706,0.872325,0.998870,measured,controlled implementation pilot; not paper-final evidence,measurement,true
C2-CONTROLLED-SNARK,controlled-plonk-pilot-v1,5477ab05b549b750fa32dc9a1bc61898f74ebf21,b51fa1bd9bd3db00079057822b5f305afd048981c6fdee344634f6bd7c48b6bb,controlled_kernel,jellyfish-turboplonk-0.8.0-bn254-kzg,default,{},prove_total,4096,1,wrong_public_input,true,3,1376.163299,13.275897,1377.975947,1387.393356,1362.074214,1388.439735,,,,,,,,not-applicable,,,,,,,,,,,,,,,,,,measured,controlled implementation pilot; not paper-final evidence,measurement,true
C2-CONTROLLED-SNARK,controlled-plonk-pilot-v1,5477ab05b549b750fa32dc9a1bc61898f74ebf21,b51fa1bd9bd3db00079057822b5f305afd048981c6fdee344634f6bd7c48b6bb,controlled_kernel,jellyfish-turboplonk-0.8.0-bn254-kzg,default,{},prove_total,4096,2,,true,3,735.256043,0.777519,735.300757,735.939292,734.457132,736.010240,,,,,,,,not-applicable,,,,1.865825,1.845913,1.870088,0.932912,5570.509701,778.532677,,,,0.645079,0.841583,0.833070,0.846232,0.998143,measured,controlled implementation pilot; not paper-final evidence,measurement,true
C2-CONTROLLED-SNARK,controlled-plonk-pilot-v1,5477ab05b549b750fa32dc9a1bc61898f74ebf21,b51fa1bd9bd3db00079057822b5f305afd048981c6fdee344634f6bd7c48b6bb,controlled_kernel,jellyfish-turboplonk-0.8.0-bn254-kzg,default,{},prove_total,4096,4,,true,3,437.101078,11.510005,432.663240,448.418779,428.470601,450.169394,,,,,,,,not-applicable,,,,3.170925,3.018000,3.205586,0.792731,9466.947088,377.663698,,,,1.008180,0.718904,0.710332,0.735256,0.993146,measured,controlled implementation pilot; not paper-final evidence,measurement,true
C2-CONTROLLED-SNARK,controlled-plonk-pilot-v1,5477ab05b549b750fa32dc9a1bc61898f74ebf21,b51fa1bd9bd3db00079057822b5f305afd048981c6fdee344634f6bd7c48b6bb,controlled_kernel,jellyfish-turboplonk-0.8.0-bn254-kzg,default,{},prove_total,4096,4,wrong_public_input,true,3,447.819072,14.752186,441.040049,462.372046,437.674899,464.742268,,,,,,,,not-applicable,,,,,,,,,,,,,,,,,,measured,controlled implementation pilot; not paper-final evidence,measurement,true
C2-CONTROLLED-SNARK,controlled-plonk-pilot-v1,5477ab05b549b750fa32dc9a1bc61898f74ebf21,b51fa1bd9bd3db00079057822b5f305afd048981c6fdee344634f6bd7c48b6bb,controlled_kernel,jellyfish-turboplonk-0.8.0-bn254-kzg,default,{},prove_total,4096,8,,true,3,342.373497,2.184391,343.344278,343.848235,339.871984,343.904230,,,,,,,,not-applicable,,,,3.995822,3.950551,4.041225,0.499478,11929.716796,332.254616,,,,3.921594,0.525607,0.516641,0.536172,0.982043,measured,controlled implementation pilot; not paper-final evidence,measurement,true
C2-CONTROLLED-SNARK,controlled-plonk-pilot-v1,5477ab05b549b750fa32dc9a1bc61898f74ebf21,b51fa1bd9bd3db00079057822b5f305afd048981c6fdee344634f6bd7c48b6bb,controlled_kernel,jellyfish-turboplonk-0.8.0-bn254-kzg,default,{},prove_total,4096,8,wrong_public_input,true,3,333.730747,8.532855,329.572505,342.148281,328.074148,343.545589,,,,,,,,not-applicable,,,,,,,,,,,,,,,,,,measured,controlled implementation pilot; not paper-final evidence,measurement,true
C2-CONTROLLED-SNARK,controlled-plonk-pilot-v1,5477ab05b549b750fa32dc9a1bc61898f74ebf21,b51fa1bd9bd3db00079057822b5f305afd048981c6fdee344634f6bd7c48b6bb,controlled_kernel,jellyfish-turboplonk-0.8.0-bn254-kzg,default,{},prove_total,4096,16,,true,3,417.048526,49.998760,391.566322,466.345805,384.924620,474.654637,,,,,,,,not-applicable,,,,3.503730,2.862315,3.568229,0.218983,10460.552325,372.501331,,,,14.728422,0.391540,0.365082,0.568086,0.982477,measured,controlled implementation pilot; not paper-final evidence,measurement,true
C2-CONTROLLED-SNARK,controlled-plonk-pilot-v1,5477ab05b549b750fa32dc9a1bc61898f74ebf21,b51fa1bd9bd3db00079057822b5f305afd048981c6fdee344634f6bd7c48b6bb,controlled_kernel,jellyfish-turboplonk-0.8.0-bn254-kzg,default,{},serialize,64,1,,true,3,0.004999,0.000734,0.005229,0.005555,0.004178,0.005591,,,,,,,,not-applicable,,,,,,,,,,,,,,,,,,measured,controlled implementation pilot; not paper-final evidence,measurement,true
C2-CONTROLLED-SNARK,controlled-plonk-pilot-v1,5477ab05b549b750fa32dc9a1bc61898f74ebf21,b51fa1bd9bd3db00079057822b5f305afd048981c6fdee344634f6bd7c48b6bb,controlled_kernel,jellyfish-turboplonk-0.8.0-bn254-kzg,default,{},serialize,64,1,wrong_public_input,true,3,0.004478,0.000598,0.004138,0.005066,0.004127,0.005169,,,,,,,,not-applicable,,,,,,,,,,,,,,,,,,measured,controlled implementation pilot; not paper-final evidence,measurement,true
C2-CONTROLLED-SNARK,controlled-plonk-pilot-v1,5477ab05b549b750fa32dc9a1bc61898f74ebf21,b51fa1bd9bd3db00079057822b5f305afd048981c6fdee344634f6bd7c48b6bb,controlled_kernel,jellyfish-turboplonk-0.8.0-bn254-kzg,default,{},serialize,64,2,,true,3,0.005176,0.000562,0.004919,0.005731,0.004789,0.005821,,,,,,,,not-applicable,,,,,,,,,,,,,,,,,,measured,controlled implementation pilot; not paper-final evidence,measurement,true
C2-CONTROLLED-SNARK,controlled-plonk-pilot-v1,5477ab05b549b750fa32dc9a1bc61898f74ebf21,b51fa1bd9bd3db00079057822b5f305afd048981c6fdee344634f6bd7c48b6bb,controlled_kernel,jellyfish-turboplonk-0.8.0-bn254-kzg,default,{},serialize,64,4,,true,3,0.005427,0.000619,0.005490,0.005960,0.004779,0.006012,,,,,,,,not-applicable,,,,,,,,,,,,,,,,,,measured,controlled implementation pilot; not paper-final evidence,measurement,true
C2-CONTROLLED-SNARK,controlled-plonk-pilot-v1,5477ab05b549b750fa32dc9a1bc61898f74ebf21,b51fa1bd9bd3db00079057822b5f305afd048981c6fdee344634f6bd7c48b6bb,controlled_kernel,jellyfish-turboplonk-0.8.0-bn254-kzg,default,{},serialize,64,4,wrong_public_input,true,3,0.004008,0.000616,0.003998,0.004565,0.003397,0.004628,,,,,,,,not-applicable,,,,,,,,,,,,,,,,,,measured,controlled implementation pilot; not paper-final evidence,measurement,true
C2-CONTROLLED-SNARK,controlled-plonk-pilot-v1,5477ab05b549b750fa32dc9a1bc61898f74ebf21,b51fa1bd9bd3db00079057822b5f305afd048981c6fdee344634f6bd7c48b6bb,controlled_kernel,jellyfish-turboplonk-0.8.0-bn254-kzg,default,{},serialize,64,8,,true,3,0.006539,0.000914,0.006472,0.007383,0.005660,0.007484,,,,,,,,not-applicable,,,,,,,,,,,,,,,,,,measured,controlled implementation pilot; not paper-final evidence,measurement,true
C2-CONTROLLED-SNARK,controlled-plonk-pilot-v1,5477ab05b549b750fa32dc9a1bc61898f74ebf21,b51fa1bd9bd3db00079057822b5f305afd048981c6fdee344634f6bd7c48b6bb,controlled_kernel,jellyfish-turboplonk-0.8.0-bn254-kzg,default,{},serialize,64,8,wrong_public_input,true,3,0.004929,0.001040,0.004458,0.005956,0.004208,0.006122,,,,,,,,not-applicable,,,,,,,,,,,,,,,,,,measured,controlled implementation pilot; not paper-final evidence,measurement,true
C2-CONTROLLED-SNARK,controlled-plonk-pilot-v1,5477ab05b549b750fa32dc9a1bc61898f74ebf21,b51fa1bd9bd3db00079057822b5f305afd048981c6fdee344634f6bd7c48b6bb,controlled_kernel,jellyfish-turboplonk-0.8.0-bn254-kzg,default,{},serialize,64,16,,true,3,0.004531,0.000366,0.004548,0.004855,0.004157,0.004889,,,,,,,,not-applicable,,,,,,,,,,,,,,,,,,measured,controlled implementation pilot; not paper-final evidence,measurement,true
C2-CONTROLLED-SNARK,controlled-plonk-pilot-v1,5477ab05b549b750fa32dc9a1bc61898f74ebf21,b51fa1bd9bd3db00079057822b5f305afd048981c6fdee344634f6bd7c48b6bb,controlled_kernel,jellyfish-turboplonk-0.8.0-bn254-kzg,default,{},serialize,256,1,,true,3,0.005477,0.001364,0.005009,0.006813,0.004408,0.007013,,,,,,,,not-applicable,,,,,,,,,,,,,,,,,,measured,controlled implementation pilot; not paper-final evidence,measurement,true
C2-CONTROLLED-SNARK,controlled-plonk-pilot-v1,5477ab05b549b750fa32dc9a1bc61898f74ebf21,b51fa1bd9bd3db00079057822b5f305afd048981c6fdee344634f6bd7c48b6bb,controlled_kernel,jellyfish-turboplonk-0.8.0-bn254-kzg,default,{},serialize,256,2,,true,3,0.003964,0.000154,0.003907,0.004115,0.003847,0.004138,,,,,,,,not-applicable,,,,,,,,,,,,,,,,,,measured,controlled implementation pilot; not paper-final evidence,measurement,true
C2-CONTROLLED-SNARK,controlled-plonk-pilot-v1,5477ab05b549b750fa32dc9a1bc61898f74ebf21,b51fa1bd9bd3db00079057822b5f305afd048981c6fdee344634f6bd7c48b6bb,controlled_kernel,jellyfish-turboplonk-0.8.0-bn254-kzg,default,{},serialize,256,4,,true,3,0.003927,0.000547,0.003717,0.004465,0.003516,0.004548,,,,,,,,not-applicable,,,,,,,,,,,,,,,,,,measured,controlled implementation pilot; not paper-final evidence,measurement,true
C2-CONTROLLED-SNARK,controlled-plonk-pilot-v1,5477ab05b549b750fa32dc9a1bc61898f74ebf21,b51fa1bd9bd3db00079057822b5f305afd048981c6fdee344634f6bd7c48b6bb,controlled_kernel,jellyfish-turboplonk-0.8.0-bn254-kzg,default,{},serialize,256,8,,true,3,0.004779,0.000912,0.004739,0.005613,0.003887,0.005710,,,,,,,,not-applicable,,,,,,,,,,,,,,,,,,measured,controlled implementation pilot; not paper-final evidence,measurement,true
C2-CONTROLLED-SNARK,controlled-plonk-pilot-v1,5477ab05b549b750fa32dc9a1bc61898f74ebf21,b51fa1bd9bd3db00079057822b5f305afd048981c6fdee344634f6bd7c48b6bb,controlled_kernel,jellyfish-turboplonk-0.8.0-bn254-kzg,default,{},serialize,256,16,,true,3,0.005571,0.000939,0.005831,0.006300,0.004529,0.006352,,,,,,,,not-applicable,,,,,,,,,,,,,,,,,,measured,controlled implementation pilot; not paper-final evidence,measurement,true
C2-CONTROLLED-SNARK,controlled-plonk-pilot-v1,5477ab05b549b750fa32dc9a1bc61898f74ebf21,b51fa1bd9bd3db00079057822b5f305afd048981c6fdee344634f6bd7c48b6bb,controlled_kernel,jellyfish-turboplonk-0.8.0-bn254-kzg,default,{},serialize,1024,1,,true,3,0.007530,0.000366,0.007514,0.007865,0.007173,0.007904,,,,,,,,not-applicable,,,,,,,,,,,,,,,,,,measured,controlled implementation pilot; not paper-final evidence,measurement,true
C2-CONTROLLED-SNARK,controlled-plonk-pilot-v1,5477ab05b549b750fa32dc9a1bc61898f74ebf21,b51fa1bd9bd3db00079057822b5f305afd048981c6fdee344634f6bd7c48b6bb,controlled_kernel,jellyfish-turboplonk-0.8.0-bn254-kzg,default,{},serialize,1024,1,wrong_public_input,true,3,0.007785,0.000490,0.007714,0.008247,0.007334,0.008306,,,,,,,,not-applicable,,,,,,,,,,,,,,,,,,measured,controlled implementation pilot; not paper-final evidence,measurement,true
C2-CONTROLLED-SNARK,controlled-plonk-pilot-v1,5477ab05b549b750fa32dc9a1bc61898f74ebf21,b51fa1bd9bd3db00079057822b5f305afd048981c6fdee344634f6bd7c48b6bb,controlled_kernel,jellyfish-turboplonk-0.8.0-bn254-kzg,default,{},serialize,1024,2,,true,3,0.006703,0.000952,0.006683,0.007566,0.005761,0.007664,,,,,,,,not-applicable,,,,,,,,,,,,,,,,,,measured,controlled implementation pilot; not paper-final evidence,measurement,true
C2-CONTROLLED-SNARK,controlled-plonk-pilot-v1,5477ab05b549b750fa32dc9a1bc61898f74ebf21,b51fa1bd9bd3db00079057822b5f305afd048981c6fdee344634f6bd7c48b6bb,controlled_kernel,jellyfish-turboplonk-0.8.0-bn254-kzg,default,{},serialize,1024,4,,true,3,0.005253,0.001644,0.005320,0.006708,0.003577,0.006862,,,,,,,,not-applicable,,,,,,,,,,,,,,,,,,measured,controlled implementation pilot; not paper-final evidence,measurement,true
C2-CONTROLLED-SNARK,controlled-plonk-pilot-v1,5477ab05b549b750fa32dc9a1bc61898f74ebf21,b51fa1bd9bd3db00079057822b5f305afd048981c6fdee344634f6bd7c48b6bb,controlled_kernel,jellyfish-turboplonk-0.8.0-bn254-kzg,default,{},serialize,1024,4,wrong_public_input,true,3,0.006563,0.000833,0.006623,0.007290,0.005701,0.007364,,,,,,,,not-applicable,,,,,,,,,,,,,,,,,,measured,controlled implementation pilot; not paper-final evidence,measurement,true
C2-CONTROLLED-SNARK,controlled-plonk-pilot-v1,5477ab05b549b750fa32dc9a1bc61898f74ebf21,b51fa1bd9bd3db00079057822b5f305afd048981c6fdee344634f6bd7c48b6bb,controlled_kernel,jellyfish-turboplonk-0.8.0-bn254-kzg,default,{},serialize,1024,8,,true,3,0.006502,0.000859,0.006983,0.007010,0.005510,0.007013,,,,,,,,not-applicable,,,,,,,,,,,,,,,,,,measured,controlled implementation pilot; not paper-final evidence,measurement,true
C2-CONTROLLED-SNARK,controlled-plonk-pilot-v1,5477ab05b549b750fa32dc9a1bc61898f74ebf21,b51fa1bd9bd3db00079057822b5f305afd048981c6fdee344634f6bd7c48b6bb,controlled_kernel,jellyfish-turboplonk-0.8.0-bn254-kzg,default,{},serialize,1024,8,wrong_public_input,true,3,0.004859,0.001201,0.004618,0.006008,0.003797,0.006162,,,,,,,,not-applicable,,,,,,,,,,,,,,,,,,measured,controlled implementation pilot; not paper-final evidence,measurement,true
C2-CONTROLLED-SNARK,controlled-plonk-pilot-v1,5477ab05b549b750fa32dc9a1bc61898f74ebf21,b51fa1bd9bd3db00079057822b5f305afd048981c6fdee344634f6bd7c48b6bb,controlled_kernel,jellyfish-turboplonk-0.8.0-bn254-kzg,default,{},serialize,1024,16,,true,3,0.005350,0.001476,0.006152,0.006242,0.003647,0.006252,,,,,,,,not-applicable,,,,,,,,,,,,,,,,,,measured,controlled implementation pilot; not paper-final evidence,measurement,true
C2-CONTROLLED-SNARK,controlled-plonk-pilot-v1,5477ab05b549b750fa32dc9a1bc61898f74ebf21,b51fa1bd9bd3db00079057822b5f305afd048981c6fdee344634f6bd7c48b6bb,controlled_kernel,jellyfish-turboplonk-0.8.0-bn254-kzg,default,{},serialize,4096,1,,true,3,0.005477,0.001346,0.005130,0.006780,0.004338,0.006963,,,,,,,,not-applicable,,,,,,,,,,,,,,,,,,measured,controlled implementation pilot; not paper-final evidence,measurement,true
C2-CONTROLLED-SNARK,controlled-plonk-pilot-v1,5477ab05b549b750fa32dc9a1bc61898f74ebf21,b51fa1bd9bd3db00079057822b5f305afd048981c6fdee344634f6bd7c48b6bb,controlled_kernel,jellyfish-turboplonk-0.8.0-bn254-kzg,default,{},serialize,4096,1,wrong_public_input,true,3,0.008139,0.001119,0.007564,0.009242,0.007424,0.009428,,,,,,,,not-applicable,,,,,,,,,,,,,,,,,,measured,controlled implementation pilot; not paper-final evidence,measurement,true
C2-CONTROLLED-SNARK,controlled-plonk-pilot-v1,5477ab05b549b750fa32dc9a1bc61898f74ebf21,b51fa1bd9bd3db00079057822b5f305afd048981c6fdee344634f6bd7c48b6bb,controlled_kernel,jellyfish-turboplonk-0.8.0-bn254-kzg,default,{},serialize,4096,2,,true,3,0.007557,0.000820,0.007423,0.008335,0.006813,0.008436,,,,,,,,not-applicable,,,,,,,,,,,,,,,,,,measured,controlled implementation pilot; not paper-final evidence,measurement,true
C2-CONTROLLED-SNARK,controlled-plonk-pilot-v1,5477ab05b549b750fa32dc9a1bc61898f74ebf21,b51fa1bd9bd3db00079057822b5f305afd048981c6fdee344634f6bd7c48b6bb,controlled_kernel,jellyfish-turboplonk-0.8.0-bn254-kzg,default,{},serialize,4096,4,,true,3,0.007524,0.001462,0.008166,0.008517,0.005851,0.008556,,,,,,,,not-applicable,,,,,,,,,,,,,,,,,,measured,controlled implementation pilot; not paper-final evidence,measurement,true
C2-CONTROLLED-SNARK,controlled-plonk-pilot-v1,5477ab05b549b750fa32dc9a1bc61898f74ebf21,b51fa1bd9bd3db00079057822b5f305afd048981c6fdee344634f6bd7c48b6bb,controlled_kernel,jellyfish-turboplonk-0.8.0-bn254-kzg,default,{},serialize,4096,4,wrong_public_input,true,3,0.008519,0.000449,0.008666,0.008855,0.008014,0.008876,,,,,,,,not-applicable,,,,,,,,,,,,,,,,,,measured,controlled implementation pilot; not paper-final evidence,measurement,true
C2-CONTROLLED-SNARK,controlled-plonk-pilot-v1,5477ab05b549b750fa32dc9a1bc61898f74ebf21,b51fa1bd9bd3db00079057822b5f305afd048981c6fdee344634f6bd7c48b6bb,controlled_kernel,jellyfish-turboplonk-0.8.0-bn254-kzg,default,{},serialize,4096,8,,true,3,0.005871,0.001880,0.005239,0.007710,0.004388,0.007985,,,,,,,,not-applicable,,,,,,,,,,,,,,,,,,measured,controlled implementation pilot; not paper-final evidence,measurement,true
C2-CONTROLLED-SNARK,controlled-plonk-pilot-v1,5477ab05b549b750fa32dc9a1bc61898f74ebf21,b51fa1bd9bd3db00079057822b5f305afd048981c6fdee344634f6bd7c48b6bb,controlled_kernel,jellyfish-turboplonk-0.8.0-bn254-kzg,default,{},serialize,4096,8,wrong_public_input,true,3,0.005898,0.001636,0.006332,0.007179,0.004088,0.007273,,,,,,,,not-applicable,,,,,,,,,,,,,,,,,,measured,controlled implementation pilot; not paper-final evidence,measurement,true
C2-CONTROLLED-SNARK,controlled-plonk-pilot-v1,5477ab05b549b750fa32dc9a1bc61898f74ebf21,b51fa1bd9bd3db00079057822b5f305afd048981c6fdee344634f6bd7c48b6bb,controlled_kernel,jellyfish-turboplonk-0.8.0-bn254-kzg,default,{},serialize,4096,16,,true,3,0.007097,0.000832,0.006672,0.007917,0.006563,0.008055,,,,,,,,not-applicable,,,,,,,,,,,,,,,,,,measured,controlled implementation pilot; not paper-final evidence,measurement,true
C2-CONTROLLED-SNARK,controlled-plonk-pilot-v1,5477ab05b549b750fa32dc9a1bc61898f74ebf21,b51fa1bd9bd3db00079057822b5f305afd048981c6fdee344634f6bd7c48b6bb,controlled_kernel,jellyfish-turboplonk-0.8.0-bn254-kzg,default,{},setup_or_preprocess,64,1,,true,3,21.561176,1.869457,22.455609,22.779410,19.412530,22.815388,,,,,,,,not-applicable,,,,,,,,,,,,,,,,,,measured,controlled implementation pilot; not paper-final evidence,measurement,true
C2-CONTROLLED-SNARK,controlled-plonk-pilot-v1,5477ab05b549b750fa32dc9a1bc61898f74ebf21,b51fa1bd9bd3db00079057822b5f305afd048981c6fdee344634f6bd7c48b6bb,controlled_kernel,jellyfish-turboplonk-0.8.0-bn254-kzg,default,{},setup_or_preprocess,64,1,wrong_public_input,true,3,22.451500,0.347536,22.651480,22.652685,22.050201,22.652819,,,,,,,,not-applicable,,,,,,,,,,,,,,,,,,measured,controlled implementation pilot; not paper-final evidence,measurement,true
C2-CONTROLLED-SNARK,controlled-plonk-pilot-v1,5477ab05b549b750fa32dc9a1bc61898f74ebf21,b51fa1bd9bd3db00079057822b5f305afd048981c6fdee344634f6bd7c48b6bb,controlled_kernel,jellyfish-turboplonk-0.8.0-bn254-kzg,default,{},setup_or_preprocess,64,2,,true,3,14.064438,0.248600,14.194667,14.218249,13.777778,14.220869,,,,,,,,not-applicable,,,,,,,,,,,,,,,,,,measured,controlled implementation pilot; not paper-final evidence,measurement,true
C2-CONTROLLED-SNARK,controlled-plonk-pilot-v1,5477ab05b549b750fa32dc9a1bc61898f74ebf21,b51fa1bd9bd3db00079057822b5f305afd048981c6fdee344634f6bd7c48b6bb,controlled_kernel,jellyfish-turboplonk-0.8.0-bn254-kzg,default,{},setup_or_preprocess,64,4,,true,3,11.306561,0.350418,11.303815,11.622890,10.957524,11.658343,,,,,,,,not-applicable,,,,,,,,,,,,,,,,,,measured,controlled implementation pilot; not paper-final evidence,measurement,true
C2-CONTROLLED-SNARK,controlled-plonk-pilot-v1,5477ab05b549b750fa32dc9a1bc61898f74ebf21,b51fa1bd9bd3db00079057822b5f305afd048981c6fdee344634f6bd7c48b6bb,controlled_kernel,jellyfish-turboplonk-0.8.0-bn254-kzg,default,{},setup_or_preprocess,64,4,wrong_public_input,true,3,10.957872,0.376915,10.752389,11.328826,10.728353,11.392875,,,,,,,,not-applicable,,,,,,,,,,,,,,,,,,measured,controlled implementation pilot; not paper-final evidence,measurement,true
C2-CONTROLLED-SNARK,controlled-plonk-pilot-v1,5477ab05b549b750fa32dc9a1bc61898f74ebf21,b51fa1bd9bd3db00079057822b5f305afd048981c6fdee344634f6bd7c48b6bb,controlled_kernel,jellyfish-turboplonk-0.8.0-bn254-kzg,default,{},setup_or_preprocess,64,8,,true,3,14.000840,0.476202,13.962183,14.441892,13.545145,14.495193,,,,,,,,not-applicable,,,,,,,,,,,,,,,,,,measured,controlled implementation pilot; not paper-final evidence,measurement,true
C2-CONTROLLED-SNARK,controlled-plonk-pilot-v1,5477ab05b549b750fa32dc9a1bc61898f74ebf21,b51fa1bd9bd3db00079057822b5f305afd048981c6fdee344634f6bd7c48b6bb,controlled_kernel,jellyfish-turboplonk-0.8.0-bn254-kzg,default,{},setup_or_preprocess,64,8,wrong_public_input,true,3,13.433813,1.164525,14.078729,14.127758,12.089503,14.133206,,,,,,,,not-applicable,,,,,,,,,,,,,,,,,,measured,controlled implementation pilot; not paper-final evidence,measurement,true
C2-CONTROLLED-SNARK,controlled-plonk-pilot-v1,5477ab05b549b750fa32dc9a1bc61898f74ebf21,b51fa1bd9bd3db00079057822b5f305afd048981c6fdee344634f6bd7c48b6bb,controlled_kernel,jellyfish-turboplonk-0.8.0-bn254-kzg,default,{},setup_or_preprocess,64,16,,true,3,22.504515,2.150346,22.413353,24.470429,20.401200,24.698993,,,,,,,,not-applicable,,,,,,,,,,,,,,,,,,measured,controlled implementation pilot; not paper-final evidence,measurement,true
C2-CONTROLLED-SNARK,controlled-plonk-pilot-v1,5477ab05b549b750fa32dc9a1bc61898f74ebf21,b51fa1bd9bd3db00079057822b5f305afd048981c6fdee344634f6bd7c48b6bb,controlled_kernel,jellyfish-turboplonk-0.8.0-bn254-kzg,default,{},setup_or_preprocess,256,1,,true,3,60.845035,2.179499,60.208188,62.965638,59.054896,63.272021,,,,,,,,not-applicable,,,,,,,,,,,,,,,,,,measured,controlled implementation pilot; not paper-final evidence,measurement,true
C2-CONTROLLED-SNARK,controlled-plonk-pilot-v1,5477ab05b549b750fa32dc9a1bc61898f74ebf21,b51fa1bd9bd3db00079057822b5f305afd048981c6fdee344634f6bd7c48b6bb,controlled_kernel,jellyfish-turboplonk-0.8.0-bn254-kzg,default,{},setup_or_preprocess,256,2,,true,3,32.391875,1.523945,33.056006,33.429547,30.648567,33.471052,,,,,,,,not-applicable,,,,,,,,,,,,,,,,,,measured,controlled implementation pilot; not paper-final evidence,measurement,true
C2-CONTROLLED-SNARK,controlled-plonk-pilot-v1,5477ab05b549b750fa32dc9a1bc61898f74ebf21,b51fa1bd9bd3db00079057822b5f305afd048981c6fdee344634f6bd7c48b6bb,controlled_kernel,jellyfish-turboplonk-0.8.0-bn254-kzg,default,{},setup_or_preprocess,256,4,,true,3,21.846614,0.309250,21.673089,22.150601,21.663095,22.203658,,,,,,,,not-applicable,,,,,,,,,,,,,,,,,,measured,controlled implementation pilot; not paper-final evidence,measurement,true
C2-CONTROLLED-SNARK,controlled-plonk-pilot-v1,5477ab05b549b750fa32dc9a1bc61898f74ebf21,b51fa1bd9bd3db00079057822b5f305afd048981c6fdee344634f6bd7c48b6bb,controlled_kernel,jellyfish-turboplonk-0.8.0-bn254-kzg,default,{},setup_or_preprocess,256,8,,true,3,20.373698,1.354459,20.501441,21.543927,18.959893,21.659759,,,,,,,,not-applicable,,,,,,,,,,,,,,,,,,measured,controlled implementation pilot; not paper-final evidence,measurement,true
C2-CONTROLLED-SNARK,controlled-plonk-pilot-v1,5477ab05b549b750fa32dc9a1bc61898f74ebf21,b51fa1bd9bd3db00079057822b5f305afd048981c6fdee344634f6bd7c48b6bb,controlled_kernel,jellyfish-turboplonk-0.8.0-bn254-kzg,default,{},setup_or_preprocess,256,16,,true,3,33.369344,4.852910,30.717149,38.145060,30.420500,38.970384,,,,,,,,not-applicable,,,,,,,,,,,,,,,,,,measured,controlled implementation pilot; not paper-final evidence,measurement,true
C2-CONTROLLED-SNARK,controlled-plonk-pilot-v1,5477ab05b549b750fa32dc9a1bc61898f74ebf21,b51fa1bd9bd3db00079057822b5f305afd048981c6fdee344634f6bd7c48b6bb,controlled_kernel,jellyfish-turboplonk-0.8.0-bn254-kzg,default,{},setup_or_preprocess,1024,1,,true,3,176.977242,1.367002,177.353351,178.040471,175.461558,178.116818,,,,,,,,not-applicable,,,,,,,,,,,,,,,,,,measured,controlled implementation pilot; not paper-final evidence,measurement,true
C2-CONTROLLED-SNARK,controlled-plonk-pilot-v1,5477ab05b549b750fa32dc9a1bc61898f74ebf21,b51fa1bd9bd3db00079057822b5f305afd048981c6fdee344634f6bd7c48b6bb,controlled_kernel,jellyfish-turboplonk-0.8.0-bn254-kzg,default,{},setup_or_preprocess,1024,1,wrong_public_input,true,3,179.183696,2.937738,178.206351,182.057617,176.859203,182.485535,,,,,,,,not-applicable,,,,,,,,,,,,,,,,,,measured,controlled implementation pilot; not paper-final evidence,measurement,true
C2-CONTROLLED-SNARK,controlled-plonk-pilot-v1,5477ab05b549b750fa32dc9a1bc61898f74ebf21,b51fa1bd9bd3db00079057822b5f305afd048981c6fdee344634f6bd7c48b6bb,controlled_kernel,jellyfish-turboplonk-0.8.0-bn254-kzg,default,{},setup_or_preprocess,1024,2,,true,3,94.969345,0.130423,94.918287,95.097644,94.872175,95.117573,,,,,,,,not-applicable,,,,,,,,,,,,,,,,,,measured,controlled implementation pilot; not paper-final evidence,measurement,true
C2-CONTROLLED-SNARK,controlled-plonk-pilot-v1,5477ab05b549b750fa32dc9a1bc61898f74ebf21,b51fa1bd9bd3db00079057822b5f305afd048981c6fdee344634f6bd7c48b6bb,controlled_kernel,jellyfish-turboplonk-0.8.0-bn254-kzg,default,{},setup_or_preprocess,1024,4,,true,3,56.136105,2.737433,55.909853,58.672664,53.518819,58.979643,,,,,,,,not-applicable,,,,,,,,,,,,,,,,,,measured,controlled implementation pilot; not paper-final evidence,measurement,true
C2-CONTROLLED-SNARK,controlled-plonk-pilot-v1,5477ab05b549b750fa32dc9a1bc61898f74ebf21,b51fa1bd9bd3db00079057822b5f305afd048981c6fdee344634f6bd7c48b6bb,controlled_kernel,jellyfish-turboplonk-0.8.0-bn254-kzg,default,{},setup_or_preprocess,1024,4,wrong_public_input,true,3,54.458532,2.031301,54.292449,56.340243,52.515372,56.567776,,,,,,,,not-applicable,,,,,,,,,,,,,,,,,,measured,controlled implementation pilot; not paper-final evidence,measurement,true
C2-CONTROLLED-SNARK,controlled-plonk-pilot-v1,5477ab05b549b750fa32dc9a1bc61898f74ebf21,b51fa1bd9bd3db00079057822b5f305afd048981c6fdee344634f6bd7c48b6bb,controlled_kernel,jellyfish-turboplonk-0.8.0-bn254-kzg,default,{},setup_or_preprocess,1024,8,,true,3,38.988334,4.791361,39.798583,42.970477,33.843509,43.322910,,,,,,,,not-applicable,,,,,,,,,,,,,,,,,,measured,controlled implementation pilot; not paper-final evidence,measurement,true
C2-CONTROLLED-SNARK,controlled-plonk-pilot-v1,5477ab05b549b750fa32dc9a1bc61898f74ebf21,b51fa1bd9bd3db00079057822b5f305afd048981c6fdee344634f6bd7c48b6bb,controlled_kernel,jellyfish-turboplonk-0.8.0-bn254-kzg,default,{},setup_or_preprocess,1024,8,wrong_public_input,true,3,38.754976,0.723712,38.681901,39.429398,38.070574,39.512453,,,,,,,,not-applicable,,,,,,,,,,,,,,,,,,measured,controlled implementation pilot; not paper-final evidence,measurement,true
C2-CONTROLLED-SNARK,controlled-plonk-pilot-v1,5477ab05b549b750fa32dc9a1bc61898f74ebf21,b51fa1bd9bd3db00079057822b5f305afd048981c6fdee344634f6bd7c48b6bb,controlled_kernel,jellyfish-turboplonk-0.8.0-bn254-kzg,default,{},setup_or_preprocess,1024,16,,true,3,56.438209,10.864618,52.209687,67.124167,48.323608,68.781332,,,,,,,,not-applicable,,,,,,,,,,,,,,,,,,measured,controlled implementation pilot; not paper-final evidence,measurement,true
C2-CONTROLLED-SNARK,controlled-plonk-pilot-v1,5477ab05b549b750fa32dc9a1bc61898f74ebf21,b51fa1bd9bd3db00079057822b5f305afd048981c6fdee344634f6bd7c48b6bb,controlled_kernel,jellyfish-turboplonk-0.8.0-bn254-kzg,default,{},setup_or_preprocess,4096,1,,true,3,594.989385,7.555179,590.974203,602.431376,590.289557,603.704395,,,,,,,,not-applicable,,,,,,,,,,,,,,,,,,measured,controlled implementation pilot; not paper-final evidence,measurement,true
C2-CONTROLLED-SNARK,controlled-plonk-pilot-v1,5477ab05b549b750fa32dc9a1bc61898f74ebf21,b51fa1bd9bd3db00079057822b5f305afd048981c6fdee344634f6bd7c48b6bb,controlled_kernel,jellyfish-turboplonk-0.8.0-bn254-kzg,default,{},setup_or_preprocess,4096,1,wrong_public_input,true,3,586.183774,2.960552,586.565792,588.697875,583.050756,588.934773,,,,,,,,not-applicable,,,,,,,,,,,,,,,,,,measured,controlled implementation pilot; not paper-final evidence,measurement,true
C2-CONTROLLED-SNARK,controlled-plonk-pilot-v1,5477ab05b549b750fa32dc9a1bc61898f74ebf21,b51fa1bd9bd3db00079057822b5f305afd048981c6fdee344634f6bd7c48b6bb,controlled_kernel,jellyfish-turboplonk-0.8.0-bn254-kzg,default,{},setup_or_preprocess,4096,2,,true,3,303.063053,1.677374,302.645132,304.683401,301.634152,304.909875,,,,,,,,not-applicable,,,,,,,,,,,,,,,,,,measured,controlled implementation pilot; not paper-final evidence,measurement,true
C2-CONTROLLED-SNARK,controlled-plonk-pilot-v1,5477ab05b549b750fa32dc9a1bc61898f74ebf21,b51fa1bd9bd3db00079057822b5f305afd048981c6fdee344634f6bd7c48b6bb,controlled_kernel,jellyfish-turboplonk-0.8.0-bn254-kzg,default,{},setup_or_preprocess,4096,4,,true,3,168.783959,5.997403,165.489455,174.684782,165.155936,175.706485,,,,,,,,not-applicable,,,,,,,,,,,,,,,,,,measured,controlled implementation pilot; not paper-final evidence,measurement,true
C2-CONTROLLED-SNARK,controlled-plonk-pilot-v1,5477ab05b549b750fa32dc9a1bc61898f74ebf21,b51fa1bd9bd3db00079057822b5f305afd048981c6fdee344634f6bd7c48b6bb,controlled_kernel,jellyfish-turboplonk-0.8.0-bn254-kzg,default,{},setup_or_preprocess,4096,4,wrong_public_input,true,3,166.971867,2.451569,167.291369,169.052355,164.376212,169.248020,,,,,,,,not-applicable,,,,,,,,,,,,,,,,,,measured,controlled implementation pilot; not paper-final evidence,measurement,true
C2-CONTROLLED-SNARK,controlled-plonk-pilot-v1,5477ab05b549b750fa32dc9a1bc61898f74ebf21,b51fa1bd9bd3db00079057822b5f305afd048981c6fdee344634f6bd7c48b6bb,controlled_kernel,jellyfish-turboplonk-0.8.0-bn254-kzg,default,{},setup_or_preprocess,4096,8,,true,3,109.728719,4.716690,111.805195,112.926340,104.330051,113.050912,,,,,,,,not-applicable,,,,,,,,,,,,,,,,,,measured,controlled implementation pilot; not paper-final evidence,measurement,true
C2-CONTROLLED-SNARK,controlled-plonk-pilot-v1,5477ab05b549b750fa32dc9a1bc61898f74ebf21,b51fa1bd9bd3db00079057822b5f305afd048981c6fdee344634f6bd7c48b6bb,controlled_kernel,jellyfish-turboplonk-0.8.0-bn254-kzg,default,{},setup_or_preprocess,4096,8,wrong_public_input,true,3,111.520683,1.835122,110.471141,113.322815,110.451239,113.639668,,,,,,,,not-applicable,,,,,,,,,,,,,,,,,,measured,controlled implementation pilot; not paper-final evidence,measurement,true
C2-CONTROLLED-SNARK,controlled-plonk-pilot-v1,5477ab05b549b750fa32dc9a1bc61898f74ebf21,b51fa1bd9bd3db00079057822b5f305afd048981c6fdee344634f6bd7c48b6bb,controlled_kernel,jellyfish-turboplonk-0.8.0-bn254-kzg,default,{},setup_or_preprocess,4096,16,,true,3,120.514746,27.275894,109.377729,147.375043,100.569542,151.596967,,,,,,,,not-applicable,,,,,,,,,,,,,,,,,,measured,controlled implementation pilot; not paper-final evidence,measurement,true
C2-CONTROLLED-SNARK,controlled-plonk-pilot-v1,5477ab05b549b750fa32dc9a1bc61898f74ebf21,b51fa1bd9bd3db00079057822b5f305afd048981c6fdee344634f6bd7c48b6bb,controlled_kernel,jellyfish-turboplonk-0.8.0-bn254-kzg,default,{},verify_core,64,1,,true,3,2.786454,0.637382,3.119423,3.181496,2.051547,3.188393,,,,,,,,not-applicable,,,,,,,,,,,,,,,,,,measured,controlled implementation pilot; not paper-final evidence,measurement,true
C2-CONTROLLED-SNARK,controlled-plonk-pilot-v1,5477ab05b549b750fa32dc9a1bc61898f74ebf21,b51fa1bd9bd3db00079057822b5f305afd048981c6fdee344634f6bd7c48b6bb,controlled_kernel,jellyfish-turboplonk-0.8.0-bn254-kzg,default,{},verify_core,64,1,wrong_public_input,true,3,3.032909,0.146834,2.979573,3.177019,2.920198,3.198957,,,,,,,,not-applicable,,,,,,,,,,,,,,,,,,measured,controlled implementation pilot; not paper-final evidence,measurement,true
C2-CONTROLLED-SNARK,controlled-plonk-pilot-v1,5477ab05b549b750fa32dc9a1bc61898f74ebf21,b51fa1bd9bd3db00079057822b5f305afd048981c6fdee344634f6bd7c48b6bb,controlled_kernel,jellyfish-turboplonk-0.8.0-bn254-kzg,default,{},verify_core,64,2,,true,3,3.370306,0.455011,3.439772,3.751907,2.884556,3.786589,,,,,,,,not-applicable,,,,,,,,,,,,,,,,,,measured,controlled implementation pilot; not paper-final evidence,measurement,true
C2-CONTROLLED-SNARK,controlled-plonk-pilot-v1,5477ab05b549b750fa32dc9a1bc61898f74ebf21,b51fa1bd9bd3db00079057822b5f305afd048981c6fdee344634f6bd7c48b6bb,controlled_kernel,jellyfish-turboplonk-0.8.0-bn254-kzg,default,{},verify_core,64,4,,true,3,3.387011,0.098094,3.438099,3.447925,3.273918,3.449017,,,,,,,,not-applicable,,,,,,,,,,,,,,,,,,measured,controlled implementation pilot; not paper-final evidence,measurement,true
C2-CONTROLLED-SNARK,controlled-plonk-pilot-v1,5477ab05b549b750fa32dc9a1bc61898f74ebf21,b51fa1bd9bd3db00079057822b5f305afd048981c6fdee344634f6bd7c48b6bb,controlled_kernel,jellyfish-turboplonk-0.8.0-bn254-kzg,default,{},verify_core,64,4,wrong_public_input,true,3,3.186200,0.212266,3.197669,3.373015,2.968432,3.392498,,,,,,,,not-applicable,,,,,,,,,,,,,,,,,,measured,controlled implementation pilot; not paper-final evidence,measurement,true
C2-CONTROLLED-SNARK,controlled-plonk-pilot-v1,5477ab05b549b750fa32dc9a1bc61898f74ebf21,b51fa1bd9bd3db00079057822b5f305afd048981c6fdee344634f6bd7c48b6bb,controlled_kernel,jellyfish-turboplonk-0.8.0-bn254-kzg,default,{},verify_core,64,8,,true,3,4.190731,0.120184,4.144985,4.308862,4.100137,4.327071,,,,,,,,not-applicable,,,,,,,,,,,,,,,,,,measured,controlled implementation pilot; not paper-final evidence,measurement,true
C2-CONTROLLED-SNARK,controlled-plonk-pilot-v1,5477ab05b549b750fa32dc9a1bc61898f74ebf21,b51fa1bd9bd3db00079057822b5f305afd048981c6fdee344634f6bd7c48b6bb,controlled_kernel,jellyfish-turboplonk-0.8.0-bn254-kzg,default,{},verify_core,64,8,wrong_public_input,true,3,4.253549,0.308432,4.397947,4.456759,3.899406,4.463294,,,,,,,,not-applicable,,,,,,,,,,,,,,,,,,measured,controlled implementation pilot; not paper-final evidence,measurement,true
C2-CONTROLLED-SNARK,controlled-plonk-pilot-v1,5477ab05b549b750fa32dc9a1bc61898f74ebf21,b51fa1bd9bd3db00079057822b5f305afd048981c6fdee344634f6bd7c48b6bb,controlled_kernel,jellyfish-turboplonk-0.8.0-bn254-kzg,default,{},verify_core,64,16,,true,3,6.429063,0.298161,6.416072,6.701764,6.137609,6.733507,,,,,,,,not-applicable,,,,,,,,,,,,,,,,,,measured,controlled implementation pilot; not paper-final evidence,measurement,true
C2-CONTROLLED-SNARK,controlled-plonk-pilot-v1,5477ab05b549b750fa32dc9a1bc61898f74ebf21,b51fa1bd9bd3db00079057822b5f305afd048981c6fdee344634f6bd7c48b6bb,controlled_kernel,jellyfish-turboplonk-0.8.0-bn254-kzg,default,{},verify_core,256,1,,true,3,3.227153,0.219706,3.188409,3.436129,3.029396,3.463654,,,,,,,,not-applicable,,,,,,,,,,,,,,,,,,measured,controlled implementation pilot; not paper-final evidence,measurement,true
C2-CONTROLLED-SNARK,controlled-plonk-pilot-v1,5477ab05b549b750fa32dc9a1bc61898f74ebf21,b51fa1bd9bd3db00079057822b5f305afd048981c6fdee344634f6bd7c48b6bb,controlled_kernel,jellyfish-turboplonk-0.8.0-bn254-kzg,default,{},verify_core,256,2,,true,3,2.641361,0.442489,2.825241,2.948559,2.136580,2.962261,,,,,,,,not-applicable,,,,,,,,,,,,,,,,,,measured,controlled implementation pilot; not paper-final evidence,measurement,true
C2-CONTROLLED-SNARK,controlled-plonk-pilot-v1,5477ab05b549b750fa32dc9a1bc61898f74ebf21,b51fa1bd9bd3db00079057822b5f305afd048981c6fdee344634f6bd7c48b6bb,controlled_kernel,jellyfish-turboplonk-0.8.0-bn254-kzg,default,{},verify_core,256,4,,true,3,3.090731,0.147280,3.071676,3.229118,2.953906,3.246612,,,,,,,,not-applicable,,,,,,,,,,,,,,,,,,measured,controlled implementation pilot; not paper-final evidence,measurement,true
C2-CONTROLLED-SNARK,controlled-plonk-pilot-v1,5477ab05b549b750fa32dc9a1bc61898f74ebf21,b51fa1bd9bd3db00079057822b5f305afd048981c6fdee344634f6bd7c48b6bb,controlled_kernel,jellyfish-turboplonk-0.8.0-bn254-kzg,default,{},verify_core,256,8,,true,3,4.296832,0.516287,4.306271,4.758129,3.775890,4.808335,,,,,,,,not-applicable,,,,,,,,,,,,,,,,,,measured,controlled implementation pilot; not paper-final evidence,measurement,true
C2-CONTROLLED-SNARK,controlled-plonk-pilot-v1,5477ab05b549b750fa32dc9a1bc61898f74ebf21,b51fa1bd9bd3db00079057822b5f305afd048981c6fdee344634f6bd7c48b6bb,controlled_kernel,jellyfish-turboplonk-0.8.0-bn254-kzg,default,{},verify_core,256,16,,true,3,6.481706,1.361941,7.100230,7.392184,4.920264,7.424623,,,,,,,,not-applicable,,,,,,,,,,,,,,,,,,measured,controlled implementation pilot; not paper-final evidence,measurement,true
C2-CONTROLLED-SNARK,controlled-plonk-pilot-v1,5477ab05b549b750fa32dc9a1bc61898f74ebf21,b51fa1bd9bd3db00079057822b5f305afd048981c6fdee344634f6bd7c48b6bb,controlled_kernel,jellyfish-turboplonk-0.8.0-bn254-kzg,default,{},verify_core,1024,1,,true,3,2.819542,0.684918,3.049013,3.329136,2.049353,3.360261,,,,,,,,not-applicable,,,,,,,,,,,,,,,,,,measured,controlled implementation pilot; not paper-final evidence,measurement,true
C2-CONTROLLED-SNARK,controlled-plonk-pilot-v1,5477ab05b549b750fa32dc9a1bc61898f74ebf21,b51fa1bd9bd3db00079057822b5f305afd048981c6fdee344634f6bd7c48b6bb,controlled_kernel,jellyfish-turboplonk-0.8.0-bn254-kzg,default,{},verify_core,1024,1,wrong_public_input,true,3,3.346800,0.218219,3.323832,3.550419,3.140973,3.575595,,,,,,,,not-applicable,,,,,,,,,,,,,,,,,,measured,controlled implementation pilot; not paper-final evidence,measurement,true
C2-CONTROLLED-SNARK,controlled-plonk-pilot-v1,5477ab05b549b750fa32dc9a1bc61898f74ebf21,b51fa1bd9bd3db00079057822b5f305afd048981c6fdee344634f6bd7c48b6bb,controlled_kernel,jellyfish-turboplonk-0.8.0-bn254-kzg,default,{},verify_core,1024,2,,true,3,3.203147,0.233944,3.174385,3.422567,2.984914,3.450143,,,,,,,,not-applicable,,,,,,,,,,,,,,,,,,measured,controlled implementation pilot; not paper-final evidence,measurement,true
C2-CONTROLLED-SNARK,controlled-plonk-pilot-v1,5477ab05b549b750fa32dc9a1bc61898f74ebf21,b51fa1bd9bd3db00079057822b5f305afd048981c6fdee344634f6bd7c48b6bb,controlled_kernel,jellyfish-turboplonk-0.8.0-bn254-kzg,default,{},verify_core,1024,4,,true,3,3.132065,0.247957,3.259205,3.287518,2.846326,3.290664,,,,,,,,not-applicable,,,,,,,,,,,,,,,,,,measured,controlled implementation pilot; not paper-final evidence,measurement,true
C2-CONTROLLED-SNARK,controlled-plonk-pilot-v1,5477ab05b549b750fa32dc9a1bc61898f74ebf21,b51fa1bd9bd3db00079057822b5f305afd048981c6fdee344634f6bd7c48b6bb,controlled_kernel,jellyfish-turboplonk-0.8.0-bn254-kzg,default,{},verify_core,1024,4,wrong_public_input,true,3,3.352325,0.257539,3.365165,3.579400,3.088607,3.603204,,,,,,,,not-applicable,,,,,,,,,,,,,,,,,,measured,controlled implementation pilot; not paper-final evidence,measurement,true
C2-CONTROLLED-SNARK,controlled-plonk-pilot-v1,5477ab05b549b750fa32dc9a1bc61898f74ebf21,b51fa1bd9bd3db00079057822b5f305afd048981c6fdee344634f6bd7c48b6bb,controlled_kernel,jellyfish-turboplonk-0.8.0-bn254-kzg,default,{},verify_core,1024,8,,true,3,3.700616,0.514310,3.861844,4.089681,3.125008,4.114996,,,,,,,,not-applicable,,,,,,,,,,,,,,,,,,measured,controlled implementation pilot; not paper-final evidence,measurement,true
C2-CONTROLLED-SNARK,controlled-plonk-pilot-v1,5477ab05b549b750fa32dc9a1bc61898f74ebf21,b51fa1bd9bd3db00079057822b5f305afd048981c6fdee344634f6bd7c48b6bb,controlled_kernel,jellyfish-turboplonk-0.8.0-bn254-kzg,default,{},verify_core,1024,8,wrong_public_input,true,3,3.866866,0.395346,3.793603,4.243707,3.513276,4.293719,,,,,,,,not-applicable,,,,,,,,,,,,,,,,,,measured,controlled implementation pilot; not paper-final evidence,measurement,true
C2-CONTROLLED-SNARK,controlled-plonk-pilot-v1,5477ab05b549b750fa32dc9a1bc61898f74ebf21,b51fa1bd9bd3db00079057822b5f305afd048981c6fdee344634f6bd7c48b6bb,controlled_kernel,jellyfish-turboplonk-0.8.0-bn254-kzg,default,{},verify_core,1024,16,,true,3,7.165320,0.194969,7.249486,7.298610,6.942406,7.304068,,,,,,,,not-applicable,,,,,,,,,,,,,,,,,,measured,controlled implementation pilot; not paper-final evidence,measurement,true
C2-CONTROLLED-SNARK,controlled-plonk-pilot-v1,5477ab05b549b750fa32dc9a1bc61898f74ebf21,b51fa1bd9bd3db00079057822b5f305afd048981c6fdee344634f6bd7c48b6bb,controlled_kernel,jellyfish-turboplonk-0.8.0-bn254-kzg,default,{},verify_core,4096,1,,true,3,3.059116,0.108091,3.071735,3.151483,2.945269,3.160344,,,,,,,,not-applicable,,,,,,,,,,,,,,,,,,measured,controlled implementation pilot; not paper-final evidence,measurement,true
C2-CONTROLLED-SNARK,controlled-plonk-pilot-v1,5477ab05b549b750fa32dc9a1bc61898f74ebf21,b51fa1bd9bd3db00079057822b5f305afd048981c6fdee344634f6bd7c48b6bb,controlled_kernel,jellyfish-turboplonk-0.8.0-bn254-kzg,default,{},verify_core,4096,1,wrong_public_input,true,3,3.293680,0.080499,3.306583,3.360912,3.207509,3.366948,,,,,,,,not-applicable,,,,,,,,,,,,,,,,,,measured,controlled implementation pilot; not paper-final evidence,measurement,true
C2-CONTROLLED-SNARK,controlled-plonk-pilot-v1,5477ab05b549b750fa32dc9a1bc61898f74ebf21,b51fa1bd9bd3db00079057822b5f305afd048981c6fdee344634f6bd7c48b6bb,controlled_kernel,jellyfish-turboplonk-0.8.0-bn254-kzg,default,{},verify_core,4096,2,,true,3,3.127930,0.237162,3.005881,3.361722,2.976649,3.401260,,,,,,,,not-applicable,,,,,,,,,,,,,,,,,,measured,controlled implementation pilot; not paper-final evidence,measurement,true
C2-CONTROLLED-SNARK,controlled-plonk-pilot-v1,5477ab05b549b750fa32dc9a1bc61898f74ebf21,b51fa1bd9bd3db00079057822b5f305afd048981c6fdee344634f6bd7c48b6bb,controlled_kernel,jellyfish-turboplonk-0.8.0-bn254-kzg,default,{},verify_core,4096,4,,true,3,3.460196,0.370775,3.471218,3.789925,3.084033,3.825337,,,,,,,,not-applicable,,,,,,,,,,,,,,,,,,measured,controlled implementation pilot; not paper-final evidence,measurement,true
C2-CONTROLLED-SNARK,controlled-plonk-pilot-v1,5477ab05b549b750fa32dc9a1bc61898f74ebf21,b51fa1bd9bd3db00079057822b5f305afd048981c6fdee344634f6bd7c48b6bb,controlled_kernel,jellyfish-turboplonk-0.8.0-bn254-kzg,default,{},verify_core,4096,4,wrong_public_input,true,3,3.463378,0.125417,3.458966,3.577744,3.340225,3.590942,,,,,,,,not-applicable,,,,,,,,,,,,,,,,,,measured,controlled implementation pilot; not paper-final evidence,measurement,true
C2-CONTROLLED-SNARK,controlled-plonk-pilot-v1,5477ab05b549b750fa32dc9a1bc61898f74ebf21,b51fa1bd9bd3db00079057822b5f305afd048981c6fdee344634f6bd7c48b6bb,controlled_kernel,jellyfish-turboplonk-0.8.0-bn254-kzg,default,{},verify_core,4096,8,,true,3,4.098546,0.384225,4.266377,4.359910,3.658957,4.370303,,,,,,,,not-applicable,,,,,,,,,,,,,,,,,,measured,controlled implementation pilot; not paper-final evidence,measurement,true
C2-CONTROLLED-SNARK,controlled-plonk-pilot-v1,5477ab05b549b750fa32dc9a1bc61898f74ebf21,b51fa1bd9bd3db00079057822b5f305afd048981c6fdee344634f6bd7c48b6bb,controlled_kernel,jellyfish-turboplonk-0.8.0-bn254-kzg,default,{},verify_core,4096,8,wrong_public_input,true,3,4.484962,0.410494,4.633090,4.784058,4.020963,4.800832,,,,,,,,not-applicable,,,,,,,,,,,,,,,,,,measured,controlled implementation pilot; not paper-final evidence,measurement,true
C2-CONTROLLED-SNARK,controlled-plonk-pilot-v1,5477ab05b549b750fa32dc9a1bc61898f74ebf21,b51fa1bd9bd3db00079057822b5f305afd048981c6fdee344634f6bd7c48b6bb,controlled_kernel,jellyfish-turboplonk-0.8.0-bn254-kzg,default,{},verify_core,4096,16,,true,3,6.564533,0.476046,6.619246,6.971697,6.063494,7.010858,,,,,,,,not-applicable,,,,,,,,,,,,,,,,,,measured,controlled implementation pilot; not paper-final evidence,measurement,true
C2-CONTROLLED-SNARK,controlled-plonk-pilot-v1,5477ab05b549b750fa32dc9a1bc61898f74ebf21,b51fa1bd9bd3db00079057822b5f305afd048981c6fdee344634f6bd7c48b6bb,controlled_kernel,jellyfish-turboplonk-0.8.0-bn254-kzg,default,{},verify_total,64,1,,true,3,3.137301,0.688882,3.396170,3.632941,2.356484,3.659249,,,,,,,,not-applicable,,,,,,,,,,,,,,,,,,measured,controlled implementation pilot; not paper-final evidence,measurement,true
C2-CONTROLLED-SNARK,controlled-plonk-pilot-v1,5477ab05b549b750fa32dc9a1bc61898f74ebf21,b51fa1bd9bd3db00079057822b5f305afd048981c6fdee344634f6bd7c48b6bb,controlled_kernel,jellyfish-turboplonk-0.8.0-bn254-kzg,default,{},verify_total,64,1,wrong_public_input,true,3,3.351972,0.194007,3.269061,3.543198,3.213198,3.573658,,,,,,,,not-applicable,,,,,,,,,,,,,,,,,,measured,controlled implementation pilot; not paper-final evidence,measurement,true
C2-CONTROLLED-SNARK,controlled-plonk-pilot-v1,5477ab05b549b750fa32dc9a1bc61898f74ebf21,b51fa1bd9bd3db00079057822b5f305afd048981c6fdee344634f6bd7c48b6bb,controlled_kernel,jellyfish-turboplonk-0.8.0-bn254-kzg,default,{},verify_total,64,2,,true,3,3.710385,0.458869,3.710436,4.123350,3.251491,4.169229,,,,,,,,not-applicable,,,,,,,,,,,,,,,,,,measured,controlled implementation pilot; not paper-final evidence,measurement,true
C2-CONTROLLED-SNARK,controlled-plonk-pilot-v1,5477ab05b549b750fa32dc9a1bc61898f74ebf21,b51fa1bd9bd3db00079057822b5f305afd048981c6fdee344634f6bd7c48b6bb,controlled_kernel,jellyfish-turboplonk-0.8.0-bn254-kzg,default,{},verify_total,64,4,,true,3,4.318469,0.108628,4.353450,4.400111,4.196660,4.405296,,,,,,,,not-applicable,,,,,,,,,,,,,,,,,,measured,controlled implementation pilot; not paper-final evidence,measurement,true
C2-CONTROLLED-SNARK,controlled-plonk-pilot-v1,5477ab05b549b750fa32dc9a1bc61898f74ebf21,b51fa1bd9bd3db00079057822b5f305afd048981c6fdee344634f6bd7c48b6bb,controlled_kernel,jellyfish-turboplonk-0.8.0-bn254-kzg,default,{},verify_total,64,4,wrong_public_input,true,3,4.124538,0.292963,4.122260,4.388996,3.832720,4.418633,,,,,,,,not-applicable,,,,,,,,,,,,,,,,,,measured,controlled implementation pilot; not paper-final evidence,measurement,true
C2-CONTROLLED-SNARK,controlled-plonk-pilot-v1,5477ab05b549b750fa32dc9a1bc61898f74ebf21,b51fa1bd9bd3db00079057822b5f305afd048981c6fdee344634f6bd7c48b6bb,controlled_kernel,jellyfish-turboplonk-0.8.0-bn254-kzg,default,{},verify_total,64,8,,true,3,5.663217,0.067681,5.686539,5.713192,5.586958,5.716153,,,,,,,,not-applicable,,,,,,,,,,,,,,,,,,measured,controlled implementation pilot; not paper-final evidence,measurement,true
C2-CONTROLLED-SNARK,controlled-plonk-pilot-v1,5477ab05b549b750fa32dc9a1bc61898f74ebf21,b51fa1bd9bd3db00079057822b5f305afd048981c6fdee344634f6bd7c48b6bb,controlled_kernel,jellyfish-turboplonk-0.8.0-bn254-kzg,default,{},verify_total,64,8,wrong_public_input,true,3,5.866895,0.387913,5.942205,6.184688,5.446850,6.211631,,,,,,,,not-applicable,,,,,,,,,,,,,,,,,,measured,controlled implementation pilot; not paper-final evidence,measurement,true
C2-CONTROLLED-SNARK,controlled-plonk-pilot-v1,5477ab05b549b750fa32dc9a1bc61898f74ebf21,b51fa1bd9bd3db00079057822b5f305afd048981c6fdee344634f6bd7c48b6bb,controlled_kernel,jellyfish-turboplonk-0.8.0-bn254-kzg,default,{},verify_total,64,16,,true,3,9.342286,0.188851,9.421243,9.473084,9.126770,9.478844,,,,,,,,not-applicable,,,,,,,,,,,,,,,,,,measured,controlled implementation pilot; not paper-final evidence,measurement,true
C2-CONTROLLED-SNARK,controlled-plonk-pilot-v1,5477ab05b549b750fa32dc9a1bc61898f74ebf21,b51fa1bd9bd3db00079057822b5f305afd048981c6fdee344634f6bd7c48b6bb,controlled_kernel,jellyfish-turboplonk-0.8.0-bn254-kzg,default,{},verify_total,256,1,,true,3,3.505700,0.235700,3.490534,3.722809,3.277950,3.748617,,,,,,,,not-applicable,,,,,,,,,,,,,,,,,,measured,controlled implementation pilot; not paper-final evidence,measurement,true
C2-CONTROLLED-SNARK,controlled-plonk-pilot-v1,5477ab05b549b750fa32dc9a1bc61898f74ebf21,b51fa1bd9bd3db00079057822b5f305afd048981c6fdee344634f6bd7c48b6bb,controlled_kernel,jellyfish-turboplonk-0.8.0-bn254-kzg,default,{},verify_total,256,2,,true,3,2.978273,0.439590,3.154905,3.287356,2.477840,3.302073,,,,,,,,not-applicable,,,,,,,,,,,,,,,,,,measured,controlled implementation pilot; not paper-final evidence,measurement,true
C2-CONTROLLED-SNARK,controlled-plonk-pilot-v1,5477ab05b549b750fa32dc9a1bc61898f74ebf21,b51fa1bd9bd3db00079057822b5f305afd048981c6fdee344634f6bd7c48b6bb,controlled_kernel,jellyfish-turboplonk-0.8.0-bn254-kzg,default,{},verify_total,256,4,,true,3,4.014416,0.311660,3.904175,4.320009,3.772859,4.366213,,,,,,,,not-applicable,,,,,,,,,,,,,,,,,,measured,controlled implementation pilot; not paper-final evidence,measurement,true
C2-CONTROLLED-SNARK,controlled-plonk-pilot-v1,5477ab05b549b750fa32dc9a1bc61898f74ebf21,b51fa1bd9bd3db00079057822b5f305afd048981c6fdee344634f6bd7c48b6bb,controlled_kernel,jellyfish-turboplonk-0.8.0-bn254-kzg,default,{},verify_total,256,8,,true,3,5.912405,0.549796,6.027824,6.358578,5.314062,6.395328,,,,,,,,not-applicable,,,,,,,,,,,,,,,,,,measured,controlled implementation pilot; not paper-final evidence,measurement,true
C2-CONTROLLED-SNARK,controlled-plonk-pilot-v1,5477ab05b549b750fa32dc9a1bc61898f74ebf21,b51fa1bd9bd3db00079057822b5f305afd048981c6fdee344634f6bd7c48b6bb,controlled_kernel,jellyfish-turboplonk-0.8.0-bn254-kzg,default,{},verify_total,256,16,,true,3,9.398688,1.490429,10.125699,10.360057,7.684268,10.386097,,,,,,,,not-applicable,,,,,,,,,,,,,,,,,,measured,controlled implementation pilot; not paper-final evidence,measurement,true
C2-CONTROLLED-SNARK,controlled-plonk-pilot-v1,5477ab05b549b750fa32dc9a1bc61898f74ebf21,b51fa1bd9bd3db00079057822b5f305afd048981c6fdee344634f6bd7c48b6bb,controlled_kernel,jellyfish-turboplonk-0.8.0-bn254-kzg,default,{},verify_total,1024,1,,true,3,3.117741,0.675144,3.357939,3.611741,2.355342,3.639941,,,,,,,,not-applicable,,,,,,,,,,,,,,,,,,measured,controlled implementation pilot; not paper-final evidence,measurement,true
C2-CONTROLLED-SNARK,controlled-plonk-pilot-v1,5477ab05b549b750fa32dc9a1bc61898f74ebf21,b51fa1bd9bd3db00079057822b5f305afd048981c6fdee344634f6bd7c48b6bb,controlled_kernel,jellyfish-turboplonk-0.8.0-bn254-kzg,default,{},verify_total,1024,1,wrong_public_input,true,3,3.648330,0.238335,3.643301,3.864555,3.412549,3.889139,,,,,,,,not-applicable,,,,,,,,,,,,,,,,,,measured,controlled implementation pilot; not paper-final evidence,measurement,true
C2-CONTROLLED-SNARK,controlled-plonk-pilot-v1,5477ab05b549b750fa32dc9a1bc61898f74ebf21,b51fa1bd9bd3db00079057822b5f305afd048981c6fdee344634f6bd7c48b6bb,controlled_kernel,jellyfish-turboplonk-0.8.0-bn254-kzg,default,{},verify_total,1024,2,,true,3,3.573941,0.223450,3.549874,3.782593,3.363499,3.808451,,,,,,,,not-applicable,,,,,,,,,,,,,,,,,,measured,controlled implementation pilot; not paper-final evidence,measurement,true
C2-CONTROLLED-SNARK,controlled-plonk-pilot-v1,5477ab05b549b750fa32dc9a1bc61898f74ebf21,b51fa1bd9bd3db00079057822b5f305afd048981c6fdee344634f6bd7c48b6bb,controlled_kernel,jellyfish-turboplonk-0.8.0-bn254-kzg,default,{},verify_total,1024,4,,true,3,3.983097,0.142513,4.060719,4.069026,3.818624,4.069949,,,,,,,,not-applicable,,,,,,,,,,,,,,,,,,measured,controlled implementation pilot; not paper-final evidence,measurement,true
C2-CONTROLLED-SNARK,controlled-plonk-pilot-v1,5477ab05b549b750fa32dc9a1bc61898f74ebf21,b51fa1bd9bd3db00079057822b5f305afd048981c6fdee344634f6bd7c48b6bb,controlled_kernel,jellyfish-turboplonk-0.8.0-bn254-kzg,default,{},verify_total,1024,4,wrong_public_input,true,3,4.332094,0.289357,4.295073,4.603868,4.063029,4.638179,,,,,,,,not-applicable,,,,,,,,,,,,,,,,,,measured,controlled implementation pilot; not paper-final evidence,measurement,true
C2-CONTROLLED-SNARK,controlled-plonk-pilot-v1,5477ab05b549b750fa32dc9a1bc61898f74ebf21,b51fa1bd9bd3db00079057822b5f305afd048981c6fdee344634f6bd7c48b6bb,controlled_kernel,jellyfish-turboplonk-0.8.0-bn254-kzg,default,{},verify_total,1024,8,,true,3,5.325265,0.688665,5.529427,5.852831,4.557604,5.888765,,,,,,,,not-applicable,,,,,,,,,,,,,,,,,,measured,controlled implementation pilot; not paper-final evidence,measurement,true
C2-CONTROLLED-SNARK,controlled-plonk-pilot-v1,5477ab05b549b750fa32dc9a1bc61898f74ebf21,b51fa1bd9bd3db00079057822b5f305afd048981c6fdee344634f6bd7c48b6bb,controlled_kernel,jellyfish-turboplonk-0.8.0-bn254-kzg,default,{},verify_total,1024,8,wrong_public_input,true,3,5.237592,0.439415,5.187045,5.648790,4.825637,5.700095,,,,,,,,not-applicable,,,,,,,,,,,,,,,,,,measured,controlled implementation pilot; not paper-final evidence,measurement,true
C2-CONTROLLED-SNARK,controlled-plonk-pilot-v1,5477ab05b549b750fa32dc9a1bc61898f74ebf21,b51fa1bd9bd3db00079057822b5f305afd048981c6fdee344634f6bd7c48b6bb,controlled_kernel,jellyfish-turboplonk-0.8.0-bn254-kzg,default,{},verify_total,1024,16,,true,3,10.271425,0.361279,10.403284,10.533756,9.862738,10.548253,,,,,,,,not-applicable,,,,,,,,,,,,,,,,,,measured,controlled implementation pilot; not paper-final evidence,measurement,true
C2-CONTROLLED-SNARK,controlled-plonk-pilot-v1,5477ab05b549b750fa32dc9a1bc61898f74ebf21,b51fa1bd9bd3db00079057822b5f305afd048981c6fdee344634f6bd7c48b6bb,controlled_kernel,jellyfish-turboplonk-0.8.0-bn254-kzg,default,{},verify_total,4096,1,,true,3,3.349402,0.101553,3.291262,3.449124,3.290281,3.466664,,,,,,,,not-applicable,,,,,,,,,,,,,,,,,,measured,controlled implementation pilot; not paper-final evidence,measurement,true
C2-CONTROLLED-SNARK,controlled-plonk-pilot-v1,5477ab05b549b750fa32dc9a1bc61898f74ebf21,b51fa1bd9bd3db00079057822b5f305afd048981c6fdee344634f6bd7c48b6bb,controlled_kernel,jellyfish-turboplonk-0.8.0-bn254-kzg,default,{},verify_total,4096,1,wrong_public_input,true,3,3.587887,0.075074,3.569875,3.660284,3.523457,3.670329,,,,,,,,not-applicable,,,,,,,,,,,,,,,,,,measured,controlled implementation pilot; not paper-final evidence,measurement,true
C2-CONTROLLED-SNARK,controlled-plonk-pilot-v1,5477ab05b549b750fa32dc9a1bc61898f74ebf21,b51fa1bd9bd3db00079057822b5f305afd048981c6fdee344634f6bd7c48b6bb,controlled_kernel,jellyfish-turboplonk-0.8.0-bn254-kzg,default,{},verify_total,4096,2,,true,3,3.508837,0.243592,3.409708,3.748698,3.330438,3.786364,,,,,,,,not-applicable,,,,,,,,,,,,,,,,,,measured,controlled implementation pilot; not paper-final evidence,measurement,true
C2-CONTROLLED-SNARK,controlled-plonk-pilot-v1,5477ab05b549b750fa32dc9a1bc61898f74ebf21,b51fa1bd9bd3db00079057822b5f305afd048981c6fdee344634f6bd7c48b6bb,controlled_kernel,jellyfish-turboplonk-0.8.0-bn254-kzg,default,{},verify_total,4096,4,,true,3,4.484528,0.408244,4.538725,4.830543,4.051893,4.862967,,,,,,,,not-applicable,,,,,,,,,,,,,,,,,,measured,controlled implementation pilot; not paper-final evidence,measurement,true
C2-CONTROLLED-SNARK,controlled-plonk-pilot-v1,5477ab05b549b750fa32dc9a1bc61898f74ebf21,b51fa1bd9bd3db00079057822b5f305afd048981c6fdee344634f6bd7c48b6bb,controlled_kernel,jellyfish-turboplonk-0.8.0-bn254-kzg,default,{},verify_total,4096,4,wrong_public_input,true,3,4.449864,0.112587,4.413673,4.559854,4.359823,4.576096,,,,,,,,not-applicable,,,,,,,,,,,,,,,,,,measured,controlled implementation pilot; not paper-final evidence,measurement,true
C2-CONTROLLED-SNARK,controlled-plonk-pilot-v1,5477ab05b549b750fa32dc9a1bc61898f74ebf21,b51fa1bd9bd3db00079057822b5f305afd048981c6fdee344634f6bd7c48b6bb,controlled_kernel,jellyfish-turboplonk-0.8.0-bn254-kzg,default,{},verify_total,4096,8,,true,3,5.658542,0.424456,5.889287,5.914807,5.168696,5.917642,,,,,,,,not-applicable,,,,,,,,,,,,,,,,,,measured,controlled implementation pilot; not paper-final evidence,measurement,true
C2-CONTROLLED-SNARK,controlled-plonk-pilot-v1,5477ab05b549b750fa32dc9a1bc61898f74ebf21,b51fa1bd9bd3db00079057822b5f305afd048981c6fdee344634f6bd7c48b6bb,controlled_kernel,jellyfish-turboplonk-0.8.0-bn254-kzg,default,{},verify_total,4096,8,wrong_public_input,true,3,6.158789,0.302466,6.318025,6.345336,5.809971,6.348371,,,,,,,,not-applicable,,,,,,,,,,,,,,,,,,measured,controlled implementation pilot; not paper-final evidence,measurement,true
C2-CONTROLLED-SNARK,controlled-plonk-pilot-v1,5477ab05b549b750fa32dc9a1bc61898f74ebf21,b51fa1bd9bd3db00079057822b5f305afd048981c6fdee344634f6bd7c48b6bb,controlled_kernel,jellyfish-turboplonk-0.8.0-bn254-kzg,default,{},verify_total,4096,16,,true,3,10.195470,0.693227,10.565140,10.619473,9.395760,10.625510,,,,,,,,not-applicable,,,,,,,,,,,,,,,,,,measured,controlled implementation pilot; not paper-final evidence,measurement,true
C2-CONTROLLED-SNARK,controlled-plonk-pilot-v1,5477ab05b549b750fa32dc9a1bc61898f74ebf21,b51fa1bd9bd3db00079057822b5f305afd048981c6fdee344634f6bd7c48b6bb,controlled_kernel,jellyfish-turboplonk-0.8.0-bn254-kzg,default,{},witness,64,1,,true,3,0.660696,0.415655,0.813944,0.961566,0.190174,0.977969,,,,,,,,not-applicable,,,,,,,,,,,,,,,,,,measured,controlled implementation pilot; not paper-final evidence,measurement,true
C2-CONTROLLED-SNARK,controlled-plonk-pilot-v1,5477ab05b549b750fa32dc9a1bc61898f74ebf21,b51fa1bd9bd3db00079057822b5f305afd048981c6fdee344634f6bd7c48b6bb,controlled_kernel,jellyfish-turboplonk-0.8.0-bn254-kzg,default,{},witness,64,1,wrong_public_input,true,3,0.881818,0.221122,0.775832,1.099968,0.733640,1.135983,,,,,,,,not-applicable,,,,,,,,,,,,,,,,,,measured,controlled implementation pilot; not paper-final evidence,measurement,true
C2-CONTROLLED-SNARK,controlled-plonk-pilot-v1,5477ab05b549b750fa32dc9a1bc61898f74ebf21,b51fa1bd9bd3db00079057822b5f305afd048981c6fdee344634f6bd7c48b6bb,controlled_kernel,jellyfish-turboplonk-0.8.0-bn254-kzg,default,{},witness,64,2,,true,3,0.689395,0.055462,0.668088,0.743924,0.647746,0.752350,,,,,,,,not-applicable,,,,,,,,,,,,,,,,,,measured,controlled implementation pilot; not paper-final evidence,measurement,true
C2-CONTROLLED-SNARK,controlled-plonk-pilot-v1,5477ab05b549b750fa32dc9a1bc61898f74ebf21,b51fa1bd9bd3db00079057822b5f305afd048981c6fdee344634f6bd7c48b6bb,controlled_kernel,jellyfish-turboplonk-0.8.0-bn254-kzg,default,{},witness,64,4,,true,3,0.794881,0.092878,0.767382,0.885302,0.718858,0.898404,,,,,,,,not-applicable,,,,,,,,,,,,,,,,,,measured,controlled implementation pilot; not paper-final evidence,measurement,true
C2-CONTROLLED-SNARK,controlled-plonk-pilot-v1,5477ab05b549b750fa32dc9a1bc61898f74ebf21,b51fa1bd9bd3db00079057822b5f305afd048981c6fdee344634f6bd7c48b6bb,controlled_kernel,jellyfish-turboplonk-0.8.0-bn254-kzg,default,{},witness,64,4,wrong_public_input,true,3,0.744195,0.048882,0.722354,0.792406,0.710041,0.800190,,,,,,,,not-applicable,,,,,,,,,,,,,,,,,,measured,controlled implementation pilot; not paper-final evidence,measurement,true
C2-CONTROLLED-SNARK,controlled-plonk-pilot-v1,5477ab05b549b750fa32dc9a1bc61898f74ebf21,b51fa1bd9bd3db00079057822b5f305afd048981c6fdee344634f6bd7c48b6bb,controlled_kernel,jellyfish-turboplonk-0.8.0-bn254-kzg,default,{},witness,64,8,,true,3,0.733811,0.052347,0.717955,0.784823,0.691226,0.792253,,,,,,,,not-applicable,,,,,,,,,,,,,,,,,,measured,controlled implementation pilot; not paper-final evidence,measurement,true
C2-CONTROLLED-SNARK,controlled-plonk-pilot-v1,5477ab05b549b750fa32dc9a1bc61898f74ebf21,b51fa1bd9bd3db00079057822b5f305afd048981c6fdee344634f6bd7c48b6bb,controlled_kernel,jellyfish-turboplonk-0.8.0-bn254-kzg,default,{},witness,64,8,wrong_public_input,true,3,0.844949,0.021255,0.838631,0.865645,0.827569,0.868646,,,,,,,,not-applicable,,,,,,,,,,,,,,,,,,measured,controlled implementation pilot; not paper-final evidence,measurement,true
C2-CONTROLLED-SNARK,controlled-plonk-pilot-v1,5477ab05b549b750fa32dc9a1bc61898f74ebf21,b51fa1bd9bd3db00079057822b5f305afd048981c6fdee344634f6bd7c48b6bb,controlled_kernel,jellyfish-turboplonk-0.8.0-bn254-kzg,default,{},witness,64,16,,true,3,0.818677,0.190827,0.739316,1.006672,0.680336,1.036378,,,,,,,,not-applicable,,,,,,,,,,,,,,,,,,measured,controlled implementation pilot; not paper-final evidence,measurement,true
C2-CONTROLLED-SNARK,controlled-plonk-pilot-v1,5477ab05b549b750fa32dc9a1bc61898f74ebf21,b51fa1bd9bd3db00079057822b5f305afd048981c6fdee344634f6bd7c48b6bb,controlled_kernel,jellyfish-turboplonk-0.8.0-bn254-kzg,default,{},witness,256,1,,true,3,1.035127,0.028085,1.027872,1.062302,1.011381,1.066128,,,,,,,,not-applicable,,,,,,,,,,,,,,,,,,measured,controlled implementation pilot; not paper-final evidence,measurement,true
C2-CONTROLLED-SNARK,controlled-plonk-pilot-v1,5477ab05b549b750fa32dc9a1bc61898f74ebf21,b51fa1bd9bd3db00079057822b5f305afd048981c6fdee344634f6bd7c48b6bb,controlled_kernel,jellyfish-turboplonk-0.8.0-bn254-kzg,default,{},witness,256,2,,true,3,1.022656,0.442945,1.152375,1.362871,0.529335,1.386259,,,,,,,,not-applicable,,,,,,,,,,,,,,,,,,measured,controlled implementation pilot; not paper-final evidence,measurement,true
C2-CONTROLLED-SNARK,controlled-plonk-pilot-v1,5477ab05b549b750fa32dc9a1bc61898f74ebf21,b51fa1bd9bd3db00079057822b5f305afd048981c6fdee344634f6bd7c48b6bb,controlled_kernel,jellyfish-turboplonk-0.8.0-bn254-kzg,default,{},witness,256,4,,true,3,1.063684,0.075813,1.103719,1.110350,0.976247,1.111087,,,,,,,,not-applicable,,,,,,,,,,,,,,,,,,measured,controlled implementation pilot; not paper-final evidence,measurement,true
C2-CONTROLLED-SNARK,controlled-plonk-pilot-v1,5477ab05b549b750fa32dc9a1bc61898f74ebf21,b51fa1bd9bd3db00079057822b5f305afd048981c6fdee344634f6bd7c48b6bb,controlled_kernel,jellyfish-turboplonk-0.8.0-bn254-kzg,default,{},witness,256,8,,true,3,1.095281,0.116421,1.142535,1.176835,0.962662,1.180646,,,,,,,,not-applicable,,,,,,,,,,,,,,,,,,measured,controlled implementation pilot; not paper-final evidence,measurement,true
C2-CONTROLLED-SNARK,controlled-plonk-pilot-v1,5477ab05b549b750fa32dc9a1bc61898f74ebf21,b51fa1bd9bd3db00079057822b5f305afd048981c6fdee344634f6bd7c48b6bb,controlled_kernel,jellyfish-turboplonk-0.8.0-bn254-kzg,default,{},witness,256,16,,true,3,1.195461,0.071897,1.203499,1.257051,1.119883,1.263001,,,,,,,,not-applicable,,,,,,,,,,,,,,,,,,measured,controlled implementation pilot; not paper-final evidence,measurement,true
C2-CONTROLLED-SNARK,controlled-plonk-pilot-v1,5477ab05b549b750fa32dc9a1bc61898f74ebf21,b51fa1bd9bd3db00079057822b5f305afd048981c6fdee344634f6bd7c48b6bb,controlled_kernel,jellyfish-turboplonk-0.8.0-bn254-kzg,default,{},witness,1024,1,,true,3,2.365331,0.316090,2.396088,2.638035,2.034986,2.664918,,,,,,,,not-applicable,,,,,,,,,,,,,,,,,,measured,controlled implementation pilot; not paper-final evidence,measurement,true
C2-CONTROLLED-SNARK,controlled-plonk-pilot-v1,5477ab05b549b750fa32dc9a1bc61898f74ebf21,b51fa1bd9bd3db00079057822b5f305afd048981c6fdee344634f6bd7c48b6bb,controlled_kernel,jellyfish-turboplonk-0.8.0-bn254-kzg,default,{},witness,1024,1,wrong_public_input,true,3,2.623444,0.134213,2.610216,2.748425,2.496335,2.763781,,,,,,,,not-applicable,,,,,,,,,,,,,,,,,,measured,controlled implementation pilot; not paper-final evidence,measurement,true
C2-CONTROLLED-SNARK,controlled-plonk-pilot-v1,5477ab05b549b750fa32dc9a1bc61898f74ebf21,b51fa1bd9bd3db00079057822b5f305afd048981c6fdee344634f6bd7c48b6bb,controlled_kernel,jellyfish-turboplonk-0.8.0-bn254-kzg,default,{},witness,1024,2,,true,3,2.471900,0.027813,2.464556,2.498839,2.448495,2.502648,,,,,,,,not-applicable,,,,,,,,,,,,,,,,,,measured,controlled implementation pilot; not paper-final evidence,measurement,true
C2-CONTROLLED-SNARK,controlled-plonk-pilot-v1,5477ab05b549b750fa32dc9a1bc61898f74ebf21,b51fa1bd9bd3db00079057822b5f305afd048981c6fdee344634f6bd7c48b6bb,controlled_kernel,jellyfish-turboplonk-0.8.0-bn254-kzg,default,{},witness,1024,4,,true,3,2.423387,0.200797,2.493289,2.571231,2.196982,2.579891,,,,,,,,not-applicable,,,,,,,,,,,,,,,,,,measured,controlled implementation pilot; not paper-final evidence,measurement,true
C2-CONTROLLED-SNARK,controlled-plonk-pilot-v1,5477ab05b549b750fa32dc9a1bc61898f74ebf21,b51fa1bd9bd3db00079057822b5f305afd048981c6fdee344634f6bd7c48b6bb,controlled_kernel,jellyfish-turboplonk-0.8.0-bn254-kzg,default,{},witness,1024,4,wrong_public_input,true,3,2.322932,0.145066,2.313375,2.456624,2.182881,2.472540,,,,,,,,not-applicable,,,,,,,,,,,,,,,,,,measured,controlled implementation pilot; not paper-final evidence,measurement,true
C2-CONTROLLED-SNARK,controlled-plonk-pilot-v1,5477ab05b549b750fa32dc9a1bc61898f74ebf21,b51fa1bd9bd3db00079057822b5f305afd048981c6fdee344634f6bd7c48b6bb,controlled_kernel,jellyfish-turboplonk-0.8.0-bn254-kzg,default,{},witness,1024,8,,true,3,2.298925,0.511517,2.556882,2.622781,1.709791,2.630103,,,,,,,,not-applicable,,,,,,,,,,,,,,,,,,measured,controlled implementation pilot; not paper-final evidence,measurement,true
C2-CONTROLLED-SNARK,controlled-plonk-pilot-v1,5477ab05b549b750fa32dc9a1bc61898f74ebf21,b51fa1bd9bd3db00079057822b5f305afd048981c6fdee344634f6bd7c48b6bb,controlled_kernel,jellyfish-turboplonk-0.8.0-bn254-kzg,default,{},witness,1024,8,wrong_public_input,true,3,2.435619,0.100986,2.462126,2.514850,2.324024,2.520708,,,,,,,,not-applicable,,,,,,,,,,,,,,,,,,measured,controlled implementation pilot; not paper-final evidence,measurement,true
C2-CONTROLLED-SNARK,controlled-plonk-pilot-v1,5477ab05b549b750fa32dc9a1bc61898f74ebf21,b51fa1bd9bd3db00079057822b5f305afd048981c6fdee344634f6bd7c48b6bb,controlled_kernel,jellyfish-turboplonk-0.8.0-bn254-kzg,default,{},witness,1024,16,,true,3,2.418296,0.184991,2.361813,2.598631,2.268130,2.624944,,,,,,,,not-applicable,,,,,,,,,,,,,,,,,,measured,controlled implementation pilot; not paper-final evidence,measurement,true
C2-CONTROLLED-SNARK,controlled-plonk-pilot-v1,5477ab05b549b750fa32dc9a1bc61898f74ebf21,b51fa1bd9bd3db00079057822b5f305afd048981c6fdee344634f6bd7c48b6bb,controlled_kernel,jellyfish-turboplonk-0.8.0-bn254-kzg,default,{},witness,4096,1,,true,3,7.868000,0.167530,7.930035,7.989102,7.678301,7.995665,,,,,,,,not-applicable,,,,,,,,,,,,,,,,,,measured,controlled implementation pilot; not paper-final evidence,measurement,true
C2-CONTROLLED-SNARK,controlled-plonk-pilot-v1,5477ab05b549b750fa32dc9a1bc61898f74ebf21,b51fa1bd9bd3db00079057822b5f305afd048981c6fdee344634f6bd7c48b6bb,controlled_kernel,jellyfish-turboplonk-0.8.0-bn254-kzg,default,{},witness,4096,1,wrong_public_input,true,3,7.492034,0.380093,7.309244,7.867014,7.237869,7.928988,,,,,,,,not-applicable,,,,,,,,,,,,,,,,,,measured,controlled implementation pilot; not paper-final evidence,measurement,true
C2-CONTROLLED-SNARK,controlled-plonk-pilot-v1,5477ab05b549b750fa32dc9a1bc61898f74ebf21,b51fa1bd9bd3db00079057822b5f305afd048981c6fdee344634f6bd7c48b6bb,controlled_kernel,jellyfish-turboplonk-0.8.0-bn254-kzg,default,{},witness,4096,2,,true,3,7.631068,0.514956,7.425274,8.137915,7.250833,8.217097,,,,,,,,not-applicable,,,,,,,,,,,,,,,,,,measured,controlled implementation pilot; not paper-final evidence,measurement,true
C2-CONTROLLED-SNARK,controlled-plonk-pilot-v1,5477ab05b549b750fa32dc9a1bc61898f74ebf21,b51fa1bd9bd3db00079057822b5f305afd048981c6fdee344634f6bd7c48b6bb,controlled_kernel,jellyfish-turboplonk-0.8.0-bn254-kzg,default,{},witness,4096,4,,true,3,7.651610,0.512905,7.648925,8.114159,7.140053,8.165852,,,,,,,,not-applicable,,,,,,,,,,,,,,,,,,measured,controlled implementation pilot; not paper-final evidence,measurement,true
C2-CONTROLLED-SNARK,controlled-plonk-pilot-v1,5477ab05b549b750fa32dc9a1bc61898f74ebf21,b51fa1bd9bd3db00079057822b5f305afd048981c6fdee344634f6bd7c48b6bb,controlled_kernel,jellyfish-turboplonk-0.8.0-bn254-kzg,default,{},witness,4096,4,wrong_public_input,true,3,7.520253,0.168670,7.517800,7.672902,7.352822,7.690136,,,,,,,,not-applicable,,,,,,,,,,,,,,,,,,measured,controlled implementation pilot; not paper-final evidence,measurement,true
C2-CONTROLLED-SNARK,controlled-plonk-pilot-v1,5477ab05b549b750fa32dc9a1bc61898f74ebf21,b51fa1bd9bd3db00079057822b5f305afd048981c6fdee344634f6bd7c48b6bb,controlled_kernel,jellyfish-turboplonk-0.8.0-bn254-kzg,default,{},witness,4096,8,,true,3,7.870361,0.150497,7.872059,8.005207,7.719022,8.020001,,,,,,,,not-applicable,,,,,,,,,,,,,,,,,,measured,controlled implementation pilot; not paper-final evidence,measurement,true
C2-CONTROLLED-SNARK,controlled-plonk-pilot-v1,5477ab05b549b750fa32dc9a1bc61898f74ebf21,b51fa1bd9bd3db00079057822b5f305afd048981c6fdee344634f6bd7c48b6bb,controlled_kernel,jellyfish-turboplonk-0.8.0-bn254-kzg,default,{},witness,4096,8,wrong_public_input,true,3,7.286978,0.255562,7.338662,7.495338,7.009524,7.512747,,,,,,,,not-applicable,,,,,,,,,,,,,,,,,,measured,controlled implementation pilot; not paper-final evidence,measurement,true
C2-CONTROLLED-SNARK,controlled-plonk-pilot-v1,5477ab05b549b750fa32dc9a1bc61898f74ebf21,b51fa1bd9bd3db00079057822b5f305afd048981c6fdee344634f6bd7c48b6bb,controlled_kernel,jellyfish-turboplonk-0.8.0-bn254-kzg,default,{},witness,4096,16,,true,3,7.608335,0.414013,7.750726,7.914198,7.141917,7.932361,,,,,,,,not-applicable,,,,,,,,,,,,,,,,,,measured,controlled implementation pilot; not paper-final evidence,measurement,true
