claim_id,experiment_id,adapter_commit,config_hash,workload,variant,parameter_set,parameters_json,phase,input_scale,threads,invalid_proof_kind,supported,n,mean_latency_ms,stdev_latency_ms,p50_latency_ms,p95_latency_ms,min_latency_ms,max_latency_ms,median_cpu_time_ms,median_peak_rss_mb,median_page_faults,proof_bytes,native_relation_size,relation_unit,public_inputs,expected_outcomes,stdev_unavailable_reason,excluded_boundary_metrics,metric_unavailable_reason,speedup_vs_one_thread,speedup_ci_low,speedup_ci_high,parallel_efficiency,application_throughput_units_s,native_overhead_ratio,cpu_wall_ratio,ram_per_application_unit_mb,saturation_threads,scaling_coefficient_a,scaling_exponent_b,scaling_exponent_ci_low,scaling_exponent_ci_high,scaling_r_squared,evidence_class,result_scope,run_role,recorded
C2-CONTROLLED-SNARK,controlled-groth16-bls12-381-pilot-v1,5477ab05b549b750fa32dc9a1bc61898f74ebf21,0255a02ac085ff6e3426b4fc0abd92b3f27d476cc272bd1c8ee04140ed316718,controlled_kernel,ark-groth16-0.6.0-bls12-381,default,{},adapter_process_wall,16,1,,true,3,72.793011,11.543234,78.863484,79.917275,59.481186,80.034363,20.000000,4.640625,290.000000,192,16,r1cs_constraints,2,all-expected,,,"Linux procfs read failed: [Errno 13] Permission denied: '/proc/1063/io'; private commit and per-process swap I/O are unavailable; VmSwap reports allocation, not swap traffic; No documented hardware or OS energy counter is configured in WSL2; Linux procfs read failed: [Errno 2] No such file or directory: '/proc/1177/status'; private commit and per-process swap I/O are unavailable; VmSwap reports allocation, not swap traffic; No documented hardware or OS energy counter is configured in WSL2; private commit and per-process swap I/O are unavailable; VmSwap reports allocation, not swap traffic; No documented hardware or OS energy counter is configured in WSL2",,,,,,,0.253603,0.290039,,,,,,,measured,matched Groth16 curve pilot; no protocol-superiority claim,measurement,true
C2-CONTROLLED-SNARK,controlled-groth16-bls12-381-pilot-v1,5477ab05b549b750fa32dc9a1bc61898f74ebf21,0255a02ac085ff6e3426b4fc0abd92b3f27d476cc272bd1c8ee04140ed316718,controlled_kernel,ark-groth16-0.6.0-bls12-381,default,{},adapter_process_wall,16,1,wrong_public_input,true,3,65.584611,11.373351,59.399054,76.779084,58.644579,78.710199,10.000000,4.718750,261.000000,192,16,r1cs_constraints,2,all-expected,,,"Linux procfs read failed: [Errno 13] Permission denied: '/proc/1480/io'; private commit and per-process swap I/O are unavailable; VmSwap reports allocation, not swap traffic; No documented hardware or OS energy counter is configured in WSL2; private commit and per-process swap I/O are unavailable; VmSwap reports allocation, not swap traffic; No documented hardware or OS energy counter is configured in WSL2",,,,,,,0.168353,0.294922,,,,,,,measured,matched Groth16 curve pilot; no protocol-superiority claim,measurement,true
C2-CONTROLLED-SNARK,controlled-groth16-bls12-381-pilot-v1,5477ab05b549b750fa32dc9a1bc61898f74ebf21,0255a02ac085ff6e3426b4fc0abd92b3f27d476cc272bd1c8ee04140ed316718,controlled_kernel,ark-groth16-0.6.0-bls12-381,default,{},adapter_process_wall,16,2,,true,3,75.816682,1.740537,76.443722,77.085509,73.849504,77.156819,30.000000,4.847656,327.000000,192,16,r1cs_constraints,2,all-expected,,,"Linux procfs read failed: [Errno 13] Permission denied: '/proc/1556/io'; private commit and per-process swap I/O are unavailable; VmSwap reports allocation, not swap traffic; No documented hardware or OS energy counter is configured in WSL2; private commit and per-process swap I/O are unavailable; VmSwap reports allocation, not swap traffic; No documented hardware or OS energy counter is configured in WSL2",,,,,,,0.392446,0.302978,,,,,,,measured,matched Groth16 curve pilot; no protocol-superiority claim,measurement,true
C2-CONTROLLED-SNARK,controlled-groth16-bls12-381-pilot-v1,5477ab05b549b750fa32dc9a1bc61898f74ebf21,0255a02ac085ff6e3426b4fc0abd92b3f27d476cc272bd1c8ee04140ed316718,controlled_kernel,ark-groth16-0.6.0-bls12-381,default,{},adapter_process_wall,16,4,,true,3,80.333891,1.327977,80.805028,81.306360,78.834580,81.362064,60.000000,5.167969,420.000000,192,16,r1cs_constraints,2,all-expected,,,"private commit and per-process swap I/O are unavailable; VmSwap reports allocation, not swap traffic; No documented hardware or OS energy counter is configured in WSL2",,,,,,,0.742528,0.322998,,,,,,,measured,matched Groth16 curve pilot; no protocol-superiority claim,measurement,true
C2-CONTROLLED-SNARK,controlled-groth16-bls12-381-pilot-v1,5477ab05b549b750fa32dc9a1bc61898f74ebf21,0255a02ac085ff6e3426b4fc0abd92b3f27d476cc272bd1c8ee04140ed316718,controlled_kernel,ark-groth16-0.6.0-bls12-381,default,{},adapter_process_wall,16,4,wrong_public_input,true,3,69.942978,9.931598,64.366878,79.705294,64.052494,81.409563,50.000000,5.152344,355.000000,192,16,r1cs_constraints,2,all-expected,,,"private commit and per-process swap I/O are unavailable; VmSwap reports allocation, not swap traffic; No documented hardware or OS energy counter is configured in WSL2",,,,,,,0.776797,0.322022,,,,,,,measured,matched Groth16 curve pilot; no protocol-superiority claim,measurement,true
C2-CONTROLLED-SNARK,controlled-groth16-bls12-381-pilot-v1,5477ab05b549b750fa32dc9a1bc61898f74ebf21,0255a02ac085ff6e3426b4fc0abd92b3f27d476cc272bd1c8ee04140ed316718,controlled_kernel,ark-groth16-0.6.0-bls12-381,default,{},adapter_process_wall,64,1,,true,3,82.760620,10.513676,86.446385,90.486281,70.900316,90.935158,30.000000,4.890625,398.000000,192,64,r1cs_constraints,2,all-expected,,,"private commit and per-process swap I/O are unavailable; VmSwap reports allocation, not swap traffic; No documented hardware or OS energy counter is configured in WSL2",,,,,,,0.347036,0.076416,,,,,,,measured,matched Groth16 curve pilot; no protocol-superiority claim,measurement,true
C2-CONTROLLED-SNARK,controlled-groth16-bls12-381-pilot-v1,5477ab05b549b750fa32dc9a1bc61898f74ebf21,0255a02ac085ff6e3426b4fc0abd92b3f27d476cc272bd1c8ee04140ed316718,controlled_kernel,ark-groth16-0.6.0-bls12-381,default,{},adapter_process_wall,64,1,wrong_public_input,true,3,84.627217,11.060762,88.769910,92.593745,72.093126,93.018616,30.000000,4.921875,389.000000,192,64,r1cs_constraints,2,all-expected,,,"Linux procfs read failed: [Errno 13] Permission denied: '/proc/1311/io'; private commit and per-process swap I/O are unavailable; VmSwap reports allocation, not swap traffic; No documented hardware or OS energy counter is configured in WSL2; private commit and per-process swap I/O are unavailable; VmSwap reports allocation, not swap traffic; No documented hardware or OS energy counter is configured in WSL2",,,,,,,0.337952,0.076904,,,,,,,measured,matched Groth16 curve pilot; no protocol-superiority claim,measurement,true
C2-CONTROLLED-SNARK,controlled-groth16-bls12-381-pilot-v1,5477ab05b549b750fa32dc9a1bc61898f74ebf21,0255a02ac085ff6e3426b4fc0abd92b3f27d476cc272bd1c8ee04140ed316718,controlled_kernel,ark-groth16-0.6.0-bls12-381,default,{},adapter_process_wall,64,2,,true,3,77.589120,11.668117,82.805770,85.445505,64.222780,85.738809,30.000000,5.019531,425.000000,192,64,r1cs_constraints,2,all-expected,,,"Linux procfs read failed: [Errno 13] Permission denied: '/proc/1584/io'; private commit and per-process swap I/O are unavailable; VmSwap reports allocation, not swap traffic; No documented hardware or OS energy counter is configured in WSL2; private commit and per-process swap I/O are unavailable; VmSwap reports allocation, not swap traffic; No documented hardware or OS energy counter is configured in WSL2",,,,,,,0.362294,0.078430,,,,,,,measured,matched Groth16 curve pilot; no protocol-superiority claim,measurement,true
C2-CONTROLLED-SNARK,controlled-groth16-bls12-381-pilot-v1,5477ab05b549b750fa32dc9a1bc61898f74ebf21,0255a02ac085ff6e3426b4fc0abd92b3f27d476cc272bd1c8ee04140ed316718,controlled_kernel,ark-groth16-0.6.0-bls12-381,default,{},adapter_process_wall,64,4,,true,3,82.070158,8.714952,86.516175,87.550480,72.028896,87.665403,70.000000,5.355469,520.000000,192,64,r1cs_constraints,2,all-expected,,,"Linux procfs read failed: [Errno 13] Permission denied: '/proc/921/io'; private commit and per-process swap I/O are unavailable; VmSwap reports allocation, not swap traffic; No documented hardware or OS energy counter is configured in WSL2; private commit and per-process swap I/O are unavailable; VmSwap reports allocation, not swap traffic; No documented hardware or OS energy counter is configured in WSL2",,,,,,,0.809097,0.083679,,,,,,,measured,matched Groth16 curve pilot; no protocol-superiority claim,measurement,true
C2-CONTROLLED-SNARK,controlled-groth16-bls12-381-pilot-v1,5477ab05b549b750fa32dc9a1bc61898f74ebf21,0255a02ac085ff6e3426b4fc0abd92b3f27d476cc272bd1c8ee04140ed316718,controlled_kernel,ark-groth16-0.6.0-bls12-381,default,{},adapter_process_wall,64,4,wrong_public_input,true,3,77.335221,9.835387,71.975156,87.015189,71.344202,88.686304,70.000000,5.375000,497.000000,192,64,r1cs_constraints,2,all-expected,,,"private commit and per-process swap I/O are unavailable; VmSwap reports allocation, not swap traffic; No documented hardware or OS energy counter is configured in WSL2",,,,,,,0.972558,0.083984,,,,,,,measured,matched Groth16 curve pilot; no protocol-superiority claim,measurement,true
C2-CONTROLLED-SNARK,controlled-groth16-bls12-381-pilot-v1,5477ab05b549b750fa32dc9a1bc61898f74ebf21,0255a02ac085ff6e3426b4fc0abd92b3f27d476cc272bd1c8ee04140ed316718,controlled_kernel,ark-groth16-0.6.0-bls12-381,default,{},adapter_process_wall,256,1,,true,3,106.552072,2.476902,105.213379,108.990560,105.032591,109.410247,50.000000,5.324219,544.000000,192,256,r1cs_constraints,2,all-expected,,,"Linux procfs read failed: [Errno 13] Permission denied: '/proc/1109/io'; private commit and per-process swap I/O are unavailable; VmSwap reports allocation, not swap traffic; No documented hardware or OS energy counter is configured in WSL2; Linux procfs read failed: [Errno 13] Permission denied: '/proc/1548/io'; private commit and per-process swap I/O are unavailable; VmSwap reports allocation, not swap traffic; No documented hardware or OS energy counter is configured in WSL2; Linux procfs read failed: [Errno 13] Permission denied: '/proc/1806/io'; private commit and per-process swap I/O are unavailable; VmSwap reports allocation, not swap traffic; No documented hardware or OS energy counter is configured in WSL2",,,,,,,0.475225,0.020798,,,,,,,measured,matched Groth16 curve pilot; no protocol-superiority claim,measurement,true
C2-CONTROLLED-SNARK,controlled-groth16-bls12-381-pilot-v1,5477ab05b549b750fa32dc9a1bc61898f74ebf21,0255a02ac085ff6e3426b4fc0abd92b3f27d476cc272bd1c8ee04140ed316718,controlled_kernel,ark-groth16-0.6.0-bls12-381,default,{},adapter_process_wall,256,1,wrong_public_input,true,3,117.124690,10.115161,122.357551,123.432063,105.465066,123.551453,60.000000,5.273438,580.000000,192,256,r1cs_constraints,2,all-expected,,,"Linux procfs read failed: [Errno 13] Permission denied: '/proc/1628/io'; private commit and per-process swap I/O are unavailable; VmSwap reports allocation, not swap traffic; No documented hardware or OS energy counter is configured in WSL2; Linux procfs read failed: [Errno 13] Permission denied: '/proc/853/io'; private commit and per-process swap I/O are unavailable; VmSwap reports allocation, not swap traffic; No documented hardware or OS energy counter is configured in WSL2; private commit and per-process swap I/O are unavailable; VmSwap reports allocation, not swap traffic; No documented hardware or OS energy counter is configured in WSL2",,,,,,,0.490366,0.020599,,,,,,,measured,matched Groth16 curve pilot; no protocol-superiority claim,measurement,true
C2-CONTROLLED-SNARK,controlled-groth16-bls12-381-pilot-v1,5477ab05b549b750fa32dc9a1bc61898f74ebf21,0255a02ac085ff6e3426b4fc0abd92b3f27d476cc272bd1c8ee04140ed316718,controlled_kernel,ark-groth16-0.6.0-bls12-381,default,{},adapter_process_wall,256,2,,true,3,107.513215,2.707398,106.597945,110.163450,105.382082,110.559617,80.000000,5.558594,647.000000,192,256,r1cs_constraints,2,all-expected,,,"Linux procfs read failed: [Errno 13] Permission denied: '/proc/1674/io'; private commit and per-process swap I/O are unavailable; VmSwap reports allocation, not swap traffic; No documented hardware or OS energy counter is configured in WSL2; private commit and per-process swap I/O are unavailable; VmSwap reports allocation, not swap traffic; No documented hardware or OS energy counter is configured in WSL2",,,,,,,0.750484,0.021713,,,,,,,measured,matched Groth16 curve pilot; no protocol-superiority claim,measurement,true
C2-CONTROLLED-SNARK,controlled-groth16-bls12-381-pilot-v1,5477ab05b549b750fa32dc9a1bc61898f74ebf21,0255a02ac085ff6e3426b4fc0abd92b3f27d476cc272bd1c8ee04140ed316718,controlled_kernel,ark-groth16-0.6.0-bls12-381,default,{},adapter_process_wall,256,4,,true,3,103.576783,10.819706,98.456685,114.251251,96.267461,116.006203,140.000000,6.148438,726.000000,192,256,r1cs_constraints,2,all-expected,,,"Linux procfs read failed: [Errno 3] No such process; private commit and per-process swap I/O are unavailable; VmSwap reports allocation, not swap traffic; No documented hardware or OS energy counter is configured in WSL2; private commit and per-process swap I/O are unavailable; VmSwap reports allocation, not swap traffic; No documented hardware or OS energy counter is configured in WSL2",,,,,,,1.421945,0.024017,,,,,,,measured,matched Groth16 curve pilot; no protocol-superiority claim,measurement,true
C2-CONTROLLED-SNARK,controlled-groth16-bls12-381-pilot-v1,5477ab05b549b750fa32dc9a1bc61898f74ebf21,0255a02ac085ff6e3426b4fc0abd92b3f27d476cc272bd1c8ee04140ed316718,controlled_kernel,ark-groth16-0.6.0-bls12-381,default,{},adapter_process_wall,256,4,wrong_public_input,true,3,109.341213,8.304286,113.811278,114.388785,99.759409,114.452952,140.000000,6.269531,762.000000,192,256,r1cs_constraints,2,all-expected,,,"private commit and per-process swap I/O are unavailable; VmSwap reports allocation, not swap traffic; No documented hardware or OS energy counter is configured in WSL2",,,,,,,1.230107,0.024490,,,,,,,measured,matched Groth16 curve pilot; no protocol-superiority claim,measurement,true
C2-CONTROLLED-SNARK,controlled-groth16-bls12-381-pilot-v1,5477ab05b549b750fa32dc9a1bc61898f74ebf21,0255a02ac085ff6e3426b4fc0abd92b3f27d476cc272bd1c8ee04140ed316718,controlled_kernel,ark-groth16-0.6.0-bls12-381,default,{},adapter_process_wall,1024,1,,true,3,236.369148,7.946871,232.754445,244.208189,230.872172,245.480827,180.000000,6.742188,1284.000000,192,1024,r1cs_constraints,2,all-expected,,,"Linux procfs read failed: [Errno 13] Permission denied: '/proc/1658/io'; private commit and per-process swap I/O are unavailable; VmSwap reports allocation, not swap traffic; No documented hardware or OS energy counter is configured in WSL2; private commit and per-process swap I/O are unavailable; VmSwap reports allocation, not swap traffic; No documented hardware or OS energy counter is configured in WSL2",,,,,,,0.773347,0.006584,,,,,,,measured,matched Groth16 curve pilot; no protocol-superiority claim,measurement,true
C2-CONTROLLED-SNARK,controlled-groth16-bls12-381-pilot-v1,5477ab05b549b750fa32dc9a1bc61898f74ebf21,0255a02ac085ff6e3426b4fc0abd92b3f27d476cc272bd1c8ee04140ed316718,controlled_kernel,ark-groth16-0.6.0-bls12-381,default,{},adapter_process_wall,1024,2,,true,3,172.274680,10.989525,168.070837,183.078094,164.007636,184.745567,230.000000,7.648438,1364.000000,192,1024,r1cs_constraints,2,all-expected,,,"Linux procfs read failed: [Errno 13] Permission denied: '/proc/1229/io'; private commit and per-process swap I/O are unavailable; VmSwap reports allocation, not swap traffic; No documented hardware or OS energy counter is configured in WSL2; private commit and per-process swap I/O are unavailable; VmSwap reports allocation, not swap traffic; No documented hardware or OS energy counter is configured in WSL2",,,,,,,1.368471,0.007469,,,,,,,measured,matched Groth16 curve pilot; no protocol-superiority claim,measurement,true
C2-CONTROLLED-SNARK,controlled-groth16-bls12-381-pilot-v1,5477ab05b549b750fa32dc9a1bc61898f74ebf21,0255a02ac085ff6e3426b4fc0abd92b3f27d476cc272bd1c8ee04140ed316718,controlled_kernel,ark-groth16-0.6.0-bls12-381,default,{},adapter_process_wall,1024,4,,true,3,207.518599,6.430735,210.071317,212.060065,200.203442,212.281037,420.000000,8.351562,1501.000000,192,1024,r1cs_constraints,2,all-expected,,,"private commit and per-process swap I/O are unavailable; VmSwap reports allocation, not swap traffic; No documented hardware or OS energy counter is configured in WSL2",,,,,,,1.999321,0.008156,,,,,,,measured,matched Groth16 curve pilot; no protocol-superiority claim,measurement,true
C2-CONTROLLED-SNARK,controlled-groth16-bls12-381-pilot-v1,5477ab05b549b750fa32dc9a1bc61898f74ebf21,0255a02ac085ff6e3426b4fc0abd92b3f27d476cc272bd1c8ee04140ed316718,controlled_kernel,ark-groth16-0.6.0-bls12-381,default,{},commitment,16,1,,false,,,,,,,,,,,,,,,not-applicable,,,Arkworks Groth16 does not expose stable per-run FFT/MSM/commitment hooks,,,,,,,,,,,,,,,measured,matched Groth16 curve pilot; no protocol-superiority claim,measurement,true
C2-CONTROLLED-SNARK,controlled-groth16-bls12-381-pilot-v1,5477ab05b549b750fa32dc9a1bc61898f74ebf21,0255a02ac085ff6e3426b4fc0abd92b3f27d476cc272bd1c8ee04140ed316718,controlled_kernel,ark-groth16-0.6.0-bls12-381,default,{},commitment,16,1,wrong_public_input,false,,,,,,,,,,,,,,,not-applicable,,,Arkworks Groth16 does not expose stable per-run FFT/MSM/commitment hooks,,,,,,,,,,,,,,,measured,matched Groth16 curve pilot; no protocol-superiority claim,measurement,true
C2-CONTROLLED-SNARK,controlled-groth16-bls12-381-pilot-v1,5477ab05b549b750fa32dc9a1bc61898f74ebf21,0255a02ac085ff6e3426b4fc0abd92b3f27d476cc272bd1c8ee04140ed316718,controlled_kernel,ark-groth16-0.6.0-bls12-381,default,{},commitment,16,2,,false,,,,,,,,,,,,,,,not-applicable,,,Arkworks Groth16 does not expose stable per-run FFT/MSM/commitment hooks,,,,,,,,,,,,,,,measured,matched Groth16 curve pilot; no protocol-superiority claim,measurement,true
C2-CONTROLLED-SNARK,controlled-groth16-bls12-381-pilot-v1,5477ab05b549b750fa32dc9a1bc61898f74ebf21,0255a02ac085ff6e3426b4fc0abd92b3f27d476cc272bd1c8ee04140ed316718,controlled_kernel,ark-groth16-0.6.0-bls12-381,default,{},commitment,16,4,,false,,,,,,,,,,,,,,,not-applicable,,,Arkworks Groth16 does not expose stable per-run FFT/MSM/commitment hooks,,,,,,,,,,,,,,,measured,matched Groth16 curve pilot; no protocol-superiority claim,measurement,true
C2-CONTROLLED-SNARK,controlled-groth16-bls12-381-pilot-v1,5477ab05b549b750fa32dc9a1bc61898f74ebf21,0255a02ac085ff6e3426b4fc0abd92b3f27d476cc272bd1c8ee04140ed316718,controlled_kernel,ark-groth16-0.6.0-bls12-381,default,{},commitment,16,4,wrong_public_input,false,,,,,,,,,,,,,,,not-applicable,,,Arkworks Groth16 does not expose stable per-run FFT/MSM/commitment hooks,,,,,,,,,,,,,,,measured,matched Groth16 curve pilot; no protocol-superiority claim,measurement,true
C2-CONTROLLED-SNARK,controlled-groth16-bls12-381-pilot-v1,5477ab05b549b750fa32dc9a1bc61898f74ebf21,0255a02ac085ff6e3426b4fc0abd92b3f27d476cc272bd1c8ee04140ed316718,controlled_kernel,ark-groth16-0.6.0-bls12-381,default,{},commitment,64,1,,false,,,,,,,,,,,,,,,not-applicable,,,Arkworks Groth16 does not expose stable per-run FFT/MSM/commitment hooks,,,,,,,,,,,,,,,measured,matched Groth16 curve pilot; no protocol-superiority claim,measurement,true
C2-CONTROLLED-SNARK,controlled-groth16-bls12-381-pilot-v1,5477ab05b549b750fa32dc9a1bc61898f74ebf21,0255a02ac085ff6e3426b4fc0abd92b3f27d476cc272bd1c8ee04140ed316718,controlled_kernel,ark-groth16-0.6.0-bls12-381,default,{},commitment,64,1,wrong_public_input,false,,,,,,,,,,,,,,,not-applicable,,,Arkworks Groth16 does not expose stable per-run FFT/MSM/commitment hooks,,,,,,,,,,,,,,,measured,matched Groth16 curve pilot; no protocol-superiority claim,measurement,true
C2-CONTROLLED-SNARK,controlled-groth16-bls12-381-pilot-v1,5477ab05b549b750fa32dc9a1bc61898f74ebf21,0255a02ac085ff6e3426b4fc0abd92b3f27d476cc272bd1c8ee04140ed316718,controlled_kernel,ark-groth16-0.6.0-bls12-381,default,{},commitment,64,2,,false,,,,,,,,,,,,,,,not-applicable,,,Arkworks Groth16 does not expose stable per-run FFT/MSM/commitment hooks,,,,,,,,,,,,,,,measured,matched Groth16 curve pilot; no protocol-superiority claim,measurement,true
C2-CONTROLLED-SNARK,controlled-groth16-bls12-381-pilot-v1,5477ab05b549b750fa32dc9a1bc61898f74ebf21,0255a02ac085ff6e3426b4fc0abd92b3f27d476cc272bd1c8ee04140ed316718,controlled_kernel,ark-groth16-0.6.0-bls12-381,default,{},commitment,64,4,,false,,,,,,,,,,,,,,,not-applicable,,,Arkworks Groth16 does not expose stable per-run FFT/MSM/commitment hooks,,,,,,,,,,,,,,,measured,matched Groth16 curve pilot; no protocol-superiority claim,measurement,true
C2-CONTROLLED-SNARK,controlled-groth16-bls12-381-pilot-v1,5477ab05b549b750fa32dc9a1bc61898f74ebf21,0255a02ac085ff6e3426b4fc0abd92b3f27d476cc272bd1c8ee04140ed316718,controlled_kernel,ark-groth16-0.6.0-bls12-381,default,{},commitment,64,4,wrong_public_input,false,,,,,,,,,,,,,,,not-applicable,,,Arkworks Groth16 does not expose stable per-run FFT/MSM/commitment hooks,,,,,,,,,,,,,,,measured,matched Groth16 curve pilot; no protocol-superiority claim,measurement,true
C2-CONTROLLED-SNARK,controlled-groth16-bls12-381-pilot-v1,5477ab05b549b750fa32dc9a1bc61898f74ebf21,0255a02ac085ff6e3426b4fc0abd92b3f27d476cc272bd1c8ee04140ed316718,controlled_kernel,ark-groth16-0.6.0-bls12-381,default,{},commitment,256,1,,false,,,,,,,,,,,,,,,not-applicable,,,Arkworks Groth16 does not expose stable per-run FFT/MSM/commitment hooks,,,,,,,,,,,,,,,measured,matched Groth16 curve pilot; no protocol-superiority claim,measurement,true
C2-CONTROLLED-SNARK,controlled-groth16-bls12-381-pilot-v1,5477ab05b549b750fa32dc9a1bc61898f74ebf21,0255a02ac085ff6e3426b4fc0abd92b3f27d476cc272bd1c8ee04140ed316718,controlled_kernel,ark-groth16-0.6.0-bls12-381,default,{},commitment,256,1,wrong_public_input,false,,,,,,,,,,,,,,,not-applicable,,,Arkworks Groth16 does not expose stable per-run FFT/MSM/commitment hooks,,,,,,,,,,,,,,,measured,matched Groth16 curve pilot; no protocol-superiority claim,measurement,true
C2-CONTROLLED-SNARK,controlled-groth16-bls12-381-pilot-v1,5477ab05b549b750fa32dc9a1bc61898f74ebf21,0255a02ac085ff6e3426b4fc0abd92b3f27d476cc272bd1c8ee04140ed316718,controlled_kernel,ark-groth16-0.6.0-bls12-381,default,{},commitment,256,2,,false,,,,,,,,,,,,,,,not-applicable,,,Arkworks Groth16 does not expose stable per-run FFT/MSM/commitment hooks,,,,,,,,,,,,,,,measured,matched Groth16 curve pilot; no protocol-superiority claim,measurement,true
C2-CONTROLLED-SNARK,controlled-groth16-bls12-381-pilot-v1,5477ab05b549b750fa32dc9a1bc61898f74ebf21,0255a02ac085ff6e3426b4fc0abd92b3f27d476cc272bd1c8ee04140ed316718,controlled_kernel,ark-groth16-0.6.0-bls12-381,default,{},commitment,256,4,,false,,,,,,,,,,,,,,,not-applicable,,,Arkworks Groth16 does not expose stable per-run FFT/MSM/commitment hooks,,,,,,,,,,,,,,,measured,matched Groth16 curve pilot; no protocol-superiority claim,measurement,true
C2-CONTROLLED-SNARK,controlled-groth16-bls12-381-pilot-v1,5477ab05b549b750fa32dc9a1bc61898f74ebf21,0255a02ac085ff6e3426b4fc0abd92b3f27d476cc272bd1c8ee04140ed316718,controlled_kernel,ark-groth16-0.6.0-bls12-381,default,{},commitment,256,4,wrong_public_input,false,,,,,,,,,,,,,,,not-applicable,,,Arkworks Groth16 does not expose stable per-run FFT/MSM/commitment hooks,,,,,,,,,,,,,,,measured,matched Groth16 curve pilot; no protocol-superiority claim,measurement,true
C2-CONTROLLED-SNARK,controlled-groth16-bls12-381-pilot-v1,5477ab05b549b750fa32dc9a1bc61898f74ebf21,0255a02ac085ff6e3426b4fc0abd92b3f27d476cc272bd1c8ee04140ed316718,controlled_kernel,ark-groth16-0.6.0-bls12-381,default,{},commitment,1024,1,,false,,,,,,,,,,,,,,,not-applicable,,,Arkworks Groth16 does not expose stable per-run FFT/MSM/commitment hooks,,,,,,,,,,,,,,,measured,matched Groth16 curve pilot; no protocol-superiority claim,measurement,true
C2-CONTROLLED-SNARK,controlled-groth16-bls12-381-pilot-v1,5477ab05b549b750fa32dc9a1bc61898f74ebf21,0255a02ac085ff6e3426b4fc0abd92b3f27d476cc272bd1c8ee04140ed316718,controlled_kernel,ark-groth16-0.6.0-bls12-381,default,{},commitment,1024,2,,false,,,,,,,,,,,,,,,not-applicable,,,Arkworks Groth16 does not expose stable per-run FFT/MSM/commitment hooks,,,,,,,,,,,,,,,measured,matched Groth16 curve pilot; no protocol-superiority claim,measurement,true
C2-CONTROLLED-SNARK,controlled-groth16-bls12-381-pilot-v1,5477ab05b549b750fa32dc9a1bc61898f74ebf21,0255a02ac085ff6e3426b4fc0abd92b3f27d476cc272bd1c8ee04140ed316718,controlled_kernel,ark-groth16-0.6.0-bls12-381,default,{},commitment,1024,4,,false,,,,,,,,,,,,,,,not-applicable,,,Arkworks Groth16 does not expose stable per-run FFT/MSM/commitment hooks,,,,,,,,,,,,,,,measured,matched Groth16 curve pilot; no protocol-superiority claim,measurement,true
C2-CONTROLLED-SNARK,controlled-groth16-bls12-381-pilot-v1,5477ab05b549b750fa32dc9a1bc61898f74ebf21,0255a02ac085ff6e3426b4fc0abd92b3f27d476cc272bd1c8ee04140ed316718,controlled_kernel,ark-groth16-0.6.0-bls12-381,default,{},deserialize,16,1,,true,3,0.311242,0.028288,0.316118,0.334710,0.280833,0.336776,,,,,,,,not-applicable,,,,,,,,,,,,,,,,,,measured,matched Groth16 curve pilot; no protocol-superiority claim,measurement,true
C2-CONTROLLED-SNARK,controlled-groth16-bls12-381-pilot-v1,5477ab05b549b750fa32dc9a1bc61898f74ebf21,0255a02ac085ff6e3426b4fc0abd92b3f27d476cc272bd1c8ee04140ed316718,controlled_kernel,ark-groth16-0.6.0-bls12-381,default,{},deserialize,16,1,wrong_public_input,true,3,0.292217,0.009080,0.296621,0.298092,0.281774,0.298255,,,,,,,,not-applicable,,,,,,,,,,,,,,,,,,measured,matched Groth16 curve pilot; no protocol-superiority claim,measurement,true
C2-CONTROLLED-SNARK,controlled-groth16-bls12-381-pilot-v1,5477ab05b549b750fa32dc9a1bc61898f74ebf21,0255a02ac085ff6e3426b4fc0abd92b3f27d476cc272bd1c8ee04140ed316718,controlled_kernel,ark-groth16-0.6.0-bls12-381,default,{},deserialize,16,2,,true,3,0.354533,0.109314,0.294318,0.462074,0.288567,0.480714,,,,,,,,not-applicable,,,,,,,,,,,,,,,,,,measured,matched Groth16 curve pilot; no protocol-superiority claim,measurement,true
C2-CONTROLLED-SNARK,controlled-groth16-bls12-381-pilot-v1,5477ab05b549b750fa32dc9a1bc61898f74ebf21,0255a02ac085ff6e3426b4fc0abd92b3f27d476cc272bd1c8ee04140ed316718,controlled_kernel,ark-groth16-0.6.0-bls12-381,default,{},deserialize,16,4,,true,3,0.362862,0.065523,0.386419,0.410656,0.288817,0.413349,,,,,,,,not-applicable,,,,,,,,,,,,,,,,,,measured,matched Groth16 curve pilot; no protocol-superiority claim,measurement,true
C2-CONTROLLED-SNARK,controlled-groth16-bls12-381-pilot-v1,5477ab05b549b750fa32dc9a1bc61898f74ebf21,0255a02ac085ff6e3426b4fc0abd92b3f27d476cc272bd1c8ee04140ed316718,controlled_kernel,ark-groth16-0.6.0-bls12-381,default,{},deserialize,16,4,wrong_public_input,true,3,0.347624,0.008028,0.350994,0.353176,0.338460,0.353418,,,,,,,,not-applicable,,,,,,,,,,,,,,,,,,measured,matched Groth16 curve pilot; no protocol-superiority claim,measurement,true
C2-CONTROLLED-SNARK,controlled-groth16-bls12-381-pilot-v1,5477ab05b549b750fa32dc9a1bc61898f74ebf21,0255a02ac085ff6e3426b4fc0abd92b3f27d476cc272bd1c8ee04140ed316718,controlled_kernel,ark-groth16-0.6.0-bls12-381,default,{},deserialize,64,1,,true,3,0.322323,0.045502,0.298867,0.367177,0.293336,0.374767,,,,,,,,not-applicable,,,,,,,,,,,,,,,,,,measured,matched Groth16 curve pilot; no protocol-superiority claim,measurement,true
C2-CONTROLLED-SNARK,controlled-groth16-bls12-381-pilot-v1,5477ab05b549b750fa32dc9a1bc61898f74ebf21,0255a02ac085ff6e3426b4fc0abd92b3f27d476cc272bd1c8ee04140ed316718,controlled_kernel,ark-groth16-0.6.0-bls12-381,default,{},deserialize,64,1,wrong_public_input,true,3,0.326685,0.031344,0.336326,0.350501,0.291653,0.352076,,,,,,,,not-applicable,,,,,,,,,,,,,,,,,,measured,matched Groth16 curve pilot; no protocol-superiority claim,measurement,true
C2-CONTROLLED-SNARK,controlled-groth16-bls12-381-pilot-v1,5477ab05b549b750fa32dc9a1bc61898f74ebf21,0255a02ac085ff6e3426b4fc0abd92b3f27d476cc272bd1c8ee04140ed316718,controlled_kernel,ark-groth16-0.6.0-bls12-381,default,{},deserialize,64,2,,true,3,0.324681,0.036214,0.305489,0.360356,0.302102,0.366452,,,,,,,,not-applicable,,,,,,,,,,,,,,,,,,measured,matched Groth16 curve pilot; no protocol-superiority claim,measurement,true
C2-CONTROLLED-SNARK,controlled-groth16-bls12-381-pilot-v1,5477ab05b549b750fa32dc9a1bc61898f74ebf21,0255a02ac085ff6e3426b4fc0abd92b3f27d476cc272bd1c8ee04140ed316718,controlled_kernel,ark-groth16-0.6.0-bls12-381,default,{},deserialize,64,4,,true,3,0.301615,0.033153,0.287796,0.334277,0.277607,0.339442,,,,,,,,not-applicable,,,,,,,,,,,,,,,,,,measured,matched Groth16 curve pilot; no protocol-superiority claim,measurement,true
C2-CONTROLLED-SNARK,controlled-groth16-bls12-381-pilot-v1,5477ab05b549b750fa32dc9a1bc61898f74ebf21,0255a02ac085ff6e3426b4fc0abd92b3f27d476cc272bd1c8ee04140ed316718,controlled_kernel,ark-groth16-0.6.0-bls12-381,default,{},deserialize,64,4,wrong_public_input,true,3,0.307653,0.045246,0.284189,0.352250,0.278959,0.359812,,,,,,,,not-applicable,,,,,,,,,,,,,,,,,,measured,matched Groth16 curve pilot; no protocol-superiority claim,measurement,true
C2-CONTROLLED-SNARK,controlled-groth16-bls12-381-pilot-v1,5477ab05b549b750fa32dc9a1bc61898f74ebf21,0255a02ac085ff6e3426b4fc0abd92b3f27d476cc272bd1c8ee04140ed316718,controlled_kernel,ark-groth16-0.6.0-bls12-381,default,{},deserialize,256,1,,true,3,0.309403,0.051287,0.283488,0.359977,0.276245,0.368476,,,,,,,,not-applicable,,,,,,,,,,,,,,,,,,measured,matched Groth16 curve pilot; no protocol-superiority claim,measurement,true
C2-CONTROLLED-SNARK,controlled-groth16-bls12-381-pilot-v1,5477ab05b549b750fa32dc9a1bc61898f74ebf21,0255a02ac085ff6e3426b4fc0abd92b3f27d476cc272bd1c8ee04140ed316718,controlled_kernel,ark-groth16-0.6.0-bls12-381,default,{},deserialize,256,1,wrong_public_input,true,3,0.303438,0.037260,0.285691,0.340198,0.278368,0.346254,,,,,,,,not-applicable,,,,,,,,,,,,,,,,,,measured,matched Groth16 curve pilot; no protocol-superiority claim,measurement,true
C2-CONTROLLED-SNARK,controlled-groth16-bls12-381-pilot-v1,5477ab05b549b750fa32dc9a1bc61898f74ebf21,0255a02ac085ff6e3426b4fc0abd92b3f27d476cc272bd1c8ee04140ed316718,controlled_kernel,ark-groth16-0.6.0-bls12-381,default,{},deserialize,256,2,,true,3,0.303415,0.004104,0.305759,0.305804,0.298676,0.305809,,,,,,,,not-applicable,,,,,,,,,,,,,,,,,,measured,matched Groth16 curve pilot; no protocol-superiority claim,measurement,true
C2-CONTROLLED-SNARK,controlled-groth16-bls12-381-pilot-v1,5477ab05b549b750fa32dc9a1bc61898f74ebf21,0255a02ac085ff6e3426b4fc0abd92b3f27d476cc272bd1c8ee04140ed316718,controlled_kernel,ark-groth16-0.6.0-bls12-381,default,{},deserialize,256,4,,true,3,0.379272,0.163034,0.285912,0.539365,0.284379,0.567526,,,,,,,,not-applicable,,,,,,,,,,,,,,,,,,measured,matched Groth16 curve pilot; no protocol-superiority claim,measurement,true
C2-CONTROLLED-SNARK,controlled-groth16-bls12-381-pilot-v1,5477ab05b549b750fa32dc9a1bc61898f74ebf21,0255a02ac085ff6e3426b4fc0abd92b3f27d476cc272bd1c8ee04140ed316718,controlled_kernel,ark-groth16-0.6.0-bls12-381,default,{},deserialize,256,4,wrong_public_input,true,3,0.359215,0.028573,0.348779,0.387263,0.337328,0.391539,,,,,,,,not-applicable,,,,,,,,,,,,,,,,,,measured,matched Groth16 curve pilot; no protocol-superiority claim,measurement,true
C2-CONTROLLED-SNARK,controlled-groth16-bls12-381-pilot-v1,5477ab05b549b750fa32dc9a1bc61898f74ebf21,0255a02ac085ff6e3426b4fc0abd92b3f27d476cc272bd1c8ee04140ed316718,controlled_kernel,ark-groth16-0.6.0-bls12-381,default,{},deserialize,1024,1,,true,3,0.346238,0.040588,0.345784,0.382924,0.305879,0.387051,,,,,,,,not-applicable,,,,,,,,,,,,,,,,,,measured,matched Groth16 curve pilot; no protocol-superiority claim,measurement,true
C2-CONTROLLED-SNARK,controlled-groth16-bls12-381-pilot-v1,5477ab05b549b750fa32dc9a1bc61898f74ebf21,0255a02ac085ff6e3426b4fc0abd92b3f27d476cc272bd1c8ee04140ed316718,controlled_kernel,ark-groth16-0.6.0-bls12-381,default,{},deserialize,1024,2,,true,3,0.316686,0.037924,0.307021,0.353358,0.284529,0.358507,,,,,,,,not-applicable,,,,,,,,,,,,,,,,,,measured,matched Groth16 curve pilot; no protocol-superiority claim,measurement,true
C2-CONTROLLED-SNARK,controlled-groth16-bls12-381-pilot-v1,5477ab05b549b750fa32dc9a1bc61898f74ebf21,0255a02ac085ff6e3426b4fc0abd92b3f27d476cc272bd1c8ee04140ed316718,controlled_kernel,ark-groth16-0.6.0-bls12-381,default,{},deserialize,1024,4,,true,3,0.287414,0.001058,0.287344,0.288390,0.286393,0.288506,,,,,,,,not-applicable,,,,,,,,,,,,,,,,,,measured,matched Groth16 curve pilot; no protocol-superiority claim,measurement,true
C2-CONTROLLED-SNARK,controlled-groth16-bls12-381-pilot-v1,5477ab05b549b750fa32dc9a1bc61898f74ebf21,0255a02ac085ff6e3426b4fc0abd92b3f27d476cc272bd1c8ee04140ed316718,controlled_kernel,ark-groth16-0.6.0-bls12-381,default,{},fft_ntt,16,1,,false,,,,,,,,,,,,,,,not-applicable,,,Arkworks Groth16 does not expose stable per-run FFT/MSM/commitment hooks,,,,,,,,,,,,,,,measured,matched Groth16 curve pilot; no protocol-superiority claim,measurement,true
C2-CONTROLLED-SNARK,controlled-groth16-bls12-381-pilot-v1,5477ab05b549b750fa32dc9a1bc61898f74ebf21,0255a02ac085ff6e3426b4fc0abd92b3f27d476cc272bd1c8ee04140ed316718,controlled_kernel,ark-groth16-0.6.0-bls12-381,default,{},fft_ntt,16,1,wrong_public_input,false,,,,,,,,,,,,,,,not-applicable,,,Arkworks Groth16 does not expose stable per-run FFT/MSM/commitment hooks,,,,,,,,,,,,,,,measured,matched Groth16 curve pilot; no protocol-superiority claim,measurement,true
C2-CONTROLLED-SNARK,controlled-groth16-bls12-381-pilot-v1,5477ab05b549b750fa32dc9a1bc61898f74ebf21,0255a02ac085ff6e3426b4fc0abd92b3f27d476cc272bd1c8ee04140ed316718,controlled_kernel,ark-groth16-0.6.0-bls12-381,default,{},fft_ntt,16,2,,false,,,,,,,,,,,,,,,not-applicable,,,Arkworks Groth16 does not expose stable per-run FFT/MSM/commitment hooks,,,,,,,,,,,,,,,measured,matched Groth16 curve pilot; no protocol-superiority claim,measurement,true
C2-CONTROLLED-SNARK,controlled-groth16-bls12-381-pilot-v1,5477ab05b549b750fa32dc9a1bc61898f74ebf21,0255a02ac085ff6e3426b4fc0abd92b3f27d476cc272bd1c8ee04140ed316718,controlled_kernel,ark-groth16-0.6.0-bls12-381,default,{},fft_ntt,16,4,,false,,,,,,,,,,,,,,,not-applicable,,,Arkworks Groth16 does not expose stable per-run FFT/MSM/commitment hooks,,,,,,,,,,,,,,,measured,matched Groth16 curve pilot; no protocol-superiority claim,measurement,true
C2-CONTROLLED-SNARK,controlled-groth16-bls12-381-pilot-v1,5477ab05b549b750fa32dc9a1bc61898f74ebf21,0255a02ac085ff6e3426b4fc0abd92b3f27d476cc272bd1c8ee04140ed316718,controlled_kernel,ark-groth16-0.6.0-bls12-381,default,{},fft_ntt,16,4,wrong_public_input,false,,,,,,,,,,,,,,,not-applicable,,,Arkworks Groth16 does not expose stable per-run FFT/MSM/commitment hooks,,,,,,,,,,,,,,,measured,matched Groth16 curve pilot; no protocol-superiority claim,measurement,true
C2-CONTROLLED-SNARK,controlled-groth16-bls12-381-pilot-v1,5477ab05b549b750fa32dc9a1bc61898f74ebf21,0255a02ac085ff6e3426b4fc0abd92b3f27d476cc272bd1c8ee04140ed316718,controlled_kernel,ark-groth16-0.6.0-bls12-381,default,{},fft_ntt,64,1,,false,,,,,,,,,,,,,,,not-applicable,,,Arkworks Groth16 does not expose stable per-run FFT/MSM/commitment hooks,,,,,,,,,,,,,,,measured,matched Groth16 curve pilot; no protocol-superiority claim,measurement,true
C2-CONTROLLED-SNARK,controlled-groth16-bls12-381-pilot-v1,5477ab05b549b750fa32dc9a1bc61898f74ebf21,0255a02ac085ff6e3426b4fc0abd92b3f27d476cc272bd1c8ee04140ed316718,controlled_kernel,ark-groth16-0.6.0-bls12-381,default,{},fft_ntt,64,1,wrong_public_input,false,,,,,,,,,,,,,,,not-applicable,,,Arkworks Groth16 does not expose stable per-run FFT/MSM/commitment hooks,,,,,,,,,,,,,,,measured,matched Groth16 curve pilot; no protocol-superiority claim,measurement,true
C2-CONTROLLED-SNARK,controlled-groth16-bls12-381-pilot-v1,5477ab05b549b750fa32dc9a1bc61898f74ebf21,0255a02ac085ff6e3426b4fc0abd92b3f27d476cc272bd1c8ee04140ed316718,controlled_kernel,ark-groth16-0.6.0-bls12-381,default,{},fft_ntt,64,2,,false,,,,,,,,,,,,,,,not-applicable,,,Arkworks Groth16 does not expose stable per-run FFT/MSM/commitment hooks,,,,,,,,,,,,,,,measured,matched Groth16 curve pilot; no protocol-superiority claim,measurement,true
C2-CONTROLLED-SNARK,controlled-groth16-bls12-381-pilot-v1,5477ab05b549b750fa32dc9a1bc61898f74ebf21,0255a02ac085ff6e3426b4fc0abd92b3f27d476cc272bd1c8ee04140ed316718,controlled_kernel,ark-groth16-0.6.0-bls12-381,default,{},fft_ntt,64,4,,false,,,,,,,,,,,,,,,not-applicable,,,Arkworks Groth16 does not expose stable per-run FFT/MSM/commitment hooks,,,,,,,,,,,,,,,measured,matched Groth16 curve pilot; no protocol-superiority claim,measurement,true
C2-CONTROLLED-SNARK,controlled-groth16-bls12-381-pilot-v1,5477ab05b549b750fa32dc9a1bc61898f74ebf21,0255a02ac085ff6e3426b4fc0abd92b3f27d476cc272bd1c8ee04140ed316718,controlled_kernel,ark-groth16-0.6.0-bls12-381,default,{},fft_ntt,64,4,wrong_public_input,false,,,,,,,,,,,,,,,not-applicable,,,Arkworks Groth16 does not expose stable per-run FFT/MSM/commitment hooks,,,,,,,,,,,,,,,measured,matched Groth16 curve pilot; no protocol-superiority claim,measurement,true
C2-CONTROLLED-SNARK,controlled-groth16-bls12-381-pilot-v1,5477ab05b549b750fa32dc9a1bc61898f74ebf21,0255a02ac085ff6e3426b4fc0abd92b3f27d476cc272bd1c8ee04140ed316718,controlled_kernel,ark-groth16-0.6.0-bls12-381,default,{},fft_ntt,256,1,,false,,,,,,,,,,,,,,,not-applicable,,,Arkworks Groth16 does not expose stable per-run FFT/MSM/commitment hooks,,,,,,,,,,,,,,,measured,matched Groth16 curve pilot; no protocol-superiority claim,measurement,true
C2-CONTROLLED-SNARK,controlled-groth16-bls12-381-pilot-v1,5477ab05b549b750fa32dc9a1bc61898f74ebf21,0255a02ac085ff6e3426b4fc0abd92b3f27d476cc272bd1c8ee04140ed316718,controlled_kernel,ark-groth16-0.6.0-bls12-381,default,{},fft_ntt,256,1,wrong_public_input,false,,,,,,,,,,,,,,,not-applicable,,,Arkworks Groth16 does not expose stable per-run FFT/MSM/commitment hooks,,,,,,,,,,,,,,,measured,matched Groth16 curve pilot; no protocol-superiority claim,measurement,true
C2-CONTROLLED-SNARK,controlled-groth16-bls12-381-pilot-v1,5477ab05b549b750fa32dc9a1bc61898f74ebf21,0255a02ac085ff6e3426b4fc0abd92b3f27d476cc272bd1c8ee04140ed316718,controlled_kernel,ark-groth16-0.6.0-bls12-381,default,{},fft_ntt,256,2,,false,,,,,,,,,,,,,,,not-applicable,,,Arkworks Groth16 does not expose stable per-run FFT/MSM/commitment hooks,,,,,,,,,,,,,,,measured,matched Groth16 curve pilot; no protocol-superiority claim,measurement,true
C2-CONTROLLED-SNARK,controlled-groth16-bls12-381-pilot-v1,5477ab05b549b750fa32dc9a1bc61898f74ebf21,0255a02ac085ff6e3426b4fc0abd92b3f27d476cc272bd1c8ee04140ed316718,controlled_kernel,ark-groth16-0.6.0-bls12-381,default,{},fft_ntt,256,4,,false,,,,,,,,,,,,,,,not-applicable,,,Arkworks Groth16 does not expose stable per-run FFT/MSM/commitment hooks,,,,,,,,,,,,,,,measured,matched Groth16 curve pilot; no protocol-superiority claim,measurement,true
C2-CONTROLLED-SNARK,controlled-groth16-bls12-381-pilot-v1,5477ab05b549b750fa32dc9a1bc61898f74ebf21,0255a02ac085ff6e3426b4fc0abd92b3f27d476cc272bd1c8ee04140ed316718,controlled_kernel,ark-groth16-0.6.0-bls12-381,default,{},fft_ntt,256,4,wrong_public_input,false,,,,,,,,,,,,,,,not-applicable,,,Arkworks Groth16 does not expose stable per-run FFT/MSM/commitment hooks,,,,,,,,,,,,,,,measured,matched Groth16 curve pilot; no protocol-superiority claim,measurement,true
C2-CONTROLLED-SNARK,controlled-groth16-bls12-381-pilot-v1,5477ab05b549b750fa32dc9a1bc61898f74ebf21,0255a02ac085ff6e3426b4fc0abd92b3f27d476cc272bd1c8ee04140ed316718,controlled_kernel,ark-groth16-0.6.0-bls12-381,default,{},fft_ntt,1024,1,,false,,,,,,,,,,,,,,,not-applicable,,,Arkworks Groth16 does not expose stable per-run FFT/MSM/commitment hooks,,,,,,,,,,,,,,,measured,matched Groth16 curve pilot; no protocol-superiority claim,measurement,true
C2-CONTROLLED-SNARK,controlled-groth16-bls12-381-pilot-v1,5477ab05b549b750fa32dc9a1bc61898f74ebf21,0255a02ac085ff6e3426b4fc0abd92b3f27d476cc272bd1c8ee04140ed316718,controlled_kernel,ark-groth16-0.6.0-bls12-381,default,{},fft_ntt,1024,2,,false,,,,,,,,,,,,,,,not-applicable,,,Arkworks Groth16 does not expose stable per-run FFT/MSM/commitment hooks,,,,,,,,,,,,,,,measured,matched Groth16 curve pilot; no protocol-superiority claim,measurement,true
C2-CONTROLLED-SNARK,controlled-groth16-bls12-381-pilot-v1,5477ab05b549b750fa32dc9a1bc61898f74ebf21,0255a02ac085ff6e3426b4fc0abd92b3f27d476cc272bd1c8ee04140ed316718,controlled_kernel,ark-groth16-0.6.0-bls12-381,default,{},fft_ntt,1024,4,,false,,,,,,,,,,,,,,,not-applicable,,,Arkworks Groth16 does not expose stable per-run FFT/MSM/commitment hooks,,,,,,,,,,,,,,,measured,matched Groth16 curve pilot; no protocol-superiority claim,measurement,true
C2-CONTROLLED-SNARK,controlled-groth16-bls12-381-pilot-v1,5477ab05b549b750fa32dc9a1bc61898f74ebf21,0255a02ac085ff6e3426b4fc0abd92b3f27d476cc272bd1c8ee04140ed316718,controlled_kernel,ark-groth16-0.6.0-bls12-381,default,{},invalid_reject,16,1,wrong_public_input,true,3,1.563820,0.042555,1.549493,1.605469,1.530277,1.611689,,,,,,,,not-applicable,,,,,,,,,,,,,,,,,,measured,matched Groth16 curve pilot; no protocol-superiority claim,measurement,true
C2-CONTROLLED-SNARK,controlled-groth16-bls12-381-pilot-v1,5477ab05b549b750fa32dc9a1bc61898f74ebf21,0255a02ac085ff6e3426b4fc0abd92b3f27d476cc272bd1c8ee04140ed316718,controlled_kernel,ark-groth16-0.6.0-bls12-381,default,{},invalid_reject,16,4,wrong_public_input,true,3,1.825910,0.332199,1.734942,2.148199,1.548672,2.194116,,,,,,,,not-applicable,,,,,,,,,,,,,,,,,,measured,matched Groth16 curve pilot; no protocol-superiority claim,measurement,true
C2-CONTROLLED-SNARK,controlled-groth16-bls12-381-pilot-v1,5477ab05b549b750fa32dc9a1bc61898f74ebf21,0255a02ac085ff6e3426b4fc0abd92b3f27d476cc272bd1c8ee04140ed316718,controlled_kernel,ark-groth16-0.6.0-bls12-381,default,{},invalid_reject,64,1,wrong_public_input,true,3,1.593368,0.034073,1.574620,1.626890,1.572786,1.632698,,,,,,,,not-applicable,,,,,,,,,,,,,,,,,,measured,matched Groth16 curve pilot; no protocol-superiority claim,measurement,true
C2-CONTROLLED-SNARK,controlled-groth16-bls12-381-pilot-v1,5477ab05b549b750fa32dc9a1bc61898f74ebf21,0255a02ac085ff6e3426b4fc0abd92b3f27d476cc272bd1c8ee04140ed316718,controlled_kernel,ark-groth16-0.6.0-bls12-381,default,{},invalid_reject,64,4,wrong_public_input,true,3,1.583618,0.050861,1.587114,1.628088,1.531099,1.632641,,,,,,,,not-applicable,,,,,,,,,,,,,,,,,,measured,matched Groth16 curve pilot; no protocol-superiority claim,measurement,true
C2-CONTROLLED-SNARK,controlled-groth16-bls12-381-pilot-v1,5477ab05b549b750fa32dc9a1bc61898f74ebf21,0255a02ac085ff6e3426b4fc0abd92b3f27d476cc272bd1c8ee04140ed316718,controlled_kernel,ark-groth16-0.6.0-bls12-381,default,{},invalid_reject,256,1,wrong_public_input,true,3,1.588336,0.114159,1.563860,1.697858,1.488400,1.712747,,,,,,,,not-applicable,,,,,,,,,,,,,,,,,,measured,matched Groth16 curve pilot; no protocol-superiority claim,measurement,true
C2-CONTROLLED-SNARK,controlled-groth16-bls12-381-pilot-v1,5477ab05b549b750fa32dc9a1bc61898f74ebf21,0255a02ac085ff6e3426b4fc0abd92b3f27d476cc272bd1c8ee04140ed316718,controlled_kernel,ark-groth16-0.6.0-bls12-381,default,{},invalid_reject,256,4,wrong_public_input,true,3,1.738405,0.247766,1.667844,1.979202,1.533573,2.013797,,,,,,,,not-applicable,,,,,,,,,,,,,,,,,,measured,matched Groth16 curve pilot; no protocol-superiority claim,measurement,true
C2-CONTROLLED-SNARK,controlled-groth16-bls12-381-pilot-v1,5477ab05b549b750fa32dc9a1bc61898f74ebf21,0255a02ac085ff6e3426b4fc0abd92b3f27d476cc272bd1c8ee04140ed316718,controlled_kernel,ark-groth16-0.6.0-bls12-381,default,{},key_load,16,1,,false,,,,,,,,,,,,,,,not-applicable,,,Arkworks Groth16 does not expose stable per-run FFT/MSM/commitment hooks,,,,,,,,,,,,,,,measured,matched Groth16 curve pilot; no protocol-superiority claim,measurement,true
C2-CONTROLLED-SNARK,controlled-groth16-bls12-381-pilot-v1,5477ab05b549b750fa32dc9a1bc61898f74ebf21,0255a02ac085ff6e3426b4fc0abd92b3f27d476cc272bd1c8ee04140ed316718,controlled_kernel,ark-groth16-0.6.0-bls12-381,default,{},key_load,16,1,wrong_public_input,false,,,,,,,,,,,,,,,not-applicable,,,Arkworks Groth16 does not expose stable per-run FFT/MSM/commitment hooks,,,,,,,,,,,,,,,measured,matched Groth16 curve pilot; no protocol-superiority claim,measurement,true
C2-CONTROLLED-SNARK,controlled-groth16-bls12-381-pilot-v1,5477ab05b549b750fa32dc9a1bc61898f74ebf21,0255a02ac085ff6e3426b4fc0abd92b3f27d476cc272bd1c8ee04140ed316718,controlled_kernel,ark-groth16-0.6.0-bls12-381,default,{},key_load,16,2,,false,,,,,,,,,,,,,,,not-applicable,,,Arkworks Groth16 does not expose stable per-run FFT/MSM/commitment hooks,,,,,,,,,,,,,,,measured,matched Groth16 curve pilot; no protocol-superiority claim,measurement,true
C2-CONTROLLED-SNARK,controlled-groth16-bls12-381-pilot-v1,5477ab05b549b750fa32dc9a1bc61898f74ebf21,0255a02ac085ff6e3426b4fc0abd92b3f27d476cc272bd1c8ee04140ed316718,controlled_kernel,ark-groth16-0.6.0-bls12-381,default,{},key_load,16,4,,false,,,,,,,,,,,,,,,not-applicable,,,Arkworks Groth16 does not expose stable per-run FFT/MSM/commitment hooks,,,,,,,,,,,,,,,measured,matched Groth16 curve pilot; no protocol-superiority claim,measurement,true
C2-CONTROLLED-SNARK,controlled-groth16-bls12-381-pilot-v1,5477ab05b549b750fa32dc9a1bc61898f74ebf21,0255a02ac085ff6e3426b4fc0abd92b3f27d476cc272bd1c8ee04140ed316718,controlled_kernel,ark-groth16-0.6.0-bls12-381,default,{},key_load,16,4,wrong_public_input,false,,,,,,,,,,,,,,,not-applicable,,,Arkworks Groth16 does not expose stable per-run FFT/MSM/commitment hooks,,,,,,,,,,,,,,,measured,matched Groth16 curve pilot; no protocol-superiority claim,measurement,true
C2-CONTROLLED-SNARK,controlled-groth16-bls12-381-pilot-v1,5477ab05b549b750fa32dc9a1bc61898f74ebf21,0255a02ac085ff6e3426b4fc0abd92b3f27d476cc272bd1c8ee04140ed316718,controlled_kernel,ark-groth16-0.6.0-bls12-381,default,{},key_load,64,1,,false,,,,,,,,,,,,,,,not-applicable,,,Arkworks Groth16 does not expose stable per-run FFT/MSM/commitment hooks,,,,,,,,,,,,,,,measured,matched Groth16 curve pilot; no protocol-superiority claim,measurement,true
C2-CONTROLLED-SNARK,controlled-groth16-bls12-381-pilot-v1,5477ab05b549b750fa32dc9a1bc61898f74ebf21,0255a02ac085ff6e3426b4fc0abd92b3f27d476cc272bd1c8ee04140ed316718,controlled_kernel,ark-groth16-0.6.0-bls12-381,default,{},key_load,64,1,wrong_public_input,false,,,,,,,,,,,,,,,not-applicable,,,Arkworks Groth16 does not expose stable per-run FFT/MSM/commitment hooks,,,,,,,,,,,,,,,measured,matched Groth16 curve pilot; no protocol-superiority claim,measurement,true
C2-CONTROLLED-SNARK,controlled-groth16-bls12-381-pilot-v1,5477ab05b549b750fa32dc9a1bc61898f74ebf21,0255a02ac085ff6e3426b4fc0abd92b3f27d476cc272bd1c8ee04140ed316718,controlled_kernel,ark-groth16-0.6.0-bls12-381,default,{},key_load,64,2,,false,,,,,,,,,,,,,,,not-applicable,,,Arkworks Groth16 does not expose stable per-run FFT/MSM/commitment hooks,,,,,,,,,,,,,,,measured,matched Groth16 curve pilot; no protocol-superiority claim,measurement,true
C2-CONTROLLED-SNARK,controlled-groth16-bls12-381-pilot-v1,5477ab05b549b750fa32dc9a1bc61898f74ebf21,0255a02ac085ff6e3426b4fc0abd92b3f27d476cc272bd1c8ee04140ed316718,controlled_kernel,ark-groth16-0.6.0-bls12-381,default,{},key_load,64,4,,false,,,,,,,,,,,,,,,not-applicable,,,Arkworks Groth16 does not expose stable per-run FFT/MSM/commitment hooks,,,,,,,,,,,,,,,measured,matched Groth16 curve pilot; no protocol-superiority claim,measurement,true
C2-CONTROLLED-SNARK,controlled-groth16-bls12-381-pilot-v1,5477ab05b549b750fa32dc9a1bc61898f74ebf21,0255a02ac085ff6e3426b4fc0abd92b3f27d476cc272bd1c8ee04140ed316718,controlled_kernel,ark-groth16-0.6.0-bls12-381,default,{},key_load,64,4,wrong_public_input,false,,,,,,,,,,,,,,,not-applicable,,,Arkworks Groth16 does not expose stable per-run FFT/MSM/commitment hooks,,,,,,,,,,,,,,,measured,matched Groth16 curve pilot; no protocol-superiority claim,measurement,true
C2-CONTROLLED-SNARK,controlled-groth16-bls12-381-pilot-v1,5477ab05b549b750fa32dc9a1bc61898f74ebf21,0255a02ac085ff6e3426b4fc0abd92b3f27d476cc272bd1c8ee04140ed316718,controlled_kernel,ark-groth16-0.6.0-bls12-381,default,{},key_load,256,1,,false,,,,,,,,,,,,,,,not-applicable,,,Arkworks Groth16 does not expose stable per-run FFT/MSM/commitment hooks,,,,,,,,,,,,,,,measured,matched Groth16 curve pilot; no protocol-superiority claim,measurement,true
C2-CONTROLLED-SNARK,controlled-groth16-bls12-381-pilot-v1,5477ab05b549b750fa32dc9a1bc61898f74ebf21,0255a02ac085ff6e3426b4fc0abd92b3f27d476cc272bd1c8ee04140ed316718,controlled_kernel,ark-groth16-0.6.0-bls12-381,default,{},key_load,256,1,wrong_public_input,false,,,,,,,,,,,,,,,not-applicable,,,Arkworks Groth16 does not expose stable per-run FFT/MSM/commitment hooks,,,,,,,,,,,,,,,measured,matched Groth16 curve pilot; no protocol-superiority claim,measurement,true
C2-CONTROLLED-SNARK,controlled-groth16-bls12-381-pilot-v1,5477ab05b549b750fa32dc9a1bc61898f74ebf21,0255a02ac085ff6e3426b4fc0abd92b3f27d476cc272bd1c8ee04140ed316718,controlled_kernel,ark-groth16-0.6.0-bls12-381,default,{},key_load,256,2,,false,,,,,,,,,,,,,,,not-applicable,,,Arkworks Groth16 does not expose stable per-run FFT/MSM/commitment hooks,,,,,,,,,,,,,,,measured,matched Groth16 curve pilot; no protocol-superiority claim,measurement,true
C2-CONTROLLED-SNARK,controlled-groth16-bls12-381-pilot-v1,5477ab05b549b750fa32dc9a1bc61898f74ebf21,0255a02ac085ff6e3426b4fc0abd92b3f27d476cc272bd1c8ee04140ed316718,controlled_kernel,ark-groth16-0.6.0-bls12-381,default,{},key_load,256,4,,false,,,,,,,,,,,,,,,not-applicable,,,Arkworks Groth16 does not expose stable per-run FFT/MSM/commitment hooks,,,,,,,,,,,,,,,measured,matched Groth16 curve pilot; no protocol-superiority claim,measurement,true
C2-CONTROLLED-SNARK,controlled-groth16-bls12-381-pilot-v1,5477ab05b549b750fa32dc9a1bc61898f74ebf21,0255a02ac085ff6e3426b4fc0abd92b3f27d476cc272bd1c8ee04140ed316718,controlled_kernel,ark-groth16-0.6.0-bls12-381,default,{},key_load,256,4,wrong_public_input,false,,,,,,,,,,,,,,,not-applicable,,,Arkworks Groth16 does not expose stable per-run FFT/MSM/commitment hooks,,,,,,,,,,,,,,,measured,matched Groth16 curve pilot; no protocol-superiority claim,measurement,true
C2-CONTROLLED-SNARK,controlled-groth16-bls12-381-pilot-v1,5477ab05b549b750fa32dc9a1bc61898f74ebf21,0255a02ac085ff6e3426b4fc0abd92b3f27d476cc272bd1c8ee04140ed316718,controlled_kernel,ark-groth16-0.6.0-bls12-381,default,{},key_load,1024,1,,false,,,,,,,,,,,,,,,not-applicable,,,Arkworks Groth16 does not expose stable per-run FFT/MSM/commitment hooks,,,,,,,,,,,,,,,measured,matched Groth16 curve pilot; no protocol-superiority claim,measurement,true
C2-CONTROLLED-SNARK,controlled-groth16-bls12-381-pilot-v1,5477ab05b549b750fa32dc9a1bc61898f74ebf21,0255a02ac085ff6e3426b4fc0abd92b3f27d476cc272bd1c8ee04140ed316718,controlled_kernel,ark-groth16-0.6.0-bls12-381,default,{},key_load,1024,2,,false,,,,,,,,,,,,,,,not-applicable,,,Arkworks Groth16 does not expose stable per-run FFT/MSM/commitment hooks,,,,,,,,,,,,,,,measured,matched Groth16 curve pilot; no protocol-superiority claim,measurement,true
C2-CONTROLLED-SNARK,controlled-groth16-bls12-381-pilot-v1,5477ab05b549b750fa32dc9a1bc61898f74ebf21,0255a02ac085ff6e3426b4fc0abd92b3f27d476cc272bd1c8ee04140ed316718,controlled_kernel,ark-groth16-0.6.0-bls12-381,default,{},key_load,1024,4,,false,,,,,,,,,,,,,,,not-applicable,,,Arkworks Groth16 does not expose stable per-run FFT/MSM/commitment hooks,,,,,,,,,,,,,,,measured,matched Groth16 curve pilot; no protocol-superiority claim,measurement,true
C2-CONTROLLED-SNARK,controlled-groth16-bls12-381-pilot-v1,5477ab05b549b750fa32dc9a1bc61898f74ebf21,0255a02ac085ff6e3426b4fc0abd92b3f27d476cc272bd1c8ee04140ed316718,controlled_kernel,ark-groth16-0.6.0-bls12-381,default,{},msm,16,1,,false,,,,,,,,,,,,,,,not-applicable,,,Arkworks Groth16 does not expose stable per-run FFT/MSM/commitment hooks,,,,,,,,,,,,,,,measured,matched Groth16 curve pilot; no protocol-superiority claim,measurement,true
C2-CONTROLLED-SNARK,controlled-groth16-bls12-381-pilot-v1,5477ab05b549b750fa32dc9a1bc61898f74ebf21,0255a02ac085ff6e3426b4fc0abd92b3f27d476cc272bd1c8ee04140ed316718,controlled_kernel,ark-groth16-0.6.0-bls12-381,default,{},msm,16,1,wrong_public_input,false,,,,,,,,,,,,,,,not-applicable,,,Arkworks Groth16 does not expose stable per-run FFT/MSM/commitment hooks,,,,,,,,,,,,,,,measured,matched Groth16 curve pilot; no protocol-superiority claim,measurement,true
C2-CONTROLLED-SNARK,controlled-groth16-bls12-381-pilot-v1,5477ab05b549b750fa32dc9a1bc61898f74ebf21,0255a02ac085ff6e3426b4fc0abd92b3f27d476cc272bd1c8ee04140ed316718,controlled_kernel,ark-groth16-0.6.0-bls12-381,default,{},msm,16,2,,false,,,,,,,,,,,,,,,not-applicable,,,Arkworks Groth16 does not expose stable per-run FFT/MSM/commitment hooks,,,,,,,,,,,,,,,measured,matched Groth16 curve pilot; no protocol-superiority claim,measurement,true
C2-CONTROLLED-SNARK,controlled-groth16-bls12-381-pilot-v1,5477ab05b549b750fa32dc9a1bc61898f74ebf21,0255a02ac085ff6e3426b4fc0abd92b3f27d476cc272bd1c8ee04140ed316718,controlled_kernel,ark-groth16-0.6.0-bls12-381,default,{},msm,16,4,,false,,,,,,,,,,,,,,,not-applicable,,,Arkworks Groth16 does not expose stable per-run FFT/MSM/commitment hooks,,,,,,,,,,,,,,,measured,matched Groth16 curve pilot; no protocol-superiority claim,measurement,true
C2-CONTROLLED-SNARK,controlled-groth16-bls12-381-pilot-v1,5477ab05b549b750fa32dc9a1bc61898f74ebf21,0255a02ac085ff6e3426b4fc0abd92b3f27d476cc272bd1c8ee04140ed316718,controlled_kernel,ark-groth16-0.6.0-bls12-381,default,{},msm,16,4,wrong_public_input,false,,,,,,,,,,,,,,,not-applicable,,,Arkworks Groth16 does not expose stable per-run FFT/MSM/commitment hooks,,,,,,,,,,,,,,,measured,matched Groth16 curve pilot; no protocol-superiority claim,measurement,true
C2-CONTROLLED-SNARK,controlled-groth16-bls12-381-pilot-v1,5477ab05b549b750fa32dc9a1bc61898f74ebf21,0255a02ac085ff6e3426b4fc0abd92b3f27d476cc272bd1c8ee04140ed316718,controlled_kernel,ark-groth16-0.6.0-bls12-381,default,{},msm,64,1,,false,,,,,,,,,,,,,,,not-applicable,,,Arkworks Groth16 does not expose stable per-run FFT/MSM/commitment hooks,,,,,,,,,,,,,,,measured,matched Groth16 curve pilot; no protocol-superiority claim,measurement,true
C2-CONTROLLED-SNARK,controlled-groth16-bls12-381-pilot-v1,5477ab05b549b750fa32dc9a1bc61898f74ebf21,0255a02ac085ff6e3426b4fc0abd92b3f27d476cc272bd1c8ee04140ed316718,controlled_kernel,ark-groth16-0.6.0-bls12-381,default,{},msm,64,1,wrong_public_input,false,,,,,,,,,,,,,,,not-applicable,,,Arkworks Groth16 does not expose stable per-run FFT/MSM/commitment hooks,,,,,,,,,,,,,,,measured,matched Groth16 curve pilot; no protocol-superiority claim,measurement,true
C2-CONTROLLED-SNARK,controlled-groth16-bls12-381-pilot-v1,5477ab05b549b750fa32dc9a1bc61898f74ebf21,0255a02ac085ff6e3426b4fc0abd92b3f27d476cc272bd1c8ee04140ed316718,controlled_kernel,ark-groth16-0.6.0-bls12-381,default,{},msm,64,2,,false,,,,,,,,,,,,,,,not-applicable,,,Arkworks Groth16 does not expose stable per-run FFT/MSM/commitment hooks,,,,,,,,,,,,,,,measured,matched Groth16 curve pilot; no protocol-superiority claim,measurement,true
C2-CONTROLLED-SNARK,controlled-groth16-bls12-381-pilot-v1,5477ab05b549b750fa32dc9a1bc61898f74ebf21,0255a02ac085ff6e3426b4fc0abd92b3f27d476cc272bd1c8ee04140ed316718,controlled_kernel,ark-groth16-0.6.0-bls12-381,default,{},msm,64,4,,false,,,,,,,,,,,,,,,not-applicable,,,Arkworks Groth16 does not expose stable per-run FFT/MSM/commitment hooks,,,,,,,,,,,,,,,measured,matched Groth16 curve pilot; no protocol-superiority claim,measurement,true
C2-CONTROLLED-SNARK,controlled-groth16-bls12-381-pilot-v1,5477ab05b549b750fa32dc9a1bc61898f74ebf21,0255a02ac085ff6e3426b4fc0abd92b3f27d476cc272bd1c8ee04140ed316718,controlled_kernel,ark-groth16-0.6.0-bls12-381,default,{},msm,64,4,wrong_public_input,false,,,,,,,,,,,,,,,not-applicable,,,Arkworks Groth16 does not expose stable per-run FFT/MSM/commitment hooks,,,,,,,,,,,,,,,measured,matched Groth16 curve pilot; no protocol-superiority claim,measurement,true
C2-CONTROLLED-SNARK,controlled-groth16-bls12-381-pilot-v1,5477ab05b549b750fa32dc9a1bc61898f74ebf21,0255a02ac085ff6e3426b4fc0abd92b3f27d476cc272bd1c8ee04140ed316718,controlled_kernel,ark-groth16-0.6.0-bls12-381,default,{},msm,256,1,,false,,,,,,,,,,,,,,,not-applicable,,,Arkworks Groth16 does not expose stable per-run FFT/MSM/commitment hooks,,,,,,,,,,,,,,,measured,matched Groth16 curve pilot; no protocol-superiority claim,measurement,true
C2-CONTROLLED-SNARK,controlled-groth16-bls12-381-pilot-v1,5477ab05b549b750fa32dc9a1bc61898f74ebf21,0255a02ac085ff6e3426b4fc0abd92b3f27d476cc272bd1c8ee04140ed316718,controlled_kernel,ark-groth16-0.6.0-bls12-381,default,{},msm,256,1,wrong_public_input,false,,,,,,,,,,,,,,,not-applicable,,,Arkworks Groth16 does not expose stable per-run FFT/MSM/commitment hooks,,,,,,,,,,,,,,,measured,matched Groth16 curve pilot; no protocol-superiority claim,measurement,true
C2-CONTROLLED-SNARK,controlled-groth16-bls12-381-pilot-v1,5477ab05b549b750fa32dc9a1bc61898f74ebf21,0255a02ac085ff6e3426b4fc0abd92b3f27d476cc272bd1c8ee04140ed316718,controlled_kernel,ark-groth16-0.6.0-bls12-381,default,{},msm,256,2,,false,,,,,,,,,,,,,,,not-applicable,,,Arkworks Groth16 does not expose stable per-run FFT/MSM/commitment hooks,,,,,,,,,,,,,,,measured,matched Groth16 curve pilot; no protocol-superiority claim,measurement,true
C2-CONTROLLED-SNARK,controlled-groth16-bls12-381-pilot-v1,5477ab05b549b750fa32dc9a1bc61898f74ebf21,0255a02ac085ff6e3426b4fc0abd92b3f27d476cc272bd1c8ee04140ed316718,controlled_kernel,ark-groth16-0.6.0-bls12-381,default,{},msm,256,4,,false,,,,,,,,,,,,,,,not-applicable,,,Arkworks Groth16 does not expose stable per-run FFT/MSM/commitment hooks,,,,,,,,,,,,,,,measured,matched Groth16 curve pilot; no protocol-superiority claim,measurement,true
C2-CONTROLLED-SNARK,controlled-groth16-bls12-381-pilot-v1,5477ab05b549b750fa32dc9a1bc61898f74ebf21,0255a02ac085ff6e3426b4fc0abd92b3f27d476cc272bd1c8ee04140ed316718,controlled_kernel,ark-groth16-0.6.0-bls12-381,default,{},msm,256,4,wrong_public_input,false,,,,,,,,,,,,,,,not-applicable,,,Arkworks Groth16 does not expose stable per-run FFT/MSM/commitment hooks,,,,,,,,,,,,,,,measured,matched Groth16 curve pilot; no protocol-superiority claim,measurement,true
C2-CONTROLLED-SNARK,controlled-groth16-bls12-381-pilot-v1,5477ab05b549b750fa32dc9a1bc61898f74ebf21,0255a02ac085ff6e3426b4fc0abd92b3f27d476cc272bd1c8ee04140ed316718,controlled_kernel,ark-groth16-0.6.0-bls12-381,default,{},msm,1024,1,,false,,,,,,,,,,,,,,,not-applicable,,,Arkworks Groth16 does not expose stable per-run FFT/MSM/commitment hooks,,,,,,,,,,,,,,,measured,matched Groth16 curve pilot; no protocol-superiority claim,measurement,true
C2-CONTROLLED-SNARK,controlled-groth16-bls12-381-pilot-v1,5477ab05b549b750fa32dc9a1bc61898f74ebf21,0255a02ac085ff6e3426b4fc0abd92b3f27d476cc272bd1c8ee04140ed316718,controlled_kernel,ark-groth16-0.6.0-bls12-381,default,{},msm,1024,2,,false,,,,,,,,,,,,,,,not-applicable,,,Arkworks Groth16 does not expose stable per-run FFT/MSM/commitment hooks,,,,,,,,,,,,,,,measured,matched Groth16 curve pilot; no protocol-superiority claim,measurement,true
C2-CONTROLLED-SNARK,controlled-groth16-bls12-381-pilot-v1,5477ab05b549b750fa32dc9a1bc61898f74ebf21,0255a02ac085ff6e3426b4fc0abd92b3f27d476cc272bd1c8ee04140ed316718,controlled_kernel,ark-groth16-0.6.0-bls12-381,default,{},msm,1024,4,,false,,,,,,,,,,,,,,,not-applicable,,,Arkworks Groth16 does not expose stable per-run FFT/MSM/commitment hooks,,,,,,,,,,,,,,,measured,matched Groth16 curve pilot; no protocol-superiority claim,measurement,true
C2-CONTROLLED-SNARK,controlled-groth16-bls12-381-pilot-v1,5477ab05b549b750fa32dc9a1bc61898f74ebf21,0255a02ac085ff6e3426b4fc0abd92b3f27d476cc272bd1c8ee04140ed316718,controlled_kernel,ark-groth16-0.6.0-bls12-381,default,{},native_execution,16,1,,true,3,0.000100,,0.000100,0.000100,0.000100,0.000100,,,,,,,,not-applicable,exact boundary excluded,stdev_latency_ms,,,,,,,,,,,,,,,,measured,matched Groth16 curve pilot; no protocol-superiority claim,measurement,true
C2-CONTROLLED-SNARK,controlled-groth16-bls12-381-pilot-v1,5477ab05b549b750fa32dc9a1bc61898f74ebf21,0255a02ac085ff6e3426b4fc0abd92b3f27d476cc272bd1c8ee04140ed316718,controlled_kernel,ark-groth16-0.6.0-bls12-381,default,{},native_execution,16,1,wrong_public_input,true,3,0.000110,0.000010,0.000110,0.000119,0.000101,0.000120,,,,,,,,not-applicable,,,,,,,,,,,,,,,,,,measured,matched Groth16 curve pilot; no protocol-superiority claim,measurement,true
C2-CONTROLLED-SNARK,controlled-groth16-bls12-381-pilot-v1,5477ab05b549b750fa32dc9a1bc61898f74ebf21,0255a02ac085ff6e3426b4fc0abd92b3f27d476cc272bd1c8ee04140ed316718,controlled_kernel,ark-groth16-0.6.0-bls12-381,default,{},native_execution,16,2,,true,3,0.000107,0.000015,0.000110,0.000119,0.000090,0.000120,,,,,,,,not-applicable,,,,,,,,,,,,,,,,,,measured,matched Groth16 curve pilot; no protocol-superiority claim,measurement,true
C2-CONTROLLED-SNARK,controlled-groth16-bls12-381-pilot-v1,5477ab05b549b750fa32dc9a1bc61898f74ebf21,0255a02ac085ff6e3426b4fc0abd92b3f27d476cc272bd1c8ee04140ed316718,controlled_kernel,ark-groth16-0.6.0-bls12-381,default,{},native_execution,16,4,,true,3,0.000114,0.000011,0.000120,0.000121,0.000101,0.000121,,,,,,,,not-applicable,,,,,,,,,,,,,,,,,,measured,matched Groth16 curve pilot; no protocol-superiority claim,measurement,true
C2-CONTROLLED-SNARK,controlled-groth16-bls12-381-pilot-v1,5477ab05b549b750fa32dc9a1bc61898f74ebf21,0255a02ac085ff6e3426b4fc0abd92b3f27d476cc272bd1c8ee04140ed316718,controlled_kernel,ark-groth16-0.6.0-bls12-381,default,{},native_execution,16,4,wrong_public_input,true,3,0.000110,0.000010,0.000110,0.000119,0.000100,0.000120,,,,,,,,not-applicable,,,,,,,,,,,,,,,,,,measured,matched Groth16 curve pilot; no protocol-superiority claim,measurement,true
C2-CONTROLLED-SNARK,controlled-groth16-bls12-381-pilot-v1,5477ab05b549b750fa32dc9a1bc61898f74ebf21,0255a02ac085ff6e3426b4fc0abd92b3f27d476cc272bd1c8ee04140ed316718,controlled_kernel,ark-groth16-0.6.0-bls12-381,default,{},native_execution,64,1,,true,3,0.000114,0.000011,0.000120,0.000120,0.000101,0.000120,,,,,,,,not-applicable,,,,,,,,,,,,,,,,,,measured,matched Groth16 curve pilot; no protocol-superiority claim,measurement,true
C2-CONTROLLED-SNARK,controlled-groth16-bls12-381-pilot-v1,5477ab05b549b750fa32dc9a1bc61898f74ebf21,0255a02ac085ff6e3426b4fc0abd92b3f27d476cc272bd1c8ee04140ed316718,controlled_kernel,ark-groth16-0.6.0-bls12-381,default,{},native_execution,64,1,wrong_public_input,true,3,0.000120,,0.000120,0.000120,0.000120,0.000120,,,,,,,,not-applicable,exact boundary excluded,stdev_latency_ms,,,,,,,,,,,,,,,,measured,matched Groth16 curve pilot; no protocol-superiority claim,measurement,true
C2-CONTROLLED-SNARK,controlled-groth16-bls12-381-pilot-v1,5477ab05b549b750fa32dc9a1bc61898f74ebf21,0255a02ac085ff6e3426b4fc0abd92b3f27d476cc272bd1c8ee04140ed316718,controlled_kernel,ark-groth16-0.6.0-bls12-381,default,{},native_execution,64,2,,true,3,0.000110,0.000017,0.000120,0.000120,0.000090,0.000120,,,,,,,,not-applicable,,,,,,,,,,,,,,,,,,measured,matched Groth16 curve pilot; no protocol-superiority claim,measurement,true
C2-CONTROLLED-SNARK,controlled-groth16-bls12-381-pilot-v1,5477ab05b549b750fa32dc9a1bc61898f74ebf21,0255a02ac085ff6e3426b4fc0abd92b3f27d476cc272bd1c8ee04140ed316718,controlled_kernel,ark-groth16-0.6.0-bls12-381,default,{},native_execution,64,4,,true,3,0.000093,0.000006,0.000090,0.000099,0.000090,0.000100,,,,,,,,not-applicable,,,,,,,,,,,,,,,,,,measured,matched Groth16 curve pilot; no protocol-superiority claim,measurement,true
C2-CONTROLLED-SNARK,controlled-groth16-bls12-381-pilot-v1,5477ab05b549b750fa32dc9a1bc61898f74ebf21,0255a02ac085ff6e3426b4fc0abd92b3f27d476cc272bd1c8ee04140ed316718,controlled_kernel,ark-groth16-0.6.0-bls12-381,default,{},native_execution,64,4,wrong_public_input,true,3,0.000111,0.000011,0.000111,0.000120,0.000100,0.000121,,,,,,,,not-applicable,,,,,,,,,,,,,,,,,,measured,matched Groth16 curve pilot; no protocol-superiority claim,measurement,true
C2-CONTROLLED-SNARK,controlled-groth16-bls12-381-pilot-v1,5477ab05b549b750fa32dc9a1bc61898f74ebf21,0255a02ac085ff6e3426b4fc0abd92b3f27d476cc272bd1c8ee04140ed316718,controlled_kernel,ark-groth16-0.6.0-bls12-381,default,{},native_execution,256,1,,true,3,0.000107,0.000015,0.000111,0.000119,0.000090,0.000120,,,,,,,,not-applicable,,,,,,,,,,,,,,,,,,measured,matched Groth16 curve pilot; no protocol-superiority claim,measurement,true
C2-CONTROLLED-SNARK,controlled-groth16-bls12-381-pilot-v1,5477ab05b549b750fa32dc9a1bc61898f74ebf21,0255a02ac085ff6e3426b4fc0abd92b3f27d476cc272bd1c8ee04140ed316718,controlled_kernel,ark-groth16-0.6.0-bls12-381,default,{},native_execution,256,1,wrong_public_input,true,3,0.000121,0.000018,0.000131,0.000131,0.000100,0.000131,,,,,,,,not-applicable,,,,,,,,,,,,,,,,,,measured,matched Groth16 curve pilot; no protocol-superiority claim,measurement,true
C2-CONTROLLED-SNARK,controlled-groth16-bls12-381-pilot-v1,5477ab05b549b750fa32dc9a1bc61898f74ebf21,0255a02ac085ff6e3426b4fc0abd92b3f27d476cc272bd1c8ee04140ed316718,controlled_kernel,ark-groth16-0.6.0-bls12-381,default,{},native_execution,256,2,,true,3,0.000107,0.000006,0.000110,0.000110,0.000100,0.000110,,,,,,,,not-applicable,,,,,,,,,,,,,,,,,,measured,matched Groth16 curve pilot; no protocol-superiority claim,measurement,true
C2-CONTROLLED-SNARK,controlled-groth16-bls12-381-pilot-v1,5477ab05b549b750fa32dc9a1bc61898f74ebf21,0255a02ac085ff6e3426b4fc0abd92b3f27d476cc272bd1c8ee04140ed316718,controlled_kernel,ark-groth16-0.6.0-bls12-381,default,{},native_execution,256,4,,true,3,0.000107,0.000012,0.000100,0.000118,0.000100,0.000120,,,,,,,,not-applicable,,,,,,,,,,,,,,,,,,measured,matched Groth16 curve pilot; no protocol-superiority claim,measurement,true
C2-CONTROLLED-SNARK,controlled-groth16-bls12-381-pilot-v1,5477ab05b549b750fa32dc9a1bc61898f74ebf21,0255a02ac085ff6e3426b4fc0abd92b3f27d476cc272bd1c8ee04140ed316718,controlled_kernel,ark-groth16-0.6.0-bls12-381,default,{},native_execution,256,4,wrong_public_input,true,3,0.000097,0.000006,0.000100,0.000100,0.000090,0.000100,,,,,,,,not-applicable,,,,,,,,,,,,,,,,,,measured,matched Groth16 curve pilot; no protocol-superiority claim,measurement,true
C2-CONTROLLED-SNARK,controlled-groth16-bls12-381-pilot-v1,5477ab05b549b750fa32dc9a1bc61898f74ebf21,0255a02ac085ff6e3426b4fc0abd92b3f27d476cc272bd1c8ee04140ed316718,controlled_kernel,ark-groth16-0.6.0-bls12-381,default,{},native_execution,1024,1,,true,3,0.000180,0.000131,0.000120,0.000310,0.000090,0.000331,,,,,,,,not-applicable,,,,,,,,,,,,,,,,,,measured,matched Groth16 curve pilot; no protocol-superiority claim,measurement,true
C2-CONTROLLED-SNARK,controlled-groth16-bls12-381-pilot-v1,5477ab05b549b750fa32dc9a1bc61898f74ebf21,0255a02ac085ff6e3426b4fc0abd92b3f27d476cc272bd1c8ee04140ed316718,controlled_kernel,ark-groth16-0.6.0-bls12-381,default,{},native_execution,1024,2,,true,3,0.000090,,0.000090,0.000090,0.000090,0.000090,,,,,,,,not-applicable,exact boundary excluded,stdev_latency_ms,,,,,,,,,,,,,,,,measured,matched Groth16 curve pilot; no protocol-superiority claim,measurement,true
C2-CONTROLLED-SNARK,controlled-groth16-bls12-381-pilot-v1,5477ab05b549b750fa32dc9a1bc61898f74ebf21,0255a02ac085ff6e3426b4fc0abd92b3f27d476cc272bd1c8ee04140ed316718,controlled_kernel,ark-groth16-0.6.0-bls12-381,default,{},native_execution,1024,4,,true,3,0.000117,0.000016,0.000120,0.000130,0.000100,0.000131,,,,,,,,not-applicable,,,,,,,,,,,,,,,,,,measured,matched Groth16 curve pilot; no protocol-superiority claim,measurement,true
C2-CONTROLLED-SNARK,controlled-groth16-bls12-381-pilot-v1,5477ab05b549b750fa32dc9a1bc61898f74ebf21,0255a02ac085ff6e3426b4fc0abd92b3f27d476cc272bd1c8ee04140ed316718,controlled_kernel,ark-groth16-0.6.0-bls12-381,default,{},prove_total,16,1,,true,3,7.486850,0.588826,7.475624,8.020650,6.903717,8.081208,,,,,,,,not-applicable,,,,,,,,2140.289560,74756.240000,,,2,1.396858,0.563175,0.545112,0.585584,0.981546,measured,matched Groth16 curve pilot; no protocol-superiority claim,measurement,true
C2-CONTROLLED-SNARK,controlled-groth16-bls12-381-pilot-v1,5477ab05b549b750fa32dc9a1bc61898f74ebf21,0255a02ac085ff6e3426b4fc0abd92b3f27d476cc272bd1c8ee04140ed316718,controlled_kernel,ark-groth16-0.6.0-bls12-381,default,{},prove_total,16,1,wrong_public_input,true,3,7.306692,0.622086,7.048752,7.919506,6.855066,8.016257,,,,,,,,not-applicable,,,,,,,,,,,,,,,,,,measured,matched Groth16 curve pilot; no protocol-superiority claim,measurement,true
C2-CONTROLLED-SNARK,controlled-groth16-bls12-381-pilot-v1,5477ab05b549b750fa32dc9a1bc61898f74ebf21,0255a02ac085ff6e3426b4fc0abd92b3f27d476cc272bd1c8ee04140ed316718,controlled_kernel,ark-groth16-0.6.0-bls12-381,default,{},prove_total,16,2,,true,3,6.914910,0.105155,6.961530,6.985978,6.794504,6.988695,,,,,,,,not-applicable,,,,1.073848,0.987841,1.189374,0.536924,2298.345335,63286.636364,,,2,1.754697,0.455841,0.447356,0.471506,0.975801,measured,matched Groth16 curve pilot; no protocol-superiority claim,measurement,true
C2-CONTROLLED-SNARK,controlled-groth16-bls12-381-pilot-v1,5477ab05b549b750fa32dc9a1bc61898f74ebf21,0255a02ac085ff6e3426b4fc0abd92b3f27d476cc272bd1c8ee04140ed316718,controlled_kernel,ark-groth16-0.6.0-bls12-381,default,{},prove_total,16,4,,true,3,11.364072,0.106863,11.342938,11.466225,11.269356,11.479923,,,,,,,,not-applicable,,,,0.659055,0.601373,0.717096,0.164764,1410.569290,94524.483333,,,2,3.634313,0.354215,0.348872,0.386332,0.924322,measured,matched Groth16 curve pilot; no protocol-superiority claim,measurement,true
C2-CONTROLLED-SNARK,controlled-groth16-bls12-381-pilot-v1,5477ab05b549b750fa32dc9a1bc61898f74ebf21,0255a02ac085ff6e3426b4fc0abd92b3f27d476cc272bd1c8ee04140ed316718,controlled_kernel,ark-groth16-0.6.0-bls12-381,default,{},prove_total,16,4,wrong_public_input,true,3,10.396671,0.550056,10.619471,10.782285,9.770167,10.800375,,,,,,,,not-applicable,,,,,,,,,,,,,,,,,,measured,matched Groth16 curve pilot; no protocol-superiority claim,measurement,true
C2-CONTROLLED-SNARK,controlled-groth16-bls12-381-pilot-v1,5477ab05b549b750fa32dc9a1bc61898f74ebf21,0255a02ac085ff6e3426b4fc0abd92b3f27d476cc272bd1c8ee04140ed316718,controlled_kernel,ark-groth16-0.6.0-bls12-381,default,{},prove_total,64,1,,true,3,12.819806,0.408607,13.031490,13.074373,12.348790,13.079138,,,,,,,,not-applicable,,,,,,,,4911.180533,108595.750000,,,,1.396858,0.563175,0.545112,0.585584,0.981546,measured,matched Groth16 curve pilot; no protocol-superiority claim,measurement,true
C2-CONTROLLED-SNARK,controlled-groth16-bls12-381-pilot-v1,5477ab05b549b750fa32dc9a1bc61898f74ebf21,0255a02ac085ff6e3426b4fc0abd92b3f27d476cc272bd1c8ee04140ed316718,controlled_kernel,ark-groth16-0.6.0-bls12-381,default,{},prove_total,64,1,wrong_public_input,true,3,13.233515,0.981756,13.784436,13.812917,12.100028,13.816082,,,,,,,,not-applicable,,,,,,,,,,,,,,,,,,measured,matched Groth16 curve pilot; no protocol-superiority claim,measurement,true
C2-CONTROLLED-SNARK,controlled-groth16-bls12-381-pilot-v1,5477ab05b549b750fa32dc9a1bc61898f74ebf21,0255a02ac085ff6e3426b4fc0abd92b3f27d476cc272bd1c8ee04140ed316718,controlled_kernel,ark-groth16-0.6.0-bls12-381,default,{},prove_total,64,2,,true,3,10.049661,0.971021,10.354325,10.784067,8.962841,10.831816,,,,,,,,not-applicable,,,,1.258555,1.140048,1.459263,0.629278,6180.992001,86286.041667,,,,1.754697,0.455841,0.447356,0.471506,0.975801,measured,matched Groth16 curve pilot; no protocol-superiority claim,measurement,true
C2-CONTROLLED-SNARK,controlled-groth16-bls12-381-pilot-v1,5477ab05b549b750fa32dc9a1bc61898f74ebf21,0255a02ac085ff6e3426b4fc0abd92b3f27d476cc272bd1c8ee04140ed316718,controlled_kernel,ark-groth16-0.6.0-bls12-381,default,{},prove_total,64,4,,true,3,13.126401,0.818049,13.591650,13.604311,12.181834,13.605718,,,,,,,,not-applicable,,,,0.958786,0.907618,1.073659,0.239697,4708.773401,151018.333333,,,,3.634313,0.354215,0.348872,0.386332,0.924322,measured,matched Groth16 curve pilot; no protocol-superiority claim,measurement,true
C2-CONTROLLED-SNARK,controlled-groth16-bls12-381-pilot-v1,5477ab05b549b750fa32dc9a1bc61898f74ebf21,0255a02ac085ff6e3426b4fc0abd92b3f27d476cc272bd1c8ee04140ed316718,controlled_kernel,ark-groth16-0.6.0-bls12-381,default,{},prove_total,64,4,wrong_public_input,true,3,13.672916,0.771731,13.638589,14.378973,12.918922,14.461238,,,,,,,,not-applicable,,,,,,,,,,,,,,,,,,measured,matched Groth16 curve pilot; no protocol-superiority claim,measurement,true
C2-CONTROLLED-SNARK,controlled-groth16-bls12-381-pilot-v1,5477ab05b549b750fa32dc9a1bc61898f74ebf21,0255a02ac085ff6e3426b4fc0abd92b3f27d476cc272bd1c8ee04140ed316718,controlled_kernel,ark-groth16-0.6.0-bls12-381,default,{},prove_total,256,1,,true,3,27.847760,0.439757,27.862920,28.238058,27.400619,28.279740,,,,,,,,not-applicable,,,,,,,,9187.838173,251017.297297,,,,1.396858,0.563175,0.545112,0.585584,0.981546,measured,matched Groth16 curve pilot; no protocol-superiority claim,measurement,true
C2-CONTROLLED-SNARK,controlled-groth16-bls12-381-pilot-v1,5477ab05b549b750fa32dc9a1bc61898f74ebf21,0255a02ac085ff6e3426b4fc0abd92b3f27d476cc272bd1c8ee04140ed316718,controlled_kernel,ark-groth16-0.6.0-bls12-381,default,{},prove_total,256,1,wrong_public_input,true,3,28.731105,1.197877,29.108777,29.636043,27.389909,29.694628,,,,,,,,not-applicable,,,,,,,,,,,,,,,,,,measured,matched Groth16 curve pilot; no protocol-superiority claim,measurement,true
C2-CONTROLLED-SNARK,controlled-groth16-bls12-381-pilot-v1,5477ab05b549b750fa32dc9a1bc61898f74ebf21,0255a02ac085ff6e3426b4fc0abd92b3f27d476cc272bd1c8ee04140ed316718,controlled_kernel,ark-groth16-0.6.0-bls12-381,default,{},prove_total,256,2,,true,3,19.540061,0.747486,19.858604,20.053818,18.686072,20.075508,,,,,,,,not-applicable,,,,1.403065,1.364878,1.513413,0.701533,12891.137766,180532.763636,,,,1.754697,0.455841,0.447356,0.471506,0.975801,measured,matched Groth16 curve pilot; no protocol-superiority claim,measurement,true
C2-CONTROLLED-SNARK,controlled-groth16-bls12-381-pilot-v1,5477ab05b549b750fa32dc9a1bc61898f74ebf21,0255a02ac085ff6e3426b4fc0abd92b3f27d476cc272bd1c8ee04140ed316718,controlled_kernel,ark-groth16-0.6.0-bls12-381,default,{},prove_total,256,4,,true,3,22.492107,1.386793,22.077401,23.842787,21.359979,24.038941,,,,,,,,not-applicable,,,,1.262056,1.139843,1.323959,0.315514,11595.567794,220774.010000,,,,3.634313,0.354215,0.348872,0.386332,0.924322,measured,matched Groth16 curve pilot; no protocol-superiority claim,measurement,true
C2-CONTROLLED-SNARK,controlled-groth16-bls12-381-pilot-v1,5477ab05b549b750fa32dc9a1bc61898f74ebf21,0255a02ac085ff6e3426b4fc0abd92b3f27d476cc272bd1c8ee04140ed316718,controlled_kernel,ark-groth16-0.6.0-bls12-381,default,{},prove_total,256,4,wrong_public_input,true,3,21.673076,0.554295,21.410597,22.219930,21.298774,22.309856,,,,,,,,not-applicable,,,,,,,,,,,,,,,,,,measured,matched Groth16 curve pilot; no protocol-superiority claim,measurement,true
C2-CONTROLLED-SNARK,controlled-groth16-bls12-381-pilot-v1,5477ab05b549b750fa32dc9a1bc61898f74ebf21,0255a02ac085ff6e3426b4fc0abd92b3f27d476cc272bd1c8ee04140ed316718,controlled_kernel,ark-groth16-0.6.0-bls12-381,default,{},prove_total,1024,1,,true,3,78.729280,0.953969,78.316627,79.669761,78.051103,79.820109,,,,,,,,not-applicable,,,,,,,,13075.128989,652638.558333,,,,1.396858,0.563175,0.545112,0.585584,0.981546,measured,matched Groth16 curve pilot; no protocol-superiority claim,measurement,true
C2-CONTROLLED-SNARK,controlled-groth16-bls12-381-pilot-v1,5477ab05b549b750fa32dc9a1bc61898f74ebf21,0255a02ac085ff6e3426b4fc0abd92b3f27d476cc272bd1c8ee04140ed316718,controlled_kernel,ark-groth16-0.6.0-bls12-381,default,{},prove_total,1024,2,,true,3,46.148917,0.468327,46.051135,46.597687,45.737200,46.658415,,,,,,,,not-applicable,,,,1.700645,1.672819,1.745190,0.850322,22236.151183,511679.277778,,,,1.754697,0.455841,0.447356,0.471506,0.975801,measured,matched Groth16 curve pilot; no protocol-superiority claim,measurement,true
C2-CONTROLLED-SNARK,controlled-groth16-bls12-381-pilot-v1,5477ab05b549b750fa32dc9a1bc61898f74ebf21,0255a02ac085ff6e3426b4fc0abd92b3f27d476cc272bd1c8ee04140ed316718,controlled_kernel,ark-groth16-0.6.0-bls12-381,default,{},prove_total,1024,4,,true,3,51.335215,3.583975,49.586314,54.870722,48.961453,55.457879,,,,,,,,not-applicable,,,,1.579400,1.407394,1.630264,0.394850,20650.859429,413219.283333,,,,3.634313,0.354215,0.348872,0.386332,0.924322,measured,matched Groth16 curve pilot; no protocol-superiority claim,measurement,true
C2-CONTROLLED-SNARK,controlled-groth16-bls12-381-pilot-v1,5477ab05b549b750fa32dc9a1bc61898f74ebf21,0255a02ac085ff6e3426b4fc0abd92b3f27d476cc272bd1c8ee04140ed316718,controlled_kernel,ark-groth16-0.6.0-bls12-381,default,{},serialize,16,1,,true,3,0.002758,0.000337,0.002735,0.003069,0.002434,0.003106,,,,,,,,not-applicable,,,,,,,,,,,,,,,,,,measured,matched Groth16 curve pilot; no protocol-superiority claim,measurement,true
C2-CONTROLLED-SNARK,controlled-groth16-bls12-381-pilot-v1,5477ab05b549b750fa32dc9a1bc61898f74ebf21,0255a02ac085ff6e3426b4fc0abd92b3f27d476cc272bd1c8ee04140ed316718,controlled_kernel,ark-groth16-0.6.0-bls12-381,default,{},serialize,16,1,wrong_public_input,true,3,0.002738,0.000103,0.002765,0.002819,0.002625,0.002825,,,,,,,,not-applicable,,,,,,,,,,,,,,,,,,measured,matched Groth16 curve pilot; no protocol-superiority claim,measurement,true
C2-CONTROLLED-SNARK,controlled-groth16-bls12-381-pilot-v1,5477ab05b549b750fa32dc9a1bc61898f74ebf21,0255a02ac085ff6e3426b4fc0abd92b3f27d476cc272bd1c8ee04140ed316718,controlled_kernel,ark-groth16-0.6.0-bls12-381,default,{},serialize,16,2,,true,3,0.002868,0.001245,0.002625,0.004058,0.001763,0.004217,,,,,,,,not-applicable,,,,,,,,,,,,,,,,,,measured,matched Groth16 curve pilot; no protocol-superiority claim,measurement,true
C2-CONTROLLED-SNARK,controlled-groth16-bls12-381-pilot-v1,5477ab05b549b750fa32dc9a1bc61898f74ebf21,0255a02ac085ff6e3426b4fc0abd92b3f27d476cc272bd1c8ee04140ed316718,controlled_kernel,ark-groth16-0.6.0-bls12-381,default,{},serialize,16,4,,true,3,0.003560,0.000254,0.003636,0.003754,0.003276,0.003767,,,,,,,,not-applicable,,,,,,,,,,,,,,,,,,measured,matched Groth16 curve pilot; no protocol-superiority claim,measurement,true
C2-CONTROLLED-SNARK,controlled-groth16-bls12-381-pilot-v1,5477ab05b549b750fa32dc9a1bc61898f74ebf21,0255a02ac085ff6e3426b4fc0abd92b3f27d476cc272bd1c8ee04140ed316718,controlled_kernel,ark-groth16-0.6.0-bls12-381,default,{},serialize,16,4,wrong_public_input,true,3,0.002789,0.000196,0.002786,0.002966,0.002595,0.002986,,,,,,,,not-applicable,,,,,,,,,,,,,,,,,,measured,matched Groth16 curve pilot; no protocol-superiority claim,measurement,true
C2-CONTROLLED-SNARK,controlled-groth16-bls12-381-pilot-v1,5477ab05b549b750fa32dc9a1bc61898f74ebf21,0255a02ac085ff6e3426b4fc0abd92b3f27d476cc272bd1c8ee04140ed316718,controlled_kernel,ark-groth16-0.6.0-bls12-381,default,{},serialize,64,1,,true,3,0.002792,0.000247,0.002755,0.003025,0.002565,0.003055,,,,,,,,not-applicable,,,,,,,,,,,,,,,,,,measured,matched Groth16 curve pilot; no protocol-superiority claim,measurement,true
C2-CONTROLLED-SNARK,controlled-groth16-bls12-381-pilot-v1,5477ab05b549b750fa32dc9a1bc61898f74ebf21,0255a02ac085ff6e3426b4fc0abd92b3f27d476cc272bd1c8ee04140ed316718,controlled_kernel,ark-groth16-0.6.0-bls12-381,default,{},serialize,64,1,wrong_public_input,true,3,0.002705,0.000840,0.002876,0.003390,0.001793,0.003447,,,,,,,,not-applicable,,,,,,,,,,,,,,,,,,measured,matched Groth16 curve pilot; no protocol-superiority claim,measurement,true
C2-CONTROLLED-SNARK,controlled-groth16-bls12-381-pilot-v1,5477ab05b549b750fa32dc9a1bc61898f74ebf21,0255a02ac085ff6e3426b4fc0abd92b3f27d476cc272bd1c8ee04140ed316718,controlled_kernel,ark-groth16-0.6.0-bls12-381,default,{},serialize,64,2,,true,3,0.002956,0.000397,0.003036,0.003279,0.002525,0.003306,,,,,,,,not-applicable,,,,,,,,,,,,,,,,,,measured,matched Groth16 curve pilot; no protocol-superiority claim,measurement,true
C2-CONTROLLED-SNARK,controlled-groth16-bls12-381-pilot-v1,5477ab05b549b750fa32dc9a1bc61898f74ebf21,0255a02ac085ff6e3426b4fc0abd92b3f27d476cc272bd1c8ee04140ed316718,controlled_kernel,ark-groth16-0.6.0-bls12-381,default,{},serialize,64,4,,true,3,0.002030,0.000280,0.001973,0.002299,0.001783,0.002335,,,,,,,,not-applicable,,,,,,,,,,,,,,,,,,measured,matched Groth16 curve pilot; no protocol-superiority claim,measurement,true
C2-CONTROLLED-SNARK,controlled-groth16-bls12-381-pilot-v1,5477ab05b549b750fa32dc9a1bc61898f74ebf21,0255a02ac085ff6e3426b4fc0abd92b3f27d476cc272bd1c8ee04140ed316718,controlled_kernel,ark-groth16-0.6.0-bls12-381,default,{},serialize,64,4,wrong_public_input,true,3,0.002184,0.000368,0.002074,0.002542,0.001884,0.002594,,,,,,,,not-applicable,,,,,,,,,,,,,,,,,,measured,matched Groth16 curve pilot; no protocol-superiority claim,measurement,true
C2-CONTROLLED-SNARK,controlled-groth16-bls12-381-pilot-v1,5477ab05b549b750fa32dc9a1bc61898f74ebf21,0255a02ac085ff6e3426b4fc0abd92b3f27d476cc272bd1c8ee04140ed316718,controlled_kernel,ark-groth16-0.6.0-bls12-381,default,{},serialize,256,1,,true,3,0.002361,0.000509,0.002555,0.002726,0.001783,0.002745,,,,,,,,not-applicable,,,,,,,,,,,,,,,,,,measured,matched Groth16 curve pilot; no protocol-superiority claim,measurement,true
C2-CONTROLLED-SNARK,controlled-groth16-bls12-381-pilot-v1,5477ab05b549b750fa32dc9a1bc61898f74ebf21,0255a02ac085ff6e3426b4fc0abd92b3f27d476cc272bd1c8ee04140ed316718,controlled_kernel,ark-groth16-0.6.0-bls12-381,default,{},serialize,256,1,wrong_public_input,true,3,0.002104,0.000458,0.001924,0.002555,0.001764,0.002625,,,,,,,,not-applicable,,,,,,,,,,,,,,,,,,measured,matched Groth16 curve pilot; no protocol-superiority claim,measurement,true
C2-CONTROLLED-SNARK,controlled-groth16-bls12-381-pilot-v1,5477ab05b549b750fa32dc9a1bc61898f74ebf21,0255a02ac085ff6e3426b4fc0abd92b3f27d476cc272bd1c8ee04140ed316718,controlled_kernel,ark-groth16-0.6.0-bls12-381,default,{},serialize,256,2,,true,3,0.002839,0.000972,0.002735,0.003746,0.001923,0.003858,,,,,,,,not-applicable,,,,,,,,,,,,,,,,,,measured,matched Groth16 curve pilot; no protocol-superiority claim,measurement,true
C2-CONTROLLED-SNARK,controlled-groth16-bls12-381-pilot-v1,5477ab05b549b750fa32dc9a1bc61898f74ebf21,0255a02ac085ff6e3426b4fc0abd92b3f27d476cc272bd1c8ee04140ed316718,controlled_kernel,ark-groth16-0.6.0-bls12-381,default,{},serialize,256,4,,true,3,0.002912,0.000241,0.002905,0.003131,0.002675,0.003156,,,,,,,,not-applicable,,,,,,,,,,,,,,,,,,measured,matched Groth16 curve pilot; no protocol-superiority claim,measurement,true
C2-CONTROLLED-SNARK,controlled-groth16-bls12-381-pilot-v1,5477ab05b549b750fa32dc9a1bc61898f74ebf21,0255a02ac085ff6e3426b4fc0abd92b3f27d476cc272bd1c8ee04140ed316718,controlled_kernel,ark-groth16-0.6.0-bls12-381,default,{},serialize,256,4,wrong_public_input,true,3,0.003280,0.001176,0.002936,0.004424,0.002314,0.004589,,,,,,,,not-applicable,,,,,,,,,,,,,,,,,,measured,matched Groth16 curve pilot; no protocol-superiority claim,measurement,true
C2-CONTROLLED-SNARK,controlled-groth16-bls12-381-pilot-v1,5477ab05b549b750fa32dc9a1bc61898f74ebf21,0255a02ac085ff6e3426b4fc0abd92b3f27d476cc272bd1c8ee04140ed316718,controlled_kernel,ark-groth16-0.6.0-bls12-381,default,{},serialize,1024,1,,true,3,0.002675,0.000717,0.002414,0.003379,0.002124,0.003486,,,,,,,,not-applicable,,,,,,,,,,,,,,,,,,measured,matched Groth16 curve pilot; no protocol-superiority claim,measurement,true
C2-CONTROLLED-SNARK,controlled-groth16-bls12-381-pilot-v1,5477ab05b549b750fa32dc9a1bc61898f74ebf21,0255a02ac085ff6e3426b4fc0abd92b3f27d476cc272bd1c8ee04140ed316718,controlled_kernel,ark-groth16-0.6.0-bls12-381,default,{},serialize,1024,2,,true,3,0.002231,0.000506,0.002444,0.002580,0.001653,0.002595,,,,,,,,not-applicable,,,,,,,,,,,,,,,,,,measured,matched Groth16 curve pilot; no protocol-superiority claim,measurement,true
C2-CONTROLLED-SNARK,controlled-groth16-bls12-381-pilot-v1,5477ab05b549b750fa32dc9a1bc61898f74ebf21,0255a02ac085ff6e3426b4fc0abd92b3f27d476cc272bd1c8ee04140ed316718,controlled_kernel,ark-groth16-0.6.0-bls12-381,default,{},serialize,1024,4,,true,3,0.002852,0.000735,0.003256,0.003292,0.002004,0.003296,,,,,,,,not-applicable,,,,,,,,,,,,,,,,,,measured,matched Groth16 curve pilot; no protocol-superiority claim,measurement,true
C2-CONTROLLED-SNARK,controlled-groth16-bls12-381-pilot-v1,5477ab05b549b750fa32dc9a1bc61898f74ebf21,0255a02ac085ff6e3426b4fc0abd92b3f27d476cc272bd1c8ee04140ed316718,controlled_kernel,ark-groth16-0.6.0-bls12-381,default,{},setup_or_preprocess,16,1,,true,3,15.068252,2.015420,16.128072,16.312183,12.744045,16.332640,,,,,,,,not-applicable,,,,,,,,,,,,,,,,,,measured,matched Groth16 curve pilot; no protocol-superiority claim,measurement,true
C2-CONTROLLED-SNARK,controlled-groth16-bls12-381-pilot-v1,5477ab05b549b750fa32dc9a1bc61898f74ebf21,0255a02ac085ff6e3426b4fc0abd92b3f27d476cc272bd1c8ee04140ed316718,controlled_kernel,ark-groth16-0.6.0-bls12-381,default,{},setup_or_preprocess,16,1,wrong_public_input,true,3,13.791910,1.745067,13.079780,15.510366,12.515520,15.780431,,,,,,,,not-applicable,,,,,,,,,,,,,,,,,,measured,matched Groth16 curve pilot; no protocol-superiority claim,measurement,true
C2-CONTROLLED-SNARK,controlled-groth16-bls12-381-pilot-v1,5477ab05b549b750fa32dc9a1bc61898f74ebf21,0255a02ac085ff6e3426b4fc0abd92b3f27d476cc272bd1c8ee04140ed316718,controlled_kernel,ark-groth16-0.6.0-bls12-381,default,{},setup_or_preprocess,16,2,,true,3,14.940672,0.784210,14.696368,15.705795,14.307694,15.817954,,,,,,,,not-applicable,,,,,,,,,,,,,,,,,,measured,matched Groth16 curve pilot; no protocol-superiority claim,measurement,true
C2-CONTROLLED-SNARK,controlled-groth16-bls12-381-pilot-v1,5477ab05b549b750fa32dc9a1bc61898f74ebf21,0255a02ac085ff6e3426b4fc0abd92b3f27d476cc272bd1c8ee04140ed316718,controlled_kernel,ark-groth16-0.6.0-bls12-381,default,{},setup_or_preprocess,16,4,,true,3,15.913740,0.035476,15.910598,15.946675,15.879940,15.950683,,,,,,,,not-applicable,,,,,,,,,,,,,,,,,,measured,matched Groth16 curve pilot; no protocol-superiority claim,measurement,true
C2-CONTROLLED-SNARK,controlled-groth16-bls12-381-pilot-v1,5477ab05b549b750fa32dc9a1bc61898f74ebf21,0255a02ac085ff6e3426b4fc0abd92b3f27d476cc272bd1c8ee04140ed316718,controlled_kernel,ark-groth16-0.6.0-bls12-381,default,{},setup_or_preprocess,16,4,wrong_public_input,true,3,14.196521,1.774159,13.772249,15.907142,12.672963,16.144352,,,,,,,,not-applicable,,,,,,,,,,,,,,,,,,measured,matched Groth16 curve pilot; no protocol-superiority claim,measurement,true
C2-CONTROLLED-SNARK,controlled-groth16-bls12-381-pilot-v1,5477ab05b549b750fa32dc9a1bc61898f74ebf21,0255a02ac085ff6e3426b4fc0abd92b3f27d476cc272bd1c8ee04140ed316718,controlled_kernel,ark-groth16-0.6.0-bls12-381,default,{},setup_or_preprocess,64,1,,true,3,20.468553,2.026222,20.723323,22.192139,18.326995,22.355341,,,,,,,,not-applicable,,,,,,,,,,,,,,,,,,measured,matched Groth16 curve pilot; no protocol-superiority claim,measurement,true
C2-CONTROLLED-SNARK,controlled-groth16-bls12-381-pilot-v1,5477ab05b549b750fa32dc9a1bc61898f74ebf21,0255a02ac085ff6e3426b4fc0abd92b3f27d476cc272bd1c8ee04140ed316718,controlled_kernel,ark-groth16-0.6.0-bls12-381,default,{},setup_or_preprocess,64,1,wrong_public_input,true,3,20.469077,1.569083,21.070369,21.590763,18.688277,21.648585,,,,,,,,not-applicable,,,,,,,,,,,,,,,,,,measured,matched Groth16 curve pilot; no protocol-superiority claim,measurement,true
C2-CONTROLLED-SNARK,controlled-groth16-bls12-381-pilot-v1,5477ab05b549b750fa32dc9a1bc61898f74ebf21,0255a02ac085ff6e3426b4fc0abd92b3f27d476cc272bd1c8ee04140ed316718,controlled_kernel,ark-groth16-0.6.0-bls12-381,default,{},setup_or_preprocess,64,2,,true,3,16.711791,2.627414,17.760450,18.563683,13.721992,18.652931,,,,,,,,not-applicable,,,,,,,,,,,,,,,,,,measured,matched Groth16 curve pilot; no protocol-superiority claim,measurement,true
C2-CONTROLLED-SNARK,controlled-groth16-bls12-381-pilot-v1,5477ab05b549b750fa32dc9a1bc61898f74ebf21,0255a02ac085ff6e3426b4fc0abd92b3f27d476cc272bd1c8ee04140ed316718,controlled_kernel,ark-groth16-0.6.0-bls12-381,default,{},setup_or_preprocess,64,4,,true,3,16.421394,2.316671,17.342521,18.056496,13.785834,18.135826,,,,,,,,not-applicable,,,,,,,,,,,,,,,,,,measured,matched Groth16 curve pilot; no protocol-superiority claim,measurement,true
C2-CONTROLLED-SNARK,controlled-groth16-bls12-381-pilot-v1,5477ab05b549b750fa32dc9a1bc61898f74ebf21,0255a02ac085ff6e3426b4fc0abd92b3f27d476cc272bd1c8ee04140ed316718,controlled_kernel,ark-groth16-0.6.0-bls12-381,default,{},setup_or_preprocess,64,4,wrong_public_input,true,3,15.414206,2.190177,14.351241,17.574834,13.958365,17.933011,,,,,,,,not-applicable,,,,,,,,,,,,,,,,,,measured,matched Groth16 curve pilot; no protocol-superiority claim,measurement,true
C2-CONTROLLED-SNARK,controlled-groth16-bls12-381-pilot-v1,5477ab05b549b750fa32dc9a1bc61898f74ebf21,0255a02ac085ff6e3426b4fc0abd92b3f27d476cc272bd1c8ee04140ed316718,controlled_kernel,ark-groth16-0.6.0-bls12-381,default,{},setup_or_preprocess,256,1,,true,3,35.262839,0.869528,34.932314,36.117480,34.607039,36.249165,,,,,,,,not-applicable,,,,,,,,,,,,,,,,,,measured,matched Groth16 curve pilot; no protocol-superiority claim,measurement,true
C2-CONTROLLED-SNARK,controlled-groth16-bls12-381-pilot-v1,5477ab05b549b750fa32dc9a1bc61898f74ebf21,0255a02ac085ff6e3426b4fc0abd92b3f27d476cc272bd1c8ee04140ed316718,controlled_kernel,ark-groth16-0.6.0-bls12-381,default,{},setup_or_preprocess,256,1,wrong_public_input,true,3,37.591229,1.413850,38.326560,38.469946,35.961249,38.485878,,,,,,,,not-applicable,,,,,,,,,,,,,,,,,,measured,matched Groth16 curve pilot; no protocol-superiority claim,measurement,true
C2-CONTROLLED-SNARK,controlled-groth16-bls12-381-pilot-v1,5477ab05b549b750fa32dc9a1bc61898f74ebf21,0255a02ac085ff6e3426b4fc0abd92b3f27d476cc272bd1c8ee04140ed316718,controlled_kernel,ark-groth16-0.6.0-bls12-381,default,{},setup_or_preprocess,256,2,,true,3,27.829607,1.858213,26.872095,29.661372,26.645433,29.971292,,,,,,,,not-applicable,,,,,,,,,,,,,,,,,,measured,matched Groth16 curve pilot; no protocol-superiority claim,measurement,true
C2-CONTROLLED-SNARK,controlled-groth16-bls12-381-pilot-v1,5477ab05b549b750fa32dc9a1bc61898f74ebf21,0255a02ac085ff6e3426b4fc0abd92b3f27d476cc272bd1c8ee04140ed316718,controlled_kernel,ark-groth16-0.6.0-bls12-381,default,{},setup_or_preprocess,256,4,,true,3,19.237692,1.939167,18.330069,21.150807,17.918784,21.464222,,,,,,,,not-applicable,,,,,,,,,,,,,,,,,,measured,matched Groth16 curve pilot; no protocol-superiority claim,measurement,true
C2-CONTROLLED-SNARK,controlled-groth16-bls12-381-pilot-v1,5477ab05b549b750fa32dc9a1bc61898f74ebf21,0255a02ac085ff6e3426b4fc0abd92b3f27d476cc272bd1c8ee04140ed316718,controlled_kernel,ark-groth16-0.6.0-bls12-381,default,{},setup_or_preprocess,256,4,wrong_public_input,true,3,21.246783,1.984466,22.083304,22.616757,18.981016,22.676030,,,,,,,,not-applicable,,,,,,,,,,,,,,,,,,measured,matched Groth16 curve pilot; no protocol-superiority claim,measurement,true
C2-CONTROLLED-SNARK,controlled-groth16-bls12-381-pilot-v1,5477ab05b549b750fa32dc9a1bc61898f74ebf21,0255a02ac085ff6e3426b4fc0abd92b3f27d476cc272bd1c8ee04140ed316718,controlled_kernel,ark-groth16-0.6.0-bls12-381,default,{},setup_or_preprocess,1024,1,,true,3,95.735975,3.561891,94.853730,99.175842,92.698118,99.656077,,,,,,,,not-applicable,,,,,,,,,,,,,,,,,,measured,matched Groth16 curve pilot; no protocol-superiority claim,measurement,true
C2-CONTROLLED-SNARK,controlled-groth16-bls12-381-pilot-v1,5477ab05b549b750fa32dc9a1bc61898f74ebf21,0255a02ac085ff6e3426b4fc0abd92b3f27d476cc272bd1c8ee04140ed316718,controlled_kernel,ark-groth16-0.6.0-bls12-381,default,{},setup_or_preprocess,1024,2,,true,3,53.187885,1.724262,52.486080,54.885751,51.925195,55.152381,,,,,,,,not-applicable,,,,,,,,,,,,,,,,,,measured,matched Groth16 curve pilot; no protocol-superiority claim,measurement,true
C2-CONTROLLED-SNARK,controlled-groth16-bls12-381-pilot-v1,5477ab05b549b750fa32dc9a1bc61898f74ebf21,0255a02ac085ff6e3426b4fc0abd92b3f27d476cc272bd1c8ee04140ed316718,controlled_kernel,ark-groth16-0.6.0-bls12-381,default,{},setup_or_preprocess,1024,4,,true,3,36.355114,3.080018,38.009688,38.229781,32.801419,38.254236,,,,,,,,not-applicable,,,,,,,,,,,,,,,,,,measured,matched Groth16 curve pilot; no protocol-superiority claim,measurement,true
C2-CONTROLLED-SNARK,controlled-groth16-bls12-381-pilot-v1,5477ab05b549b750fa32dc9a1bc61898f74ebf21,0255a02ac085ff6e3426b4fc0abd92b3f27d476cc272bd1c8ee04140ed316718,controlled_kernel,ark-groth16-0.6.0-bls12-381,default,{},verify_core,16,1,,true,3,1.667089,0.091177,1.705023,1.730360,1.563069,1.733175,,,,,,,,not-applicable,,,,,,,,,,,,,,,,,,measured,matched Groth16 curve pilot; no protocol-superiority claim,measurement,true
C2-CONTROLLED-SNARK,controlled-groth16-bls12-381-pilot-v1,5477ab05b549b750fa32dc9a1bc61898f74ebf21,0255a02ac085ff6e3426b4fc0abd92b3f27d476cc272bd1c8ee04140ed316718,controlled_kernel,ark-groth16-0.6.0-bls12-381,default,{},verify_core,16,1,wrong_public_input,true,3,1.563820,0.042555,1.549493,1.605469,1.530277,1.611689,,,,,,,,not-applicable,,,,,,,,,,,,,,,,,,measured,matched Groth16 curve pilot; no protocol-superiority claim,measurement,true
C2-CONTROLLED-SNARK,controlled-groth16-bls12-381-pilot-v1,5477ab05b549b750fa32dc9a1bc61898f74ebf21,0255a02ac085ff6e3426b4fc0abd92b3f27d476cc272bd1c8ee04140ed316718,controlled_kernel,ark-groth16-0.6.0-bls12-381,default,{},verify_core,16,2,,true,3,1.667620,0.265033,1.527663,1.928729,1.501905,1.973292,,,,,,,,not-applicable,,,,,,,,,,,,,,,,,,measured,matched Groth16 curve pilot; no protocol-superiority claim,measurement,true
C2-CONTROLLED-SNARK,controlled-groth16-bls12-381-pilot-v1,5477ab05b549b750fa32dc9a1bc61898f74ebf21,0255a02ac085ff6e3426b4fc0abd92b3f27d476cc272bd1c8ee04140ed316718,controlled_kernel,ark-groth16-0.6.0-bls12-381,default,{},verify_core,16,4,,true,3,1.726556,0.099124,1.673304,1.824163,1.665439,1.840925,,,,,,,,not-applicable,,,,,,,,,,,,,,,,,,measured,matched Groth16 curve pilot; no protocol-superiority claim,measurement,true
C2-CONTROLLED-SNARK,controlled-groth16-bls12-381-pilot-v1,5477ab05b549b750fa32dc9a1bc61898f74ebf21,0255a02ac085ff6e3426b4fc0abd92b3f27d476cc272bd1c8ee04140ed316718,controlled_kernel,ark-groth16-0.6.0-bls12-381,default,{},verify_core,16,4,wrong_public_input,true,3,1.825910,0.332199,1.734942,2.148199,1.548672,2.194116,,,,,,,,not-applicable,,,,,,,,,,,,,,,,,,measured,matched Groth16 curve pilot; no protocol-superiority claim,measurement,true
C2-CONTROLLED-SNARK,controlled-groth16-bls12-381-pilot-v1,5477ab05b549b750fa32dc9a1bc61898f74ebf21,0255a02ac085ff6e3426b4fc0abd92b3f27d476cc272bd1c8ee04140ed316718,controlled_kernel,ark-groth16-0.6.0-bls12-381,default,{},verify_core,64,1,,true,3,1.599363,0.061847,1.571735,1.660361,1.556145,1.670208,,,,,,,,not-applicable,,,,,,,,,,,,,,,,,,measured,matched Groth16 curve pilot; no protocol-superiority claim,measurement,true
C2-CONTROLLED-SNARK,controlled-groth16-bls12-381-pilot-v1,5477ab05b549b750fa32dc9a1bc61898f74ebf21,0255a02ac085ff6e3426b4fc0abd92b3f27d476cc272bd1c8ee04140ed316718,controlled_kernel,ark-groth16-0.6.0-bls12-381,default,{},verify_core,64,1,wrong_public_input,true,3,1.593368,0.034073,1.574620,1.626890,1.572786,1.632698,,,,,,,,not-applicable,,,,,,,,,,,,,,,,,,measured,matched Groth16 curve pilot; no protocol-superiority claim,measurement,true
C2-CONTROLLED-SNARK,controlled-groth16-bls12-381-pilot-v1,5477ab05b549b750fa32dc9a1bc61898f74ebf21,0255a02ac085ff6e3426b4fc0abd92b3f27d476cc272bd1c8ee04140ed316718,controlled_kernel,ark-groth16-0.6.0-bls12-381,default,{},verify_core,64,2,,true,3,1.638799,0.043315,1.625324,1.681057,1.603823,1.687250,,,,,,,,not-applicable,,,,,,,,,,,,,,,,,,measured,matched Groth16 curve pilot; no protocol-superiority claim,measurement,true
C2-CONTROLLED-SNARK,controlled-groth16-bls12-381-pilot-v1,5477ab05b549b750fa32dc9a1bc61898f74ebf21,0255a02ac085ff6e3426b4fc0abd92b3f27d476cc272bd1c8ee04140ed316718,controlled_kernel,ark-groth16-0.6.0-bls12-381,default,{},verify_core,64,4,,true,3,1.646017,0.106238,1.626259,1.747298,1.551046,1.760747,,,,,,,,not-applicable,,,,,,,,,,,,,,,,,,measured,matched Groth16 curve pilot; no protocol-superiority claim,measurement,true
C2-CONTROLLED-SNARK,controlled-groth16-bls12-381-pilot-v1,5477ab05b549b750fa32dc9a1bc61898f74ebf21,0255a02ac085ff6e3426b4fc0abd92b3f27d476cc272bd1c8ee04140ed316718,controlled_kernel,ark-groth16-0.6.0-bls12-381,default,{},verify_core,64,4,wrong_public_input,true,3,1.583618,0.050861,1.587114,1.628088,1.531099,1.632641,,,,,,,,not-applicable,,,,,,,,,,,,,,,,,,measured,matched Groth16 curve pilot; no protocol-superiority claim,measurement,true
C2-CONTROLLED-SNARK,controlled-groth16-bls12-381-pilot-v1,5477ab05b549b750fa32dc9a1bc61898f74ebf21,0255a02ac085ff6e3426b4fc0abd92b3f27d476cc272bd1c8ee04140ed316718,controlled_kernel,ark-groth16-0.6.0-bls12-381,default,{},verify_core,256,1,,true,3,1.544083,0.043321,1.527302,1.586687,1.511663,1.593285,,,,,,,,not-applicable,,,,,,,,,,,,,,,,,,measured,matched Groth16 curve pilot; no protocol-superiority claim,measurement,true
C2-CONTROLLED-SNARK,controlled-groth16-bls12-381-pilot-v1,5477ab05b549b750fa32dc9a1bc61898f74ebf21,0255a02ac085ff6e3426b4fc0abd92b3f27d476cc272bd1c8ee04140ed316718,controlled_kernel,ark-groth16-0.6.0-bls12-381,default,{},verify_core,256,1,wrong_public_input,true,3,1.588336,0.114159,1.563860,1.697858,1.488400,1.712747,,,,,,,,not-applicable,,,,,,,,,,,,,,,,,,measured,matched Groth16 curve pilot; no protocol-superiority claim,measurement,true
C2-CONTROLLED-SNARK,controlled-groth16-bls12-381-pilot-v1,5477ab05b549b750fa32dc9a1bc61898f74ebf21,0255a02ac085ff6e3426b4fc0abd92b3f27d476cc272bd1c8ee04140ed316718,controlled_kernel,ark-groth16-0.6.0-bls12-381,default,{},verify_core,256,2,,true,3,1.637766,0.039532,1.647776,1.668975,1.594191,1.671330,,,,,,,,not-applicable,,,,,,,,,,,,,,,,,,measured,matched Groth16 curve pilot; no protocol-superiority claim,measurement,true
C2-CONTROLLED-SNARK,controlled-groth16-bls12-381-pilot-v1,5477ab05b549b750fa32dc9a1bc61898f74ebf21,0255a02ac085ff6e3426b4fc0abd92b3f27d476cc272bd1c8ee04140ed316718,controlled_kernel,ark-groth16-0.6.0-bls12-381,default,{},verify_core,256,4,,true,3,1.665207,0.095930,1.692923,1.739097,1.558470,1.744228,,,,,,,,not-applicable,,,,,,,,,,,,,,,,,,measured,matched Groth16 curve pilot; no protocol-superiority claim,measurement,true
C2-CONTROLLED-SNARK,controlled-groth16-bls12-381-pilot-v1,5477ab05b549b750fa32dc9a1bc61898f74ebf21,0255a02ac085ff6e3426b4fc0abd92b3f27d476cc272bd1c8ee04140ed316718,controlled_kernel,ark-groth16-0.6.0-bls12-381,default,{},verify_core,256,4,wrong_public_input,true,3,1.738405,0.247766,1.667844,1.979202,1.533573,2.013797,,,,,,,,not-applicable,,,,,,,,,,,,,,,,,,measured,matched Groth16 curve pilot; no protocol-superiority claim,measurement,true
C2-CONTROLLED-SNARK,controlled-groth16-bls12-381-pilot-v1,5477ab05b549b750fa32dc9a1bc61898f74ebf21,0255a02ac085ff6e3426b4fc0abd92b3f27d476cc272bd1c8ee04140ed316718,controlled_kernel,ark-groth16-0.6.0-bls12-381,default,{},verify_core,1024,1,,true,3,1.641882,0.049336,1.646665,1.684453,1.590329,1.688652,,,,,,,,not-applicable,,,,,,,,,,,,,,,,,,measured,matched Groth16 curve pilot; no protocol-superiority claim,measurement,true
C2-CONTROLLED-SNARK,controlled-groth16-bls12-381-pilot-v1,5477ab05b549b750fa32dc9a1bc61898f74ebf21,0255a02ac085ff6e3426b4fc0abd92b3f27d476cc272bd1c8ee04140ed316718,controlled_kernel,ark-groth16-0.6.0-bls12-381,default,{},verify_core,1024,2,,true,3,1.621951,0.117863,1.554963,1.737734,1.552849,1.758042,,,,,,,,not-applicable,,,,,,,,,,,,,,,,,,measured,matched Groth16 curve pilot; no protocol-superiority claim,measurement,true
C2-CONTROLLED-SNARK,controlled-groth16-bls12-381-pilot-v1,5477ab05b549b750fa32dc9a1bc61898f74ebf21,0255a02ac085ff6e3426b4fc0abd92b3f27d476cc272bd1c8ee04140ed316718,controlled_kernel,ark-groth16-0.6.0-bls12-381,default,{},verify_core,1024,4,,true,3,1.614865,0.048251,1.590389,1.662443,1.583757,1.670449,,,,,,,,not-applicable,,,,,,,,,,,,,,,,,,measured,matched Groth16 curve pilot; no protocol-superiority claim,measurement,true
C2-CONTROLLED-SNARK,controlled-groth16-bls12-381-pilot-v1,5477ab05b549b750fa32dc9a1bc61898f74ebf21,0255a02ac085ff6e3426b4fc0abd92b3f27d476cc272bd1c8ee04140ed316718,controlled_kernel,ark-groth16-0.6.0-bls12-381,default,{},verify_total,16,1,,true,3,2.024410,0.110966,2.082495,2.093099,1.896459,2.094277,,,,,,,,not-applicable,,,,,,,,,,,,,,,,,,measured,matched Groth16 curve pilot; no protocol-superiority claim,measurement,true
C2-CONTROLLED-SNARK,controlled-groth16-bls12-381-pilot-v1,5477ab05b549b750fa32dc9a1bc61898f74ebf21,0255a02ac085ff6e3426b4fc0abd92b3f27d476cc272bd1c8ee04140ed316718,controlled_kernel,ark-groth16-0.6.0-bls12-381,default,{},verify_total,16,1,wrong_public_input,true,3,1.903222,0.046767,1.892442,1.948237,1.862786,1.954437,,,,,,,,not-applicable,,,,,,,,,,,,,,,,,,measured,matched Groth16 curve pilot; no protocol-superiority claim,measurement,true
C2-CONTROLLED-SNARK,controlled-groth16-bls12-381-pilot-v1,5477ab05b549b750fa32dc9a1bc61898f74ebf21,0255a02ac085ff6e3426b4fc0abd92b3f27d476cc272bd1c8ee04140ed316718,controlled_kernel,ark-groth16-0.6.0-bls12-381,default,{},verify_total,16,2,,true,3,2.066792,0.385116,1.862065,2.446135,1.827280,2.511032,,,,,,,,not-applicable,,,,,,,,,,,,,,,,,,measured,matched Groth16 curve pilot; no protocol-superiority claim,measurement,true
C2-CONTROLLED-SNARK,controlled-groth16-bls12-381-pilot-v1,5477ab05b549b750fa32dc9a1bc61898f74ebf21,0255a02ac085ff6e3426b4fc0abd92b3f27d476cc272bd1c8ee04140ed316718,controlled_kernel,ark-groth16-0.6.0-bls12-381,default,{},verify_total,16,4,,true,3,2.134044,0.133205,2.122559,2.257614,2.006954,2.272620,,,,,,,,not-applicable,,,,,,,,,,,,,,,,,,measured,matched Groth16 curve pilot; no protocol-superiority claim,measurement,true
C2-CONTROLLED-SNARK,controlled-groth16-bls12-381-pilot-v1,5477ab05b549b750fa32dc9a1bc61898f74ebf21,0255a02ac085ff6e3426b4fc0abd92b3f27d476cc272bd1c8ee04140ed316718,controlled_kernel,ark-groth16-0.6.0-bls12-381,default,{},verify_total,16,4,wrong_public_input,true,3,2.221650,0.339581,2.139905,2.549168,1.930402,2.594642,,,,,,,,not-applicable,,,,,,,,,,,,,,,,,,measured,matched Groth16 curve pilot; no protocol-superiority claim,measurement,true
C2-CONTROLLED-SNARK,controlled-groth16-bls12-381-pilot-v1,5477ab05b549b750fa32dc9a1bc61898f74ebf21,0255a02ac085ff6e3426b4fc0abd92b3f27d476cc272bd1c8ee04140ed316718,controlled_kernel,ark-groth16-0.6.0-bls12-381,default,{},verify_total,64,1,,true,3,1.961861,0.107674,1.902461,2.067783,1.896970,2.086152,,,,,,,,not-applicable,,,,,,,,,,,,,,,,,,measured,matched Groth16 curve pilot; no protocol-superiority claim,measurement,true
C2-CONTROLLED-SNARK,controlled-groth16-bls12-381-pilot-v1,5477ab05b549b750fa32dc9a1bc61898f74ebf21,0255a02ac085ff6e3426b4fc0abd92b3f27d476cc272bd1c8ee04140ed316718,controlled_kernel,ark-groth16-0.6.0-bls12-381,default,{},verify_total,64,1,wrong_public_input,true,3,1.967611,0.055452,1.952693,2.021366,1.921145,2.028996,,,,,,,,not-applicable,,,,,,,,,,,,,,,,,,measured,matched Groth16 curve pilot; no protocol-superiority claim,measurement,true
C2-CONTROLLED-SNARK,controlled-groth16-bls12-381-pilot-v1,5477ab05b549b750fa32dc9a1bc61898f74ebf21,0255a02ac085ff6e3426b4fc0abd92b3f27d476cc272bd1c8ee04140ed316718,controlled_kernel,ark-groth16-0.6.0-bls12-381,default,{},verify_total,64,2,,true,3,2.010961,0.080094,1.974855,2.089963,1.955276,2.102753,,,,,,,,not-applicable,,,,,,,,,,,,,,,,,,measured,matched Groth16 curve pilot; no protocol-superiority claim,measurement,true
C2-CONTROLLED-SNARK,controlled-groth16-bls12-381-pilot-v1,5477ab05b549b750fa32dc9a1bc61898f74ebf21,0255a02ac085ff6e3426b4fc0abd92b3f27d476cc272bd1c8ee04140ed316718,controlled_kernel,ark-groth16-0.6.0-bls12-381,default,{},verify_total,64,4,,true,3,1.993322,0.132698,1.957365,2.122000,1.882308,2.140293,,,,,,,,not-applicable,,,,,,,,,,,,,,,,,,measured,matched Groth16 curve pilot; no protocol-superiority claim,measurement,true
C2-CONTROLLED-SNARK,controlled-groth16-bls12-381-pilot-v1,5477ab05b549b750fa32dc9a1bc61898f74ebf21,0255a02ac085ff6e3426b4fc0abd92b3f27d476cc272bd1c8ee04140ed316718,controlled_kernel,ark-groth16-0.6.0-bls12-381,default,{},verify_total,64,4,wrong_public_input,true,3,1.935086,0.025998,1.936476,1.957973,1.908421,1.960361,,,,,,,,not-applicable,,,,,,,,,,,,,,,,,,measured,matched Groth16 curve pilot; no protocol-superiority claim,measurement,true
C2-CONTROLLED-SNARK,controlled-groth16-bls12-381-pilot-v1,5477ab05b549b750fa32dc9a1bc61898f74ebf21,0255a02ac085ff6e3426b4fc0abd92b3f27d476cc272bd1c8ee04140ed316718,controlled_kernel,ark-groth16-0.6.0-bls12-381,default,{},verify_total,256,1,,true,3,1.894148,0.098529,1.852427,1.991249,1.823343,2.006674,,,,,,,,not-applicable,,,,,,,,,,,,,,,,,,measured,matched Groth16 curve pilot; no protocol-superiority claim,measurement,true
C2-CONTROLLED-SNARK,controlled-groth16-bls12-381-pilot-v1,5477ab05b549b750fa32dc9a1bc61898f74ebf21,0255a02ac085ff6e3426b4fc0abd92b3f27d476cc272bd1c8ee04140ed316718,controlled_kernel,ark-groth16-0.6.0-bls12-381,default,{},verify_total,256,1,wrong_public_input,true,3,1.935208,0.149304,1.890789,2.080592,1.813154,2.101681,,,,,,,,not-applicable,,,,,,,,,,,,,,,,,,measured,matched Groth16 curve pilot; no protocol-superiority claim,measurement,true
C2-CONTROLLED-SNARK,controlled-groth16-bls12-381-pilot-v1,5477ab05b549b750fa32dc9a1bc61898f74ebf21,0255a02ac085ff6e3426b4fc0abd92b3f27d476cc272bd1c8ee04140ed316718,controlled_kernel,ark-groth16-0.6.0-bls12-381,default,{},verify_total,256,2,,true,3,1.988308,0.042725,1.994461,2.024307,1.942840,2.027623,,,,,,,,not-applicable,,,,,,,,,,,,,,,,,,measured,matched Groth16 curve pilot; no protocol-superiority claim,measurement,true
C2-CONTROLLED-SNARK,controlled-groth16-bls12-381-pilot-v1,5477ab05b549b750fa32dc9a1bc61898f74ebf21,0255a02ac085ff6e3426b4fc0abd92b3f27d476cc272bd1c8ee04140ed316718,controlled_kernel,ark-groth16-0.6.0-bls12-381,default,{},verify_total,256,4,,true,3,2.090522,0.208884,2.071587,2.284564,1.891750,2.308228,,,,,,,,not-applicable,,,,,,,,,,,,,,,,,,measured,matched Groth16 curve pilot; no protocol-superiority claim,measurement,true
C2-CONTROLLED-SNARK,controlled-groth16-bls12-381-pilot-v1,5477ab05b549b750fa32dc9a1bc61898f74ebf21,0255a02ac085ff6e3426b4fc0abd92b3f27d476cc272bd1c8ee04140ed316718,controlled_kernel,ark-groth16-0.6.0-bls12-381,default,{},verify_total,256,4,wrong_public_input,true,3,2.148131,0.227172,2.065955,2.371056,1.973482,2.404956,,,,,,,,not-applicable,,,,,,,,,,,,,,,,,,measured,matched Groth16 curve pilot; no protocol-superiority claim,measurement,true
C2-CONTROLLED-SNARK,controlled-groth16-bls12-381-pilot-v1,5477ab05b549b750fa32dc9a1bc61898f74ebf21,0255a02ac085ff6e3426b4fc0abd92b3f27d476cc272bd1c8ee04140ed316718,controlled_kernel,ark-groth16-0.6.0-bls12-381,default,{},verify_total,1024,1,,true,3,2.032489,0.084488,2.079129,2.082952,1.934961,2.083377,,,,,,,,not-applicable,,,,,,,,,,,,,,,,,,measured,matched Groth16 curve pilot; no protocol-superiority claim,measurement,true
C2-CONTROLLED-SNARK,controlled-groth16-bls12-381-pilot-v1,5477ab05b549b750fa32dc9a1bc61898f74ebf21,0255a02ac085ff6e3426b4fc0abd92b3f27d476cc272bd1c8ee04140ed316718,controlled_kernel,ark-groth16-0.6.0-bls12-381,default,{},verify_total,1024,2,,true,3,1.979467,0.156887,1.902861,2.134231,1.875600,2.159939,,,,,,,,not-applicable,,,,,,,,,,,,,,,,,,measured,matched Groth16 curve pilot; no protocol-superiority claim,measurement,true
C2-CONTROLLED-SNARK,controlled-groth16-bls12-381-pilot-v1,5477ab05b549b750fa32dc9a1bc61898f74ebf21,0255a02ac085ff6e3426b4fc0abd92b3f27d476cc272bd1c8ee04140ed316718,controlled_kernel,ark-groth16-0.6.0-bls12-381,default,{},verify_total,1024,4,,true,3,1.953408,0.047227,1.942574,1.998857,1.912539,2.005111,,,,,,,,not-applicable,,,,,,,,,,,,,,,,,,measured,matched Groth16 curve pilot; no protocol-superiority claim,measurement,true
C2-CONTROLLED-SNARK,controlled-groth16-bls12-381-pilot-v1,5477ab05b549b750fa32dc9a1bc61898f74ebf21,0255a02ac085ff6e3426b4fc0abd92b3f27d476cc272bd1c8ee04140ed316718,controlled_kernel,ark-groth16-0.6.0-bls12-381,default,{},witness,16,1,,true,3,2.603849,2.022218,3.472462,3.989222,0.292444,4.046640,,,,,,,,not-applicable,,,,,,,,,,,,,,,,,,measured,matched Groth16 curve pilot; no protocol-superiority claim,measurement,true
C2-CONTROLLED-SNARK,controlled-groth16-bls12-381-pilot-v1,5477ab05b549b750fa32dc9a1bc61898f74ebf21,0255a02ac085ff6e3426b4fc0abd92b3f27d476cc272bd1c8ee04140ed316718,controlled_kernel,ark-groth16-0.6.0-bls12-381,default,{},witness,16,1,wrong_public_input,true,3,1.310636,1.770493,0.313453,3.050686,0.263631,3.354823,,,,,,,,not-applicable,,,,,,,,,,,,,,,,,,measured,matched Groth16 curve pilot; no protocol-superiority claim,measurement,true
C2-CONTROLLED-SNARK,controlled-groth16-bls12-381-pilot-v1,5477ab05b549b750fa32dc9a1bc61898f74ebf21,0255a02ac085ff6e3426b4fc0abd92b3f27d476cc272bd1c8ee04140ed316718,controlled_kernel,ark-groth16-0.6.0-bls12-381,default,{},witness,16,2,,true,3,3.397815,0.099595,3.381523,3.492249,3.307370,3.504552,,,,,,,,not-applicable,,,,,,,,,,,,,,,,,,measured,matched Groth16 curve pilot; no protocol-superiority claim,measurement,true
C2-CONTROLLED-SNARK,controlled-groth16-bls12-381-pilot-v1,5477ab05b549b750fa32dc9a1bc61898f74ebf21,0255a02ac085ff6e3426b4fc0abd92b3f27d476cc272bd1c8ee04140ed316718,controlled_kernel,ark-groth16-0.6.0-bls12-381,default,{},witness,16,4,,true,3,4.043248,0.247488,4.157728,4.207266,3.759245,4.212770,,,,,,,,not-applicable,,,,,,,,,,,,,,,,,,measured,matched Groth16 curve pilot; no protocol-superiority claim,measurement,true
C2-CONTROLLED-SNARK,controlled-groth16-bls12-381-pilot-v1,5477ab05b549b750fa32dc9a1bc61898f74ebf21,0255a02ac085ff6e3426b4fc0abd92b3f27d476cc272bd1c8ee04140ed316718,controlled_kernel,ark-groth16-0.6.0-bls12-381,default,{},witness,16,4,wrong_public_input,true,3,2.483612,1.874429,1.476748,4.329350,1.327781,4.646306,,,,,,,,not-applicable,,,,,,,,,,,,,,,,,,measured,matched Groth16 curve pilot; no protocol-superiority claim,measurement,true
C2-CONTROLLED-SNARK,controlled-groth16-bls12-381-pilot-v1,5477ab05b549b750fa32dc9a1bc61898f74ebf21,0255a02ac085ff6e3426b4fc0abd92b3f27d476cc272bd1c8ee04140ed316718,controlled_kernel,ark-groth16-0.6.0-bls12-381,default,{},witness,64,1,,true,3,3.078956,1.975247,4.197611,4.236645,0.798275,4.240982,,,,,,,,not-applicable,,,,,,,,,,,,,,,,,,measured,matched Groth16 curve pilot; no protocol-superiority claim,measurement,true
C2-CONTROLLED-SNARK,controlled-groth16-bls12-381-pilot-v1,5477ab05b549b750fa32dc9a1bc61898f74ebf21,0255a02ac085ff6e3426b4fc0abd92b3f27d476cc272bd1c8ee04140ed316718,controlled_kernel,ark-groth16-0.6.0-bls12-381,default,{},witness,64,1,wrong_public_input,true,3,3.196765,2.381363,4.085338,4.914006,0.498878,5.006080,,,,,,,,not-applicable,,,,,,,,,,,,,,,,,,measured,matched Groth16 curve pilot; no protocol-superiority claim,measurement,true
C2-CONTROLLED-SNARK,controlled-groth16-bls12-381-pilot-v1,5477ab05b549b750fa32dc9a1bc61898f74ebf21,0255a02ac085ff6e3426b4fc0abd92b3f27d476cc272bd1c8ee04140ed316718,controlled_kernel,ark-groth16-0.6.0-bls12-381,default,{},witness,64,2,,true,3,3.709576,1.716927,4.646767,4.743237,1.728006,4.753956,,,,,,,,not-applicable,,,,,,,,,,,,,,,,,,measured,matched Groth16 curve pilot; no protocol-superiority claim,measurement,true
C2-CONTROLLED-SNARK,controlled-groth16-bls12-381-pilot-v1,5477ab05b549b750fa32dc9a1bc61898f74ebf21,0255a02ac085ff6e3426b4fc0abd92b3f27d476cc272bd1c8ee04140ed316718,controlled_kernel,ark-groth16-0.6.0-bls12-381,default,{},witness,64,4,,true,3,6.530857,1.684234,7.296077,7.656570,4.599870,7.696625,,,,,,,,not-applicable,,,,,,,,,,,,,,,,,,measured,matched Groth16 curve pilot; no protocol-superiority claim,measurement,true
C2-CONTROLLED-SNARK,controlled-groth16-bls12-381-pilot-v1,5477ab05b549b750fa32dc9a1bc61898f74ebf21,0255a02ac085ff6e3426b4fc0abd92b3f27d476cc272bd1c8ee04140ed316718,controlled_kernel,ark-groth16-0.6.0-bls12-381,default,{},witness,64,4,wrong_public_input,true,3,5.879018,1.724008,4.892789,7.572012,4.874562,7.869704,,,,,,,,not-applicable,,,,,,,,,,,,,,,,,,measured,matched Groth16 curve pilot; no protocol-superiority claim,measurement,true
C2-CONTROLLED-SNARK,controlled-groth16-bls12-381-pilot-v1,5477ab05b549b750fa32dc9a1bc61898f74ebf21,0255a02ac085ff6e3426b4fc0abd92b3f27d476cc272bd1c8ee04140ed316718,controlled_kernel,ark-groth16-0.6.0-bls12-381,default,{},witness,256,1,,true,3,2.082078,0.294819,2.011925,2.366274,1.828663,2.405646,,,,,,,,not-applicable,,,,,,,,,,,,,,,,,,measured,matched Groth16 curve pilot; no protocol-superiority claim,measurement,true
C2-CONTROLLED-SNARK,controlled-groth16-bls12-381-pilot-v1,5477ab05b549b750fa32dc9a1bc61898f74ebf21,0255a02ac085ff6e3426b4fc0abd92b3f27d476cc272bd1c8ee04140ed316718,controlled_kernel,ark-groth16-0.6.0-bls12-381,default,{},witness,256,1,wrong_public_input,true,3,4.642150,1.781523,5.193945,5.993635,2.650017,6.082489,,,,,,,,not-applicable,,,,,,,,,,,,,,,,,,measured,matched Groth16 curve pilot; no protocol-superiority claim,measurement,true
C2-CONTROLLED-SNARK,controlled-groth16-bls12-381-pilot-v1,5477ab05b549b750fa32dc9a1bc61898f74ebf21,0255a02ac085ff6e3426b4fc0abd92b3f27d476cc272bd1c8ee04140ed316718,controlled_kernel,ark-groth16-0.6.0-bls12-381,default,{},witness,256,2,,true,3,10.068937,0.477252,10.247599,10.412733,9.528131,10.431081,,,,,,,,not-applicable,,,,,,,,,,,,,,,,,,measured,matched Groth16 curve pilot; no protocol-superiority claim,measurement,true
C2-CONTROLLED-SNARK,controlled-groth16-bls12-381-pilot-v1,5477ab05b549b750fa32dc9a1bc61898f74ebf21,0255a02ac085ff6e3426b4fc0abd92b3f27d476cc272bd1c8ee04140ed316718,controlled_kernel,ark-groth16-0.6.0-bls12-381,default,{},witness,256,4,,true,3,19.175693,2.413359,17.823026,21.548110,17.742046,21.962008,,,,,,,,not-applicable,,,,,,,,,,,,,,,,,,measured,matched Groth16 curve pilot; no protocol-superiority claim,measurement,true
C2-CONTROLLED-SNARK,controlled-groth16-bls12-381-pilot-v1,5477ab05b549b750fa32dc9a1bc61898f74ebf21,0255a02ac085ff6e3426b4fc0abd92b3f27d476cc272bd1c8ee04140ed316718,controlled_kernel,ark-groth16-0.6.0-bls12-381,default,{},witness,256,4,wrong_public_input,true,3,20.151627,1.390992,20.604989,21.193938,18.590515,21.259377,,,,,,,,not-applicable,,,,,,,,,,,,,,,,,,measured,matched Groth16 curve pilot; no protocol-superiority claim,measurement,true
C2-CONTROLLED-SNARK,controlled-groth16-bls12-381-pilot-v1,5477ab05b549b750fa32dc9a1bc61898f74ebf21,0255a02ac085ff6e3426b4fc0abd92b3f27d476cc272bd1c8ee04140ed316718,controlled_kernel,ark-groth16-0.6.0-bls12-381,default,{},witness,1024,1,,true,3,12.203713,2.419745,11.411355,14.569405,10.279484,14.920300,,,,,,,,not-applicable,,,,,,,,,,,,,,,,,,measured,matched Groth16 curve pilot; no protocol-superiority claim,measurement,true
C2-CONTROLLED-SNARK,controlled-groth16-bls12-381-pilot-v1,5477ab05b549b750fa32dc9a1bc61898f74ebf21,0255a02ac085ff6e3426b4fc0abd92b3f27d476cc272bd1c8ee04140ed316718,controlled_kernel,ark-groth16-0.6.0-bls12-381,default,{},witness,1024,2,,true,3,27.531309,4.051349,27.821542,31.068917,23.342647,31.429737,,,,,,,,not-applicable,,,,,,,,,,,,,,,,,,measured,matched Groth16 curve pilot; no protocol-superiority claim,measurement,true
C2-CONTROLLED-SNARK,controlled-groth16-bls12-381-pilot-v1,5477ab05b549b750fa32dc9a1bc61898f74ebf21,0255a02ac085ff6e3426b4fc0abd92b3f27d476cc272bd1c8ee04140ed316718,controlled_kernel,ark-groth16-0.6.0-bls12-381,default,{},witness,1024,4,,true,3,73.087767,1.855495,72.170280,74.917972,71.869750,75.223271,,,,,,,,not-applicable,,,,,,,,,,,,,,,,,,measured,matched Groth16 curve pilot; no protocol-superiority claim,measurement,true
