curve,operation,size,repetition,threads,execution_mode,elapsed_ns,operations
BN254,field_add,2,0,8,parallel,1560614,16
BN254,field_add,2,1,8,parallel,500441,16
BN254,field_add,2,2,8,parallel,406241,16
BN254,field_add,2,3,8,parallel,454466,16
BN254,field_add,2,4,8,parallel,531409,16
BN254,field_add,2,5,8,parallel,352441,16
BN254,field_add,2,6,8,parallel,759073,16
BN254,field_add,2,7,8,parallel,578067,16
BN254,field_add,2,8,8,parallel,515109,16
BN254,field_add,2,9,8,parallel,534484,16
BN254,field_add,4,0,8,parallel,517120,32
BN254,field_add,4,1,8,parallel,578644,32
BN254,field_add,4,2,8,parallel,446346,32
BN254,field_add,4,3,8,parallel,505622,32
BN254,field_add,4,4,8,parallel,467621,32
BN254,field_add,4,5,8,parallel,408119,32
BN254,field_add,4,6,8,parallel,555314,32
BN254,field_add,4,7,8,parallel,467606,32
BN254,field_add,4,8,8,parallel,536879,32
BN254,field_add,4,9,8,parallel,410509,32
BN254,field_add,8,0,8,parallel,477448,64
BN254,field_add,8,1,8,parallel,432434,64
BN254,field_add,8,2,8,parallel,439618,64
BN254,field_add,8,3,8,parallel,441865,64
BN254,field_add,8,4,8,parallel,397965,64
BN254,field_add,8,5,8,parallel,417702,64
BN254,field_add,8,6,8,parallel,547679,64
BN254,field_add,8,7,8,parallel,435099,64
BN254,field_add,8,8,8,parallel,502052,64
BN254,field_add,8,9,8,parallel,429764,64
BN254,field_add,16,0,8,parallel,501449,128
BN254,field_add,16,1,8,parallel,582875,128
BN254,field_add,16,2,8,parallel,564671,128
BN254,field_add,16,3,8,parallel,462353,128
BN254,field_add,16,4,8,parallel,456149,128
BN254,field_add,16,5,8,parallel,471152,128
BN254,field_add,16,6,8,parallel,671575,128
BN254,field_add,16,7,8,parallel,763385,128
BN254,field_add,16,8,8,parallel,642518,128
BN254,field_add,16,9,8,parallel,488705,128
BN254,field_add,32,0,8,parallel,481089,256
BN254,field_add,32,1,8,parallel,435690,256
BN254,field_add,32,2,8,parallel,288454,256
BN254,field_add,32,3,8,parallel,515915,256
BN254,field_add,32,4,8,parallel,780031,256
BN254,field_add,32,5,8,parallel,624964,256
BN254,field_add,32,6,8,parallel,619723,256
BN254,field_add,32,7,8,parallel,531168,256
BN254,field_add,32,8,8,parallel,255766,256
BN254,field_add,32,9,8,parallel,573768,256
BN254,field_add,64,0,8,parallel,461929,512
BN254,field_add,64,1,8,parallel,648361,512
BN254,field_add,64,2,8,parallel,589727,512
BN254,field_add,64,3,8,parallel,485494,512
BN254,field_add,64,4,8,parallel,562472,512
BN254,field_add,64,5,8,parallel,637253,512
BN254,field_add,64,6,8,parallel,606118,512
BN254,field_add,64,7,8,parallel,531098,512
BN254,field_add,64,8,8,parallel,316129,512
BN254,field_add,64,9,8,parallel,617990,512
BN254,field_add,128,0,8,parallel,533217,1024
BN254,field_add,128,1,8,parallel,602992,1024
BN254,field_add,128,2,8,parallel,458970,1024
BN254,field_add,128,3,8,parallel,523867,1024
BN254,field_add,128,4,8,parallel,707830,1024
BN254,field_add,128,5,8,parallel,543777,1024
BN254,field_add,128,6,8,parallel,496755,1024
BN254,field_add,128,7,8,parallel,701376,1024
BN254,field_add,128,8,8,parallel,503016,1024
BN254,field_add,128,9,8,parallel,436908,1024
BN254,field_add,256,0,8,parallel,771986,2048
BN254,field_add,256,1,8,parallel,629882,2048
BN254,field_add,256,2,8,parallel,620182,2048
BN254,field_add,256,3,8,parallel,651846,2048
BN254,field_add,256,4,8,parallel,410990,2048
BN254,field_add,256,5,8,parallel,672962,2048
BN254,field_add,256,6,8,parallel,390717,2048
BN254,field_add,256,7,8,parallel,558098,2048
BN254,field_add,256,8,8,parallel,489491,2048
BN254,field_add,256,9,8,parallel,562156,2048
BN254,field_add,512,0,8,parallel,467740,4096
BN254,field_add,512,1,8,parallel,508627,4096
BN254,field_add,512,2,8,parallel,493379,4096
BN254,field_add,512,3,8,parallel,316409,4096
BN254,field_add,512,4,8,parallel,589988,4096
BN254,field_add,512,5,8,parallel,656111,4096
BN254,field_add,512,6,8,parallel,581104,4096
BN254,field_add,512,7,8,parallel,635728,4096
BN254,field_add,512,8,8,parallel,382421,4096
BN254,field_add,512,9,8,parallel,629210,4096
BN254,field_mul,2,0,8,parallel,581502,16
BN254,field_mul,2,1,8,parallel,497336,16
BN254,field_mul,2,2,8,parallel,521210,16
BN254,field_mul,2,3,8,parallel,529646,16
BN254,field_mul,2,4,8,parallel,514861,16
BN254,field_mul,2,5,8,parallel,492626,16
BN254,field_mul,2,6,8,parallel,688832,16
BN254,field_mul,2,7,8,parallel,432244,16
BN254,field_mul,2,8,8,parallel,433677,16
BN254,field_mul,2,9,8,parallel,513042,16
BN254,field_mul,4,0,8,parallel,509288,32
BN254,field_mul,4,1,8,parallel,528323,32
BN254,field_mul,4,2,8,parallel,441091,32
BN254,field_mul,4,3,8,parallel,641324,32
BN254,field_mul,4,4,8,parallel,547493,32
BN254,field_mul,4,5,8,parallel,549462,32
BN254,field_mul,4,6,8,parallel,615215,32
BN254,field_mul,4,7,8,parallel,445895,32
BN254,field_mul,4,8,8,parallel,490733,32
BN254,field_mul,4,9,8,parallel,389335,32
BN254,field_mul,8,0,8,parallel,486265,64
BN254,field_mul,8,1,8,parallel,713203,64
BN254,field_mul,8,2,8,parallel,493568,64
BN254,field_mul,8,3,8,parallel,459314,64
BN254,field_mul,8,4,8,parallel,335199,64
BN254,field_mul,8,5,8,parallel,584127,64
BN254,field_mul,8,6,8,parallel,509588,64
BN254,field_mul,8,7,8,parallel,630338,64
BN254,field_mul,8,8,8,parallel,477860,64
BN254,field_mul,8,9,8,parallel,543852,64
BN254,field_mul,16,0,8,parallel,587794,128
BN254,field_mul,16,1,8,parallel,608092,128
BN254,field_mul,16,2,8,parallel,537330,128
BN254,field_mul,16,3,8,parallel,598674,128
BN254,field_mul,16,4,8,parallel,562817,128
BN254,field_mul,16,5,8,parallel,657102,128
BN254,field_mul,16,6,8,parallel,333581,128
BN254,field_mul,16,7,8,parallel,514627,128
BN254,field_mul,16,8,8,parallel,580571,128
BN254,field_mul,16,9,8,parallel,806350,128
BN254,field_mul,32,0,8,parallel,543601,256
BN254,field_mul,32,1,8,parallel,683704,256
BN254,field_mul,32,2,8,parallel,467890,256
BN254,field_mul,32,3,8,parallel,525848,256
BN254,field_mul,32,4,8,parallel,713959,256
BN254,field_mul,32,5,8,parallel,691648,256
BN254,field_mul,32,6,8,parallel,624948,256
BN254,field_mul,32,7,8,parallel,474162,256
BN254,field_mul,32,8,8,parallel,634337,256
BN254,field_mul,32,9,8,parallel,509138,256
BN254,field_mul,64,0,8,parallel,554112,512
BN254,field_mul,64,1,8,parallel,624342,512
BN254,field_mul,64,2,8,parallel,607350,512
BN254,field_mul,64,3,8,parallel,403011,512
BN254,field_mul,64,4,8,parallel,528774,512
BN254,field_mul,64,5,8,parallel,529250,512
BN254,field_mul,64,6,8,parallel,502916,512
BN254,field_mul,64,7,8,parallel,628680,512
BN254,field_mul,64,8,8,parallel,593444,512
BN254,field_mul,64,9,8,parallel,530186,512
BN254,field_mul,128,0,8,parallel,409071,1024
BN254,field_mul,128,1,8,parallel,550174,1024
BN254,field_mul,128,2,8,parallel,804678,1024
BN254,field_mul,128,3,8,parallel,583135,1024
BN254,field_mul,128,4,8,parallel,648672,1024
BN254,field_mul,128,5,8,parallel,627909,1024
BN254,field_mul,128,6,8,parallel,842778,1024
BN254,field_mul,128,7,8,parallel,700624,1024
BN254,field_mul,128,8,8,parallel,414917,1024
BN254,field_mul,128,9,8,parallel,544233,1024
BN254,field_mul,256,0,8,parallel,627729,2048
BN254,field_mul,256,1,8,parallel,574249,2048
BN254,field_mul,256,2,8,parallel,667162,2048
BN254,field_mul,256,3,8,parallel,739884,2048
BN254,field_mul,256,4,8,parallel,399864,2048
BN254,field_mul,256,5,8,parallel,655189,2048
BN254,field_mul,256,6,8,parallel,743881,2048
BN254,field_mul,256,7,8,parallel,380318,2048
BN254,field_mul,256,8,8,parallel,573998,2048
BN254,field_mul,256,9,8,parallel,654453,2048
BN254,field_mul,512,0,8,parallel,646871,4096
BN254,field_mul,512,1,8,parallel,685300,4096
BN254,field_mul,512,2,8,parallel,714184,4096
BN254,field_mul,512,3,8,parallel,576002,4096
BN254,field_mul,512,4,8,parallel,612199,4096
BN254,field_mul,512,5,8,parallel,662222,4096
BN254,field_mul,512,6,8,parallel,593460,4096
BN254,field_mul,512,7,8,parallel,687039,4096
BN254,field_mul,512,8,8,parallel,740418,4096
BN254,field_mul,512,9,8,parallel,660942,4096
BN254,field_inv,2,0,8,parallel,659991,16
BN254,field_inv,2,1,8,parallel,714069,16
BN254,field_inv,2,2,8,parallel,708979,16
BN254,field_inv,2,3,8,parallel,572435,16
BN254,field_inv,2,4,8,parallel,657904,16
BN254,field_inv,2,5,8,parallel,779280,16
BN254,field_inv,2,6,8,parallel,613892,16
BN254,field_inv,2,7,8,parallel,909302,16
BN254,field_inv,2,8,8,parallel,746058,16
BN254,field_inv,2,9,8,parallel,559532,16
BN254,field_inv,4,0,8,parallel,670849,32
BN254,field_inv,4,1,8,parallel,637205,32
BN254,field_inv,4,2,8,parallel,497486,32
BN254,field_inv,4,3,8,parallel,666540,32
BN254,field_inv,4,4,8,parallel,659019,32
BN254,field_inv,4,5,8,parallel,592272,32
BN254,field_inv,4,6,8,parallel,649233,32
BN254,field_inv,4,7,8,parallel,629261,32
BN254,field_inv,4,8,8,parallel,537952,32
BN254,field_inv,4,9,8,parallel,508018,32
BN254,field_inv,8,0,8,parallel,562661,64
BN254,field_inv,8,1,8,parallel,701636,64
BN254,field_inv,8,2,8,parallel,618962,64
BN254,field_inv,8,3,8,parallel,514768,64
BN254,field_inv,8,4,8,parallel,694642,64
BN254,field_inv,8,5,8,parallel,817859,64
BN254,field_inv,8,6,8,parallel,593023,64
BN254,field_inv,8,7,8,parallel,393753,64
BN254,field_inv,8,8,8,parallel,683031,64
BN254,field_inv,8,9,8,parallel,615516,64
BN254,field_inv,16,0,8,parallel,601129,128
BN254,field_inv,16,1,8,parallel,759764,128
BN254,field_inv,16,2,8,parallel,706456,128
BN254,field_inv,16,3,8,parallel,555754,128
BN254,field_inv,16,4,8,parallel,712225,128
BN254,field_inv,16,5,8,parallel,674933,128
BN254,field_inv,16,6,8,parallel,731767,128
BN254,field_inv,16,7,8,parallel,576072,128
BN254,field_inv,16,8,8,parallel,878996,128
BN254,field_inv,16,9,8,parallel,670587,128
BN254,field_inv,32,0,8,parallel,704120,256
BN254,field_inv,32,1,8,parallel,793747,256
BN254,field_inv,32,2,8,parallel,708394,256
BN254,field_inv,32,3,8,parallel,704817,256
BN254,field_inv,32,4,8,parallel,796815,256
BN254,field_inv,32,5,8,parallel,619182,256
BN254,field_inv,32,6,8,parallel,623751,256
BN254,field_inv,32,7,8,parallel,606669,256
BN254,field_inv,32,8,8,parallel,590155,256
BN254,field_inv,32,9,8,parallel,666009,256
BN254,field_inv,64,0,8,parallel,846556,512
BN254,field_inv,64,1,8,parallel,673032,512
BN254,field_inv,64,2,8,parallel,758702,512
BN254,field_inv,64,3,8,parallel,767859,512
BN254,field_inv,64,4,8,parallel,525708,512
BN254,field_inv,64,5,8,parallel,782957,512
BN254,field_inv,64,6,8,parallel,848384,512
BN254,field_inv,64,7,8,parallel,675677,512
BN254,field_inv,64,8,8,parallel,743725,512
BN254,field_inv,64,9,8,parallel,820567,512
BN254,field_inv,128,0,8,parallel,987458,1024
BN254,field_inv,128,1,8,parallel,945379,1024
BN254,field_inv,128,2,8,parallel,782356,1024
BN254,field_inv,128,3,8,parallel,1018615,1024
BN254,field_inv,128,4,8,parallel,809146,1024
BN254,field_inv,128,5,8,parallel,994982,1024
BN254,field_inv,128,6,8,parallel,945860,1024
BN254,field_inv,128,7,8,parallel,681849,1024
BN254,field_inv,128,8,8,parallel,930381,1024
BN254,field_inv,128,9,8,parallel,932044,1024
BN254,field_inv,256,0,8,parallel,1172993,2048
BN254,field_inv,256,1,8,parallel,1073277,2048
BN254,field_inv,256,2,8,parallel,1519939,2048
BN254,field_inv,256,3,8,parallel,1222796,2048
BN254,field_inv,256,4,8,parallel,1377774,2048
BN254,field_inv,256,5,8,parallel,1416846,2048
BN254,field_inv,256,6,8,parallel,1260992,2048
BN254,field_inv,256,7,8,parallel,1414051,2048
BN254,field_inv,256,8,8,parallel,1077836,2048
BN254,field_inv,256,9,8,parallel,1367450,2048
BN254,field_inv,512,0,8,parallel,1668760,4096
BN254,field_inv,512,1,8,parallel,2415565,4096
BN254,field_inv,512,2,8,parallel,2237844,4096
BN254,field_inv,512,3,8,parallel,1851094,4096
BN254,field_inv,512,4,8,parallel,1783862,4096
BN254,field_inv,512,5,8,parallel,1702078,4096
BN254,field_inv,512,6,8,parallel,1965848,4096
BN254,field_inv,512,7,8,parallel,2377985,4096
BN254,field_inv,512,8,8,parallel,2530083,4096
BN254,field_inv,512,9,8,parallel,1782447,4096
BLS12-377,field_add,2,0,8,parallel,541448,16
BLS12-377,field_add,2,1,8,parallel,426014,16
BLS12-377,field_add,2,2,8,parallel,440971,16
BLS12-377,field_add,2,3,8,parallel,423764,16
BLS12-377,field_add,2,4,8,parallel,387421,16
BLS12-377,field_add,2,5,8,parallel,346034,16
BLS12-377,field_add,2,6,8,parallel,479422,16
BLS12-377,field_add,2,7,8,parallel,549635,16
BLS12-377,field_add,2,8,8,parallel,435075,16
BLS12-377,field_add,2,9,8,parallel,346966,16
BLS12-377,field_add,4,0,8,parallel,461991,32
BLS12-377,field_add,4,1,8,parallel,368560,32
BLS12-377,field_add,4,2,8,parallel,499410,32
BLS12-377,field_add,4,3,8,parallel,491365,32
BLS12-377,field_add,4,4,8,parallel,445129,32
BLS12-377,field_add,4,5,8,parallel,492998,32
BLS12-377,field_add,4,6,8,parallel,479883,32
BLS12-377,field_add,4,7,8,parallel,473712,32
BLS12-377,field_add,4,8,8,parallel,509193,32
BLS12-377,field_add,4,9,8,parallel,436488,32
BLS12-377,field_add,8,0,8,parallel,430010,64
BLS12-377,field_add,8,1,8,parallel,545485,64
BLS12-377,field_add,8,2,8,parallel,475841,64
BLS12-377,field_add,8,3,8,parallel,430000,64
BLS12-377,field_add,8,4,8,parallel,462119,64
BLS12-377,field_add,8,5,8,parallel,407920,64
BLS12-377,field_add,8,6,8,parallel,422266,64
BLS12-377,field_add,8,7,8,parallel,484980,64
BLS12-377,field_add,8,8,8,parallel,409498,64
BLS12-377,field_add,8,9,8,parallel,381540,64
BLS12-377,field_add,16,0,8,parallel,475916,128
BLS12-377,field_add,16,1,8,parallel,572666,128
BLS12-377,field_add,16,2,8,parallel,390296,128
BLS12-377,field_add,16,3,8,parallel,445139,128
BLS12-377,field_add,16,4,8,parallel,570682,128
BLS12-377,field_add,16,5,8,parallel,244180,128
BLS12-377,field_add,16,6,8,parallel,428167,128
BLS12-377,field_add,16,7,8,parallel,518486,128
BLS12-377,field_add,16,8,8,parallel,546161,128
BLS12-377,field_add,16,9,8,parallel,422627,128
BLS12-377,field_add,32,0,8,parallel,220938,256
BLS12-377,field_add,32,1,8,parallel,546136,256
BLS12-377,field_add,32,2,8,parallel,521291,256
BLS12-377,field_add,32,3,8,parallel,527963,256
BLS12-377,field_add,32,4,8,parallel,579872,256
BLS12-377,field_add,32,5,8,parallel,385027,256
BLS12-377,field_add,32,6,8,parallel,402617,256
BLS12-377,field_add,32,7,8,parallel,511793,256
BLS12-377,field_add,32,8,8,parallel,538026,256
BLS12-377,field_add,32,9,8,parallel,580179,256
BLS12-377,field_add,64,0,8,parallel,472159,512
BLS12-377,field_add,64,1,8,parallel,495760,512
BLS12-377,field_add,64,2,8,parallel,350793,512
BLS12-377,field_add,64,3,8,parallel,467610,512
BLS12-377,field_add,64,4,8,parallel,473140,512
BLS12-377,field_add,64,5,8,parallel,347748,512
BLS12-377,field_add,64,6,8,parallel,505862,512
BLS12-377,field_add,64,7,8,parallel,423062,512
BLS12-377,field_add,64,8,8,parallel,425211,512
BLS12-377,field_add,64,9,8,parallel,515379,512
BLS12-377,field_add,128,0,8,parallel,581349,1024
BLS12-377,field_add,128,1,8,parallel,521040,1024
BLS12-377,field_add,128,2,8,parallel,327647,1024
BLS12-377,field_add,128,3,8,parallel,568433,1024
BLS12-377,field_add,128,4,8,parallel,407112,1024
BLS12-377,field_add,128,5,8,parallel,518064,1024
BLS12-377,field_add,128,6,8,parallel,426987,1024
BLS12-377,field_add,128,7,8,parallel,557447,1024
BLS12-377,field_add,128,8,8,parallel,457271,1024
BLS12-377,field_add,128,9,8,parallel,346234,1024
BLS12-377,field_add,256,0,8,parallel,459144,2048
BLS12-377,field_add,256,1,8,parallel,444895,2048
BLS12-377,field_add,256,2,8,parallel,554603,2048
BLS12-377,field_add,256,3,8,parallel,618509,2048
BLS12-377,field_add,256,4,8,parallel,484031,2048
BLS12-377,field_add,256,5,8,parallel,609214,2048
BLS12-377,field_add,256,6,8,parallel,372072,2048
BLS12-377,field_add,256,7,8,parallel,571009,2048
BLS12-377,field_add,256,8,8,parallel,534359,2048
BLS12-377,field_add,256,9,8,parallel,623588,2048
BLS12-377,field_add,512,0,8,parallel,492918,4096
BLS12-377,field_add,512,1,8,parallel,559281,4096
BLS12-377,field_add,512,2,8,parallel,626766,4096
BLS12-377,field_add,512,3,8,parallel,573908,4096
BLS12-377,field_add,512,4,8,parallel,521050,4096
BLS12-377,field_add,512,5,8,parallel,721608,4096
BLS12-377,field_add,512,6,8,parallel,471247,4096
BLS12-377,field_add,512,7,8,parallel,681028,4096
BLS12-377,field_add,512,8,8,parallel,225605,4096
BLS12-377,field_add,512,9,8,parallel,773738,4096
BLS12-377,field_mul,2,0,8,parallel,333506,16
BLS12-377,field_mul,2,1,8,parallel,423458,16
BLS12-377,field_mul,2,2,8,parallel,402639,16
BLS12-377,field_mul,2,3,8,parallel,425569,16
BLS12-377,field_mul,2,4,8,parallel,469894,16
BLS12-377,field_mul,2,5,8,parallel,447032,16
BLS12-377,field_mul,2,6,8,parallel,487206,16
BLS12-377,field_mul,2,7,8,parallel,416205,16
BLS12-377,field_mul,2,8,8,parallel,474759,16
BLS12-377,field_mul,2,9,8,parallel,675387,16
BLS12-377,field_mul,4,0,8,parallel,1033423,32
BLS12-377,field_mul,4,1,8,parallel,435015,32
BLS12-377,field_mul,4,2,8,parallel,390677,32
BLS12-377,field_mul,4,3,8,parallel,504960,32
BLS12-377,field_mul,4,4,8,parallel,408560,32
BLS12-377,field_mul,4,5,8,parallel,487617,32
BLS12-377,field_mul,4,6,8,parallel,452182,32
BLS12-377,field_mul,4,7,8,parallel,591450,32
BLS12-377,field_mul,4,8,8,parallel,573578,32
BLS12-377,field_mul,4,9,8,parallel,415829,32
BLS12-377,field_mul,8,0,8,parallel,471327,64
BLS12-377,field_mul,8,1,8,parallel,454020,64
BLS12-377,field_mul,8,2,8,parallel,413870,64
BLS12-377,field_mul,8,3,8,parallel,588305,64
BLS12-377,field_mul,8,4,8,parallel,493478,64
BLS12-377,field_mul,8,5,8,parallel,509448,64
BLS12-377,field_mul,8,6,8,parallel,353688,64
BLS12-377,field_mul,8,7,8,parallel,436472,64
BLS12-377,field_mul,8,8,8,parallel,513706,64
BLS12-377,field_mul,8,9,8,parallel,372834,64
BLS12-377,field_mul,16,0,8,parallel,398950,128
BLS12-377,field_mul,16,1,8,parallel,324905,128
BLS12-377,field_mul,16,2,8,parallel,533653,128
BLS12-377,field_mul,16,3,8,parallel,498743,128
BLS12-377,field_mul,16,4,8,parallel,500421,128
BLS12-377,field_mul,16,5,8,parallel,454857,128
BLS12-377,field_mul,16,6,8,parallel,502996,128
BLS12-377,field_mul,16,7,8,parallel,509684,128
BLS12-377,field_mul,16,8,8,parallel,544633,128
BLS12-377,field_mul,16,9,8,parallel,463173,128
BLS12-377,field_mul,32,0,8,parallel,564440,256
BLS12-377,field_mul,32,1,8,parallel,609064,256
BLS12-377,field_mul,32,2,8,parallel,639961,256
BLS12-377,field_mul,32,3,8,parallel,569560,256
BLS12-377,field_mul,32,4,8,parallel,468602,256
BLS12-377,field_mul,32,5,8,parallel,522773,256
BLS12-377,field_mul,32,6,8,parallel,577668,256
BLS12-377,field_mul,32,7,8,parallel,537345,256
BLS12-377,field_mul,32,8,8,parallel,526129,256
BLS12-377,field_mul,32,9,8,parallel,340624,256
BLS12-377,field_mul,64,0,8,parallel,511211,512
BLS12-377,field_mul,64,1,8,parallel,590159,512
BLS12-377,field_mul,64,2,8,parallel,641133,512
BLS12-377,field_mul,64,3,8,parallel,627227,512
BLS12-377,field_mul,64,4,8,parallel,509629,512
BLS12-377,field_mul,64,5,8,parallel,596776,512
BLS12-377,field_mul,64,6,8,parallel,656653,512
BLS12-377,field_mul,64,7,8,parallel,633900,512
BLS12-377,field_mul,64,8,8,parallel,486460,512
BLS12-377,field_mul,64,9,8,parallel,596289,512
BLS12-377,field_mul,128,0,8,parallel,529987,1024
BLS12-377,field_mul,128,1,8,parallel,509759,1024
BLS12-377,field_mul,128,2,8,parallel,601309,1024
BLS12-377,field_mul,128,3,8,parallel,691387,1024
BLS12-377,field_mul,128,4,8,parallel,541332,1024
BLS12-377,field_mul,128,5,8,parallel,272742,1024
BLS12-377,field_mul,128,6,8,parallel,527171,1024
BLS12-377,field_mul,128,7,8,parallel,482731,1024
BLS12-377,field_mul,128,8,8,parallel,496907,1024
BLS12-377,field_mul,128,9,8,parallel,419420,1024
BLS12-377,field_mul,256,0,8,parallel,547745,2048
BLS12-377,field_mul,256,1,8,parallel,383484,2048
BLS12-377,field_mul,256,2,8,parallel,460823,2048
BLS12-377,field_mul,256,3,8,parallel,260490,2048
BLS12-377,field_mul,256,4,8,parallel,282325,2048
BLS12-377,field_mul,256,5,8,parallel,479842,2048
BLS12-377,field_mul,256,6,8,parallel,631185,2048
BLS12-377,field_mul,256,7,8,parallel,600046,2048
BLS12-377,field_mul,256,8,8,parallel,529520,2048
BLS12-377,field_mul,256,9,8,parallel,470761,2048
BLS12-377,field_mul,512,0,8,parallel,469881,4096
BLS12-377,field_mul,512,1,8,parallel,759048,4096
BLS12-377,field_mul,512,2,8,parallel,669070,4096
BLS12-377,field_mul,512,3,8,parallel,634786,4096
BLS12-377,field_mul,512,4,8,parallel,579844,4096
BLS12-377,field_mul,512,5,8,parallel,679725,4096
BLS12-377,field_mul,512,6,8,parallel,478220,4096
BLS12-377,field_mul,512,7,8,parallel,577445,4096
BLS12-377,field_mul,512,8,8,parallel,409973,4096
BLS12-377,field_mul,512,9,8,parallel,681491,4096
BLS12-377,field_inv,2,0,8,parallel,517794,16
BLS12-377,field_inv,2,1,8,parallel,613291,16
BLS12-377,field_inv,2,2,8,parallel,441401,16
BLS12-377,field_inv,2,3,8,parallel,457226,16
BLS12-377,field_inv,2,4,8,parallel,311018,16
BLS12-377,field_inv,2,5,8,parallel,617995,16
BLS12-377,field_inv,2,6,8,parallel,557974,16
BLS12-377,field_inv,2,7,8,parallel,636474,16
BLS12-377,field_inv,2,8,8,parallel,634697,16
BLS12-377,field_inv,2,9,8,parallel,525132,16
BLS12-377,field_inv,4,0,8,parallel,547088,32
BLS12-377,field_inv,4,1,8,parallel,566319,32
BLS12-377,field_inv,4,2,8,parallel,499620,32
BLS12-377,field_inv,4,3,8,parallel,656669,32
BLS12-377,field_inv,4,4,8,parallel,463054,32
BLS12-377,field_inv,4,5,8,parallel,406717,32
BLS12-377,field_inv,4,6,8,parallel,548526,32
BLS12-377,field_inv,4,7,8,parallel,528243,32
BLS12-377,field_inv,4,8,8,parallel,286202,32
BLS12-377,field_inv,4,9,8,parallel,698185,32
BLS12-377,field_inv,8,0,8,parallel,586507,64
BLS12-377,field_inv,8,1,8,parallel,492592,64
BLS12-377,field_inv,8,2,8,parallel,649580,64
BLS12-377,field_inv,8,3,8,parallel,675965,64
BLS12-377,field_inv,8,4,8,parallel,776805,64
BLS12-377,field_inv,8,5,8,parallel,553289,64
BLS12-377,field_inv,8,6,8,parallel,613211,64
BLS12-377,field_inv,8,7,8,parallel,568050,64
BLS12-377,field_inv,8,8,8,parallel,581874,64
BLS12-377,field_inv,8,9,8,parallel,607089,64
BLS12-377,field_inv,16,0,8,parallel,795750,128
BLS12-377,field_inv,16,1,8,parallel,571273,128
BLS12-377,field_inv,16,2,8,parallel,424520,128
BLS12-377,field_inv,16,3,8,parallel,684474,128
BLS12-377,field_inv,16,4,8,parallel,646110,128
BLS12-377,field_inv,16,5,8,parallel,696744,128
BLS12-377,field_inv,16,6,8,parallel,467390,128
BLS12-377,field_inv,16,7,8,parallel,691442,128
BLS12-377,field_inv,16,8,8,parallel,541638,128
BLS12-377,field_inv,16,9,8,parallel,601189,128
BLS12-377,field_inv,32,0,8,parallel,640812,256
BLS12-377,field_inv,32,1,8,parallel,601379,256
BLS12-377,field_inv,32,2,8,parallel,708163,256
BLS12-377,field_inv,32,3,8,parallel,617374,256
BLS12-377,field_inv,32,4,8,parallel,723929,256
BLS12-377,field_inv,32,5,8,parallel,658936,256
BLS12-377,field_inv,32,6,8,parallel,647671,256
BLS12-377,field_inv,32,7,8,parallel,658807,256
BLS12-377,field_inv,32,8,8,parallel,715055,256
BLS12-377,field_inv,32,9,8,parallel,795320,256
BLS12-377,field_inv,64,0,8,parallel,678438,512
BLS12-377,field_inv,64,1,8,parallel,667502,512
BLS12-377,field_inv,64,2,8,parallel,569390,512
BLS12-377,field_inv,64,3,8,parallel,743032,512
BLS12-377,field_inv,64,4,8,parallel,622569,512
BLS12-377,field_inv,64,5,8,parallel,639089,512
BLS12-377,field_inv,64,6,8,parallel,611809,512
BLS12-377,field_inv,64,7,8,parallel,937615,512
BLS12-377,field_inv,64,8,8,parallel,916305,512
BLS12-377,field_inv,64,9,8,parallel,829290,512
BLS12-377,field_inv,128,0,8,parallel,781545,1024
BLS12-377,field_inv,128,1,8,parallel,748302,1024
BLS12-377,field_inv,128,2,8,parallel,868007,1024
BLS12-377,field_inv,128,3,8,parallel,878094,1024
BLS12-377,field_inv,128,4,8,parallel,936265,1024
BLS12-377,field_inv,128,5,8,parallel,806423,1024
BLS12-377,field_inv,128,6,8,parallel,769938,1024
BLS12-377,field_inv,128,7,8,parallel,942338,1024
BLS12-377,field_inv,128,8,8,parallel,1098804,1024
BLS12-377,field_inv,128,9,8,parallel,870380,1024
BLS12-377,field_inv,256,0,8,parallel,1028028,2048
BLS12-377,field_inv,256,1,8,parallel,1438412,2048
BLS12-377,field_inv,256,2,8,parallel,1219409,2048
BLS12-377,field_inv,256,3,8,parallel,1138654,2048
BLS12-377,field_inv,256,4,8,parallel,1269483,2048
BLS12-377,field_inv,256,5,8,parallel,1031239,2048
BLS12-377,field_inv,256,6,8,parallel,1240929,2048
BLS12-377,field_inv,256,7,8,parallel,1116463,2048
BLS12-377,field_inv,256,8,8,parallel,1028193,2048
BLS12-377,field_inv,256,9,8,parallel,1796012,2048
BLS12-377,field_inv,512,0,8,parallel,1716374,4096
BLS12-377,field_inv,512,1,8,parallel,2020380,4096
BLS12-377,field_inv,512,2,8,parallel,1771983,4096
BLS12-377,field_inv,512,3,8,parallel,1804944,4096
BLS12-377,field_inv,512,4,8,parallel,1690752,4096
BLS12-377,field_inv,512,5,8,parallel,1733941,4096
BLS12-377,field_inv,512,6,8,parallel,2407250,4096
BLS12-377,field_inv,512,7,8,parallel,1740790,4096
BLS12-377,field_inv,512,8,8,parallel,2268001,4096
BLS12-377,field_inv,512,9,8,parallel,1698446,4096
BLS12-381,field_add,2,0,8,parallel,477293,16
BLS12-381,field_add,2,1,8,parallel,379742,16
BLS12-381,field_add,2,2,8,parallel,384461,16
BLS12-381,field_add,2,3,8,parallel,467290,16
BLS12-381,field_add,2,4,8,parallel,417456,16
BLS12-381,field_add,2,5,8,parallel,395246,16
BLS12-381,field_add,2,6,8,parallel,380503,16
BLS12-381,field_add,2,7,8,parallel,465361,16
BLS12-381,field_add,2,8,8,parallel,419603,16
BLS12-381,field_add,2,9,8,parallel,382757,16
BLS12-381,field_add,4,0,8,parallel,400250,32
BLS12-381,field_add,4,1,8,parallel,454952,32
BLS12-381,field_add,4,2,8,parallel,531842,32
BLS12-381,field_add,4,3,8,parallel,477208,32
BLS12-381,field_add,4,4,8,parallel,382487,32
BLS12-381,field_add,4,5,8,parallel,367624,32
BLS12-381,field_add,4,6,8,parallel,662463,32
BLS12-381,field_add,4,7,8,parallel,465942,32
BLS12-381,field_add,4,8,8,parallel,479117,32
BLS12-381,field_add,4,9,8,parallel,453439,32
BLS12-381,field_add,8,0,8,parallel,470959,64
BLS12-381,field_add,8,1,8,parallel,462864,64
BLS12-381,field_add,8,2,8,parallel,405016,64
BLS12-381,field_add,8,3,8,parallel,537498,64
BLS12-381,field_add,8,4,8,parallel,399398,64
BLS12-381,field_add,8,5,8,parallel,488836,64
BLS12-381,field_add,8,6,8,parallel,394544,64
BLS12-381,field_add,8,7,8,parallel,438186,64
BLS12-381,field_add,8,8,8,parallel,415347,64
BLS12-381,field_add,8,9,8,parallel,519642,64
BLS12-381,field_add,16,0,8,parallel,457769,128
BLS12-381,field_add,16,1,8,parallel,460928,128
BLS12-381,field_add,16,2,8,parallel,375229,128
BLS12-381,field_add,16,3,8,parallel,444498,128
BLS12-381,field_add,16,4,8,parallel,460827,128
BLS12-381,field_add,16,5,8,parallel,485794,128
BLS12-381,field_add,16,6,8,parallel,381220,128
BLS12-381,field_add,16,7,8,parallel,445003,128
BLS12-381,field_add,16,8,8,parallel,449196,128
BLS12-381,field_add,16,9,8,parallel,487487,128
BLS12-381,field_add,32,0,8,parallel,448360,256
BLS12-381,field_add,32,1,8,parallel,442541,256
BLS12-381,field_add,32,2,8,parallel,663314,256
BLS12-381,field_add,32,3,8,parallel,417698,256
BLS12-381,field_add,32,4,8,parallel,472169,256
BLS12-381,field_add,32,5,8,parallel,419109,256
BLS12-381,field_add,32,6,8,parallel,391028,256
BLS12-381,field_add,32,7,8,parallel,523143,256
BLS12-381,field_add,32,8,8,parallel,370269,256
BLS12-381,field_add,32,9,8,parallel,534334,256
BLS12-381,field_add,64,0,8,parallel,443826,512
BLS12-381,field_add,64,1,8,parallel,444597,512
BLS12-381,field_add,64,2,8,parallel,502596,512
BLS12-381,field_add,64,3,8,parallel,449562,512
BLS12-381,field_add,64,4,8,parallel,317894,512
BLS12-381,field_add,64,5,8,parallel,429123,512
BLS12-381,field_add,64,6,8,parallel,363236,512
BLS12-381,field_add,64,7,8,parallel,400671,512
BLS12-381,field_add,64,8,8,parallel,510618,512
BLS12-381,field_add,64,9,8,parallel,457030,512
BLS12-381,field_add,128,0,8,parallel,436312,1024
BLS12-381,field_add,128,1,8,parallel,330525,1024
BLS12-381,field_add,128,2,8,parallel,464024,1024
BLS12-381,field_add,128,3,8,parallel,467810,1024
BLS12-381,field_add,128,4,8,parallel,453179,1024
BLS12-381,field_add,128,5,8,parallel,537105,1024
BLS12-381,field_add,128,6,8,parallel,558469,1024
BLS12-381,field_add,128,7,8,parallel,447121,1024
BLS12-381,field_add,128,8,8,parallel,460351,1024
BLS12-381,field_add,128,9,8,parallel,401782,1024
BLS12-381,field_add,256,0,8,parallel,381011,2048
BLS12-381,field_add,256,1,8,parallel,544593,2048
BLS12-381,field_add,256,2,8,parallel,440355,2048
BLS12-381,field_add,256,3,8,parallel,530603,2048
BLS12-381,field_add,256,4,8,parallel,437400,2048
BLS12-381,field_add,256,5,8,parallel,305812,2048
BLS12-381,field_add,256,6,8,parallel,520125,2048
BLS12-381,field_add,256,7,8,parallel,493611,2048
BLS12-381,field_add,256,8,8,parallel,393763,2048
BLS12-381,field_add,256,9,8,parallel,599433,2048
BLS12-381,field_add,512,0,8,parallel,574915,4096
BLS12-381,field_add,512,1,8,parallel,863457,4096
BLS12-381,field_add,512,2,8,parallel,505050,4096
BLS12-381,field_add,512,3,8,parallel,526971,4096
BLS12-381,field_add,512,4,8,parallel,512824,4096
BLS12-381,field_add,512,5,8,parallel,505346,4096
BLS12-381,field_add,512,6,8,parallel,387165,4096
BLS12-381,field_add,512,7,8,parallel,575366,4096
BLS12-381,field_add,512,8,8,parallel,676411,4096
BLS12-381,field_add,512,9,8,parallel,434248,4096
BLS12-381,field_mul,2,0,8,parallel,342296,16
BLS12-381,field_mul,2,1,8,parallel,538172,16
BLS12-381,field_mul,2,2,8,parallel,530076,16
BLS12-381,field_mul,2,3,8,parallel,513305,16
BLS12-381,field_mul,2,4,8,parallel,400380,16
BLS12-381,field_mul,2,5,8,parallel,484248,16
BLS12-381,field_mul,2,6,8,parallel,408312,16
BLS12-381,field_mul,2,7,8,parallel,576572,16
BLS12-381,field_mul,2,8,8,parallel,470978,16
BLS12-381,field_mul,2,9,8,parallel,362214,16
BLS12-381,field_mul,4,0,8,parallel,484366,32
BLS12-381,field_mul,4,1,8,parallel,491164,32
BLS12-381,field_mul,4,2,8,parallel,489611,32
BLS12-381,field_mul,4,3,8,parallel,413930,32
BLS12-381,field_mul,4,4,8,parallel,423736,32
BLS12-381,field_mul,4,5,8,parallel,441682,32
BLS12-381,field_mul,4,6,8,parallel,481065,32
BLS12-381,field_mul,4,7,8,parallel,460797,32
BLS12-381,field_mul,4,8,8,parallel,431243,32
BLS12-381,field_mul,4,9,8,parallel,495312,32
BLS12-381,field_mul,8,0,8,parallel,480865,64
BLS12-381,field_mul,8,1,8,parallel,382462,64
BLS12-381,field_mul,8,2,8,parallel,375949,64
BLS12-381,field_mul,8,3,8,parallel,534852,64
BLS12-381,field_mul,8,4,8,parallel,461987,64
BLS12-381,field_mul,8,5,8,parallel,456318,64
BLS12-381,field_mul,8,6,8,parallel,408740,64
BLS12-381,field_mul,8,7,8,parallel,385448,64
BLS12-381,field_mul,8,8,8,parallel,531158,64
BLS12-381,field_mul,8,9,8,parallel,587343,64
BLS12-381,field_mul,16,0,8,parallel,447180,128
BLS12-381,field_mul,16,1,8,parallel,535192,128
BLS12-381,field_mul,16,2,8,parallel,306666,128
BLS12-381,field_mul,16,3,8,parallel,474268,128
BLS12-381,field_mul,16,4,8,parallel,477218,128
BLS12-381,field_mul,16,5,8,parallel,551977,128
BLS12-381,field_mul,16,6,8,parallel,368180,128
BLS12-381,field_mul,16,7,8,parallel,562597,128
BLS12-381,field_mul,16,8,8,parallel,536673,128
BLS12-381,field_mul,16,9,8,parallel,644792,128
BLS12-381,field_mul,32,0,8,parallel,628309,256
BLS12-381,field_mul,32,1,8,parallel,579138,256
BLS12-381,field_mul,32,2,8,parallel,503407,256
BLS12-381,field_mul,32,3,8,parallel,620374,256
BLS12-381,field_mul,32,4,8,parallel,556566,256
BLS12-381,field_mul,32,5,8,parallel,771956,256
BLS12-381,field_mul,32,6,8,parallel,506593,256
BLS12-381,field_mul,32,7,8,parallel,471495,256
BLS12-381,field_mul,32,8,8,parallel,512690,256
BLS12-381,field_mul,32,9,8,parallel,248432,256
BLS12-381,field_mul,64,0,8,parallel,536137,512
BLS12-381,field_mul,64,1,8,parallel,498621,512
BLS12-381,field_mul,64,2,8,parallel,802391,512
BLS12-381,field_mul,64,3,8,parallel,587974,512
BLS12-381,field_mul,64,4,8,parallel,390496,512
BLS12-381,field_mul,64,5,8,parallel,435966,512
BLS12-381,field_mul,64,6,8,parallel,407641,512
BLS12-381,field_mul,64,7,8,parallel,530558,512
BLS12-381,field_mul,64,8,8,parallel,651633,512
BLS12-381,field_mul,64,9,8,parallel,587914,512
BLS12-381,field_mul,128,0,8,parallel,493468,1024
BLS12-381,field_mul,128,1,8,parallel,542533,1024
BLS12-381,field_mul,128,2,8,parallel,618631,1024
BLS12-381,field_mul,128,3,8,parallel,547266,1024
BLS12-381,field_mul,128,4,8,parallel,561024,1024
BLS12-381,field_mul,128,5,8,parallel,350793,1024
BLS12-381,field_mul,128,6,8,parallel,660008,1024
BLS12-381,field_mul,128,7,8,parallel,340995,1024
BLS12-381,field_mul,128,8,8,parallel,280412,1024
BLS12-381,field_mul,128,9,8,parallel,519096,1024
BLS12-381,field_mul,256,0,8,parallel,325412,2048
BLS12-381,field_mul,256,1,8,parallel,674706,2048
BLS12-381,field_mul,256,2,8,parallel,583726,2048
BLS12-381,field_mul,256,3,8,parallel,767321,2048
BLS12-381,field_mul,256,4,8,parallel,555945,2048
BLS12-381,field_mul,256,5,8,parallel,537916,2048
BLS12-381,field_mul,256,6,8,parallel,570104,2048
BLS12-381,field_mul,256,7,8,parallel,664333,2048
BLS12-381,field_mul,256,8,8,parallel,570416,2048
BLS12-381,field_mul,256,9,8,parallel,690855,2048
BLS12-381,field_mul,512,0,8,parallel,763841,4096
BLS12-381,field_mul,512,1,8,parallel,561117,4096
BLS12-381,field_mul,512,2,8,parallel,253452,4096
BLS12-381,field_mul,512,3,8,parallel,733064,4096
BLS12-381,field_mul,512,4,8,parallel,545789,4096
BLS12-381,field_mul,512,5,8,parallel,470380,4096
BLS12-381,field_mul,512,6,8,parallel,545155,4096
BLS12-381,field_mul,512,7,8,parallel,651257,4096
BLS12-381,field_mul,512,8,8,parallel,616990,4096
BLS12-381,field_mul,512,9,8,parallel,394404,4096
BLS12-381,field_inv,2,0,8,parallel,529425,16
BLS12-381,field_inv,2,1,8,parallel,621914,16
BLS12-381,field_inv,2,2,8,parallel,594306,16
BLS12-381,field_inv,2,3,8,parallel,651565,16
BLS12-381,field_inv,2,4,8,parallel,608558,16
BLS12-381,field_inv,2,5,8,parallel,733274,16
BLS12-381,field_inv,2,6,8,parallel,432355,16
BLS12-381,field_inv,2,7,8,parallel,695154,16
BLS12-381,field_inv,2,8,8,parallel,411556,16
BLS12-381,field_inv,2,9,8,parallel,652434,16
BLS12-381,field_inv,4,0,8,parallel,582714,32
BLS12-381,field_inv,4,1,8,parallel,579409,32
BLS12-381,field_inv,4,2,8,parallel,557849,32
BLS12-381,field_inv,4,3,8,parallel,597883,32
BLS12-381,field_inv,4,4,8,parallel,655319,32
BLS12-381,field_inv,4,5,8,parallel,458158,32
BLS12-381,field_inv,4,6,8,parallel,614373,32
BLS12-381,field_inv,4,7,8,parallel,258240,32
BLS12-381,field_inv,4,8,8,parallel,678153,32
BLS12-381,field_inv,4,9,8,parallel,555294,32
BLS12-381,field_inv,8,0,8,parallel,622867,64
BLS12-381,field_inv,8,1,8,parallel,621216,64
BLS12-381,field_inv,8,2,8,parallel,565167,64
BLS12-381,field_inv,8,3,8,parallel,633569,64
BLS12-381,field_inv,8,4,8,parallel,773920,64
BLS12-381,field_inv,8,5,8,parallel,666115,64
BLS12-381,field_inv,8,6,8,parallel,642415,64
BLS12-381,field_inv,8,7,8,parallel,589597,64
BLS12-381,field_inv,8,8,8,parallel,583365,64
BLS12-381,field_inv,8,9,8,parallel,500812,64
BLS12-381,field_inv,16,0,8,parallel,705135,128
BLS12-381,field_inv,16,1,8,parallel,600009,128
BLS12-381,field_inv,16,2,8,parallel,656832,128
BLS12-381,field_inv,16,3,8,parallel,647210,128
BLS12-381,field_inv,16,4,8,parallel,519292,128
BLS12-381,field_inv,16,5,8,parallel,670698,128
BLS12-381,field_inv,16,6,8,parallel,674132,128
BLS12-381,field_inv,16,7,8,parallel,542230,128
BLS12-381,field_inv,16,8,8,parallel,562927,128
BLS12-381,field_inv,16,9,8,parallel,605838,128
BLS12-381,field_inv,32,0,8,parallel,600588,256
BLS12-381,field_inv,32,1,8,parallel,688511,256
BLS12-381,field_inv,32,2,8,parallel,515138,256
BLS12-381,field_inv,32,3,8,parallel,774972,256
BLS12-381,field_inv,32,4,8,parallel,578507,256
BLS12-381,field_inv,32,5,8,parallel,570337,256
BLS12-381,field_inv,32,6,8,parallel,611288,256
BLS12-381,field_inv,32,7,8,parallel,635794,256
BLS12-381,field_inv,32,8,8,parallel,842067,256
BLS12-381,field_inv,32,9,8,parallel,788628,256
BLS12-381,field_inv,64,0,8,parallel,665278,512
BLS12-381,field_inv,64,1,8,parallel,614193,512
BLS12-381,field_inv,64,2,8,parallel,688982,512
BLS12-381,field_inv,64,3,8,parallel,570862,512
BLS12-381,field_inv,64,4,8,parallel,802935,512
BLS12-381,field_inv,64,5,8,parallel,699482,512
BLS12-381,field_inv,64,6,8,parallel,755962,512
BLS12-381,field_inv,64,7,8,parallel,647755,512
BLS12-381,field_inv,64,8,8,parallel,752320,512
BLS12-381,field_inv,64,9,8,parallel,796332,512
BLS12-381,field_inv,128,0,8,parallel,871091,1024
BLS12-381,field_inv,128,1,8,parallel,793627,1024
BLS12-381,field_inv,128,2,8,parallel,943265,1024
BLS12-381,field_inv,128,3,8,parallel,753602,1024
BLS12-381,field_inv,128,4,8,parallel,859119,1024
BLS12-381,field_inv,128,5,8,parallel,834578,1024
BLS12-381,field_inv,128,6,8,parallel,802213,1024
BLS12-381,field_inv,128,7,8,parallel,809457,1024
BLS12-381,field_inv,128,8,8,parallel,751809,1024
BLS12-381,field_inv,128,9,8,parallel,878315,1024
BLS12-381,field_inv,256,0,8,parallel,1698991,2048
BLS12-381,field_inv,256,1,8,parallel,1229088,2048
BLS12-381,field_inv,256,2,8,parallel,1201015,2048
BLS12-381,field_inv,256,3,8,parallel,1383911,2048
BLS12-381,field_inv,256,4,8,parallel,1346826,2048
BLS12-381,field_inv,256,5,8,parallel,1258592,2048
BLS12-381,field_inv,256,6,8,parallel,1197187,2048
BLS12-381,field_inv,256,7,8,parallel,1172762,2048
BLS12-381,field_inv,256,8,8,parallel,1158696,2048
BLS12-381,field_inv,256,9,8,parallel,1497937,2048
BLS12-381,field_inv,512,0,8,parallel,2496856,4096
BLS12-381,field_inv,512,1,8,parallel,1651614,4096
BLS12-381,field_inv,512,2,8,parallel,2854241,4096
BLS12-381,field_inv,512,3,8,parallel,2449885,4096
BLS12-381,field_inv,512,4,8,parallel,1868582,4096
BLS12-381,field_inv,512,5,8,parallel,2424682,4096
BLS12-381,field_inv,512,6,8,parallel,2798503,4096
BLS12-381,field_inv,512,7,8,parallel,2755207,4096
BLS12-381,field_inv,512,8,8,parallel,2579771,4096
BLS12-381,field_inv,512,9,8,parallel,2628866,4096
BW6-761,field_add,2,0,8,parallel,476261,16
BW6-761,field_add,2,1,8,parallel,479367,16
BW6-761,field_add,2,2,8,parallel,512740,16
BW6-761,field_add,2,3,8,parallel,565267,16
BW6-761,field_add,2,4,8,parallel,625895,16
BW6-761,field_add,2,5,8,parallel,463513,16
BW6-761,field_add,2,6,8,parallel,439538,16
BW6-761,field_add,2,7,8,parallel,495422,16
BW6-761,field_add,2,8,8,parallel,524796,16
BW6-761,field_add,2,9,8,parallel,617351,16
BW6-761,field_add,4,0,8,parallel,464509,32
BW6-761,field_add,4,1,8,parallel,441833,32
BW6-761,field_add,4,2,8,parallel,566780,32
BW6-761,field_add,4,3,8,parallel,495933,32
BW6-761,field_add,4,4,8,parallel,421340,32
BW6-761,field_add,4,5,8,parallel,571238,32
BW6-761,field_add,4,6,8,parallel,371373,32
BW6-761,field_add,4,7,8,parallel,577412,32
BW6-761,field_add,4,8,8,parallel,436572,32
BW6-761,field_add,4,9,8,parallel,374530,32
BW6-761,field_add,8,0,8,parallel,486396,64
BW6-761,field_add,8,1,8,parallel,550084,64
BW6-761,field_add,8,2,8,parallel,560884,64
BW6-761,field_add,8,3,8,parallel,586286,64
BW6-761,field_add,8,4,8,parallel,522019,64
BW6-761,field_add,8,5,8,parallel,473131,64
BW6-761,field_add,8,6,8,parallel,469093,64
BW6-761,field_add,8,7,8,parallel,576789,64
BW6-761,field_add,8,8,8,parallel,428675,64
BW6-761,field_add,8,9,8,parallel,587079,64
BW6-761,field_add,16,0,8,parallel,572032,128
BW6-761,field_add,16,1,8,parallel,434949,128
BW6-761,field_add,16,2,8,parallel,280472,128
BW6-761,field_add,16,3,8,parallel,355582,128
BW6-761,field_add,16,4,8,parallel,635059,128
BW6-761,field_add,16,5,8,parallel,251347,128
BW6-761,field_add,16,6,8,parallel,612016,128
BW6-761,field_add,16,7,8,parallel,340914,128
BW6-761,field_add,16,8,8,parallel,486951,128
BW6-761,field_add,16,9,8,parallel,485128,128
BW6-761,field_add,32,0,8,parallel,665179,256
BW6-761,field_add,32,1,8,parallel,415078,256
BW6-761,field_add,32,2,8,parallel,452076,256
BW6-761,field_add,32,3,8,parallel,367366,256
BW6-761,field_add,32,4,8,parallel,598885,256
BW6-761,field_add,32,5,8,parallel,432475,256
BW6-761,field_add,32,6,8,parallel,513533,256
BW6-761,field_add,32,7,8,parallel,574118,256
BW6-761,field_add,32,8,8,parallel,450278,256
BW6-761,field_add,32,9,8,parallel,503637,256
BW6-761,field_add,64,0,8,parallel,545783,512
BW6-761,field_add,64,1,8,parallel,556769,512
BW6-761,field_add,64,2,8,parallel,441542,512
BW6-761,field_add,64,3,8,parallel,569795,512
BW6-761,field_add,64,4,8,parallel,390365,512
BW6-761,field_add,64,5,8,parallel,577810,512
BW6-761,field_add,64,6,8,parallel,452685,512
BW6-761,field_add,64,7,8,parallel,493624,512
BW6-761,field_add,64,8,8,parallel,556065,512
BW6-761,field_add,64,9,8,parallel,500030,512
BW6-761,field_add,128,0,8,parallel,321884,1024
BW6-761,field_add,128,1,8,parallel,528529,1024
BW6-761,field_add,128,2,8,parallel,612760,1024
BW6-761,field_add,128,3,8,parallel,522252,1024
BW6-761,field_add,128,4,8,parallel,502054,1024
BW6-761,field_add,128,5,8,parallel,592594,1024
BW6-761,field_add,128,6,8,parallel,758963,1024
BW6-761,field_add,128,7,8,parallel,606829,1024
BW6-761,field_add,128,8,8,parallel,563424,1024
BW6-761,field_add,128,9,8,parallel,590208,1024
BW6-761,field_add,256,0,8,parallel,528253,2048
BW6-761,field_add,256,1,8,parallel,673198,2048
BW6-761,field_add,256,2,8,parallel,567205,2048
BW6-761,field_add,256,3,8,parallel,454947,2048
BW6-761,field_add,256,4,8,parallel,443155,2048
BW6-761,field_add,256,5,8,parallel,542981,2048
BW6-761,field_add,256,6,8,parallel,616117,2048
BW6-761,field_add,256,7,8,parallel,481596,2048
BW6-761,field_add,256,8,8,parallel,649742,2048
BW6-761,field_add,256,9,8,parallel,565943,2048
BW6-761,field_add,512,0,8,parallel,565337,4096
BW6-761,field_add,512,1,8,parallel,479622,4096
BW6-761,field_add,512,2,8,parallel,714327,4096
BW6-761,field_add,512,3,8,parallel,660139,4096
BW6-761,field_add,512,4,8,parallel,674635,4096
BW6-761,field_add,512,5,8,parallel,707740,4096
BW6-761,field_add,512,6,8,parallel,647104,4096
BW6-761,field_add,512,7,8,parallel,478741,4096
BW6-761,field_add,512,8,8,parallel,662237,4096
BW6-761,field_add,512,9,8,parallel,596440,4096
BW6-761,field_mul,2,0,8,parallel,388320,16
BW6-761,field_mul,2,1,8,parallel,520548,16
BW6-761,field_mul,2,2,8,parallel,403376,16
BW6-761,field_mul,2,3,8,parallel,500281,16
BW6-761,field_mul,2,4,8,parallel,400418,16
BW6-761,field_mul,2,5,8,parallel,359702,16
BW6-761,field_mul,2,6,8,parallel,425826,16
BW6-761,field_mul,2,7,8,parallel,503422,16
BW6-761,field_mul,2,8,8,parallel,316153,16
BW6-761,field_mul,2,9,8,parallel,436602,16
BW6-761,field_mul,4,0,8,parallel,645932,32
BW6-761,field_mul,4,1,8,parallel,596570,32
BW6-761,field_mul,4,2,8,parallel,502821,32
BW6-761,field_mul,4,3,8,parallel,410256,32
BW6-761,field_mul,4,4,8,parallel,427719,32
BW6-761,field_mul,4,5,8,parallel,148950,32
BW6-761,field_mul,4,6,8,parallel,370489,32
BW6-761,field_mul,4,7,8,parallel,402446,32
BW6-761,field_mul,4,8,8,parallel,413599,32
BW6-761,field_mul,4,9,8,parallel,683807,32
BW6-761,field_mul,8,0,8,parallel,406441,64
BW6-761,field_mul,8,1,8,parallel,434634,64
BW6-761,field_mul,8,2,8,parallel,266451,64
BW6-761,field_mul,8,3,8,parallel,295009,64
BW6-761,field_mul,8,4,8,parallel,448139,64
BW6-761,field_mul,8,5,8,parallel,416625,64
BW6-761,field_mul,8,6,8,parallel,452903,64
BW6-761,field_mul,8,7,8,parallel,321002,64
BW6-761,field_mul,8,8,8,parallel,518836,64
BW6-761,field_mul,8,9,8,parallel,604646,64
BW6-761,field_mul,16,0,8,parallel,527622,128
BW6-761,field_mul,16,1,8,parallel,647184,128
BW6-761,field_mul,16,2,8,parallel,428367,128
BW6-761,field_mul,16,3,8,parallel,490483,128
BW6-761,field_mul,16,4,8,parallel,552053,128
BW6-761,field_mul,16,5,8,parallel,518079,128
BW6-761,field_mul,16,6,8,parallel,659628,128
BW6-761,field_mul,16,7,8,parallel,558900,128
BW6-761,field_mul,16,8,8,parallel,516245,128
BW6-761,field_mul,16,9,8,parallel,291127,128
BW6-761,field_mul,32,0,8,parallel,538467,256
BW6-761,field_mul,32,1,8,parallel,541260,256
BW6-761,field_mul,32,2,8,parallel,545334,256
BW6-761,field_mul,32,3,8,parallel,671455,256
BW6-761,field_mul,32,4,8,parallel,646838,256
BW6-761,field_mul,32,5,8,parallel,577054,256
BW6-761,field_mul,32,6,8,parallel,486681,256
BW6-761,field_mul,32,7,8,parallel,367816,256
BW6-761,field_mul,32,8,8,parallel,332208,256
BW6-761,field_mul,32,9,8,parallel,575080,256
BW6-761,field_mul,64,0,8,parallel,488419,512
BW6-761,field_mul,64,1,8,parallel,480517,512
BW6-761,field_mul,64,2,8,parallel,507805,512
BW6-761,field_mul,64,3,8,parallel,579644,512
BW6-761,field_mul,64,4,8,parallel,623461,512
BW6-761,field_mul,64,5,8,parallel,586341,512
BW6-761,field_mul,64,6,8,parallel,298085,512
BW6-761,field_mul,64,7,8,parallel,488659,512
BW6-761,field_mul,64,8,8,parallel,319129,512
BW6-761,field_mul,64,9,8,parallel,662123,512
BW6-761,field_mul,128,0,8,parallel,577880,1024
BW6-761,field_mul,128,1,8,parallel,505792,1024
BW6-761,field_mul,128,2,8,parallel,550735,1024
BW6-761,field_mul,128,3,8,parallel,601304,1024
BW6-761,field_mul,128,4,8,parallel,539294,1024
BW6-761,field_mul,128,5,8,parallel,439355,1024
BW6-761,field_mul,128,6,8,parallel,686545,1024
BW6-761,field_mul,128,7,8,parallel,297183,1024
BW6-761,field_mul,128,8,8,parallel,493727,1024
BW6-761,field_mul,128,9,8,parallel,622528,1024
BW6-761,field_mul,256,0,8,parallel,460046,2048
BW6-761,field_mul,256,1,8,parallel,583646,2048
BW6-761,field_mul,256,2,8,parallel,370038,2048
BW6-761,field_mul,256,3,8,parallel,590048,2048
BW6-761,field_mul,256,4,8,parallel,505141,2048
BW6-761,field_mul,256,5,8,parallel,532807,2048
BW6-761,field_mul,256,6,8,parallel,549688,2048
BW6-761,field_mul,256,7,8,parallel,486726,2048
BW6-761,field_mul,256,8,8,parallel,519337,2048
BW6-761,field_mul,256,9,8,parallel,728646,2048
BW6-761,field_mul,512,0,8,parallel,678893,4096
BW6-761,field_mul,512,1,8,parallel,532411,4096
BW6-761,field_mul,512,2,8,parallel,550335,4096
BW6-761,field_mul,512,3,8,parallel,604095,4096
BW6-761,field_mul,512,4,8,parallel,625319,4096
BW6-761,field_mul,512,5,8,parallel,443435,4096
BW6-761,field_mul,512,6,8,parallel,585700,4096
BW6-761,field_mul,512,7,8,parallel,642806,4096
BW6-761,field_mul,512,8,8,parallel,604856,4096
BW6-761,field_mul,512,9,8,parallel,610106,4096
BW6-761,field_inv,2,0,8,parallel,683192,16
BW6-761,field_inv,2,1,8,parallel,705523,16
BW6-761,field_inv,2,2,8,parallel,505300,16
BW6-761,field_inv,2,3,8,parallel,678435,16
BW6-761,field_inv,2,4,8,parallel,587203,16
BW6-761,field_inv,2,5,8,parallel,675093,16
BW6-761,field_inv,2,6,8,parallel,609274,16
BW6-761,field_inv,2,7,8,parallel,707967,16
BW6-761,field_inv,2,8,8,parallel,654659,16
BW6-761,field_inv,2,9,8,parallel,797514,16
BW6-761,field_inv,4,0,8,parallel,530725,32
BW6-761,field_inv,4,1,8,parallel,494486,32
BW6-761,field_inv,4,2,8,parallel,664011,32
BW6-761,field_inv,4,3,8,parallel,597041,32
BW6-761,field_inv,4,4,8,parallel,767518,32
BW6-761,field_inv,4,5,8,parallel,531319,32
BW6-761,field_inv,4,6,8,parallel,573452,32
BW6-761,field_inv,4,7,8,parallel,654418,32
BW6-761,field_inv,4,8,8,parallel,626365,32
BW6-761,field_inv,4,9,8,parallel,657964,32
BW6-761,field_inv,8,0,8,parallel,449236,64
BW6-761,field_inv,8,1,8,parallel,499379,64
BW6-761,field_inv,8,2,8,parallel,626566,64
BW6-761,field_inv,8,3,8,parallel,686107,64
BW6-761,field_inv,8,4,8,parallel,758272,64
BW6-761,field_inv,8,5,8,parallel,526620,64
BW6-761,field_inv,8,6,8,parallel,543005,64
BW6-761,field_inv,8,7,8,parallel,554157,64
BW6-761,field_inv,8,8,8,parallel,471272,64
BW6-761,field_inv,8,9,8,parallel,453414,64
BW6-761,field_inv,16,0,8,parallel,524998,128
BW6-761,field_inv,16,1,8,parallel,691567,128
BW6-761,field_inv,16,2,8,parallel,687450,128
BW6-761,field_inv,16,3,8,parallel,655530,128
BW6-761,field_inv,16,4,8,parallel,656301,128
BW6-761,field_inv,16,5,8,parallel,708974,128
BW6-761,field_inv,16,6,8,parallel,539834,128
BW6-761,field_inv,16,7,8,parallel,678535,128
BW6-761,field_inv,16,8,8,parallel,666235,128
BW6-761,field_inv,16,9,8,parallel,590203,128
BW6-761,field_inv,32,0,8,parallel,673303,256
BW6-761,field_inv,32,1,8,parallel,537024,256
BW6-761,field_inv,32,2,8,parallel,744411,256
BW6-761,field_inv,32,3,8,parallel,683522,256
BW6-761,field_inv,32,4,8,parallel,762178,256
BW6-761,field_inv,32,5,8,parallel,755727,256
BW6-761,field_inv,32,6,8,parallel,651672,256
BW6-761,field_inv,32,7,8,parallel,683123,256
BW6-761,field_inv,32,8,8,parallel,789398,256
BW6-761,field_inv,32,9,8,parallel,661286,256
BW6-761,field_inv,64,0,8,parallel,1034901,512
BW6-761,field_inv,64,1,8,parallel,1163856,512
BW6-761,field_inv,64,2,8,parallel,929530,512
BW6-761,field_inv,64,3,8,parallel,993699,512
BW6-761,field_inv,64,4,8,parallel,774489,512
BW6-761,field_inv,64,5,8,parallel,1177586,512
BW6-761,field_inv,64,6,8,parallel,1137588,512
BW6-761,field_inv,64,7,8,parallel,956177,512
BW6-761,field_inv,64,8,8,parallel,1037611,512
BW6-761,field_inv,64,9,8,parallel,1079368,512
BW6-761,field_inv,128,0,8,parallel,1725882,1024
BW6-761,field_inv,128,1,8,parallel,1484523,1024
BW6-761,field_inv,128,2,8,parallel,1868217,1024
BW6-761,field_inv,128,3,8,parallel,1363958,1024
BW6-761,field_inv,128,4,8,parallel,1724049,1024
BW6-761,field_inv,128,5,8,parallel,1528224,1024
BW6-761,field_inv,128,6,8,parallel,1782267,1024
BW6-761,field_inv,128,7,8,parallel,1270341,1024
BW6-761,field_inv,128,8,8,parallel,1711775,1024
BW6-761,field_inv,128,9,8,parallel,1931544,1024
BW6-761,field_inv,256,0,8,parallel,2246661,2048
BW6-761,field_inv,256,1,8,parallel,3218118,2048
BW6-761,field_inv,256,2,8,parallel,2066846,2048
BW6-761,field_inv,256,3,8,parallel,1943567,2048
BW6-761,field_inv,256,4,8,parallel,2067989,2048
BW6-761,field_inv,256,5,8,parallel,3279463,2048
BW6-761,field_inv,256,6,8,parallel,2072787,2048
BW6-761,field_inv,256,7,8,parallel,2549905,2048
BW6-761,field_inv,256,8,8,parallel,2093907,2048
BW6-761,field_inv,256,9,8,parallel,2712357,2048
BW6-761,field_inv,512,0,8,parallel,3337792,4096
BW6-761,field_inv,512,1,8,parallel,6005065,4096
BW6-761,field_inv,512,2,8,parallel,3755479,4096
BW6-761,field_inv,512,3,8,parallel,3440863,4096
BW6-761,field_inv,512,4,8,parallel,3527315,4096
BW6-761,field_inv,512,5,8,parallel,3408933,4096
BW6-761,field_inv,512,6,8,parallel,4722749,4096
BW6-761,field_inv,512,7,8,parallel,3652347,4096
BW6-761,field_inv,512,8,8,parallel,4464418,4096
BW6-761,field_inv,512,9,8,parallel,3528937,4096
Jubjub-BLS12-381,field_add,2,0,8,parallel,496304,16
Jubjub-BLS12-381,field_add,2,1,8,parallel,498789,16
Jubjub-BLS12-381,field_add,2,2,8,parallel,558319,16
Jubjub-BLS12-381,field_add,2,3,8,parallel,581142,16
Jubjub-BLS12-381,field_add,2,4,8,parallel,488559,16
Jubjub-BLS12-381,field_add,2,5,8,parallel,432816,16
Jubjub-BLS12-381,field_add,2,6,8,parallel,512643,16
Jubjub-BLS12-381,field_add,2,7,8,parallel,464134,16
Jubjub-BLS12-381,field_add,2,8,8,parallel,505180,16
Jubjub-BLS12-381,field_add,2,9,8,parallel,541918,16
Jubjub-BLS12-381,field_add,4,0,8,parallel,452637,32
Jubjub-BLS12-381,field_add,4,1,8,parallel,422809,32
Jubjub-BLS12-381,field_add,4,2,8,parallel,480226,32
Jubjub-BLS12-381,field_add,4,3,8,parallel,437968,32
Jubjub-BLS12-381,field_add,4,4,8,parallel,495174,32
Jubjub-BLS12-381,field_add,4,5,8,parallel,369968,32
Jubjub-BLS12-381,field_add,4,6,8,parallel,463928,32
Jubjub-BLS12-381,field_add,4,7,8,parallel,498774,32
Jubjub-BLS12-381,field_add,4,8,8,parallel,392316,32
Jubjub-BLS12-381,field_add,4,9,8,parallel,366126,32
Jubjub-BLS12-381,field_add,8,0,8,parallel,532887,64
Jubjub-BLS12-381,field_add,8,1,8,parallel,464254,64
Jubjub-BLS12-381,field_add,8,2,8,parallel,537215,64
Jubjub-BLS12-381,field_add,8,3,8,parallel,408550,64
Jubjub-BLS12-381,field_add,8,4,8,parallel,482863,64
Jubjub-BLS12-381,field_add,8,5,8,parallel,565753,64
Jubjub-BLS12-381,field_add,8,6,8,parallel,439693,64
Jubjub-BLS12-381,field_add,8,7,8,parallel,452031,64
Jubjub-BLS12-381,field_add,8,8,8,parallel,402873,64
Jubjub-BLS12-381,field_add,8,9,8,parallel,574078,64
Jubjub-BLS12-381,field_add,16,0,8,parallel,446200,128
Jubjub-BLS12-381,field_add,16,1,8,parallel,464069,128
Jubjub-BLS12-381,field_add,16,2,8,parallel,370883,128
Jubjub-BLS12-381,field_add,16,3,8,parallel,433497,128
Jubjub-BLS12-381,field_add,16,4,8,parallel,441110,128
Jubjub-BLS12-381,field_add,16,5,8,parallel,571604,128
Jubjub-BLS12-381,field_add,16,6,8,parallel,480499,128
Jubjub-BLS12-381,field_add,16,7,8,parallel,451756,128
Jubjub-BLS12-381,field_add,16,8,8,parallel,448785,128
Jubjub-BLS12-381,field_add,16,9,8,parallel,457953,128
Jubjub-BLS12-381,field_add,32,0,8,parallel,523164,256
Jubjub-BLS12-381,field_add,32,1,8,parallel,467660,256
Jubjub-BLS12-381,field_add,32,2,8,parallel,407950,256
Jubjub-BLS12-381,field_add,32,3,8,parallel,490925,256
Jubjub-BLS12-381,field_add,32,4,8,parallel,394103,256
Jubjub-BLS12-381,field_add,32,5,8,parallel,432841,256
Jubjub-BLS12-381,field_add,32,6,8,parallel,399377,256
Jubjub-BLS12-381,field_add,32,7,8,parallel,494781,256
Jubjub-BLS12-381,field_add,32,8,8,parallel,404523,256
Jubjub-BLS12-381,field_add,32,9,8,parallel,496574,256
Jubjub-BLS12-381,field_add,64,0,8,parallel,383373,512
Jubjub-BLS12-381,field_add,64,1,8,parallel,397522,512
Jubjub-BLS12-381,field_add,64,2,8,parallel,528373,512
Jubjub-BLS12-381,field_add,64,3,8,parallel,374256,512
Jubjub-BLS12-381,field_add,64,4,8,parallel,647686,512
Jubjub-BLS12-381,field_add,64,5,8,parallel,461859,512
Jubjub-BLS12-381,field_add,64,6,8,parallel,373395,512
Jubjub-BLS12-381,field_add,64,7,8,parallel,434969,512
Jubjub-BLS12-381,field_add,64,8,8,parallel,439768,512
Jubjub-BLS12-381,field_add,64,9,8,parallel,413659,512
Jubjub-BLS12-381,field_add,128,0,8,parallel,458803,1024
Jubjub-BLS12-381,field_add,128,1,8,parallel,549593,1024
Jubjub-BLS12-381,field_add,128,2,8,parallel,561725,1024
Jubjub-BLS12-381,field_add,128,3,8,parallel,525643,1024
Jubjub-BLS12-381,field_add,128,4,8,parallel,522783,1024
Jubjub-BLS12-381,field_add,128,5,8,parallel,548150,1024
Jubjub-BLS12-381,field_add,128,6,8,parallel,418549,1024
Jubjub-BLS12-381,field_add,128,7,8,parallel,592172,1024
Jubjub-BLS12-381,field_add,128,8,8,parallel,464244,1024
Jubjub-BLS12-381,field_add,128,9,8,parallel,561224,1024
Jubjub-BLS12-381,field_add,256,0,8,parallel,467840,2048
Jubjub-BLS12-381,field_add,256,1,8,parallel,645043,2048
Jubjub-BLS12-381,field_add,256,2,8,parallel,631094,2048
Jubjub-BLS12-381,field_add,256,3,8,parallel,463834,2048
Jubjub-BLS12-381,field_add,256,4,8,parallel,502024,2048
Jubjub-BLS12-381,field_add,256,5,8,parallel,639109,2048
Jubjub-BLS12-381,field_add,256,6,8,parallel,492467,2048
Jubjub-BLS12-381,field_add,256,7,8,parallel,522994,2048
Jubjub-BLS12-381,field_add,256,8,8,parallel,684934,2048
Jubjub-BLS12-381,field_add,256,9,8,parallel,626766,2048
Jubjub-BLS12-381,field_add,512,0,8,parallel,541808,4096
Jubjub-BLS12-381,field_add,512,1,8,parallel,352456,4096
Jubjub-BLS12-381,field_add,512,2,8,parallel,691808,4096
Jubjub-BLS12-381,field_add,512,3,8,parallel,569540,4096
Jubjub-BLS12-381,field_add,512,4,8,parallel,627128,4096
Jubjub-BLS12-381,field_add,512,5,8,parallel,613973,4096
Jubjub-BLS12-381,field_add,512,6,8,parallel,519768,4096
Jubjub-BLS12-381,field_add,512,7,8,parallel,637667,4096
Jubjub-BLS12-381,field_add,512,8,8,parallel,649699,4096
Jubjub-BLS12-381,field_add,512,9,8,parallel,488088,4096
Jubjub-BLS12-381,field_mul,2,0,8,parallel,386770,16
Jubjub-BLS12-381,field_mul,2,1,8,parallel,433279,16
Jubjub-BLS12-381,field_mul,2,2,8,parallel,408616,16
Jubjub-BLS12-381,field_mul,2,3,8,parallel,452317,16
Jubjub-BLS12-381,field_mul,2,4,8,parallel,448159,16
Jubjub-BLS12-381,field_mul,2,5,8,parallel,534414,16
Jubjub-BLS12-381,field_mul,2,6,8,parallel,388894,16
Jubjub-BLS12-381,field_mul,2,7,8,parallel,527531,16
Jubjub-BLS12-381,field_mul,2,8,8,parallel,530835,16
Jubjub-BLS12-381,field_mul,2,9,8,parallel,512323,16
Jubjub-BLS12-381,field_mul,4,0,8,parallel,501293,32
Jubjub-BLS12-381,field_mul,4,1,8,parallel,449673,32
Jubjub-BLS12-381,field_mul,4,2,8,parallel,261317,32
Jubjub-BLS12-381,field_mul,4,3,8,parallel,589883,32
Jubjub-BLS12-381,field_mul,4,4,8,parallel,421194,32
Jubjub-BLS12-381,field_mul,4,5,8,parallel,458904,32
Jubjub-BLS12-381,field_mul,4,6,8,parallel,486225,32
Jubjub-BLS12-381,field_mul,4,7,8,parallel,467490,32
Jubjub-BLS12-381,field_mul,4,8,8,parallel,588350,32
Jubjub-BLS12-381,field_mul,4,9,8,parallel,382226,32
Jubjub-BLS12-381,field_mul,8,0,8,parallel,442423,64
Jubjub-BLS12-381,field_mul,8,1,8,parallel,534009,64
Jubjub-BLS12-381,field_mul,8,2,8,parallel,479642,64
Jubjub-BLS12-381,field_mul,8,3,8,parallel,593685,64
Jubjub-BLS12-381,field_mul,8,4,8,parallel,497305,64
Jubjub-BLS12-381,field_mul,8,5,8,parallel,533739,64
Jubjub-BLS12-381,field_mul,8,6,8,parallel,264081,64
Jubjub-BLS12-381,field_mul,8,7,8,parallel,483555,64
Jubjub-BLS12-381,field_mul,8,8,8,parallel,419436,64
Jubjub-BLS12-381,field_mul,8,9,8,parallel,457717,64
Jubjub-BLS12-381,field_mul,16,0,8,parallel,477179,128
Jubjub-BLS12-381,field_mul,16,1,8,parallel,723026,128
Jubjub-BLS12-381,field_mul,16,2,8,parallel,549744,128
Jubjub-BLS12-381,field_mul,16,3,8,parallel,325911,128
Jubjub-BLS12-381,field_mul,16,4,8,parallel,603473,128
Jubjub-BLS12-381,field_mul,16,5,8,parallel,248447,128
Jubjub-BLS12-381,field_mul,16,6,8,parallel,493900,128
Jubjub-BLS12-381,field_mul,16,7,8,parallel,467750,128
Jubjub-BLS12-381,field_mul,16,8,8,parallel,461058,128
Jubjub-BLS12-381,field_mul,16,9,8,parallel,551286,128
Jubjub-BLS12-381,field_mul,32,0,8,parallel,348859,256
Jubjub-BLS12-381,field_mul,32,1,8,parallel,577896,256
Jubjub-BLS12-381,field_mul,32,2,8,parallel,465686,256
Jubjub-BLS12-381,field_mul,32,3,8,parallel,731512,256
Jubjub-BLS12-381,field_mul,32,4,8,parallel,635463,256
Jubjub-BLS12-381,field_mul,32,5,8,parallel,454872,256
Jubjub-BLS12-381,field_mul,32,6,8,parallel,283152,256
Jubjub-BLS12-381,field_mul,32,7,8,parallel,608273,256
Jubjub-BLS12-381,field_mul,32,8,8,parallel,630603,256
Jubjub-BLS12-381,field_mul,32,9,8,parallel,515750,256
Jubjub-BLS12-381,field_mul,64,0,8,parallel,654798,512
Jubjub-BLS12-381,field_mul,64,1,8,parallel,576112,512
Jubjub-BLS12-381,field_mul,64,2,8,parallel,612665,512
Jubjub-BLS12-381,field_mul,64,3,8,parallel,550084,512
Jubjub-BLS12-381,field_mul,64,4,8,parallel,588335,512
Jubjub-BLS12-381,field_mul,64,5,8,parallel,523094,512
Jubjub-BLS12-381,field_mul,64,6,8,parallel,451290,512
Jubjub-BLS12-381,field_mul,64,7,8,parallel,588896,512
Jubjub-BLS12-381,field_mul,64,8,8,parallel,679064,512
Jubjub-BLS12-381,field_mul,64,9,8,parallel,482989,512
Jubjub-BLS12-381,field_mul,128,0,8,parallel,551757,1024
Jubjub-BLS12-381,field_mul,128,1,8,parallel,619365,1024
Jubjub-BLS12-381,field_mul,128,2,8,parallel,543301,1024
Jubjub-BLS12-381,field_mul,128,3,8,parallel,581762,1024
Jubjub-BLS12-381,field_mul,128,4,8,parallel,703279,1024
Jubjub-BLS12-381,field_mul,128,5,8,parallel,635573,1024
Jubjub-BLS12-381,field_mul,128,6,8,parallel,523680,1024
Jubjub-BLS12-381,field_mul,128,7,8,parallel,490183,1024
Jubjub-BLS12-381,field_mul,128,8,8,parallel,408470,1024
Jubjub-BLS12-381,field_mul,128,9,8,parallel,592533,1024
Jubjub-BLS12-381,field_mul,256,0,8,parallel,628950,2048
Jubjub-BLS12-381,field_mul,256,1,8,parallel,539680,2048
Jubjub-BLS12-381,field_mul,256,2,8,parallel,454533,2048
Jubjub-BLS12-381,field_mul,256,3,8,parallel,537906,2048
Jubjub-BLS12-381,field_mul,256,4,8,parallel,315031,2048
Jubjub-BLS12-381,field_mul,256,5,8,parallel,556596,2048
Jubjub-BLS12-381,field_mul,256,6,8,parallel,570577,2048
Jubjub-BLS12-381,field_mul,256,7,8,parallel,604034,2048
Jubjub-BLS12-381,field_mul,256,8,8,parallel,678502,2048
Jubjub-BLS12-381,field_mul,256,9,8,parallel,515807,2048
Jubjub-BLS12-381,field_mul,512,0,8,parallel,647305,4096
Jubjub-BLS12-381,field_mul,512,1,8,parallel,548611,4096
Jubjub-BLS12-381,field_mul,512,2,8,parallel,725409,4096
Jubjub-BLS12-381,field_mul,512,3,8,parallel,527910,4096
Jubjub-BLS12-381,field_mul,512,4,8,parallel,385206,4096
Jubjub-BLS12-381,field_mul,512,5,8,parallel,247636,4096
Jubjub-BLS12-381,field_mul,512,6,8,parallel,594095,4096
Jubjub-BLS12-381,field_mul,512,7,8,parallel,547343,4096
Jubjub-BLS12-381,field_mul,512,8,8,parallel,554451,4096
Jubjub-BLS12-381,field_mul,512,9,8,parallel,608515,4096
Jubjub-BLS12-381,field_inv,2,0,8,parallel,717034,16
Jubjub-BLS12-381,field_inv,2,1,8,parallel,596530,16
Jubjub-BLS12-381,field_inv,2,2,8,parallel,418665,16
Jubjub-BLS12-381,field_inv,2,3,8,parallel,539584,16
Jubjub-BLS12-381,field_inv,2,4,8,parallel,482928,16
Jubjub-BLS12-381,field_inv,2,5,8,parallel,493108,16
Jubjub-BLS12-381,field_inv,2,6,8,parallel,548981,16
Jubjub-BLS12-381,field_inv,2,7,8,parallel,634000,16
Jubjub-BLS12-381,field_inv,2,8,8,parallel,412275,16
Jubjub-BLS12-381,field_inv,2,9,8,parallel,597845,16
Jubjub-BLS12-381,field_inv,4,0,8,parallel,616117,32
Jubjub-BLS12-381,field_inv,4,1,8,parallel,530337,32
Jubjub-BLS12-381,field_inv,4,2,8,parallel,650601,32
Jubjub-BLS12-381,field_inv,4,3,8,parallel,528764,32
Jubjub-BLS12-381,field_inv,4,4,8,parallel,558575,32
Jubjub-BLS12-381,field_inv,4,5,8,parallel,741991,32
Jubjub-BLS12-381,field_inv,4,6,8,parallel,545731,32
Jubjub-BLS12-381,field_inv,4,7,8,parallel,641915,32
Jubjub-BLS12-381,field_inv,4,8,8,parallel,506472,32
Jubjub-BLS12-381,field_inv,4,9,8,parallel,501002,32
Jubjub-BLS12-381,field_inv,8,0,8,parallel,295790,64
Jubjub-BLS12-381,field_inv,8,1,8,parallel,716884,64
Jubjub-BLS12-381,field_inv,8,2,8,parallel,646649,64
Jubjub-BLS12-381,field_inv,8,3,8,parallel,723567,64
Jubjub-BLS12-381,field_inv,8,4,8,parallel,631304,64
Jubjub-BLS12-381,field_inv,8,5,8,parallel,784410,64
Jubjub-BLS12-381,field_inv,8,6,8,parallel,570571,64
Jubjub-BLS12-381,field_inv,8,7,8,parallel,574579,64
Jubjub-BLS12-381,field_inv,8,8,8,parallel,586251,64
Jubjub-BLS12-381,field_inv,8,9,8,parallel,569056,64
Jubjub-BLS12-381,field_inv,16,0,8,parallel,739537,128
Jubjub-BLS12-381,field_inv,16,1,8,parallel,708308,128
Jubjub-BLS12-381,field_inv,16,2,8,parallel,603063,128
Jubjub-BLS12-381,field_inv,16,3,8,parallel,448945,128
Jubjub-BLS12-381,field_inv,16,4,8,parallel,572376,128
Jubjub-BLS12-381,field_inv,16,5,8,parallel,592672,128
Jubjub-BLS12-381,field_inv,16,6,8,parallel,426494,128
Jubjub-BLS12-381,field_inv,16,7,8,parallel,626846,128
Jubjub-BLS12-381,field_inv,16,8,8,parallel,644910,128
Jubjub-BLS12-381,field_inv,16,9,8,parallel,637517,128
Jubjub-BLS12-381,field_inv,32,0,8,parallel,655931,256
Jubjub-BLS12-381,field_inv,32,1,8,parallel,741711,256
Jubjub-BLS12-381,field_inv,32,2,8,parallel,700614,256
Jubjub-BLS12-381,field_inv,32,3,8,parallel,648854,256
Jubjub-BLS12-381,field_inv,32,4,8,parallel,633249,256
Jubjub-BLS12-381,field_inv,32,5,8,parallel,637666,256
Jubjub-BLS12-381,field_inv,32,6,8,parallel,727374,256
Jubjub-BLS12-381,field_inv,32,7,8,parallel,689503,256
Jubjub-BLS12-381,field_inv,32,8,8,parallel,559501,256
Jubjub-BLS12-381,field_inv,32,9,8,parallel,511182,256
Jubjub-BLS12-381,field_inv,64,0,8,parallel,619468,512
Jubjub-BLS12-381,field_inv,64,1,8,parallel,849752,512
Jubjub-BLS12-381,field_inv,64,2,8,parallel,637165,512
Jubjub-BLS12-381,field_inv,64,3,8,parallel,805119,512
Jubjub-BLS12-381,field_inv,64,4,8,parallel,605822,512
Jubjub-BLS12-381,field_inv,64,5,8,parallel,685857,512
Jubjub-BLS12-381,field_inv,64,6,8,parallel,699261,512
Jubjub-BLS12-381,field_inv,64,7,8,parallel,710598,512
Jubjub-BLS12-381,field_inv,64,8,8,parallel,968142,512
Jubjub-BLS12-381,field_inv,64,9,8,parallel,576283,512
Jubjub-BLS12-381,field_inv,128,0,8,parallel,847938,1024
Jubjub-BLS12-381,field_inv,128,1,8,parallel,821048,1024
Jubjub-BLS12-381,field_inv,128,2,8,parallel,1021481,1024
Jubjub-BLS12-381,field_inv,128,3,8,parallel,849381,1024
Jubjub-BLS12-381,field_inv,128,4,8,parallel,727163,1024
Jubjub-BLS12-381,field_inv,128,5,8,parallel,833371,1024
Jubjub-BLS12-381,field_inv,128,6,8,parallel,685636,1024
Jubjub-BLS12-381,field_inv,128,7,8,parallel,882492,1024
Jubjub-BLS12-381,field_inv,128,8,8,parallel,855091,1024
Jubjub-BLS12-381,field_inv,128,9,8,parallel,913350,1024
Jubjub-BLS12-381,field_inv,256,0,8,parallel,1386450,2048
Jubjub-BLS12-381,field_inv,256,1,8,parallel,1045165,2048
Jubjub-BLS12-381,field_inv,256,2,8,parallel,1039665,2048
Jubjub-BLS12-381,field_inv,256,3,8,parallel,1387528,2048
Jubjub-BLS12-381,field_inv,256,4,8,parallel,1009844,2048
Jubjub-BLS12-381,field_inv,256,5,8,parallel,940566,2048
Jubjub-BLS12-381,field_inv,256,6,8,parallel,1418976,2048
Jubjub-BLS12-381,field_inv,256,7,8,parallel,1320157,2048
Jubjub-BLS12-381,field_inv,256,8,8,parallel,1596171,2048
Jubjub-BLS12-381,field_inv,256,9,8,parallel,1227254,2048
Jubjub-BLS12-381,field_inv,512,0,8,parallel,1690942,4096
Jubjub-BLS12-381,field_inv,512,1,8,parallel,1647831,4096
Jubjub-BLS12-381,field_inv,512,2,8,parallel,1619994,4096
Jubjub-BLS12-381,field_inv,512,3,8,parallel,2416517,4096
Jubjub-BLS12-381,field_inv,512,4,8,parallel,1620620,4096
Jubjub-BLS12-381,field_inv,512,5,8,parallel,1831498,4096
Jubjub-BLS12-381,field_inv,512,6,8,parallel,1645031,4096
Jubjub-BLS12-381,field_inv,512,7,8,parallel,1589143,4096
Jubjub-BLS12-381,field_inv,512,8,8,parallel,1627549,4096
Jubjub-BLS12-381,field_inv,512,9,8,parallel,1629863,4096
BabyJubjub-BN254,field_add,2,0,8,parallel,466489,16
BabyJubjub-BN254,field_add,2,1,8,parallel,389600,16
BabyJubjub-BN254,field_add,2,2,8,parallel,417913,16
BabyJubjub-BN254,field_add,2,3,8,parallel,476457,16
BabyJubjub-BN254,field_add,2,4,8,parallel,407620,16
BabyJubjub-BN254,field_add,2,5,8,parallel,476457,16
BabyJubjub-BN254,field_add,2,6,8,parallel,512138,16
BabyJubjub-BN254,field_add,2,7,8,parallel,394880,16
BabyJubjub-BN254,field_add,2,8,8,parallel,648131,16
BabyJubjub-BN254,field_add,2,9,8,parallel,461842,16
BabyJubjub-BN254,field_add,4,0,8,parallel,395586,32
BabyJubjub-BN254,field_add,4,1,8,parallel,468993,32
BabyJubjub-BN254,field_add,4,2,8,parallel,386352,32
BabyJubjub-BN254,field_add,4,3,8,parallel,452508,32
BabyJubjub-BN254,field_add,4,4,8,parallel,411225,32
BabyJubjub-BN254,field_add,4,5,8,parallel,353287,32
BabyJubjub-BN254,field_add,4,6,8,parallel,490906,32
BabyJubjub-BN254,field_add,4,7,8,parallel,540536,32
BabyJubjub-BN254,field_add,4,8,8,parallel,462646,32
BabyJubjub-BN254,field_add,4,9,8,parallel,446310,32
BabyJubjub-BN254,field_add,8,0,8,parallel,417217,64
BabyJubjub-BN254,field_add,8,1,8,parallel,412373,64
BabyJubjub-BN254,field_add,8,2,8,parallel,391594,64
BabyJubjub-BN254,field_add,8,3,8,parallel,442013,64
BabyJubjub-BN254,field_add,8,4,8,parallel,475129,64
BabyJubjub-BN254,field_add,8,5,8,parallel,366745,64
BabyJubjub-BN254,field_add,8,6,8,parallel,505000,64
BabyJubjub-BN254,field_add,8,7,8,parallel,430391,64
BabyJubjub-BN254,field_add,8,8,8,parallel,452387,64
BabyJubjub-BN254,field_add,8,9,8,parallel,453313,64
BabyJubjub-BN254,field_add,16,0,8,parallel,451405,128
BabyJubjub-BN254,field_add,16,1,8,parallel,395395,128
BabyJubjub-BN254,field_add,16,2,8,parallel,422208,128
BabyJubjub-BN254,field_add,16,3,8,parallel,471854,128
BabyJubjub-BN254,field_add,16,4,8,parallel,425036,128
BabyJubjub-BN254,field_add,16,5,8,parallel,427466,128
BabyJubjub-BN254,field_add,16,6,8,parallel,399126,128
BabyJubjub-BN254,field_add,16,7,8,parallel,452768,128
BabyJubjub-BN254,field_add,16,8,8,parallel,499469,128
BabyJubjub-BN254,field_add,16,9,8,parallel,412302,128
BabyJubjub-BN254,field_add,32,0,8,parallel,487036,256
BabyJubjub-BN254,field_add,32,1,8,parallel,376089,256
BabyJubjub-BN254,field_add,32,2,8,parallel,389760,256
BabyJubjub-BN254,field_add,32,3,8,parallel,514487,256
BabyJubjub-BN254,field_add,32,4,8,parallel,527591,256
BabyJubjub-BN254,field_add,32,5,8,parallel,482558,256
BabyJubjub-BN254,field_add,32,6,8,parallel,410273,256
BabyJubjub-BN254,field_add,32,7,8,parallel,285997,256
BabyJubjub-BN254,field_add,32,8,8,parallel,407899,256
BabyJubjub-BN254,field_add,32,9,8,parallel,550103,256
BabyJubjub-BN254,field_add,64,0,8,parallel,250852,512
BabyJubjub-BN254,field_add,64,1,8,parallel,498618,512
BabyJubjub-BN254,field_add,64,2,8,parallel,514909,512
BabyJubjub-BN254,field_add,64,3,8,parallel,412683,512
BabyJubjub-BN254,field_add,64,4,8,parallel,273113,512
BabyJubjub-BN254,field_add,64,5,8,parallel,441366,512
BabyJubjub-BN254,field_add,64,6,8,parallel,474879,512
BabyJubjub-BN254,field_add,64,7,8,parallel,536679,512
BabyJubjub-BN254,field_add,64,8,8,parallel,405797,512
BabyJubjub-BN254,field_add,64,9,8,parallel,627768,512
BabyJubjub-BN254,field_add,128,0,8,parallel,530688,1024
BabyJubjub-BN254,field_add,128,1,8,parallel,509898,1024
BabyJubjub-BN254,field_add,128,2,8,parallel,498157,1024
BabyJubjub-BN254,field_add,128,3,8,parallel,365701,1024
BabyJubjub-BN254,field_add,128,4,8,parallel,608074,1024
BabyJubjub-BN254,field_add,128,5,8,parallel,486317,1024
BabyJubjub-BN254,field_add,128,6,8,parallel,464300,1024
BabyJubjub-BN254,field_add,128,7,8,parallel,490708,1024
BabyJubjub-BN254,field_add,128,8,8,parallel,508651,1024
BabyJubjub-BN254,field_add,128,9,8,parallel,538121,1024
BabyJubjub-BN254,field_add,256,0,8,parallel,536914,2048
BabyJubjub-BN254,field_add,256,1,8,parallel,452452,2048
BabyJubjub-BN254,field_add,256,2,8,parallel,630603,2048
BabyJubjub-BN254,field_add,256,3,8,parallel,621306,2048
BabyJubjub-BN254,field_add,256,4,8,parallel,403120,2048
BabyJubjub-BN254,field_add,256,5,8,parallel,503868,2048
BabyJubjub-BN254,field_add,256,6,8,parallel,785211,2048
BabyJubjub-BN254,field_add,256,7,8,parallel,552438,2048
BabyJubjub-BN254,field_add,256,8,8,parallel,573072,2048
BabyJubjub-BN254,field_add,256,9,8,parallel,626163,2048
BabyJubjub-BN254,field_add,512,0,8,parallel,625464,4096
BabyJubjub-BN254,field_add,512,1,8,parallel,555714,4096
BabyJubjub-BN254,field_add,512,2,8,parallel,510027,4096
BabyJubjub-BN254,field_add,512,3,8,parallel,406682,4096
BabyJubjub-BN254,field_add,512,4,8,parallel,620590,4096
BabyJubjub-BN254,field_add,512,5,8,parallel,521911,4096
BabyJubjub-BN254,field_add,512,6,8,parallel,499464,4096
BabyJubjub-BN254,field_add,512,7,8,parallel,559922,4096
BabyJubjub-BN254,field_add,512,8,8,parallel,554272,4096
BabyJubjub-BN254,field_add,512,9,8,parallel,481866,4096
BabyJubjub-BN254,field_mul,2,0,8,parallel,458854,16
BabyJubjub-BN254,field_mul,2,1,8,parallel,386890,16
BabyJubjub-BN254,field_mul,2,2,8,parallel,343860,16
BabyJubjub-BN254,field_mul,2,3,8,parallel,469985,16
BabyJubjub-BN254,field_mul,2,4,8,parallel,467908,16
BabyJubjub-BN254,field_mul,2,5,8,parallel,417635,16
BabyJubjub-BN254,field_mul,2,6,8,parallel,413178,16
BabyJubjub-BN254,field_mul,2,7,8,parallel,457759,16
BabyJubjub-BN254,field_mul,2,8,8,parallel,408530,16
BabyJubjub-BN254,field_mul,2,9,8,parallel,342057,16
BabyJubjub-BN254,field_mul,4,0,8,parallel,424360,32
BabyJubjub-BN254,field_mul,4,1,8,parallel,403191,32
BabyJubjub-BN254,field_mul,4,2,8,parallel,570682,32
BabyJubjub-BN254,field_mul,4,3,8,parallel,392681,32
BabyJubjub-BN254,field_mul,4,4,8,parallel,342277,32
BabyJubjub-BN254,field_mul,4,5,8,parallel,448365,32
BabyJubjub-BN254,field_mul,4,6,8,parallel,487026,32
BabyJubjub-BN254,field_mul,4,7,8,parallel,492111,32
BabyJubjub-BN254,field_mul,4,8,8,parallel,393613,32
BabyJubjub-BN254,field_mul,4,9,8,parallel,454306,32
BabyJubjub-BN254,field_mul,8,0,8,parallel,553190,64
BabyJubjub-BN254,field_mul,8,1,8,parallel,355672,64
BabyJubjub-BN254,field_mul,8,2,8,parallel,516922,64
BabyJubjub-BN254,field_mul,8,3,8,parallel,449396,64
BabyJubjub-BN254,field_mul,8,4,8,parallel,413389,64
BabyJubjub-BN254,field_mul,8,5,8,parallel,491215,64
BabyJubjub-BN254,field_mul,8,6,8,parallel,392363,64
BabyJubjub-BN254,field_mul,8,7,8,parallel,242907,64
BabyJubjub-BN254,field_mul,8,8,8,parallel,428076,64
BabyJubjub-BN254,field_mul,8,9,8,parallel,425511,64
BabyJubjub-BN254,field_mul,16,0,8,parallel,611518,128
BabyJubjub-BN254,field_mul,16,1,8,parallel,610261,128
BabyJubjub-BN254,field_mul,16,2,8,parallel,496854,128
BabyJubjub-BN254,field_mul,16,3,8,parallel,465872,128
BabyJubjub-BN254,field_mul,16,4,8,parallel,556655,128
BabyJubjub-BN254,field_mul,16,5,8,parallel,486696,128
BabyJubjub-BN254,field_mul,16,6,8,parallel,514262,128
BabyJubjub-BN254,field_mul,16,7,8,parallel,476362,128
BabyJubjub-BN254,field_mul,16,8,8,parallel,372199,128
BabyJubjub-BN254,field_mul,16,9,8,parallel,357891,128
BabyJubjub-BN254,field_mul,32,0,8,parallel,479612,256
BabyJubjub-BN254,field_mul,32,1,8,parallel,421590,256
BabyJubjub-BN254,field_mul,32,2,8,parallel,482172,256
BabyJubjub-BN254,field_mul,32,3,8,parallel,540646,256
BabyJubjub-BN254,field_mul,32,4,8,parallel,533402,256
BabyJubjub-BN254,field_mul,32,5,8,parallel,411631,256
BabyJubjub-BN254,field_mul,32,6,8,parallel,646052,256
BabyJubjub-BN254,field_mul,32,7,8,parallel,481703,256
BabyJubjub-BN254,field_mul,32,8,8,parallel,474363,256
BabyJubjub-BN254,field_mul,32,9,8,parallel,688093,256
BabyJubjub-BN254,field_mul,64,0,8,parallel,524896,512
BabyJubjub-BN254,field_mul,64,1,8,parallel,602752,512
BabyJubjub-BN254,field_mul,64,2,8,parallel,481977,512
BabyJubjub-BN254,field_mul,64,3,8,parallel,484163,512
BabyJubjub-BN254,field_mul,64,4,8,parallel,492216,512
BabyJubjub-BN254,field_mul,64,5,8,parallel,708923,512
BabyJubjub-BN254,field_mul,64,6,8,parallel,553583,512
BabyJubjub-BN254,field_mul,64,7,8,parallel,495432,512
BabyJubjub-BN254,field_mul,64,8,8,parallel,532381,512
BabyJubjub-BN254,field_mul,64,9,8,parallel,666751,512
BabyJubjub-BN254,field_mul,128,0,8,parallel,550509,1024
BabyJubjub-BN254,field_mul,128,1,8,parallel,635458,1024
BabyJubjub-BN254,field_mul,128,2,8,parallel,581041,1024
BabyJubjub-BN254,field_mul,128,3,8,parallel,643587,1024
BabyJubjub-BN254,field_mul,128,4,8,parallel,280202,1024
BabyJubjub-BN254,field_mul,128,5,8,parallel,734632,1024
BabyJubjub-BN254,field_mul,128,6,8,parallel,725115,1024
BabyJubjub-BN254,field_mul,128,7,8,parallel,529545,1024
BabyJubjub-BN254,field_mul,128,8,8,parallel,602937,1024
BabyJubjub-BN254,field_mul,128,9,8,parallel,526120,1024
BabyJubjub-BN254,field_mul,256,0,8,parallel,529768,2048
BabyJubjub-BN254,field_mul,256,1,8,parallel,718172,2048
BabyJubjub-BN254,field_mul,256,2,8,parallel,521087,2048
BabyJubjub-BN254,field_mul,256,3,8,parallel,446270,2048
BabyJubjub-BN254,field_mul,256,4,8,parallel,596005,2048
BabyJubjub-BN254,field_mul,256,5,8,parallel,532115,2048
BabyJubjub-BN254,field_mul,256,6,8,parallel,553702,2048
BabyJubjub-BN254,field_mul,256,7,8,parallel,593800,2048
BabyJubjub-BN254,field_mul,256,8,8,parallel,477218,2048
BabyJubjub-BN254,field_mul,256,9,8,parallel,558975,2048
BabyJubjub-BN254,field_mul,512,0,8,parallel,658072,4096
BabyJubjub-BN254,field_mul,512,1,8,parallel,685638,4096
BabyJubjub-BN254,field_mul,512,2,8,parallel,536753,4096
BabyJubjub-BN254,field_mul,512,3,8,parallel,569124,4096
BabyJubjub-BN254,field_mul,512,4,8,parallel,589497,4096
BabyJubjub-BN254,field_mul,512,5,8,parallel,494870,4096
BabyJubjub-BN254,field_mul,512,6,8,parallel,556014,4096
BabyJubjub-BN254,field_mul,512,7,8,parallel,701495,4096
BabyJubjub-BN254,field_mul,512,8,8,parallel,466057,4096
BabyJubjub-BN254,field_mul,512,9,8,parallel,423709,4096
BabyJubjub-BN254,field_inv,2,0,8,parallel,653081,16
BabyJubjub-BN254,field_inv,2,1,8,parallel,557052,16
BabyJubjub-BN254,field_inv,2,2,8,parallel,652384,16
BabyJubjub-BN254,field_inv,2,3,8,parallel,523459,16
BabyJubjub-BN254,field_inv,2,4,8,parallel,685155,16
BabyJubjub-BN254,field_inv,2,5,8,parallel,554644,16
BabyJubjub-BN254,field_inv,2,6,8,parallel,517533,16
BabyJubjub-BN254,field_inv,2,7,8,parallel,528699,16
BabyJubjub-BN254,field_inv,2,8,8,parallel,381112,16
BabyJubjub-BN254,field_inv,2,9,8,parallel,351349,16
BabyJubjub-BN254,field_inv,4,0,8,parallel,530257,32
BabyJubjub-BN254,field_inv,4,1,8,parallel,569459,32
BabyJubjub-BN254,field_inv,4,2,8,parallel,505515,32
BabyJubjub-BN254,field_inv,4,3,8,parallel,616007,32
BabyJubjub-BN254,field_inv,4,4,8,parallel,585961,32
BabyJubjub-BN254,field_inv,4,5,8,parallel,641925,32
BabyJubjub-BN254,field_inv,4,6,8,parallel,762644,32
BabyJubjub-BN254,field_inv,4,7,8,parallel,508376,32
BabyJubjub-BN254,field_inv,4,8,8,parallel,611508,32
BabyJubjub-BN254,field_inv,4,9,8,parallel,562342,32
BabyJubjub-BN254,field_inv,8,0,8,parallel,435127,64
BabyJubjub-BN254,field_inv,8,1,8,parallel,511557,64
BabyJubjub-BN254,field_inv,8,2,8,parallel,551036,64
BabyJubjub-BN254,field_inv,8,3,8,parallel,661401,64
BabyJubjub-BN254,field_inv,8,4,8,parallel,664273,64
BabyJubjub-BN254,field_inv,8,5,8,parallel,564025,64
BabyJubjub-BN254,field_inv,8,6,8,parallel,596475,64
BabyJubjub-BN254,field_inv,8,7,8,parallel,643983,64
BabyJubjub-BN254,field_inv,8,8,8,parallel,586160,64
BabyJubjub-BN254,field_inv,8,9,8,parallel,627212,64
BabyJubjub-BN254,field_inv,16,0,8,parallel,812439,128
BabyJubjub-BN254,field_inv,16,1,8,parallel,632788,128
BabyJubjub-BN254,field_inv,16,2,8,parallel,580836,128
BabyJubjub-BN254,field_inv,16,3,8,parallel,500341,128
BabyJubjub-BN254,field_inv,16,4,8,parallel,574599,128
BabyJubjub-BN254,field_inv,16,5,8,parallel,735684,128
BabyJubjub-BN254,field_inv,16,6,8,parallel,731647,128
BabyJubjub-BN254,field_inv,16,7,8,parallel,614639,128
BabyJubjub-BN254,field_inv,16,8,8,parallel,615616,128
BabyJubjub-BN254,field_inv,16,9,8,parallel,795350,128
BabyJubjub-BN254,field_inv,32,0,8,parallel,574633,256
BabyJubjub-BN254,field_inv,32,1,8,parallel,452657,256
BabyJubjub-BN254,field_inv,32,2,8,parallel,701385,256
BabyJubjub-BN254,field_inv,32,3,8,parallel,556225,256
BabyJubjub-BN254,field_inv,32,4,8,parallel,682085,256
BabyJubjub-BN254,field_inv,32,5,8,parallel,670532,256
BabyJubjub-BN254,field_inv,32,6,8,parallel,626355,256
BabyJubjub-BN254,field_inv,32,7,8,parallel,701516,256
BabyJubjub-BN254,field_inv,32,8,8,parallel,622394,256
BabyJubjub-BN254,field_inv,32,9,8,parallel,596517,256
BabyJubjub-BN254,field_inv,64,0,8,parallel,661771,512
BabyJubjub-BN254,field_inv,64,1,8,parallel,648221,512
BabyJubjub-BN254,field_inv,64,2,8,parallel,798821,512
BabyJubjub-BN254,field_inv,64,3,8,parallel,815212,512
BabyJubjub-BN254,field_inv,64,4,8,parallel,680396,512
BabyJubjub-BN254,field_inv,64,5,8,parallel,530041,512
BabyJubjub-BN254,field_inv,64,6,8,parallel,709866,512
BabyJubjub-BN254,field_inv,64,7,8,parallel,652805,512
BabyJubjub-BN254,field_inv,64,8,8,parallel,616708,512
BabyJubjub-BN254,field_inv,64,9,8,parallel,676865,512
BabyJubjub-BN254,field_inv,128,0,8,parallel,944670,1024
BabyJubjub-BN254,field_inv,128,1,8,parallel,875309,1024
BabyJubjub-BN254,field_inv,128,2,8,parallel,750051,1024
BabyJubjub-BN254,field_inv,128,3,8,parallel,815878,1024
BabyJubjub-BN254,field_inv,128,4,8,parallel,885292,1024
BabyJubjub-BN254,field_inv,128,5,8,parallel,785943,1024
BabyJubjub-BN254,field_inv,128,6,8,parallel,925372,1024
BabyJubjub-BN254,field_inv,128,7,8,parallel,754865,1024
BabyJubjub-BN254,field_inv,128,8,8,parallel,860271,1024
BabyJubjub-BN254,field_inv,128,9,8,parallel,1009664,1024
BabyJubjub-BN254,field_inv,256,0,8,parallel,1287752,2048
BabyJubjub-BN254,field_inv,256,1,8,parallel,1422557,2048
BabyJubjub-BN254,field_inv,256,2,8,parallel,1068829,2048
BabyJubjub-BN254,field_inv,256,3,8,parallel,1328612,2048
BabyJubjub-BN254,field_inv,256,4,8,parallel,1138431,2048
BabyJubjub-BN254,field_inv,256,5,8,parallel,1116444,2048
BabyJubjub-BN254,field_inv,256,6,8,parallel,1401447,2048
BabyJubjub-BN254,field_inv,256,7,8,parallel,1044068,2048
BabyJubjub-BN254,field_inv,256,8,8,parallel,1247968,2048
BabyJubjub-BN254,field_inv,256,9,8,parallel,1522744,2048
BabyJubjub-BN254,field_inv,512,0,8,parallel,2181559,4096
BabyJubjub-BN254,field_inv,512,1,8,parallel,2372154,4096
BabyJubjub-BN254,field_inv,512,2,8,parallel,2313461,4096
BabyJubjub-BN254,field_inv,512,3,8,parallel,2269764,4096
BabyJubjub-BN254,field_inv,512,4,8,parallel,1774272,4096
BabyJubjub-BN254,field_inv,512,5,8,parallel,1762971,4096
BabyJubjub-BN254,field_inv,512,6,8,parallel,2192971,4096
BabyJubjub-BN254,field_inv,512,7,8,parallel,2214944,4096
BabyJubjub-BN254,field_inv,512,8,8,parallel,2404634,4096
BabyJubjub-BN254,field_inv,512,9,8,parallel,1814887,4096
BN254,ntt,2,0,8,parallel,584783,16
BN254,ntt,2,1,8,parallel,466981,16
BN254,ntt,2,2,8,parallel,560108,16
BN254,ntt,2,3,8,parallel,693668,16
BN254,ntt,2,4,8,parallel,564520,16
BN254,ntt,2,5,8,parallel,494568,16
BN254,ntt,2,6,8,parallel,548400,16
BN254,ntt,2,7,8,parallel,515590,16
BN254,ntt,2,8,8,parallel,613752,16
BN254,ntt,2,9,8,parallel,553953,16
BN254,ntt,4,0,8,parallel,701275,64
BN254,ntt,4,1,8,parallel,504025,64
BN254,ntt,4,2,8,parallel,450629,64
BN254,ntt,4,3,8,parallel,531596,64
BN254,ntt,4,4,8,parallel,591067,64
BN254,ntt,4,5,8,parallel,534524,64
BN254,ntt,4,6,8,parallel,535871,64
BN254,ntt,4,7,8,parallel,349084,64
BN254,ntt,4,8,8,parallel,549282,64
BN254,ntt,4,9,8,parallel,772417,64
BN254,ntt,8,0,8,parallel,684824,192
BN254,ntt,8,1,8,parallel,600854,192
BN254,ntt,8,2,8,parallel,428372,192
BN254,ntt,8,3,8,parallel,678207,192
BN254,ntt,8,4,8,parallel,629797,192
BN254,ntt,8,5,8,parallel,254995,192
BN254,ntt,8,6,8,parallel,534477,192
BN254,ntt,8,7,8,parallel,587283,192
BN254,ntt,8,8,8,parallel,548506,192
BN254,ntt,8,9,8,parallel,580232,192
BN254,ntt,16,0,8,parallel,587148,512
BN254,ntt,16,1,8,parallel,544533,512
BN254,ntt,16,2,8,parallel,488263,512
BN254,ntt,16,3,8,parallel,545480,512
BN254,ntt,16,4,8,parallel,581793,512
BN254,ntt,16,5,8,parallel,966651,512
BN254,ntt,16,6,8,parallel,609799,512
BN254,ntt,16,7,8,parallel,441156,512
BN254,ntt,16,8,8,parallel,470486,512
BN254,ntt,16,9,8,parallel,451780,512
BN254,ntt,32,0,8,parallel,576564,1280
BN254,ntt,32,1,8,parallel,256693,1280
BN254,ntt,32,2,8,parallel,593389,1280
BN254,ntt,32,3,8,parallel,407023,1280
BN254,ntt,32,4,8,parallel,521341,1280
BN254,ntt,32,5,8,parallel,710843,1280
BN254,ntt,32,6,8,parallel,604499,1280
BN254,ntt,32,7,8,parallel,511036,1280
BN254,ntt,32,8,8,parallel,547650,1280
BN254,ntt,32,9,8,parallel,624692,1280
BN254,ntt,64,0,8,parallel,659893,3072
BN254,ntt,64,1,8,parallel,434729,3072
BN254,ntt,64,2,8,parallel,571829,3072
BN254,ntt,64,3,8,parallel,603548,3072
BN254,ntt,64,4,8,parallel,526256,3072
BN254,ntt,64,5,8,parallel,459761,3072
BN254,ntt,64,6,8,parallel,562106,3072
BN254,ntt,64,7,8,parallel,617992,3072
BN254,ntt,64,8,8,parallel,592162,3072
BN254,ntt,64,9,8,parallel,719715,3072
BN254,ntt,128,0,8,parallel,588215,7168
BN254,ntt,128,1,8,parallel,505345,7168
BN254,ntt,128,2,8,parallel,413878,7168
BN254,ntt,128,3,8,parallel,649304,7168
BN254,ntt,128,4,8,parallel,552694,7168
BN254,ntt,128,5,8,parallel,614995,7168
BN254,ntt,128,6,8,parallel,493478,7168
BN254,ntt,128,7,8,parallel,485018,7168
BN254,ntt,128,8,8,parallel,724283,7168
BN254,ntt,128,9,8,parallel,468112,7168
BN254,ntt,256,0,8,parallel,505460,16384
BN254,ntt,256,1,8,parallel,560819,16384
BN254,ntt,256,2,8,parallel,678718,16384
BN254,ntt,256,3,8,parallel,619164,16384
BN254,ntt,256,4,8,parallel,596422,16384
BN254,ntt,256,5,8,parallel,516799,16384
BN254,ntt,256,6,8,parallel,568438,16384
BN254,ntt,256,7,8,parallel,541463,16384
BN254,ntt,256,8,8,parallel,564546,16384
BN254,ntt,256,9,8,parallel,422221,16384
BN254,ntt,512,0,8,parallel,668489,36864
BN254,ntt,512,1,8,parallel,657062,36864
BN254,ntt,512,2,8,parallel,601254,36864
BN254,ntt,512,3,8,parallel,700791,36864
BN254,ntt,512,4,8,parallel,712398,36864
BN254,ntt,512,5,8,parallel,659943,36864
BN254,ntt,512,6,8,parallel,590259,36864
BN254,ntt,512,7,8,parallel,658976,36864
BN254,ntt,512,8,8,parallel,539719,36864
BN254,ntt,512,9,8,parallel,624612,36864
BLS12-377,ntt,2,0,8,parallel,786318,16
BLS12-377,ntt,2,1,8,parallel,459825,16
BLS12-377,ntt,2,2,8,parallel,633559,16
BLS12-377,ntt,2,3,8,parallel,754316,16
BLS12-377,ntt,2,4,8,parallel,645792,16
BLS12-377,ntt,2,5,8,parallel,574839,16
BLS12-377,ntt,2,6,8,parallel,636124,16
BLS12-377,ntt,2,7,8,parallel,598899,16
BLS12-377,ntt,2,8,8,parallel,612557,16
BLS12-377,ntt,2,9,8,parallel,526134,16
BLS12-377,ntt,4,0,8,parallel,335612,64
BLS12-377,ntt,4,1,8,parallel,533475,64
BLS12-377,ntt,4,2,8,parallel,554421,64
BLS12-377,ntt,4,3,8,parallel,547840,64
BLS12-377,ntt,4,4,8,parallel,330230,64
BLS12-377,ntt,4,5,8,parallel,485493,64
BLS12-377,ntt,4,6,8,parallel,438301,64
BLS12-377,ntt,4,7,8,parallel,427803,64
BLS12-377,ntt,4,8,8,parallel,752470,64
BLS12-377,ntt,4,9,8,parallel,626403,64
BLS12-377,ntt,8,0,8,parallel,546484,192
BLS12-377,ntt,8,1,8,parallel,527903,192
BLS12-377,ntt,8,2,8,parallel,438807,192
BLS12-377,ntt,8,3,8,parallel,625013,192
BLS12-377,ntt,8,4,8,parallel,620239,192
BLS12-377,ntt,8,5,8,parallel,566898,192
BLS12-377,ntt,8,6,8,parallel,473060,192
BLS12-377,ntt,8,7,8,parallel,609273,192
BLS12-377,ntt,8,8,8,parallel,321132,192
BLS12-377,ntt,8,9,8,parallel,395247,192
BLS12-377,ntt,16,0,8,parallel,601203,512
BLS12-377,ntt,16,1,8,parallel,509724,512
BLS12-377,ntt,16,2,8,parallel,481070,512
BLS12-377,ntt,16,3,8,parallel,446340,512
BLS12-377,ntt,16,4,8,parallel,541433,512
BLS12-377,ntt,16,5,8,parallel,457722,512
BLS12-377,ntt,16,6,8,parallel,325736,512
BLS12-377,ntt,16,7,8,parallel,519161,512
BLS12-377,ntt,16,8,8,parallel,501719,512
BLS12-377,ntt,16,9,8,parallel,458708,512
BLS12-377,ntt,32,0,8,parallel,471627,1280
BLS12-377,ntt,32,1,8,parallel,632873,1280
BLS12-377,ntt,32,2,8,parallel,713733,1280
BLS12-377,ntt,32,3,8,parallel,472144,1280
BLS12-377,ntt,32,4,8,parallel,509778,1280
BLS12-377,ntt,32,5,8,parallel,306681,1280
BLS12-377,ntt,32,6,8,parallel,585345,1280
BLS12-377,ntt,32,7,8,parallel,437189,1280
BLS12-377,ntt,32,8,8,parallel,575383,1280
BLS12-377,ntt,32,9,8,parallel,505591,1280
BLS12-377,ntt,64,0,8,parallel,498315,3072
BLS12-377,ntt,64,1,8,parallel,621816,3072
BLS12-377,ntt,64,2,8,parallel,514873,3072
BLS12-377,ntt,64,3,8,parallel,603170,3072
BLS12-377,ntt,64,4,8,parallel,464094,3072
BLS12-377,ntt,64,5,8,parallel,597679,3072
BLS12-377,ntt,64,6,8,parallel,595343,3072
BLS12-377,ntt,64,7,8,parallel,477428,3072
BLS12-377,ntt,64,8,8,parallel,599673,3072
BLS12-377,ntt,64,9,8,parallel,555103,3072
BLS12-377,ntt,128,0,8,parallel,720836,7168
BLS12-377,ntt,128,1,8,parallel,534069,7168
BLS12-377,ntt,128,2,8,parallel,556258,7168
BLS12-377,ntt,128,3,8,parallel,499239,7168
BLS12-377,ntt,128,4,8,parallel,544654,7168
BLS12-377,ntt,128,5,8,parallel,626747,7168
BLS12-377,ntt,128,6,8,parallel,538652,7168
BLS12-377,ntt,128,7,8,parallel,620414,7168
BLS12-377,ntt,128,8,8,parallel,581813,7168
BLS12-377,ntt,128,9,8,parallel,400911,7168
BLS12-377,ntt,256,0,8,parallel,275483,16384
BLS12-377,ntt,256,1,8,parallel,488774,16384
BLS12-377,ntt,256,2,8,parallel,671214,16384
BLS12-377,ntt,256,3,8,parallel,483780,16384
BLS12-377,ntt,256,4,8,parallel,684775,16384
BLS12-377,ntt,256,5,8,parallel,611478,16384
BLS12-377,ntt,256,6,8,parallel,526369,16384
BLS12-377,ntt,256,7,8,parallel,406397,16384
BLS12-377,ntt,256,8,8,parallel,433937,16384
BLS12-377,ntt,256,9,8,parallel,573771,16384
BLS12-377,ntt,512,0,8,parallel,647480,36864
BLS12-377,ntt,512,1,8,parallel,611147,36864
BLS12-377,ntt,512,2,8,parallel,543541,36864
BLS12-377,ntt,512,3,8,parallel,759123,36864
BLS12-377,ntt,512,4,8,parallel,717435,36864
BLS12-377,ntt,512,5,8,parallel,599105,36864
BLS12-377,ntt,512,6,8,parallel,654959,36864
BLS12-377,ntt,512,7,8,parallel,485914,36864
BLS12-377,ntt,512,8,8,parallel,618837,36864
BLS12-377,ntt,512,9,8,parallel,815763,36864
BLS12-381,ntt,2,0,8,parallel,536093,16
BLS12-381,ntt,2,1,8,parallel,370460,16
BLS12-381,ntt,2,2,8,parallel,463412,16
BLS12-381,ntt,2,3,8,parallel,547200,16
BLS12-381,ntt,2,4,8,parallel,530257,16
BLS12-381,ntt,2,5,8,parallel,562275,16
BLS12-381,ntt,2,6,8,parallel,249804,16
BLS12-381,ntt,2,7,8,parallel,583386,16
BLS12-381,ntt,2,8,8,parallel,480314,16
BLS12-381,ntt,2,9,8,parallel,620407,16
BLS12-381,ntt,4,0,8,parallel,576282,64
BLS12-381,ntt,4,1,8,parallel,687871,64
BLS12-381,ntt,4,2,8,parallel,516381,64
BLS12-381,ntt,4,3,8,parallel,561500,64
BLS12-381,ntt,4,4,8,parallel,498973,64
BLS12-381,ntt,4,5,8,parallel,553661,64
BLS12-381,ntt,4,6,8,parallel,677681,64
BLS12-381,ntt,4,7,8,parallel,582794,64
BLS12-381,ntt,4,8,8,parallel,286693,64
BLS12-381,ntt,4,9,8,parallel,668536,64
BLS12-381,ntt,8,0,8,parallel,548992,192
BLS12-381,ntt,8,1,8,parallel,524125,192
BLS12-381,ntt,8,2,8,parallel,519025,192
BLS12-381,ntt,8,3,8,parallel,596901,192
BLS12-381,ntt,8,4,8,parallel,472715,192
BLS12-381,ntt,8,5,8,parallel,400846,192
BLS12-381,ntt,8,6,8,parallel,576583,192
BLS12-381,ntt,8,7,8,parallel,554041,192
BLS12-381,ntt,8,8,8,parallel,631395,192
BLS12-381,ntt,8,9,8,parallel,633579,192
BLS12-381,ntt,16,0,8,parallel,703609,512
BLS12-381,ntt,16,1,8,parallel,596740,512
BLS12-381,ntt,16,2,8,parallel,572226,512
BLS12-381,ntt,16,3,8,parallel,462591,512
BLS12-381,ntt,16,4,8,parallel,574669,512
BLS12-381,ntt,16,5,8,parallel,570331,512
BLS12-381,ntt,16,6,8,parallel,235985,512
BLS12-381,ntt,16,7,8,parallel,297800,512
BLS12-381,ntt,16,8,8,parallel,708282,512
BLS12-381,ntt,16,9,8,parallel,654639,512
BLS12-381,ntt,32,0,8,parallel,409757,1280
BLS12-381,ntt,32,1,8,parallel,381770,1280
BLS12-381,ntt,32,2,8,parallel,653336,1280
BLS12-381,ntt,32,3,8,parallel,648532,1280
BLS12-381,ntt,32,4,8,parallel,505588,1280
BLS12-381,ntt,32,5,8,parallel,282755,1280
BLS12-381,ntt,32,6,8,parallel,627928,1280
BLS12-381,ntt,32,7,8,parallel,642461,1280
BLS12-381,ntt,32,8,8,parallel,600658,1280
BLS12-381,ntt,32,9,8,parallel,241373,1280
BLS12-381,ntt,64,0,8,parallel,672557,3072
BLS12-381,ntt,64,1,8,parallel,499873,3072
BLS12-381,ntt,64,2,8,parallel,406757,3072
BLS12-381,ntt,64,3,8,parallel,453053,3072
BLS12-381,ntt,64,4,8,parallel,581112,3072
BLS12-381,ntt,64,5,8,parallel,451274,3072
BLS12-381,ntt,64,6,8,parallel,555734,3072
BLS12-381,ntt,64,7,8,parallel,705588,3072
BLS12-381,ntt,64,8,8,parallel,600572,3072
BLS12-381,ntt,64,9,8,parallel,574595,3072
BLS12-381,ntt,128,0,8,parallel,578877,7168
BLS12-381,ntt,128,1,8,parallel,620938,7168
BLS12-381,ntt,128,2,8,parallel,557498,7168
BLS12-381,ntt,128,3,8,parallel,520120,7168
BLS12-381,ntt,128,4,8,parallel,711503,7168
BLS12-381,ntt,128,5,8,parallel,568358,7168
BLS12-381,ntt,128,6,8,parallel,452742,7168
BLS12-381,ntt,128,7,8,parallel,727794,7168
BLS12-381,ntt,128,8,8,parallel,443594,7168
BLS12-381,ntt,128,9,8,parallel,625184,7168
BLS12-381,ntt,256,0,8,parallel,564460,16384
BLS12-381,ntt,256,1,8,parallel,602321,16384
BLS12-381,ntt,256,2,8,parallel,510840,16384
BLS12-381,ntt,256,3,8,parallel,632457,16384
BLS12-381,ntt,256,4,8,parallel,600077,16384
BLS12-381,ntt,256,5,8,parallel,711023,16384
BLS12-381,ntt,256,6,8,parallel,581592,16384
BLS12-381,ntt,256,7,8,parallel,577815,16384
BLS12-381,ntt,256,8,8,parallel,573537,16384
BLS12-381,ntt,256,9,8,parallel,724959,16384
BLS12-381,ntt,512,0,8,parallel,515420,36864
BLS12-381,ntt,512,1,8,parallel,801101,36864
BLS12-381,ntt,512,2,8,parallel,612783,36864
BLS12-381,ntt,512,3,8,parallel,449597,36864
BLS12-381,ntt,512,4,8,parallel,410184,36864
BLS12-381,ntt,512,5,8,parallel,522853,36864
BLS12-381,ntt,512,6,8,parallel,633840,36864
BLS12-381,ntt,512,7,8,parallel,817962,36864
BLS12-381,ntt,512,8,8,parallel,404873,36864
BLS12-381,ntt,512,9,8,parallel,656426,36864
BW6-761,ntt,2,0,8,parallel,551867,16
BW6-761,ntt,2,1,8,parallel,640362,16
BW6-761,ntt,2,2,8,parallel,478570,16
BW6-761,ntt,2,3,8,parallel,638808,16
BW6-761,ntt,2,4,8,parallel,313504,16
BW6-761,ntt,2,5,8,parallel,490292,16
BW6-761,ntt,2,6,8,parallel,287555,16
BW6-761,ntt,2,7,8,parallel,610581,16
BW6-761,ntt,2,8,8,parallel,645641,16
BW6-761,ntt,2,9,8,parallel,465386,16
BW6-761,ntt,4,0,8,parallel,629983,64
BW6-761,ntt,4,1,8,parallel,614243,64
BW6-761,ntt,4,2,8,parallel,602308,64
BW6-761,ntt,4,3,8,parallel,579068,64
BW6-761,ntt,4,4,8,parallel,357805,64
BW6-761,ntt,4,5,8,parallel,509388,64
BW6-761,ntt,4,6,8,parallel,492013,64
BW6-761,ntt,4,7,8,parallel,475144,64
BW6-761,ntt,4,8,8,parallel,692619,64
BW6-761,ntt,4,9,8,parallel,682070,64
BW6-761,ntt,8,0,8,parallel,495752,192
BW6-761,ntt,8,1,8,parallel,488870,192
BW6-761,ntt,8,2,8,parallel,536123,192
BW6-761,ntt,8,3,8,parallel,502788,192
BW6-761,ntt,8,4,8,parallel,501708,192
BW6-761,ntt,8,5,8,parallel,367088,192
BW6-761,ntt,8,6,8,parallel,624231,192
BW6-761,ntt,8,7,8,parallel,672867,192
BW6-761,ntt,8,8,8,parallel,586021,192
BW6-761,ntt,8,9,8,parallel,550577,192
BW6-761,ntt,16,0,8,parallel,400461,512
BW6-761,ntt,16,1,8,parallel,477002,512
BW6-761,ntt,16,2,8,parallel,684007,512
BW6-761,ntt,16,3,8,parallel,547454,512
BW6-761,ntt,16,4,8,parallel,405153,512
BW6-761,ntt,16,5,8,parallel,574780,512
BW6-761,ntt,16,6,8,parallel,522217,512
BW6-761,ntt,16,7,8,parallel,380183,512
BW6-761,ntt,16,8,8,parallel,646819,512
BW6-761,ntt,16,9,8,parallel,515645,512
BW6-761,ntt,32,0,8,parallel,611232,1280
BW6-761,ntt,32,1,8,parallel,545189,1280
BW6-761,ntt,32,2,8,parallel,534089,1280
BW6-761,ntt,32,3,8,parallel,681995,1280
BW6-761,ntt,32,4,8,parallel,264898,1280
BW6-761,ntt,32,5,8,parallel,571935,1280
BW6-761,ntt,32,6,8,parallel,608723,1280
BW6-761,ntt,32,7,8,parallel,556124,1280
BW6-761,ntt,32,8,8,parallel,506875,1280
BW6-761,ntt,32,9,8,parallel,594291,1280
BW6-761,ntt,64,0,8,parallel,453719,3072
BW6-761,ntt,64,1,8,parallel,513300,3072
BW6-761,ntt,64,2,8,parallel,568170,3072
BW6-761,ntt,64,3,8,parallel,377172,3072
BW6-761,ntt,64,4,8,parallel,615350,3072
BW6-761,ntt,64,5,8,parallel,538597,3072
BW6-761,ntt,64,6,8,parallel,666832,3072
BW6-761,ntt,64,7,8,parallel,641529,3072
BW6-761,ntt,64,8,8,parallel,276470,3072
BW6-761,ntt,64,9,8,parallel,633494,3072
BW6-761,ntt,128,0,8,parallel,490809,7168
BW6-761,ntt,128,1,8,parallel,630663,7168
BW6-761,ntt,128,2,8,parallel,451895,7168
BW6-761,ntt,128,3,8,parallel,605337,7168
BW6-761,ntt,128,4,8,parallel,466343,7168
BW6-761,ntt,128,5,8,parallel,459670,7168
BW6-761,ntt,128,6,8,parallel,531654,7168
BW6-761,ntt,128,7,8,parallel,660124,7168
BW6-761,ntt,128,8,8,parallel,632692,7168
BW6-761,ntt,128,9,8,parallel,357265,7168
BW6-761,ntt,256,0,8,parallel,573858,16384
BW6-761,ntt,256,1,8,parallel,544514,16384
BW6-761,ntt,256,2,8,parallel,558712,16384
BW6-761,ntt,256,3,8,parallel,446646,16384
BW6-761,ntt,256,4,8,parallel,597798,16384
BW6-761,ntt,256,5,8,parallel,563939,16384
BW6-761,ntt,256,6,8,parallel,662819,16384
BW6-761,ntt,256,7,8,parallel,703634,16384
BW6-761,ntt,256,8,8,parallel,634390,16384
BW6-761,ntt,256,9,8,parallel,521440,16384
BW6-761,ntt,512,0,8,parallel,765685,36864
BW6-761,ntt,512,1,8,parallel,588826,36864
BW6-761,ntt,512,2,8,parallel,782267,36864
BW6-761,ntt,512,3,8,parallel,602381,36864
BW6-761,ntt,512,4,8,parallel,667932,36864
BW6-761,ntt,512,5,8,parallel,716444,36864
BW6-761,ntt,512,6,8,parallel,649389,36864
BW6-761,ntt,512,7,8,parallel,664106,36864
BW6-761,ntt,512,8,8,parallel,654018,36864
BW6-761,ntt,512,9,8,parallel,779080,36864
Jubjub-BLS12-381,ntt,2,0,8,parallel,606829,16
Jubjub-BLS12-381,ntt,2,1,8,parallel,269071,16
Jubjub-BLS12-381,ntt,2,2,8,parallel,484271,16
Jubjub-BLS12-381,ntt,2,3,8,parallel,488118,16
Jubjub-BLS12-381,ntt,2,4,8,parallel,536098,16
Jubjub-BLS12-381,ntt,2,5,8,parallel,630192,16
Jubjub-BLS12-381,ntt,2,6,8,parallel,594146,16
Jubjub-BLS12-381,ntt,2,7,8,parallel,562670,16
Jubjub-BLS12-381,ntt,2,8,8,parallel,466508,16
Jubjub-BLS12-381,ntt,2,9,8,parallel,503492,16
BabyJubjub-BN254,ntt,2,0,8,parallel,618581,16
BabyJubjub-BN254,ntt,2,1,8,parallel,551092,16
BabyJubjub-BN254,ntt,2,2,8,parallel,353072,16
BabyJubjub-BN254,ntt,2,3,8,parallel,450596,16
BabyJubjub-BN254,ntt,2,4,8,parallel,566615,16
BabyJubjub-BN254,ntt,2,5,8,parallel,588325,16
BabyJubjub-BN254,ntt,2,6,8,parallel,561836,16
BabyJubjub-BN254,ntt,2,7,8,parallel,502045,16
BabyJubjub-BN254,ntt,2,8,8,parallel,513826,16
BabyJubjub-BN254,ntt,2,9,8,parallel,627490,16
BabyJubjub-BN254,ntt,4,0,8,parallel,429038,64
BabyJubjub-BN254,ntt,4,1,8,parallel,573428,64
BabyJubjub-BN254,ntt,4,2,8,parallel,344143,64
BabyJubjub-BN254,ntt,4,3,8,parallel,649634,64
BabyJubjub-BN254,ntt,4,4,8,parallel,478205,64
BabyJubjub-BN254,ntt,4,5,8,parallel,523835,64
BabyJubjub-BN254,ntt,4,6,8,parallel,565420,64
BabyJubjub-BN254,ntt,4,7,8,parallel,645682,64
BabyJubjub-BN254,ntt,4,8,8,parallel,549809,64
BabyJubjub-BN254,ntt,4,9,8,parallel,582894,64
BabyJubjub-BN254,ntt,8,0,8,parallel,651412,192
BabyJubjub-BN254,ntt,8,1,8,parallel,556786,192
BabyJubjub-BN254,ntt,8,2,8,parallel,523329,192
BabyJubjub-BN254,ntt,8,3,8,parallel,499560,192
BabyJubjub-BN254,ntt,8,4,8,parallel,411385,192
BabyJubjub-BN254,ntt,8,5,8,parallel,315167,192
BabyJubjub-BN254,ntt,8,6,8,parallel,715602,192
BabyJubjub-BN254,ntt,8,7,8,parallel,470525,192
BabyJubjub-BN254,ntt,8,8,8,parallel,546417,192
BabyJubjub-BN254,ntt,8,9,8,parallel,378263,192
BabyJubjub-BN254,ntt,16,0,8,parallel,617129,512
BabyJubjub-BN254,ntt,16,1,8,parallel,534490,512
BabyJubjub-BN254,ntt,16,2,8,parallel,625544,512
BabyJubjub-BN254,ntt,16,3,8,parallel,519752,512
BabyJubjub-BN254,ntt,16,4,8,parallel,547971,512
BabyJubjub-BN254,ntt,16,5,8,parallel,653321,512
BabyJubjub-BN254,ntt,16,6,8,parallel,620124,512
BabyJubjub-BN254,ntt,16,7,8,parallel,424960,512
BabyJubjub-BN254,ntt,16,8,8,parallel,656412,512
BabyJubjub-BN254,ntt,16,9,8,parallel,607280,512
BN254-G1,msm,2,0,8,parallel,1196947,16
BN254-G1,msm,2,1,8,parallel,726141,16
BN254-G1,msm,2,2,8,parallel,612350,16
BN254-G1,msm,2,3,8,parallel,509398,16
BN254-G1,msm,2,4,8,parallel,779548,16
BN254-G1,msm,2,5,8,parallel,673450,16
BN254-G1,msm,2,6,8,parallel,727287,16
BN254-G1,msm,2,7,8,parallel,593639,16
BN254-G1,msm,2,8,8,parallel,544078,16
BN254-G1,msm,2,9,8,parallel,670859,16
BN254-G1,msm,4,0,8,parallel,746700,32
BN254-G1,msm,4,1,8,parallel,768370,32
BN254-G1,msm,4,2,8,parallel,730474,32
BN254-G1,msm,4,3,8,parallel,571965,32
BN254-G1,msm,4,4,8,parallel,772292,32
BN254-G1,msm,4,5,8,parallel,700934,32
BN254-G1,msm,4,6,8,parallel,845939,32
BN254-G1,msm,4,7,8,parallel,865426,32
BN254-G1,msm,4,8,8,parallel,766306,32
BN254-G1,msm,4,9,8,parallel,807092,32
BN254-G1,msm,8,0,8,parallel,791062,64
BN254-G1,msm,8,1,8,parallel,994109,64
BN254-G1,msm,8,2,8,parallel,808674,64
BN254-G1,msm,8,3,8,parallel,848089,64
BN254-G1,msm,8,4,8,parallel,802493,64
BN254-G1,msm,8,5,8,parallel,1001354,64
BN254-G1,msm,8,6,8,parallel,885017,64
BN254-G1,msm,8,7,8,parallel,822451,64
BN254-G1,msm,8,8,8,parallel,967831,64
BN254-G1,msm,8,9,8,parallel,696045,64
BN254-G1,msm,16,0,8,parallel,1128470,128
BN254-G1,msm,16,1,8,parallel,1091741,128
BN254-G1,msm,16,2,8,parallel,1153006,128
BN254-G1,msm,16,3,8,parallel,1079880,128
BN254-G1,msm,16,4,8,parallel,1153206,128
BN254-G1,msm,16,5,8,parallel,1180337,128
BN254-G1,msm,16,6,8,parallel,1054271,128
BN254-G1,msm,16,7,8,parallel,1070782,128
BN254-G1,msm,16,8,8,parallel,1073378,128
BN254-G1,msm,16,9,8,parallel,1324720,128
BN254-G1,msm,32,0,8,parallel,1693775,256
BN254-G1,msm,32,1,8,parallel,1439880,256
BN254-G1,msm,32,2,8,parallel,1566457,256
BN254-G1,msm,32,3,8,parallel,1444583,256
BN254-G1,msm,32,4,8,parallel,1427191,256
BN254-G1,msm,32,5,8,parallel,1515237,256
BN254-G1,msm,32,6,8,parallel,1473877,256
BN254-G1,msm,32,7,8,parallel,1590202,256
BN254-G1,msm,32,8,8,parallel,1630023,256
BN254-G1,msm,32,9,8,parallel,1826288,256
BN254-G1,msm,64,0,8,parallel,2489798,512
BN254-G1,msm,64,1,8,parallel,2834775,512
BN254-G1,msm,64,2,8,parallel,2879721,512
BN254-G1,msm,64,3,8,parallel,2561612,512
BN254-G1,msm,64,4,8,parallel,2861044,512
BN254-G1,msm,64,5,8,parallel,2747077,512
BN254-G1,msm,64,6,8,parallel,2788324,512
BN254-G1,msm,64,7,8,parallel,2635324,512
BN254-G1,msm,64,8,8,parallel,2389963,512
BN254-G1,msm,64,9,8,parallel,2146906,512
BN254-G1,msm,128,0,8,parallel,3219471,1024
BN254-G1,msm,128,1,8,parallel,2935423,1024
BN254-G1,msm,128,2,8,parallel,2861635,1024
BN254-G1,msm,128,3,8,parallel,3952024,1024
BN254-G1,msm,128,4,8,parallel,2729452,1024
BN254-G1,msm,128,5,8,parallel,2832365,1024
BN254-G1,msm,128,6,8,parallel,3998162,1024
BN254-G1,msm,128,7,8,parallel,3633707,1024
BN254-G1,msm,128,8,8,parallel,3046349,1024
BN254-G1,msm,128,9,8,parallel,2942255,1024
BN254-G1,msm,256,0,8,parallel,5984997,2048
BN254-G1,msm,256,1,8,parallel,5955498,2048
BN254-G1,msm,256,2,8,parallel,4513410,2048
BN254-G1,msm,256,3,8,parallel,5937945,2048
BN254-G1,msm,256,4,8,parallel,6305785,2048
BN254-G1,msm,256,5,8,parallel,6639296,2048
BN254-G1,msm,256,6,8,parallel,5257369,2048
BN254-G1,msm,256,7,8,parallel,6256774,2048
BN254-G1,msm,256,8,8,parallel,6206951,2048
BN254-G1,msm,256,9,8,parallel,6197073,2048
BN254-G1,msm,512,0,8,parallel,10754823,4096
BN254-G1,msm,512,1,8,parallel,8463830,4096
BN254-G1,msm,512,2,8,parallel,7389961,4096
BN254-G1,msm,512,3,8,parallel,7189820,4096
BN254-G1,msm,512,4,8,parallel,10404602,4096
BN254-G1,msm,512,5,8,parallel,8128546,4096
BN254-G1,msm,512,6,8,parallel,9437178,4096
BN254-G1,msm,512,7,8,parallel,10101843,4096
BN254-G1,msm,512,8,8,parallel,6946747,4096
BN254-G1,msm,512,9,8,parallel,7087850,4096
BLS12-377-G1,msm,2,0,8,parallel,1011342,16
BLS12-377-G1,msm,2,1,8,parallel,803963,16
BLS12-377-G1,msm,2,2,8,parallel,871232,16
BLS12-377-G1,msm,2,3,8,parallel,859795,16
BLS12-377-G1,msm,2,4,8,parallel,798963,16
BLS12-377-G1,msm,2,5,8,parallel,735586,16
BLS12-377-G1,msm,2,6,8,parallel,749110,16
BLS12-377-G1,msm,2,7,8,parallel,681132,16
BLS12-377-G1,msm,2,8,8,parallel,932452,16
BLS12-377-G1,msm,2,9,8,parallel,805203,16
BLS12-377-G1,msm,4,0,8,parallel,1114504,32
BLS12-377-G1,msm,4,1,8,parallel,1113271,32
BLS12-377-G1,msm,4,2,8,parallel,876902,32
BLS12-377-G1,msm,4,3,8,parallel,1094011,32
BLS12-377-G1,msm,4,4,8,parallel,1043521,32
BLS12-377-G1,msm,4,5,8,parallel,947328,32
BLS12-377-G1,msm,4,6,8,parallel,1023727,32
BLS12-377-G1,msm,4,7,8,parallel,1093300,32
BLS12-377-G1,msm,4,8,8,parallel,1198135,32
BLS12-377-G1,msm,4,9,8,parallel,995933,32
BLS12-377-G1,msm,8,0,8,parallel,1396370,64
BLS12-377-G1,msm,8,1,8,parallel,1128845,64
BLS12-377-G1,msm,8,2,8,parallel,1554984,64
BLS12-377-G1,msm,8,3,8,parallel,1350799,64
BLS12-377-G1,msm,8,4,8,parallel,1276131,64
BLS12-377-G1,msm,8,5,8,parallel,1181439,64
BLS12-377-G1,msm,8,6,8,parallel,1584145,64
BLS12-377-G1,msm,8,7,8,parallel,1348495,64
BLS12-377-G1,msm,8,8,8,parallel,1332650,64
BLS12-377-G1,msm,8,9,8,parallel,1253537,64
BLS12-377-G1,msm,16,0,8,parallel,1961325,128
BLS12-377-G1,msm,16,1,8,parallel,1651363,128
BLS12-377-G1,msm,16,2,8,parallel,2016217,128
BLS12-377-G1,msm,16,3,8,parallel,2059340,128
BLS12-377-G1,msm,16,4,8,parallel,1767565,128
BLS12-377-G1,msm,16,5,8,parallel,1658599,128
BLS12-377-G1,msm,16,6,8,parallel,1996821,128
BLS12-377-G1,msm,16,7,8,parallel,2233426,128
BLS12-377-G1,msm,16,8,8,parallel,1677110,128
BLS12-377-G1,msm,16,9,8,parallel,2223688,128
BLS12-377-G1,msm,32,0,8,parallel,2358779,256
BLS12-377-G1,msm,32,1,8,parallel,2136681,256
BLS12-377-G1,msm,32,2,8,parallel,2253815,256
BLS12-377-G1,msm,32,3,8,parallel,2869392,256
BLS12-377-G1,msm,32,4,8,parallel,2451131,256
BLS12-377-G1,msm,32,5,8,parallel,3117172,256
BLS12-377-G1,msm,32,6,8,parallel,3201378,256
BLS12-377-G1,msm,32,7,8,parallel,2416927,256
BLS12-377-G1,msm,32,8,8,parallel,2499852,256
BLS12-377-G1,msm,32,9,8,parallel,2221594,256
BLS12-377-G1,msm,64,0,8,parallel,3297186,512
BLS12-377-G1,msm,64,1,8,parallel,3377816,512
BLS12-377-G1,msm,64,2,8,parallel,3472867,512
BLS12-377-G1,msm,64,3,8,parallel,4740532,512
BLS12-377-G1,msm,64,4,8,parallel,3303036,512
BLS12-377-G1,msm,64,5,8,parallel,3211120,512
BLS12-377-G1,msm,64,6,8,parallel,4310826,512
BLS12-377-G1,msm,64,7,8,parallel,4940803,512
BLS12-377-G1,msm,64,8,8,parallel,3382254,512
BLS12-377-G1,msm,64,9,8,parallel,4801816,512
BLS12-377-G1,msm,128,0,8,parallel,5599350,1024
BLS12-377-G1,msm,128,1,8,parallel,4778968,1024
BLS12-377-G1,msm,128,2,8,parallel,7196622,1024
BLS12-377-G1,msm,128,3,8,parallel,6736861,1024
BLS12-377-G1,msm,128,4,8,parallel,7091286,1024
BLS12-377-G1,msm,128,5,8,parallel,4704775,1024
BLS12-377-G1,msm,128,6,8,parallel,5371586,1024
BLS12-377-G1,msm,128,7,8,parallel,4605798,1024
BLS12-377-G1,msm,128,8,8,parallel,7017949,1024
BLS12-377-G1,msm,128,9,8,parallel,7205228,1024
BLS12-377-G1,msm,256,0,8,parallel,10424269,2048
BLS12-377-G1,msm,256,1,8,parallel,10878063,2048
BLS12-377-G1,msm,256,2,8,parallel,8541966,2048
BLS12-377-G1,msm,256,3,8,parallel,11727143,2048
BLS12-377-G1,msm,256,4,8,parallel,9460029,2048
BLS12-377-G1,msm,256,5,8,parallel,11502946,2048
BLS12-377-G1,msm,256,6,8,parallel,8130127,2048
BLS12-377-G1,msm,256,7,8,parallel,8400482,2048
BLS12-377-G1,msm,256,8,8,parallel,11737662,2048
BLS12-377-G1,msm,256,9,8,parallel,11384686,2048
BLS12-377-G1,msm,512,0,8,parallel,13362446,4096
BLS12-377-G1,msm,512,1,8,parallel,12254609,4096
BLS12-377-G1,msm,512,2,8,parallel,12406223,4096
BLS12-377-G1,msm,512,3,8,parallel,16839161,4096
BLS12-377-G1,msm,512,4,8,parallel,20229731,4096
BLS12-377-G1,msm,512,5,8,parallel,12949855,4096
BLS12-377-G1,msm,512,6,8,parallel,18131478,4096
BLS12-377-G1,msm,512,7,8,parallel,12522380,4096
BLS12-377-G1,msm,512,8,8,parallel,18113018,4096
BLS12-377-G1,msm,512,9,8,parallel,19801997,4096
BLS12-381-G1,msm,2,0,8,parallel,1060353,16
BLS12-381-G1,msm,2,1,8,parallel,911080,16
BLS12-381-G1,msm,2,2,8,parallel,885738,16
BLS12-381-G1,msm,2,3,8,parallel,899239,16
BLS12-381-G1,msm,2,4,8,parallel,889595,16
BLS12-381-G1,msm,2,5,8,parallel,811094,16
BLS12-381-G1,msm,2,6,8,parallel,975956,16
BLS12-381-G1,msm,2,7,8,parallel,878214,16
BLS12-381-G1,msm,2,8,8,parallel,808870,16
BLS12-381-G1,msm,2,9,8,parallel,769587,16
BLS12-381-G1,msm,4,0,8,parallel,1221873,32
BLS12-381-G1,msm,4,1,8,parallel,1216904,32
BLS12-381-G1,msm,4,2,8,parallel,1101700,32
BLS12-381-G1,msm,4,3,8,parallel,998044,32
BLS12-381-G1,msm,4,4,8,parallel,1109013,32
BLS12-381-G1,msm,4,5,8,parallel,1219884,32
BLS12-381-G1,msm,4,6,8,parallel,1159343,32
BLS12-381-G1,msm,4,7,8,parallel,943856,32
BLS12-381-G1,msm,4,8,8,parallel,992903,32
BLS12-381-G1,msm,4,9,8,parallel,1066235,32
BLS12-381-G1,msm,8,0,8,parallel,1718514,64
BLS12-381-G1,msm,8,1,8,parallel,1348428,64
BLS12-381-G1,msm,8,2,8,parallel,1545461,64
BLS12-381-G1,msm,8,3,8,parallel,1659827,64
BLS12-381-G1,msm,8,4,8,parallel,1357331,64
BLS12-381-G1,msm,8,5,8,parallel,1582898,64
BLS12-381-G1,msm,8,6,8,parallel,1777983,64
BLS12-381-G1,msm,8,7,8,parallel,1495783,64
BLS12-381-G1,msm,8,8,8,parallel,1636936,64
BLS12-381-G1,msm,8,9,8,parallel,1520969,64
BLS12-381-G1,msm,16,0,8,parallel,1877179,128
BLS12-381-G1,msm,16,1,8,parallel,2092440,128
BLS12-381-G1,msm,16,2,8,parallel,1839587,128
BLS12-381-G1,msm,16,3,8,parallel,1668714,128
BLS12-381-G1,msm,16,4,8,parallel,1849767,128
BLS12-381-G1,msm,16,5,8,parallel,1934296,128
BLS12-381-G1,msm,16,6,8,parallel,1939034,128
BLS12-381-G1,msm,16,7,8,parallel,1717056,128
BLS12-381-G1,msm,16,8,8,parallel,1679610,128
BLS12-381-G1,msm,16,9,8,parallel,2000162,128
BLS12-381-G1,msm,32,0,8,parallel,3051433,256
BLS12-381-G1,msm,32,1,8,parallel,2317222,256
BLS12-381-G1,msm,32,2,8,parallel,2366483,256
BLS12-381-G1,msm,32,3,8,parallel,2960872,256
BLS12-381-G1,msm,32,4,8,parallel,2408081,256
BLS12-381-G1,msm,32,5,8,parallel,2233225,256
BLS12-381-G1,msm,32,6,8,parallel,2941263,256
BLS12-381-G1,msm,32,7,8,parallel,2482910,256
BLS12-381-G1,msm,32,8,8,parallel,3069197,256
BLS12-381-G1,msm,32,9,8,parallel,3070864,256
BLS12-381-G1,msm,64,0,8,parallel,4714913,512
BLS12-381-G1,msm,64,1,8,parallel,5052581,512
BLS12-381-G1,msm,64,2,8,parallel,4904768,512
BLS12-381-G1,msm,64,3,8,parallel,4758736,512
BLS12-381-G1,msm,64,4,8,parallel,4691160,512
BLS12-381-G1,msm,64,5,8,parallel,3194134,512
BLS12-381-G1,msm,64,6,8,parallel,5048945,512
BLS12-381-G1,msm,64,7,8,parallel,3581954,512
BLS12-381-G1,msm,64,8,8,parallel,3830548,512
BLS12-381-G1,msm,64,9,8,parallel,3419553,512
BLS12-381-G1,msm,128,0,8,parallel,7103622,1024
BLS12-381-G1,msm,128,1,8,parallel,7070244,1024
BLS12-381-G1,msm,128,2,8,parallel,6148846,1024
BLS12-381-G1,msm,128,3,8,parallel,6890001,1024
BLS12-381-G1,msm,128,4,8,parallel,4747492,1024
BLS12-381-G1,msm,128,5,8,parallel,4938650,1024
BLS12-381-G1,msm,128,6,8,parallel,5097886,1024
BLS12-381-G1,msm,128,7,8,parallel,4915698,1024
BLS12-381-G1,msm,128,8,8,parallel,4544786,1024
BLS12-381-G1,msm,128,9,8,parallel,4510752,1024
BLS12-381-G1,msm,256,0,8,parallel,7263447,2048
BLS12-381-G1,msm,256,1,8,parallel,7313819,2048
BLS12-381-G1,msm,256,2,8,parallel,7242816,2048
BLS12-381-G1,msm,256,3,8,parallel,7743820,2048
BLS12-381-G1,msm,256,4,8,parallel,7260439,2048
BLS12-381-G1,msm,256,5,8,parallel,11905904,2048
BLS12-381-G1,msm,256,6,8,parallel,10241984,2048
BLS12-381-G1,msm,256,7,8,parallel,11889773,2048
BLS12-381-G1,msm,256,8,8,parallel,9546007,2048
BLS12-381-G1,msm,256,9,8,parallel,11797546,2048
BLS12-381-G1,msm,512,0,8,parallel,13663479,4096
BLS12-381-G1,msm,512,1,8,parallel,12421685,4096
BLS12-381-G1,msm,512,2,8,parallel,13308262,4096
BLS12-381-G1,msm,512,3,8,parallel,14041189,4096
BLS12-381-G1,msm,512,4,8,parallel,14139702,4096
BLS12-381-G1,msm,512,5,8,parallel,14831076,4096
BLS12-381-G1,msm,512,6,8,parallel,19992779,4096
BLS12-381-G1,msm,512,7,8,parallel,18260827,4096
BLS12-381-G1,msm,512,8,8,parallel,13185815,4096
BLS12-381-G1,msm,512,9,8,parallel,19207635,4096
BW6-761-G1,msm,2,0,8,parallel,2321631,16
BW6-761-G1,msm,2,1,8,parallel,2246371,16
BW6-761-G1,msm,2,2,8,parallel,2235407,16
BW6-761-G1,msm,2,3,8,parallel,2143364,16
BW6-761-G1,msm,2,4,8,parallel,2181666,16
BW6-761-G1,msm,2,5,8,parallel,3176000,16
BW6-761-G1,msm,2,6,8,parallel,2244217,16
BW6-761-G1,msm,2,7,8,parallel,2351175,16
BW6-761-G1,msm,2,8,8,parallel,2270500,16
BW6-761-G1,msm,2,9,8,parallel,2174691,16
BW6-761-G1,msm,4,0,8,parallel,4193814,32
BW6-761-G1,msm,4,1,8,parallel,2927547,32
BW6-761-G1,msm,4,2,8,parallel,2831844,32
BW6-761-G1,msm,4,3,8,parallel,3198156,32
BW6-761-G1,msm,4,4,8,parallel,3488941,32
BW6-761-G1,msm,4,5,8,parallel,3207389,32
BW6-761-G1,msm,4,6,8,parallel,4146696,32
BW6-761-G1,msm,4,7,8,parallel,4380442,32
BW6-761-G1,msm,4,8,8,parallel,4496727,32
BW6-761-G1,msm,4,9,8,parallel,4207708,32
BW6-761-G1,msm,8,0,8,parallel,4818797,64
BW6-761-G1,msm,8,1,8,parallel,3657297,64
BW6-761-G1,msm,8,2,8,parallel,3986839,64
BW6-761-G1,msm,8,3,8,parallel,5840768,64
BW6-761-G1,msm,8,4,8,parallel,3642907,64
BW6-761-G1,msm,8,5,8,parallel,5249933,64
BW6-761-G1,msm,8,6,8,parallel,5253756,64
BW6-761-G1,msm,8,7,8,parallel,5863194,64
BW6-761-G1,msm,8,8,8,parallel,4473513,64
BW6-761-G1,msm,8,9,8,parallel,4113013,64
BW6-761-G1,msm,16,0,8,parallel,5393136,128
BW6-761-G1,msm,16,1,8,parallel,6284012,128
BW6-761-G1,msm,16,2,8,parallel,8642876,128
BW6-761-G1,msm,16,3,8,parallel,6001636,128
BW6-761-G1,msm,16,4,8,parallel,5428217,128
BW6-761-G1,msm,16,5,8,parallel,8543871,128
BW6-761-G1,msm,16,6,8,parallel,5495753,128
BW6-761-G1,msm,16,7,8,parallel,8919623,128
BW6-761-G1,msm,16,8,8,parallel,5209104,128
BW6-761-G1,msm,16,9,8,parallel,5517952,128
BW6-761-G1,msm,32,0,8,parallel,14799197,256
BW6-761-G1,msm,32,1,8,parallel,14233464,256
BW6-761-G1,msm,32,2,8,parallel,8295152,256
BW6-761-G1,msm,32,3,8,parallel,12420486,256
BW6-761-G1,msm,32,4,8,parallel,14247830,256
BW6-761-G1,msm,32,5,8,parallel,9613517,256
BW6-761-G1,msm,32,6,8,parallel,8939521,256
BW6-761-G1,msm,32,7,8,parallel,8896240,256
BW6-761-G1,msm,32,8,8,parallel,14589288,256
BW6-761-G1,msm,32,9,8,parallel,8951361,256
BW6-761-G1,msm,64,0,8,parallel,14259503,512
BW6-761-G1,msm,64,1,8,parallel,14080971,512
BW6-761-G1,msm,64,2,8,parallel,23674302,512
BW6-761-G1,msm,64,3,8,parallel,20338585,512
BW6-761-G1,msm,64,4,8,parallel,18969538,512
BW6-761-G1,msm,64,5,8,parallel,14007094,512
BW6-761-G1,msm,64,6,8,parallel,15099496,512
BW6-761-G1,msm,64,7,8,parallel,23703357,512
BW6-761-G1,msm,64,8,8,parallel,21784967,512
BW6-761-G1,msm,64,9,8,parallel,15387583,512
BW6-761-G1,msm,128,0,8,parallel,28083203,1024
BW6-761-G1,msm,128,1,8,parallel,29768663,1024
BW6-761-G1,msm,128,2,8,parallel,36210987,1024
BW6-761-G1,msm,128,3,8,parallel,31829083,1024
BW6-761-G1,msm,128,4,8,parallel,27417694,1024
BW6-761-G1,msm,128,5,8,parallel,28525320,1024
BW6-761-G1,msm,128,6,8,parallel,31608375,1024
BW6-761-G1,msm,128,7,8,parallel,31839048,1024
BW6-761-G1,msm,128,8,8,parallel,26515330,1024
BW6-761-G1,msm,128,9,8,parallel,29608083,1024
BW6-761-G1,msm,256,0,8,parallel,45445962,2048
BW6-761-G1,msm,256,1,8,parallel,43764755,2048
BW6-761-G1,msm,256,2,8,parallel,43470477,2048
BW6-761-G1,msm,256,3,8,parallel,49657609,2048
BW6-761-G1,msm,256,4,8,parallel,54890012,2048
BW6-761-G1,msm,256,5,8,parallel,48307416,2048
BW6-761-G1,msm,256,6,8,parallel,55987437,2048
BW6-761-G1,msm,256,7,8,parallel,48392100,2048
BW6-761-G1,msm,256,8,8,parallel,56194120,2048
BW6-761-G1,msm,256,9,8,parallel,53943257,2048
BW6-761-G1,msm,512,0,8,parallel,90357253,4096
BW6-761-G1,msm,512,1,8,parallel,110420337,4096
BW6-761-G1,msm,512,2,8,parallel,78391818,4096
BW6-761-G1,msm,512,3,8,parallel,84310683,4096
BW6-761-G1,msm,512,4,8,parallel,89195675,4096
BW6-761-G1,msm,512,5,8,parallel,80509158,4096
BW6-761-G1,msm,512,6,8,parallel,81956727,4096
BW6-761-G1,msm,512,7,8,parallel,82951428,4096
BW6-761-G1,msm,512,8,8,parallel,89315810,4096
BW6-761-G1,msm,512,9,8,parallel,89525724,4096
Jubjub-BLS12-381,msm,2,0,8,parallel,1203291,16
Jubjub-BLS12-381,msm,2,1,8,parallel,1015135,16
Jubjub-BLS12-381,msm,2,2,8,parallel,1127253,16
Jubjub-BLS12-381,msm,2,3,8,parallel,1022557,16
Jubjub-BLS12-381,msm,2,4,8,parallel,1136635,16
Jubjub-BLS12-381,msm,2,5,8,parallel,1077140,16
Jubjub-BLS12-381,msm,2,6,8,parallel,1005661,16
Jubjub-BLS12-381,msm,2,7,8,parallel,1040657,16
Jubjub-BLS12-381,msm,2,8,8,parallel,1151312,16
Jubjub-BLS12-381,msm,2,9,8,parallel,1138085,16
Jubjub-BLS12-381,msm,4,0,8,parallel,1151433,32
Jubjub-BLS12-381,msm,4,1,8,parallel,1102652,32
Jubjub-BLS12-381,msm,4,2,8,parallel,985063,32
Jubjub-BLS12-381,msm,4,3,8,parallel,1076624,32
Jubjub-BLS12-381,msm,4,4,8,parallel,1011574,32
Jubjub-BLS12-381,msm,4,5,8,parallel,896157,32
Jubjub-BLS12-381,msm,4,6,8,parallel,921185,32
Jubjub-BLS12-381,msm,4,7,8,parallel,1066149,32
Jubjub-BLS12-381,msm,4,8,8,parallel,1154238,32
Jubjub-BLS12-381,msm,4,9,8,parallel,1232677,32
Jubjub-BLS12-381,msm,8,0,8,parallel,1131405,64
Jubjub-BLS12-381,msm,8,1,8,parallel,1145752,64
Jubjub-BLS12-381,msm,8,2,8,parallel,1238571,64
Jubjub-BLS12-381,msm,8,3,8,parallel,1361048,64
Jubjub-BLS12-381,msm,8,4,8,parallel,1393833,64
Jubjub-BLS12-381,msm,8,5,8,parallel,1152334,64
Jubjub-BLS12-381,msm,8,6,8,parallel,1105041,64
Jubjub-BLS12-381,msm,8,7,8,parallel,1142566,64
Jubjub-BLS12-381,msm,8,8,8,parallel,1131788,64
Jubjub-BLS12-381,msm,8,9,8,parallel,982313,64
Jubjub-BLS12-381,msm,16,0,8,parallel,1348200,128
Jubjub-BLS12-381,msm,16,1,8,parallel,1317902,128
Jubjub-BLS12-381,msm,16,2,8,parallel,1416896,128
Jubjub-BLS12-381,msm,16,3,8,parallel,1459606,128
Jubjub-BLS12-381,msm,16,4,8,parallel,1373599,128
Jubjub-BLS12-381,msm,16,5,8,parallel,1559783,128
Jubjub-BLS12-381,msm,16,6,8,parallel,1239086,128
Jubjub-BLS12-381,msm,16,7,8,parallel,1160990,128
Jubjub-BLS12-381,msm,16,8,8,parallel,1377679,128
Jubjub-BLS12-381,msm,16,9,8,parallel,1274632,128
Jubjub-BLS12-381,msm,32,0,8,parallel,2185984,256
Jubjub-BLS12-381,msm,32,1,8,parallel,1945681,256
Jubjub-BLS12-381,msm,32,2,8,parallel,1994932,256
Jubjub-BLS12-381,msm,32,3,8,parallel,2062438,256
Jubjub-BLS12-381,msm,32,4,8,parallel,1803471,256
Jubjub-BLS12-381,msm,32,5,8,parallel,1865382,256
Jubjub-BLS12-381,msm,32,6,8,parallel,1690161,256
Jubjub-BLS12-381,msm,32,7,8,parallel,1913811,256
Jubjub-BLS12-381,msm,32,8,8,parallel,1763567,256
Jubjub-BLS12-381,msm,32,9,8,parallel,2025390,256
Jubjub-BLS12-381,msm,64,0,8,parallel,2965099,512
Jubjub-BLS12-381,msm,64,1,8,parallel,2653870,512
Jubjub-BLS12-381,msm,64,2,8,parallel,2753279,512
Jubjub-BLS12-381,msm,64,3,8,parallel,3527966,512
Jubjub-BLS12-381,msm,64,4,8,parallel,2719300,512
Jubjub-BLS12-381,msm,64,5,8,parallel,3472442,512
Jubjub-BLS12-381,msm,64,6,8,parallel,2580202,512
Jubjub-BLS12-381,msm,64,7,8,parallel,3450582,512
Jubjub-BLS12-381,msm,64,8,8,parallel,2737875,512
Jubjub-BLS12-381,msm,64,9,8,parallel,2873408,512
Jubjub-BLS12-381,msm,128,0,8,parallel,4376384,1024
Jubjub-BLS12-381,msm,128,1,8,parallel,3344073,1024
Jubjub-BLS12-381,msm,128,2,8,parallel,4566177,1024
Jubjub-BLS12-381,msm,128,3,8,parallel,3408984,1024
Jubjub-BLS12-381,msm,128,4,8,parallel,3162294,1024
Jubjub-BLS12-381,msm,128,5,8,parallel,3148410,1024
Jubjub-BLS12-381,msm,128,6,8,parallel,3318775,1024
Jubjub-BLS12-381,msm,128,7,8,parallel,4346149,1024
Jubjub-BLS12-381,msm,128,8,8,parallel,4739741,1024
Jubjub-BLS12-381,msm,128,9,8,parallel,3124847,1024
Jubjub-BLS12-381,msm,256,0,8,parallel,7227215,2048
Jubjub-BLS12-381,msm,256,1,8,parallel,7494047,2048
Jubjub-BLS12-381,msm,256,2,8,parallel,7259154,2048
Jubjub-BLS12-381,msm,256,3,8,parallel,7338308,2048
Jubjub-BLS12-381,msm,256,4,8,parallel,7471475,2048
Jubjub-BLS12-381,msm,256,5,8,parallel,7242684,2048
Jubjub-BLS12-381,msm,256,6,8,parallel,6386985,2048
Jubjub-BLS12-381,msm,256,7,8,parallel,7200791,2048
Jubjub-BLS12-381,msm,256,8,8,parallel,7029677,2048
Jubjub-BLS12-381,msm,256,9,8,parallel,6911298,2048
Jubjub-BLS12-381,msm,512,0,8,parallel,7918882,4096
Jubjub-BLS12-381,msm,512,1,8,parallel,12670055,4096
Jubjub-BLS12-381,msm,512,2,8,parallel,12529037,4096
Jubjub-BLS12-381,msm,512,3,8,parallel,8367883,4096
Jubjub-BLS12-381,msm,512,4,8,parallel,8851006,4096
Jubjub-BLS12-381,msm,512,5,8,parallel,12406008,4096
Jubjub-BLS12-381,msm,512,6,8,parallel,13029228,4096
Jubjub-BLS12-381,msm,512,7,8,parallel,8610164,4096
Jubjub-BLS12-381,msm,512,8,8,parallel,12555116,4096
Jubjub-BLS12-381,msm,512,9,8,parallel,8162149,4096
BabyJubjub-BN254,msm,2,0,8,parallel,1037972,16
BabyJubjub-BN254,msm,2,1,8,parallel,1046277,16
BabyJubjub-BN254,msm,2,2,8,parallel,947403,16
BabyJubjub-BN254,msm,2,3,8,parallel,1064316,16
BabyJubjub-BN254,msm,2,4,8,parallel,936483,16
BabyJubjub-BN254,msm,2,5,8,parallel,1212296,16
BabyJubjub-BN254,msm,2,6,8,parallel,745978,16
BabyJubjub-BN254,msm,2,7,8,parallel,1031941,16
BabyJubjub-BN254,msm,2,8,8,parallel,1063128,16
BabyJubjub-BN254,msm,2,9,8,parallel,1008226,16
BabyJubjub-BN254,msm,4,0,8,parallel,1007550,32
BabyJubjub-BN254,msm,4,1,8,parallel,1043507,32
BabyJubjub-BN254,msm,4,2,8,parallel,1234898,32
BabyJubjub-BN254,msm,4,3,8,parallel,994090,32
BabyJubjub-BN254,msm,4,4,8,parallel,944235,32
BabyJubjub-BN254,msm,4,5,8,parallel,1167632,32
BabyJubjub-BN254,msm,4,6,8,parallel,935677,32
BabyJubjub-BN254,msm,4,7,8,parallel,1184935,32
BabyJubjub-BN254,msm,4,8,8,parallel,1100678,32
BabyJubjub-BN254,msm,4,9,8,parallel,1097082,32
BabyJubjub-BN254,msm,8,0,8,parallel,1155424,64
BabyJubjub-BN254,msm,8,1,8,parallel,1416004,64
BabyJubjub-BN254,msm,8,2,8,parallel,1400998,64
BabyJubjub-BN254,msm,8,3,8,parallel,1462487,64
BabyJubjub-BN254,msm,8,4,8,parallel,1101540,64
BabyJubjub-BN254,msm,8,5,8,parallel,1120490,64
BabyJubjub-BN254,msm,8,6,8,parallel,1074788,64
BabyJubjub-BN254,msm,8,7,8,parallel,1171099,64
BabyJubjub-BN254,msm,8,8,8,parallel,1272574,64
BabyJubjub-BN254,msm,8,9,8,parallel,1040617,64
BabyJubjub-BN254,msm,16,0,8,parallel,1583798,128
BabyJubjub-BN254,msm,16,1,8,parallel,1282472,128
BabyJubjub-BN254,msm,16,2,8,parallel,1401748,128
BabyJubjub-BN254,msm,16,3,8,parallel,1294549,128
BabyJubjub-BN254,msm,16,4,8,parallel,1262410,128
BabyJubjub-BN254,msm,16,5,8,parallel,1228584,128
BabyJubjub-BN254,msm,16,6,8,parallel,1281234,128
BabyJubjub-BN254,msm,16,7,8,parallel,1562673,128
BabyJubjub-BN254,msm,16,8,8,parallel,1268197,128
BabyJubjub-BN254,msm,16,9,8,parallel,1699233,128
BabyJubjub-BN254,msm,32,0,8,parallel,1606239,256
BabyJubjub-BN254,msm,32,1,8,parallel,1886225,256
BabyJubjub-BN254,msm,32,2,8,parallel,2055201,256
BabyJubjub-BN254,msm,32,3,8,parallel,1921816,256
BabyJubjub-BN254,msm,32,4,8,parallel,1831278,256
BabyJubjub-BN254,msm,32,5,8,parallel,2177232,256
BabyJubjub-BN254,msm,32,6,8,parallel,2193176,256
BabyJubjub-BN254,msm,32,7,8,parallel,2467037,256
BabyJubjub-BN254,msm,32,8,8,parallel,2264083,256
BabyJubjub-BN254,msm,32,9,8,parallel,2462373,256
BabyJubjub-BN254,msm,64,0,8,parallel,3444135,512
BabyJubjub-BN254,msm,64,1,8,parallel,3565360,512
BabyJubjub-BN254,msm,64,2,8,parallel,3560217,512
BabyJubjub-BN254,msm,64,3,8,parallel,3419009,512
BabyJubjub-BN254,msm,64,4,8,parallel,3477872,512
BabyJubjub-BN254,msm,64,5,8,parallel,3569127,512
BabyJubjub-BN254,msm,64,6,8,parallel,3140564,512
BabyJubjub-BN254,msm,64,7,8,parallel,2594979,512
BabyJubjub-BN254,msm,64,8,8,parallel,2623863,512
BabyJubjub-BN254,msm,64,9,8,parallel,3503460,512
BabyJubjub-BN254,msm,128,0,8,parallel,3208095,1024
BabyJubjub-BN254,msm,128,1,8,parallel,4359744,1024
BabyJubjub-BN254,msm,128,2,8,parallel,4496347,1024
BabyJubjub-BN254,msm,128,3,8,parallel,2975897,1024
BabyJubjub-BN254,msm,128,4,8,parallel,3175912,1024
BabyJubjub-BN254,msm,128,5,8,parallel,4912279,1024
BabyJubjub-BN254,msm,128,6,8,parallel,2961211,1024
BabyJubjub-BN254,msm,128,7,8,parallel,3341609,1024
BabyJubjub-BN254,msm,128,8,8,parallel,3584869,1024
BabyJubjub-BN254,msm,128,9,8,parallel,3045048,1024
BabyJubjub-BN254,msm,256,0,8,parallel,7387629,2048
BabyJubjub-BN254,msm,256,1,8,parallel,7427508,2048
BabyJubjub-BN254,msm,256,2,8,parallel,4918293,2048
BabyJubjub-BN254,msm,256,3,8,parallel,5534163,2048
BabyJubjub-BN254,msm,256,4,8,parallel,5155303,2048
BabyJubjub-BN254,msm,256,5,8,parallel,4955917,2048
BabyJubjub-BN254,msm,256,6,8,parallel,7386916,2048
BabyJubjub-BN254,msm,256,7,8,parallel,5121205,2048
BabyJubjub-BN254,msm,256,8,8,parallel,5341997,2048
BabyJubjub-BN254,msm,256,9,8,parallel,6476273,2048
BabyJubjub-BN254,msm,512,0,8,parallel,11506388,4096
BabyJubjub-BN254,msm,512,1,8,parallel,11238114,4096
BabyJubjub-BN254,msm,512,2,8,parallel,8906075,4096
BabyJubjub-BN254,msm,512,3,8,parallel,11967893,4096
BabyJubjub-BN254,msm,512,4,8,parallel,12229468,4096
BabyJubjub-BN254,msm,512,5,8,parallel,12718700,4096
BabyJubjub-BN254,msm,512,6,8,parallel,11951922,4096
BabyJubjub-BN254,msm,512,7,8,parallel,7820166,4096
BabyJubjub-BN254,msm,512,8,8,parallel,8148090,4096
BabyJubjub-BN254,msm,512,9,8,parallel,8299005,4096
BN254,multi_pairing,2,0,8,parallel,2634763,16
BN254,multi_pairing,2,1,8,parallel,1753994,16
BN254,multi_pairing,2,2,8,parallel,1794644,16
BN254,multi_pairing,2,3,8,parallel,1602558,16
BN254,multi_pairing,2,4,8,parallel,1688573,16
BN254,multi_pairing,2,5,8,parallel,1648478,16
BN254,multi_pairing,2,6,8,parallel,1650933,16
BN254,multi_pairing,2,7,8,parallel,1742277,16
BN254,multi_pairing,2,8,8,parallel,2022003,16
BN254,multi_pairing,2,9,8,parallel,1966615,16
BN254,multi_pairing,4,0,8,parallel,2547095,32
BN254,multi_pairing,4,1,8,parallel,2521332,32
BN254,multi_pairing,4,2,8,parallel,2546766,32
BN254,multi_pairing,4,3,8,parallel,2293348,32
BN254,multi_pairing,4,4,8,parallel,2500931,32
BN254,multi_pairing,4,5,8,parallel,2577619,32
BN254,multi_pairing,4,6,8,parallel,2430859,32
BN254,multi_pairing,4,7,8,parallel,2517966,32
BN254,multi_pairing,4,8,8,parallel,2360993,32
BN254,multi_pairing,4,9,8,parallel,2619795,32
BN254,multi_pairing,8,0,8,parallel,3742215,64
BN254,multi_pairing,8,1,8,parallel,4228489,64
BN254,multi_pairing,8,2,8,parallel,3376673,64
BN254,multi_pairing,8,3,8,parallel,4046185,64
BN254,multi_pairing,8,4,8,parallel,3105208,64
BN254,multi_pairing,8,5,8,parallel,3211710,64
BN254,multi_pairing,8,6,8,parallel,3301524,64
BN254,multi_pairing,8,7,8,parallel,3290739,64
BN254,multi_pairing,8,8,8,parallel,3172324,64
BN254,multi_pairing,8,9,8,parallel,3268159,64
BN254,multi_pairing,16,0,8,parallel,6083572,128
BN254,multi_pairing,16,1,8,parallel,6247730,128
BN254,multi_pairing,16,2,8,parallel,6791289,128
BN254,multi_pairing,16,3,8,parallel,6825107,128
BN254,multi_pairing,16,4,8,parallel,7112882,128
BN254,multi_pairing,16,5,8,parallel,6679550,128
BN254,multi_pairing,16,6,8,parallel,6838637,128
BN254,multi_pairing,16,7,8,parallel,6194855,128
BN254,multi_pairing,16,8,8,parallel,6578292,128
BN254,multi_pairing,16,9,8,parallel,6024141,128
BN254,multi_pairing,32,0,8,parallel,9706384,256
BN254,multi_pairing,32,1,8,parallel,11961015,256
BN254,multi_pairing,32,2,8,parallel,12346033,256
BN254,multi_pairing,32,3,8,parallel,11402741,256
BN254,multi_pairing,32,4,8,parallel,12498655,256
BN254,multi_pairing,32,5,8,parallel,8647427,256
BN254,multi_pairing,32,6,8,parallel,8999017,256
BN254,multi_pairing,32,7,8,parallel,12618822,256
BN254,multi_pairing,32,8,8,parallel,10245104,256
BN254,multi_pairing,32,9,8,parallel,9335325,256
BN254,multi_pairing,64,0,8,parallel,23031832,512
BN254,multi_pairing,64,1,8,parallel,21826408,512
BN254,multi_pairing,64,2,8,parallel,21433203,512
BN254,multi_pairing,64,3,8,parallel,22311540,512
BN254,multi_pairing,64,4,8,parallel,22095308,512
BN254,multi_pairing,64,5,8,parallel,23893864,512
BN254,multi_pairing,64,6,8,parallel,17573241,512
BN254,multi_pairing,64,7,8,parallel,24095258,512
BN254,multi_pairing,64,8,8,parallel,21408357,512
BN254,multi_pairing,64,9,8,parallel,22725252,512
BLS12-377,multi_pairing,2,0,8,parallel,3040005,16
BLS12-377,multi_pairing,2,1,8,parallel,2700435,16
BLS12-377,multi_pairing,2,2,8,parallel,2430705,16
BLS12-377,multi_pairing,2,3,8,parallel,2648581,16
BLS12-377,multi_pairing,2,4,8,parallel,2774183,16
BLS12-377,multi_pairing,2,5,8,parallel,2479164,16
BLS12-377,multi_pairing,2,6,8,parallel,2751508,16
BLS12-377,multi_pairing,2,7,8,parallel,2287798,16
BLS12-377,multi_pairing,2,8,8,parallel,2472844,16
BLS12-377,multi_pairing,2,9,8,parallel,2690977,16
BLS12-377,multi_pairing,4,0,8,parallel,2997979,32
BLS12-377,multi_pairing,4,1,8,parallel,3035359,32
BLS12-377,multi_pairing,4,2,8,parallel,3160942,32
BLS12-377,multi_pairing,4,3,8,parallel,3014887,32
BLS12-377,multi_pairing,4,4,8,parallel,3719773,32
BLS12-377,multi_pairing,4,5,8,parallel,3093127,32
BLS12-377,multi_pairing,4,6,8,parallel,4207895,32
BLS12-377,multi_pairing,4,7,8,parallel,3406028,32
BLS12-377,multi_pairing,4,8,8,parallel,2914123,32
BLS12-377,multi_pairing,4,9,8,parallel,3685697,32
BLS12-377,multi_pairing,8,0,8,parallel,4724943,64
BLS12-377,multi_pairing,8,1,8,parallel,6082705,64
BLS12-377,multi_pairing,8,2,8,parallel,4779885,64
BLS12-377,multi_pairing,8,3,8,parallel,4758766,64
BLS12-377,multi_pairing,8,4,8,parallel,4621169,64
BLS12-377,multi_pairing,8,5,8,parallel,6322315,64
BLS12-377,multi_pairing,8,6,8,parallel,4947327,64
BLS12-377,multi_pairing,8,7,8,parallel,6028281,64
BLS12-377,multi_pairing,8,8,8,parallel,6204278,64
BLS12-377,multi_pairing,8,9,8,parallel,5624288,64
BLS12-377,multi_pairing,16,0,8,parallel,10796873,128
BLS12-377,multi_pairing,16,1,8,parallel,10273497,128
BLS12-377,multi_pairing,16,2,8,parallel,8097576,128
BLS12-377,multi_pairing,16,3,8,parallel,9971035,128
BLS12-377,multi_pairing,16,4,8,parallel,9245696,128
BLS12-377,multi_pairing,16,5,8,parallel,7595976,128
BLS12-377,multi_pairing,16,6,8,parallel,10398176,128
BLS12-377,multi_pairing,16,7,8,parallel,11243193,128
BLS12-377,multi_pairing,16,8,8,parallel,10584838,128
BLS12-377,multi_pairing,16,9,8,parallel,10960926,128
BLS12-377,multi_pairing,32,0,8,parallel,14178025,256
BLS12-377,multi_pairing,32,1,8,parallel,15251325,256
BLS12-377,multi_pairing,32,2,8,parallel,18695832,256
BLS12-377,multi_pairing,32,3,8,parallel,20499037,256
BLS12-377,multi_pairing,32,4,8,parallel,16253200,256
BLS12-377,multi_pairing,32,5,8,parallel,15665972,256
BLS12-377,multi_pairing,32,6,8,parallel,19757742,256
BLS12-377,multi_pairing,32,7,8,parallel,14645122,256
BLS12-377,multi_pairing,32,8,8,parallel,18601961,256
BLS12-377,multi_pairing,32,9,8,parallel,19358428,256
BLS12-377,multi_pairing,64,0,8,parallel,31592227,512
BLS12-377,multi_pairing,64,1,8,parallel,34317695,512
BLS12-377,multi_pairing,64,2,8,parallel,32480625,512
BLS12-377,multi_pairing,64,3,8,parallel,28241296,512
BLS12-377,multi_pairing,64,4,8,parallel,31818338,512
BLS12-377,multi_pairing,64,5,8,parallel,37963592,512
BLS12-377,multi_pairing,64,6,8,parallel,39822793,512
BLS12-377,multi_pairing,64,7,8,parallel,37882876,512
BLS12-377,multi_pairing,64,8,8,parallel,40602313,512
BLS12-377,multi_pairing,64,9,8,parallel,36444605,512
BLS12-381,multi_pairing,2,0,8,parallel,2502722,16
BLS12-381,multi_pairing,2,1,8,parallel,2432758,16
BLS12-381,multi_pairing,2,2,8,parallel,2237255,16
BLS12-381,multi_pairing,2,3,8,parallel,2777504,16
BLS12-381,multi_pairing,2,4,8,parallel,2750905,16
BLS12-381,multi_pairing,2,5,8,parallel,2159578,16
BLS12-381,multi_pairing,2,6,8,parallel,1993960,16
BLS12-381,multi_pairing,2,7,8,parallel,2506156,16
BLS12-381,multi_pairing,2,8,8,parallel,2088146,16
BLS12-381,multi_pairing,2,9,8,parallel,2010733,16
BLS12-381,multi_pairing,4,0,8,parallel,2737204,32
BLS12-381,multi_pairing,4,1,8,parallel,3648450,32
BLS12-381,multi_pairing,4,2,8,parallel,2747217,32
BLS12-381,multi_pairing,4,3,8,parallel,3282790,32
BLS12-381,multi_pairing,4,4,8,parallel,2643540,32
BLS12-381,multi_pairing,4,5,8,parallel,2753734,32
BLS12-381,multi_pairing,4,6,8,parallel,2763082,32
BLS12-381,multi_pairing,4,7,8,parallel,2766579,32
BLS12-381,multi_pairing,4,8,8,parallel,3385541,32
BLS12-381,multi_pairing,4,9,8,parallel,2894937,32
BLS12-381,multi_pairing,8,0,8,parallel,3920686,64
BLS12-381,multi_pairing,8,1,8,parallel,4929769,64
BLS12-381,multi_pairing,8,2,8,parallel,3967569,64
BLS12-381,multi_pairing,8,3,8,parallel,5033192,64
BLS12-381,multi_pairing,8,4,8,parallel,5413019,64
BLS12-381,multi_pairing,8,5,8,parallel,5558541,64
BLS12-381,multi_pairing,8,6,8,parallel,5261127,64
BLS12-381,multi_pairing,8,7,8,parallel,4098419,64
BLS12-381,multi_pairing,8,8,8,parallel,5575300,64
BLS12-381,multi_pairing,8,9,8,parallel,4882567,64
BLS12-381,multi_pairing,16,0,8,parallel,6632574,128
BLS12-381,multi_pairing,16,1,8,parallel,10116359,128
BLS12-381,multi_pairing,16,2,8,parallel,8299893,128
BLS12-381,multi_pairing,16,3,8,parallel,9391944,128
BLS12-381,multi_pairing,16,4,8,parallel,9927826,128
BLS12-381,multi_pairing,16,5,8,parallel,10048642,128
BLS12-381,multi_pairing,16,6,8,parallel,9941769,128
BLS12-381,multi_pairing,16,7,8,parallel,9932164,128
BLS12-381,multi_pairing,16,8,8,parallel,9850327,128
BLS12-381,multi_pairing,16,9,8,parallel,7041774,128
BLS12-381,multi_pairing,32,0,8,parallel,13191945,256
BLS12-381,multi_pairing,32,1,8,parallel,18852756,256
BLS12-381,multi_pairing,32,2,8,parallel,15911212,256
BLS12-381,multi_pairing,32,3,8,parallel,16762444,256
BLS12-381,multi_pairing,32,4,8,parallel,16959083,256
BLS12-381,multi_pairing,32,5,8,parallel,17004025,256
BLS12-381,multi_pairing,32,6,8,parallel,12998230,256
BLS12-381,multi_pairing,32,7,8,parallel,17082120,256
BLS12-381,multi_pairing,32,8,8,parallel,18270442,256
BLS12-381,multi_pairing,32,9,8,parallel,12398474,256
BLS12-381,multi_pairing,64,0,8,parallel,35423805,512
BLS12-381,multi_pairing,64,1,8,parallel,29639022,512
BLS12-381,multi_pairing,64,2,8,parallel,33025608,512
BLS12-381,multi_pairing,64,3,8,parallel,28005181,512
BLS12-381,multi_pairing,64,4,8,parallel,33365281,512
BLS12-381,multi_pairing,64,5,8,parallel,33103945,512
BLS12-381,multi_pairing,64,6,8,parallel,31042022,512
BLS12-381,multi_pairing,64,7,8,parallel,27843560,512
BLS12-381,multi_pairing,64,8,8,parallel,25524402,512
BLS12-381,multi_pairing,64,9,8,parallel,33666089,512
BW6-761,multi_pairing,2,0,8,parallel,7593777,16
BW6-761,multi_pairing,2,1,8,parallel,5645216,16
BW6-761,multi_pairing,2,2,8,parallel,5535095,16
BW6-761,multi_pairing,2,3,8,parallel,7884176,16
BW6-761,multi_pairing,2,4,8,parallel,7875251,16
BW6-761,multi_pairing,2,5,8,parallel,5901239,16
BW6-761,multi_pairing,2,6,8,parallel,6113763,16
BW6-761,multi_pairing,2,7,8,parallel,8924626,16
BW6-761,multi_pairing,2,8,8,parallel,5485223,16
BW6-761,multi_pairing,2,9,8,parallel,6153957,16
BW6-761,multi_pairing,4,0,8,parallel,10556535,32
BW6-761,multi_pairing,4,1,8,parallel,8219224,32
BW6-761,multi_pairing,4,2,8,parallel,11259468,32
BW6-761,multi_pairing,4,3,8,parallel,12781088,32
BW6-761,multi_pairing,4,4,8,parallel,9062501,32
BW6-761,multi_pairing,4,5,8,parallel,9372797,32
BW6-761,multi_pairing,4,6,8,parallel,13056879,32
BW6-761,multi_pairing,4,7,8,parallel,8540289,32
BW6-761,multi_pairing,4,8,8,parallel,12411213,32
BW6-761,multi_pairing,4,9,8,parallel,12811222,32
BW6-761,multi_pairing,8,0,8,parallel,14233855,64
BW6-761,multi_pairing,8,1,8,parallel,20144869,64
BW6-761,multi_pairing,8,2,8,parallel,19555071,64
BW6-761,multi_pairing,8,3,8,parallel,17124980,64
BW6-761,multi_pairing,8,4,8,parallel,18939938,64
BW6-761,multi_pairing,8,5,8,parallel,19957905,64
BW6-761,multi_pairing,8,6,8,parallel,20359728,64
BW6-761,multi_pairing,8,7,8,parallel,21803286,64
BW6-761,multi_pairing,8,8,8,parallel,19498193,64
BW6-761,multi_pairing,8,9,8,parallel,19847613,64
BW6-761,multi_pairing,16,0,8,parallel,31657469,128
BW6-761,multi_pairing,16,1,8,parallel,29067486,128
BW6-761,multi_pairing,16,2,8,parallel,34415217,128
BW6-761,multi_pairing,16,3,8,parallel,29527308,128
BW6-761,multi_pairing,16,4,8,parallel,35878052,128
BW6-761,multi_pairing,16,5,8,parallel,30575021,128
BW6-761,multi_pairing,16,6,8,parallel,28853497,128
BW6-761,multi_pairing,16,7,8,parallel,35770179,128
BW6-761,multi_pairing,16,8,8,parallel,28122007,128
BW6-761,multi_pairing,16,9,8,parallel,37394277,128
BW6-761,multi_pairing,32,0,8,parallel,77174845,256
BW6-761,multi_pairing,32,1,8,parallel,74497634,256
BW6-761,multi_pairing,32,2,8,parallel,65103537,256
BW6-761,multi_pairing,32,3,8,parallel,59248445,256
BW6-761,multi_pairing,32,4,8,parallel,63685181,256
BW6-761,multi_pairing,32,5,8,parallel,68217697,256
BW6-761,multi_pairing,32,6,8,parallel,58944063,256
BW6-761,multi_pairing,32,7,8,parallel,62864814,256
BW6-761,multi_pairing,32,8,8,parallel,65224617,256
BW6-761,multi_pairing,32,9,8,parallel,55277806,256
BW6-761,multi_pairing,64,0,8,parallel,123784517,512
BW6-761,multi_pairing,64,1,8,parallel,116759039,512
BW6-761,multi_pairing,64,2,8,parallel,129348165,512
BW6-761,multi_pairing,64,3,8,parallel,115888484,512
BW6-761,multi_pairing,64,4,8,parallel,122814296,512
BW6-761,multi_pairing,64,5,8,parallel,120262709,512
BW6-761,multi_pairing,64,6,8,parallel,121666870,512
BW6-761,multi_pairing,64,7,8,parallel,125229842,512
BW6-761,multi_pairing,64,8,8,parallel,118360364,512
BW6-761,multi_pairing,64,9,8,parallel,130516439,512
